f0,f1,g0,g1,g2,g3,g4,g5,g6,g7,g8,g9,g10,g11,g12,g13,g14,g15,g16,g17,g18,g19,g20,g21,g22,g23,g24,g25,g26,g27,g28,g29,g30,g31,g32,g33,g34,g35,g36,g37,g38,g39,g40,g41,g42,g43,g44,g45,g46,g47,g48,g49,g50,g51,g52,g53,g54,g55,g56,g57,g58,g59,g60,g61,g62,g63,g64,g65,g66,g67,g68,g69,g70,g71,g72,g73,g74,g75,g76,g77,g78,g79,g80,g81,g82,g83,g84,g85,g86,g87,g88,g89,g90,g91,g92,g93,g94,g95,g96,g97,g98,g99,g100,g101,g102,g103,g104,g105,g106,g107,g108,g109,g110,g111,g112,g113,g114,g115,g116,g117,g118,g119,g120,g121,g122,g123,g124,g125,g126,g127,g128,g129,g130,g131,g132,g133,g134,g135,g136,g137,g138,g139,g140,g141,g142,g143,g144,g145,g146,g147,g148,g149,g150,g151,g152,g153,g154,g155,g156,g157,g158,g159,g160,g161,g162,g163,g164,g165,g166,g167,g168,g169,g170,g171,g172,g173,g174,g175,g176,g177,g178,g179,g180,g181,g182,g183,g184,g185,g186,g187,g188,g189,g190,g191,g192,g193,g194,g195,g196,g197,g198,g199,g200
100,-21400,2.017357063714567,999.99999954198097,221.59055929144409,693.2900452222641,72.396098303232094,220.5829322919096,105.90181835294413,550.88923499552072,347.57625419901865,373.27116371131478,616.85370488013439,383.96345041601825,81.533481683693068,45.719939382475026,693.92689872918641,110.08178385250815,503.96683621284626,707.89340273004109,72.609811368467689,296.13696562514838,510.02685615906267,308.10697983418135,872.63465887015343,600.03214790763047,267.79081303933611,808.54114249175973,903.42882015367206,439.05262902418656,974.79136887881464,817.1858119948331,981.41511706163953,256.70053213510067,30.620067508678098,71.139544725310827,319.63483398408249,810.78107854635948,487.88213731067572,590.2118587833445,413.14906089652379,426.14845499453617,536.91161779032416,514.28506172372113,684.43330709119493,662.79164661879111,369.12185221942502,598.20985867306604,286.06687009346319,205.58412703034489,95.756940082696602,174.29074455273059,198.00659900162563,29.200275855905094,237.26254351659205,196.45171227990784,630.23363318860163,644.37869733119533,351.52252168721782,199.02129290414169,50.946488638499652,558.35274840942293,273.81207389407194,138.10727524610448,928.56329639140495,53.079976752500968,478.83742904478459,56.131966133420399,922.46304214116594,914.79783517131295,516.94432922634383,771.23167142220495,138.23739822601601,739.23493272026315,632.4253070487099,458.90240116184549,813.71093556356584,573.2755666866401,260.24768704694804,781.90323217245646,298.21395927166077,776.19118810436305,90.663449806246589,801.65578080351111,420.88254704939021,770.84620496631953,187.69236474827224,693.9718355980649,677.484081484581,374.71111723688068,827.44887245984171,480.38556534955825,824.27309765501923,447.3543334572056,740.96063583275736,15.221006418606693,787.58363258395661,664.81954787993925,103.98810440193954,724.06214052846917,586.70671388608196,229.73558458730923,33.135577868733016,-10.059097906198303,-23.805859439507618,29.625713244622347,-69.985410215691545,41.656579562540593,-57.679528332905967,-7.970318873071129,53.765108610490536,32.672448319357628,-62.567656761605392,55.20178265927909,59.542853868862295,-42.447481885402617,22.179905810800676,-49.042483604266188,-61.525822221069063,-5.8028318404448314,64.498723908654497,68.773288076261125,-62.420241395361259,31.459234976587787,8.3264880350324937,-82.553735667054809,-31.112829619554233,33.737243833130748,-66.44883689136617,-62.127476645387866,-20.821236002198148,35.540740874221143,-17.445599802845006,-2.9795535880048742,52.07087310238532,74.998966491392508,53.938688580764243,9.4507363323688658,17.407266907654986,29.22092539991673,81.122495682366988,82.493705321392596,-58.138319022703058,-54.678078839710253,2.9096305410380783,10.198211007369233,83.322595349929415,-27.167544356872341,-54.486518576052759,-12.028037946270036,25.644394531256189,-16.809634430614334,17.143531507567058,-6.6852278430159373,57.661489334248159,-6.1248658518866153,28.426970715891049,-3.4599845204568078,16.562795377305257,-11.067178530846213,-11.517060520054908,53.703235850425337,-78.648579830308236,-8.2644662772953481,-80.605102132720333,-49.378748580032564,38.353088865246583,-70.931590246370831,-72.082372753654113,40.893517900559758,38.235529708617143,-68.582659343261213,0.69719467693505299,46.610794352680912,-33.180188891050527,65.17926767065461,-81.932386861199333,4.8390210534660127,-9.6878224735416989,-36.783231797687911,18.699483850278263,81.463654779114222,13.704572834320098,31.66182420007717,23.112134415088924,-35.262786559781638,48.089391125931442,37.437917086017229,-35.193403334630865,-45.598169029164929,65.953547739384931,-28.505324341546089,-70.418705258655493,-7.025937096908744,-64.539716161680232,77.931821569688736,49.570673729345749,82.751032515962095,-80.864702931095891,30.716751856395277,-8.4331315516005532,-30.485817897575366,51.032243986887465
100,-21400,2.0174044109036364,999.99904739514295,219.10631238559995,680.67775712036052,72.43039889402705,219.74159221618748,105.71693248099334,561.50401478100105,380.0643132161718,373.22304915788771,605.03615477023948,547.88756342804777,79.592794834627284,46.066604276808185,621.73710417476468,110.1221388973111,503.93765993456378,708.09256203781274,72.527075480581331,388.56122828108187,481.89761964462645,308.24264310454009,868.8590553270318,564.94744119690233,267.79028446659925,809.00958693826249,901.20583327049292,93.03575494620722,981.29967699009592,853.20221313500861,980.70531871863238,235.76243500630613,661.31878951372846,336.75913902572063,319.825568491068,833.45796285224196,477.08727196951537,865.05713928824639,391.67649773739345,426.17414784475528,673.07648338701154,523.06356770825414,683.55933904081337,634.22665555780316,334.63452234968082,598.1949972219229,270.02910059472305,209.69193972974276,95.39153601896875,180.42585934389962,201.38325291732366,50.85113253241699,237.26404968855849,193.27102586078763,651.78015764728787,644.08502908971718,351.56257095064944,204.00855162771495,51.107159134321513,854.27420824539308,269.03193759458145,484.58003533423408,108.89794159590042,55.688742383593919,465.5148524908542,35.676933003488756,824.69482957723085,897.1012932515157,517.3102708930171,799.66614131743688,138.41628521518763,739.04359543601879,638.00524158063843,456.51894749057118,813.5364324733772,511.75156666575043,254.61085242879943,850.20487930560114,310.67134383248094,740.91364349367359,91.112267520625522,799.16560193421492,410.74563846669173,770.18137713846875,187.61141996019103,707.28712278576336,677.03289446139354,374.92809305706663,828.09043345406928,481.55548905075796,826.18541433031555,450.10127791168367,740.29599551061062,39.574479126208814,781.46756722887392,671.53330798257514,468.80865746108816,710.34088757177176,580.23464007226539,240.65168680665789,33.556993391140146,-10.054049297782825,-23.932391324999294,33.487569400767043,-34.635829992263126,41.651823558915247,-54.644272721682754,-6.6628829567540748,53.231493653970517,33.746533971344789,-62.563043538392932,51.751409738250821,58.995396375187546,-42.547774975886284,22.350546370238135,-49.70000385553886,-61.530342645140685,-5.791705430771569,67.838836595464855,-25.582040441523748,-62.283024144263628,25.910887987016515,15.116105018747575,-82.62558133394019,-31.197687967398,28.642497905284703,-70.152754602868825,-63.042862572539903,-21.77119823769327,35.462283656196838,-18.293252051907203,-2.9765497181888483,50.27964466696055,74.997746326691498,50.143029813796382,13.69480896537122,15.37808467580733,50.255674306946801,81.091392921651916,82.530300956949631,-62.015929257626361,-54.173301533233591,3.864202825293809,10.055645666192166,83.188646323801336,-28.199738724428318,-70.672160429813545,-10.597074375856403,24.09950479839836,-77.529168098664854,17.471747049258006,22.605471559361533,57.552597009751743,-3.2356010659821925,28.292462557486871,16.760103820637205,21.533515415628081,76.910713690010169,-9.394260996127997,51.260380541453515,-78.361895987259629,-7.7760072340257764,46.056152420120682,-49.377980163174271,38.335118560804311,50.592928892189107,-72.125269514876024,41.263099512110827,39.508614946952939,-68.582688363000742,-59.781788336050504,45.667363276036376,17.541323049799637,65.324380614425763,-81.897118349631171,4.8473977663531151,-8.7099921777556908,-35.586751780267278,-3.8843327213835401,81.462837719194397,14.577837189550261,-13.568064602221737,76.752867375819022,-35.38872224668031,-34.700331619466937,37.466862254981805,-28.277583916282616,-25.546346838601181,72.992565659153016,-26.240449226926991,-70.402997324668561,-7.0202169762443942,-65.156937453177989,76.104765895568462,51.425143542783005,82.768670828123916,-81.085487383322118,37.500428352633335,-7.3277326677900501,-30.426793073805268,49.685317308581475
67900,-70000,2.0222951183609501,20.715969771359255,14.141033737661473,314.08963364949398,67.59571884775815,121.03397379452929,136.57648971781603,750.02344724520322,29.707567237619216,373.59712777592961,616.34280150975064,162.07361114774142,143.63342720097774,109.47064470898758,213.37174398178428,83.46891161420443,604.91453807725009,706.11010247095248,73.361678581346908,389.41290352521656,860.6532525606508,294.90891992867751,909.76816148662283,532.51306791437457,262.53032528274662,871.17964435865406,954.91644782113974,58.375959703061369,789.09605412006704,821.07996712132046,947.87466979329099,272.36126383220142,761.74465856400775,895.03528393782415,343.05847309757223,834.69801949706562,601.46264108622859,922.62394171212361,470.00288738979651,432.07254592580313,509.35706907856547,533.80553289151396,707.72574954773631,635.66546272274309,371.24329228603739,598.63499599240652,272.19037214546483,109.2917096105553,309.03155063897691,172.46163592094248,557.38768080061368,48.326096666475649,206.4756904497238,193.24998825166546,652.54086912065463,627.37432352117298,339.06010811973692,220.38402006949286,202.42465097780084,901.85595131837272,274.59915202468443,437.23670487302752,966.40784445881638,182.50074513118909,255.99008674532988,796.72276806651337,816.86569371772816,916.40313747269556,542.79132743052344,630.66822186602258,139.32277941633163,725.74132455462325,633.93734979613725,469.66326279602055,784.578244898599,173.96637197554907,303.98637281036099,860.22044593984606,287.82059043550754,646.99731090743046,594.71515749357434,799.77358686888749,415.64572421639076,177.49521335880607,188.71606930831149,722.33261904313417,683.12620322864007,375.83334592147145,138.70357204311455,456.63686260102764,881.9982764688483,487.04024996663696,742.81337033183365,14.846603307605861,684.19079610480992,669.74824235266306,452.65999000553586,821.21398203411047,587.91778989390775,188.58296586307577,37.606769984404437,-31.36912256528359,-30.998970176151051,-40.668578093599592,-35.034299327695138,42.121577794147299,-63.24705169155245,11.987411328815526,56.458233271982671,27.823111491947945,-81.500875298005852,66.648245919934922,12.767498033002113,-44.070175594644475,21.46295059912153,-50.266143726484671,-0.54769366294071986,-12.499228104783608,67.89530065126651,-25.508626595955903,-74.891738365383119,53.538816394164002,-59.393970888571062,-84.869201133129465,-23.175678731472885,30.829098560050333,-74.508315035489389,31.941032924478556,-29.611126919759275,19.026511800793376,-9.2295334600679233,-2.413146327816813,54.070495540841677,75.016861133732206,37.390146316419255,-69.651442112540224,16.809207919284191,23.514315724276297,80.769419569751179,84.225980922586558,-58.931555315682751,47.604333464322785,41.965892574821709,4.0835851268373551,77.307778720652379,-26.188796408636993,-55.903488282028071,-12.187217590097253,22.864982414551893,-71.651915128352528,16.89098816863023,27.593060342227055,60.57644101627416,35.067634919012356,33.951436604024153,11.394394737265676,16.754356434106018,77.386307679961348,32.662246874979928,57.519732150085829,-71.345035840149023,47.922936952577523,-37.312225820707489,-44.626588838864414,6.9891474540759315,54.74795506890586,-74.948324109343204,39.826564020868325,-14.159270097081777,-68.610803273863453,-57.713755789736709,66.263028741659895,25.618824497873817,76.762514594413759,-84.128435687459785,4.6252682516699242,-9.957312528810851,-34.179008307370268,-7.821496629576254,81.883540501326422,9.7615663107757182,26.880251949061524,23.866088290304802,-37.56505227534538,-45.792463719551684,37.163276101906121,-36.01598088143804,-25.802594829313648,66.315111474557455,-28.116547939620595,-78.906999869228187,-7.4151866014563996,-62.170008144369284,76.405333415040133,51.360918383126304,84.522161061036073,-81.109692206169171,34.357735324330257,-12.01465587966063,25.161430688339856,-75.349622766565489
67900,-70000,2.0222951183609501,20.715969771359255,14.141033737661473,314.08963364949398,67.59571884775815,121.03397379452929,136.57648971781603,750.02344724520322,29.707567237619216,373.59712777592961,616.34280150975064,162.07361114774142,143.63342720097774,109.47064470898758,213.37174398178428,83.46891161420443,604.91453807725009,706.11010247095248,73.361678581346908,389.41290352521656,860.6532525606508,294.90891992867751,909.76816148662283,532.51306791437457,262.53032528274662,871.17964435865406,954.91644782113974,58.375959703061369,789.09605412006704,821.07996712132046,947.87466979329099,272.36126383220142,761.74465856400775,895.03528393782415,343.05847309757223,834.69801949706562,601.46264108622859,922.62394171212361,470.00288738979651,432.07254592580313,509.35706907856547,533.80553289151396,707.72574954773631,635.66546272274309,371.24329228603739,598.63499599240652,272.19037214546483,109.2917096105553,309.03155063897691,172.46163592094248,557.38768080061368,48.326096666475649,206.4756904497238,193.24998825166546,652.54086912065463,627.37432352117298,339.06010811973692,220.38402006949286,202.42465097780084,901.85595131837272,274.59915202468443,437.23670487302752,966.40784445881638,182.50074513118909,255.99008674532988,796.72276806651337,816.86569371772816,916.40313747269556,542.79132743052344,630.66822186602258,139.32277941633163,725.74132455462325,633.93734979613725,469.66326279602055,784.578244898599,173.96637197554907,303.98637281036099,860.22044593984606,287.82059043550754,646.99731090743046,594.71515749357434,799.77358686888749,415.64572421639076,177.49521335880607,188.71606930831149,722.33261904313417,683.12620322864007,375.83334592147145,138.70357204311455,456.63686260102764,881.9982764688483,487.04024996663696,742.81337033183365,14.846603307605861,684.19079610480992,669.74824235266306,452.65999000553586,821.21398203411047,587.91778989390775,188.58296586307577,37.606769984404437,-31.36912256528359,-30.998970176151051,-40.668578093599592,-35.034299327695138,42.121577794147299,-63.24705169155245,11.987411328815526,56.458233271982671,27.823111491947945,-81.500875298005852,66.648245919934922,12.767498033002113,-44.070175594644475,21.46295059912153,-50.266143726484671,-0.54769366294071986,-12.499228104783608,67.89530065126651,-25.508626595955903,-74.891738365383119,53.538816394164002,-59.393970888571062,-84.869201133129465,-23.175678731472885,30.829098560050333,-74.508315035489389,31.941032924478556,-29.611126919759275,19.026511800793376,-9.2295334600679233,-2.413146327816813,54.070495540841677,75.016861133732206,37.390146316419255,-69.651442112540224,16.809207919284191,23.514315724276297,80.769419569751179,84.225980922586558,-58.931555315682751,47.604333464322785,41.965892574821709,4.0835851268373551,77.307778720652379,-26.188796408636993,-55.903488282028071,-12.187217590097253,22.864982414551893,-71.651915128352528,16.89098816863023,27.593060342227055,60.57644101627416,35.067634919012356,33.951436604024153,11.394394737265676,16.754356434106018,77.386307679961348,32.662246874979928,57.519732150085829,-71.345035840149023,47.922936952577523,-37.312225820707489,-44.626588838864414,6.9891474540759315,54.74795506890586,-74.948324109343204,39.826564020868325,-14.159270097081777,-68.610803273863453,-57.713755789736709,66.263028741659895,25.618824497873817,76.762514594413759,-84.128435687459785,4.6252682516699242,-9.957312528810851,-34.179008307370268,-7.821496629576254,81.883540501326422,9.7615663107757182,26.880251949061524,23.866088290304802,-37.56505227534538,-45.792463719551684,37.163276101906121,-36.01598088143804,-25.802594829313648,66.315111474557455,-28.116547939620595,-78.906999869228187,-7.4151866014563996,-62.170008144369284,76.405333415040133,51.360918383126304,84.522161061036073,-81.109692206169171,34.357735324330257,-12.01465587966063,25.161430688339856,-75.349622766565489
13900,-63800,2.0225653090760742,977.74173516758412,21.093534395751234,304.31087135483784,37.52582430757294,198.01050470439924,108.01216156635024,164.13129390569031,15.551124794978655,374.0976612195123,602.52170667078269,376.09689562794784,97.355782079496066,47.088583516281176,604.82005676279482,105.10452573430646,611.93022862269322,488.24809425539718,91.540205342536993,389.25799854563627,859.09831062369244,545.51484124571687,908.57280953956229,215.32323380210872,266.67900593082794,870.19431516982002,85.25062438676197,442.6412063011843,58.290953366345093,691.67788561584098,248.33924198952769,695.99487162422463,685.06006201162063,946.58076815662798,289.27230931301426,816.44188103544013,603.54988776078949,913.39202980529944,937.33312146615651,422.37033790008513,528.06664513138946,810.85703153045131,668.66490490673368,629.2451545777534,389.08380874253248,597.66422856951988,272.27206810724721,194.48058323092016,333.08663053116277,170.72266988642474,570.21572801962293,45.399799869929993,833.2803909466071,190.61572950859571,657.34062522245972,884.03697142671604,348.22341155615055,210.20660784653961,949.73396941257181,875.5556720075565,274.48731038974063,772.17149649181556,3.0928829380912695,626.73970188804378,293.31880641281316,138.85454020068545,821.96444540535288,833.93860628684445,488.18695638369348,768.62097682216051,138.41937799541762,750.65251147929553,633.28441079988102,460.72778563583893,828.0226433982474,553.53851520578473,280.38748643464317,799.10846488570189,290.29759959827982,642.14434591974873,579.95461543053716,796.68996541831427,43.08838063049356,41.470974755716298,189.00628025708878,740.34783051011027,667.70171138464082,384.75073988412896,132.57194826009996,455.81428217315624,887.06659549280369,486.4162226885,781.34250227278767,755.47876649217881,792.16019809030797,663.58796206680222,448.15052037298119,723.61818509190277,579.21763351505479,192.89533233839134,52.08058290866208,-31.401206248903335,-34.655153302281676,-37.632718860662031,-34.096444466913383,49.822812911849297,-74.359618304111208,-73.051464857934718,-5.0350768387531621,28.195217128017543,-76.702229660309015,-50.048580750585018,7.6021894732067636,-44.072315940768803,21.446456677065296,-50.390668895582387,-1.3966419887928154,32.354999347965332,64.764621247123713,-34.78428485038603,-1.4722936580085104,25.730343553411014,-45.708588819727922,-78.585605123608104,-55.395432934227131,29.105847291338044,-69.952831401721866,39.82007709194859,29.947704755253348,19.188734082354898,-17.670410004963269,-2.210946302129245,58.987345332121386,76.641313830301641,52.355443211116111,-77.224786515106331,16.819918737081185,28.239330745567191,80.681541129549899,84.276958927128575,-58.616135766158976,53.219823211772109,44.307047237697795,5.1931962977298776,-17.645376985109387,-48.791792594629172,-76.447976600943434,-21.76582504917911,27.781071277891762,-15.357382931223963,16.787792912446324,-6.6248287474909819,60.91679585142959,34.101710963799121,10.103087748614819,-0.52355113589815239,16.500061156956104,74.766113805063995,55.571697093044747,52.409291170318937,60.767172373846314,60.275299054488663,-36.747481853996796,-49.911618785055744,5.1282364022179046,-82.794052428615032,-66.646878975617923,41.866208110761569,36.170526036685359,-68.619715260884888,-1.1434446040904287,46.030118863967751,25.782329347962033,71.262514965985105,-81.991791859541323,5.2781207154676757,-8.2735792202686138,-53.086008891018338,17.427194384012608,81.213921931402467,34.46959112994378,29.897809609149693,28.510978690765,-2.9126253999490612,-51.888223585391557,40.850293541598035,-35.904858279287652,-44.405922618369445,71.559268878909322,-30.623164852492359,-69.07103359908271,-4.300874940449539,-69.914617415706431,33.739359288540783,51.282511914508625,76.050153281921538,-82.449968766082748,37.541384132953354,-12.147173852714358,-23.919321795334223,50.375318097421157
300,-27900,2.0174269722574607,1000,216.38072184408026,684.74486669682699,72.59956224722562,153.21436235913831,133.42921968575388,244.93715088044877,125.2249777923289,465.09312411184243,602.62173638956563,158.0424741952026,252.31389169725952,45.187712512551755,681.66185222365027,101.98599746991626,507.62099971326148,707.84438274556442,491.60227025207564,422.9946107285628,496.02993783244665,513.13203233615548,919.18712195070157,555.51347029624856,262.2166669096643,845.3713256399858,886.06886471354846,128.23083155753599,841.13315804724039,694.70836026741381,131.70039464102939,263.09362224542747,31.181514148044755,928.66954580054016,396.38697539017409,811.6998981896262,552.63186146426801,455.01361472702092,975.48570263061026,424.97272129888722,468.09333693394092,487.94814757083537,673.59796059210373,635.51343346071735,343.173665203788,598.41107982988365,276.84349648055149,165.94881338442994,114.48083656959932,174.32265076330569,196.69275484811925,84.517899419253695,771.04068956947106,202.98536227182137,656.30486030074906,651.37061976449502,351.59816076990046,211.26129917100508,874.07957207703157,522.21155171612804,274.2207625386398,454.83164413887948,911.52474253165428,55.582348848987955,481.43572742856719,799.67246508402593,515.13640891077182,880.48734115620903,517.25797899328154,637.95327353761706,138.09635267904812,836.91507442618615,632.14860241213421,484.50542715581417,825.11301826293845,140.93595970973774,275.2418851265441,855.91940050551477,302.55041865717294,744.29161966021377,612.31498243738122,801.80739379084719,297.05383575525923,767.18425371546061,185.78502942706544,664.16691012583749,678.84085443532319,423.25760219763572,779.92378256999984,455.85796696571663,824.82597489770546,457.61077769390096,720.27109372092411,46.382608583610974,720.33958028599773,664.82171205471013,408.35126633733188,722.62961793537761,565.63764263667804,236.77710591470614,190.41336069421726,-12.948018357250659,-27.334549064920655,-43.422465585052741,-34.911899831183987,40.461949745917792,21.772724969572039,-74.490243474482327,55.52602803834742,27.395074239917395,-68.824743638446165,64.928215921128611,12.131133045909923,-42.106980979101635,18.361232201109711,-51.682411423861787,-61.636861292722486,-5.1912902497807654,67.571683159590293,72.355016710860127,-62.175875120700042,27.092579425416147,-41.064442245539915,-82.487263328031375,-55.939801691840707,27.626548278613274,-74.181043101383878,-61.0063679976152,-21.470065723309638,40.60747863543677,-17.5852269699526,-2.7705460564596831,-7.5283365126036017,77.049451283779746,53.88698776146331,8.4474102237741384,-19.039935035679388,28.795285415566685,83.827105279039401,84.829616743689371,-61.937611638800938,-64.97537284427284,1.2108999854151854,10.048829743415981,83.319814768978119,-48.656075118199759,-56.671712207033032,64.82600407847373,23.730368520366046,-15.639954124441317,17.537178028908674,-6.5809390605185056,57.772986220338929,33.429333734130118,30.897588632605579,-3.7949908152799612,20.926163636361444,81.188006880023195,66.485596885071715,53.716897705575803,44.164755983160894,54.583962192510221,48.780478940567832,-52.899346836815724,36.766280759949943,-74.671592734965003,-73.790076000876411,46.554084395438863,-14.04667281651235,-68.600436636270274,0.69825628249707761,65.440562225460468,-43.845316066401502,68.498580242480188,-81.97182478787812,1.3162675649434061,-8.6869327942308097,-50.860414120629919,16.239558395344709,81.937725462194393,5.8139829215790453,30.155800044109924,28.638040183888243,-2.5347147682196192,52.773270824313528,39.602442627304953,-39.161176706826154,-43.282526590835019,64.300924308337571,-28.565738868518352,-64.299898351815003,-7.1689700743678912,-61.430704350773603,28.467412751268725,53.185273020407543,-46.431850808786272,-80.834996296113445,71.838505648777527,-6.7263946841658822,30.65531728824357,51.154287903457202
5700,-60900,2.0217357807581209,1000,222.23920254832697,679.34826065849734,65.665365898570101,233.82530932918337,155.67609038928401,754.08480227348628,96.045814240399778,469.37082310516155,604.84229842453055,367.11428203064372,65.730822175596174,5.7733120126693152,694.59210329253744,113.51957136928473,529.95914766114061,695.69641922619257,92.134929827063104,389.10168009293875,851.48794185411361,376.08557273353279,868.67130427777738,567.83709189575336,262.36722603185666,872.69130242590586,954.9109946380554,460.43116577280387,69.936412629407045,682.76262053795472,107.12916426241679,669.45474275718334,741.76846136553002,911.86936291912275,309.27652239369269,832.81952579520316,546.76174242794991,363.04083567920014,398.43214265645543,447.6273347651678,668.43530645052897,881.45294440994871,698.43644318328211,636.30395620970364,349.58480446294601,598.28242039139138,270.44179218351502,228.38811183161903,32.79302351067463,164.80799344308011,190.19519085658936,2.0926964109238639,262.4529650733553,189.18582906795089,655.81725375769281,882.63298514688063,347.61898447912989,210.97389168658503,774.3389919159506,525.92440836813751,270.2552929389679,814.58837282199204,933.38335257532708,65.141874755124007,386.2526504987768,805.51013624272014,906.50845847949904,921.25310963999584,532.23119899024141,623.13691038243428,138.42680147881975,748.17756148882665,623.69300750963839,458.82663526705107,813.08807830013484,175.20255688971588,282.10371668154761,804.58473467964268,288.8128857596642,771.33924275662469,567.11319640565011,801.7151895100709,350.41485425746669,63.846072206692952,185.78302510193149,725.20091325881469,666.26373016873447,340.68053546437159,736.9679130851423,478.24637980824417,827.10903762474322,448.98589424100112,724.3196912123168,13.402921931023482,431.17714479590745,800.02781092601526,439.19500726785884,726.01829012774886,586.48412547445025,177.08487186952593,195.20396478365086,-29.148236704257901,-30.857221012730619,-43.537847095527333,-34.160381908001426,41.982114659023139,-70.840685464821817,-83.701500379819734,54.392217232948013,23.216028357008241,-62.436020748206182,56.531485605898517,11.744368655929659,-42.358326096174842,21.781723081119253,-48.49407020050878,-2.1672808417431781,-10.831250994725822,60.696938650834525,75.474350782885466,-65.581100438182915,59.54256004901049,6.4942345973468614,-82.799699172909158,-24.767870952118557,29.651901954274432,-70.766522290103708,-66.298867138702363,-24.371124446003957,29.954014235926394,-17.599656106879216,-3.5883719405492327,61.416817741494143,76.410786242780858,49.286982681878321,-77.093855585160384,14.411107436288919,28.667714020772074,81.114957117031494,84.85019628477842,-58.214530074900473,-53.900704548755989,53.807880659688614,10.133350175250122,75.252351586520945,-26.748134121116721,-76.891630313034142,-7.7332611681773411,25.413195655279825,-66.125828048365733,16.95784608173506,3.1199295349701921,57.662268975774786,35.095228938824036,29.672378999953324,11.741216016389499,16.891988006387781,69.545484559817282,28.913431391179081,51.120484632532836,-82.573154361488491,-24.336390132001199,-40.794425063982544,-44.184104224456362,37.927941832219929,52.486600058481038,-72.219740971106205,81.216219053096026,36.274171589244489,-68.572331075896116,-59.88065851343525,63.316903706755646,30.683685205648821,73.899166963715928,-84.061643332483882,5.5438882693968203,-8.7271106788951887,-37.028238494228319,18.442932712727448,81.741368772422277,14.232718427524166,29.95698750361543,73.954272866276227,4.3818708614181396,-43.295847161604684,37.478341058062057,-29.572589988533927,-25.686392189435971,70.945648538075218,-5.0456705256107046,-70.222534838027755,-7.1521502197792621,-54.027028948195415,75.871632304260785,49.622525603141625,84.993699354072731,-80.929243895748826,69.047265169554535,-24.207935368490091,-27.340681067549991,47.60161602767765
47000,-67600,2.0229849425811941,383.19001639596019,26.395771570860227,661.40179076215122,66.451732487325103,158.1439856616127,158.24534234330397,764.68111036757728,88.81232931098134,366.04238320930313,616.33676397807687,371.75475560544129,160.75315347739866,309.13187268277966,246.11832370924688,107.64803330801594,491.20483053584832,704.49618582393123,68.696813290936305,423.68273303837418,826.1975718675302,542.95071922343914,908.03937255794358,563.46615370061841,269.44042042430425,846.24718170325582,69.088544549902849,435.55282377227752,12.416361478966394,434.32881583784467,1000,267.40232103807068,840.42073925589432,937.87749698201389,350.77257334351509,831.99251178989948,545.79276602334767,874.41182115964523,469.14606459624122,420.01908658080413,674.65769525509302,505.13076914723086,682.51584532077425,636.98116996569797,330.56228895574952,597.87991069532723,271.97613956336033,209.7045741790929,107.58179055987699,166.23731770151647,545.31862596516225,71.584949617907398,806.52162787709744,196.39637380812468,656.88102249973531,633.60093627699314,349.59478274760954,183.81249442133674,64.332472679711913,547.35809221205886,274.24163586842423,443.32499924384513,30.811389666037432,697.29513178335606,461.19646986382946,772.48471857188133,910.3947333416902,863.85773323130343,544.98108644755678,628.78919311860182,75.248530587009384,836.03978275778286,636.58805818244844,467.85745500037308,825.07192883191442,193.06310812925818,274.05933180582815,804.6928479951622,646.54128855410363,739.38156097663898,127.00759542763151,799.08251076000806,24.991086245462725,272.51866265077126,186.22763976509279,726.25792443487819,682.72667867409245,387.42882944223379,804.1724063572243,454.81250930968054,824.16081162012267,457.54963104565513,724.75133183565345,3.81255972785236,714.84521780962825,635.78185506471596,455.85482814234985,710.91121793720004,587.03754462390623,192.42277043089555,62.107308664315923,-31.166012388127228,-29.289059548117365,-43.49825732944543,-35.192733625271487,40.386038927930755,-63.482634212303296,-73.030123453293768,52.911738183635244,29.53609207322399,15.383116604423012,60.038316804867982,15.122857776106027,-42.57044632409221,26.873118634343452,-51.560779506596212,-11.725418264005185,-10.826466774914898,67.638400211215043,71.251290005588345,-72.27935827413279,67.919288693304964,14.267465655088301,-78.565716272617195,-53.650759278920489,28.86754360603587,-69.88687127217888,-60.564262235482786,44.300180757167432,36.391178594005183,-17.002080576423968,0.228476234026456,57.317228871269215,75.089745314804475,56.472973063292827,-80.68057830520128,-7.7160758153524753,22.047937018242784,80.618235244011103,75.049148773028378,-58.648125908061871,-65.04423945217124,46.373384380601749,5.380623829715331,82.568015442068855,-22.020846063903114,-67.614629853540421,-9.4152887021750686,26.803024700078986,-22.774631815891979,14.61173023029686,-14.39898248553232,60.57101506689613,35.020861123250931,-76.43249182430597,16.196473521697445,16.645315117046859,66.277839566433229,56.278130610579964,51.681163145228105,72.697121029514477,71.159528507500966,-37.51681057883323,-46.508551257940596,5.874975774159509,-62.650069949966721,-72.067915146805177,51.111046211203359,-17.207067807421652,-68.563814876123502,-52.449720521339763,64.331719323645231,-43.256025693221986,74.08834576841339,-84.126305957525062,1.3267021394111271,-9.9163285912096342,-37.375127155921582,-7.408027995351838,81.842700553756401,38.5732381042734,29.953962596418634,22.132005277601625,-2.310235696045059,-48.527755177759566,39.610986173862543,-38.371898380168055,-27.485813843528511,67.287130123532549,-33.344303961648372,-61.742375727380001,-7.2659197241318578,-61.593635979764883,26.464698286725927,48.887784511179632,74.567843388992543,-80.321796326589123,36.802804124439554,-49.244123419301992,28.520297643959989,44.970685382274219
1500,-46300,2.0174850372159274,1000,190.80788178743222,753.97515433986769,72.513732759660343,188.22703826701542,103.43790669836092,753.5308482869782,44.261911150583472,368.27316687221418,604.92382858535564,375.59895157177863,153.40171657657984,295.47720954088402,571.15256674258569,324.31632891208818,531.31049241282096,521.67058819256295,92.383670452617594,388.33436335523101,859.08034672524138,318.60673713738333,923.34914647250764,569.24672740465917,267.84731582528116,846.23243966108805,853.5486403606003,417.651446912913,818.52809399322678,696.04295813788929,984.56406312972229,689.86458339916919,824.07857194958979,385.67891733529399,342.34850292893333,845.56529660254057,552.1853844505091,467.4025481878304,448.30269382943027,401.13941440215149,673.95662349737108,799.86798181143786,316.25469977686299,656.20372487459053,770.77393473449615,597.85337842766501,276.55092053735927,216.85059782155886,120.60485578418215,177.98981278347614,555.53548426695443,50.653208517380868,267.90434745415763,190.33385671583531,628.30524582212126,872.3573756539846,348.91743977485237,211.36109282275805,866.52635486437987,889.36318728308515,274.05773051080837,791.39101429055177,34.688417462311634,4.5811919528878136,459.8246468050217,52.794559079363864,815.74114815889141,522.06556389835373,490.79849697283686,645.84845354549248,138.53826362648982,750.31442804324354,629.11550670879546,453.872607260275,814.40277922224425,540.01539824446081,311.02142731169704,817.93829256310482,296.17520379756127,757.90874940062281,609.90831118934238,799.19072687827952,344.31185489035499,191.10276232278119,186.61040577223767,723.52262095391711,671.53475184631282,429.46711988947254,773.56361371993682,455.43055828873042,824.42837002167028,84.87536193057764,721.73640423336576,10.904145619499598,418.10953375762733,800.98754200346036,438.68139136415994,710.06962362163745,565.09123774539194,245.73612398002442,80.042246774230506,-21.332904463825891,-30.233674670102626,19.07298989730355,-33.809546260015466,40.40142936722485,5.1831691251500516,-70.626738187306842,50.307210549840178,33.73353133522162,-61.323691854943206,62.199057056770826,10.258942373596406,-43.161960893062158,21.749850560199203,-49.30760793260346,-12.487591209189929,-11.147733227633157,67.911200834373048,-35.129475698521105,-60.898844571144622,25.643603036669898,8.3837225582635604,-84.74901991572294,-25.535066126716593,28.833049520254914,-70.269489954350078,-9.9716714249282177,-22.891035865087414,46.72420384635015,-9.0456064541632273,-2.6176213691582655,-13.510560767379999,74.906163774149263,50.970726539322342,-15.937915202659482,-21.68020432532111,23.651237184098367,80.538396825510645,85,-55.187024983557222,-66.134358040120446,52.767070139102699,4.8626125673100695,-12.603212468439938,-47.601345327387435,-20.902309905247343,-12.643118275040031,24.799279274515751,-78.985909289272271,17.1347505485246,-2.8847187831717669,58.447080115709049,33.91356925256548,22.865541482497719,15.009702624168677,21.00746244814021,22.018583019808112,34.823117797378018,53.654696061469288,59.530601458833146,-14.703045669447143,-81.965271460751083,-49.821717502162727,38.80140819963173,-56.491661288744353,-69.883329265984713,-15.50883935883196,29.042155828226001,-70.575435256639068,7.2400296702486582,63.734165372819049,-74.460339677633243,73.416103299899333,-84.112861410702294,5.4817661063573189,-9.6999918600704262,-35.558315111817748,18.42310248792549,81.924502702259844,-0.87143644221905636,31.719767610213349,81.660746454074939,-3.8197666744757939,-43.801647652991733,37.429495101092243,-29.155990461143467,-46.980426045382735,72.27059328737586,-27.649536459742318,-66.657052169007258,-3.9934875168400246,-60.929247073345273,26.24999266811384,52.863748469361639,-55.070830599486882,-80.990304440359452,37.084873929693941,-47.812042440907916,33.165323748488902,-71.604236097634669
55800,-68500,2.0214864920879729,228.28312424546067,24.072049021055506,694.025514585461,73.993412264144624,121.99431715216113,102.25752559394239,762.02010355518246,15.65674543163788,365.83863647417519,602.83460788438526,357.17570675066145,311.61171806951137,311.35834082751273,324.15264807632724,113.3866909537584,524.38339707638795,489.68246503615109,92.098082469018792,388.87403023089252,858.68933528264313,553.63042245086967,907.43089981316689,563.42494286425119,269.48711294610899,869.42385310328541,74.455728904621481,455.64264752638434,803.4042548627458,436.18587211502188,940.45164226275256,661.20353243504167,156.9217141995656,863.17781853946917,295.36783453211899,838.3546878526696,196.56310417513919,853.20707432869176,475.86631253716303,429.59333103540376,675.81445834075907,799.2253046704061,307.49191694277442,635.24228988331038,371.22414085313437,597.89765494565734,260.37348884593894,215.37847117013868,107.43747741587482,166.20412453492793,564.8629768200235,70.464885154814453,247.13494968122177,189.4606933372576,656.78031588970111,656.26236001976781,349.6088189460948,208.19483288559022,37.114727081640524,890.9855380459345,269.17568075998093,774.00788499340183,104.51519016550009,684.47508314624838,461.82390527817211,793.18396760591338,907.09015648047045,971.61286414489655,546.00577185663656,622.42302695655349,138.26791203373062,747.55639265631237,638.86223917382358,454.02145762215343,814.55696514339388,174.87686464206558,271.13753131976449,860.97063795248107,628.38830697175069,755.52478621262981,13.0090714496217,799.18219074953277,342.49441596400698,264.36086177800394,186.49537063414903,723.42423052192532,667.66282213939735,386.70819669334554,103.81081613600321,456.79878103478137,826.28594140383029,461.87329695281494,721.36425031016029,7.2796586273615036,390.63621238752114,801.20128006756795,457.81363386471713,698.82198815255754,588.17196031207936,231.35646300011643,59.706390600963843,-30.999926047839867,-30.227577873507364,-30.473441152129269,-33.745045131587034,49.695916801577383,-59.711483712976211,-78.336630111089889,51.114073365181866,-23.203786263297189,16.396583428085574,60.334314979781311,63.761328238216315,-43.81251517125024,20.820784507038056,-49.576366762938946,1.4824435902822408,-12.449682190662514,67.922172782925912,-38.199928489431002,-65.589548220200925,23.970617021595537,12.322257578630701,-78.583506704843799,-24.27594494492347,29.022105960100063,-69.891962538145307,-61.841068539778362,43.551891224171399,46.777706311981007,-17.100069201273719,0.12730474702513461,-14.570167232489474,76.531029310190419,6.6935890446614614,-80.868796608716849,17.506481822502742,22.342970406437569,80.619680471928689,84.12220931790128,-58.166584028328487,-78.47424782445033,46.399034368050494,4.6957146747826366,-10.028070616436914,-24.065472639342168,-80.134967388547182,53.725224433463751,71.731823740419486,-79.699430445015707,17.131834272196148,4.7005206194048261,60.571350379985262,35.271981611450208,2.3697362379576248,15.352955413874575,16.760657730810475,73.145834338260514,33.202097191749644,53.464444867162477,-68.522718703057137,-15.205278937427209,-82.296647498950193,-46.264251577678181,6.4381703921730562,-57.284019340425893,-70.482006730232214,-14.206286788524654,39.910213840735736,-68.563865708121014,7.722799818570941,-16.960371316375372,17.084587835614293,73.057346977754534,-84.119883726245178,-14.603183157479055,-9.6416381228400105,-35.623132008916166,18.423083525761832,81.5700582008445,-1.3282250872526209,29.958025242834687,23.045868313941362,2.1610342973341332,45.276976897608407,40.887433267258409,-28.662582451713771,-27.467264629091868,67.52752205435786,-33.091496886314694,18.244937125834007,-4.4843631773954975,-62.199081847474979,26.791840008055466,52.865692599105991,74.864036742808523,-80.371972927461627,36.10299348468746,-23.490535871113707,28.42186251778417,-67.731814030547696
57400,-68600,2.0225070159290248,193.61619451750636,32.919912426881218,694.82430058973682,73.940375370834317,120.63621449436918,132.73021180257152,762.01892453514529,21.884524893707507,368.13926019268615,617.72842730731361,363.79138409091814,314.16426901219211,13.088671367649823,319.6512640299693,302.71001993508827,523.93260121899311,577.12866762282465,94.263293503470138,387.39215514417333,849.24166399989087,337.48662318515903,909.59731971504766,563.4417189510898,267.78105907107459,845.7569352066082,609.41678513215004,81.98747387137692,834.88324306135917,692.19134681967159,940.65719745597175,666.57471620387639,783.8493970273754,927.26212570264204,294.14393792543694,839.22801822559472,201.48365882844445,457.35909879886492,440.53481827216729,429.41495338763423,510.18314588882674,798.17773575535671,689.96868152475838,655.06312371948388,372.96959935199936,593.47070063811088,270.64387368792711,220.535704838372,101.57982152421485,164.95156925874488,79.406480293803838,43.014072059748571,210.06412615842589,200.71998713193267,626.30205192757376,655.06359127469011,348.83237225900211,208.4280732160563,54.981444423151949,846.03375496783246,268.57625768721988,502.90413527165163,81.143025750501181,13.496565786646897,477.31478797366975,792.7328798785602,913.07104859534661,966.03608696722495,517.42878269045843,635.61364377327072,167.75161312217011,718.9914723529796,931.63709057497374,445.16621080036646,828.52966870384193,174.7686730770543,304.69670865347041,859.95904576713826,300.91286604458793,744.41652622966001,614.92391119362776,801.90049438701271,306.3301127894448,166.56122257557797,186.86311429857207,723.25437305815319,668.3503559415617,425.66082851155466,147.63958916601393,454.75760294292979,822.56786788948432,462.55125779911748,739.49577898613029,7.3346741221809104,754.83634176167413,806.01157313531462,468.03705230414101,721.60512804358359,588.07235723888255,193.70321332362593,190.21190058868422,-31.322272063567937,-30.50931395598495,-29.841084590304483,-34.195039641491789,49.854120187455777,-58.019720186098951,-78.253437530800667,51.187582133872489,-31.238002412398863,-69.167845963711315,66.855127892351859,60.157250631933678,-43.812309179754045,21.479610591861718,-49.674565107471913,-0.71633184672082795,-12.463540303068093,67.869866213029553,-39.101137214463492,29.810729364270152,26.883203928348202,12.461363643777045,-84.701694952739658,-24.992817239329934,28.946810231889739,-69.910566613243489,-22.572186387203615,-25.235581734989459,-47.308406661911974,-9.1285835669379587,-2.2223733690151155,53.831365099090213,76.673191729359758,3.7706826220081346,-75.931516808668889,17.001357700058929,23.391666472411181,80.778507077989943,-38.076235789072193,-58.244311041117186,-78.600169779172433,46.034830434217653,-11.127954198856068,84.995213288935616,-50.496097081633089,-79.502935459816158,-10.589592710298895,27.245451788920327,-82.200885347727308,16.764102734858792,30.210668994277192,61.569492201346414,35.255366896480389,20.172064378921618,14.698812810376806,16.741204524950934,10.21786575882156,32.728977669358713,53.397798404649059,-78.66926688726204,58.0405971763034,-84.229501452115755,-49.676151634114049,40.485649370455015,-66.258812979810784,-66.875206211979673,-27.816268183007562,39.560776882759576,-68.577569696185492,-64.654604124123821,67.548344923538011,26.899404650679571,57.329830160413017,-84.013058162079176,-15.794616259468155,-8.5219328494532682,-35.332463292884519,20.259813967689169,81.2494235065422,-9.6848678127178331,29.005974191920004,82.497979219589922,2.1258487100021024,49.010971336735047,40.889470205524887,-29.319086165712072,-24.442580286826114,65.344787049196256,-27.683167661694903,16.651350996461055,-4.3319264203330539,-62.096908304729709,71.249433780683603,51.314811612319133,85,-72.126519126465126,37.151984040837043,-46.021092900429942,30.095710889838369,46.701292942331527
65300,-69500,2.0222895314372766,62.750777847260906,24.857653558529037,683.32063522340218,37.82006072444733,197.78919622622021,136.57169458376873,749.43728122960124,77.596450232365186,373.5938397283881,616.34087254791154,155.81282465710126,290.68218198921568,48.335291627876416,698.12498002568248,82.743821084103899,502.24466659405692,706.05574511526584,73.379232933881468,389.41415634273392,860.92296474374143,551.82287104264287,868.41300263150458,532.40221293326465,261.90013859227321,872.52425509673913,883.82326046710477,521.66172003402835,822.54007078861059,802.49420302063265,969.36509321774997,260.11517421990868,761.0334095806993,896.35415654119493,345.35746626284049,831.95657181096692,601.27321594185082,922.25210095072043,390.5573671370218,431.64806692980227,559.81788809914474,554.18126696677905,707.82064657205467,635.69066884954441,364.06858730119899,598.57589455210518,272.38601503559471,166.51536990306741,309.89353453598096,172.25686412540492,573.4190934078548,46.367681684880786,167.68636689272381,193.08778850271119,657.16190784964272,627.46254256354086,657.59899263310467,209.64439787309027,205.85327084326008,892.04712126391371,274.3688475708455,778.55723218699029,27.421339337964355,181.70272939727047,257.74139842263423,150.16396861654545,821.45787318149985,914.8200160358715,528.81975773449108,768.46601618926718,139.43226060593454,748.3681879177559,645.89372518198115,466.66534677578153,815.25953039405272,159.30186267645311,282.20138288804714,806.45676804869572,280.41680492006975,646.98491781926293,600.96939776105205,798.80316373393021,276.54367070893784,80.926925495490821,188.92595309186413,739.0899241976042,677.06650882274016,375.06371412180278,140.58869681093393,454.68770217574661,881.5263936457535,487.27916437805413,720.62054169549731,17.069904760381405,789.56004731181463,670.34638193355124,75.95313456500881,821.43531220427406,579.9133742794246,192.3633959936605,37.161042275637762,-31.37030614043978,-34.512023760576781,-42.55177931250148,-35.020092370199677,49.570199972783001,-65.033215045011815,11.139741226539225,57.318505239393332,30.097444770205882,-61.417871196302514,54.420082297807184,12.805469078568883,-44.086123911220028,18.399738694948162,-50.312584100495116,-1.7434737522435795,-6.5109731902596799,67.46862341978651,-30.851165318679882,-76.075209195019596,-42.501841274820833,-57.302529416188598,-84.033358609330051,-54.253598428269299,28.934850744850063,-66.527746353633859,33.055874793020394,-25.998985177167359,18.804210474978596,-18.019750418759017,-2.3974640365804549,61.084019512948196,76.448654624695394,49.345016585164828,0.39306309716150345,-17.570758665622883,28.668784793407056,80.660290342456292,-47.290547824097871,-58.908502674744568,50.573183483021651,42.074283785070875,5.1321425342956317,-6.1820666492035414,-49.746929048454177,-55.919510764761242,-12.26542722966931,22.893866331071209,-71.982381811327457,16.89017434214432,-1.7161274819880603,58.197137153097245,34.418860317910038,20.171837950067541,11.448188688401977,16.752732675235251,73.799748409811812,53.906423166196198,51.054557372579858,59.889950244772983,-18.791900234362632,-17.981301193155389,-44.141244670461973,32.13062549059223,52.521788527917309,-72.20376832818755,39.692142421203151,-4.4662872713248234,-68.613372441649659,-0.46982940789553856,66.311428599726796,25.924743121845513,65.398440460717453,-81.896638991673314,5.5600842584235108,-15.815615922045883,-35.602034595820314,17.260507887929847,81.908121098029739,9.7051820967473734,29.589083102483464,27.820847192481683,-38.816725448012889,-45.776828122944373,37.158085188155084,-35.845284488679631,-44.342058865311422,66.289398798618024,-31.675549927717373,-69.076239811002694,-7.3975944551948185,-61.963172172699245,79.356512019947061,51.374194513691783,74.034371937852498,-81.110101211939096,34.371706193871425,-10.268588626336054,-30.290016922660779,-76.908375067686094
27200,-65200,2.0220606841756381,644.89018580773586,194.90385510146513,694.33784446871698,58.884601960027076,193.07252433313607,138.25550953923127,803.97989669232925,336.08818438122677,466.24254444793621,604.34094328983633,136.11281305860402,269.77248614558084,294.34877618564974,609.40877634835283,110.68791069515323,598.99492963346222,685.43635852472494,408.11009651434608,386.62325140258474,839.29730026220182,298.64796673909518,936.8004149335444,566.2695300635479,263.16512259237538,844.92173380613121,977.80642345540514,445.36565420613726,873.44910154292711,781.42314147672948,933.3825929839121,208.43626745997216,755.82636711557154,977.67196110267662,585.97822281456388,850.16971966309495,521.40613475718487,413.69540864885778,993.02189206569312,447.77254410305301,511.86953160401521,477.74734942752593,309.49003992668651,665.61541371539693,376.55513108324533,594.26961919932955,278.95410559080426,180.4737801840929,100.91027219528064,165.49198299636384,197.93347730149847,38.265659955800032,240.48137066630039,189.64345757671333,626.08222508086988,617.10619029022746,351.76553814576425,236.73295915410048,787.39923925470089,492.81524314803397,257.92174478570331,447.5024510833436,889.52738128115027,43.339398568786763,392.0135856047221,792.42190690788846,544.15921533518019,956.7927638377397,491.01785135333074,646.08102910552213,140.45914159334174,748.53982333794409,926.89595382360653,534.96233860071948,825.6174860671631,160.62248863167503,279.4821812735467,856.20957186717692,294.20282985501899,769.46630140626428,95.958122255323815,799.01750805801851,421.15224567458722,174.80406641543385,185.89506057838312,743.55767722731071,677.12356235173206,372.6845359795912,763.34562851570479,481.50135578320601,824.4280332674964,452.0593368168129,740.47949208974694,13.382609230968967,732.50494631603897,800.94115991433785,404.77718056525322,709.93144742376046,585.52569364191174,188.55136071998942,195.22891032111903,-31.356477268866456,-31.185024844818624,19.899404569818746,-69.676832185596908,42.252989684477363,-3.0095411935516498,-73.753961838192708,50.691049094631417,18.361046013338584,-62.213991833673802,49.68553141681334,15.860416614901865,-42.355307727691347,19.422495668581554,-52.564959121610215,-9.0023749355692289,-9.4029755364046288,67.866415414691417,-37.934009352036426,-77.426112920613235,26.0730735176219,6.3355388937534913,-83.432833664308532,-54.990806187762708,28.518111748596215,-75.585626855797898,-58.389175361820868,30.309815522096109,34.953615652856797,-17.079829773494314,-2.8501761613513166,55.513123447984569,77.037282136657254,49.460799353960851,-72.99176607937072,-19.233818566846328,21.511257082039343,80.58688250968487,84.936762972663374,-58.466922741942973,-61.474287528562193,45.008076129472755,9.964063162198034,77.555881185290303,-26.965859125731892,-15.806475520603884,-9.7018623348198627,25.316558898848456,-83.416048538424178,16.993028958669761,34.344867505925414,61.068278486543235,35.076588533705809,21.897821736973079,-4.9204962629545044,16.825957111621982,-16.729718170504388,66.471030264955814,53.753478401519814,-81.064888836464107,60.249227320738001,-43.848476804109893,-52.5664801521242,32.968794590142124,-66.862580940251661,-69.966305426900419,41.357480052857404,-15.323948655243692,-68.598606469845407,-58.789387865471681,63.09847704614419,-42.06090152175895,60.349204417162383,-84.212665647002851,4.0683970194537524,-9.4230444024960498,-35.40546936759911,19.343638692949842,83.758060451035746,1.1151155995811513,31.618533413654049,78.416892937420968,-36.47357007036728,-57.806609492653614,37.473587197286555,-29.103806976408432,-44.787003678224359,65.883156292970966,-28.605648958381821,-77.692093284929967,-1.1712569220117572,-60.417433911643506,85,51.254700096330588,84.580536108331529,-80.340020457273368,35.537242064720651,-49.633161703873895,-27.356594300255324,50.331184247715115
40800,-66800,2.0225775592034516,414.54074197214652,172.83413470368765,652.83762950365463,37.600292991722895,197.52076723802975,131.88080303153251,753.11591768982203,90.11325581406598,374.06099443684121,602.97863629727829,376.05704742162567,151.03159280892621,308.44502934873435,607.32834556038904,110.75492311260378,496.02356806264902,495.01513768566042,88.599421756771875,389.25985936323696,860.80015988423804,547.56088628664281,907.39464078175445,216.44180844837084,267.992496801063,872.49605052549271,66.922630633310007,519.00027772267799,789.98993487147891,795.65262069855089,295.61088760578309,695.8573807802004,746.77384701425751,945.17474649214535,287.9583040736394,833.18050908772932,603.52869447681996,913.31536917487585,932.28471144267928,431.67992431203538,528.35447688127306,810.8415221947472,667.33561308234812,635.75570004650126,368.10209168459858,597.70708125640954,272.39052551698359,194.57575408437194,334.30814524564096,170.61753349913033,88.587384732999226,43.677336258144862,163.48138508377059,190.6135093833411,658.96290409481924,627.99272145370446,359.85831454391382,210.19385700986837,44.89302329940017,874.76045753548419,274.49183088379363,535.36593523463796,81.905296884429873,630.40419328388293,292.85155453322426,149.52771423638421,822.04507934757032,968.2354707955883,487.85656159134544,767.78062779245647,138.40543295782581,748.43493504359742,944.60905891647667,460.2122136745258,828.04384843943217,191.84975439300339,267.7161986739265,806.59488731162776,290.32855750468104,647.23631042260865,578.79477669118887,796.47992333861851,271.74045064825896,41.732223417919442,186.57199144657397,725.61357536199739,667.32233888110704,375.15387952669204,145.58078619150717,454.56177835352617,826.76947299885319,487.19356224157963,781.12768089823203,753.65717218508087,792.0847547091787,804.58964506954158,452.09963513510269,818.66763644820855,587.55737136503387,192.94146620357375,52.057622030188554,-31.400963842231295,-34.69229061985402,-37.659191508796503,-34.894837117067951,49.835831319959397,-74.351072219768838,-74.622086967956747,-9.9185186016507636,28.087327763423662,-62.642550507733588,61.266577460483553,14.621943199843093,-44.08672503417371,21.544833972890611,-50.392554076921954,-1.3870017287751188,-8.1500749857813801,67.526772747776448,-34.731040661798829,-1.3859829166620159,25.747847765887816,7.2911312410499711,-84.412038134507142,-25.591285520731546,28.844712693939545,-70.197660343773791,39.75882840106717,30.825609055761209,19.115229407937136,-17.649622626738967,-2.4014189423063415,58.976151035155212,76.659591230160927,53.191469108819739,-77.028854576104578,15.463244253499196,28.220597749160167,80.660582355443395,70.545938187084332,-58.901004567281909,-47.658835094215362,44.381961854348589,-12.007041029157625,-17.406323460199161,-49.382863951268945,-68.606763931276575,-22.005343747852667,27.747916551625071,-18.144751315615391,16.787443624786107,-6.7736279563235975,60.899639669546772,34.13170416312466,20.290616943246771,-0.3891036871568252,16.749046554443648,73.819609033548687,32.123037186458504,52.39903701422741,64.803399095670954,-19.16720977521409,-36.556430507471653,-49.912193695816619,32.669437262566944,-55.760559530342704,-66.71757474063854,38.751313672965637,36.19801175262036,-68.621530041759726,-1.0413026985877138,45.822203609910446,25.109888998286056,71.214128765217296,-81.906383404368128,5.2809629356223482,-15.879278753944352,-34.634542157677082,17.429862692706163,81.886923559768618,34.310643625953247,29.898978822450538,76.624446931064284,-3.0129557546773675,-44.071362029026524,40.865409264435641,-35.903790883472141,-44.414214775141168,65.382861011306815,-30.478009494873028,-69.311784825123596,-4.2964613475789024,-62.084749186243563,34.240525821933325,51.279961026572117,83.853487597849394,-81.313225778381451,37.600455956376727,-12.148695572472162,-30.367888884267916,50.301051837266314
21900,-64500,2.0524743884432328,835.89406879610192,8.2874504975103953,360.95007981208107,72.32694368027326,152.66847443249304,131.96917508870919,772.5279066905789,316.00181929368199,374.73337781726315,603.80141030909942,162.74946853319037,290.6865212408452,123.78443232544876,232.58570024769034,290.51304262792763,524.56436801498921,693.62500073263686,58.982672744241263,388.55068725634328,809.50575742914009,528.83930508419007,937.35300886619586,546.44279721274938,267.53456809938643,845.04034835075868,954.37114116600651,467.03547256774715,993.49620636656346,716.54007847880894,967.15590383115932,228.57475649580044,782.15568840847209,941.21295846263899,487.09091086427651,819.99413635623955,548.48375762811986,460.4115559464218,362.7319425521822,418.23397407120831,658.85159270370366,552.21705974109318,691.49100141659142,636.39802337865592,364.27703015622023,593.91548113081387,283.41017017110426,90.996645777894685,304.22935567729252,201.30851506440814,573.3697091301309,32.461396711139059,189.08592001428542,193.49519055807889,628.58640672187232,621.39238575847742,646.71074697980862,184.54602898604904,821.87581058983233,877.1568763625769,273.32040751458686,741.84040455866193,91.789082945994551,225.73466184463211,226.31109226673726,156.83094789388036,815.74898043535154,83.178246499687873,529.18301750008061,768.04514457820392,139.44323238164066,748.36053086917093,937.09918108568093,453.01679581125813,815.9231046868781,172.94414909863767,276.30712863308952,791.39571822417997,154.28214209131073,662.24185469360907,575.4843157109492,800.27205143951414,293.21441732033969,19.72133613376775,186.3604176618251,758.24959184293323,632.11735575563989,375.30377180672474,707.90677802031178,483.25253270592685,825.27669336116298,448.82236235671684,721.40533405853444,0.5921718999486425,748.07229114958989,644.90502797239378,455.85171169561863,712.54846910697097,587.60339599056033,230.17832042027729,51.134927745141532,-30.92980541936846,-29.114662474900648,23.582129844658152,-37.885810191835304,49.193111862506214,-65.634285464056831,-76.046103329113052,55.613170471202444,31.372131097568733,-60.015108422422443,52.141159680090993,8.9649003809683911,-42.532703612433473,18.276567053365426,-51.617101334164005,-3.7768946750406118,-12.553797516383066,67.497453590533979,-60.504581596328038,-69.766274309524931,-61.076630691117714,-40.841301134224814,20.304252804935857,-55.582475191343057,29.293963735837377,-68.052501807642429,-23.650452311371385,-20.714661827322516,-50.18962524277724,-17.639585213135607,-2.9651012784900255,53.286368041269952,74.948762601770909,69.795830176627504,-19.204803175781112,-19.346682124629961,19.814768249180855,80.387544291607313,-45.042390600438551,-62.059753459516784,-54.835467855305602,43.015986729786896,5.8080556328129935,-7.0816606721216928,-49.73913063619009,-55.848766107509952,-9.2904913717265991,29.00674355886834,-15.609669921680352,14.715640684038707,-8.4270457315726297,58.356730045163097,34.819470313311477,20.114930684260756,1.0628101001804042,21.782165391488363,74.28299358583034,29.900745904958931,52.40982403375174,58.405600380838109,-20.128393071988683,54.144759938250857,-52.87428072570836,32.857632585366339,-52.932539051677615,-71.916522315014348,74.84036327426692,-20.599275385950779,-68.616497035678748,2.0726162636204801,63.581543056094958,25.866043389755585,56.450233395601302,-84.769606928863922,5.5480943714819517,-8.1954326915022264,-35.558551781334089,16.002344617238919,81.865517148052618,0.61888614572206146,30.470777946775215,82.581066594495994,2.5960355696484885,-44.026908009633047,37.563984038250126,-36.098489997160513,-25.33364414021716,66.915451187585631,-31.855213724383393,-74.66738631307237,-3.3261308917783103,-57.124362279732928,28.274874836666346,53.795480703006092,81.709880930101633,-72.844172789939151,40.036816827850195,-10.353408092892833,-29.652031808878611,47.530291174408219
500,-33000,2.0173682816129572,1000,185.01245656818372,704.35280649213689,72.641553791508088,233.27351202193017,133.69562062524534,766.07381305392039,345.52912636246754,373.08994142771331,617.62061643921345,115.24785101961304,35.146796289584898,255.49211809086634,693.02993253768625,109.01025235713352,503.68924067591144,699.68282435990841,92.935055612597893,388.50778093859287,499.78071159979777,319.12728246545663,873.46729984292574,594.3907242895599,260.5871033727085,808.8070162498509,949.79782866180301,455.87036700636497,999.85394388766599,851.68418402941859,981.31888366491523,261.78361441533065,194.85963603718221,328.38272846588688,300.78647931569793,813.18167229320659,549.05717914659078,562.72352601587886,417.81478794578345,426.08117727141803,537.15180086998737,512.39110834627013,668.3161990258036,662.5827966381205,803.49495452275403,597.07515373803733,258.84812967885773,212.14553487855324,95.816558237990961,171.4484484222595,206.82118915866823,28.73279100555467,220.76175280580478,195.95684346668861,654.2006984023534,869.18037948291123,305.98882471217365,196.54289556311463,211.3644428393369,895.48049122040277,301.88975231531595,363.13191676233112,117.11032569255786,564.92480192982225,678.04912277418271,63.504593723300196,525.60182773476743,915.13412722396481,544.80047907955884,792.80095355814365,138.23939195371315,738.98343042168119,622.06511879480058,462.22212571199969,815.01490303320156,501.93750364757318,272.84076407940591,850.07193084530127,298.11658176813302,752.90973504273131,94.060005286446994,799.15313928035005,432.22002477281131,808.75333231127365,184.38355027956288,347.55150575025027,677.32795223075857,423.36590282405717,846.90771964765088,477.63319330288959,826.15966553204009,416.48415263988142,720.56477392266356,14.066192931075646,757.60699966557945,665.1321554491783,109.93194915092323,711.77778848598575,579.09832964384475,241.97679700288643,33.1272530691027,-15.347214674154229,-23.398381354189109,-36.610426677156653,-34.201224556147871,41.632462779733665,8.2299459441963663,-3.7461087885805782,53.555093945500126,33.992446616629572,-61.910469552706431,54.822148578757215,13.495738740604548,-43.767429083043368,18.539967076446359,-49.698978477213984,-59.919859767572085,-5.6054887777966833,64.52146761231397,66.084679364607211,-64.262785783074662,25.108960433684583,8.2136772056487164,-83.356243858884639,-25.413448670736859,29.407895879412763,-70.185643840071748,-23.642150036634678,-20.526613164376556,32.885160865094193,-17.665478991853544,-2.8747878415315533,-11.732066527052851,76.558970284115802,54.768758086286375,-77.046425353041386,-16.78541645461781,28.800938926660308,81.117687614334656,-28.168169202147219,-58.15738876409663,-48.253314058538521,0.94502807613265816,5.0019444004154172,77.822914572940746,-25.905682741410246,-67.81868575358142,-8.7190387830776235,23.827339576630663,-14.409247566059538,17.147320300452197,25.497014634008778,61.618196522912243,-7.1884645848374058,8.4474697214038574,-4.1239960929947124,21.621294863584776,85,-8.3723018865977465,51.167021645582992,-78.963975230278407,55.974686629252908,43.613153482933669,-49.36070694178769,38.030188596561203,58.23274567089662,-61.749041523371488,44.018860431840679,-5.1950725422607782,-68.581125564415615,5.494035221957283,46.161934734745223,-39.144242395783202,64.733490765773638,-83.880028394024691,5.2684501590067745,-10.087758822524931,-36.788501606921862,-3.266622309952063,81.264332198215413,15.265133944748841,31.701323505960033,26.699949909044221,-2.8674489149504181,-43.17091053269111,37.172079402933619,-35.157061854726685,-47.316042232758306,72.673125840327003,-26.556024940299714,-74.809259307561959,-3.2770896253004356,-65.148661156678642,37.164096639232739,49.381083508075761,82.713490185346558,-80.874777028369522,28.768710288258774,-24.113705442904546,29.631735914504219,49.660169032775862
24000,-65000,2.023142367230184,701.01361927510777,213.15836325112929,698.0069531241603,37.528039739985218,194.27598155281726,135.04364459808741,804.76407816320966,78.979906735761531,373.44141541446072,617.66873081610447,364.94560476523441,289.32006035916635,50.415733787157393,747.14966352506872,110.69697146345813,493.12489357962198,703.72193374972164,86.528236560949509,389.63633655902476,828.94263534454376,565.75272812963533,868.27987688378471,563.36102578651582,261.88862222179546,847.68066964288118,884.34118759080059,522.68205871122632,88.976618029619146,391.20202556860283,967.72949526144532,625.80214570695352,171.30515503655795,841.44856116378526,298.87817817875316,831.93929007328597,578.9405272960355,456.52751533454614,390.83899254621946,411.01549406459725,560.40089417335275,815.55962430761235,690.45609787755734,637.6869748927686,364.39615744027998,593.71452254268377,265.43843429970093,162.68096817626633,120.07490322057754,164.74179805733755,573.4126757168126,70.178690644362462,772.70119975047373,189.50047173813954,630.90148826377413,652.32321015893945,666.03665574234151,209.96555938040245,68.154694169243186,494.23313946593845,274.37177353637588,789.41099003411182,14.575170413029014,9.0549686895481472,386.2303657492381,149.48654241182442,915.52970320575355,977.56488725208442,529.80422122281459,766.8891873990251,150.676432845764,748.3360786976549,645.68804245724698,466.80912755848379,815.47655465288267,160.45407922064049,281.33317172366378,807.24093614733738,280.36857108661701,648.85533318676164,601.02609254882611,798.7654189921401,282.21926597872454,81.660287576799448,183.88162443491592,740.0327316460116,677.07533872376723,425.62626689533482,140.55572949587474,474.4242563046293,824.79304178067389,472.76087543878629,720.88312947790234,121.98787313244206,795.54750466325333,806.40449099013631,78.432714467413888,707.3725033956631,580.10497929095311,192.336716501143,44.381618498396492,-31.422847643900873,-34.375738898513319,28.1652197364992,-33.283223550478695,49.585329023173301,-65.063958538938749,-74.705473205123354,57.336841034449456,30.081664123526433,-62.349048755232943,54.310847205894262,8.1848628582009439,-43.824955769899852,18.45251742826856,-49.660991163964781,-1.6679090907822234,-6.5404179202570916,67.44987615958091,-30.870053312419117,-76.092012808225562,-41.88139956206328,15.026932794435879,-84.033259345142611,-53.916939603462879,28.88730037348212,-66.561017355216151,-60.97184441570122,-25.920362158158678,42.311449046890857,-18.047567913493051,-2.1376934700259573,60.655014105706215,76.413420974072736,51.119391604479759,-6.0913625774817852,-17.902312509762915,28.663126333058944,80.653999395848572,-50.914320052905822,-59.904337771974859,-60.990880991930602,46.618838785737296,-9.957798290812633,-5.3463345138554814,-49.610130381357777,-55.080290288205084,-9.6641813334559235,26.84575611225257,-83.380127697017201,16.926199342886953,-2.9685624213423409,58.19489863184674,34.427768495447687,20.012669598620462,14.81005497202206,16.862424246121197,73.871224626490758,53.925952678314673,51.206146302971817,53.435433026382256,-20.356874862906835,-18.774775581550436,-49.52374162954515,32.16589788648416,-82.395145003052022,-5.8826175492750394,39.689380367825429,-4.3658083268019068,-68.499667097142677,0.75632524117693478,64.393761331693582,30.935816897403427,65.375160540897284,-81.777533948214511,5.5611386087120191,-15.681637253101547,-35.618215659142137,17.366887540167255,83.421505404729373,-4.0326424267570165,29.536457343408834,80.889522833172009,-1.6022826872400167,-41.012026050456221,37.564060527610152,-39.071407796822427,-43.85004783549978,67.134540542541203,-31.783327876488322,-68.986485629392419,-1.1927713093518739,-56.968608412548882,79.338394540333013,48.989907606721786,74.229084523711876,-81.20864256696413,36.059155813453891,-43.823468172143492,-30.358042513707581,8.6419815919481309
800,-37900,2.0213563086820887,1000,193.55014432976412,679.29819146016257,65.374582360157916,234.01109880183179,103.03048932521553,753.57175962476799,49.733496810793582,372.3244304276555,604.84525662071997,367.02605104873993,143.67493407005594,2.5469517278332603,700.262860444073,113.48692493437835,527.20675634715474,695.50286888107735,92.015391596027953,388.89632268131794,796.86106304180669,302.07492810702723,869.92259567222482,567.8276553368687,269.46239020589019,845.76951092787783,953.72481661874758,460.33806834101739,11.303598352307688,684.69172453549584,139.39763273535863,669.49652151678993,6.2613056206749249,909.91495875533508,389.58632626006238,832.80018448047554,546.82153642808339,900.39870356883227,414.81238591216953,447.64670139162041,537.76837226840564,805.51578712405615,303.27890153393753,663.78538314638092,361.71726875180741,597.01732276017492,270.50832324695199,228.40920754109413,41.667194198404943,171.71078861344893,190.0152304479729,82.145412674534185,263.09137354280244,189.1981693624748,655.62646933710937,881.332508451526,347.92981964544413,217.91654529682557,882.77358009661054,531.37777724773753,270.3000478916756,774.21825249776862,113.68043488405834,56.819657656370623,462.75587047666397,805.08530238512276,892.53481521345338,940.04646893058373,530.18047539674615,623.30712816285563,137.86612145741472,748.18373192790216,931.86407369088556,459.00575801468062,814.04004362584635,551.04197929134159,282.03477366515477,804.4145625586001,301.52445050622958,738.3311914921037,552.30226523328452,799.26650048471242,347.45374936773953,806.66172042256835,186.86480175269517,725.20599517967673,666.12671379614164,340.35801838784352,843.49631654032248,479.75083929358635,827.1108045852726,482.13814596045097,722.14506700069387,48.528857296014763,430.04132859657483,800.04691967119186,440.71686067789631,707.9683714855297,586.55125207682329,176.29669420998309,67.226515865395015,-17.670996052269189,-30.747080847708581,-40.879063328586469,-34.148962529823685,41.980259778730343,-66.312513517519122,-8.6430913052111649,54.435251464934183,31.951413103584297,-62.423238741907326,56.528336279110064,14.90881349958336,-42.35852639818124,21.666294695305261,-48.713910894521788,-70.093671119119264,-12.277024520366867,67.86591807820227,75.246871573702023,-65.587847486021857,71.49143959829189,6.4891803381112609,-82.721817170687487,-24.069737342648736,29.151106065440349,-70.722110465928012,-62.793442656402107,-24.711770045038449,29.276071331925991,-17.633577582886602,-2.8869904064988186,63.190762207166934,75.024270908412461,49.649334719970291,-77.08435953654427,-11.706143571036138,28.737188453251104,80.710715421112326,85,-62.735845904080833,-48.380473431966166,53.680911085438062,4.6405798497694235,-8.0794895365667401,-26.682815307154232,-21.774586635388573,-7.8871146653783555,22.238138420120258,-81.713713450422944,17.126035255020909,5.5955110556235148,57.6770534303622,33.48775678805481,-74.469392493820379,11.91899910314832,20.734069891250343,81.054651651902276,28.885329786241904,51.101765897203407,-69.61159210453151,-23.486192535433585,-82.605258881157766,-44.180510109537714,37.764888000005335,-61.310696885473114,-73.934203173884512,49.675204638437783,-2.5400134173366506,-68.57702355471605,8.4811743363329875,64.885955084113419,29.445961895725052,73.7425897441084,-82.812386116454192,5.5435654975796878,-9.7073478616776949,-37.573389071707695,17.668514994130618,81.319825074332954,14.823299564834716,30.492063245169287,85,-37.883612615008488,61.152594906974265,37.420038597495783,-37.482901264827333,-25.71812214472715,72.23781985033979,-4.7311103409276356,-70.206692554812292,-4.0279053082667398,-65.129205981471401,76.705670939485998,49.621341998871046,84.074860067019003,-81.000700180027366,67.947635014392773,-21.79467493974516,-26.420750218613705,49.605107175730389
11300,-63500,2.0175379811028011,925.42246337736879,193.66953858080032,753.7871496632622,73.2105473793887,154.87325049253457,134.2064862231845,784.62020893232693,109.76191053712263,373.57892285679327,604.95057550906495,163.60157027829169,94.982466576946265,71.413651977512956,242.79907323331963,315.53984117930634,507.76267486382898,531.39847825130687,80.131296964834604,421.16129297812586,858.59142331213252,327.84667678293567,923.85194537680513,569.3276843869794,262.0322921816778,846.23999937829535,75.203036116583746,434.27953780625376,818.74651309170713,696.53387446276247,171.37704612641542,274.08724824531896,822.16046843080017,923.70179493623527,349.87737614270651,810.75049992966274,553.58618865917163,460.32133319115525,993.57551548099173,399.95077711351684,653.8486212090869,830.16341114995748,283.11708897101175,657.19340532864487,335.28587996736144,594.21461149006143,276.87819823600483,168.3904416241277,120.89893799583328,177.66785826136444,555.53706383931785,51.551481944413467,270.27528558866265,189.03729036759523,656.34695168700046,654.52425273712822,348.91033606880211,211.04060397434478,866.51457700150479,888.29576163775585,274.22276375647419,449.6983339477834,34.722425506034561,81.446121358614107,459.60361430118587,726.45019096991655,895.5256144977177,522.21653588268202,489.97924026106062,637.46628672602321,163.7849018666131,832.77614089470853,929.23887482398925,459.09857031010011,825.34793019672134,533.28478055301719,310.37387150466793,802.32037238018029,296.07388719915309,744.48127963916477,618.5437481802428,799.03202072207682,346.81816350364443,189.11225743519981,186.63607829607599,723.94344882655423,671.35200584814982,424.73070003392587,779.00557742524654,454.89057903652122,824.37486922047196,457.45612172408687,721.71772680547133,0.51086198839399977,417.87505528063389,665.74763359851215,438.74352234660273,724.61797327820034,565.54578208300688,245.37932219557933,79.809316447392149,-31.181562994385626,-32.038041729575831,15.133853347393792,-33.807841403692009,40.333634625722901,5.2253792174310263,-72.166049198022563,54.868939158971877,46.698005805926599,-61.344206625511852,67.150727876532414,10.310362547451762,-43.197239246593043,24.518842587548615,-50.053265632222463,-12.127114899241832,-11.113778125185789,67.624908714637272,-28.518227419840869,35.038368023946475,25.683723731103481,-43.303365612459388,-84.748619413030383,-22.262721494264479,27.77632095964448,-74.563804941546451,-9.8604124284187193,-22.773450465733543,46.724354544126129,-17.480875832573684,-2.6376179528331152,69.725717402094361,76.975780786474928,51.035296963825338,-16.012447217708104,-21.699751908731386,23.636511903306801,83.626641303501515,85,-62.374261507141235,-66.140345154201171,52.717958765279121,10.017009212331599,-12.850280205932014,-48.103101558364443,-21.548743415117823,-12.084267446995771,26.764767491621441,-84.174446434783221,16.366170414162998,-3.463798995871004,61.121544589736395,33.983544719285391,-82.106491007028438,-2.2695525905706893,20.986339468318779,22.062136985687445,32.813906974086152,52.296394979844301,-66.953456782834067,63.378387140766499,-81.914454522084853,-53.024831545703336,38.846819659317674,-74.407956394317736,-69.862225342382416,-12.917134282282806,-13.764202089028512,-70.532006367551588,7.2305940373822928,64.833094176884188,26.563873803937454,61.591045715802323,-83.910817796787882,5.4619630705796887,-9.6999423198961026,-37.372733800520109,-10.482613322214473,81.917693066575197,-0.90488001649230787,31.723462988768151,81.667122757652464,-2.4226713378146267,-44.249569720915268,37.433320488861973,-39.71120812200207,-26.928742740931536,63.763684126230032,-27.669241646335777,-77.615385298156511,-4.0189735867647753,-65.132775962781054,26.698899423330037,49.466897435202419,-51.725597086176165,-72.242366571825841,37.084719840008312,-49.744103164472286,30.795057365551493,-67.286991878192808
600,-34600,2.0214504897385028,999.99999999997158,193.4436399116083,702.9455555812508,57.32533622290039,231.18264723793095,106.88128423703661,764.66830923949726,332.56023219027759,368.21782983783129,602.88898429750736,346.44087430145618,44.332852111746639,257.80306144011752,596.56515804228889,108.90547084122632,526.45934177747063,713.06297391489795,93.186688637735429,395.13829475405015,858.93528036554721,312.41321710416742,872.16319569358677,599.66909052914912,260.19489239052717,873.68187209623989,602.03832107718358,453.03030750036601,818.91874939867762,690.22240195394613,994.63956424284424,682.47872450817317,194.68477416851897,870.03266236319587,345.51227528789889,811.91689415526832,477.54088735420311,595.10450876464188,418.11383407778658,427.96542783448194,674.24638027815956,811.57115368184634,317.15914478556238,635.15130971206156,803.68620662332728,593.08301870696062,258.95356816604175,215.62234314921213,111.19900851692664,171.53345924061915,210.3560279600554,28.858304581271966,995.32993894895844,189.08145884624733,627.37100546642603,877.79950180976959,348.57132197000232,182.87712555247967,4.7599648757550881,889.02214535192184,273.34604394625836,784.41796706933133,129.97086965695496,46.759618760072499,663.0339133102176,772.64515829327934,918.10122141735951,971.9976880666668,517.35002373899522,799.86792915742865,141.03512246598822,725.30361712252864,639.58466097869677,453.55749397530383,814.63484703398694,191.47853009750597,269.59764595355193,802.72670740610465,320.31493651838667,666.29935198044211,531.34933255943508,799.15466086112735,342.8330491794087,752.37740735083378,186.88548736401651,727.72958125195271,676.74215955297359,421.80746284439522,820.4601423596182,457.17073210730132,826.30797573545578,483.74226089540701,722.08110653389178,3.7231291630291126,397.25837709954158,798.02270573340775,441.40326847598197,835.47933018093863,587.41573940459341,228.78162853751661,30.369177144708427,-16.09513250875769,-31.338762806618981,-41.045015605959279,-34.236061484813114,42.449944058443435,-59.052484388694467,-75.918291748432225,52.86363486948153,32.091690710858217,-76.938350524830739,54.934230948813408,11.098183734578152,-43.776804311050341,21.906810231774479,-49.711150761768522,-56.042501558585322,-5.763904409884737,67.670446181555832,-24.047177449540527,-65.643799602057726,25.136356163314282,12.316457874342509,-83.3613116721084,-30.897853872637118,29.028950618218069,-66.229904516647679,-18.305208350319329,-21.053344030500515,44.798319065243675,-17.150050330205026,-2.8641160704174804,58.579304753376626,76.601582359953838,49.901722003301408,-83.186776625930392,-15.572551834529598,28.733683486628717,80.746438205924377,-36.863998247844592,-58.738678702468142,-46.33143556952411,-3.0145763073433649,4.6931610562461259,-9.0982639242362175,-25.854468557074675,-67.61117753643363,54.363381929850519,28.556181811167782,-77.255459219304271,17.146572940131183,26.032538363930723,61.124620852052509,-6.1039470728885128,5.2312479619151615,-3.3055948867185911,16.861376930834009,71.417610521391964,32.33417207246481,51.237995831390649,-69.711435784668069,57.122751467640512,-83.773415702926386,-44.317489327990302,37.812661680033557,-77.239898510996099,-69.317913827787407,43.942373341571255,-0.080287005697059044,-68.574812220097556,7.7696012307800402,-13.132723873825455,-28.984219573718576,61.468916002962011,-84.128526924063252,5.2807874121916658,-9.6947691579767987,-35.609739060026385,-2.1811903266429189,81.798539102578474,-0.89454713661828233,29.011507649285846,25.145704102777319,-1.8248014063987812,68.652166445605758,39.229012050236186,-34.498019524205624,-27.362795113534666,72.706789305695253,-34.394484616371763,-74.74927854738489,-7.0543436789793548,-63.612712959555878,37.963575899333421,52.833130392465719,83.889802432694324,-80.906433900681549,37.782760624521011,-21.871176424276239,27.6100128540618,47.523256225102259
61600,-69200,2.050745239191528,128.05079287564149,25.710745267466294,694.71151071080953,74.030721625589919,116.60564709110453,160.87349558456356,762.67119319885273,21.093941839566529,365.91951952432123,617.93677177723237,371.39369966566733,312.73935758757636,7.5225390330247386,324.3565012200965,100.71146004906683,491.10060405246026,520.67942412544596,94.055284028598919,387.76862407377996,826.12761230778653,514.22022537346857,939.02183552867723,563.43853363169637,269.42313303600719,845.89571413780311,73.872635901996375,80.81092228805565,97.041438234047007,428.69584072927421,943.35306623744202,206.73456976547996,783.32006533297249,938.2321357346724,293.19435921425543,819.80321546578443,573.37277317870212,456.06155633451442,467.87837112733916,419.60352732697163,458.30009271798514,403.52781046217746,681.96065413450958,611.8365783513932,372.94719378088314,593.277996050914,270.46801076044295,209.4935328564971,107.54608302253985,166.2440023622122,573.49049155923569,71.704291150242412,111.92443224108473,200.64799094445647,656.59047681958486,655.11942943866507,349.61425422001651,208.12790708960213,55.089507688448442,509.40139958587946,268.98134139269905,444.27252524752208,29.599931261269695,713.5019548437898,461.59435859974695,757.67696169611816,910.38175145558716,862.30900163684623,518.04080417965054,777.99097027002313,75.148874483044096,719.57452999899749,662.07995066646936,444.91303802167926,828.43081656457537,175.61212306793485,306.53996127362819,819.68198718638644,642.95938698564339,739.03965683383535,122.76219158160005,797.35399778478109,27.352649807059525,171.94651164601339,188.78665903634172,742.30014183095466,667.37069036183971,387.43038485839446,799.20717685796626,454.81195828174964,822.48869376465268,462.18731567562759,739.48322575271811,7.3522049606413962,759.51901592148238,801.96225194814974,441.575229883627,725.36817319475631,588.116426946263,193.93780439993122,61.350521815844409,-31.130156046570967,-30.618315967984259,-30.303640439071597,-34.078536987786279,49.692170498779717,-57.783366181251644,-76.545460466057108,51.655452945676473,-29.171601651165133,-62.029463007590422,60.264644612102131,60.158187304670314,-43.795915088675955,27.002084984882156,-49.569410044014695,-1.2809833926723186,-10.824277986215186,67.637531432974427,66.54778805090956,-75.036769400631471,23.672533793692747,14.278552050532008,-78.510522076873073,-55.479727953814532,28.867655640647047,-70.432169650667689,-23.558577733398685,40.399607837861595,-51.886925172616039,-17.071675485288406,0.24010860620431329,53.711337796690742,75.098717278567719,9.9081698290965381,2.9265131157077988,17.51418180619596,22.151348758202221,80.621752209018467,-36.825020706227967,-58.301748279496579,-65.511114630457257,46.105579261816537,5.1379875184728663,81.826079539350346,-24.04976150405108,-56.811847708403455,-10.555663687048874,26.82736500429839,-15.396145385247916,16.812304178122744,-10.429679836878908,60.581979448626811,35.266583566215019,-82.964104277180795,15.743292013157232,16.65924020433701,68.505379242552905,62.434409791124651,53.529076738356466,66.390361427300164,57.8303521417102,-37.725037807104037,-46.262876933474004,7.2433464568743595,-66.144073394183579,-66.926830626753301,-27.953038322209643,39.605379248586289,-68.619659353620378,-65.327572655719123,67.50526159238855,27.487376309785439,57.677533812011525,-83.949030159769833,-15.408213098211453,-8.4822931974548332,-35.413771303144202,18.45473216607461,81.247571895167809,31.800711444099193,29.970542096710577,23.103889441060009,2.2491762168832135,44.701369538247576,40.900155584107651,-28.492641217513167,-27.450053029450803,67.400324533814526,-33.303142791822843,-65.182227455845265,-4.469102070764662,-61.602009888262742,27.077376308655275,48.960379031557203,81.974310225703022,-73.321538915027432,36.809557565587191,-45.976290862859315,28.51737195952683,44.938051798715065
29900,-65500,2.0220453801909843,683.93931432975853,32.130197033867475,298.05193153498362,58.194744090414019,232.41749616059607,138.23029111133667,201.69140097157327,326.65200119627104,461.15424197744051,604.03796517696787,126.88253508762162,151.31211086412225,325.07164245921808,608.93232239320741,109.77695964116637,510.37374803424098,530.89673620216433,401.2309229410132,386.65770433874502,836.22591433749244,328.85898615084062,936.50145126708401,566.21353180743301,270.655816111408,845.7026875884834,1000,468.83204856770107,874.09479451889297,697.41766398774519,60.15345761293878,258.07547868017986,743.33033255779139,979.19668780987945,274.94334341407694,828.82776551121856,957.08809291352065,952.78447988404423,951.76049243056104,409.63142882882363,508.70467421345336,494.1294853943042,305.68901679208977,634.72126204951564,377.88486096995024,597.1506192135837,278.92637598933663,194.06112633669431,345.40366635398567,170.63569215144616,169.03157287341176,38.323014212928697,240.5500022022002,189.60070440215745,654.8314550778141,877.37954086502964,350.8593784357854,211.75181887748167,895.25348488560826,489.29183220534674,274.99718293944619,447.52714183700192,896.52625149452979,51.939196164290074,378.84983799530931,782.33312486430282,546.58046844028422,954.87343383354767,490.8190014951129,646.74204733436886,140.41934691555306,748.11000285825332,926.92815758393726,534.61161812241755,812.13427000679303,507.66886648236277,10.799055683989167,794.35718343287397,296.66182780118788,739.7544541327984,765.53546649588668,801.58389899228325,24.294140900635426,174.8222617371741,186.19098358712083,743.52531371866655,668.21159258271302,380.68253943509347,734.37167685574786,456.13451450341046,826.20914016992765,428.2831293114715,740.96882894300472,4.5248272940053589,790.48997255709719,683.59147757200765,86.884065367611953,709.75762169321183,565.14133191879398,194.20695733302512,46.837946157157333,-31.354936649386488,-31.22488617293293,20.368375918985464,-69.723881885567607,42.530315306323246,-1.2593840211173197,-73.617020124607166,50.394449678645998,45.976270084068922,-66.158526616029491,50.728822995715248,71.414335880520937,-42.321444568058155,18.668454159960344,-50.645296446316259,-8.8225918126769294,-12.452729690809075,67.86178604380585,79.041633991620031,-82.409823283214337,25.472296213782588,-44.716770728817345,-82.530028300954072,-25.281843185202039,29.109635451396311,-75.522731542299226,-21.550706001651861,48.017151866777802,44.501155128394196,-16.893012682169665,-3.5000532596170864,59.073883223693912,76.911735272292006,53.087216703132206,-80.03674325740343,-15.799693672122942,21.465443214619011,82.592954016930619,85,-58.465352792715343,-61.468011685182994,44.962717247379942,9.88407218014828,75.126652666898138,-27.983955078110188,-72.814613667820652,-10.499780622897434,19.639454464212179,-83.432767088835448,17.001115037979897,34.09358105896446,60.344796108670785,39.54353164425379,12.643795973785753,-0.89600149550390418,20.990701720312671,-17.143751098106478,58.315153156337139,53.752201690981806,-81.155975050694948,60.22555275392611,-83.964700668568653,-52.646755724351728,32.989898014825684,-66.799429083317577,-69.97460831976683,45.407075481804803,42.171301366205817,-68.598140827344125,-58.771280912467773,63.175783026543151,24.542736575481502,70.440091310476092,-84.147588539862554,4.5246731410301546,-7.2538273353902305,-35.380474633559096,-8.6719072951718665,83.756313585361056,1.6675333362056719,29.856792578013636,77.281621953214483,-28.775440335847993,-57.851866543600664,37.473674939888973,-28.922391219573633,-45.967790631164746,67.154032115002167,-28.600662879303158,-78.018919943169522,-5.1678128449558081,-57.657373382887634,85,51.271375549596414,84.436477230845242,-82.800882614106925,35.51889838138014,-50.060564777269249,-27.372165341756698,50.33899274936519
2500,-52900,2.0171386576341468,999.99999972564444,222.20529583351151,703.06254910561529,72.732301495536646,151.96987393312287,133.45668542583687,766.58720894799535,121.90137064382395,464.82388885144184,602.62404560500556,154.53013292022104,91.991799448908736,65.251847342342188,695.59658699745091,103.07626548465672,527.16728809198139,709.59304654402251,480.85915490340142,394.25654528356716,495.90962890135683,308.28805024185203,915.22696356321205,561.32103502078098,268.66333967198761,845.63283933607272,901.34478584605995,441.14360935738716,979.13286895404406,694.510515727903,93.19342116378175,750.54962643661997,660.43451923432281,992.63074536056797,626.452820949498,811.67671432615259,551.67714568831389,596.26223250283488,973.2128921734552,425.30347809190755,465.67250103146029,486.62496209841936,673.59047999033794,632.93759359808712,377.61584526149022,598.14790259887184,276.86275038876641,165.84576518666182,114.44192987411044,159.27766163172265,311.28427517917908,79.818377182781319,255.43236936802069,190.27841651304743,656.36657559677997,652.60342461434777,352.66561649223519,181.73274742985438,874.03688420886374,553.17326504030348,274.20269502285294,472.58827157721282,911.33890056037592,49.526562841385172,634.66603792727369,795.09466896869969,532.60707329960451,881.65540358380917,516.78843306083127,637.9971223242195,140.92556391277409,726.24184053929002,633.00490456992554,498.06597017747157,817.98429126298026,169.08647407201488,275.01410949333575,843.45876833988279,302.41003430268262,745.14435060665403,612.97267667109156,801.80863586021121,406.76765289936503,757.63717833328838,186.93665979481577,662.4036873431653,677.05516642191685,426.84191035317752,818.47767024555571,455.81763804349032,856.31737943629525,431.23505395074091,721.56013837009345,14.789947792591043,721.22242059230211,664.82200093339407,408.49652475961,711.10743806279675,588.53450059626834,234.73364051982878,24.381378258587262,-24.295931338015123,-30.443857688612717,-42.021505747371307,-34.909293650718801,40.458451579659737,-3.2094264597797526,20.764577079746665,53.896397369425408,27.232750803216142,-62.767638910299631,64.508281875537122,12.056563440859021,-42.128235630626584,18.360735983898405,-49.751511490055975,-62.020544591681841,-5.7197259863638017,67.703456781974438,70.564202967525901,-65.345758646756494,26.893219651973645,-41.665263699491263,-82.826501868963149,-30.347034845234539,28.444932507863847,-66.074081938893457,-65.66783922918988,-21.468391024553373,-46.093074914541972,-17.583529584484666,-2.7712596918998389,63.606086895310959,76.599714214971826,50.007683481197716,-3.2790725885361356,-19.236330554830058,29.215230743898584,80.723500434002574,85,-58.794205292532951,-65.273773854653612,1.2112032944254745,9.8850593291592777,84.884309060910411,-26.649721821171212,-69.143980355197783,-7.3037030807689334,30.214746266408131,-15.650585998278871,17.543775366806265,-7.3065477515405721,57.945754496042369,-9.3130020609487616,29.17064110071119,-4.2624162190413246,20.920256087831611,-14.706051653528604,66.17055765422775,53.743631379112031,44.597107327203773,66.701017237403263,50.091565514323577,-52.997544248439432,36.777998344930964,-74.900648299089539,-69.843363126548269,41.900039272503491,34.723145473252075,-68.62455039083487,0.51699912947112381,47.577939505297685,29.190201188156124,68.528796679460001,-81.876464277740183,1.3709905861663647,-8.6838742261295341,-50.798340751463996,-8.6080443882400228,81.729161383097036,5.8474461244219897,33.853643094992123,21.095261030163691,-2.5632812483235332,55.175554628350618,39.448607342422306,-39.493985150118945,-25.927602271569036,64.214817115297024,-29.103992404570782,-64.257285038125261,-6.9395114197839085,-65.565303086351506,28.408589836057796,49.600589258823021,-43.121869633420715,-80.377055274120153,72.809828645928476,-6.9152079241192066,30.973191364523238,51.431763275353717
18300,-64200,2.0610929992995168,909.45411974012552,5.7058315551661991,754.77359783843406,73.065440120671326,230.90326102731885,138.46037957049811,773.25169772497759,110.21648195006217,483.38126253413469,604.32864108564604,339.09827487165541,95.010674596553514,71.403608281035375,247.42528135792563,79.855557193579642,508.94388006308066,533.16231326136869,75.403874198476117,391.09434165161161,813.04400770283178,328.7116196732739,922.74949299019113,568.46530159404222,262.11496949653178,846.92708004730605,897.16116018391904,438.76575987401748,5.8643699213739637,770.42733967739889,110.33289571146167,175.92048318650376,821.15391517651688,918.85460766959579,349.88323237061724,810.22500138026953,600.18546337307157,460.32786901466778,993.95261915406684,424.29303064296681,458.27901923513889,829.7823831674441,276.53377452810133,657.20761398890193,335.23991163056809,594.3015664963192,258.90320936064597,191.97680882756305,120.42816615856603,160.83019360931749,551.5778099942894,51.628231422628524,827.03067545732586,189.03771573193416,656.34975334411388,654.01902096329945,348.7977154605523,211.04412772580477,768.88816509504409,428.24229524413204,270.40345045967871,448.9908445858739,880.03193281536062,77.988033170555781,458.07425890347758,815.30597299926865,895.6780983859428,529.16834661085034,489.9751730326592,646.61790268774052,164.87429482171805,754.03416550457496,623.28118726773823,459.29233994240417,825.3966178755536,535.7423053122925,309.90074921834906,800.92998637685446,296.1742723409177,774.35499544421748,650.87843592362151,798.97295278965953,284.37648405491723,171.35720123560219,185.69723646349863,743.87554171181478,678.7919152811703,421.27937285529475,721.35421383348535,454.51420508457483,821.75097121235251,459.0436593247145,721.71154853064354,0.52453146835976727,421.26341991079715,665.87968466678615,438.19838001825093,724.61052011709376,565.52338246699424,243.63063168146593,79.628750921578558,-31.179930107968268,-32.253386513912019,-33.010721870526687,-33.864729701472626,40.311994340915113,-0.18142574871077244,-72.171083094495401,54.871986056372521,47.487326176721062,-61.323397324250294,70.340195302815147,11.987476224871148,-43.200265381503634,24.279236659868722,-50.041407589981105,3.7503687514471808,-11.113227102378387,60.053784080235751,-40.158005378974842,-4.3346618860906361,25.722701773807035,-43.861555289423485,-84.678481312548996,-23.916980905229618,27.790020347773762,-74.611814506681569,-8.9343911546991492,-23.541443959050206,49.550648153108213,-17.476195485729534,-2.6397249730188408,67.140987174615134,77.131681732443766,50.788134440716206,-16.123187496082071,-20.370768537568289,22.247750266403965,83.520355084062558,83.517532285617179,-55.679570794704944,-63.674652638459946,-1.5886110863531613,10.148347348139408,-12.953778748981303,-25.049128405076011,-22.583546079928006,-10.724489031009465,26.843305464379913,-84.049831415914241,16.35507034728332,-3.2404550331430109,58.616834448284401,34.061615767516749,4.3115460072898557,-2.8650470634424066,20.995285270161055,80.712017674179492,-8.8589541111162937,59.848454472901118,-83.157727474660163,-21.632884449842411,-83.061658608890397,-53.02643698256832,38.620837981602392,-74.243749417749669,-69.83529533332532,79.791131459998269,-14.816420988224602,-70.82650428740348,3.0871853776718505,64.839266718009313,26.548793655458198,9.7168670432427611,-84.115827037570796,5.4545452666055585,-9.4765233649436205,-54.560571777235396,-10.465168305123552,81.709705621063392,0.70158186764431307,31.715740459424481,48.927734513662188,-1.2806824168170454,-44.255397668440281,37.414650302145844,-39.693071245305475,-27.32283790305981,33.761789982779973,-26.898127457775082,-77.042535813533107,-4.5553493338218924,-61.933074596925593,26.699810893350627,49.424919073893314,68.613658515572453,-81.123024213078679,37.084830078425846,-51.099454495999687,28.403731345188191,49.402679452103868
2000,-51700,2.0221503480753853,999.99999973581396,193.56452056048568,683.59086870333738,72.441909434376868,151.09740741153473,105.67550992601596,239.58338402814894,125.21374499285936,369.09397877079573,617.67485598885196,166.64208094431791,31.954758936287902,44.818080974967813,681.39583989570804,109.21242090289138,507.49547296903665,692.1929879833549,495.15187501844412,391.90073130626223,828.43413277278705,314.45630839633679,939.09427602743449,556.24622404466106,260.72302977486618,845.31632307223492,981.03110144789173,134.62693699008156,816.3200215705308,697.71987660007119,1000,262.41245703504194,187.35392927403893,928.68976655183201,653.96912448818773,834.68038289992273,484.8980455781691,454.05616591419238,972.18554681565229,425.07080378041957,469.88157726412925,487.97504528113069,673.30324440489005,635.15388229408177,344.82678810413688,598.40736980586064,258.53541722008441,165.80802740605222,109.86695568232197,174.04024606959482,197.39211704350251,38.78322701544262,246.14709157746694,188.80230032842471,621.47848504149067,852.88028025068002,351.61732435637259,196.23749359364859,902.83119230275952,537.61714259188466,303.4222291104179,455.1709200314919,912.24172920558885,55.908886715465243,632.35574104723707,54.281633989225099,514.86405114461581,942.05807025275158,517.01029810293676,637.80954580271077,141.04303835572503,832.10681653879203,919.30874812218372,469.2048075231607,785.21057279677905,607.29710198680209,279.94489490861019,855.92330728205093,302.5533313002025,652.52642057645824,611.24830576312127,798.96351073682888,344.34107152997677,767.94565756127656,185.80400721951582,742.86487518467504,677.05638702847079,423.84342682017348,818.02349187269817,477.0101387647029,824.84037127024271,457.73525920871282,720.27246223163036,48.113156538023084,723.97401207650387,665.92464582429204,100.68732026590837,712.20310492902581,579.41788563956413,236.46104887783144,190.72771839013137,-23.5885941719188,-31.10265252097939,-40.855997420300334,-72.622915430732547,42.36417652735102,10.030494682348442,-71.691590340913947,57.200721658795338,27.136723115084592,-68.931316240924687,56.044373182119486,61.023346186989841,-42.567757492030182,22.048971527796603,-49.787708861552957,-61.402738579258603,-5.6960917645270319,67.575859010792556,60.80475939287129,-64.770059198490642,24.937919496013233,8.5825292288765951,-83.339162731677064,-30.500469803473774,27.564949317415518,-74.172238118119836,-63.210628787017832,-21.488793148170629,40.840115692714122,-17.577244358899602,-2.7604195663778297,-15.045605766940001,76.567169829834157,53.650661701193222,-83.035047668315684,21.968873275751356,30.100896820921992,81.175550103049943,85,-61.926164618858309,-64.977506275756895,1.7503710754326876,9.8609636245768382,83.150791358646643,-49.282972159864457,-56.299992278290603,63.071991125892787,73.232185186128476,-79.120820639137179,17.11121345641423,29.096836143298972,61.282786655265795,33.780823466405948,9.7630666372808452,-4.9255076707538361,16.937889789506805,-17.386687143969979,66.513213900260354,51.913069144563636,-67.800989531041367,53.699952433600664,43.508956854004254,-52.880224857666207,37.718372971289078,-74.637755409673488,-3.6727565593586107,42.029594853217581,36.61343457308908,-68.600348699550381,0.78044552717396343,66.061367833007694,-44.085872611833665,-32.220586183161032,-81.978324327208242,1.2809826002509539,-8.736113051777469,-51.146981905391044,18.742976734533276,71.126287463492304,6.1979230570931563,30.191993293512397,28.807686173284672,-2.5412270958628609,-56.837658820012329,37.617520322358587,-39.160754764041378,-24.687016977155231,64.256790491891422,-25.511653238343438,-64.148215668355817,-7.0768130305455141,-61.157337963533365,76.399027693078438,52.985311878734905,80.343257807231595,-80.890549557801364,69.873848196797823,56.407752219242255,31.600097905588658,51.176144751642902
33500,-66000,2.0207335804435944,642.84661245569384,7.3145148473660981,734.40560383178286,58.884852514780526,127.8917661507711,138.74530449316183,773.04625819891862,335.549687432442,469.58784109557547,604.34845321251726,130.58789553524474,282.41907465186978,347.98056229824459,609.50103360641151,80.720134834923059,619.46555872568467,525.72368782408603,448.87290177947796,386.62486044195754,842.76926715213369,298.77990863053714,908.52483168552226,566.27896211907739,262.78054502257294,845.107498128565,865.15053364361802,445.39861561270743,983.51235874162899,780.86474923713536,934.4947427203914,179.67091945564383,784.04496173164068,915.84505396385487,332.84472176473912,719.36642259279881,521.03638281216649,406.99055519669878,1000,419.7814459162833,459.03479042969894,505.87728219745145,298.50661981621658,665.62924632545798,341.77691029087543,593.71363544443568,278.69189445946012,180.07697786848368,106.182544921632,164.60969720073086,195.3618235942092,37.707885357422903,801.60796227098558,190.40557939449334,656.79035134361254,633.52316707787645,351.51704899933213,235.23218326982371,780.73332836449981,532.31071126227266,258.20154714678944,789.7979961514252,891.47541662473486,17.883449146590578,391.82939099210694,795.7447570641383,898.24052127885147,955.74600566177185,488.43125692380045,646.17660210939891,140.47966250838763,748.53629749191043,926.85421062106707,458.6925066464463,825.61646754162041,182.43683992204672,275.60731190500928,858.222523332386,294.21147311381225,775.14824144860324,88.202622144331244,799.03669455704869,345.92790675572871,171.93462928754451,187.30144877174141,743.50639036795747,678.28884555334196,373.55486857860245,20.823972223085427,481.55222476024204,824.28198751948116,451.12389343237692,721.34106344539885,12.987258862550755,749.67638719301306,808.11748951848335,418.62789589873847,716.77435480059296,566.27531666859363,194.27041896063722,196.69511337914457,-31.326648908915047,-37.836561506578406,20.082558850035021,-34.294643665331549,40.804212125180925,1.0215507863415496,23.614675611068215,50.382614153813208,-13.446286988022663,-62.981282461516642,49.621024262496206,12.047218675769354,-43.770253239546669,19.410352515122817,-52.527631152576859,-0.89052988456251547,-10.963773512080142,67.831551783137712,-39.542088724720237,-77.339139749989414,26.395956119723667,6.3095481037435519,-84.855315680425988,-55.028540587260778,29.659191447664952,-74.485372448480433,-24.186292511736941,29.728765228432167,-51.560085486410912,-17.097692721619573,0.13975658680925473,52.612518201866621,76.947086732988723,49.461888815804102,-74.64942733144207,-13.461541267052034,21.770036080885511,80.561700527139521,84.937466755818249,-58.408535733024962,64.789461718722549,45.780341058325433,9.8771967904706361,77.043578565178024,-25.943137288003118,-15.797185884253974,-10.708016537937036,23.173977682927408,-83.413752858404351,16.972622512758178,-9.713734110174741,61.058217765549273,34.940952243852927,-76.374563430631966,-1.1360932770617387,16.819249013494037,6.7924673030870295,56.382710826436579,53.821666035355641,-81.060773408064762,60.165714110428404,-44.086328189846611,-53.379732226558708,32.823739315303577,-66.1554947640942,-70.923670199844665,79.936822214824517,-14.732464325755874,-68.605693745459988,-55.198591845564259,63.114270513635731,-41.942950907140606,63.69712461442262,-84.112029486153745,-15.82961757355541,-9.413935464349608,-35.384303678675835,-9.9348551570447565,83.853809171870196,6.0982157655755298,31.625379046909526,78.398931471535462,2.8344021982290286,-55.16635806571486,37.418228511091627,-28.309072791196545,-27.289981626720163,65.817510240253327,-31.479292157830795,-67.717040605091924,-7.1057503348016784,-60.429764946584783,85,48.290469706369066,68.977192732939443,-80.136677550346931,36.953642440628784,-49.700790216111699,-27.613706883467017,46.476478261728083
51400,-68000,2.0222837004079803,303.55796619607275,26.829690445861456,693.85486607280609,38.765127107654592,198.28557841153503,157.86074238670088,749.49359500439095,21.456517191875932,373.94402510647637,616.35180371651359,161.1895976707508,163.39790123547226,2.6787702572577956,702.39334756312292,82.778123870675969,502.23189114831723,708.94410899898003,507.39998386790688,389.4426396340055,860.51573195310527,551.8035953218274,864.40884047924339,524.13927686897546,269.88276886858063,872.59988801496513,883.5102940871086,455.32084859288767,96.774411865980539,890.66636026367985,986.80547849145864,257.30087818290554,787.60938383956739,939.18362648147854,345.38806153731565,832.96576600498565,199.56046783157396,897.92656899124222,390.08101950721851,419.71157511368529,474.52612677203672,529.62743895716665,707.73796210451144,655.31903650284869,364.11528107073968,598.57848964167363,272.37283315506875,166.43078470620401,309.84936477920616,166.57737329812846,573.65978553403829,44.225740828467323,169.69943988904549,193.11950762715227,656.76475059587983,627.99373868992279,651.94371638379016,209.63379675176847,204.43803587118356,527.97666567328201,274.89026878769442,430.09768871713112,28.23395389938905,186.28760044383094,276.51390500698585,147.27103471447521,912.17878081959191,430.51274587725504,528.82363594655249,638.83912254112067,73.785467503044515,719.67484655486828,643.24280715293639,466.20121832847252,816.18744871375532,132.11090354783013,276.76363222795209,806.66375523811928,639.43404252042626,738.93760664329307,616.84549872073762,798.82555563695132,277.84302531785033,176.63751647605767,186.86285601117336,738.99936398611237,668.02702047230241,425.85906734931979,143.15524694098491,454.76282175149368,817.16644510047183,487.14704610898531,739.59725157917683,13.255858949378357,760.44739360059771,670.08918426099558,69.561777614591307,821.12392166999518,579.83818883438289,193.72084009811698,61.102032787650387,-31.16107012867861,-29.613274687210989,-42.713388570814672,-31.052466612889166,49.667561787695917,-64.807444053160438,-77.336990281466058,51.138749669451691,28.484275925408507,13.436559325981918,54.353608850952661,12.771343476583851,-44.085867511563407,18.218634900753916,-50.323584442777261,-1.7480601888247316,-10.706775075881982,67.891059327035563,72.288849866371251,-76.062011844181512,-52.454278043119899,-56.383942620832578,-73.628943901987881,-57.050156606606713,28.934099108052202,-70.730155665380011,33.835086001888087,47.967134318175184,39.316494490930765,-18.040753210218533,-0.16186018273908265,61.062445642498076,77.111826613093498,51.498053375092951,-77.511495475118551,-17.384801630815026,28.330499719885903,80.940682596195217,-52.311592670290935,-58.905112968705097,50.738840385070176,45.660481989730513,5.0700143037310337,-5.9526696984084539,-49.530671952819638,-56.04921045573672,-12.269889989842573,22.718711130461482,-72.29241924336209,16.752673923692644,-1.6438775542544395,58.03003351615758,34.414075649998459,7.9712370683667615,12.804333874489977,16.754908704249804,74.782686834104737,-7.3390009986876414,53.530362244296889,59.914574802752036,56.600674941506391,-18.860150810579029,-44.19409748475907,31.744037869789253,-70.778017086586829,-66.497790408938016,39.799986379544578,40.347354004918152,-68.610356778322199,0.52908758185882476,67.623348132788252,21.292935953973629,65.023672152736523,-81.911432632085521,-15.061748628704924,-8.5546742644752864,-34.686149563281319,17.320262218038181,81.339067709975367,9.7563431724164644,29.589943995211264,29.439407711101083,-38.767741293162999,52.865686735466809,39.640240500710007,-28.154704158203895,-27.60547144680158,67.348196460711293,-26.936487246112986,-62.289960541810018,-7.2575730297205672,-62.173776939580172,31.128762072192718,51.341585875972171,83.962081337447415,-80.242676132213603,34.245502908384623,-6.8289939392179813,-27.712597112617715,46.218210766897101
900,-41400,2.0174876288507284,1000,191.14285137443977,678.99465427516543,72.446935762194158,188.53692618625587,106.22672518810197,742.93350155915482,45.195661842085585,373.47007884463409,605.70740774043236,149.82519788493909,291.18154366086083,0.45875475824355205,352.83767380788942,82.792794747580729,500.98517501602811,509.26607240315872,72.338852714945787,399.24181904695718,506.98981831158369,284.09726167644408,906.87065481023899,600.09682762480645,267.87563362996053,843.83433874621903,873.00433787740155,533.44684586808842,788.64528803275982,799.04027262171871,983.95401303035078,280.73250100341807,775.0072745352486,895.99273938342003,343.15532297456554,831.78874374707743,479.90585212703962,586.4346056354151,436.70446269193241,431.39046711524122,672.61418743590718,816.28433620298313,695.43438663893426,636.45720173654991,361.34339307436488,634.49185229315935,259.89068514188153,164.71473998169142,109.1547784983095,175.10187990497138,560.35341222391003,50.664593449829333,216.19957668953018,190.33971140330962,624.5262773118518,879.35392860406876,347.3240181745528,212.62630942925333,42.996446862198283,547.35069662414094,269.12280536612121,489.8969470995288,924.2906705364137,47.49657307152809,462.29463370403334,702.28704010571926,817.57929231945263,512.41615087843832,490.46142495899534,648.98864768381702,138.08103580833895,748.39133295403076,943.84778182164757,452.74798324510675,826.76955729365636,183.04751488291015,192.94430949323657,818.73860678398239,280.28078711361366,755.83178709013578,100.2870275209755,798.84942310258759,287.60811853575422,811.03801519077251,187.59104794829844,744.59450210220552,677.00804589594964,330.63528275491984,773.64534739057967,456.64047301781869,828.34239577235246,468.80128647312301,721.38183237373357,13.85317191512514,408.55881476589082,806.62883585561258,419.27927878617629,714.97701846335724,586.68558751604871,192.37250607678851,33.433621505960986,-19.20065603077628,-30.150155616531503,-36.158693615287888,-72.272892925781647,41.825325244402656,-67.387145527834463,11.341843535519606,50.378202819495058,-23.815433815351025,-61.672119536964964,62.09144473687045,12.829282783578027,-42.566462874741575,18.37356685132244,-49.319819856826427,-10.747362441027693,-5.7773287325399076,67.77539701932858,-36.073720685521856,-65.400007325399713,-44.625769131681459,9.7777699691046784,-84.694111788917184,-26.058332512558181,28.88097994554834,-69.835891536550434,-64.170662356885629,-23.251169390207551,35.707952216990705,-17.496483263823944,0.15877779714782614,-19.299180433424866,74.997848233411091,64.338381721215583,9.0558786858100113,-17.881698642385285,21.899153402710407,80.768932087598031,80.305301579354321,-55.715821649937169,-56.003966357177354,-1.1064390878201458,4.8904382360877126,83.515240903291584,-25.687691384175601,-69.185357786658415,-10.670749886149727,24.008306283607507,-72.569036157755392,17.133826490853682,26.918479760640782,58.337056436397617,34.438040542396017,22.854995953966537,15.114571356158889,16.828487168877846,79.333992251250024,70.435422421764187,51.14647714920045,59.733322257554264,-3.6253555222571023,-78.662372514010542,-44.340902510477882,47.446166796326523,52.385980201161665,-71.882089269600527,-16.188863917207566,32.953319804784343,-68.49115220781826,4.1979106901480794,64.348442481772679,-68.188597827673973,67.376945251918258,-84.080342251849402,5.4689591763770995,-15.464101411927269,-35.572894641976191,17.614815731250346,81.452412511147315,0.73066999704987623,29.055433051331626,81.851709104518477,-37.815734897237071,-45.685374316159681,37.412348400647829,-38.650892054879506,-46.289065814352057,71.285471142806841,-26.939078225221785,-66.683690521999424,-4.0401334798628756,-65.241043030615629,30.017277637028403,48.873483845375958,74.995428082915524,-81.062357175102235,37.011944025507134,38.06587543390431,-30.345654062175559,-78.778327072551974
51400,-68000,2.0222837004079803,303.55796619607275,26.829690445861456,693.85486607280609,38.765127107654592,198.28557841153503,157.86074238670088,749.49359500439095,21.456517191875932,373.94402510647637,616.35180371651359,161.1895976707508,163.39790123547226,2.6787702572577956,702.39334756312292,82.778123870675969,502.23189114831723,708.94410899898003,507.39998386790688,389.4426396340055,860.51573195310527,551.8035953218274,864.40884047924339,524.13927686897546,269.88276886858063,872.59988801496513,883.5102940871086,455.32084859288767,96.774411865980539,890.66636026367985,986.80547849145864,257.30087818290554,787.60938383956739,939.18362648147854,345.38806153731565,832.96576600498565,199.56046783157396,897.92656899124222,390.08101950721851,419.71157511368529,474.52612677203672,529.62743895716665,707.73796210451144,655.31903650284869,364.11528107073968,598.57848964167363,272.37283315506875,166.43078470620401,309.84936477920616,166.57737329812846,573.65978553403829,44.225740828467323,169.69943988904549,193.11950762715227,656.76475059587983,627.99373868992279,651.94371638379016,209.63379675176847,204.43803587118356,527.97666567328201,274.89026878769442,430.09768871713112,28.23395389938905,186.28760044383094,276.51390500698585,134.5781805197642,912.17878081959191,430.51274587725504,528.82363594655249,638.83912254112067,73.785467503044515,719.67484655486828,643.24280715293639,466.20121832847252,816.18744871375532,132.11090354783013,276.76363222795209,806.66375523811928,639.43404252042626,738.93760664329307,616.84549872073762,798.82555563695132,277.84302531785033,176.63751647605767,186.86285601117336,738.99936398611237,668.02702047230241,425.85906734931979,143.15524694098491,454.76282175149368,817.16644510047183,487.14704610898531,739.59725157917683,13.255858949378357,760.44739360059771,670.08918426099558,69.561777614591307,821.12392166999518,579.83818883438289,193.72084009811698,61.102032787650387,-31.16107012867861,-29.613274687210989,-42.713388570814672,-31.052466612889166,49.667561787695917,-64.807444053160438,-77.336990281466058,51.138749669451691,28.484275925408507,13.436559325981918,54.353608850952661,12.771343476583851,-44.085867511563407,18.218634900753916,-50.323584442777261,-1.7480601888247316,-10.706775075881982,67.891059327035563,72.288849866371251,-76.062011844181512,-52.454278043119899,-56.383942620832578,-73.628943901987881,-57.050156606606713,28.934099108052202,-70.730155665380011,33.835086001888087,47.967134318175184,39.316494490930765,-18.040753210218533,-0.16186018273908265,61.062445642498076,77.111826613093498,51.498053375092951,-77.511495475118551,-17.384801630815026,28.330499719885903,80.940682596195217,-52.311592670290935,-58.905112968705097,50.738840385070176,45.660481989730513,5.0700143037310337,-5.9526696984084539,-49.530671952819638,-56.04921045573672,-12.269889989842573,22.718711130461482,-72.29241924336209,16.752673923692644,-1.6438775542544395,58.03003351615758,34.414075649998459,7.9712370683667615,12.804333874489977,16.754908704249804,74.782686834104737,-7.3390009986876414,53.530362244296889,59.914574802752036,56.600674941506391,-18.860150810579029,-44.19409748475907,31.744037869789253,-70.778017086586829,-66.497790408938016,39.799986379544578,40.347354004918152,-68.610356778322199,0.52908758185882476,67.623348132788252,21.292935953973629,65.023672152736523,-81.911432632085521,-15.061748628704924,-8.5546742644752864,-34.686149563281319,17.320262218038181,81.339067709975367,9.7563431724164644,29.589943995211264,29.439407711101083,-38.767741293162999,52.865686735466809,39.640240500710007,-28.154704158203895,-27.60547144680158,67.348196460711293,-26.936487246112986,-62.289960541810018,-7.2575730297205672,-62.173776939580172,31.128762072192718,51.341585875972171,83.962081337447415,-80.242676132213603,34.245502908384623,-6.8289939392179813,-27.712597112617715,46.218210766897101
200,-24800,2.0174042540946249,999.99904775155107,220.21503231578376,680.49477769627322,72.390337650179305,220.84687212017909,105.90701878989407,561.52612934268177,329.20852280526606,373.28750226371744,616.94486159609494,382.64217421395733,79.586946689905801,46.141129803023603,622.03900840311076,110.1975705950648,503.93727925610835,709.53061199301283,72.410004936908919,398.30252626309925,481.6089491506815,304.13563740568588,868.84388731838033,600.0800650779164,267.76407209460535,843.8494150492179,901.72867116754617,104.07221080158376,832.65632889425876,817.43338911425349,976.77353609035595,235.775174289988,29.947278924371965,26.762266370026996,324.83642572118202,833.76451128312681,477.08785379986136,863.45110905700392,1000,426.49427726750486,669.10354519553721,514.74003060676512,661.13747958121473,634.20668845866862,333.80331521123708,598.13429211330322,286.05310980955693,209.58377670311128,106.37939672812479,175.33865442956261,208.39183839686768,29.230184214221513,237.26465962039723,193.23680160279932,651.75146851819272,643.94017358715439,351.54528165226844,182.39974950714179,51.002467549571627,862.6020892071266,269.00825211714368,454.31616280117009,59.89010701046351,177.22336835844828,485.75678840718695,55.952340398562534,520.465052444967,914.9139669044132,516.96592179852723,798.31441553764057,138.23158292410119,750.1598906688738,632.8927305977337,456.60654284637019,813.53566656353587,555.12444594016529,18.356178748354125,854.47116948615167,280.24943650496618,758.88154859003498,91.117758017149782,799.51775885361064,419.55112298747144,770.8360347265392,187.62791720412196,707.34364167920285,677.34481140461094,376.3343858301497,828.0840195394436,481.59757921286916,826.12727878336511,447.24290122993273,719.47268414667462,40.714954507948072,783.5490355179536,671.46953221679348,109.08073727475062,723.93691001944501,580.26520378153145,193.18410539648738,33.566670895206428,-11.560320574064068,-23.807366201153755,-37.797855472604674,-34.681260713537256,42.071683330763058,-54.658331440681529,-7.1618412483405933,53.256075702059441,33.724897389670161,-62.560868285795934,51.697228691655752,58.95086708403209,-42.547451291416166,18.423926783953238,-49.708551738394192,-59.927118161520013,-5.7662020855012663,67.80556363401972,68.830494945010088,-62.225965629955724,25.848942785113653,10.238668117132978,-82.557703801741908,-31.201205022651358,28.830269412820762,-74.684552009687664,-63.043267324797348,42.433326570893655,35.453371540345536,-18.368392417470748,0.045276843029072644,50.289260310836475,74.999869569165028,53.795708517748395,13.988992170795946,15.893998504180344,28.887450724961774,81.129140116376917,82.545268894287332,-62.003991834749598,-54.16703222322856,-6.0791095926000338,5.1423837413404456,83.189046029561553,-28.161972595447022,-55.240735547068034,-11.746476445753327,24.100152525340842,-75.123474447722771,17.472048614751106,22.779450615256458,57.943556060391749,-3.4379334634262833,28.292738407028729,-3.2407119887056344,16.54539858505937,19.166093046111101,-9.6031577211043597,54.361068309392166,-82.306463901437468,50.540396196754635,47.130355654001008,-49.38010167524174,38.333974078088019,-83.567669996478983,-72.124743501386504,38.506658411864606,-6.1983090948339621,-68.582689426422974,0.66852197604162933,65.801686865745467,-35.077148244668322,68.437600898041083,-81.926812405612495,5.2874466804153828,-8.7058442128041147,-35.589158486194158,-3.9127568802645456,81.46284314948501,14.591546605625638,31.666701623317056,73.911365511940019,-35.389152401767731,-45.809854381872064,37.440807203048003,-35.671172023808985,-25.60122721770777,66.034217623565823,-28.484361553435228,-70.402552166611429,-7.0216796573291989,-62.033521201525986,77.808650535263993,51.350222081263709,82.769352753971589,-81.035576286867652,37.056931457626717,-8.2866667708175008,-30.440344137589989,47.835920936985467
700,-37100,2.0213878621024408,1000,193.54463007247227,676.26548112591149,72.444720484902774,151.84326987454924,101.76197019235096,758.71511450536536,31.466677418335998,368.25054906952988,617.7485305948112,178.97968414350512,30.038486098002316,286.77560425294411,684.74531451213454,113.6021805956547,507.47825691928995,697.43718024085342,477.28785483854324,388.88130728298631,828.21745321876881,314.502520239219,939.51681814530059,556.44088104258947,260.60506896590721,845.40157982890253,83.592600345619871,134.76265231255726,847.48781855716788,869.57162408564955,202.7492796521351,256.25970697047609,189.63280032811016,863.91109505542966,653.93719951474156,835.18027733005488,546.17830089507254,454.6951411937066,956.54405052162429,425.09178727225913,548.07541248612688,467.37349650871886,657.42540002725366,636.31879134332814,385.86492681824006,598.20001225183364,260.32241509669694,166.02630402157894,109.87199854550016,173.82816891018453,214.82615040849015,38.456773928315947,246.03432759680203,189.15648794989434,619.87272946425674,855.11071477353221,351.56357060228919,195.69460872184172,884.92029437183976,542.8867537049174,303.7830731852282,787.7155516887035,66.991924025712706,55.919462677519334,465.61365503274646,144.7820651090704,903.41065464877738,945.78284963050407,529.61529009710648,637.96247439852675,141.02935774297967,830.45436909113278,921.35150871456381,459.75936877049213,784.19147456213489,594.28348391223199,311.83583191884009,806.5351717838364,302.6119086526096,657.28520388974994,611.60604571750991,799.17695620158793,346.38677920930633,764.92049945391796,185.76479616739849,726.34779870612283,677.05633215931198,422.55375551643897,817.96413349020622,457.23633046788109,824.85464670896283,457.25390965032756,720.19461585132012,47.857318113575403,396.49519217188089,671.47470032442573,442.17562768028108,712.08786635111744,579.46206437538024,243.52227251706788,188.30327964714445,-17.279355070018052,-30.277560607208507,-40.893324544395853,-35.816057622899251,50.397607645625037,10.054832660547799,-73.371853799151538,57.243816605377113,26.860285031010044,-68.927214336695144,56.394041167513826,58.755282232433288,-42.567733050355521,22.045270943591433,-47.412813385778023,-61.397601189222001,-5.9142743718054227,67.580907847932636,-30.996279128791588,-65.631246128248449,24.964182165080381,8.6008163720487332,-84.720592287900985,-30.602253761289635,27.603176298129618,-74.15655733470453,-63.030504309562069,-21.48076304380551,40.778288593473583,-17.5776766896034,-2.7772966998091926,-14.853120278959953,76.534816879144913,49.659794281954973,-83.026004324039576,22.241475512816045,28.746967778711301,81.180084189698732,85,-61.939020806458473,-65.439136972194376,1.7337178722281266,4.5279562275433412,-7.9548724401551212,-48.920961484392308,-21.634559531220699,62.473798784393423,73.23631989612133,-79.194617418218044,17.111487061189514,5.1334834551968065,61.681956882605249,33.816666837815461,9.7639371565985602,15.075759382939626,16.773744901800406,-18.046161879598657,31.24913232450152,52.326860286402407,-67.822775717384459,-15.70640355893795,-73.417846322955072,-53.170439175640325,37.718804399148745,-70.983516206526133,-4.6639362100713839,41.033446646826306,32.809913580003858,-68.576513987759569,0.98599369948034088,65.349724954977304,-45.147840304270872,-31.389538087665528,-82.870337269381807,5.7411218605556229,-9.6966236785133422,-53.315408712669765,19.805371678697092,71.20551037166166,6.3590117543430917,30.24089764726137,29.117864828251779,-2.5430960170892294,-49.821037834555895,37.427681827961045,-29.141713045943952,-24.687786896878446,64.569248344079725,-25.513773346306795,-63.830891178186967,-4.0471337997677104,-65.005351853295238,76.721051384339333,52.982754878904259,84.056285798063669,-80.890968022104545,38.161942977147724,43.8081735926961,31.655763578677554,-71.764981062345214
200,-24800,2.0173671482267919,1000,185.62377304430413,692.68849364640721,72.389558724332929,189.91661736955854,103.31472402486949,550.15289636543582,328.00084140437838,375.30632028441454,616.88832937904647,372.15887720414486,80.265261342008188,43.838664823795064,693.7663912990356,110.19845941607552,504.16684803020388,709.52779647125135,72.409569868416227,398.02856008899289,504.66657328725995,304.07240064908547,873.45167355307888,600.0221818008348,267.76335685748336,843.19938491407004,950.53469960886321,465.16675348477622,828.11878342499688,818.64583056222864,976.80128536710674,256.70081363962436,49.931185320888176,30.995334038832794,324.63842710714107,811.01997947666359,476.86352319373617,863.36466327568337,1000,426.48814111306825,533.51595976152259,514.56458967484286,661.63853139844321,632.55374244319989,367.37804933508988,598.13477142264014,286.31033363905618,204.92711861056821,106.88250572370713,175.32458944114347,594.49207804687194,29.38382656803666,237.33334502170652,190.91191253898688,630.25049969666236,863.22251897602814,349.02890108494279,181.1567433636576,47.092997768056712,556.26889674033146,269.37191418388841,453.62724278692343,58.208837112487629,174.64087713987408,486.42250002891194,54.768808279392971,513.45265188122721,914.93802476823407,543.74726411412666,798.19998908708328,138.22785876174751,750.14004934824891,632.77531867935443,454.34677713155071,813.6630881397142,556.21700453523624,23.032242109042144,854.51395061094252,279.93924721843223,759.12776749399131,90.997378516608052,799.50585014535727,419.80158219329348,829.83760373653911,186.28499510853771,694.08416121508094,677.35574049429863,427.6961760419718,827.83698307645375,482.05310408620437,857.34194470909415,447.20440178082021,719.51685298972518,15.971397209621546,783.60786135610044,666.15002763422865,109.53105519412307,724.31326785175372,587.3356056696266,193.33763119684562,33.176812968199094,-11.570232974959708,-23.805999349561255,-35.973204149202019,-33.598574106865271,42.074934934317163,-57.957823826194399,-77.170385006716856,53.858197272551365,32.654070510024169,-62.624467248057329,55.147150732213198,57.682865665527764,-42.560059705013828,18.445111116758042,-50.240161787433841,-59.994177651330197,-5.7654989708425317,64.312085882092859,64.932309704234868,-59.83429032930119,22.961364402953059,10.259500254144751,-84.738747290344904,-30.978179838914667,28.827161220198125,-74.669390733382713,-24.059180678631915,43.395565151944041,35.452984813273808,-17.521135596213455,0.058241520326021368,52.144559114906301,74.999766714280298,53.904309836231384,5.1712887275453108,-17.29815077662083,28.886364297480558,80.761047117532186,82.545640600305845,-58.130682447851434,-53.756780557090927,-6.0448946925508729,5.263791440485015,83.201411781281976,-25.688786240673092,-53.735877160808201,-11.728941980678529,25.679979475376566,-14.386763035908395,17.143807749295441,26.818697161250711,57.962209517753045,-6.3067170988641941,28.481293725567163,-3.0921742835802615,16.531512850435767,19.389585979186215,57.940884022541553,54.570523749920255,-82.419652873200789,50.002084661096397,-80.626119975709329,-49.359005690429555,38.402218767463644,-82.447280438555381,-72.106186661247293,38.42394895646099,-6.1472161495830164,-68.582463967898818,0.77822618384795561,67.378973163223677,-33.114500545351788,68.483455547006457,-81.927122447938075,5.2779223693222992,-9.7412406585448288,-36.790354596165884,-10.105247735162894,81.463394165264276,13.79236484520043,32.136018461198027,73.752051344655428,-35.375644714269534,-45.964811362982829,37.44159834232363,-35.86048641726115,-47.412333546956958,66.00827897210921,-28.453765168639364,-70.414653067048775,-7.0216782547919836,-62.100484385666562,77.769546708548589,49.307139163489737,82.757329266026559,-80.308002117893068,28.196450551543663,-8.2904657031204128,-25.380522452619015,47.823098226783273
1800,-49000,2.0213458890048006,1000,193.54462840992903,676.24474764687113,72.420890865662514,157.02046928887961,101.70906816962481,761.50230489800401,31.258169130958635,469.17096260600886,603.10180835013261,382.75093903219215,161.35471414116665,287.25383697085624,682.40282621405481,112.42254675332637,503.41221268885698,704.51844881089278,92.63855341954519,388.44192845563322,866.65979003910945,314.53736324199821,938.44297048165754,608.64627389140924,267.9002327303831,845.39339475151723,599.87410028923955,470.37952574475889,847.50958015446861,868.85977175015103,202.32878578871694,250.89084158897387,686.63354257852052,910.49529319305134,649.22674136598414,812.25286676655048,555.38238976540936,469.40473619238026,955.15586911166827,425.06270471606575,537.28332330498597,804.89068613025563,653.59355674315339,433.88737552776524,373.99459450702665,598.14786766419786,260.32471345533838,168.32079247624944,111.06945146502706,179.51513954266943,104.90228279581379,42.180974793163656,233.50175807809725,189.09110003543728,627.80841696814036,874.98983021529034,351.48628046418662,209.92640754533383,860.92192352560471,548.00901327217753,303.30583979702106,804.78043966732082,10.180757376992112,55.817604977630587,465.90097658346969,802.32419266562601,904.28331688781998,916.97733983699675,543.82404878554223,623.31456512355362,137.80699505213713,749.09061648756301,657.48607702936874,458.16375824135588,784.14797119652894,543.69594522261275,311.66887591678631,807.62357907078376,302.89817559754329,739.45286692988986,20.453158393468357,799.15340288987068,43.905923887379174,279.46778890688387,187.75427721836311,675.45250336331242,676.99411471679116,374.04567962611696,807.85204424305277,457.24429659819867,826.47667014669196,483.10467939034078,722.78335093337705,13.448749082034762,396.49586996697445,668.36577634269122,439.99970330751228,718.64373949056164,579.36990852282065,237.91397576803092,185.52690273215302,-22.511465351141563,-30.283871624473761,-40.857769155904393,-35.793796126130275,41.7869143703834,-61.264205784522304,-6.6294473031036816,57.198722879396023,32.546592883665653,-77.136881399851191,63.641771901208834,59.407031855709882,-42.546160446883306,25.357690157022336,-48.827807057195905,-61.509845774139094,-5.9534530241552588,67.577656856954277,-30.959780862322791,-65.630969905480711,76.13586127711919,8.8625486423564546,-84.720339668038562,-55.743339414166265,27.58841225532235,-74.316355038630789,-64.556512917685325,-26.960886151519155,46.882725650871848,-17.694637447762325,-2.7691063690337141,-14.854140620739688,76.532626787638804,49.132110977319996,-84.341509417251345,-8.5715876394260917,28.737040228494077,81.172416883592518,84.998666358729437,-61.922204043078217,-66.537814691569551,1.7308817621456396,5.1084517407505876,-7.3086607161163313,-49.420544511987266,-20.797319098285605,62.374365277886589,73.320127234835027,-73.395754865444232,17.133424400209492,-0.88594556468363495,61.619492711509778,35.067191249641667,9.7843291270198485,15.029179922750105,16.77419336611355,75.562919632744766,28.023961215196582,52.312160246826771,-73.291229169598992,-15.70945739781846,-73.264101192375406,-53.107764375010362,37.719122255669248,-71.996876768154152,-4.5273832902167257,-10.075398580513124,33.092538125164964,-68.577190460683866,7.8382317983167136,64.717171160356713,-46.496325312337717,74.430946664974229,-82.012606161061782,5.7469342896474984,-9.6719993202350523,-34.97839700269806,19.330294179829679,70.841746148427603,-1.0660093536510442,30.240368833028981,24.410109935197504,2.7444325483351628,-49.89126376707069,37.426809419932951,-29.140656365863745,-26.893277955449843,64.327205820068102,-26.831627239247229,-63.541262992072859,-7.0288598880517359,-65.325276141456229,76.74061546378104,49.834604784141064,83.89787744761405,-80.822644491999796,38.047966754112025,43.280212161916275,26.723479294164207,52.816069312083762
1000,-41900,2.0174921366852079,1000,191.22542153635925,679.37632376925615,58.946594601491107,216.59466356846164,106.1239880611535,765.73657347043809,77.041567259651003,373.21687197405066,617.33337249774831,148.04540445060553,30.544250567413343,1.9465050219384921,699.32600995631185,109.44796846042524,529.96601388067825,702.0114983840283,72.988913105762009,390.76630110000957,883.12919761761759,321.12170219646322,868.76254589132532,602.00108004367189,267.81223833349947,843.82406110564659,111.43824948259487,516.90850908888456,823.66647841642362,864.53301594725724,914.96304220073466,672.73728966270164,29.148060988218162,897.94493633883769,343.27064664284279,831.27220399901671,546.07554953300951,565.35420867484731,408.74513922613284,431.51833138313521,534.28475301107028,819.2227241585839,298.26680281575,662.89135477874902,390.43847223363611,598.57272251868483,286.82679653040066,217.15515364876777,109.19788597085795,164.74050346017586,223.77953225095862,48.818597882946513,234.25075526145952,193.14207842331763,624.4426057915407,619.76753595645312,349.63455634977134,196.40432565391518,900.36710345100846,543.97530766853185,270.15961449026958,778.79101433857898,924.13276724487696,212.51491571248079,676.28030449696575,724.04354928303098,855.35929403376338,943.98978166426491,515.74029869915591,810.48783650606856,138.02709769692257,748.17880252180805,635.50779807559275,456.20183403546093,827.13696492975623,679.16152340303711,307.10743085510018,855.63807480869127,295.48586202042617,756.32412934292199,535.89413365243786,799.29188704493242,336.67953490418773,779.31220380239381,187.59479811910799,714.96849051703316,677.06133215353236,372.50292982700631,821.64494572733486,455.26516936383365,779.05350256841666,464.57067394033078,721.46667150690735,11.315105528711207,412.00383184179577,830.72092958365351,88.978182761965797,820.24763922646707,579.74491102191712,191.62053564548464,65.774613064131415,-19.447034822525818,-29.783110992586543,-42.517967004472993,-72.777643298018347,50.07708803686684,-70.183315687299853,10.56853964737493,56.80015636699941,-23.461666300749172,-61.649180423405845,53.236781910875777,12.876503466108696,-42.571452372552976,18.781833863007432,-49.699709319991619,-56.753358354522405,-5.8293277185415269,67.683947957313023,63.578735080394026,-76.206395323154922,-42.329771569467873,6.369285153959094,-84.652660315073277,-31.042770470345761,30.035756810219304,-74.898265810814209,-60.972943421843482,-24.902722789305333,32.129931444038718,-17.116795097399329,-2.4050931905984188,-5.66033301203022,76.53432985514651,49.807735056768784,-81.376317913930961,16.772395775882444,29.051371918356974,80.707510735948688,-38.521776264433655,-62.07417907773597,-71.556197584664119,3.0331512681825901,4.9298193458140052,83.434476183012421,-26.910889776459303,-20.529204296811631,-11.976859527840647,72.024166415645112,-73.055903477155681,17.129659429555904,32.669718225195986,61.988660456460416,34.336855562021412,10.539415874035994,-4.7587407986890273,16.823992610064021,79.637531901184801,66.089517791369758,51.05548515195116,-78.603120228139545,72.292463351950602,-77.63840877364558,-44.556477128773913,38.576826258328467,-76.957995833625333,-73.636565003424906,-16.137196555504342,38.421113530691329,-68.573337584304696,8.5358157968216659,46.137530871946716,32.252102309577452,73.702644051342361,-81.910988478284892,4.6365517412902566,-9.9790732816892476,-35.573201260618909,-2.8050269940960177,81.901568561455576,-1.6000343400044921,31.694213874662314,81.895560173532033,-39.342556787665366,-45.829398817197799,37.511959160074142,-29.088011865085793,-25.050622772195034,71.29803986473344,-26.93922980286106,-74.758653023135466,-7.1874127484561097,-65.16518723751669,78.104636801427588,49.514617380877937,82.73952728162665,-81.928400950558498,34.283407368802877,45.720240586896985,-32.437623043361768,49.750812327783215
8600,-63200,2.0193900224885848,974.58154690456536,205.16594424211411,335.59961911406111,38.194607233426765,196.63976631317797,135.02750413464079,775.60707439027033,20.216738816350869,373.3875596678651,617.09420801203044,376.09443180024743,143.44320580391613,44.435380497286857,613.8202575461662,111.82290575605205,612.22216787407206,691.08646264238109,88.237223396539832,388.89160013312357,800.7058545567412,546.25810728796125,909.4535481223005,556.43089775999601,262.98906504652069,844.91850405853836,68.804544872145868,449.61608129219849,58.550434462704793,691.75606066293733,1000,642.29887201699125,690.77702292077606,946.57538456468956,288.99815565225987,835.41917942239934,603.77641424209185,911.81247740328718,932.84831607629258,412.15198506445063,511.23993531853159,889.36130285162972,668.82622678168207,637.41137078803831,370.56523369410712,597.77683094330939,272.92300125635427,112.6930778391812,303.94224627205494,170.63475097703579,570.34911280276606,45.012834513303005,811.43545460605264,190.63488456706921,624.50635077330458,650.99192992518488,348.24495323448423,210.21607944777915,75.052554694646574,438.37834737935384,274.61970922550103,456.75213143192536,929.08212912161616,637.25844205030785,293.03591309194559,122.93539673336238,891.50679133488063,561.69603974812219,541.68303582216356,770.28027934187958,138.45613280107372,750.58931655323761,633.27874682943673,460.60760947024181,827.51342489217166,656.93893523592749,287.06998264675155,854.80608390476027,320.11555413726188,642.22017626407171,595.37779245127581,796.72229373597065,413.95157217657561,171.94406455433139,183.48886760537451,740.05443678790687,667.69930988810097,380.85292451338142,750.15739832642998,455.8526503247632,888.15636988564268,486.48056927331208,780.18251411949439,767.25054272028478,379.29554421892806,660.34051719268314,447.49542874305359,723.88654283339201,587.33916621271362,188.5628487719986,45.445709663106385,-31.402083844452488,-34.807045421457886,-36.98776342234985,-33.271822075407229,49.446106093347353,-73.933647579463326,-73.829348237780962,55.831206363542186,27.753969891005696,-76.696152142708101,-47.978952381438248,9.5590017827122882,-42.358862186273484,22.037764745149222,-50.39299504254177,-1.3815906775931366,32.792706191634572,67.923809665865789,-34.72947219207434,39.460979854699985,54.891972445386656,-45.683522295045641,-78.808608844067592,-53.388029559359744,29.139983459998522,-74.613368767991389,39.496296912698121,40.23416518646075,19.323235515868266,-17.67406354289162,-2.8092193555651011,58.992466583310339,74.971891870453206,52.372909600917446,-76.138928736148401,14.810554905813758,23.466832327549177,80.675322369656797,84.132932711662363,-58.614717625649277,59.041836645562562,44.334234023896265,5.1927954646148935,80.605239731228153,-48.784379984996647,-76.2243472574891,-21.831440628485801,27.749090069123874,-82.463715555197737,16.926911546732377,-7.5406423239179032,60.91104425393673,35.056399545768826,-75.998091828928409,-0.6940337970908399,16.865488918497714,74.661395538164271,55.454085101356895,52.083948545260824,-81.333274682720145,60.185635788753252,-74.839674783364529,-49.124238321608281,4.0210055871911301,-82.832274560276232,-6.3207097445574583,42.072807212328961,36.004475807455371,-68.49639757155704,0.94854690706802458,45.990152241391442,25.830637506957949,71.242550068792411,-81.981019823578393,5.3007514300831495,-9.8345770097413538,-53.64431614430508,17.424146773688555,81.182780853348234,33.804122969433919,27.027745506891105,77.446264588874499,-0.45826851500547661,-54.548434040391527,40.939838319112518,-35.499928737786902,-25.378690032748771,71.852226982410343,-31.811424022588184,-68.979586360093208,-1.3423475116383512,-69.918600815404517,76.539811752408781,51.449251937759144,75.647556058243055,-77.088625810067569,36.051525074769529,-10.10389064343495,25.706151465748711,48.674838585949132
62200,-69300,2.0519441150345532,125.68310345468467,8.3908080819759796,340.51064424917581,59.103762058292894,225.13989306140769,160.44828810433404,768.26957879401562,356.4723197574865,385.73223019585089,617.87109939363791,383.8037640814448,312.60742943522024,347.34904276212694,82.070260296935828,103.72842388162366,505.4042754709663,709.81142820696812,64.982811813085533,382.60845309707673,803.01456118027579,305.26607918479863,872.04399470629039,562.19552038923132,261.77611034547925,845.5620352742128,927.17873116345936,430.68479874146129,51.666350099109025,930.88412688071207,920.54072899703419,234.46016573504534,819.86854753071339,970.32569901744625,503.35339879272965,819.75008336076314,582.4137101394158,557.92316802786502,1000,399.04643289673868,551.15955954521041,500.75119965526881,691.52941506472416,636.39549939587141,366.41141939780516,595.40556321666497,274.52626088550352,97.29387804128379,107.12498590748905,902.61792039996976,572.69948392156505,32.556888036561617,194.21144843152274,193.68357275080396,664.59769430869551,629.51836334598181,644.89080894579763,213.42846867383895,825.55072750612078,876.47237115270843,270.16321882096463,379.49098932957349,2.0515623364472049,591.89899458031118,249.03021188471126,137.69624562173055,833.56918987833876,848.2146047974868,530.17759903838726,768.61498067938953,139.85929530788013,747.7459057014438,929.16272115988886,445.70733005181904,815.21062981189618,566.43443856769613,260.47766035066275,905.80919155497133,280.91876792805039,759.78100811317984,600.80997144569085,801.90272399013634,280.13283260610194,168.66163761827329,186.93427881746024,765.25269589613583,671.2627497568086,334.47019484029249,126.86995549977274,458.19878195974286,818.58656164568913,468.31353374367984,721.60387055114529,12.955046780158362,760.42120216553781,812.18597630992895,460.12889801931686,725.19763702147338,589.43109946401535,192.80515989778843,57.165792030438872,-30.929560326771988,-29.884976413764079,24.244438009047485,-34.938323519742816,49.254257075554229,-64.634745209091534,9.750496744568018,51.838111628687763,31.629095665685725,12.009750857161603,54.776030350201516,10.279665379935718,-43.864008722999991,21.662327809929071,-49.711162357646593,-4.4313956256812874,-5.5921014099701942,67.750421582645643,67.005656830571596,-73.890267204305275,57.509965377789683,-40.555494370271433,-84.265992345080562,-55.635293902358541,34.685759070429064,-66.505042028057588,-66.707542456990438,40.42382902364924,36.879802319995065,-17.210879625217764,-0.46653115448020555,59.496544079707689,74.998679857595434,69.597927201899907,5.2427734028719559,-18.676290057036088,-8.2037488163200685,80.605794874441386,84.584914066766743,-58.45586205738531,-65.450176455808148,40.983890059528157,5.1147225482261627,83.251629045971399,-50.226317393829667,-55.840595895999385,52.094353160242861,22.967854289835536,-78.649174223742989,17.00682934401452,-4.3448866519259983,58.40526885757513,40.036520714651097,20.195965168624827,1.0494650752878789,20.925043287673823,73.903373981068611,55.047909354671845,51.994853575472668,-71.434081041612004,-26.178753875675447,-82.395568080829051,-48.807264775460872,33.295230064192737,-72.528930020506735,-65.388594190135791,50.241219905737481,-14.16488126525984,-68.583910952735081,-63.128441439533638,65.401987457438125,24.449768554856259,56.247157099392361,-81.60883682429693,5.3580852239379544,-9.408582201546853,-34.164253890962733,-10.454638024726028,82.115090643867703,0.1349749675704881,31.707454092542495,46.64944005586905,2.3931097426804637,-44.571954737444472,41.171047399909654,-35.937963348467498,-27.39196336261729,72.156091818791012,-32.211088667125118,-74.673010539201002,-4.0873157342979534,-62.126561504883384,24.3933810319269,48.612826666267516,81.797177756057764,-80.946942179758267,37.000308763410729,-10.300157772485001,-32.566378774867381,-84.164892919668688
1600,-48900,2.0214371545949912,1000,193.54489858725609,677.26655925013915,72.727362573070195,154.40904949755139,103.49690845832539,746.44118259507923,89.987110310924749,467.75625395762944,603.23139707985672,380.84328261740518,163.4840429128835,320.31050301387688,301.28440727265058,113.75763861991676,502.70124214840183,486.850216637237,92.05771167152426,388.43441823045998,865.18854037405913,312.28304708770037,872.02623465762406,605.37789575749434,267.88787782080658,845.9074530696912,600.62576578602943,460.82987731414357,845.25105327334279,685.9523988610265,150.44555564704808,661.43236181442421,663.53912186380887,912.43130569057314,344.55338299019945,812.00736105564135,554.6942534291785,465.46726980554553,418.19869588097276,429.64390668208631,682.54201447552634,804.28551669607555,725.06265512375649,437.23315588402568,742.42923860527378,593.46559538683994,260.24554026539676,216.99475835645535,111.2239808027479,180.44909211064333,95.208975691644838,43.688382382131692,233.3113372815524,189.10775437714634,627.57699119173492,875.35174969245645,349.31000081701683,211.28741978468784,44.8847313114033,894.86955802307466,269.16319693788171,804.16186661899781,7.1311502562490645,52.781940528429899,466.84190840616594,792.75864291999699,813.98283192445842,969.4720768788552,544.34471912673246,623.34155751007142,137.77145526208068,748.4797324863772,651.80541328961442,536.90210889287289,814.62861732004887,212.26592651424986,264.5314787452611,863.46792050394447,320.09320279515583,739.8390024148481,13.699091920256954,799.14486946926161,26.94024696355001,270.26884009851972,186.49794006866011,676.3434143669906,667.43532545031292,373.05616554954116,808.64219581585905,456.75047873142796,826.46459624727174,484.90116506218834,722.72509011013199,3.7256035291058769,396.45813906628621,800.25776328079098,465.44935870778409,719.42369859243729,587.09029423409368,229.20408025651938,59.93930673501594,-22.380497508816994,-31.035839018770499,-40.68054566113242,-33.810069850957866,41.934679055602871,-59.725094070868195,-70.180382560839291,52.816702054844342,32.078330859628046,-76.859209839708498,66.704612638328484,14.929956474259724,-42.555078917650029,21.624288343341842,-48.829864282087243,-69.491368662214214,-4.0338024240103083,67.916496911152038,-22.757994735520214,-65.630200063817298,23.978709566714222,12.345903272230025,-84.869008394630214,-54.48328239207536,29.029708304857891,-70.194028234920097,-64.909350125171599,-24.697868704037884,46.957177278324615,-8.9806161356860752,-2.1250552470926318,-14.464637347496824,76.532518023189027,49.160079770371681,5.6529348090273288,-9.2431156294801688,69.859269408878262,80.777927808273304,84.997422665789585,-62.31198884374691,-66.437211841648121,3.2996013940605735,5.1135668006522081,-9.0834212275634769,-26.798009155515835,-73.368173141923677,54.468486424075088,73.227835487178254,-73.3050179271019,17.133831392265918,-1.2457332923431239,61.620145132095921,35.050240344160372,4.7655090826373954,16.152637219143344,16.751226805930756,73.14914378104298,28.149591927115981,52.311064922000291,-69.765300975289009,-15.941923142809006,-42.332628338365602,-73.692724064696222,37.723627435215192,-55.542061077285837,-72.067506969691777,-11.997146236594038,33.094612881815443,-68.577172285299071,7.8280932985617824,-15.305902672519768,31.411434317495015,73.521536013329083,-82.405943921626076,5.4449539628319581,-9.6655161289071572,-35.622636313182355,-5.678122539228676,81.596656240970461,-0.89251862615024014,28.957921575517005,19.970714516590917,2.4432873863229108,-44.673433005050313,37.546654876970649,-29.248554223074994,-26.956664583617414,71.482081028811507,-26.869609936824499,-74.682075073254836,-6.9931455295796159,-61.316231890373345,78.1727947919793,49.735442644859418,83.895350076562252,-80.834827270516385,38.16374321674455,-22.372778002005393,26.743322314449649,56.190899905723114
3200,-55600,2.017366478215656,999.99999972669764,184.47673804744514,702.76628533428652,59.089175431827329,233.05636067787646,155.56404968370609,768.71209757915881,118.06008600785623,367.07130289421866,602.4989626007108,371.3215704221239,80.777598190233746,303.0347893211524,697.01939025239801,102.98768951865104,527.01938910305671,700.16732470460727,92.937006393828725,388.2804289107201,502.19177823758525,308.3564495896556,873.45880446804324,595.0093302699679,268.70458894935047,808.33307900429782,949.94198387389508,455.69831136980787,977.21808330666283,851.04598581902769,980.18239330345807,291.91991422222276,658.69008651919444,356.19946105988515,295.7928641196076,833.05676384116487,549.32038979647496,563.06511719367757,398.00476266134433,447.05749440742869,537.44943907186394,512.41701147748768,668.11499940578449,632.65025171647324,376.81628769959536,597.01719002823882,270.95950090184766,205.47219541714395,95.674540004445532,171.986586406177,304.60815126784007,50.491623325942172,221.20412176507608,190.99497147799613,630.16372461746516,843.76188610095426,307.04104482893183,196.58454719429756,202.64457021965757,548.74659538088235,301.45723952916501,470.70290671935408,112.46927227106181,53.198044637849243,678.30478363680561,62.846349735867818,530.97361360851187,946.00991924697735,544.77613986685753,640.10178479725664,138.35240302744029,739.29701444897989,632.99794611289133,498.150339121792,817.72606933919371,512.45046238805048,259.00662622387142,849.86691454307493,310.68540858758786,753.09781642696214,562.73476983419073,799.15422461418575,410.99830253018706,807.29415463545411,186.93801030266781,680.605331616336,677.33105361443222,426.8753465119226,818.57410671346122,477.13354702807277,857.37804130657719,416.9325859092562,720.56994201616794,14.741848309889447,793.84701709380454,666.43483287208187,94.498921113368908,711.08446833912433,586.82793983123634,240.79239866870066,33.110606178235976,-25.341512486659916,-30.469400131019615,34.620419229446959,-34.208275438764133,41.652022932157159,8.4314841288230298,-4.217439232432767,53.888059580132712,31.947651676521271,-62.620163389734557,55.185019734154778,9.546865732358814,-42.359749809995456,18.53936687697011,-49.760726856395351,-61.596633798625014,-5.7027662899294604,64.474516653188573,-31.757075291783917,-64.304005017511244,23.352224898196084,15.148670745305964,-82.806780473261455,-30.995287489446344,28.440626765654439,-70.134144975280705,-23.69348148057081,-21.344175471089351,35.061242191743574,-17.070750873887921,-2.8770616423705269,64.651392256597831,76.558387458922766,49.952904665108406,3.128848943679273,-19.192923138667553,29.200739623911392,80.72228426010625,-34.589875098648747,-58.166261171685427,-48.21796230085895,1.0656022023159031,5.0099579479107046,84.821491468380344,-26.95649325027944,-68.979969656228803,-10.632236741015488,23.797411223062991,-16.156301790418322,17.130796025978267,33.144834481979217,61.612488246713056,-7.2375293229708149,8.4255184648034138,17.05645168001368,21.55791257904114,-12.121407931378208,57.995110797238766,51.480574100469148,-79.023749233367269,55.90900648957895,44.66641891277893,-49.371617000692133,38.025315008217326,53.756313641121494,-69.976350601194582,41.905073423337875,-2.918841581550307,-68.580327070687673,-56.322707865303144,48.135018404815192,27.638676438015253,70.897614733971409,-81.929822747673398,4.839301035717563,-8.5759958091322108,-36.788784097116846,-9.2925071354177859,81.274907593160933,14.006320613971621,34.120236303969179,21.309419167667883,-2.9283791217081863,-35.723303141181361,37.33079970664857,-34.272867443074368,-25.611581464081375,72.670507028359552,-25.969094466513141,-74.753556400455309,-7.0208598057391072,-65.150876857844665,76.07715408521689,49.382193742904505,82.769210742665564,-80.35403242688119,28.685118161101851,-23.797099790735771,-32.132513371654866,49.637808531059854
39400,-66700,2.0176017478383539,434.85707731268474,172.44246251192089,652.43574723976951,38.558800727901129,232.43670587739896,131.76496171011527,764.53851482641608,114.51822805183929,368.15702581300684,602.46961475755768,375.56359694900124,40.213345898980613,308.37121048279664,694.50298252608388,103.31749012054399,527.5462342682606,497.9548532578039,88.872038217591296,390.94927646551935,857.26705011770662,550.03460929802327,869.84645557039278,599.16844093408588,268.73386065237213,809.34072044683091,54.807530980892068,458.94577531725992,819.17812544148364,796.58753219213384,953.52243049412414,295.50439954935018,744.08482780856116,944.60820387349554,635.39228344998764,832.81799757192277,604.71151659366865,603.9992149095159,933.48726506509206,431.37217569710265,537.95141590967035,815.14869562509807,667.86292685804221,635.53245813351316,376.93079062486828,597.67818128254999,258.71194221446399,194.35279461032883,108.05048552744286,171.65332310575261,213.43895727429233,38.26195245237178,190.29686140579287,190.6094126926715,658.89098797739302,848.90433271567224,348.4684228226298,196.72109180747032,213.48982344944346,871.34392739945588,275.13446420982405,560.97442925353607,81.132027673640778,629.39273286689365,655.32447195475015,150.24155450042701,820.69757332824213,967.70055734062282,517.01698045766909,766.78190039374294,140.96644865946527,748.44909987985227,924.06102151384812,459.56019956989854,829.51193651260792,620.82611924237574,280.6871426204263,805.75616410167254,289.87215977087419,647.188021897819,579.59540511579848,796.44518249123087,344.49892288081458,792.62737805089614,186.88900196907318,725.89476396472821,677.24035740073134,343.92879121767697,174.87136746884795,455.51799309458039,827.20110209944153,488.76836360073668,781.95610203394267,739.1634953152377,445.19980527633652,680.43682585771569,96.372984746718686,819.98074060289525,587.50122063330707,203.60600449807504,51.815768871353043,-31.325559174336124,-34.911218640781662,-41.395895923567458,-34.887875736017207,49.404312506159435,7.653337755525321,-5.2813620447678602,-14.661536424850318,31.974150706611724,-62.63553620502536,55.880870092911529,11.128389226941628,-44.093038576802414,21.726889350586848,-50.390493793097065,-0.35381613882051255,-8.2095459782834705,67.684352402659528,-35.482587212767079,-67.156405724594435,25.748961837512262,8.8104414007997818,-82.865549884080991,-25.607568727411536,28.847701019229508,-70.228367372745467,39.006597595833568,-26.314548286401987,29.934519856674779,-17.066110572108446,-2.4058373593784692,65.008504370702084,76.669580496238964,49.913993325001194,-81.066159776841801,15.462887520602582,28.034386693036023,80.659062522523371,-44.877167555074109,-58.911026352624717,-48.155254008949299,47.811646025562872,-11.992386088313584,-9.2969336926512689,-27.077066982948331,-73.795767558666668,-22.092836984012138,27.789516817110982,-81.677462222938487,16.774311368040415,-5.8359168128128314,60.886992923846989,34.129291753885369,9.076051548673723,11.603925840263155,20.580348251951161,-13.408627932606777,30.331595950329021,51.102681551149502,59.299191694217264,54.74332783130248,65.255414830363392,-53.747506287812364,35.504993697751232,-55.696687703656004,-64.767765369633466,41.859730457280882,36.239816115294943,-68.580735468597879,8.1823753494643334,45.77825049377045,25.068369417915942,70.120407402891971,-81.856339644810461,5.2811042022195522,-8.8697214033782821,-37.064986064349277,17.445689789132249,71.960674096696849,34.582777509699937,31.660575167512455,22.696905673831033,-1.6816117100780639,-43.905771850701811,37.326473516547722,-35.956942472952505,-43.797280960671792,64.991223575125829,-30.679424291118689,-69.415822600659311,-4.2768322155523402,-63.558701624900827,77.41136672727697,49.51634129911065,83.715614862916141,-81.314519643696485,37.611593704471822,-12.152459371541301,-32.21896418696781,50.302182194178116
18500,-64300,2.0582897897582515,908.97360053468094,6.1937569495484599,342.63216723223758,56.947334400085126,234.87622398431211,138.5055226747111,773.26664018826159,337.32528027996875,485.45572612488724,604.3278558384427,321.15260148957157,95.497659786158138,99.451765617247361,76.785750139440168,80.86978725401282,530.94546257709135,533.17760075602121,165.65256891438935,388.81480920746878,812.56766525222201,543.40232502217282,922.68815172054065,568.46210220210185,265.3500921479087,871.76860255603503,909.04844252879525,130.36765737098483,4.5308518872682271,772.79060198563104,973.19856735017788,179.54611033428483,764.22314955894501,918.95455441985735,341.7160581555849,848.54793756965262,602.20100822302265,467.2936590421902,958.90806403388478,423.92758763093144,460.00596725000986,824.8421582638415,684.09575367439334,657.73891277723499,375.40019294139483,598.28073750185206,258.39564527750991,192.02466521855501,101.74462506897568,161.34867392756257,551.57849679604044,36.856021517243391,828.98903624059722,189.0705292950401,656.54578299818638,633.15004686937289,365.19245370971908,210.9502151632949,767.97798008694645,433.60345954436315,270.39463813514379,766.71171661540393,889.00766066107929,30.14542797647556,300.02848726392978,816.92009063894693,898.49310549555241,942.7583157686189,490.16514294267381,646.76177085280654,140.11908166578147,748.27226287396695,619.65534779055452,459.29363507965019,812.3053298466873,182.86188185542329,273.6918325762901,819.66430509290478,291.9353458918963,774.81365349042505,82.452554570890115,796.89535088753644,281.80966349805027,171.76097598651077,155.87647521249536,743.4781572563503,678.39784004084026,328.25632103044057,721.26746761488039,480.78102472574483,821.72657794260385,485.45218400921198,721.8839465885934,3.4277468642338844,749.45094192318652,802.34361904941693,420.17461999087499,724.93328437199784,582.67911424452359,194.339118695407,190.41221154766288,-31.389650906282544,-37.7154528850497,-36.5328099345667,-33.863889182499612,50.706299384576269,-0.033264442385705362,-72.919672313715097,54.475523502741012,22.778462992886848,-61.322428841290893,49.312533845869076,12.043981886532707,-43.057693047509872,17.363244801127394,-49.326880245459627,4.0429910975881551,-10.528015699122173,60.099386053362906,-40.250082956629896,-5.0186940902384904,75.219969352804839,3.9828937267511968,-84.678052366833384,-23.960393548508797,25.363557173281858,-74.612083343057151,-64.446117856227119,-38.189153375180155,-49.376786919195332,-17.601069685866367,-2.7638708092838984,67.286693328005597,77.134384401079771,64.304589664047853,-18.889841090138106,-20.358449305319088,22.253816591512923,80.588522466643113,83.485885587790165,-55.506001399377531,74.452380606926582,-2.4534668383334441,4.4339175701671412,-16.598106005949933,-24.620155639970662,-75.371712980729583,-10.708070676814671,23.316951748403913,-79.241381499633022,16.966553352440815,3.4739476796102502,58.398390478615447,34.061651343342696,3.7765349631614029,-2.8496414768147895,16.224376834071613,81.124417119605539,-9.1236217925977936,52.373024589970719,-83.138717359774091,-19.908639223277532,-41.176489022746992,-53.214300893239098,6.912288782806149,-65.936598287822719,-71.926630286273905,80.600631355967195,39.094300239029259,-68.616004934912169,3.2799183816370059,65.190076139114581,27.719639453791423,9.2114122950664203,-84.116383623923184,5.0345346642767632,-9.4429052464277117,-54.121126940484608,-12.341134474494256,71.697010100007361,0.68360653058630272,30.785639569390298,48.946915611276893,-1.2789362147411012,-45.237557884369629,37.414271838589109,-38.678384090659293,-27.320642716167114,32.246805658316696,-26.898834163466542,-77.063301344786026,-4.5796671093309005,-61.978516799201451,29.823769020342581,48.892380579940436,74.770779568982249,-80.614302751037783,37.0146821897807,39.450857434742765,28.500918701238483,48.911157268688754
400,-30200,2.0171459667239402,1000,191.96900807051236,704.24316635992182,72.876550660287933,223.84164675974824,133.83312010971349,766.16641218106395,349.44200342674981,373.07284400410128,617.60057375626184,114.05472774849287,38.315392925898962,255.52763224972745,693.0885508922936,109.04405641888447,503.78690411322157,709.0845033354301,93.130662779733257,394.94312072184891,499.83161220953298,319.54374629355891,872.63614324677894,560.77821596480817,260.58556320196965,867.722152098641,901.85475464858177,452.8590106205088,1000,687.87149783590894,981.28410391524596,681.41399465983818,195.31985362027166,961.65615667478914,630.87664010859305,813.32531099302867,478.64916759231647,576.21821835457604,417.76170747558581,426.35397079815817,525.29192736980167,513.824993548473,659.05777586269005,662.91121813197356,803.77393922909653,598.1769705011925,258.85733588079586,209.14801089970567,112.9434607319543,158.77498068087584,207.520808924958,28.571634095469097,236.39932236240307,196.3228029988656,653.72053961531287,869.25849854647583,351.61002955403632,182.7804874220908,45.070943189666124,900.08957388053648,273.85921735190232,364.34292594858766,931.22573750087497,561.25621051451117,634.9680221926692,63.486189058487241,908.02196717537322,915.78037746221059,516.81193164803835,793.57554312348782,140.7826977731107,725.70832095674757,622.07068514411685,461.89268468747622,814.87647594792827,158.11787524963657,272.6414539141914,844.11230064684128,298.02450339675539,774.74559307243919,95.716943221567021,801.68795781648964,431.3499727529163,758.31041517782785,184.36370683816372,346.88307808010666,677.03633773370245,423.3962970087419,820.83123281574058,455.2512789592426,825.21531228215747,430.46136693313809,721.47846032563496,14.082023208719725,756.84867422454249,665.15373889807483,434.06867517178614,711.82712923481574,579.40942451958676,193.13645571061488,30.774700204736796,-13.996419945040198,-23.493183458101345,-37.425746117495706,-34.43885192111955,42.106809589371302,-3.7917281897607396,21.310058814731416,53.548720657688456,33.999325557760621,-61.880778532154572,54.822373777102705,13.481262231684987,-43.80604692898406,18.477851404631775,-49.69870047177433,-4.9761005581995921,-5.6041946249266941,67.755866180414941,66.086850707625601,-65.290274613003703,25.122950943431778,8.0647134013069213,-83.367032285008491,-25.542011511326088,29.402461186844647,-66.249621948667709,-65.534424134847896,-20.496587636478459,-49.596550652267275,-17.655381967278164,-2.5621908010952521,-13.96264854594509,76.598857097180129,54.780501689804524,-83.308929172455109,-16.836392017653438,28.809054557848604,81.123155058687885,82.468120869410825,-58.626772947779337,-75.000203555417045,-5.1731812407520597,5.1989786387965085,77.891095138052236,-25.900943976861967,-67.89514854863863,-8.8139881687413499,30.129956913952785,-14.409292029599662,17.502258247983459,25.755246405581836,61.164364847459986,-9.2145053528272918,10.809025423902293,-3.8471347327426955,16.786987295057468,83.176598305000397,-8.1946693470111018,51.174408834167686,-69.705960411659746,66.674855125467488,-38.946385808152442,-49.036860254152494,37.810794346172166,-74.768209918559194,-73.769501650917348,44.076389164141965,36.859165967941323,-68.624891465105406,0.7010227001274103,46.182182469493995,-38.852829363933978,64.871472459619923,-83.830153118021528,5.2727570453933144,-10.086954980280092,-36.974816318808919,-3.3834386068180278,81.720740872180514,15.272302162390497,31.63811170519071,26.75793096163877,-4.7041073960238844,-43.028821760805144,39.288228010438878,-35.176509800138454,-47.477739101942952,72.060049604964561,-26.553831840532332,-70.312534410845529,-3.1898738401355975,-65.700017027645529,37.052976197095134,49.58861283154279,82.714925458152294,-80.873241813532488,36.104131241121287,-7.2294255422417502,31.580889712343851,51.459279365248875
1100,-44300,2.0173536644383372,1000,192.85985486282991,679.04057280830091,72.449915043257732,189.66390865879649,103.24897716539388,753.17121998636389,40.970328527323858,368.49185623965104,604.8568102156288,380.72034457919972,165.4178266766022,0.7909041115929677,618.4212418948315,112.22958028471911,528.2690221594504,708.04368414256032,92.075148993467934,388.87796450490379,858.38838949375247,320.17541522656956,872.74105307780962,564.01109664949649,267.86348257905058,871.33548063774242,947.91803589551876,455.54462825369563,797.32410356510832,864.97464362422534,976.59742231298208,667.22216983125531,117.73271687790026,362.35873455296525,320.02716720882603,811.61305138747684,479.7452656221019,852.05097235937808,416.56746650644931,427.96846217269558,668.57402485766977,526.0271384853279,694.89260880634424,636.78126741722497,760.72282740392768,598.13213552438583,259.7260638607795,213.16384068844798,112.88723958972676,175.32200797086412,573.87877337500072,49.527705161213675,236.83453402904314,196.34981394774024,627.70265746861082,873.66866563322833,348.96493584619344,183.73316964346253,47.271779514817325,881.49645223726111,269.33939577113858,492.26939596289242,92.535764940151353,52.399220322214177,466.90929723927769,52.453655272195647,813.24906570266035,522.03696175958044,543.402933486645,797.55017857870746,138.35889372724608,749.19233284383404,942.37540837680035,455.19068818964212,814.03409633498939,138.96952478839856,312.03954752607285,853.62373421010147,296.25937129084042,758.46641909333607,80.079130185744745,799.19822242630028,43.317696318520149,824.06427927171512,186.34638210740937,725.43410602998279,677.0255317984122,422.52168483218747,811.87888515933059,456.76688117017517,826.25295198791252,449.9444733860833,721.70962935802527,10.825021727124758,396.7109229627178,664.50775464121011,439.28235488707475,711.67088217737955,587.30182769609667,241.36388948779251,81.957564099351103,-20.458457488058468,-30.254945454763202,-42.490653123055708,-34.905049270555097,41.920318536127603,10.289976662781601,19.714536797129771,56.737485613110351,33.901179800651597,-61.635950574013989,62.084287395075776,15.053170442001845,-42.556738809896025,18.434244062522929,-48.65383280757635,-57.705524628207741,-9.4906165600486787,67.843692432383619,-35.765619993863147,-65.520380481962988,25.405581048260959,10.942211309180841,-84.732296172818295,-25.144861449783633,28.85245648234233,-70.174192282659448,-24.142497696476351,-23.387354730662835,44.939756093822481,-17.489300062023368,-2.5152577211850757,-11.06580606195249,74.885855433353484,49.661495056588684,-62.688196056074688,17.659235327155788,28.876861154719915,80.710834536703572,84.723255214543954,-58.5929651390313,-54.08705085375847,52.912152208604198,4.8860870702862647,73.602218782640492,-28.541595644111972,-69.178311784878389,-11.966516393586357,24.06312353391414,-81.649184756306482,17.136796816615696,27.865357045373049,61.657322942035783,35.831636252588723,23.073734075429833,15.230341803268768,16.787926771382523,22.166842929526219,-5.8744566886049014,51.577865931264775,-69.797086327183465,-15.815710415094753,-82.303131442937683,-49.712538157401688,37.961436259860989,50.890387127773948,-72.008924530913674,-14.455043935901756,32.789986824093837,-68.621174480771813,-54.127913885493911,64.546942872128326,18.905082939947192,65.314458025013792,-84.124549328919244,5.5621590581387927,-9.7023918028419143,-37.06535310310143,16.438205732413849,81.711296133903758,1.9062734495522236,29.000266317633383,75.116029993992285,-37.884552304540975,-37.945160685753493,37.466638027717849,-29.01636574591112,-46.68170033975607,72.08026538256432,-26.474067874820431,-66.549407646471991,-4.0384460288994468,-65.223513936220158,76.041547908521792,49.489191244599219,84.082573307206147,-81.045342827919882,36.020947152298433,-6.2807821006536102,-30.038205813195876,47.904861439254326
37300,-66400,2.0170945098041702,574.95779491981796,7.2637811790451963,702.878331827034,59.32834830561319,181.22424974971028,133.8793331982987,752.70134973797963,120.93157689047756,373.47699536096957,603.77330490727661,359.28025709859673,38.542192042202437,315.51001126558958,257.67069402130323,80.982160032058729,589.43150638121119,708.96318672832012,468.61326588107136,390.83581551168078,826.73249497937775,319.10477378902647,921.37074677741907,562.6125088452136,267.77618165778739,843.76542855327727,150.42575768191341,468.78716720789458,989.40092328203229,779.27702502710224,979.31952472803425,222.96797354494959,792.24683113756032,917.18242696747416,637.65835203627648,832.31267917020807,482.06297433010502,585.86936901716388,427.88655029088966,455.75494364771015,525.36863502887991,493.66595951635821,689.11617457728198,662.95478933057723,329.15061889647353,598.28860721772639,278.03887870961319,230.73002907655277,345.77721007506068,164.1250383814851,204.99364672882095,28.533504586959314,251.68623199524103,189.02772342536295,624.71938132254854,631.87999684822887,346.2545111907848,236.97130090706321,897.45238608434727,579.79496832020391,265.98948341151674,443.11150217628528,133.35767889411909,19.934372320600744,414.30729774386555,72.980342989417863,828.82098451570346,910.41299243783101,545.34715748255019,639.15547630706374,140.71306577383049,727.20244037646,935.54819623188018,514.76211172727028,814.38643745978789,629.99103324789439,339.13696757162927,801.57070396537097,315.21054424455082,656.59132054367728,633.11974754080029,800.7001658741533,58.940971919987419,258.70656211789844,184.39783745440781,830.36689720870527,677.40230654466131,369.78706999289903,72.629418472541545,456.50946744257988,445.51938964681329,429.86865496115001,721.27501724150909,26.13620350886135,751.08782596716605,663.07138715643453,96.525065922955207,722.40892187584529,614.5551493393682,194.80346701552784,32.25996525405553,-31.403684679381556,-29.285228041305352,-36.232233760192798,-38.351469037251661,42.489322483973012,0.44741995642196386,-77.325436489664,61.394172966834731,48.762480715681662,-62.343415995034363,40.55331748231152,59.824803386641733,-43.814809626675093,21.565617875333142,-49.594204706441651,-60.544565198271812,-5.3054268521114896,64.697761899908187,62.233278760206794,-64.896539454706513,24.256561068480313,-50.211164478788639,36.940892710006722,-51.885116370153881,31.209523774196281,-75.269055191429601,-65.319706264546042,-32.702064308195894,34.19176757885019,-7.9846100111067662,-2.5680370307695517,-11.544092765579553,75.021259916575829,53.650053951944273,2.0816024229109451,-16.68965088933712,30.380319163107732,83.517419111551703,-52.93400765189071,-58.314314430174953,-75.388792971143246,0.36240978001708513,4.9150302789790006,-5.4352592860850351,-26.922390346497412,-68.246133014118456,56.301575245740253,25.667553781961836,-11.934557715014925,17.039225423193905,35.328970733017158,61.167425317103927,35.035429448812884,9.7009369720188445,-3.361175480869325,16.622194076508734,-8.6509625366945002,-10.776469119352836,53.337416042903648,-69.220201502946537,72.186198735370013,-77.191364845103507,-49.69854681383719,44.463398522553561,-73.891943331581487,-72.548330938715409,73.301753783600702,37.621168228529228,-68.624094203412525,-4.9022442024569388,46.154150426926002,-41.34581171610138,62.520852807254684,-84.845217764084083,-17.540633095607326,-10.080121516415293,-36.867440123049278,18.557802697808118,81.595091523256158,30.438773603312939,30.1610750847925,26.628339680738154,-2.9645116701999572,49.166087166863427,39.583078424417344,-35.271961018829479,-25.873255557459441,72.351109561870302,-25.443133011741857,-74.979076903571439,-7.0700064662675262,-65.626560820849136,23.064156120883077,48.824618133637067,82.696975443595207,-80.780196863266028,36.100641505998631,-12.769330981622772,24.962999292881083,16.583503634868837
3200,-55600,2.017366478215656,999.99999972669764,184.47673804744514,702.76628533428652,59.089175431827329,233.05636067787646,155.56404968370609,768.71209757915881,118.06008600785623,367.07130289421866,602.4989626007108,371.3215704221239,80.777598190233746,303.0347893211524,697.01939025239801,102.98768951865104,527.01938910305671,700.16732470460727,92.937006393828725,388.2804289107201,502.19177823758525,308.3564495896556,873.45880446804324,595.0093302699679,268.70458894935047,808.33307900429782,949.94198387389508,455.69831136980787,977.21808330666283,851.04598581902769,980.18239330345807,291.91991422222276,658.69008651919444,356.19946105988515,295.7928641196076,833.05676384116487,549.32038979647496,563.06511719367757,398.00476266134433,447.05749440742869,537.44943907186394,512.41701147748768,668.11499940578449,632.65025171647324,376.81628769959536,597.01719002823882,270.95950090184766,205.47219541714395,95.674540004445532,171.986586406177,304.60815126784007,50.491623325942172,221.20412176507608,190.99497147799613,630.16372461746516,843.76188610095426,307.04104482893183,196.58454719429756,202.64457021965757,548.74659538088235,301.45723952916501,470.70290671935408,112.46927227106181,53.198044637849243,678.30478363680561,62.846349735867818,530.97361360851187,946.00991924697735,544.77613986685753,640.10178479725664,138.35240302744029,739.29701444897989,632.99794611289133,498.150339121792,817.72606933919371,512.45046238805048,259.00662622387142,849.86691454307493,310.68540858758786,753.09781642696214,562.73476983419073,799.15422461418575,410.99830253018706,807.29415463545411,186.93801030266781,680.605331616336,677.33105361443222,426.8753465119226,818.57410671346122,477.13354702807277,857.37804130657719,416.9325859092562,720.56994201616794,14.741848309889447,793.84701709380454,666.43483287208187,94.498921113368908,711.08446833912433,586.82793983123634,240.79239866870066,33.110606178235976,-25.341512486659916,-30.469400131019615,34.620419229446959,-34.208275438764133,41.652022932157159,8.4314841288230298,-4.217439232432767,53.888059580132712,31.947651676521271,-62.620163389734557,55.185019734154778,9.546865732358814,-42.359749809995456,18.53936687697011,-49.760726856395351,-61.596633798625014,-5.7027662899294604,64.474516653188573,-31.757075291783917,-64.304005017511244,23.352224898196084,15.148670745305964,-82.806780473261455,-30.995287489446344,28.440626765654439,-70.134144975280705,-23.69348148057081,-21.344175471089351,35.061242191743574,-17.070750873887921,-2.8770616423705269,64.651392256597831,76.558387458922766,49.952904665108406,3.128848943679273,-19.192923138667553,29.200739623911392,80.72228426010625,-34.589875098648747,-58.166261171685427,-48.21796230085895,1.0656022023159031,5.0099579479107046,84.821491468380344,-26.95649325027944,-68.979969656228803,-10.632236741015488,23.797411223062991,-16.156301790418322,17.130796025978267,33.144834481979217,61.612488246713056,-7.2375293229708149,8.4255184648034138,17.05645168001368,21.55791257904114,-12.121407931378208,57.995110797238766,51.480574100469148,-79.023749233367269,55.90900648957895,44.66641891277893,-49.371617000692133,38.025315008217326,53.756313641121494,-69.976350601194582,41.905073423337875,-2.918841581550307,-68.580327070687673,-56.322707865303144,48.135018404815192,27.638676438015253,70.897614733971409,-81.929822747673398,4.839301035717563,-8.5759958091322108,-36.788784097116846,-9.2925071354177859,81.274907593160933,14.006320613971621,34.120236303969179,21.309419167667883,-2.9283791217081863,-35.723303141181361,37.33079970664857,-34.272867443074368,-25.611581464081375,72.670507028359552,-25.969094466513141,-74.753556400455309,-7.0208598057391072,-65.150876857844665,76.07715408521689,49.382193742904505,82.769210742665564,-80.35403242688119,28.685118161101851,-23.797099790735771,-32.132513371654866,49.637808531059854
400,-30200,2.0171512803643021,999.9990472720915,191.30106743832093,680.63445580689279,72.868010523864683,224.13774294061864,133.95891281297955,560.43855218814963,350.54818463983634,373.22456565759444,604.98289136427081,539.07768024800976,81.192695055795326,42.209543870056379,621.94034654344512,109.0068309942026,503.94691386901951,723.8666544707703,92.704543306942057,395.04408025854895,482.18140742639736,307.54582208428246,868.84391348158908,565.14993019865426,260.44728499137926,868.76083678541022,901.85132674767203,463.96283524551649,998.92666983628578,691.3831297692642,980.70238469599485,227.81588852291222,672.69057773021871,966.93219785487906,323.26446220569562,813.89575101135881,478.6540131444732,574.83739769013937,391.66175459640755,426.3690901204269,519.82783905161909,513.71827888033624,659.40831250763506,630.34770168480065,837.78036576363866,598.17718408851636,270.06436484642347,209.1537081212746,112.83864022415081,158.94292089553016,201.35633800407922,50.746609915661551,236.4302613736576,196.26460243732978,651.8139735083123,648.2384361012605,351.61318779160649,203.28137716539899,51.069008479189137,902.14385484387105,273.87854419929448,487.05437519070693,979.46772742391181,570.93344279071619,466.07599557851495,61.963815009897964,908.87323722805809,914.99977521754499,471.04928485223985,799.42174357521549,138.33593551903891,739.54447328017511,622.16552732703508,456.58454015345552,814.88585084864326,519.56878973846665,273.17178517514594,844.13535672581793,310.59425339125693,740.80743655530352,91.07608644076376,801.63684991796254,410.87707197387317,770.06718414874149,184.37060836485446,330.58280048407573,677.03289734428597,373.52324062245401,820.77912561035373,481.25537348744092,826.18990747263854,449.67111717710566,736.44504072958205,13.097643627224373,756.78512803949377,671.47066287265591,469.02088037260671,710.37035927573027,579.43338376363795,239.41968513284755,30.588745097584383,-14.010076320643126,-23.480253434340653,32.826571403502065,-34.640033340056625,41.653344022177599,-4.0440470264888866,21.514904630674636,53.542093461580343,33.751456791389657,-62.566174001242956,51.761560713660913,56.916174056203687,-42.541347873821934,18.363250550435062,-49.698754005165526,-59.119742956918387,-5.7939236992194179,67.836934449989101,-27.826365031246716,-65.400984401414149,25.13633891105367,8.0345155502149055,-82.625071424063051,-31.097908166867377,29.391532655635356,-70.265099875885653,-63.069221305616765,-21.815036289169452,33.253725709792043,-17.581574538958474,-2.9976317116753899,48.152697470798373,75.069751488160193,50.237156829019654,-83.446068753098501,-17.306056006433508,29.119148255493847,81.092958361143459,82.532231784560594,-58.629246776945088,-54.307422525108251,-4.8418365433416968,5.130594864940317,78.108963618047326,-28.187639976903803,-67.832526122366346,-10.48199237818605,29.983175020207689,-15.554781587342706,17.501224255445941,25.755200021764971,57.526688852121168,-3.0346818009637815,28.562266363726227,16.881585275105252,16.856571693829068,76.957071338168845,-9.3833416748188228,51.259471424984106,-69.951335868029176,-11.207859388501351,51.19444317861992,-49.037953026001745,37.824025611759012,-73.219564765964435,-73.819030459535327,44.128994485609162,39.492600518975635,-68.626499430666655,-60.146206478182336,45.672220281271301,17.305850016870771,65.334059227428497,-81.886715059756355,5.2837697896642233,-8.7098240997684115,-36.979624848248967,-3.8866731668845906,81.733004732347425,14.574328526270302,31.59681054717915,26.658928398878309,-36.988171814493434,-43.033309321527639,39.313626733571745,-35.182983157030151,-45.997208625316468,73.001399402769209,-26.559463248614758,-70.309917488009916,-6.9188657550829102,-65.164493168902411,36.463427031683494,51.432503250826194,82.715254820267177,-80.872420359197264,36.105916709315622,-7.2289582399036139,-31.194301493939395,51.477180990438718
3500,-57600,2.0176221765172118,999.99999972818682,193.38864892704885,703.54223494600149,58.91381936223577,233.14614630637038,155.3269348528313,764.24379866128675,114.35722028699362,368.16924629063686,602.509768074156,367.03921150328364,41.552132786254489,286.77222497967421,697.07208454016882,102.99366644815288,527.25779178020753,699.99053890426069,93.138657472893229,390.91125007211218,794.94188045676685,304.29555820076263,870.62198099391674,595.28537056553216,268.72487863980092,809.75090777564992,981.36233602977313,455.70170179346604,820.04290243194259,698.05836288005025,998.42146349715324,286.84750076452116,194.4930594259622,909.83510307346296,650.35282865120189,832.81840809487915,552.73816754880716,592.87796967015129,408.44071848206289,446.52941129456673,537.98999310861109,880.43166739174376,667.88913854760426,663.70516989719613,376.76816796814774,597.01235444469285,258.92939644614472,216.00506861814199,109.99244875075931,171.68991789039143,217.66418328039211,38.242311285639438,1000,188.98612893054101,652.71217037661756,843.67338349109093,348.65268074986653,196.5037319265482,207.80203615981907,535.93390760505565,304.24195813552632,771.89504391987771,975.59454788859364,56.816484576119215,665.03862538485055,803.34261011320757,535.15062617956926,942.42754095096393,517.02735905637667,623.75972524873612,140.98431564597138,748.15913856228792,923.25067865252822,498.17424425771799,785.17903695710959,627.61572350422125,279.91864902251001,855.74058376505013,301.92264888729471,661.11781262496527,563.31971280017046,798.78307655873346,344.700942540749,809.14509047378942,186.89901168152389,680.17041684549235,677.33749067982319,343.28887896895884,818.45172674490709,476.86544606612341,856.38948407017585,417.59929077085832,720.86774522942108,10.184800516793924,430.40912616145221,681.2713268017211,93.826371908003495,724.16934183659112,586.82618697383623,194.47378124830391,37.194988108414094,-26.101946106211887,-31.100727694846338,-41.372486988983994,-34.244023804830093,42.429104978548871,9.6366136969044049,-7.0775239265056911,57.224082522958469,31.949908790958094,-62.20780187514017,56.016953309608972,11.002314961309356,-42.35534068445137,18.447175531468961,-49.764003545185574,-61.377744318350665,-5.7082005269907192,67.681071532882186,62.526314698587242,-64.384792479837444,25.40559804713131,8.8886015992713521,-82.782886288473165,-30.778882861917999,28.440814654362768,-69.883765602242306,-19.166607542298539,-30.935186796106478,30.632678678992562,-17.075490609626954,-2.8751477196841817,64.818545407949898,76.555511127191934,49.950418880030767,-81.240868961483443,20.642588396369614,29.196787534528497,80.743331232655635,-35.967503647106611,-59.897272305784547,-48.151942671976279,1.0389106984433853,4.8738729949399193,-9.1584899243275117,-26.969590668236226,-73.759698004407255,-12.220888962805912,23.812518757193097,-79.209950276019725,22.825426310151688,33.005945946607497,61.59017588066137,33.778687050868562,9.0695512166365369,11.938845359649978,20.642127476519057,-14.84886572768869,67.719128798853859,51.121756955697016,-70.339104569108997,55.122059517267935,47.682696077155484,-53.706038379495865,38.02748313823551,-77.120516216837601,-3.3014473879718764,41.889330323533855,-3.6050467560133299,-68.580361488713507,8.4006415927562816,34.999689966021862,27.721843751987411,-21.543155314120053,-84.010509011414726,5.3182632204757239,-8.6391678950825561,-37.077015814872397,17.570869410064567,71.299291389997393,0.11558001748669255,31.695970077770795,22.683985404978653,-1.7174669705723851,65.610336240163946,37.33009110953234,-34.492299753989698,-25.393971328276645,72.673595483459479,-34.359918921768141,-74.777549831802503,-7.0547025077199725,-63.588522358077768,76.548748014540323,49.441304841471897,83.72155845333964,-80.902963110284261,37.73846793891606,-23.629578382234872,-32.197144330164605,50.087253272182352
700,-37100,2.0213878621024408,1000,193.54463007247227,676.26548112591149,72.444720484902774,151.84326987454924,101.76197019235096,758.71511450536536,31.466677418335998,368.25054906952988,617.7485305948112,178.97968414350512,30.038486098002316,286.77560425294411,684.74531451213454,113.6021805956547,507.47825691928995,697.43718024085342,477.28785483854324,388.88130728298631,828.21745321876881,314.502520239219,939.51681814530059,556.44088104258947,260.60506896590721,845.40157982890253,83.592600345619871,134.76265231255726,847.48781855716788,869.57162408564955,202.7492796521351,256.25970697047609,189.63280032811016,863.91109505542966,653.93719951474156,835.18027733005488,546.17830089507254,454.6951411937066,956.54405052162429,425.09178727225913,548.07541248612688,467.37349650871886,657.42540002725366,636.31879134332814,385.86492681824006,598.20001225183364,260.32241509669694,166.02630402157894,109.87199854550016,173.82816891018453,214.82615040849015,38.456773928315947,246.03432759680203,189.15648794989434,619.87272946425674,855.11071477353221,351.56357060228919,195.69460872184172,884.92029437183976,542.8867537049174,303.7830731852282,787.7155516887035,66.991924025712706,55.919462677519334,465.61365503274646,144.7820651090704,903.41065464877738,945.78284963050407,529.61529009710648,637.96247439852675,141.02935774297967,830.45436909113278,921.35150871456381,459.75936877049213,784.19147456213489,594.28348391223199,311.83583191884009,806.5351717838364,302.6119086526096,657.28520388974994,611.60604571750991,799.17695620158793,346.38677920930633,764.92049945391796,185.76479616739849,726.34779870612283,677.05633215931198,422.55375551643897,817.96413349020622,457.23633046788109,824.85464670896283,457.25390965032756,720.19461585132012,47.857318113575403,396.49519217188089,671.47470032442573,442.17562768028108,687.03705045514494,579.46206437538024,243.52227251706788,188.30327964714445,-17.279355070018052,-30.277560607208507,-40.893324544395853,-35.816057622899251,50.397607645625037,10.054832660547799,-73.371853799151538,57.243816605377113,26.860285031010044,-68.927214336695144,56.394041167513826,58.755282232433288,-42.567733050355521,22.045270943591433,-47.412813385778023,-61.397601189222001,-5.9142743718054227,67.580907847932636,-30.996279128791588,-65.631246128248449,24.964182165080381,8.6008163720487332,-84.720592287900985,-30.602253761289635,27.603176298129618,-74.15655733470453,-63.030504309562069,-21.48076304380551,40.778288593473583,-17.5776766896034,-2.7772966998091926,-14.853120278959953,76.534816879144913,49.659794281954973,-83.026004324039576,22.241475512816045,28.746967778711301,81.180084189698732,85,-61.939020806458473,-65.439136972194376,1.7337178722281266,4.5279562275433412,-7.9548724401551212,-48.920961484392308,-21.634559531220699,62.473798784393423,73.23631989612133,-79.194617418218044,17.111487061189514,5.1334834551968065,61.681956882605249,33.816666837815461,9.7639371565985602,15.075759382939626,16.773744901800406,-18.046161879598657,31.24913232450152,52.326860286402407,-67.822775717384459,-15.70640355893795,-73.417846322955072,-53.170439175640325,37.718804399148745,-70.983516206526133,-4.6639362100713839,41.033446646826306,32.809913580003858,-68.576513987759569,0.98599369948034088,65.349724954977304,-45.147840304270872,-31.389538087665528,-82.870337269381807,5.7411218605556229,-9.6966236785133422,-53.315408712669765,19.805371678697092,71.20551037166166,6.3590117543430917,30.24089764726137,29.117864828251779,-9.7967795249905052,-49.821037834555895,37.427681827961045,-29.141713045943952,-24.687786896878446,64.569248344079725,-25.513773346306795,-63.830891178186967,-4.0471337997677104,-65.005351853295238,76.721051384339333,52.982754878904259,84.056285798063669,-80.890968022104545,38.161942977147724,43.8081735926961,31.655763578677554,-71.764981062345214
8100,-61900,2.0230985594187239,976.12187491457985,194.85022576534493,660.95974174683079,66.544311867427595,157.88316367283068,158.12699777797397,764.35281985224242,337.99766958360402,368.15925091325465,616.15434787502545,384.92927610144193,38.438898480533716,250.48612727364451,671.91279284774498,109.04962046307445,526.61725056272712,709.14827488679066,92.654737352895864,395.06086138101472,503.42511514029741,314.58264615658499,871.07991065941803,596.02168374912958,260.2440242907158,808.04770197260302,95.774193404098014,435.51689960822034,1.7561578756113931,694.76327417172934,980.83447987114675,675.26712435772674,894.02944697937119,937.79267790107622,611.58278812969036,831.18756496183494,545.8079331649318,592.7675380356701,470.69188841530143,419.82652534008815,535.20041808997996,516.5002285541301,683.14770479007359,636.73295456976109,340.83681764225548,597.136652903764,270.98558093479187,209.69074848510238,112.69897459680845,171.42461720869659,552.15224424057089,73.26250078124616,829.36105724910283,196.22050871342049,656.9634834802639,635.38260366903364,348.56937538126476,183.82764982676832,39.265839813679591,564.1792390488315,273.48757472212458,756.32759980636297,32.538295529229629,40.381873280258333,681.3127731223226,809.84815857857939,910.37742131559764,944.98693263693917,544.29803056351852,811.71513637395208,139.5458558813971,835.92919868272122,906.39174058512583,467.8578728514243,814.03827130420962,192.9424661880696,273.88839835172791,804.86390899688888,304.57816750003695,738.89943429380946,125.92848705469669,798.8153779763868,23.975958763435301,267.69508396888864,186.88407938875008,726.80463944259122,677.11684908178245,338.59100567201727,803.72704208882453,476.74645677905841,824.15517625203893,456.92867946374128,720.96025923584421,4.0930601584830564,411.93334332321268,678.34253794709866,455.9190581470873,711.79757831119309,586.71995550515362,194.40274690210552,32.138860687934958,-30.966663896596657,-29.265612001495288,-43.503200058512114,-34.271652956676078,40.370279533748956,-2.2565690637776221,26.308822913716888,53.353125326633638,29.301657177264151,-61.599266005490527,54.756560787669571,15.261838771627097,-43.845513724737508,26.85408856271755,-51.616717800635186,-11.997533109894412,-10.853373476506215,67.683607534360817,65.824180830922813,-65.213597866829204,67.734549833709252,14.294880070759106,-78.814458345534305,-53.721507107892734,28.364358199187073,-66.253809308581367,-20.657104510631292,43.486648928847693,36.261806278762847,-17.092370763110164,-3.0064787391275503,57.34937926631693,76.671944330927801,56.148625283371658,-83.246800120004849,-7.7398891571000838,29.010422782803676,80.616018949518207,-36.536584964735624,-58.754186253552859,-47.614899776089061,49.800983683609019,5.3614826386604921,82.76791521291328,-25.80521163010896,-73.882097421844037,-9.4104525037306352,26.741043979945793,-77.348067314066341,14.563811943989435,26.94991120153114,61.166875649877895,35.81425261884354,12.58803246199988,-3.0722362765797104,16.5018847888613,64.440183174789709,69.974503299035348,51.189380775065082,-62.715374815438878,55.025533816730288,-41.184776557063678,-47.392004712727051,37.342760735798635,-77.563897825312964,-72.163625032208614,51.077596184948675,-16.692979006069859,-68.623122130581962,-54.653455252644143,65.415964203256493,-31.592819884918882,61.769288803048568,-84.129680579909433,5.3628062328719786,-10.05169128896125,-36.984509588580991,-7.4421189966880998,82.091815945577679,2.238835224557242,29.953388676979991,26.818660459944997,-1.7560257553290624,71.776044310113178,39.27262494814314,-38.516521301544536,-27.38641900307605,71.97663051269511,-33.2569903642733,-61.362516793175352,-6.9534042085907917,-63.627148321782414,26.595278900138684,49.461187974051199,84.731360063857295,-80.89693666842912,37.738995563254655,-7.2780652493783826,26.529154547325334,50.064415589725165
49500,-67700,2.0229512623458117,359.75395965320428,5.8993534600815991,663.11641962170415,73.192335210106535,228.82944145267894,158.19742423669919,764.63535725334339,110.1016788403431,481.77669905506571,616.49002064431113,337.73278071947965,95.101936284985754,305.68165467143962,247.46395496823999,108.63606876707055,509.30556559633106,533.7829331064014,75.330108162194918,391.38790001906449,812.42290589422862,542.48936444226024,922.03274693472281,568.41567718559236,261.72759345566209,846.90202891236959,42.572514035507936,438.65723595328359,12.554199252416332,762.61059792624599,103.77882905903067,268.20223648873576,840.17471209406256,938.06036614947709,349.86941439495746,831.66329781063519,602.76717413524273,459.80521950362561,449.29952273325114,424.28666242116526,674.91903600372621,509.07101381644952,680.11258189635248,637.30370261304927,335.64422953972439,594.48630595742998,258.5236972944594,192.37647773091356,120.14231709602703,166.38428734324205,545.35171154876639,71.404142071602209,806.26800863763026,196.39870701898451,656.87452734948624,653.73731614591031,348.76154087276166,212.76210530561724,56.69427421741284,423.66669915316874,270.33597139944317,448.95107663610003,886.02882977890476,697.84028264463336,458.12087505743904,772.0616293737661,911.21759524560059,560.07320310313582,546.61500318721846,629.19738426955064,70.36441791093813,753.25291766648354,637.72294141210773,467.01675525720691,825.05907367127588,529.96546497732481,274.55141449305722,800.97849585138488,294.24799975207645,774.3049839996055,640.39725657768054,798.97580525728529,23.929413120676941,267.73381732527969,186.23763976769462,726.17188498227313,682.74267969156801,386.10039151284127,726.0347268577367,454.51426448666319,824.13768231191989,457.58731394206325,724.72524671981421,0.53458219365202608,705.9151392957649,634.0700627753115,438.04978203228774,710.9493723903355,565.31889529558293,242.14193279208487,131.36903249619857,-31.166179685914003,-32.172524208146221,-32.703157618016867,-33.914600839580991,40.311330129433557,-63.020757238980025,-72.976247389757162,52.940029197077671,47.346576698095674,12.844805417398682,70.262121056289928,11.993643674268515,-43.230047918988461,26.928712810939906,-50.063539241365334,3.7514114634450073,-11.116432703362999,60.264628466583055,-39.324867205084061,-4.7254947392541311,24.447035955632721,-44.379558689012157,-84.704998080135724,-54.292337827769529,28.848394561740541,-50.628353736431109,-59.959922894054813,-21.606433987220893,37.210917609660974,-16.994338615482604,-2.5926777240347549,57.706962548290164,77.127387975559941,56.284914805509054,-80.985159973164855,-20.198450597803639,7.7893367268250504,80.663637115394707,83.711084298945778,-55.419225955764816,-63.587099747193157,45.105079171623274,5.3841791737849896,-14.743255117500496,-21.988616128046651,-67.991538564909007,-9.3501564186789938,26.842189224061887,-22.75254622488718,16.357751987719283,-14.559696715493882,58.703255460521973,34.046539540545901,-78.657085385379702,-2.9824825936165098,16.901124724802823,66.228583050787975,54.306982856578728,51.663330630681259,-75.740600385050598,71.273236785769512,-37.562194116575043,-46.146200377629818,5.3261369771517266,-62.60922219140371,-72.155105401777774,49.585603278542088,-14.835429055055446,-70.696482783059253,-52.478665456302181,64.854993849248686,25.078236242172267,73.178123845950438,-84.115999044126539,5.3471691530106353,-9.918867024136377,-56.574399661987265,-7.3391707814811697,81.716014836707004,39.027040645792837,31.670933635635176,24.159473189763148,-1.2709290656341734,-48.555592532567232,37.439927005003128,-38.420737482800028,-27.484188442973529,68.582072274268896,-27.135313517567511,-76.058807314155757,-4.6080651449327661,-61.932941045495404,26.699794980302997,49.432830318633286,68.433337996114389,-80.330818870812507,37.091959217195281,-51.089720663423492,28.40667128385298,44.980377453106179
13900,-63800,2.0225653090760742,977.74173516758412,21.093534395751234,304.31087135483784,37.52582430757294,198.01050470439924,108.01216156635024,39.916894946847307,15.551124794978655,374.0976612195123,602.52170667078269,376.09689562794784,97.355782079496066,47.088583516281176,604.82005676279482,105.10452573430646,611.93022862269322,488.24809425539718,91.540205342536993,389.25799854563627,859.09831062369244,545.51484124571687,908.57280953956229,215.32323380210872,266.67900593082794,870.19431516982002,85.25062438676197,442.6412063011843,58.290953366345093,691.67788561584098,248.33924198952769,695.99487162422463,685.06006201162063,946.58076815662798,289.27230931301426,816.44188103544013,603.54988776078949,913.39202980529944,937.33312146615651,422.37033790008513,528.06664513138946,810.85703153045131,668.66490490673368,629.2451545777534,389.08380874253248,597.66422856951988,272.27206810724721,194.48058323092016,333.08663053116277,170.72266988642474,570.21572801962293,45.399799869929993,833.2803909466071,190.61572950859571,657.34062522245972,884.03697142671604,348.22341155615055,210.20660784653961,949.73396941257181,875.5556720075565,274.48731038974063,772.17149649181556,3.0928829380912695,626.73970188804378,293.31880641281316,138.85454020068545,821.96444540535288,833.93860628684445,488.18695638369348,768.62097682216051,138.41937799541762,750.65251147929553,633.28441079988102,460.72778563583893,828.0226433982474,553.53851520578473,280.38748643464317,799.10846488570189,290.29759959827982,642.14434591974873,579.95461543053716,796.68996541831427,43.08838063049356,41.470974755716298,189.00628025708878,740.34783051011027,667.70171138464082,384.75073988412896,132.57194826009996,455.81428217315624,887.06659549280369,486.4162226885,781.34250227278767,755.47876649217881,792.16019809030797,663.58796206680222,448.15052037298119,723.61818509190277,579.21763351505479,192.89533233839134,52.08058290866208,-31.401206248903335,-34.655153302281676,-37.632718860662031,-34.096444466913383,49.822812911849297,-74.359618304111208,-73.051464857934718,-5.0350768387531621,28.195217128017543,-76.702229660309015,-50.048580750585018,7.6021894732067636,-44.072315940768803,21.446456677065296,-50.390668895582387,-1.3966419887928154,32.354999347965332,64.764621247123713,-34.78428485038603,-1.4722936580085104,25.730343553411014,-45.708588819727922,-78.585605123608104,-55.395432934227131,29.105847291338044,-69.952831401721866,39.82007709194859,29.947704755253348,19.188734082354898,-17.670410004963269,-2.210946302129245,58.987345332121386,76.641313830301641,52.355443211116111,-77.224786515106331,16.819918737081185,28.239330745567191,80.681541129549899,84.276958927128575,-58.616135766158976,53.219823211772109,44.307047237697795,5.1931962977298776,-17.645376985109387,-48.791792594629172,-76.447976600943434,-21.76582504917911,27.781071277891762,-15.357382931223963,16.787792912446324,-6.6248287474909819,60.91679585142959,34.101710963799121,10.103087748614819,-0.52355113589815239,16.500061156956104,74.766113805063995,55.571697093044747,52.409291170318937,60.767172373846314,60.275299054488663,-36.747481853996796,-49.911618785055744,5.1282364022179046,-82.794052428615032,-66.646878975617923,41.866208110761569,36.170526036685359,-68.619715260884888,-1.1434446040904287,46.030118863967751,25.782329347962033,71.262514965985105,-81.991791859541323,5.2781207154676757,-8.2735792202686138,-53.086008891018338,17.427194384012608,81.213921931402467,34.46959112994378,29.897809609149693,28.510978690765,-2.9126253999490612,-51.888223585391557,40.850293541598035,-35.904858279287652,-44.405922618369445,71.559268878909322,-30.623164852492359,-69.07103359908271,-4.300874940449539,-69.914617415706431,33.739359288540783,51.282511914508625,76.050153281921538,-82.449968766082748,37.541384132953354,-12.147173852714358,-23.919321795334223,50.375318097421157
13900,-63800,2.0225653090760742,977.74173516758412,21.093534395751234,304.31087135483784,37.52582430757294,198.01050470439924,108.01216156635024,164.13129390569031,15.551124794978655,374.0976612195123,602.52170667078269,376.09689562794784,97.355782079496066,47.088583516281176,604.82005676279482,105.10452573430646,611.93022862269322,488.24809425539718,91.540205342536993,389.25799854563627,859.09831062369244,545.51484124571687,908.57280953956229,215.32323380210872,266.67900593082794,870.19431516982002,85.25062438676197,442.6412063011843,58.290953366345093,691.67788561584098,248.33924198952769,695.99487162422463,685.06006201162063,946.58076815662798,289.27230931301426,816.44188103544013,603.54988776078949,913.39202980529944,926.78890926952829,422.37033790008513,528.06664513138946,810.85703153045131,668.66490490673368,629.2451545777534,389.08380874253248,597.66422856951988,272.27206810724721,194.48058323092016,333.08663053116277,170.72266988642474,570.21572801962293,45.399799869929993,833.2803909466071,190.61572950859571,657.34062522245972,884.03697142671604,348.22341155615055,210.20660784653961,949.73396941257181,875.5556720075565,274.48731038974063,772.17149649181556,3.0928829380912695,626.73970188804378,293.31880641281316,138.85454020068545,821.96444540535288,833.93860628684445,488.18695638369348,768.62097682216051,138.41937799541762,750.65251147929553,633.28441079988102,460.72778563583893,828.0226433982474,553.53851520578473,280.38748643464317,799.10846488570189,290.29759959827982,642.14434591974873,579.95461543053716,796.68996541831427,43.08838063049356,40.108415287066805,189.00628025708878,740.34783051011027,667.70171138464082,384.75073988412896,132.57194826009996,455.81428217315624,887.06659549280369,486.4162226885,781.34250227278767,755.47876649217881,792.16019809030797,663.58796206680222,448.15052037298119,723.61818509190277,579.21763351505479,192.89533233839134,52.08058290866208,-31.401206248903335,-34.655153302281676,-37.632718860662031,-34.096444466913383,49.822812911849297,-74.359618304111208,-73.051464857934718,-5.0350768387531621,28.195217128017543,-76.702229660309015,-50.048580750585018,7.6021894732067636,-44.072315940768803,21.446456677065296,-50.390668895582387,-1.3966419887928154,32.354999347965332,64.764621247123713,-34.78428485038603,-1.4722936580085104,25.730343553411014,-45.708588819727922,-78.585605123608104,-55.395432934227131,29.105847291338044,-69.952831401721866,39.82007709194859,29.947704755253348,19.188734082354898,-17.670410004963269,-2.210946302129245,58.987345332121386,76.641313830301641,52.355443211116111,-77.224786515106331,16.819918737081185,28.239330745567191,80.681541129549899,84.276958927128575,-58.616135766158976,53.219823211772109,44.307047237697795,5.1931962977298776,-17.645376985109387,-48.791792594629172,-76.447976600943434,-21.76582504917911,27.781071277891762,-15.357382931223963,16.787792912446324,-6.6248287474909819,60.91679585142959,38.437981018476066,10.103087748614819,-0.52355113589815239,16.500061156956104,74.766113805063995,55.571697093044747,52.409291170318937,60.767172373846314,60.275299054488663,-36.747481853996796,-49.911618785055744,5.1282364022179046,-82.794052428615032,-66.646878975617923,41.866208110761569,36.170526036685359,-68.619715260884888,-1.1434446040904287,46.030118863967751,25.782329347962033,71.262514965985105,-81.991791859541323,5.2781207154676757,-8.2735792202686138,-53.086008891018338,17.427194384012608,81.213921931402467,34.46959112994378,29.897809609149693,28.510978690765,-2.9126253999490612,-51.888223585391557,40.850293541598035,-35.904858279287652,-44.405922618369445,71.559268878909322,-30.623164852492359,-69.07103359908271,-4.300874940449539,-69.914617415706431,33.739359288540783,51.282511914508625,76.050153281921538,-82.449968766082748,37.541384132953354,-12.147173852714358,-23.919321795334223,50.375318097421157
8300,-62200,2.0222425188890529,1000,221.86280803563869,705.75802017044884,58.078954191606876,232.30496342329792,138.62769180002468,560.37321032991133,380.98611230164317,458.47959266397197,603.99565429685947,543.2810789691398,79.658832534804645,339.10888223571271,608.90628415767856,109.76981139516741,510.49606495771627,532.45524388181593,42.485259282066892,388.51700758378911,869.14768392566089,328.63701698424404,936.14225125312464,564.93581743254754,267.70088383378356,810.88759627026332,998.88607346150548,469.60082999259464,874.45661177976069,850.16058252747973,25.959157160185441,257.84413950044478,743.72950906151414,995.95172656151215,274.86457846205883,828.58691913204393,960.14744865870341,862.46405302202754,323.27013635970371,425.76772266406624,671.77190325417416,493.18966838270234,662.52336724481938,634.70947107047198,377.0244222950916,598.1999115903925,270.19479928254594,209.89115144757426,342.43665571830542,180.26426450095019,203.17884215471221,38.247375611095109,240.50473962496181,193.29283047159015,651.62549085331284,878.67339782454883,351.58643391956412,204.07081021451702,888.28950521342335,489.1498153869079,275.05901951799626,485.13666386256767,916.51890852869508,52.088441684289755,376.92514488434767,3.6393609465242207,819.59128577893046,955.91605818890741,491.4610165450884,654.86824171459477,138.29988585813069,747.65006571976005,918.55694203313737,530.96460754000248,813.48913801329297,507.69517657326014,15.064096960066379,792.50467847647735,311.88821739702814,739.74690109094047,85.375407231947861,801.35345123499076,30.194535943977286,165.9257227071846,187.63474700509357,745.84931332916813,667.70301713060337,375.16609054165781,830.04656547054242,455.92273901600043,826.18419634626093,429.64547325382125,740.97821644034025,2.1294326836771695,790.64862134809346,671.42118486386994,477.45621804837475,709.75255568849252,565.25051440822801,241.17016921941701,47.366976831056427,-32.883048845527966,-31.267592568130247,20.473810982509995,-35.704403366828735,41.661319965611042,-53.345852245479648,-73.018688682982713,53.22192676514134,45.561675349047647,-62.580988961851233,50.72942569127013,70.780682312842345,-42.541279563471583,22.360459001939855,-49.652607300703558,-10.909580450906667,-12.370107319842878,67.861666244075323,-26.283470401121726,-62.492769940851304,25.456947837979452,-44.182428618863284,-82.623295898412238,-31.175204575574899,29.08585207042395,-75.329834426307841,-62.728208865146918,47.334513783554272,35.538036939598669,-18.275198991869509,-2.9765486890583808,59.141134445264981,75.060500812487504,50.2350293528809,16.110129703760464,14.525355491969227,21.879119315662329,81.049865209622155,85,-58.478517079530079,-61.593871191608628,3.7761123099777514,10.05534760657423,75.120357194590696,-27.979465252765046,-70.701863559901511,-10.610723478343445,19.658755630131427,-77.513607840312417,17.467181360513418,22.792006326572096,57.553591906334177,-3.1042061954127469,28.684376617946779,-0.73977018248145665,21.517256715897137,77.27367209095658,-9.1153500944150458,50.950756666224883,-81.118382386993829,-9.1353041318394084,-82.198480087748578,-49.373302131487307,32.84811674987629,-61.614836217042253,-72.16065958804225,45.346853140573756,42.173315199933434,-68.598317682669304,-59.822225538705453,62.750430705977124,24.673962578068018,70.407618223648683,-84.025952807600248,4.5199474038669942,-8.6973110246196867,-35.584488469893152,-8.4968945195433641,81.421157267980789,14.755349324796356,29.736608098401469,77.293578096129664,-28.863035770097238,-57.830519822686902,37.473060473076515,-28.272962183191151,-45.854652667114287,66.821389386004682,-26.279419591102627,-78.62701812833491,-7.0191807661644425,-57.698688906664891,76.35010790520289,51.267184249581703,82.773363343361865,-81.049322302929582,37.508635389466747,-50.751220798091133,-27.28734294134437,49.686216806932954
21900,-64500,2.0524743884432328,835.89406879610192,8.2874504975103953,360.95007981208107,72.32694368027326,152.66847443249304,131.96917508870919,772.5279066905789,316.00181929368199,374.73337781726315,603.80141030909942,162.74946853319037,290.6865212408452,123.78443232544876,232.58570024769034,290.51304262792763,524.56436801498921,693.62500073263686,58.982672744241263,388.55068725634328,809.50575742914009,528.83930508419007,937.35300886619586,546.44279721274938,267.53456809938643,845.04034835075868,954.37114116600651,467.03547256774715,993.49620636656346,716.54007847880894,967.15590383115932,228.57475649580044,782.15568840847209,941.21295846263899,487.09091086427651,819.99413635623955,548.48375762811986,460.4115559464218,362.7319425521822,418.23397407120831,658.85159270370366,552.21705974109318,691.49100141659142,636.39802337865592,364.27703015622023,593.91548113081387,283.41017017110426,90.996645777894685,304.22935567729252,201.30851506440814,573.3697091301309,32.461396711139059,189.08592001428542,193.49519055807889,628.58640672187232,621.39238575847742,646.71074697980862,184.54602898604904,821.87581058983233,877.1568763625769,273.32040751458686,741.84040455866193,91.789082945994551,225.73466184463211,226.31109226673726,156.83094789388036,815.74898043535154,83.178246499687873,529.18301750008061,768.04514457820392,139.44323238164066,748.36053086917093,937.09918108568093,453.01679581125813,815.9231046868781,172.94414909863767,276.30712863308952,791.39571822417997,154.28214209131073,662.24185469360907,575.4843157109492,800.27205143951414,293.21441732033969,19.72133613376775,186.3604176618251,758.24959184293323,632.11735575563989,375.30377180672474,707.90677802031178,483.25253270592685,825.27669336116298,462.24571006087302,721.40533405853444,0.5921718999486425,748.07229114958989,644.90502797239378,455.85171169561863,712.54846910697097,587.60339599056033,230.17832042027729,51.134927745141532,-30.92980541936846,-29.114662474900648,23.582129844658152,-37.885810191835304,49.193111862506214,-65.634285464056831,-76.046103329113052,55.613170471202444,31.372131097568733,-60.015108422422443,52.141159680090993,8.9649003809683911,-42.532703612433473,18.276567053365426,-51.617101334164005,-3.7768946750406118,-12.553797516383066,67.497453590533979,-60.504581596328038,-69.766274309524931,-61.076630691117714,-40.841301134224814,20.304252804935857,-55.582475191343057,29.293963735837377,-68.052501807642429,-23.650452311371385,-20.714661827322516,-50.18962524277724,-17.639585213135607,-2.9651012784900255,53.286368041269952,74.948762601770909,69.795830176627504,-19.204803175781112,-19.346682124629961,19.814768249180855,80.387544291607313,-45.042390600438551,-62.059753459516784,-54.835467855305602,43.015986729786896,5.8080556328129935,-7.0816606721216928,-49.73913063619009,-55.848766107509952,-9.2904913717265991,29.00674355886834,-15.609669921680352,14.715640684038707,-8.4270457315726297,58.356730045163097,34.819470313311477,20.114930684260756,1.0628101001804042,21.782165391488363,74.28299358583034,29.900745904958931,52.40982403375174,58.405600380838109,-20.128393071988683,54.144759938250857,-52.87428072570836,32.857632585366339,-52.932539051677615,-71.916522315014348,74.84036327426692,-20.599275385950779,-68.616497035678748,2.0726162636204801,63.581543056094958,25.866043389755585,56.450233395601302,-84.769606928863922,5.5480943714819517,-8.1954326915022264,-35.558551781334089,16.002344617238919,81.865517148052618,0.61888614572206146,30.470777946775215,82.581066594495994,2.5960355696484885,-44.026908009633047,37.563984038250126,-36.098489997160513,-25.33364414021716,66.915451187585631,-31.855213724383393,-74.66738631307237,-3.3261308917783103,-57.124362279732928,28.274874836666346,53.795480703006092,81.709880930101633,-72.844172789939151,40.036816827850195,-10.353408092892833,-29.652031808878611,47.530291174408219
21900,-64500,2.0524743884432328,835.89406879610192,8.2874504975103953,360.95007981208107,72.32694368027326,152.66847443249304,131.96917508870919,772.5279066905789,316.00181929368199,374.73337781726315,603.80141030909942,162.74946853319037,290.6865212408452,123.78443232544876,232.58570024769034,290.51304262792763,524.56436801498921,693.62500073263686,58.982672744241263,388.55068725634328,809.50575742914009,528.83930508419007,937.35300886619586,546.44279721274938,267.53456809938643,845.04034835075868,954.37114116600651,467.03547256774715,993.49620636656346,716.54007847880894,967.15590383115932,228.57475649580044,782.15568840847209,941.21295846263899,487.09091086427651,819.99413635623955,548.48375762811986,460.4115559464218,362.7319425521822,418.23397407120831,658.85159270370366,552.21705974109318,691.49100141659142,636.39802337865592,364.27703015622023,593.91548113081387,283.41017017110426,90.996645777894685,304.22935567729252,201.30851506440814,573.3697091301309,32.461396711139059,189.08592001428542,193.49519055807889,628.58640672187232,621.39238575847742,646.71074697980862,184.54602898604904,821.87581058983233,877.1568763625769,273.32040751458686,741.84040455866193,91.789082945994551,225.73466184463211,226.31109226673726,156.83094789388036,815.74898043535154,83.178246499687873,529.18301750008061,768.04514457820392,139.44323238164066,748.36053086917093,937.09918108568093,453.01679581125813,815.9231046868781,172.94414909863767,276.30712863308952,791.39571822417997,154.28214209131073,662.24185469360907,575.4843157109492,800.27205143951414,293.21441732033969,19.72133613376775,186.3604176618251,758.24959184293323,632.11735575563989,375.30377180672474,707.90677802031178,483.25253270592685,825.27669336116298,448.82236235671684,721.40533405853444,0.5921718999486425,748.07229114958989,644.90502797239378,455.85171169561863,712.54846910697097,587.60339599056033,230.17832042027729,51.134927745141532,-30.92980541936846,-29.114662474900648,23.582129844658152,-37.885810191835304,49.193111862506214,-65.634285464056831,-76.046103329113052,55.613170471202444,31.372131097568733,-60.015108422422443,52.141159680090993,8.9649003809683911,-42.532703612433473,18.276567053365426,-51.617101334164005,-3.7768946750406118,-12.553797516383066,67.497453590533979,-60.504581596328038,-69.766274309524931,-61.076630691117714,-40.841301134224814,20.304252804935857,-55.582475191343057,29.293963735837377,-68.052501807642429,-23.650452311371385,-20.714661827322516,-50.18962524277724,-17.639585213135607,-2.9651012784900255,53.286368041269952,74.948762601770909,69.795830176627504,-19.204803175781112,-19.346682124629961,19.814768249180855,80.387544291607313,-45.042390600438551,-62.059753459516784,-54.835467855305602,43.015986729786896,5.8080556328129935,-7.0816606721216928,-49.73913063619009,-55.848766107509952,-9.2904913717265991,29.00674355886834,-15.609669921680352,14.715640684038707,-8.4270457315726297,58.356730045163097,34.819470313311477,20.114930684260756,1.0628101001804042,21.782165391488363,74.28299358583034,29.900745904958931,52.40982403375174,58.405600380838109,-20.128393071988683,54.144759938250857,-52.87428072570836,32.857632585366339,-52.932539051677615,-71.916522315014348,74.84036327426692,-20.599275385950779,-68.616497035678748,2.0726162636204801,63.581543056094958,25.866043389755585,56.450233395601302,-84.769606928863922,5.5480943714819517,-8.1954326915022264,-35.558551781334089,16.002344617238919,81.865517148052618,0.61888614572206146,30.470777946775215,82.581066594495994,2.5960355696484885,-44.026908009633047,37.563984038250126,-36.098489997160513,-25.33364414021716,66.915451187585631,-31.855213724383393,-74.66738631307237,-3.3261308917783103,-57.124362279732928,28.274874836666346,53.795480703006092,81.709880930101633,-72.844172789939151,40.036816827850195,-10.353408092892833,-29.652031808878611,47.530291174408219
36300,-66300,2.0223044893194455,586.39988570270293,14.370018817993653,314.00646632295258,36.890921731884859,196.04673788301076,135.11154575898686,730.48657090417589,16.491513221514715,374.12663714777892,616.41611349376979,159.58336951622766,34.078704828517395,62.080829562545958,222.07978762333133,79.575375475125838,587.9269979998835,707.31039455966788,485.90588745051474,390.87077184723978,826.2348302694129,318.99327855546585,921.32858383117627,532.51169057586048,262.67870192317599,871.2210272883998,1000,60.068250200179563,49.769477245994665,821.9061943847787,973.77240162700377,272.32241198873118,790.84214311659093,895.25070290080509,636.03290449146664,831.55134806587262,601.38495378228549,907.62112256543628,495.12273315961522,452.05329612959031,528.30082295504792,538.13581554028531,669.76458002527045,631.04189434008515,388.86049965746781,598.65469613695609,272.20240874530663,225.63794516883459,307.36454492258247,171.26590427863255,157.22193339207686,28.816439735767737,223.23298298370588,193.21784705003492,624.09154833007369,866.78365901473603,346.3386676335046,237.46480665805808,200.27725877989775,899.81566016759518,274.33833493307856,436.6631735792264,112.19280400397912,497.20110983583589,256.5610358397945,785.87348599454322,821.33684898209913,916.40048920244828,544.94353856209261,633.11684265332133,139.28136618252242,726.41066954219684,625.81420181158342,467.26916022619753,787.3813018169634,546.84814839495868,338.12593443854786,862.35060552218317,290.22438039105845,641.94892640640649,594.79023880972602,799.78297302169847,17.75234056592879,28.178487154592091,184.47689905841807,829.30870040859054,668.16065693492465,369.67158381080901,137.84422606488835,455.74271981186371,444.13058855786858,488.11282879631659,742.44119905405819,22.596519258334382,752.89913496321299,669.17262435739121,450.06873346972873,821.68725992380007,579.27309225982481,188.54987532784065,52.144246254143773,-31.368053986337696,-31.125115819089686,-37.636538004787681,-34.18211905452997,42.672095665050229,-73.446516135247663,15.178206104640736,57.429519923416819,28.309199622362748,-82.584547277758944,-49.117309116239824,12.702906071046069,-44.072526027068029,21.447419611289675,-50.273887697062698,-1.9367036774270812,29.229486734903723,64.774623104289077,61.119914075240878,-66.439426955991593,23.833752697231766,-59.512143172602016,-82.802579759283603,-56.77738654324088,30.82050900587452,-75.168036138610688,-62.957468376328066,-31.759017343064585,19.080788282894041,-17.827052287136002,-2.4142901895200186,53.835592857470211,76.664953532027454,38.011760774201079,3.3200248827211567,16.770514829041492,24.002750151363749,83.548084399951179,85,-58.923384388695339,46.972161297441559,45.544033507079575,5.0990832528573682,75.913302524389152,-26.189300642620967,-76.417178677421305,-12.224713389466363,27.621086531288192,-69.031621283877129,17.05547476579607,26.731885951396364,60.57461066023258,35.06756783454486,33.737997964508011,11.692895457328429,16.492097482537385,-1.5140733615444191,52.173051727147978,53.279033307772124,-68.653916623725806,47.91883298452305,-37.31019874068437,-49.502820488488226,7.1050832915089881,50.705554574114174,-74.92689329730996,75.208984259858482,39.267888647165528,-68.62524107718896,-57.451447533451251,45.938403773121976,31.026828565669629,61.140168678443253,-84.100380396324226,-17.645442504568919,-9.9637507800118641,-34.24712108906531,18.026072362636981,81.858928832787555,28.847462518074376,26.857809037759054,23.855648509578572,-37.16099919633448,-45.787273171102882,37.19161554128128,-35.228582763448813,-25.775700629720838,66.138803427265174,-25.502036321617965,-74.247006488184567,-4.4173194893759034,-62.151967242917259,77.102449430283002,48.859194534406761,76.133674752638825,-81.110153933971986,36.040433835692575,-12.786849261653048,27.243846857798307,42.413487511258751
66800,-69800,2.0223426981006649,44.731835650186383,9.1234674213346807,319.12040220703204,72.555777508537119,189.52290501761038,135.64812936602505,570.298832514418,329.60131045321566,373.56673246304769,616.32973060988513,368.16633641079966,79.680613402808348,110.2487309894112,675.2724500486238,84.719775384665226,505.43086780622104,709.62066866601742,73.389212552687709,398.49897002115904,481.59589651776218,295.04646605205397,913.01409491871027,598.29224207712036,267.86299898412511,872.64909555899703,955.09315202030155,457.35225050048535,792.737053707614,818.73448843994674,976.11874836928848,256.33625140805833,62.596211948329483,902.09313996544086,324.94338796411927,835.00128051678678,596.47774760853099,862.63118903585257,476.25077653880413,432.06895528646373,508.80527495823424,514.64191535772648,707.09781747407624,635.68562838233402,367.3591997337154,598.63052365944554,285.95221907832359,112.29976419978466,117.8591645270584,175.30024807491139,557.27562773536124,48.816817104611147,205.8367601100131,193.38740603545759,652.54311122841102,868.36203935671028,339.21077287732925,182.67709822689767,203.95345786079469,899.59704378524748,269.45492466402521,436.96951936750577,69.062912755221134,182.30375976998195,258.35786819175064,26.974495673453873,812.80313608978213,914.90323027733473,543.76787617846071,626.64230267483003,139.27505695829001,750.25331343270591,632.71320622589701,470.07823924306979,782.80687171536363,181.9831078807928,298.61591600297095,854.33771641859073,287.49811866905435,761.67109145111056,92.769870866661165,799.51427968326186,419.76489596397209,202.7190734748803,188.82701075158963,722.85355368132002,677.38824917001762,426.19111216805294,792.28730074155828,482.143502043105,856.86751681801468,448.82237744427357,742.97584040791526,15.96993097458582,684.10957592967043,669.88505788783345,109.48732680964324,819.61628273452789,587.36858823536204,188.11480636177842,33.02560236923658,-31.384479033869361,-31.160425524360335,-40.655099247387781,-35.18230865645986,42.073394006987478,-57.870188265865821,-76.68634124762886,56.525811359520873,32.395523035082256,-81.629401083958854,66.566939704434731,56.836585816264169,-44.117244714514051,18.4521328200201,-50.241554010469947,-59.761968454519923,-12.489630907274851,67.825733019532734,-30.982980271341312,-75.005926893566922,23.769572092283745,5.4055400550556527,-84.736815478949239,-30.837361297355347,28.846172811133201,-74.67470158341186,-22.981756889973468,43.685490341660142,18.922427390147966,-18.22576557277894,-0.051273604845810006,52.116672448127645,75.016578174914429,35.851717215595322,-69.578436310375139,16.66272135483004,23.475565876735711,80.760877987516878,84.075022134117162,-58.934009737431346,-53.894592189042243,42.365298355243475,4.1010557370082594,77.305958636152866,-26.180675586971013,-53.720389515608638,-12.197646401405724,25.777501756680991,-18.474486656305714,16.871460672974475,26.856040760389078,58.079489705740954,-5.6391719902118407,28.691495246821145,-2.6897319805949262,16.531740165329879,80.797835678926916,57.260996154057352,57.497441861377403,-82.402388502547865,50.003659085946211,-80.184823543432984,-49.642722144084715,7.0552527075010083,-83.285461696920152,-74.96452815466273,38.516522468988555,-14.297327983458567,-68.611568808072633,-55.865448396066675,66.256546663369235,25.264506111190812,76.629501803777302,-84.127500580026236,4.611142130059787,-9.9617964982686225,-34.114384605933338,-10.054208857664889,81.879282066757156,13.881325737366636,31.989856646356856,23.047066105950126,-37.545874597395546,-45.791650407581457,37.440336743224407,-35.861976757096841,-46.999219677791814,65.992253462128389,-28.132661205079533,-78.905951055709096,-7.4148668113747975,-62.097979733606188,76.366223794418488,49.224244228259131,84.538741672649877,-81.111679421772877,28.428572000773855,-8.2890867957894105,-24.390893102373909,53.942521997439378
31100,-65800,2.060797189832217,675.19631629260039,18.481993133449834,754.27606618415302,66.468889159173813,198.77268874606034,109.93769359548477,194.6647369114263,116.41238156396538,482.66082008309201,602.00396959881721,340.10782832742723,97.681916448863348,109.03513920804318,247.36482066678101,105.54276300172272,598.49968548136223,534.92463518063062,56.827283192269931,389.2289847199404,813.52741904547827,308.08999298343184,918.52182694393912,567.71705336207253,266.33535610159635,846.37317285502024,897.81866779938423,442.44270306344526,56.437863828916683,845.60096143057558,234.95436594141751,684.03398239644707,194.75980531556155,847.96230036565237,597.24173713504183,810.23747538988903,580.20758338980295,593.09220953642148,1000,422.65116107524489,528.18358086768251,811.33864782897604,277.58813245592671,629.24698461445882,336.39449960687705,593.26023248267916,258.91137740859148,191.87437415866052,327.79778061540583,165.70912764025204,552.99395271758101,38.916320384768703,802.03385688789126,189.05948581739091,656.40514191309705,642.13221479181834,347.44817906795794,220.66957811184295,768.54561265763823,883.44384568429791,263.7027867430553,425.17751139662778,16.108609187338857,77.279733829122179,456.76463262346442,881.60299436772311,895.2996159582251,555.41640043565576,489.96307904937487,645.96015878352534,149.52688226800819,748.83421135201183,633.31456213148203,456.43016243419839,788.64058729352985,535.65615220732354,279.52040864382587,800.91379841009518,290.74208321125315,776.46260031939619,647.91533074997039,798.92166834336535,287.92454137408993,43.998570996647643,189.19708231952251,743.65032217649957,677.40298128662778,384.23749898637618,711.11020689360384,454.84023476693255,824.22282122144645,472.15291250780399,722.51830717530152,6.4133981224167016,421.8612784931592,658.756477236009,415.74030338756234,707.07640422853888,578.20960687804939,193.19104674171106,80.575711405068205,-31.425243116251288,-32.232041762342298,-29.319123995854472,-34.114435817189204,40.309698182630747,-0.11931422182789575,-72.197170493452674,-7.612185867484758,29.099920202158337,-60.566223796542168,52.06587149049642,12.171198504289249,-44.062858890094503,21.402253493155357,-50.789774871906779,-0.72442501582010621,-11.073775408428666,64.923031521043285,-39.732796014058309,-1.7888558209826744,25.084252114616589,-43.890077446327254,-84.677594111566066,-56.782685414652207,27.825021215318465,-69.818312160163828,-60.574673386283038,31.81934733738133,34.943679210853475,-17.558585072013987,-2.6465879056973147,60.860899911584646,77.163683285393645,50.781679598700869,-77.50474192859069,-20.406725604435199,22.328426988745115,83.525864185996824,80.71755523073054,-55.69674060492013,-63.924347212452354,0.49548871303099418,10.110799172957833,-20.674328209590275,-26.031645389720346,-54.628611521907217,-21.484886810088817,26.885091770158375,-81.191089550128382,16.788285453595851,-3.1407634159509952,58.611626821836069,34.1198246363601,14.614679953675882,-4.6871011236376328,11.158419388818238,80.751962692151977,-11.144502751975887,59.831005703233217,-84.187100597521649,53.640366165285144,-83.691107304170288,-49.879329496207021,5.758144111879627,-74.250610356167925,-69.454836020551809,81.286906775752627,-14.793668895059723,-68.766456673633613,4.8017776060519601,47.505072234430443,23.265092358707644,75.671638224792062,-84.222907944225497,15.355818247136721,-9.4798893120279288,-54.667309939898445,-9.8495239704568007,81.789881783835497,-3.7722061102406825,32.122755232649659,48.784631731199909,-2.9874487856952818,-38.416019800810879,37.415632597741613,-39.386648477527018,-43.54072549295379,48.689501618131033,-28.725413172250907,-77.935045081448749,-4.5513582555544279,-56.931634703099483,26.923160710707513,49.415287170864246,84.886318426523417,-80.955812217394637,37.537453599270926,-50.254973891973428,29.286303959228551,13.078131988228911
65800,-69700,2.0222951698732952,61.104946865621272,14.057840360937982,680.07176236353541,37.196281869334804,197.92373694461969,136.57638903877248,749.43401738142904,77.552697576899291,373.59389526563564,616.34082299562908,162.04602623105404,286.59410010025249,109.83551454526244,227.02104757922288,83.426666250263949,602.40268064293411,706.10990366145165,73.361873996019312,389.41289344736373,860.65250275524079,285.44901860426546,867.01852094214473,532.50771242053133,261.90061980693974,871.20270655113143,883.65047331545077,48.57080411464986,790.53569532530378,820.49981954449197,970.18832101353291,260.26651337544882,761.76028291456203,894.97828281183024,345.39907450992587,831.98932949020525,601.27028177413297,922.60466893267551,388.41667469966819,432.07476266927995,510.12641679528929,554.42292728619611,707.82168913354667,635.66399627323756,371.29387571990526,598.57748437992234,272.38715991314285,167.24640601701032,309.87866339997214,172.2668635065715,573.70800845180759,48.302789489455584,206.48639454657376,193.07839155635858,652.51764189003779,627.37750336720228,361.32410335302581,219.8570550698208,202.42945445284352,901.62569499240101,274.58990104157562,769.25807510825643,49.419111610091022,182.4766579481435,255.89872918446565,183.3494904806455,816.86518149580559,914.798749461483,529.05402616764297,772.21470804331307,139.43168564686448,749.51948382247895,634.00996059142824,466.63511246620345,814.80846554852576,174.62457590629381,281.59387561598368,861.12413947049015,287.58210680496518,646.98443273604437,594.76313870648278,798.73595977106004,415.31337512274479,169.79999028209596,188.93709323818553,722.93673796725955,677.26719710505017,375.79208746829573,140.58380653952119,454.61684318393924,882.02276869726643,487.04708578486907,720.2626853444541,14.68369671566025,780.85694269432827,670.36504910132123,71.782460143171193,821.20830090158461,587.57951628907756,192.40162742534469,37.609933286034661,-31.369213389449076,-31.054832636185186,-42.503721613462773,-35.034346440259917,49.938848794019293,-63.298538533751397,12.041675707182652,57.31358555768584,27.874203744825262,-61.628811134720088,54.620508776674875,12.768249716916213,-44.07050730542219,21.386360771044792,-50.26309864980518,-1.7340938129823618,-12.833807536500968,67.479588446361078,-30.797557064991629,-74.885414316472207,52.574254214846427,-59.38328441105385,-84.07037740043107,-56.751292923938237,28.937626743254413,-74.697063951688591,31.919522207795726,-26.092669704564262,19.044698579313465,-18.243100722221993,-2.3973023755892164,61.199794204706961,76.470550626248126,49.265417747133654,-4.8968838380731867,15.161594571623191,28.461113096295513,80.657921170415605,81.460391360377798,-58.932121511839092,47.667002946413838,42.07573814443424,5.1401774194047638,71.054952256965265,-49.567332590606682,-55.920697132813444,-12.268378671434949,22.865050302870074,-71.983291040497889,16.890224137213831,-4.3282101608424277,60.593319159273442,35.072365982762449,19.622025933067135,11.448900851697674,16.752766156873555,73.791199446946635,54.339728789445019,57.583443493092695,63.530934378585741,-18.167951947978125,-19.196969202616348,-44.141996415152533,32.24113017244234,52.486502755958547,-72.219539747115917,39.825971486036309,-14.46121339777363,-68.613473523722092,-0.018747651949421851,66.311363466129919,25.92925317968221,76.790677712319408,-84.1184831158712,5.5846963791315813,-10.038553046620278,-35.539318154520032,17.101087516300694,81.908086036955424,9.7050078166109728,29.634842745716817,23.755467875435201,-38.848713989445898,-45.777351445693533,37.163106020213867,-36.013210041903697,-44.848046966692266,66.288442655953475,-31.603288955365958,-68.946278496085867,-7.415381235791628,-61.961514043043771,79.367662088539078,51.361184615483801,73.890648462434854,-81.110091892753701,34.371256006547966,-10.264155592988724,-30.56964156656872,-76.892091047564108
27200,-65200,2.0220606841756381,644.89018580773586,194.90385510146513,694.33784446871698,58.884601960027076,193.07252433313607,138.25550953923127,803.97989669232925,336.08818438122677,466.24254444793621,604.34094328983633,136.11281305860402,269.77248614558084,294.34877618564974,609.40877634835283,110.68791069515323,598.99492963346222,685.43635852472494,408.11009651434608,386.62325140258474,839.29730026220182,298.64796673909518,936.8004149335444,566.2695300635479,263.16512259237538,844.92173380613121,977.80642345540514,445.36565420613726,873.44910154292711,781.42314147672948,933.3825929839121,208.43626745997216,755.82636711557154,977.67196110267662,585.97822281456388,850.16971966309495,521.40613475718487,413.69540864885778,993.02189206569312,447.77254410305301,511.86953160401521,477.74734942752593,309.49003992668651,665.61541371539693,376.55513108324533,594.26961919932955,278.95410559080426,180.4737801840929,100.91027219528064,165.49198299636384,197.93347730149847,38.265659955800032,240.48137066630039,189.64345757671333,626.08222508086988,617.10619029022746,351.76553814576425,236.73295915410048,787.39923925470089,492.81524314803397,257.92174478570331,447.5024510833436,902.00388633856289,43.339398568786763,392.0135856047221,792.42190690788846,544.15921533518019,956.7927638377397,491.01785135333074,646.08102910552213,140.45914159334174,748.53982333794409,926.89595382360653,534.96233860071948,825.6174860671631,160.62248863167503,279.4821812735467,856.20957186717692,294.20282985501899,769.46630140626428,95.958122255323815,799.01750805801851,421.15224567458722,174.80406641543385,185.89506057838312,743.55767722731071,677.12356235173206,372.6845359795912,763.34562851570479,481.50135578320601,824.4280332674964,452.0593368168129,740.47949208974694,13.382609230968967,732.50494631603897,800.94115991433785,404.77718056525322,709.93144742376046,585.52569364191174,188.55136071998942,195.22891032111903,-31.356477268866456,-31.185024844818624,19.899404569818746,-69.676832185596908,42.252989684477363,-3.0095411935516498,-73.753961838192708,50.691049094631417,18.361046013338584,-62.213991833673802,49.68553141681334,15.860416614901865,-42.355307727691347,19.422495668581554,-52.564959121610215,-9.0023749355692289,-9.4029755364046288,67.866415414691417,-37.934009352036426,-77.426112920613235,26.0730735176219,6.3355388937534913,-83.432833664308532,-54.990806187762708,28.518111748596215,-75.585626855797898,-58.389175361820868,30.309815522096109,34.953615652856797,-17.079829773494314,-2.8501761613513166,55.513123447984569,77.037282136657254,49.460799353960851,-72.99176607937072,-19.233818566846328,21.511257082039343,80.58688250968487,84.936762972663374,-58.466922741942973,-61.474287528562193,45.008076129472755,9.964063162198034,77.555881185290303,-26.965859125731892,-15.806475520603884,-9.7018623348198627,25.316558898848456,-83.416048538424178,16.993028958669761,34.344867505925414,61.068278486543235,35.076588533705809,21.897821736973079,-4.9204962629545044,16.825957111621982,-16.729718170504388,66.471030264955814,53.753478401519814,-81.064888836464107,60.249227320738001,-43.848476804109893,-52.5664801521242,32.968794590142124,-66.862580940251661,-69.966305426900419,41.357480052857404,-15.323948655243692,-68.598606469845407,-58.789387865471681,63.09847704614419,-42.06090152175895,60.349204417162383,-84.212665647002851,4.0683970194537524,-9.4230444024960498,-35.40546936759911,19.343638692949842,83.758060451035746,1.1151155995811513,31.618533413654049,78.416892937420968,-36.47357007036728,-57.806609492653614,37.473587197286555,-29.103806976408432,-44.787003678224359,65.883156292970966,-28.605648958381821,-77.692093284929967,-1.1712569220117572,-60.417433911643506,85,51.254700096330588,84.580536108331529,-80.340020457273368,35.537242064720651,-49.633161703873895,-27.356594300255324,50.331184247715115
62200,-69300,2.0519441150345532,125.68310345468467,8.3908080819759796,340.51064424917581,59.103762058292894,225.13989306140769,160.44828810433404,768.26957879401562,356.4723197574865,385.73223019585089,617.87109939363791,383.8037640814448,312.60742943522024,347.34904276212694,82.070260296935828,103.72842388162366,505.4042754709663,709.81142820696812,64.982811813085533,382.60845309707673,803.01456118027579,305.26607918479863,872.04399470629039,562.19552038923132,261.77611034547925,845.5620352742128,927.17873116345936,430.68479874146129,51.666350099109025,930.88412688071207,920.54072899703419,234.46016573504534,819.86854753071339,970.32569901744625,503.35339879272965,819.75008336076314,582.4137101394158,557.92316802786502,1000,399.04643289673868,551.15955954521041,500.75119965526881,691.52941506472416,636.39549939587141,366.41141939780516,595.40556321666497,274.52626088550352,97.29387804128379,107.12498590748905,902.61792039996976,572.69948392156505,32.556888036561617,194.21144843152274,193.68357275080396,664.59769430869551,629.51836334598181,644.89080894579763,213.42846867383895,825.55072750612078,876.47237115270843,270.16321882096463,379.49098932957349,2.0515623364472049,591.89899458031118,249.03021188471126,137.69624562173055,833.56918987833876,848.2146047974868,530.17759903838726,768.61498067938953,139.85929530788013,747.7459057014438,929.16272115988886,445.70733005181904,815.21062981189618,566.43443856769613,260.47766035066275,905.80919155497133,280.91876792805039,759.78100811317984,600.80997144569085,801.90272399013634,280.13283260610194,168.66163761827329,186.93427881746024,765.25269589613583,671.2627497568086,334.47019484029249,126.86995549977274,458.19878195974286,818.58656164568913,468.31353374367984,721.60387055114529,12.955046780158362,760.42120216553781,812.18597630992895,460.12889801931686,725.19763702147338,589.43109946401535,192.80515989778843,57.165792030438872,-30.929560326771988,-29.884976413764079,24.244438009047485,-34.938323519742816,49.254257075554229,-64.634745209091534,9.750496744568018,51.838111628687763,31.629095665685725,12.009750857161603,54.776030350201516,10.279665379935718,-43.864008722999991,21.662327809929071,-49.711162357646593,-4.4313956256812874,-5.5921014099701942,67.750421582645643,67.005656830571596,-73.890267204305275,57.509965377789683,-40.555494370271433,-84.265992345080562,-55.635293902358541,34.685759070429064,-66.505042028057588,-66.707542456990438,40.42382902364924,36.879802319995065,-17.210879625217764,-0.46653115448020555,59.496544079707689,74.998679857595434,69.597927201899907,5.2427734028719559,-18.676290057036088,-8.2037488163200685,80.605794874441386,84.584914066766743,-58.45586205738531,-65.450176455808148,40.983890059528157,5.1147225482261627,83.251629045971399,-50.226317393829667,-55.840595895999385,52.094353160242861,22.967854289835536,-78.649174223742989,17.00682934401452,-4.3448866519259983,58.40526885757513,40.036520714651097,20.195965168624827,1.0494650752878789,20.925043287673823,73.903373981068611,55.047909354671845,51.994853575472668,-71.434081041612004,-26.178753875675447,-82.395568080829051,-48.807264775460872,33.295230064192737,-72.528930020506735,-65.388594190135791,50.241219905737481,-14.16488126525984,-68.583910952735081,-63.128441439533638,65.401987457438125,24.449768554856259,56.247157099392361,-81.60883682429693,5.3580852239379544,-9.408582201546853,-34.164253890962733,-10.454638024726028,82.115090643867703,0.1349749675704881,31.707454092542495,46.64944005586905,2.3931097426804637,-44.571954737444472,41.171047399909654,-35.937963348467498,-27.39196336261729,72.156091818791012,-32.211088667125118,-74.673010539201002,-4.0873157342979534,-62.126561504883384,24.3933810319269,48.612826666267516,81.797177756057764,-80.946942179758267,37.000308763410729,-10.300157772485001,-32.566378774867381,-84.164892919668688
13200,-63600,2.0223027835310092,994.02622266686535,12.808977083753732,314.54328063610899,67.573812789032516,121.45934788036098,106.00514861898702,741.40543059024344,29.141558911907509,373.56683773359333,617.6343500097247,162.26337388370519,142.05401816442381,107.49073446892416,668.30857723871281,83.942778117204526,500.24902540366242,691.1287298828039,80.528130177859651,389.36870479760779,826.35550640147574,315.43290373486809,909.19629218072237,556.14536554623305,262.57182366527394,870.6259471217918,981.18821413487603,59.324552738204659,789.01709638993168,699.8636612392304,998.96444815625512,272.81271615138365,731.74117252988083,928.70420355553028,651.92743804993438,834.68009503019243,485.33219022717168,886.3272072922814,460.30259623181695,432.06227822639158,471.21185380494813,487.22179080279079,672.7346790132226,635.13668969441642,369.88453810326052,598.63985282198792,271.94272290810613,108.02680492372066,110.78692006766549,174.07073408216999,180.1460514550725,48.357275651821617,207.14539342146222,188.81699259329193,621.43691244121567,627.83972738763237,338.82027074506925,191.97287797754745,885.89957401609877,915.64206579985375,273.30642707594484,455.99453925345546,964.42939542276758,187.93908546481549,633.53567228055476,59.078935518121057,515.11537331952104,943.15832647888578,542.9707523326864,638.13024297636593,141.12748819275589,836.44505806018765,637.73904853062754,469.65481043827754,785.21581713248599,620.9301321446161,280.07049505413238,860.02613660974737,302.57117163571877,646.86707250700238,610.77873678508138,799.78274723065579,413.01284625200992,163.01040232584796,185.80559336197447,722.44411876758397,676.88664502989002,375.0079746753774,155.33302274726486,476.84295674269237,824.78886051126858,486.15989311362733,742.05415905326902,16.23305368868807,684.36470101194618,669.63878347957348,124.03792694539152,711.96902437188862,578.98023203788034,188.67820209724368,192.31333464043189,-31.299176536764346,-30.999645732264309,-40.860478193251012,-35.38658579376326,42.119072446192,-63.527053817513718,-78.33143700826011,57.201325220437155,27.138994440425957,-81.990533858786563,55.687808036963808,59.9042987716509,-44.053990056463519,21.457540696693762,-49.791485547289341,-63.849658317795793,-5.3502744966174536,67.900340076939486,60.372596338174645,-64.287758045470895,52.129171963475329,8.1738648254499324,-83.388667529565396,-30.478909355924173,27.506760676838454,-74.523446386392209,-62.762766872662077,-21.861393739094389,40.17069219327901,-17.401975939863203,-2.4124735783667077,53.770018015777033,76.543672545003091,37.631181800765724,-69.787379299863787,21.968451067398501,23.536020625778303,80.772362384842538,84.2704665339256,-61.93757846778297,-73.939956279048076,1.199442508159148,10.095487190131946,83.195532159580736,-26.173765730047968,-55.899009644753242,62.642623653027513,23.313272387448428,-71.790946772779478,17.114287730917436,27.588544287848876,60.595897243917804,33.778606064200979,9.5329718441819722,11.976762558731732,16.944218810029877,74.036540947505614,32.813490735785521,52.075724404116876,-71.551190254829336,53.916779094336086,46.448958182048159,-45.326346121399801,37.634931302372443,-75.809007095104604,-10.557245470783215,42.027819677447049,39.153873899361969,-68.601007006984119,2.0137576254489211,66.067315778491889,27.187757078342628,82.939063848228713,-81.964649015526561,4.5151101275001917,-9.8963844430742309,-51.221660224118118,19.085466359392857,81.594957781536095,9.5809343899318762,30.216637228257824,28.878377425343718,-38.487244429686854,-56.807657635755945,37.154273667904086,-39.129429205276239,-25.78931278975417,66.293412968930468,-28.168467990141203,-78.947098264364044,-7.0858486358617716,-61.136918402183611,76.405120930529463,51.286874964276926,84.461363933197774,-81.114028168241489,34.166957745168702,-10.476100074994758,25.155862635797789,54.451822747616916
40800,-66800,2.0225775592034516,414.54074197214652,172.83413470368765,652.83762950365463,37.600292991722895,197.52076723802975,131.88080303153251,753.11591768982203,90.11325581406598,374.06099443684121,602.97863629727829,376.05704742162567,151.03159280892621,308.44502934873435,607.32834556038904,110.75492311260378,496.02356806264902,495.01513768566042,88.599421756771875,389.25985936323696,860.80015988423804,547.56088628664281,907.39464078175445,216.44180844837084,267.992496801063,872.49605052549271,93.371973950326094,519.00027772267799,789.98993487147891,795.65262069855089,295.61088760578309,695.8573807802004,746.77384701425751,945.17474649214535,287.9583040736394,833.18050908772932,603.52869447681996,913.31536917487585,932.28471144267928,431.67992431203538,528.35447688127306,810.8415221947472,667.33561308234812,635.75570004650126,368.10209168459858,597.70708125640954,272.39052551698359,194.57575408437194,334.30814524564096,170.61753349913033,88.587384732999226,43.677336258144862,163.48138508377059,190.6135093833411,658.96290409481924,627.99272145370446,359.85831454391382,210.19385700986837,44.89302329940017,874.76045753548419,274.49183088379363,535.36593523463796,81.905296884429873,630.40419328388293,292.85155453322426,149.52771423638421,822.04507934757032,968.2354707955883,487.85656159134544,767.78062779245647,138.40543295782581,748.43493504359742,944.60905891647667,460.2122136745258,828.04384843943217,191.84975439300339,267.7161986739265,806.59488731162776,290.32855750468104,647.23631042260865,578.79477669118887,796.47992333861851,271.74045064825896,41.732223417919442,186.57199144657397,725.61357536199739,667.32233888110704,375.15387952669204,145.58078619150717,454.56177835352617,826.76947299885319,487.19356224157963,781.12768089823203,753.65717218508087,792.0847547091787,804.58964506954158,452.09963513510269,818.66763644820855,587.55737136503387,192.94146620357375,52.057622030188554,-31.400963842231295,-34.69229061985402,-37.659191508796503,-34.894837117067951,49.835831319959397,-74.351072219768838,-74.622086967956747,-9.9185186016507636,28.087327763423662,-62.642550507733588,61.266577460483553,14.621943199843093,-44.08672503417371,21.544833972890611,-50.392554076921954,-1.3870017287751188,-8.1500749857813801,67.526772747776448,-34.731040661798829,-1.3859829166620159,25.747847765887816,7.2911312410499711,-84.412038134507142,-25.591285520731546,28.844712693939545,-70.197660343773791,39.75882840106717,18.955735774224529,19.115229407937136,-17.649622626738967,-2.4014189423063415,58.976151035155212,76.659591230160927,53.191469108819739,-77.028854576104578,15.463244253499196,28.220597749160167,80.660582355443395,70.545938187084332,-58.901004567281909,-47.658835094215362,44.381961854348589,-12.007041029157625,-17.406323460199161,-49.382863951268945,-68.606763931276575,-22.005343747852667,27.747916551625071,-18.144751315615391,16.787443624786107,-6.7736279563235975,60.899639669546772,34.13170416312466,20.290616943246771,-0.3891036871568252,16.749046554443648,73.819609033548687,32.123037186458504,52.39903701422741,64.803399095670954,-19.16720977521409,-36.556430507471653,-49.912193695816619,32.669437262566944,-55.760559530342704,-66.71757474063854,38.751313672965637,36.19801175262036,-68.621530041759726,-1.0413026985877138,45.822203609910446,25.109888998286056,71.214128765217296,-81.906383404368128,5.2809629356223482,-15.879278753944352,-34.634542157677082,17.429862692706163,81.886923559768618,34.310643625953247,29.898978822450538,76.624446931064284,-3.0129557546773675,-44.071362029026524,40.865409264435641,-35.903790883472141,-44.414214775141168,65.382861011306815,-30.478009494873028,-69.311784825123596,-4.2964613475789024,-62.084749186243563,34.240525821933325,51.279961026572117,83.853487597849394,-81.313225778381451,37.600455956376727,-12.148695572472162,-30.367888884267916,50.301051837266314
45100,-67300,2.0229517840526632,409.35317359019018,33.707724507197042,327.38763496895217,73.825744726047645,123.19967974502356,136.19504566477599,750.1377297389763,30.148732418532322,365.62516604327755,617.67760708666606,389.77761227319655,158.57573869050759,108.35118779216471,215.32062603327634,83.21659385399316,600.98953433146539,703.49888239380243,69.884488518452841,389.42010208929923,828.10194544057481,319.74176772250263,909.76481704092316,564.78832958617488,262.80579776104713,870.74799939088643,11.52335918571913,58.15862349961639,795.91262681211469,826.76158300273494,947.97346719528446,285.9738835588654,761.27047964892404,927.10180336688234,348.34417543496983,834.59492584644511,602.48991325325596,933.04011631671551,469.98961567588464,432.20668867185424,509.79627371898641,793.0291412928143,689.65393481792864,635.68158926940089,331.6709943394622,593.7179606258594,271.96263910287814,217.76102269546459,112.76793829268415,172.62772836835148,557.58767776604543,47.670882188217824,788.60020609348271,193.45550572260882,626.63525354382602,626.35477585422939,349.30043398748171,208.45625192764192,66.923814421411819,901.71498210357447,274.44218440849073,506.20861141608373,951.47743340401189,177.59050114377669,256.00296217376024,796.73350754659407,910.87618541182121,915.93353666648466,542.7441164238852,628.96073739744406,81.069234891990931,725.28571895503194,633.97031826457987,469.65349719829157,824.90921048430926,174.34376930129059,303.37111845083035,860.93364904658756,287.76859955899471,644.96198758038452,146.7991632995504,798.90456338405363,415.46473725860426,176.28277003985647,188.61580791038838,723.16706749227251,683.19857758165847,426.45171262790245,139.38252303826962,456.65267543180079,823.04174186248918,486.50627316815888,743.57289810139866,3.6647460097526841,710.15369457480654,795.57368687682128,454.35870283129651,826.27364547364607,588.10999561569815,188.54972718934553,64.424532138766466,-31.318400908100106,-31.019429708131891,-41.082871574360183,-35.032595250083347,40.957472761871919,-58.298072965600035,-79.276445476305042,52.962570650317495,27.822500338356786,-77.413364588709271,66.57714300994671,11.967872079033235,-43.807041745665344,21.458218276777686,-49.611619715327663,-10.486093261565118,-12.498970109644238,67.898052053581807,-25.506808784456613,-74.888737105720921,54.402519559750687,12.391388931596772,-84.813331072450978,-23.012677829796885,28.961748292204156,-69.795302566515062,-23.444103233286686,-29.499980134962581,18.484339442252441,-9.3216986896110487,-2.4089896441129213,54.062670781741872,75.100736531162212,37.632113936196426,-69.743739924007187,16.809398921020694,22.106703065758296,80.769540578839568,81.665539267199506,-58.607140707251979,-65.878548510189773,41.92687710372649,-11.542782510225946,82.584374926393039,-49.750239587889133,-67.631237008330487,-9.2794571351033053,26.800957214487934,-22.138314839078642,16.901315328179923,27.677263918316079,60.576445292637331,35.065523150268561,33.865730997665281,14.7047859331715,16.754370334466529,78.226949639572908,32.662360997177707,53.3977621163531,-78.001561523584741,71.40435222578914,-38.062889051663824,-50.065105923354167,7.0216120148927361,49.61147730626007,-74.726517041670945,40.075647352997422,45.222512811999906,-68.576893012346559,-52.631029730802197,64.393936659672818,25.633996534892148,57.425650290918725,-84.01360044057094,0.77721767140200515,-9.9572211807481388,-35.302972008873951,-5.9644901354111202,81.812387234675072,9.2599689240176168,29.947521318501781,81.234215575522683,2.7721905876520481,-45.858363573161476,36.971195111920501,-35.988377644636593,-27.469023663929235,66.338399795014539,-28.116474666435661,-64.143545241806237,-4.6828616240778373,-62.147480248080683,73.080918246784663,48.911655922425254,75.035754949668856,-80.501005788572797,36.849940626535698,-44.540764900668343,28.649340034024505,-73.889958936278532
4100,-58700,2.0175786759697529,999.99999997879331,193.58760277325558,703.35341546531936,59.212942648099052,231.39949165331873,154.55483121007455,764.41986906243324,341.90241453166016,368.23009294731241,603.13235615038514,125.16095130461466,41.853381071712796,271.5465207602852,696.90913869267649,109.01506660818941,526.28554079718799,708.98390205223416,92.382080279256542,392.03896947626447,828.24544344295589,314.53039410482995,870.53205302053561,555.27434287544554,260.19949916487792,842.00632269202333,981.03865239078732,127.67663662079025,819.49440543154753,688.06716571550533,981.22471517198346,685.53219086013735,194.88993845688447,929.26430192524106,653.66021662800279,834.42880239352337,549.14097760530694,601.07270211316279,390.30160807421544,424.94238484162958,532.31305869719267,489.37538602157355,658.83483444779449,635.74745280790944,786.83408237519609,598.37327754830551,258.91009915816153,165.20687762547516,113.19918765982962,174.0374849845474,197.59394186139011,28.064175534447642,221.48503427333367,188.88802906938102,621.83104030703453,843.92073394906788,351.58344380517934,195.89332832138251,49.718871204546303,896.38735627818971,273.29432177134453,458.93066733835286,931.56633287936711,56.031803539899705,663.82148129036796,54.072984296036147,939.85457554419008,943.86630575649781,517.02711863611148,798.28091839428453,141.04679562811017,723.2666246398054,919.27897663852946,462.15516530154804,814.28331436605902,616.3601092599522,279.94718470384544,855.92730851392025,312.15579303079528,652.4266751409474,611.22652171118261,798.80222949555707,344.3314363981691,758.20989972271434,186.88970342471976,658.4549265185957,677.03986220728598,424.90617561343703,818.04567904050793,477.00432385704664,824.85703060444951,428.85687758346569,720.30379573970401,11.120657902227308,730.09448914351458,665.94541878461553,107.01520906910073,713.06093843587917,579.40256378623633,236.9299668351178,192.65749516100101,-26.896121307371157,-31.303947356686614,-40.857060668095272,-71.166533580501863,42.427554781497875,-3.5557813881592297,-73.613581218720782,57.221857368950225,27.16386435118741,-68.867456786534063,56.053642157491531,59.195291839322373,-43.755249636302651,18.534819308517932,-49.786234056838367,-61.406682602865118,-5.5992457176122965,67.682299434619125,66.285435261391299,-65.25805785940311,24.948568376709417,8.9102784554915058,-83.362406470886299,-30.505042791515095,28.449382467032013,-65.946309766631742,-20.434428186962606,-21.476879763958884,36.474374396182199,-17.558439551575486,-2.7608806554046557,55.194891708800853,76.59891393417378,50.008825929404047,-83.03580154694761,19.887915327043167,30.089261990367024,80.764194909026841,-33.708433960415491,-62.146631687694182,-65.268582901807179,1.8494765878718169,5.0098449641998171,-3.9503739570414211,-26.268940103609776,-74.184692949006461,-9.3298946873954094,31.547937583101525,-77.209318834237692,17.111443317314023,24.838428242133794,61.282636039028354,-9.0448316022089656,10.770751949093087,-4.9248503369047123,20.670792943166017,-17.412579265225776,66.498373227337339,51.059315853893068,-70.331900481535996,54.986906657486145,38.476635786778331,-49.111137302274656,37.80547849877712,-74.594628792344764,-0.73116911062627565,43.947329815208768,34.940713877026823,-68.599479643586079,8.2656173325951805,66.643399610732814,-44.406058904556787,-28.797809151472805,-81.975454865019017,1.1376318462938824,-8.7498577964725754,-50.624574620770673,-3.350510514003866,71.23374958493163,6.218627300439354,30.239527623951947,28.85224475808835,-1.7741749557077737,67.692503972559066,39.393997774922305,-39.058887540840487,-24.667480841640071,64.319003401077751,-26.066366499660351,-70.40157995732595,-7.0754644688714601,-60.891146011451475,76.284813656861715,53.034780153883275,83.789802130764727,-80.903347670026321,37.920167701578791,58.374171858002171,-30.947655886321463,50.079311546159509
