f0,f1,g0,g1,g2,g3,g4,g5,g6,g7,g8,g9,g10,g11,g12,g13,g14,g15,g16,g17,g18,g19,g20,g21,g22,g23,g24,g25,g26,g27,g28,g29,g30,g31,g32,g33,g34,g35,g36,g37,g38,g39,g40,g41,g42,g43,g44,g45,g46,g47,g48,g49,g50,g51,g52,g53,g54,g55,g56,g57,g58,g59,g60,g61,g62,g63,g64,g65,g66,g67,g68,g69,g70,g71,g72,g73,g74,g75,g76,g77,g78,g79,g80,g81,g82,g83,g84,g85,g86,g87,g88,g89,g90,g91,g92,g93,g94,g95,g96,g97,g98,g99,g100,g101,g102,g103,g104,g105,g106,g107,g108,g109,g110,g111,g112,g113,g114,g115,g116,g117,g118,g119,g120,g121,g122,g123,g124,g125,g126,g127,g128,g129,g130,g131,g132,g133,g134,g135,g136,g137,g138,g139,g140,g141,g142,g143,g144,g145,g146,g147,g148,g149,g150,g151,g152,g153,g154,g155,g156,g157,g158,g159,g160,g161,g162,g163,g164,g165,g166,g167,g168,g169,g170,g171,g172,g173,g174,g175,g176,g177,g178,g179,g180,g181,g182,g183,g184,g185,g186,g187,g188,g189,g190,g191,g192,g193,g194,g195,g196,g197,g198,g199,g200
2100,-21600,2.0676581162435044,968.6378593312561,867.99630512947442,301.51944579735789,50.973235779341948,249.96770962065116,680.12196252343711,450.76614310014884,101.33141340819384,471.95973465511696,623.27411718232918,97.353504110129848,296.54314815536668,449.20591865307688,582.72020935748503,105.15032769326058,531.93695048061625,717.45566127054599,228.05095325485527,422.67725194123494,915.65654489540475,339.89797898074022,916.72432266146166,71.795555126025647,570.85493841404218,764.78869232766181,25.775358237065291,456.0932693525487,960.76696668456464,245.50003089113707,965.89757694690638,633.17741696180974,116.96076938684388,159.39145321430567,572.6790920295532,818.06895657450843,0.045251604225683195,403.8170535155964,1000,469.67607097015366,37.872061927335267,455.53143297276233,279.97489616001826,110.48617771648946,770.45307730454419,586.13963726727729,262.02818592379577,189.39886647710475,186.22468778228534,873.07228725694085,216.85674509569321,31.279243779156502,210.9953019131801,181.77507135467732,629.59922898043078,330.56517780087972,340.33137688995566,854.52207110850236,355.26041714642787,439.68248297802182,120.91106539104486,419.33830801953707,6.2550669321453825,815.32284952525174,485.93114416250927,81.836404217884024,617.00773459313928,880.76315451514404,172.50513530816968,773.67524739220676,507.03088677022049,760.41922816501528,9.9652363785602915,711.88031587008152,826.20503398564028,546.31905070233347,278.1692974722888,825.96918432143809,287.56099249400859,762.08920541011025,605.07467143285862,41.280078484965657,290.58077695342018,258.31193622639557,174.01316107049502,742.30274775750547,672.36430319993826,418.29739124247118,343.25557451981416,450.49380660487611,855.63765616125761,98.721427868760927,145.020363011158,792.8789769316686,321.92346378301795,644.68335353599389,459.3913811775742,637.41925334445568,579.31723706058062,180.15864657032421,205.63443806164923,-19.531349440085414,-53.305810992095012,34.775172860103545,-59.85650187389502,35.305163962469983,60.731500067089456,-42.108150442334775,-22.536587773178667,29.58366500952755,-74.389034414837013,-58.914960164046249,21.456974913075221,-43.670487805619366,84.427542741189072,-26.761728173654241,-69.771636703277807,37.075659807280942,66.244387939146606,-36.341770715947526,-72.806826410476603,-50.126373518124581,10.937099336053972,69.520291195060494,-55.911461030204805,56.864453892746816,-69.52455374832283,-57.306048036968363,-20.16048262920097,44.824027784993163,-19.179468652986269,0.1396396342836006,59.581120255052255,74.411986509935701,-26.479491318489224,3.0841841109406927,-17.596775051431663,8.3886660711678083,83.612902668425122,85,-62.578509278254408,-74.984882442437083,46.135688092388378,5.99303982204282,-6.6087904516306004,-25.387115539948109,-4.5706388738839472,-28.960587466352713,27.591932789611743,-83.517652157287955,51.213109947957378,-6.2141077590850236,60.777865183598649,-41.172984221070422,-83.086314463722871,-82.889255123634314,12.280068955456183,-20.605385175754776,58.455061310015573,52.420867327505455,64.440450411140645,-37.023907625807794,48.695508145129097,-57.911509616901363,-33.085868484085132,55.674271996559057,-64.985931665845357,33.26019561249602,-8.8447642447029153,-68.318171281693367,-64.578389516164265,-9.0864306283893086,21.845695359718544,-14.302413802138533,-24.817896503817142,-62.113907951478666,-11.423113864737743,-35.324593130460322,33.878356124386329,-43.899777118724089,42.544747510842292,31.442226311937855,52.625299080967096,-25.698739083414395,-3.5413774168194365,68.184401348745936,7.9521819015163606,71.032550122100972,71.024911210236041,29.310930519855276,-69.623191045858988,-22.343909865130556,30.642316875368394,78.91792372208721,53.524579652747313,54.051032698712007,-81.994670665371999,-83.472822281224822,-46.109152965773276,27.651165902148698,48.869944938817653
3500,-41100,2.0199155393390194,950.35225559518665,227.49633440717554,724.49450564023209,266.76504336521197,152.7679198629761,665.49111439513854,801.53637716436481,234.89000322004594,474.80461635978651,597.80567414863458,110.55372713356238,107.53796814595076,436.60563698692295,620.34045760963454,37.096770300031721,1000,713.19145773582954,230.40236552161005,137.46384998566469,913.60650200878297,337.60729015217674,464.48787509430673,20.233728726184609,362.43605578509494,770.28451255083462,56.084745572444035,96.120341037200973,11.308198989121934,201.29018166390364,130.14589257472892,252.66439819384078,882.8057300895382,160.81134602181754,351.26768032156588,535.11492466916764,516.6966462341361,268.75151575600677,1000,115.06287483995391,639.41289833149176,870.51610016242967,371.31089496268248,381.40752806139074,770.5380703596951,585.99317535531861,383.37210672144323,227.94300028149331,97.23188911047049,96.169249401724358,182.48902699329881,743.24279705069216,233.20559034309133,186.2734361043313,612.1837341499031,330.13269778408079,736.32277492068465,912.01444235590054,39.245197058451623,504.46466072969235,557.52964394928119,189.04370682881446,925.9769742875169,120.44153568434865,387.23927630828325,185.92376953977495,642.95754054148097,29.1604102636486,515.43709204860875,776.37990376844243,499.18842205071275,781.56552083513679,912.95021967459911,711.56795216360092,586.58901444677372,179.68099033370467,27.997306813584725,960.07858686762688,293.21232348254426,73.268029802398416,64.020144488961364,832.45851086731386,90.048434244365296,270.69504217081362,170.00503799020521,967.52811375985971,80.217925116828667,383.48489632582107,335.05683271968803,797.26144706463174,838.04353328792729,678.06866726706517,108.0006563374352,764.72189444024843,354.38303644535171,803.45803008954704,442.37629357181208,857.41160107252585,568.1452127582703,199.18326117755913,35.773831721981239,-20.292102197506946,-44.528752124503264,-35.227152957674662,-59.142414504693733,35.312475548615843,57.359369516605632,-43.652085776462606,-15.830025185712291,46.160998724186385,-68.089575520139164,-60.431304975018421,22.437276845652129,-44.732550736880228,22.3199908975004,-26.985437459548361,-63.742854085200534,-6.537814084417068,64.82198867006656,-2.1669616085031116,32.879967581191508,-52.379234924922955,14.01353237828561,28.221416953646298,-28.45264642652203,57.773431665848122,-69.194451617073213,-63.626742825159667,-18.679896797497378,38.225280660414683,-33.221474858901516,-3.0476443344235875,59.84407969538394,18.38489525082402,56.504623215832368,-10.421773117123232,-20.877316277989848,21.831454995361092,21.398927794125555,84.949995294651117,-65.498931017277542,-76.760305135671302,-0.013262507178247063,7.4912798834116821,40.943111528611155,-24.845274944407358,-57.730032299921191,-37.464959536547823,-53.415400389292138,36.22261795915901,50.577036376307738,-17.685070094728008,59.198064141194465,-17.830510128035989,-83.846519923157075,-83.187675706685582,-48.92647086902555,25.766566586575564,57.332106354707477,58.461873200180563,23.608636260248854,-23.706255768021293,50.587826776628006,85,-34.83202356881182,56.406797615769328,-15.401359078108452,74.762221988790259,34.55057343299336,-62.875591599712557,-5.8613755598396011,-12.614594165669239,21.522615276568661,-67.195150703557516,-25.385614325123406,-15.60713160945123,-13.157602689074963,-33.865628509213714,46.211484342534213,-38.970204876905328,43.007682283331157,29.710697542303283,-76.86206661324843,52.52440920805364,-1.3204686223201085,71.071052326813259,-7.5886964511672037,-42.429490555453583,70.461482638978893,27.988183643004319,30.014729580159255,77.211255680348714,34.771135870703631,83.774236077629439,49.094815805391178,37.996343627134955,-8.3183486803936795,37.665473980150097,-11.081133737476916,29.465987215763061,-70.025369706838603
56300,-68500,2.0039808045570919,239.44451654329276,3.1179869775279059,219.79101654204342,51.537654506966931,255.11702295173424,120.16188060921388,554.51112306656012,334.3583310200753,458.72887853721625,604.44890600695339,98.012904760290837,273.56016612614462,324.03474529364121,63.418602763591082,84.475005763146143,516.77675683745349,725.91206910288963,574.42919326872834,396.95439560642797,829.93543249427285,108.17805377801568,923.01486173030776,567.9221773962505,258.64408705060828,847.56345014874626,667.22410950191477,444.27598738356824,967.42111887009992,196.02329835209787,934.00852495767742,637.29915458899029,228.53614046141931,877.3172051012881,349.95648523859933,818.16053111857707,968.75153783539474,388.80299860462242,403.28436247640087,454.56420061618775,46.901556086110467,455.0673730478515,277.96971341386609,381.49098561492156,389.48662542413433,597.8551285534104,274.54580507383201,210.63347670301104,185.17715960726866,153.71277268166858,572.25034178025317,37.714489241544271,217.55470155373942,188.54709204228021,634.92132548971347,639.64575688379966,349.10622038067356,480.85371119869239,907.44421741647739,520.68513329127518,158.46419964332867,716.75144307415735,696.72034340418486,49.733975016487989,486.98570765741545,846.57085481473655,819.23942506134836,935.39023231333351,528.95729941079048,641.29324308002788,182.4386535646596,723.13427262112862,939.36894040062737,525.64883542506527,815.66413907188485,545.0225232292695,617.9900841807488,821.99271192800211,171.75575891962299,629.41709740509918,595.69471246200192,799.58282000318798,807.14933287512918,81.817576629987101,146.44488576868491,754.88033868092521,672.34083450627566,379.08247786384823,45.383180536062753,488.13644627960565,833.00713116240752,466.89698103850168,779.24657388055596,9.1351121668481312,356.75674950782707,662.93044388572253,411.76100183626943,717.86334822043682,566.82056700735291,195.34235993382291,196.21850318345255,-30.988745442970259,-52.715934789762279,21.798068457698818,-34.068425403836201,42.931623389873224,10.475185052695,-74.059286142168389,-17.040968514994262,28.829208324169109,-74.963422712403101,58.289711670229792,5.6530829522620891,-44.081709196887061,20.529330201565312,-48.300416122018149,-4.6486113375745486,-10.466421996399999,71.585169640700414,73.638885771207924,-73.265886271762326,73.701886416886381,-41.798251839524212,-84.52341510753034,-27.635973625426523,30.295695673566254,-76.536660099350243,-26.632695892928783,-33.617115927476476,-21.260956008567554,-17.241255161795586,-2.6442530253242551,48.150654252890547,77.017633471740211,-28.381435638362376,4.9730329127517381,-17.340119362449858,53.623134988855789,83.158116609442416,-13.334697181302293,-61.634638951014963,-42.479675881325463,46.352447338901719,5.9355476933470825,-6.3825758071556118,-25.924685894980239,-5.6361115252418239,-0.33333683552509408,24.781289784441778,-10.405766591343543,15.51262310649137,-6.453832530986336,60.872374695853907,34.796670675785677,-76.80767084918422,-0.57996850328622651,21.226050740609168,74.9352344565268,-25.013624583801239,52.497507318117471,65.406940711680221,59.897236554938331,-10.45546279472676,-52.316762526861922,2.2112183474259837,60.123293839030168,66.413082390091674,39.224677025597607,38.182833146890019,-68.632693563415614,-61.772074550359989,53.213422991603821,-72.883485904806705,-15.40278501767029,-84.643209001822029,3.7344724519495127,-7.6319904115164023,-37.181941539893103,33.873753728475158,82.205876833284634,-0.80307046291851947,29.943625568846112,81.652651689378786,-2.3641722298145922,48.062493749196243,39.737163163642485,-72.823557680814446,-22.330990932005363,20.104701063700194,-28.910966057728796,-68.226244431698689,-6.8340998527657044,-61.753104646540542,31.658344012691991,48.896924454054982,70.440515346162428,-79.503829836230167,36.986188426219371,-47.589125424302324,29.574091163305113,48.847961532247815
3600,-41200,2.0496373473269434,960.84268346752754,193.01506944118319,244.77449434314536,380.35242187219626,265.38384064453038,134.91103145148108,807.42132929183299,330.00420736401918,474.77618632569801,302.34207816427551,110.22727526950207,291.32898273435558,319.06374726509443,603.50912442814899,63.438315461355671,596.68505487288746,722.17856379424268,73.795646209056429,107.34028738130745,911.55006251087389,338.04118904256109,467.05807597155001,574.31416884312659,266.19627173859345,849.05593224996676,82.62829080987153,431.27910239785854,953.81227913580085,244.57903952951764,947.50997340647541,641.15596024900628,43.926881645979961,164.28971577243939,359.09435870758762,814.47562802110951,516.36069007625645,276.95376772888068,402.93452169597026,418.1779576620437,62.186455896909024,450.69775567500881,696.55213016580171,462.25036984976282,741.7878453248112,586.39969390359613,389.91414348679814,199.03204976628405,117.68222556771239,172.96020870555094,184.22380527174337,384.75010658491453,229.82460079924854,182.78229252433727,658.41296378807544,323.65796185813269,568.14729442381656,488.96216311551325,330.88967107170868,982.97053475903238,121.65925835369319,215.67148608148921,925.01734497236953,84.90845552829893,502.21442695175745,85.910458660620748,881.03596254254808,561.90194568233051,525.89750318110623,775.10156444016536,485.00109266437664,789.68293159428436,51.059641503757575,702.76770057003296,822.36233609555131,174.56820081648047,289.75752134628362,797.83530611335539,284.51237547802242,611.02767947906784,63.848965187613473,820.78487353293826,301.88741522921174,719.93139748978172,189.5860576736458,742.12380065349191,635.52451734502461,383.50008074746984,823.12691267247146,219.83934318948016,444.43422044967815,94.918020851557117,715.04378293956006,691.29481692118759,319.59726035723219,806.21468655645754,459.531271763039,714.03726630113806,645.89647693730615,231.23641731938687,41.261450907469793,-20.314904088174284,-46.350319706887319,-36.708439887467549,-58.824156113406922,35.114929569044513,50.519353509075813,-42.917618878195796,-13.260123552028524,26.951802021071856,-75.004433671393471,74.881555070204783,21.984682857665501,-43.684252034167812,19.713222576148411,-26.623735483542688,-77.080551069199515,-7.1163372482199634,64.962014078194827,74.487844909343607,60.042578931977111,70.951123532914238,-42.178791345353332,-78.46140160135127,-27.369680069601454,57.932286142033,-69.06283539772771,-26.563635371658791,41.993241955311241,37.565929589637172,-17.089943212868548,-0.15045343066269523,59.20698293987148,77.662019956826171,57.392564442729572,4.7970032192453171,-16.287679737427023,21.441585713827337,19.90984294165008,76.953032914072978,-61.770779480378486,-77.10597796141991,-0.80739580038987335,5.1150841332054018,-6.9967258186239008,-50.49350566188032,-5.3229334046577748,-26.78763344780193,-60.022554652164608,32.793488622147095,50.705049316210079,-17.53557632852408,64.419084688076609,-21.162226974249755,-79.530013519782727,-81.055791056392266,-48.844490783061445,25.86096759307129,58.296979748740505,58.445875576769147,-74.157846722462267,41.464361228949386,49.036136314231449,-56.259808265707477,36.578426985158387,-76.376339256260195,-70.785609803021785,73.860910140065258,34.339871845058752,-63.532449214660886,0.56749605144907989,-15.324920109350501,-38.492485790986272,-68.057327178254809,-82.409243123387938,-16.541167128815914,-13.142139236650596,-35.581245907035054,14.292778186092139,-39.715477223001855,0.91068967030955505,29.041198591484186,85,54.120211433026121,-2.3368236213347977,71.279533345881475,-7.7330424376174989,79.746788710210126,70.499138659427871,26.522044628266496,-74.431598539815155,-22.072520760385295,-50.616018370382285,-5.4816490059030372,53.878154491716359,69.284647746012027,-77.316323504723599,37.332831404788521,-11.129033698064758,26.212559753524594,-81.751809787468616
12600,-62700,2.0027473086966938,1000,5.2610930814806256,301.63829852564203,50.997665404779625,261.86584418826493,134.71223566259266,538.044776786939,107.24297403044638,480.90824801275062,604.43538155490523,387.55426803116086,296.41450500974287,32.853069531238873,68.456248939251964,87.399576644300922,556.73268353438311,711.13368657975093,157.08913360211346,395.5792215693566,829.52228031741208,523.43407253722455,923.98388852377207,565.43642077409015,270.41158919975572,847.55365320465194,667.77457679141469,444.67257041936142,967.73493013389759,251.00383737010497,180.71467644909751,637.42480019305447,14.450913134001425,945.91549257055476,574.08349248674529,818.20656724121886,254.73059567736934,402.43622629324977,459.05397315906629,414.67378861071614,43.910457151595487,874.49587240671929,270.91793059366563,400.50620122033297,407.37413306136,596.85058945530716,274.53703560718094,375.40047212232525,329.78555224369143,881.10387075739152,555.62290760001929,43.978312194757564,872.24767103279896,188.68387241024092,636.10458783505987,643.99944193260797,341.80028928228484,234.18475036650608,349.52333545183092,499.46488072115449,263.23818625471569,405.43853184220416,6.3659725051710829,648.11913229823563,486.13157995148583,842.79550023502247,621.45032112951299,546.76965150816613,485.59813935376883,636.99444511029606,140.35700552609592,734.70484356570182,940.23819600361003,533.25560232995178,838.76100405347142,545.06988620594359,277.78546262572274,817.27755221742245,171.08525694365511,763.71306466595138,584.27148472307636,799.40981144601665,307.62633023769047,84.131792711629501,144.0109413414516,739.91625512572489,672.083415924208,383.80975352137898,55.052165994538939,458.90353302181853,839.7471040563222,98.943932451059865,750.034539783166,373.44935189065416,793.19008887974087,662.97405957145236,420.39047791349208,718.25996835139949,579.418951371096,197.73483073046469,205.54990538356179,-30.244105937777746,-52.979631932122487,24.040765197641072,-72.349567364046578,47.86204645344511,-68.568519537983605,-80.400636061908742,47.96375396909238,32.592073269117257,-74.870531316113144,-84.516322630024874,5.9091429348219151,-43.81646591839268,23.65209154496867,0.65674470585237543,-4.4027303781030831,-10.298188299593706,71.432497782617446,74.308504087011229,-1.5264183354048484,75.923835354448272,-41.225591688780945,-84.488804755788578,-57.944698533782763,30.061916018765039,-82.620047360079525,-26.835228970604405,49.493863456433317,42.554127168364076,-16.882145691353543,-2.5559341637083368,48.986848632215704,77.014571400411484,-26.623020305404374,4.8376351823720123,-17.38456094787086,29.084997724650531,83.599415710097887,-14.821912715317008,-62.262219094751707,-49.331665972088516,46.235567807180608,5.9201645662155009,-8.8009211882909515,-25.671766642024508,-5.7324985486587794,-7.9712300918902859,28.817444245076917,-79.750722448806428,-18.676242513579133,1.4093219407576871,60.87987866555904,35.266227856186745,26.900840131137564,-0.74158093268067637,-34.818251433826404,75.45967401464884,23.381000838798748,52.496668310680853,-78.209600651906214,-36.752731764560117,-34.415405404014408,16.356615069765269,83.194197354026471,42.139941061501034,-70.001086425726058,39.856602412433297,-9.7896943297047976,-68.531191472715491,-63.485634297577533,53.214771990430172,22.602098547934411,-15.258607140088381,-83.996642054358773,-0.12890108781323625,-11.456395890431489,-37.071294995488763,-2.6611148357614596,69.743808448893759,1.9005808078098974,31.605124533510633,47.958399490204783,-0.86979430585363282,-52.930979201027512,39.144301445566597,-32.098376154987655,-27.174493276948155,36.108885728000445,-32.182222557921101,-68.247249597586546,-6.7966101826079024,-60.923989688783713,-9.6049189009475722,49.527507489488954,-58.111136670939416,-80.49365205970409,37.378081332836246,46.293446629834946,29.381255258761229,48.850740023806374
1600,-18700,2.060983026644621,961.50771210760092,221.89878419355168,232.55171798879383,380.73676051960001,810.52365512862025,92.368825967940097,479.65387142507274,381.68088547752029,373.26317747983501,612.36344703601378,130.95436905203928,618.64933974128019,353.71837236085605,78.852230953269299,337.74048434843496,497.23028506903853,513.087663738591,493.2217567312756,111.73117265983545,501.05257790680901,492.58694653432838,921.30247432627243,623.90642833044228,265.13686228103916,870.8874136743475,967.31643106597915,412.23930933509826,893.35228335171314,203.8348125146214,913.45018018771555,600.28069029193421,232.55241190168181,776.34498075813508,575.16514118282021,929.24081148699327,537.00288391188417,592.30993177997118,403.22161355143771,452.21349069685238,678.19355756267191,898.4601322485023,254.61761273647721,397.89938041027403,394.58638648280862,597.61281201106272,385.37719730346168,196.5681887497272,704.96781462962235,429.86894969799908,15.453853616214239,195.35134839859651,234.04895424637701,18.175371985901233,336.67445412740642,886.47616258632365,286.5027229194626,231.09577223789751,923.92739919224493,970.81038589068805,9.6257626631251654,734.00946370670499,11.497279378881046,652.773561919754,496.09863732696761,261.4342500744508,810.62111625194257,935.7326751602692,531.46566608982528,139.80817730972416,185.89351364315849,766.56168177162363,631.30340670984151,62.576046498411898,227.66945175355099,202.43713665404508,269.00088773491586,155.48056787329784,670.81476601028896,777.44864631560768,634.52340408114969,57.166918286735665,289.69321138785557,202.49639652097073,198.40381412206855,709.43185819776181,659.28823062814286,418.99867034078119,168.49807234910188,480.93697233099448,442.47980372713874,776.2453960266356,742.3852247783675,874.158132824836,782.58370959214687,791.84642954723813,842.16929068349873,679.53278205664617,610.11201257618848,213.68229629511652,207.12248514533866,-9.5885108503262906,-49.783109786370886,30.89380996805362,-34.218044930114985,42.364630037439127,-71.115755948548426,29.022810551615784,54.519213215137619,-29.611913196948986,-68.61204166605711,-57.240620960055182,6.363063799644034,-13.141969421893236,75.502498857410174,30.864008015911992,-4.9742311540029931,-10.661637159315788,-48.831758498846412,-8.784853621587196,77.101323470871975,17.776837596154913,-42.755693990834622,47.626277184933137,-26.842982266093493,57.098267826466895,-80.204461288926041,-27.80144164202482,38.694709936308897,-17.698976644702459,-18.222261352804576,54.212955314913827,-14.371461449868704,16.093051397071928,50.13280928837834,4.9649967484434869,8.800701618616575,29.587829348069576,29.308618587563949,79.155658897396989,-65.616902613378812,-47.382548316204286,10.724066664061233,4.9664373559469652,82.040703923392343,-48.926061717201051,-9.0334964188570428,-3.8695062617415736,78.738740171358018,-76.543210174938608,-13.64155071434714,-6.5750868630330421,59.330215277994867,34.161733664254868,-81.428289125643829,13.231578153609895,22.200384352863281,19.565692548990235,27.686201300425786,52.565064079014022,55.959465834157342,38.086335442935543,-79.323690016747747,-55.092363889878662,37.196446128374689,-76.614851079941445,-65.714717404142192,-25.874725902977112,34.924875803304481,-68.970988506748881,-61.982012181144235,62.618481840452453,35.361142970987316,-11.220019002034803,-84.712604890935779,0.57506997100718382,-7.5039328139059052,-36.425091571997029,-59.259963111975146,81.559803093757637,31.674921323901465,31.613384784177949,51.759869890332439,78.709550156754389,-69.73094883521631,38.12212568605527,-82.77554237736598,68.889097332265408,69.98919208621929,46.56309144389688,-67.780683304781917,-5.5912596725157151,20.323475940061346,74.261570254374064,49.712913437997742,68.359816839336517,10.221814896408103,31.299496319784755,-12.101737889988812,28.646005830072717,18.654132358317497
13500,-63100,2.0332661292604195,987.16021747539844,10.002487634823638,220.47874396856616,50.002410470471609,270.93867429630268,107.39246738928824,762.95682095211919,321.30772161169779,368.97450966697102,604.4314403280257,104.97450435120322,267.21145339631346,309.90908536681911,69.774160916000397,87.40452809136498,531.77159370740731,724.57317512172381,62.345536795534365,396.21556128510372,829.53195701236336,737.04050856063066,215.74454727686498,196.91806789156934,262.07622153228789,845.21171187200696,968.08388355417924,445.98470205650239,645.8000798250971,688.92641805492462,718.04094703991746,374.71113223396333,126.89895382783484,940.4894758007681,550.24679295067904,818.14146183559785,541.51373571486636,915.13948236046269,465.6490483641399,414.90881217084154,41.216451516562046,449.57538164506889,270.74155892518485,653.6791454886768,739.40488615830247,597.73929658072348,272.28041845306484,367.36865477107256,184.37582457210942,852.64845377474501,594.79275038543619,36.580905312737514,227.93203901094694,191.45468319921429,633.23650776991974,630.53916896277087,639.60021554456603,242.46841412391808,66.397570417949538,489.66615297824751,270.84085658577214,167.83211730127167,528.72512513640049,850.20078198831993,486.27686124397172,849.88116744164302,650.52213884397111,537.66501530522851,535.16978356601589,773.36396409547433,169.532674851298,729.31486411989511,596.24586700179691,523.74020601813038,834.41120165321252,530.79629605807179,277.67407276498875,818.93432194110017,183.45356782787798,628.65057020072277,67.045673317403271,802.2816853338669,55.381912765233182,733.62223455378614,140.87981229927237,770.3331001516267,635.71233617899679,395.67931023588682,773.42380983453904,330.72518004071873,841.93432771445543,99.03067657471685,753.48525506501562,744.33317701909755,794.61393624638572,639.12189506674542,386.06939741438651,717.60633551802198,608.10633519172507,186.12161919073014,205.39164918384301,-30.818746876616736,-53.342723018906455,-14.79556464972989,-60.15377309500073,43.019671854188573,41.235891941719622,-39.91603338536467,-26.266877816350867,23.199154857400885,31.427156912616081,-49.601068981414492,5.9179002931888851,-43.053533414565692,85,-13.219837118429833,-4.0105907825562639,-11.523664485544325,71.622360118658861,82.954313160710896,-75.506850303054961,74.103179475959607,-40.693304863782103,-68.321756071400841,-54.995297128417675,29.862076716697104,-76.785388742924155,54.865078823589847,42.932652441569942,42.92034324156181,-19.615148656865397,-0.40492491856395363,59.012608198158738,16.130179254193184,35.249471826535625,3.1791705429258039,-17.224959113782877,29.052552828424229,80.518680956893519,-15.641758803846878,-24.740568218725727,-49.33352899252214,46.209647621349397,5.9761460215876401,-8.9162562451660943,-25.791343396246408,-5.7563557608711298,-7.9559248969554304,30.302806124314316,-78.181025277135234,-20.911250024079404,-6.5005414891391471,60.94053851836459,34.521988225554253,-75.976230052638343,1.638446921243939,18.870643138904878,81.561572113237261,23.863946270605535,52.476466161094699,66.755006131049697,57.495802427937534,-13.679244508798451,-49.747325414154908,64.578546186146639,-74.546586242385587,-71.671457211362082,-24.260498368995147,-8.0483783635187187,-68.694888152848478,-59.319848265072991,51.992612465181082,-72.32603431614524,-68.959972106813865,-83.42141818563455,-0.08377904015143578,-10.153257978500477,-35.200939331611451,14.799614075471426,69.769465161521623,1.4422235987940972,31.515706654768206,49.364479008796437,2.8296261371210019,-51.690533116308075,36.153058231260189,8.5179560526045286,-22.907123778822331,67.725678683175033,-28.862802563000184,-73.180686909615886,-4.459966082869455,-60.928258698726957,19.044603296942228,49.414887533221282,79.79657324831517,-80.548262136971786,41.500368109667072,-49.046110896335243,28.335888347646698,48.695979277841502
12100,-61900,2.0034285337957924,1000,4.7533447136641485,307.80197615161148,62.960639630992787,268.27398874897585,134.61753687037705,782.68176082944854,338.49528743207901,480.75463240539347,607.96699137685141,388.50275480495304,303.34836878584235,8.1562061620116708,619.8936775331922,88.964833464947006,555.3823112504092,562.18207455497554,157.87208143583291,389.63707007910944,48.122408712629237,523.93539506251818,936.27351262579418,565.76344609453588,270.5432115761385,863.46338088747643,659.99454720888366,410.26870400851044,846.84143752047089,685.70837896591024,493.88132643756205,395.58950943557818,11.530454839266845,945.69892106409964,563.42052129013246,927.4174115525916,537.13965408408126,921.89177165720173,987.8289258627824,414.31259784269173,654.74484944859728,873.65217910251738,261.4786984881037,761.41069561765005,406.55295284004546,596.4909309650393,252.43434518551499,376.94423208333075,319.14321986566887,390.20703280036446,555.79182390476012,47.099441130237587,211.91729268499154,86.612840489367557,636.98520942034907,638.00478331529405,340.0570015577855,191.28598453932284,343.70026692647417,951.71765284567141,20.032779054284944,406.2136019944441,11.5338263633063,642.82555904571154,474.32241978886879,857.54623121777036,619.09436269650803,553.14609095328649,485.53205722237897,648.74385431577684,157.82642638453237,734.63426256888386,920.92972567235279,537.29248504103157,810.49374202476224,568.40420046961276,258.49231530839393,817.88907400648463,627.03298971011839,655.6172334460208,551.6792866895596,798.75637130991379,306.54809117141667,77.585829156383497,226.00620950425605,728.0321543781339,629.95808118096011,398.77326090909992,181.63994215387848,453.92983985264516,837.70285535448431,726.81099820677798,750.01357115325118,351.69326029255251,783.14207348610705,668.36879692711352,459.43348503148843,718.27627455127219,606.52024321940678,728.61640846904288,205.78409593440477,-29.549354795524078,-52.988267769314952,22.848877927290062,-71.950291888341852,49.18390270156398,44.589783469374019,-80.374306914638993,54.990737630478925,-30.03996303391266,-74.357079175355366,-84.678453549128989,5.9213781360344742,-43.816407576145181,23.44425714429509,3.3915386149022488,-2.917043001018861,-8.3076755096727783,71.406544655073589,74.370470485403828,-2.6382273311192357,74.959416838382765,-41.680004597550862,-83.497110508353899,-57.369076172604522,30.524049978177313,-75.771707370730866,-26.830874850829986,35.038202923033637,42.561793724970201,-16.742704722999555,-0.088844062976228599,58.566841878506061,71.406705416484328,37.047128115114219,10.508693575416025,14.573164442836163,29.08640700285509,83.34331273036338,-14.298989474795739,-67.571096168458439,-49.378427874347423,44.835048928650892,4.6198231576004316,-3.7926952634369044,-47.846976069998604,-6.4867843633566018,54.04411355673605,-66.029322905167163,-77.771427262655223,49.836869676259582,-6.234666718905939,60.879851077352839,35.292791160436721,21.946316363322087,13.524033377482647,-35.52707885039765,75.510739925829057,27.522445287063846,51.293925886483692,69.415355499003823,39.277519874026552,-34.047617898428271,-54.144261504565783,83.588730269783014,51.865572150580739,-69.970535141926717,-24.133537097904501,-8.9094068202719274,-68.515867522095334,-59.008486521736948,59.056747087322833,-38.244208343467193,-14.107282681061214,-84.193424738103715,1.2461473620504186,-14.099123193992252,-35.343169007332541,-3.701275498062774,81.196504209894073,30.524718165199605,73.058066649367802,48.041936681644358,-18.36635822426582,-7.4609717895454253,38.680070634998259,-31.716463796015681,-23.243191194201327,28.743723912291841,49.211906793553084,-69.092654723996901,-7.0069281115147817,-55.627746968102102,-10.6403338905845,80.143790507085839,-58.100481293072406,-81.068021758272863,37.316054583321979,-45.220954330243963,29.05714930699547,48.318179709504747
9600,-59700,2.0224459407630637,954.30979523527162,226.70372154991253,221.74819523228723,75.353141853035282,151.01919704965798,133.66910688931529,792.64054963092133,203.17007425796368,482.88847595834113,603.08891593714861,97.773987878150805,126.91249515080489,52.390942678483157,279.43385470527392,81.036063839634892,1000,492.13265154325711,62.478609880908756,142.72657168802169,829.18199784608976,507.20346548350904,912.39700133906615,567.23028419510774,338.44226608451703,847.24814545748927,123.60249964859223,411.18476208583576,37.343653250390474,891.82002450285825,130.0984426149146,260.94852361784069,858.21675251072134,933.13488697008938,872.08265058330687,537.4815033622092,245.35031117164553,276.83195995485164,1000,119.75521343642887,494.00102719764448,819.44963025428115,701.61397703962484,378.62092602382711,752.70900627149217,596.22114156068778,385.63562368071848,184.51246726289574,320.32217772878153,176.16021626963112,213.5839394184662,22.537746041275767,216.89780027842778,933.18229230418297,655.52895798362613,359.7069962490952,733.99314505491282,429.66321425284735,36.929145589704348,511.94124000805721,664.02876061387997,724.57959971848049,33.483911536983328,710.58912085245242,376.91587749638023,813.72693009159468,867.98559627935947,0.34030319451898094,483.25420145421509,640.28563015415818,145.37558957617935,777.68325397401566,904.46743987130151,547.18518533202609,832.96120855008621,221.90501462591436,20.38582786860772,818.61181553505196,172.64966511036852,643.69579352532548,61.8102022646991,799.40769911715222,306.19144929848886,276.80515875144755,640.88184498865576,741.60528919577882,667.98369082580132,378.99709705705476,758.36091953684797,314.57075121201353,324.57827782373749,464.72468486527833,720.43936321440299,766.91612238688435,371.55187087700818,803.50936889451748,412.03397342889963,714.14855804721128,567.71967604169436,337.01345298870427,52.591064076686934,-31.229894242115357,-43.633444328156585,-32.648404364324207,-33.714219658326108,42.084160004839198,-82.123145769732304,-8.1176680041986984,53.052521109267104,-33.838169437236033,-69.744681001589854,-67.828404374450471,23.811147072590288,-43.490052790071772,21.726162545120381,-52.7872994677669,-60.359159110647852,-11.247491961268075,67.547456004692677,73.617871492984065,0.33678346453171315,-48.804992519110556,11.457584444182169,29.85454798537922,-53.84323341260432,32.061251459030665,-71.872967018342138,-26.71640683695993,-16.163463020658725,-54.660373351154455,-18.531180725333179,-3.397577837831284,59.245410503380484,14.928669469002777,52.868898361910254,3.4149976884592745,-21.274086427555787,28.232970716535483,82.592918533615844,82.473067584128046,-61.797386626878989,-50.333633367868543,46.541394027985589,5.0090690225796894,-8.8499940218989064,-25.558386595244205,0.14029836783803162,-7.8184167141477214,-54.803427700563375,38.155973976894209,16.292073194232167,-6.7482210982871536,59.188070171758341,35.299122574446017,-83.826022014513455,-1.1172985347733613,17.567364020450121,-15.849859822622101,59.666507013261821,52.593058836739004,-83.651957632245939,64.768945204934724,-41.847650547954771,-49.041488348236051,-27.174385131131828,41.231286371242142,-69.58292146785962,34.430251594297602,39.502496494287833,-68.727687541898177,-0.95156328876580432,-12.898072556025802,27.967132657053696,-23.777868597333207,-83.928524203393678,-18.412910074502722,-8.826402649740567,-34.375588856428209,-3.8793044586146666,84.626248819363909,2.4824435564677252,30.754215670855167,82.294209451254289,52.970338057613482,-52.968430696594908,38.974607991490657,-6.4517578265133384,-27.438099993004148,66.087594574960491,-30.560634911255107,28.90192544603137,-5.9089923105513034,33.472880957316974,85,49.55332481546084,41.505317339630807,-81.872422449148871,38.082730863713046,-8.0521372392270223,27.613826025042187,-80.811966832697522
7300,-56100,2.0002451496474101,1000,217.60601799517812,345.13353878352098,382.88591181607069,261.83426956620127,134.10373779026654,242.95345173840775,106.66161026157107,375.80956036255867,603.25649149536525,104.59351284504137,300.07661791848886,284.26149999213948,38.356062603949056,84.168755755517395,499.06903728784465,722.73098900163507,157.13768924545923,410.57088110029053,829.54544109611902,524.06584995314506,922.99667168341898,33.993630258301437,265.13657543519417,862.0677002781058,1000,446.95807647769669,977.21320250619362,191.71821461111307,907.36727148343664,610.54423341227869,16.422242636983228,953.25700819447354,573.17019893458928,554.12991504433467,545.34925102277748,402.30077447327932,458.61224534775675,414.33968759745375,18.9787963821591,874.48347747794946,269.91126532450636,703.98341721698864,375.47714830729035,596.85743202695119,389.99603083129864,194.08926539893753,74.353976496173544,361.93880413413177,560.61699236367076,384.57069318600475,870.83239601813898,188.76663499854476,602.74807542680014,869.74698179320364,650.58239115930576,218.65078865452969,880.85424972367559,1000,268.2998035940783,406.12098358605397,925.77246958650494,671.51817231931045,487.07923875550489,178.97004505319251,621.7184762259692,72.00934277596258,514.60704913389179,627.88144374289448,137.87505741573355,734.76197192187669,941.00966397043362,533.13290974522249,239.37440509945094,153.98332656603671,289.46406213488581,820.98048353246463,163.14690763196177,765.11605226162203,607.61803816345844,799.4833971650113,307.46223802949271,83.976558088716359,193.28287590024593,781.37561376085921,672.20140279047439,383.80967909653651,529.72353726583106,479.46169238664561,839.91822661415995,107.4649571017074,750.02938124464549,374.76248340245581,338.94494798504934,665.40664625001421,442.48632715392029,935.58306338359591,579.43351076566512,197.26145863800534,55.017237528923445,-30.416031946305338,-49.733335842309238,31.691804679516292,-71.868702895622405,47.830134080793997,5.7378003229732499,-42.953332811717061,57.128011038692129,-28.999575634630496,-68.357662723844399,62.784913714748278,5.839792748664185,-44.134054584979012,76.80129185018238,-2.3559621732534111,-4.0232186163929704,-10.344122019515675,81.135902071523304,-10.850436382495602,80.272966672768717,74.101122479601372,-41.418199255863385,50.217824937079527,-58.148443995834441,0.48282528809525438,-80.27334160267722,-25.718200425664122,-44.51020206383221,43.530558075905475,-16.922269996913137,-0.31557721761706925,49.366487535499061,78.240831653005074,57.763835281328006,-10.897204548450631,-17.369345051605137,23.583292654388064,85,85,-65.78487981303644,-49.268383184571,46.232148012036113,5.8956750391160568,-8.7468714170429678,-25.691699997215764,-4.8450830562666631,-9.4827774050977531,77.508745099299674,-82.110642875872031,-16.781206737154573,1.3289652514990342,59.25025627479188,35.928157575214485,26.841596700655675,-0.69019868721052369,-36.104223194758077,21.783092180144635,-30.360510708345544,58.29092734529862,58.236942832003464,-23.596193634870794,-78.695362658435897,14.859567804269851,82.48876292678203,-75.473016653037746,-64.996157399489846,38.157258497472625,-9.0005857125055311,-68.578482363414508,-62.519256584479656,-17.953576560826647,21.447316644529252,-17.901698686354077,-84.006753926745674,-0.52994262286483718,-11.934842221537407,-36.978131753614392,-3.3005124432194801,69.268456649053434,2.7387481690449933,29.836939160888964,46.170837528210029,-2.6222162483901457,44.891366241359904,39.204737413342855,-30.515090329889215,-41.952095963354388,20.076566109810972,-32.066734063330998,-68.429264228173778,-3.3762554475471136,-64.778412823453053,31.665917982073669,49.559296861127535,68.224122996997508,-72.801359903939925,37.383718965315254,-11.902369307605824,29.368364922136688,51.265632091686101
55000,-68200,2.001842039520648,263.22494352175153,5.4133337289307804,310.02592681289354,389.04023175261892,811.18817503626838,134.13338537962446,534.33809073686245,354.61048040950067,369.32336478135335,602.93229250486797,130.34625926426435,667.15291180812142,61.643661406191882,285.28562320594801,37.20002833627801,996.50662792021512,706.69934828069017,61.521582589028242,133.95171406099587,540.84292371869469,316.51095751737085,918.35302264075972,559.24187027695859,261.67808272835498,847.50370543829501,169.44434143619139,440.43515654138986,869.26730920471664,205.03765930725694,163.96128119637964,634.96620426221898,268.89064883010764,180.76971816566891,354.16385487008102,918.05111291065612,547.31051029349237,396.78541981179711,967.88825790457781,132.41006364802993,714.38168027742176,905.47474890078217,304.7217801605043,522.4610040815578,393.85557259123294,597.63203292547303,383.49193028646584,181.41279076290172,119.10163499969164,176.69705603438075,214.73061268979569,46.472023294352013,277.2136577620771,898.61737253949673,651.44594410860975,867.6999345962106,581.72522031509186,415.98766489329648,830.73115777467183,976.52088891309234,651.99219946525523,750.7919278132282,5.3640170032418268,658.7553507360708,256.43853979347318,180.31619695458312,923.46165637597664,964.63085769862619,481.15254006068392,640.28294567269302,145.93980683490216,840.20220329386893,545.02799874492234,530.45363060098987,831.5364964348887,227.64727870231661,185.28917445371047,819.03888322717478,175.13944626603137,643.24574913541153,65.374089287486726,829.49848765878914,303.55769726873842,276.65125923714646,173.10685637353137,742.49883776251215,630.39680592230548,379.03583433243949,180.29402550343463,476.96239978781722,292.57266609348164,506.99930194575421,723.02044269843361,28.452255492452196,879.03467448992535,802.2719926676499,451.55336101336729,717.63949636731491,580.71786528018458,338.10970887434905,52.738289987706224,-31.091345964872811,-55.29638499538396,-24.818284110556426,-33.678554793118437,49.246630965425013,-82.942939863389341,-77.454798215767028,-51.311118195077313,43.990806439458495,-69.445128640736357,-78.102618859160998,6.3449296778056867,-39.433033037073216,17.875896529322411,30.700085107106972,-3.3782125971168786,-11.220983511327113,67.551804740267642,73.560324942536838,-0.50009112260529598,64.63898418832116,-43.058937592940893,-81.414040810471519,-27.514404813024239,59.555670002162756,11.346098500031054,-22.526021039430159,-34.888513140012606,-46.900962046795328,-18.569747758692767,-3.3615416988714735,-14.414351442554839,77.320694025995238,49.743984302775672,4.7896039834183233,-21.705271049272202,52.436716612621787,82.47496609987401,85,-61.611187692119046,-50.848707069629057,46.805377728077275,7.3888357017140169,-10.666379242739708,-26.227398512540443,-11.898736045013401,-1.5618307369937918,-55.649895571149614,-81.235087642748027,15.565384980350684,23.718756640438471,60.972651599084685,35.312100404872595,-82.800147074387382,-1.2179047450769638,-51.089862285956968,75.726061576255304,26.997981947256754,52.587474174765774,19.956296446678952,37.736215241867782,-41.641041478987063,-58.075000338261802,-36.415071689060262,-78.132016998595546,-32.19496146379084,-20.32890138227474,34.983391312995828,-68.477152675721641,-63.764936871937607,67.327677674884129,23.303002305896428,-21.873971207326655,-28.926900702868625,-1.3765280747216497,-12.519437101355319,-37.018245391807909,-61.939924857408585,81.352891543939251,1.2867532030435687,29.906181114462452,-82.20372141231168,82.178475305084419,-50.359053964455832,37.286809590915738,-84.448125167800939,-27.724183078322838,20.333468801461269,-30.473149265662613,-0.36034680794400487,-1.0748489510327062,-54.15607195792326,-9.8822732827178683,49.192031524625939,67.102957768455468,-79.888189272815168,37.636308969079131,72.254682007787764,30.063558520749304,-79.398963542154789
56700,-68600,2.0055882929751028,231.89274953042997,4.0964699728391381,302.41517068307098,59.556842891092401,263.59766518618619,106.32387884674608,548.37334909514993,328.72995344222994,375.86844938812692,603.18348389232131,108.60810722955557,374.17113925504492,40.869197238447079,282.52692225202151,84.673686034278973,574.41271457218409,516.47171690330151,67.600676998428767,390.03843102627627,827.72610166063748,510.17358926275381,919.58595954683506,581.66900220685523,262.02678902488486,845.42766566005798,162.67649235024066,407.14509449888629,382.26746977789355,861.51160370198659,128.565319970818,394.75469768771995,834.55455289313318,873.69950490679275,861.51033180163722,827.28028552180638,539.17254753335453,391.24312680001196,486.46558133441238,458.74223826839989,501.75481536157668,805.97692706816076,270.9830525579257,654.38798899712515,387.39172258061222,595.27749100925405,394.9595216950031,181.43817364555636,324.48675214331274,169.52082110016971,212.90612912839123,34.466478627065896,805.08045803706909,189.41923554505331,659.01356066634287,874.79228408537824,661.78464916413679,415.92185141536896,47.8772091325215,965.88383215237593,639.13672091931596,436.50923762140621,7.9560161108414666,678.6644184609861,262.07414720563213,806.27144926380049,910.0438249360044,964.03200917602055,532.46951897140536,640.09950312916033,163.70062840275349,718.57746793391959,539.21744383427631,530.85285145228022,831.70143031133352,522.79484058315177,275.70305637587091,822.1942193708951,171.11188873100642,638.27532304531144,65.274698041837212,796.39066334510198,302.27406288624661,283.16565613107736,151.34566909518429,842.06561664847993,681.46561995051252,378.86198841677327,753.34218671117856,457.87088908481405,452.09423450944246,456.13588411933495,722.99400657518743,29.324036259503941,891.10468098072317,809.62620734372661,412.31515443337781,717.27449480436439,579.15180108185064,340.23626097917918,52.688640099166356,-31.083235662735799,-54.943106420680991,19.824428754483634,-33.670852802079885,50.143893092165641,-64.594347466901581,-75.320416900824881,-55.846257535428904,-31.684683470116447,15.779320899921537,-81.182982050227878,6.7858313336348264,-43.515825858598326,21.557005560430447,-51.274389976886944,-6.2322311078528472,-13.311153514804481,67.584355880672874,73.829864843766856,1.5118396910913283,74.059901537561771,11.406029145062252,-77.954858516854799,-26.091436165639895,31.083107114708586,1.6025742390730784,-22.552670070528855,-31.65665580062501,-52.796919662399546,-17.070506504573515,0.69354953892062365,-9.3621521381667314,77.043155981808056,10.947914656482979,3.0073786689668021,-20.957382878265307,22.728311296941712,82.072956304408706,84.495505081236871,-61.695089443522427,-47.877531300037795,46.478037418250068,4.9638161948462303,-8.9880683226769218,-25.683589708323638,-69.778099602361436,-6.3642128165512517,24.668781238298983,-14.61328034012066,18.919208091992157,-6.3697430441721279,61.260643409159094,36.011227013173794,-79.957868406447929,9.8784606719301475,16.200526114337919,-21.757571460218358,27.857909177900364,52.382167499205011,-83.763388135656854,60.225522633845515,-12.473786899369616,-49.611379372948079,1.618943346775179,-78.133608203016337,-32.468177447523701,76.044918017463402,39.534060855373042,-68.618621064568401,-63.648061293593585,-10.725554359366058,-72.279435896106676,-20.846166780829556,-84.879364223990919,-18.41607381844107,-8.7539578847734933,-34.298452833776921,-4.1606714056554948,84.072146572905666,51.266106633904691,31.546056499020597,75.777488714573522,-29.75357861846901,-52.297007230894309,39.715895367540561,-35.000206573004007,-27.271847657957977,69.459784875963521,-48.017324915841257,-72.303757364007666,-4.7948244817287105,-62.236117687753378,30.305580096621739,48.856642518907904,79.79661104092726,-80.525694789535223,37.036402403412104,73.842932980707332,27.779915457140284,-80.524325806601439
1900,-21200,2.0579639720746226,969.78247632070725,881.61618769381028,301.438149104427,50.938968394468468,783.97320715992441,695.02344450616999,445.65508209940134,98.572301917117414,494.15555774258257,554.88694193875529,489.03234863251606,302.8906043568926,309.35339585599007,615.96496293111079,105.71268555531356,532.3013022621052,718.54600179919123,228.7886221286131,424.05008187519576,912.45110468113648,340.19679406264549,899.71508796987882,10.197521194711953,576.95198586328047,455.42824349196906,44.918488149039433,455.4379285601787,840.47336844807728,264.79499411079138,500.88745495226453,639.32402556686452,60.188827821297807,145.10741935032945,573.26711491860283,931.87850856876719,528.65307006495868,400.14351618378396,1000,469.7744747145062,639.0900880304614,454.80096625239003,262.18982712985922,125.18505795736451,746.02200255680316,596.72894370608265,252.79692530469566,393.370225609241,98.569137443477587,871.60700765391357,549.42990920882005,46.847717275091348,233.72926856029409,84.202727941976576,630.05275188884161,346.562986383164,324.4459200381674,187.40804199520386,355.50819133168477,422.40788009476825,128.91665101303633,419.22087267201817,11.712172650971118,831.64540652237827,485.77984815314312,76.780613052780751,914.30731808887811,278.90999119633761,153.93158841711534,133.51515222454208,524.90423821135016,744.14679189603316,166.47628935063588,702.89844958466585,820.36835408011962,546.25242873670868,257.92035318126824,826.53368763184596,616.65110229036361,760.85561175352052,18.866677448036,795.76255257875732,290.25527160458796,259.04877851806941,171.77256035533051,764.73465036928155,673.38309239465661,378.00434572678239,346.67792463137448,57.989633394672666,898.7416938514998,136.90700017236611,135.65221781270156,784.19577257808874,790.12033508069067,642.61029174005546,459.41988677456339,711.70735553009263,604.66799873451203,182.75737099904808,210.04542319389182,-19.434796018337007,-53.316071955415225,-15.198168235995444,-59.923457566734385,-23.732027695064932,43.767942526944054,-41.979617411219394,55.23949655146626,-29.258024907393786,-74.365898386040215,-60.354358209788728,20.760413793963057,-43.851268136140845,84.419599896993162,34.428589036550278,-69.591392164228878,36.721947311963291,70.431459329366319,-7.4003661805749275,15.926385355754412,-49.34743163672627,10.996540557763096,47.421489364189952,-27.676407162287937,56.85259946489662,-75.21321227523616,-27.407422692116686,34.113612052090119,44.81949197356451,8.0040015588487581,-0.20557854703313866,58.930797151049454,19.059955918564608,38.909621386040101,-0.13726764973182526,-18.560739792401598,30.363029175056511,84.459242135747274,85,-67.497765183846795,-75.233337026711482,-0.26407860783254478,5.9796839242790716,78.973024037983549,-45.944596101004556,-54.267201488188533,-27.592712237700582,38.972811891487872,-83.577863385243688,51.217812293322787,-6.2214963720625507,60.603312664953705,36.90295044840839,22.176361873592271,-77.883863213646549,19.399666184991499,-24.349058923961174,27.825573006952283,52.344852132037595,64.516905476418529,-37.712429701264547,-46.50850975012191,-54.749040813524203,38.355154053758802,51.678327012763461,-64.973362469578277,-28.040368366954699,-8.5789811484647878,-68.329877451794459,-59.097803576198835,-8.6918756077984298,21.150744211470339,-18.291080757141295,-29.983653810303217,1.0866421016026671,65.375013946506016,-35.324477058908727,34.180602933529578,-48.636754917538511,42.609223825071851,31.031402303158874,3.3849970019238675,-18.464335305715565,-3.5420935226200552,54.313443720061315,-7.884829061814699,65.278515694996116,28.648192858543631,46.839002911748544,23.091677434804833,-22.7495477984031,22.048607408789731,77.235901801249781,81.128562697686007,46.377284307555364,-82.619351960934949,-82.983896793541305,-46.646280028911363,27.603642966202855,82.142727622923303
10000,-60100,2.0226035779885057,950.05015374907634,223.62906130663765,233.67324631172335,355.32210620699072,153.60618976373812,87.043899327203405,797.79032185735196,204.18477786263645,470.1482084393877,604.43590265080547,537.23563299074885,127.27145268964625,114.92163909311842,608.43136307580448,343.26128917830511,984.94340951270715,719.11340055949086,63.101294668348295,867.62716413396845,479.45231252686227,582.28480205788014,940.02840079617761,561.46506092505183,260.85259494422348,843.01237993589075,127.08783135647241,408.51772512442409,79.629561098708223,238.66662607212362,130.76035525257353,244.74012604542474,881.05255643553392,406.73140747440596,362.10436433050353,530.22909473718835,517.43146295364352,409.22572844526849,1000,474.1827251611773,40.473340167289734,454.94352777198878,280.40106793843529,653.80718417537719,405.28282296083563,593.71136750519861,383.73830717184688,381.21399000732345,321.4239821381932,92.718757204382939,75.247886130813413,343.38935572289427,233.29998418123625,190.44759898245155,657.6966781027902,344.2176484455436,565.90041520131376,864.56053222467494,885.3365518173182,522.13029253231366,644.87781883135119,418.89981051282132,871.8257684836517,113.55653222126446,370.68105923326436,223.98160937634486,656.61077212937471,59.738377527835894,481.10994045808684,642.95650250746746,218.75802643025639,792.96359447435771,146.69589619766089,502.19961031640747,104.72789299864331,513.09263632455179,32.658656202610345,821.79181303696066,295.72641767397204,627.53877284592761,63.146619707862328,785.84149946148477,306.01495125383411,524.75433505425076,667.29398465834561,261.96437918235057,686.96271480898145,382.38873939031726,298.39467032658843,310.91616273174049,807.20792473498011,448.94918002029283,743.69909611039031,854.66534607638346,370.93003165521469,805.51142020902932,867.83625786421169,717.08473769725958,550.06638945100849,198.59659813150432,83.567665087170624,-31.221586284074061,-43.171334116498606,32.85374490687532,-34.857516107031635,41.012586804513923,-69.38635719519533,-77.504579463969733,55.186699267689725,-29.759262395847568,-69.109360436368092,71.080493829605061,5.4217308785452989,-45.06832873367739,77.199830146141664,0.58991588441292464,0.43374622980924116,0.27953447678498033,63.783855833871776,77.446419273445088,33.214232198515106,-54.587463504647445,14.580833106004704,29.401719652224919,-26.802852422088637,-41.45384139520624,-69.464121190911555,-26.926149532799766,-17.870279408551866,-23.312086190699336,-17.124655489887019,-8.9354390913157964,58.889071404867522,16.306893201170713,52.115397724545254,5.8357970507481687,-20.873619554652119,22.022598577148564,24.568632251005749,77.556635163268282,-61.628864927158219,-49.231907908220158,45.738212366582061,4.9608518783721891,-5.5947353103933111,-27.81269558847379,-58.195257158997741,-9.4381549929529651,-61.341540554281387,36.576335406279142,-18.888105674950694,-6.6086326172125158,57.101540545344079,-8.6594181654518607,-83.967766518980397,-1.0105179781847724,17.361546800037477,77.62775894979417,58.126644692186936,52.308643093099057,61.712466120603821,25.852404061080307,-18.742071457436047,-51.025618193856886,-26.924905240338617,-70.813389059002191,-69.585299472331357,-30.262367630971639,34.520030513570703,-68.925824712940809,-7.4766972977510733,-10.779765816943247,25.40984005999362,-20.533482206442152,-26.291804987962259,-16.581333886741803,-40.481542219436321,-52.442808991292686,15.275693473864507,70.106465687601087,50.64262417325935,30.789023169378524,28.500764810612971,82.362755047045169,46.936856869294772,39.067418515983846,-6.448255908417555,45.36168518703338,70.58202151872463,-27.54950870584878,-60.58832314571589,-2.8287601866836516,33.324888475683352,85,48.892873615721022,41.167493481934429,-79.187776553205111,37.64947134375209,-47.978810385911103,30.505522197117955,19.612485167987963
2700,-39500,2.0000719014039809,954.33897734210007,221.68549908974535,346.27431482832094,81.186063002888261,153.37385829167891,113.33046838052927,254.76010579933285,203.1958639846857,482.9625699926271,603.08964095980093,97.657734033260098,129.2974792368579,56.256585641485401,665.85727326737526,90.92544871093979,1000,493.49309813346389,166.23221463386423,110.29381035258402,828.61263422992499,71.85832322132282,923.08707155627701,23.43400988722243,339.11369999250013,862.20069538427083,1000,410.91774737181913,49.918141074672775,887.85264367400441,905.13008147356436,603.47884039413464,261.64724831902566,931.09538483915219,336.89760237309986,552.23891631257834,260.64408154518947,272.9499825666939,408.7467887132301,415.99905197437459,498.18777827213512,817.50868705378366,263.06068287313036,672.20578217025741,742.79555864684448,596.4070879259408,385.6396070770781,184.81828482765002,318.79745056777335,164.10567481350785,222.82672427074516,25.885321993511155,216.60257098115116,183.64103687841862,652.75309837188047,865.5221606737947,735.58516576827117,431.55933055510968,50.513998852616339,1000,662.17357616477284,718.39319494276981,945.99636735606282,75.524907010271647,241.10288629242018,812.16918157284056,863.99826805344537,47.166264149134911,479.17676093838196,627.75165954811041,498.04512238236578,727.19662214444736,904.52897730709753,547.19840143740441,207.88898331457909,180.35338674845016,6.1528662129506948,818.63332328337549,177.71217682733862,630.10750260642203,37.216052219925871,799.35004042481694,304.72305539305501,95.396513414405362,624.01798666384423,943.55789920853715,689.5554957924852,382.46143322764732,751.28870684067022,474.49682201344768,326.55240727996005,458.02482373107807,721.12756595581777,784.71737640494825,371.83622237857196,810.30779095665582,443.32777410399768,711.31072983579418,567.00232855707611,228.14791349275583,52.589615506536873,-19.365363820587064,-43.51962988532803,32.831055369135434,-33.206107905316031,42.074352589794451,-82.370293393070085,-44.860150959006361,-55.953110529882416,-27.667691447791945,-69.748619291003124,-60.748432521383315,23.810060747125512,-43.810472855871048,78.783446619437541,-2.2837514864530277,-60.228000128147137,-11.312376582067113,67.16041377465308,76.834697455819565,5.7071745667196723,-55.682625688706494,12.503007318456586,29.844726175737613,-53.680361961497631,32.589978668661615,-71.877847455449171,-26.712092385985525,-41.432008595144303,-55.612341854298464,-18.530525332058158,-0.22376943938373439,60.010527423349458,17.616000955321343,56.733193525656787,3.9064027890163437,-20.886360438138663,23.537652936840669,74.800191039970542,85,-65.70224354540585,-50.22468420400466,46.540862968129801,5.9780201431180799,-8.7924736905710805,-23.648331248874939,0.84147133183010681,-36.944201724612562,-59.098083479414626,-11.354154968988386,20.831069431586041,-6.1395347813478391,59.295897846842081,35.974422870006514,24.26132722998539,-1.1276612234080208,20.208592667874601,-15.1453706348943,61.323920951797888,58.336826421766624,-78.673233227223051,-25.088496576331181,-78.144469844543949,85,34.683388438506384,37.003194519954008,-64.727173011838246,33.720675701738429,39.590120602547337,-68.697845406527932,-61.705999453303882,-12.957073377787523,28.043818127712164,-23.916903015472158,-84.983779518903091,-18.338109056782557,-8.8535335342555559,-35.238342259342971,-3.5561977516889929,84.85991534611513,2.783197988379793,29.928480484474736,84.97748804681639,82.237930910373876,-50.017756797988881,32.962158850051679,-6.5212020802688881,-43.345099758069779,65.33166394068499,41.372669538245582,27.535347529515121,-5.9169317839645341,35.170955834316288,31.549385960239373,49.088315230565961,67.946474050876347,-78.477109240368321,37.142284149934952,-8.0672032405658136,29.352022144613592,-80.228972469017236
15800,-63800,2.2239866227654947,954.35128078099513,4.2863200330208286,574.83626205974599,75.501101043584214,150.87173665114301,119.91096885385971,341.01744924753353,204.03033817980921,483.07588053650727,600.8845885895546,357.80674762559977,117.91601014261525,302.36004001960146,640.16691028460161,83.099318713928426,528.60126154519025,503.37531259016163,62.185259582219828,842.09318267981178,12.20167628643236,497.52163568120358,904.91160030118601,580.11935552294074,265.64751430418971,847.52351875423074,667.64805323647704,401.24464660729637,842.25475626879927,891.52099206937476,130.14054647456129,395.60661753046253,863.37064824684433,933.11481701352125,872.46520757615997,825.77426607961843,534.59723859769099,891.81304625428254,1000,654.11414378435893,445.77325757850025,819.55669026588623,716.78434088109532,769.49267091733168,735.37461580547858,596.11895941267016,255.80756586662795,190.8981068807081,101.55172863891681,175.82085681554184,202.12605661826623,374.14723334196998,199.33227986954176,944.4267274074864,659.36824519132801,329.35800214597566,732.74384570234167,429.80427095246495,40.985287715667369,516.42967889117597,275.69799852102699,732.44352775196774,2.8482710487513234,40.829996308579041,376.66999129318395,848.02447095753814,868.60360855936699,322.83558181692456,483.93977820141583,640.46534370928816,467.71821985921292,71.652073356927019,50.750288911758673,547.80138601653618,832.96007282218613,579.8261501659025,44.030960789315827,873.00755765100394,181.52061848623021,643.8086679644889,61.292481367245131,799.48452580900982,300.57277952364922,276.40270372965898,647.24238794055657,849.64384873143251,667.37458962990502,876.0457688303444,727.31813203769207,314.1988312054641,323.41663719986531,450.50812628555116,342.73862340104938,356.96827408253148,372.17375600498832,809.58394167416122,483.4031010987004,712.14715840219537,567.55507944935982,226.15676124643684,52.598517819397323,-31.238809117536547,-43.814311085337984,23.671514670382315,-34.40894837870448,42.296255982004482,-67.022720442295025,-8.4444378437137875,55.00344050282952,-32.036055029080728,15.80775072775403,56.16623627035721,22.942634191977376,-43.823840925096555,21.652713773960329,-2.7782602758882256,-62.333158658252998,-9.6660031356063207,67.538706070014968,73.60995090627739,69.484879581482289,18.57985917790381,9.6104905651644721,30.348604127132145,-28.122116664504254,-20.290237665590606,-71.97716531661608,-26.72656334495349,-15.58753223736371,-54.853631811189807,-17.583298041694952,-3.5045084745587021,59.24519207753751,16.21874689204715,53.810068553937924,5.0324702308588982,16.13927565382717,22.945169074710815,73.677424172862459,82.675114884434279,-61.832713099355274,-54.337819705137207,46.910855905665329,9.2003890291524133,0.29755587990853893,-49.840384638290445,-68.234001068364336,-7.0818779615729888,-52.696768376582355,-14.260178260386251,14.65030278074838,-6.6527455962595097,63.756051405100116,35.301845798794766,-84.890888350932357,-2.4441872288714492,17.551652596890648,-22.97696587601277,22.723321042674744,34.823467783312871,-79.670326495796189,-16.962239839817581,-41.653369684757493,-56.142397720176071,-27.127938311849512,44.933850483997006,30.960200673367936,34.059065568099498,38.829808975196663,-71.423554791255569,-64.056383105796698,-13.058926341738124,28.060360220255482,-23.853522395973425,-30.496726402513463,-16.992066861123053,-8.8208755506283296,-35.620544919495664,14.579646099609903,80.733349133987446,-1.6737711349237729,29.326797500965792,82.219300238690451,51.440662887264622,-52.955085697729871,38.974604450694819,-4.7407026945999524,-27.194202015541251,27.129489706356281,-30.552237890823296,-70.154094531086855,-9.3592285267272288,21.600667660587412,84.890534536092147,49.381714371533242,-74.59268611959331,-79.987983494078236,36.800033577105474,-7.6228112329443007,28.562152849593559,-80.827231010921153
62600,-68700,2.0114841493665914,129.7437604633426,3.2909419047903747,223.65249915070785,68.680197018311077,239.38268977323179,120.56294303879859,398.45746360149803,334.35353684681462,458.86344431901233,532.44659108963674,100.71574644522185,287.14999595464252,308.06752106001227,57.233819111569233,60.684439764351318,591.74048710083309,520.200866561623,66.512267651745958,80.661597214189726,37.374934806403076,322.36864722408211,925.63105028448058,568.53511025387252,267.03671283463194,845.35711673445485,610.37395370146805,834.34231183857764,963.41468850112017,844.63356899004498,925.17310543068515,645.71900190969404,228.52574634603715,911.72076061979851,896.5570806775512,817.97889097177699,535.25547206088868,912.08362015747048,986.0751106291948,642.12924648712976,46.65166682090112,455.8310569460084,282.72481706418398,628.45218607801667,359.8247422794808,597.4447187731231,277.205266283009,400.92587600529373,184.21241790278043,96.230325648764335,62.649415074770502,36.282591475074298,231.05716931713775,188.50958931926132,659.91664293407428,318.52064714546191,576.22809595285366,185.72965754743467,920.4335450775618,525.33111543840289,154.85028285384354,412.38673369694561,10.627507170407455,51.45154886643585,388.52953989736358,854.71748026262912,903.07530006329068,305.84390811421503,529.22383381330849,641.98579929813286,182.12085322919671,41.112362735510033,950.65282145353387,80.768106795890731,895.28160661458423,572.92824733238115,616.61397797181132,821.66630494097001,148.99695848994793,653.32516323967116,596.32500705770485,799.5977107486691,310.2549253024078,92.719164534728279,657.19164089668834,739.11645076225238,681.75909043435263,925.13983820583098,45.472173283868528,490.58835376904517,844.88299681137687,466.91566612561286,778.15179900389933,369.91613017141424,386.27614474061454,666.27519579459613,462.34010792009974,718.02783763961929,566.78868911993891,226.79789707230972,196.69007688622668,-31.025404378822984,29.655701169235918,21.809979725237675,-34.436171252206265,43.136974189737167,10.315542219101857,-6.5137261039910896,-16.805966568520841,-32.029652841649749,-77.7710952734204,58.41538323723919,5.023390223755829,-44.066106116905047,17.335259123943448,-44.067771735907343,-5.2898212979617796,-10.091226425487712,66.253497445297313,-36.79759357405932,67.153218113222863,69.62056380913674,9.9735343586113459,44.421516506098342,-27.620430819557594,-17.642813188295747,-76.525332316642547,-26.650963384121667,-37.076267356157999,38.52020700116428,-17.632292186223108,-2.6468304436340246,48.685294059613966,76.998670332895941,19.016425573608238,4.0211553558616515,-14.054169546621058,8.0629503496507802,69.34978320329418,-13.72292161143416,-61.790325553338576,71.711305333460714,46.373178503381219,9.5464963594490087,-6.1057374411506249,-48.527624821493916,-62.745284947815591,-0.83775733876731451,26.029955012632087,-15.594258945264476,15.516707244389266,-17.842310122486879,-8.7167480853002886,34.806686168223962,18.687913226815922,2.2866867123131627,15.974293069094891,74.166835081991067,23.414470662596891,34.420775583649323,66.688405699135444,59.662310428743496,-10.385776492689033,-52.249414462051924,2.2831461246718767,59.400804021344634,29.560922883099728,-21.263457185754845,38.165419384849045,-71.574671299708385,-64.07953638016599,53.195777716865088,-71.899903757084587,-15.483282704988255,-80.068679703040473,-17.803572823603542,-7.6140204816881552,-37.185936405690846,32.373410244831106,82.279572938007306,-0.82218112137954102,29.565140975371037,1.8313010549657633,-31.593123700982492,-51.469878970281513,40.123795373495724,11.720462279701319,-24.485382549602424,20.254566388835521,-48.62359567194919,-73.251443005342068,-64.528389663043072,21.603847460474078,80.810092334935433,48.885690412436283,-64.064170254079201,-79.983485089620558,37.005219009812656,43.590858720664755,34.798357174408906,48.850810948234624
7000,-47000,2.2394179743002969,1000,8.5506535511880397,589.81128984227223,363.03032603835027,815.57266352609258,120.15920045229991,559.35946020884262,333.05438917872726,496.45399253349643,616.99567551691575,354.45955219507209,274.09644525317532,324.06990496799392,625.03173136700786,85.615263965953105,520.02467337775795,718.95540843874153,577.18546065697251,396.53486483761094,835.81720055738788,112.19988513191701,900.0524213125907,579.47081283968191,259.03041284250315,767.79830754218324,667.69906212675369,431.0878183724007,851.0868272755273,214.76199221688302,934.0465585839811,637.15870508348576,29.882619688398478,128.78534479918261,337.54663791572591,827.34477204789505,967.57796220942964,382.3712480934991,417.20925184720619,460.28971004083235,153.53166126474665,494.9545694388305,688.35652730457116,378.93618679642151,388.48125271673337,586.7999020253859,252.42400737267292,209.71186601992542,114.92247171123164,152.40404836808347,576.75175347979325,364.72816764979535,217.33331818839142,188.54706049009016,634.44532234750898,641.01452241194795,345.87929640289451,504.90028456720239,321.27986020979205,854.01555078058243,287.46474010216082,716.78674550800406,688.96081670892704,49.756794066620337,487.9152374173695,65.672170119187228,819.50833959597946,953.72457457271457,443.57953759034183,787.59063349104667,482.29705494345382,739.170835195466,26.588822777747964,488.89992605387943,834.08374933586185,544.25759645741721,437.46440934996906,868.38323150236226,663.67063865131274,628.53540275216642,20.808749997572988,798.55911186070591,797.76223374276765,283.51576421074162,136.15978949235904,755.39193935263813,672.5658227578781,340.84340460944492,352.94040071764192,254.4912932665836,833.84085593888631,458.67306697493046,724.79533599732565,19.695299784894786,358.58566527676351,806.1683951701998,409.83111753612195,712.01900388127683,578.23186654431038,192.85788685703656,54.038749827772207,-21.246914813398746,-51.622744363805957,-34.622939453865278,-34.063257150173115,35.299387907059632,-65.215537298189005,-74.777765857664306,51.729403160445017,28.83980013097516,20.707904473382065,60.004886992197179,64.767261677646104,-43.6479642899032,20.938138067430838,-7.0870241363998474,-61.875398418812068,35.576589484555825,71.541528904735145,71.466954379402964,-73.159597678384216,22.535011345559639,-42.351395817729127,-84.87071031698035,-27.427574002207148,28.567817502581626,-78.522537599724913,-26.069694773278272,38.766728275138007,-20.979450738233691,-17.235791574502709,-0.093921069430018544,58.699436487152411,75.209461109193441,-28.687132389445537,-74.845798136139052,12.080654003423593,54.306526066099366,82.98330321860621,73.809943860075393,-61.634800746763702,-42.246419135993335,46.352666610427768,5.8656093897771813,-0.34800843688431771,-26.61987602617836,-8.9189670248042852,54.327591653659127,24.819233336652346,-10.191886492437442,15.735351794462652,-6.5860789220945737,63.29615890416504,35.790720789120087,-69.516171029390406,-84.229461651219253,21.29929111119268,-24.257914386082067,-25.174058798140763,53.730858617688931,-75.498409657663501,-17.485953649759381,43.201743351649753,-53.718043556361032,38.788194583184151,45.619282409205773,65.298985967178112,41.479415635904736,38.702647875839475,-68.496555294911346,-61.792121405172104,62.734325008122447,-40.195461257227713,-23.301879084683009,-34.040800782903489,4.5867980967228936,-8.69950371192696,-35.649545760563264,15.88981333770248,80.715365337849647,-1.6696814393544783,24.618603082964768,82.121892344563875,-1.9076401624317789,47.459274842277424,39.733620948915288,-74.475242097864566,-22.463496640696395,28.049886683058212,-29.044558695380132,38.893498777477973,-6.5017850677810252,-61.091920262680482,30.493602522200856,49.394487424273329,57.295474670242456,-79.521054570859576,36.786469665974742,-46.233156957666381,-22.860408948915904,45.127385598858581
2600,-38100,2.0502204485473334,1000,211.91557991787954,233.53978951204328,389.24718032732113,283.52374018371222,120.90031959186045,445.10475769590761,355.02132387579303,371.39986854187737,602.91916925117903,130.84845818909091,664.61547686940753,304.27137751717044,286.9963758286201,38.946356659537472,592.86977713173394,722.89478389386488,61.352885178598569,134.19376339441126,832.86817743196934,330.17586227476636,880.87990261131824,565.60592750321712,261.68017105585096,850.447542307959,159.30138262651451,409.50068227113968,871.66422085161503,243.49004788626308,164.22535126606422,635.16437763372073,269.87438289846273,181.25886286943398,368.36162963734932,917.91555826311424,547.22907381616949,898.32912436394486,435.25560949088486,466.00158644205641,76.30411486862431,893.65688508122889,290.07530725914444,520.4069491918558,393.91651988671737,595.92011485640569,376.11110030729361,195.84333052337746,119.16683601576626,176.75262903008371,216.52959419001812,413.1499935975047,214.22760864382516,895.74875625913512,651.34520720242904,867.52688606394747,575.44138921525814,414.96653971946637,344.4586638155713,969.36971346049745,670.36691782383423,414.25200709834996,5.9499263075122144,768.19378513173069,669.72621584389356,183.99111914318371,902.5520785893043,876.46359207848388,481.52298883426749,773.0182967789998,494.54353374525846,838.19032114001254,555.79374016669249,720.34367565164814,832.25164981087948,228.28943985142416,273.41913277296044,822.06251324480377,284.1822944774446,652.81882812021718,65.453594222380161,770.17111972581165,303.55775922526112,284.76948156834601,190.953225846816,742.55870499904427,618.51022278890503,416.75308439950402,757.71873636639202,462.71170210266195,440.04117975599763,454.72488412240648,724.0094400539391,29.554996581391443,291.71168350184314,805.58996451309804,459.45523482247677,713.18391435737033,580.65009795408957,752.83952305741366,214.48357326839579,-20.534734422742581,-55.707310783933387,26.917685837901661,-34.125887095092345,49.219767632833907,49.844118591525756,-77.448531527304709,51.746876856623615,43.676911581469057,-74.874935503077296,-77.840415505071107,6.3415856078577191,-43.789288408608137,17.792502923361059,32.283526542659523,-7.2250354381316528,-11.289899696870302,67.533628588789469,74.266765124254604,0.8509191997741361,-55.471397400241784,-43.090632468303042,-83.932776120311686,-27.373528871449835,58.693974634063345,-79.296281602418304,-26.111191661943522,-34.645845090291019,-52.60305519284428,-18.572880315391949,-3.2796845491958564,59.820891254338605,77.403039273494841,48.678448711402964,6.4770008993030066,-23.488276156475838,-6.5839951657100251,82.51290304100246,77.071395002560379,-61.767772602553535,-75.183619874243476,46.798728723151058,5.2132881437541272,-7.8992314631698157,-24.861026262719463,-12.246802102409326,-6.3011996038555926,-59.507092789488787,-81.181200367684724,15.79754081422551,-6.2450643095363478,59.354104417103628,-17.033500723065806,-81.792805761170086,-1.2107553391975523,17.475246998972224,71.000942937735928,27.060510357228754,52.587547896349257,24.328641489614562,37.774968111067061,48.786726501188539,-43.82524004795367,-32.961794359289847,-78.112142169362826,-67.500139352027247,-23.597791556536595,-8.3254301984612376,-68.484796933120236,-63.141720684518845,58.808442584383194,21.376584612443374,-68.592084394845159,-82.44316323830725,-0.70893121589140229,-12.090065115753612,-35.575108593018562,-62.874419854139482,81.344965363971468,1.6457678246400429,29.152037250021937,2.5160219226660629,82.18002240094755,0.39489293389021185,37.26149376831129,-6.7209734458246615,-27.707102364394036,19.14991184394049,-30.517093315494776,-65.932139901970856,-1.0491371120457504,-54.192431503028153,-5.1410123365020581,49.08780812212526,67.091800317058286,-79.888252515508313,37.629678252512257,80.177243562923337,-18.103165320354464,-81.45078387149826
3000,-40700,2.0487579046320503,961.31840040204895,209.21198681262408,244.43233865655009,380.35198355566922,269.47477043604334,675.21669628459404,800.82761048660825,318.29805878570596,466.6800733374763,608.31377731601435,104.97774134804533,287.25916310198949,318.68318549872475,282.22473544209981,33.237350058141622,580.8019404772557,713.78209549269195,68.826485614774867,108.10683647733761,940.52489990777906,326.74362616645305,484.34426903647153,540.72026094464866,262.35893296762822,840.82747949076168,1000,403.05644373693849,970.54389002622884,201.27083872437242,958.35720574806169,640.956603479975,122.62468943747407,449.48006437204947,326.0212266995149,808.48134629332083,538.08994768544449,586.02549340641212,417.81331862699972,101.78281453132936,59.525972504003775,947.47088330536712,695.86468669397561,462.70317887755516,737.86354225240029,585.86045989975219,385.32054350087668,226.65932456402865,628.69853129611715,172.94660313386368,183.30425015116168,765.40937179857144,233.43044747570806,152.48638232759347,360.28759176754909,815.76253850208548,378.35519085942758,224.6264954026642,331.23603768036139,983.63686468003596,62.767625275149442,215.99352633426497,76.610770776733943,81.868494694254466,669.59012008499872,192.29950738289591,882.5888791775626,566.68005002746133,522.55599162964768,778.37713007415937,501.50131816705397,781.48429627439225,926.72773485314838,692.26725393207687,816.99744306353477,179.38939908790096,45.025122704575651,971.01856512538961,191.41662103165152,612.68370737286182,64.262309083704878,865.13279548622154,319.83062224984604,720.98181729936346,189.26291229183499,980.10609205977153,581.28632628318883,383.56794280715394,688.47812440281177,340.81351994774656,441.57945992871157,676.59892618252991,709.1488439861015,690.94883059118024,354.49935531296774,806.45897417752872,413.72308418894863,684.33720088703228,590.27100357759605,232.09507893497926,35.879791266621993,-20.207433750670013,-45.315577425187762,-37.044251744649465,-56.898424435495997,3.7729452997837001,50.477870918508025,-44.228876120140889,-13.014155289399207,46.858968799256303,-68.524896990784953,70.021619519306398,22.016465507541454,-43.687177452632255,20.217521641846755,-26.625485426341122,-63.376704916025432,-8.0059042120682129,64.951730664215788,-44.609465375825508,59.991796712761762,17.285949880225598,-43.035540573838915,-78.921634728705257,-27.370327299352311,58.07073670517326,-68.677463860143618,11.260857300510784,35.581311944800149,39.470060802815084,-17.151946298016533,51.651730454159804,-18.010750816611246,77.585975518676904,55.900830773241367,4.7276810600851817,-16.221572957541735,21.77734393075098,20.721916675555757,80.66217655921858,-61.886404257285982,-78.041702583668652,-1.5900789501438353,5.1273992389354808,7.1886221417751273,-24.882632179119341,-6.8692730761989154,-26.544215895557127,-57.524242137301698,37.224764248147551,50.762193299894584,-17.620594067325111,59.230401988524548,-44.586263779784417,-84.75804730466956,-79.232275172815207,-46.585879044759707,25.794305966095564,58.329940400176369,58.512965618625252,-74.953540866048812,41.454473311032643,51.480091526898519,-48.333716388593892,36.557290233751985,49.903730769175063,-70.777511115992255,-26.79112413014273,34.641231498040703,-68.384446108258103,-59.058918261391966,-12.734742483518133,-40.072275019152443,-68.438451977894474,-84.278841309712419,0.34378357475855559,-13.220639377365291,-35.542453659731308,16.199210009612251,71.070888962137474,1.8956942208515919,29.029712303796973,84.990952427760774,52.467142030964183,1.1376461031016272,71.177056368611233,-7.8085001829727245,74.626157443602466,70.335925649284874,26.40078331134837,-72.401923011651476,-1.1020989921112445,-50.634533596219519,-5.6378186802567711,54.002993842636613,70.504715361532632,-79.725894847159722,45.359510360947311,-9.7966737996022566,-39.738507947911344,23.315574288171621
6800,-45900,2.0035031723299346,1000,3.9083053074718634,232.33961292310426,61.115922724575199,268.18217840346745,134.53430738592178,769.61998606029306,328.33726543767671,363.36256247387428,608.1276424545855,103.11803400016984,285.95332261626095,319.65052630597313,616.64001532072439,85.633889547319853,583.35756506688449,722.35001121793107,159.58565101192727,81.091786268530626,48.947594619587619,75.051154491801185,918.74645872974963,566.87894545181075,270.78949907578601,864.01747967291294,994.83564496409451,393.66999860450443,958.517767300115,684.91104751059197,954.83619692438276,642.7834769400381,16.954024152100821,949.01852665525234,353.83905194537783,923.51927409756934,536.91816214438438,898.55582390031691,402.03902568384422,454.12690282026875,11.647609611099654,872.58747096121272,726.61017749479811,772.00113660618058,395.46829772909814,596.58089264152841,252.44578407806966,371.67961099247924,117.33466111549451,179.69023041389545,85.232262630807412,415.37076557725118,197.25978499848836,930.21844658614896,652.75598667149416,873.85881446553094,575.44169983988752,184.00246161056279,909.03931186462626,952.7430289754393,256.47333693643128,405.67184198549825,3.5498117900420993,643.09935902409177,655.73517996423072,111.04710435204885,613.54410115370342,872.73587708347713,486.14928383531202,648.74447806160413,177.47666470197606,734.07274344711914,982.27233604494006,537.15798094937486,811.06591107186262,567.69140040981893,267.89656220722918,817.74218647389887,625.52068902706731,655.63609936242608,57.26992964055475,775.92619783843315,306.26857533859578,706.75496765504977,144.31950380198086,735.96606183729409,333.94307148041139,416.48828319095156,728.10309507003319,453.3546838411367,847.133888841557,447.59606084851805,749.84280176909101,354.4263779299273,772.65157075885031,801.17027805823159,460.8151124293484,722.7490853954414,586.90512449107632,186.07960930725159,214.21541195408327,-20.900626012959009,28.462509583802884,-20.793376682258398,-71.971474408703614,49.630670785474578,46.785786524982953,-80.171727295223192,54.986263219398573,-30.610124775087957,-74.360893624041893,72.865306660835046,5.9335404113993917,-45.762764877010163,23.396784676659209,-28.420530933456146,-3.0490446106678277,-8.3035583939660391,71.500494159588698,71.204326415668177,71.815804736414321,75.033464928491298,4.0234943687606375,-80.284859487244603,-57.701586026689419,57.473631019268176,-75.827307667841495,-26.863549998286523,33.849923092863868,42.653998694977652,-19.558631652811687,-0.072557742138291276,60.559681724683834,71.419241781510081,58.576111964776509,5.9555033279619582,15.521750683190211,54.555847503741802,67.015761056108005,80.585473372300783,-67.596058043945547,-49.201171527400113,44.829783121751205,4.6588016345238605,-6.3464612699600034,-47.853423915311296,-8.1815339785004664,-6.7034369993426779,20.167833291457491,-75.922370754431043,53.004625975304599,-6.0386985624816676,60.853129224460439,-15.766750129371669,22.05469109098749,-2.0132990028681546,-32.095132690586794,24.779282249568418,26.817691694305545,36.610243495631131,69.214553497313887,39.561933396072533,48.947517476141996,14.113811974619495,65.215229133917916,58.037319736739995,-69.949939296363269,-19.059189567512586,38.206604279520434,-68.516238497537245,-35.229627210314582,59.00279953854163,13.272285858085375,-14.156630598119676,-83.368454068191198,1.0230963491410723,-39.94856928718572,-36.563716824933294,14.249942153036649,81.526659912380055,30.229083426607353,74.781515801369636,8.2808842015635058,85,-7.525727461458974,38.67256359967282,-31.965833068151522,-23.367309798613359,71.295757177478038,47.446946934116539,-69.09858290052226,-2.9810421820711905,29.560002456414587,1.5193589909703968,50.157594196760009,-58.399839304481645,-80.291402978480974,37.197239818810367,69.837874668506302,-19.919222479203764,48.306317430805024
7300,-56100,2.0002451496474101,1000,217.60601799517812,345.13353878352098,382.88591181607069,261.83426956620127,134.10373779026654,242.95345173840775,106.66161026157107,375.80956036255867,603.25649149536525,104.59351284504137,300.07661791848886,284.26149999213948,38.356062603949056,84.168755755517395,499.06903728784465,722.73098900163507,157.13768924545923,410.57088110029053,829.54544109611902,524.06584995314506,922.99667168341898,33.993630258301437,265.13657543519417,862.0677002781058,1000,446.95807647769669,977.21320250619362,191.71821461111307,907.36727148343664,610.54423341227869,16.422242636983228,953.25700819447354,573.17019893458928,554.12991504433467,545.34925102277748,402.30077447327932,458.61224534775675,414.33968759745375,18.9787963821591,874.48347747794946,269.91126532450636,703.98341721698864,375.47714830729035,596.85743202695119,389.99603083129864,194.08926539893753,74.353976496173544,361.93880413413177,560.61699236367076,384.57069318600475,870.83239601813898,188.76663499854476,602.74807542680014,869.74698179320364,650.58239115930576,218.65078865452969,880.85424972367559,1000,268.2998035940783,406.12098358605397,925.77246958650494,671.51817231931045,487.07923875550489,178.97004505319251,621.7184762259692,72.00934277596258,514.60704913389179,627.88144374289448,137.87505741573355,734.76197192187669,941.00966397043362,533.13290974522249,239.37440509945094,153.98332656603671,289.46406213488581,820.98048353246463,163.14690763196177,765.11605226162203,607.61803816345844,799.4833971650113,307.46223802949271,83.976558088716359,193.28287590024593,781.37561376085921,672.20140279047439,383.80967909653651,529.72353726583106,479.46169238664561,839.91822661415995,107.4649571017074,750.02938124464549,374.76248340245581,338.94494798504934,665.40664625001421,442.48632715392029,935.58306338359591,579.43351076566512,197.26145863800534,55.017237528923445,-30.416031946305338,-49.733335842309238,31.691804679516292,-71.868702895622405,47.830134080793997,5.7378003229732499,-42.953332811717061,57.128011038692129,-28.999575634630496,-68.357662723844399,62.784913714748278,5.839792748664185,-44.134054584979012,76.80129185018238,-2.3559621732534111,-4.0232186163929704,-10.344122019515675,81.135902071523304,-10.850436382495602,80.272966672768717,74.101122479601372,-41.418199255863385,50.217824937079527,-58.148443995834441,0.48282528809525438,-80.27334160267722,-25.718200425664122,-44.51020206383221,43.530558075905475,-16.922269996913137,-0.31557721761706925,49.366487535499061,78.240831653005074,57.763835281328006,-10.897204548450631,-17.369345051605137,23.583292654388064,85,85,-65.78487981303644,-49.268383184571,46.232148012036113,5.8956750391160568,-8.7468714170429678,-25.691699997215764,-4.8450830562666631,-9.4827774050977531,77.508745099299674,-82.110642875872031,-16.781206737154573,1.3289652514990342,59.25025627479188,35.928157575214485,26.841596700655675,-0.69019868721052369,-36.104223194758077,21.783092180144635,-30.360510708345544,58.29092734529862,58.236942832003464,-23.596193634870794,-78.695362658435897,14.859567804269851,82.48876292678203,-75.473016653037746,-64.996157399489846,38.157258497472625,-9.0005857125055311,-68.578482363414508,-62.519256584479656,-17.953576560826647,21.447316644529252,-17.901698686354077,-84.006753926745674,-0.52994262286483718,-11.934842221537407,-36.978131753614392,-3.3005124432194801,69.268456649053434,2.7387481690449933,29.836939160888964,46.170837528210029,-2.6222162483901457,44.891366241359904,39.204737413342855,-30.515090329889215,-41.952095963354388,20.076566109810972,-32.066734063330998,-68.429264228173778,-3.3762554475471136,-64.778412823453053,31.665917982073669,49.559296861127535,68.224122996997508,-72.801359903939925,37.383718965315254,-11.902369307605824,29.368364922136688,51.265632091686101
2100,-21600,2.0676581162435044,968.6378593312561,867.99630512947442,301.51944579735789,50.973235779341948,249.96770962065116,680.12196252343711,450.76614310014884,101.33141340819384,471.95973465511696,623.27411718232918,97.353504110129848,296.54314815536668,449.20591865307688,582.72020935748503,105.15032769326058,531.93695048061625,717.45566127054599,228.05095325485527,422.67725194123494,915.65654489540475,339.89797898074022,916.72432266146166,71.795555126025647,570.85493841404218,764.78869232766181,25.775358237065291,456.0932693525487,960.76696668456464,245.50003089113707,965.89757694690638,633.17741696180974,116.96076938684388,159.39145321430567,572.6790920295532,818.06895657450843,0.045251604225683195,403.8170535155964,1000,469.67607097015366,37.872061927335267,455.53143297276233,279.97489616001826,110.48617771648946,770.45307730454419,586.13963726727729,262.02818592379577,189.39886647710475,186.22468778228534,873.07228725694085,216.85674509569321,31.279243779156502,210.9953019131801,181.77507135467732,629.59922898043078,330.56517780087972,340.33137688995566,854.52207110850236,355.26041714642787,439.68248297802182,120.91106539104486,419.33830801953707,6.2550669321453825,815.32284952525174,485.93114416250927,81.836404217884024,617.00773459313928,880.76315451514404,172.50513530816968,773.67524739220676,507.03088677022049,760.41922816501528,9.9652363785602915,711.88031587008152,826.20503398564028,546.31905070233347,278.1692974722888,825.96918432143809,287.56099249400859,762.08920541011025,605.07467143285862,41.280078484965657,290.58077695342018,258.31193622639557,174.01316107049502,742.30274775750547,672.36430319993826,418.29739124247118,343.25557451981416,450.49380660487611,855.63765616125761,98.721427868760927,145.020363011158,792.8789769316686,321.92346378301795,644.68335353599389,459.3913811775742,637.41925334445568,579.31723706058062,180.15864657032421,205.63443806164923,-19.531349440085414,-53.305810992095012,34.775172860103545,-59.85650187389502,35.305163962469983,60.731500067089456,-42.108150442334775,-22.536587773178667,29.58366500952755,-74.389034414837013,-58.914960164046249,21.456974913075221,-43.670487805619366,84.427542741189072,-26.761728173654241,-69.771636703277807,37.075659807280942,66.244387939146606,-36.341770715947526,-67.800748132255649,-50.126373518124581,10.937099336053972,69.520291195060494,-55.911461030204805,56.864453892746816,-69.52455374832283,-57.306048036968363,-20.16048262920097,44.824027784993163,-19.179468652986269,0.1396396342836006,59.581120255052255,74.411986509935701,-26.479491318489224,3.0841841109406927,-17.596775051431663,8.3886660711678083,83.612902668425122,85,-62.578509278254408,-74.984882442437083,46.135688092388378,5.99303982204282,-6.6087904516306004,-25.387115539948109,-4.5706388738839472,-28.960587466352713,27.591932789611743,-83.517652157287955,51.213109947957378,-6.2141077590850236,60.777865183598649,-41.172984221070422,-83.086314463722871,-82.889255123634314,12.280068955456183,-20.605385175754776,58.455061310015573,52.420867327505455,64.440450411140645,-37.023907625807794,48.695508145129097,-57.911509616901363,-33.085868484085132,55.674271996559057,-64.985931665845357,33.26019561249602,-8.8447642447029153,-68.318171281693367,-64.578389516164265,-9.0864306283893086,21.845695359718544,-14.302413802138533,-24.817896503817142,-62.113907951478666,-11.423113864737743,-35.324593130460322,33.878356124386329,-43.899777118724089,42.544747510842292,31.442226311937855,52.625299080967096,-25.698739083414395,-3.5413774168194365,68.184401348745936,7.9521819015163606,71.032550122100972,71.024911210236041,29.310930519855276,-69.623191045858988,-22.343909865130556,30.642316875368394,78.91792372208721,53.524579652747313,54.051032698712007,-81.994670665371999,-83.472822281224822,-46.109152965773276,27.651165902148698,48.869944938817653
1000,-17400,2.0277434368428935,948.7621684706686,214.94439964513418,230.64415041986021,379.23439395444166,782.61977594957625,474.60351903123808,442.93806761274834,328.08246140775458,371.32789649181478,623.42098488122303,497.92634330759677,662.92612818149234,300.60497263655105,239.19515404180379,85.655118992308203,492.47081968451766,727.72249404863067,73.516154642193953,33.545088689049393,837.56571168894334,332.79715651229037,359.14042661576036,624.32789817607318,262.14424598355208,764.53102169564522,988.86991975380408,102.72736739017461,964.22330682028849,248.53412539041091,419.10145884135579,699.14842393456706,785.96957507528964,172.15571189351215,361.23749027803939,814.34253228986961,538.29331964559174,864.04166829023688,384.01186392021339,467.37226707889636,78.643254054239009,452.60855115949619,705.81864635834256,650.26114099832012,395.53636715910181,305.39694317996793,246.64255334234392,201.0382394001391,98.173882287308558,179.05114848411665,64.696881137867962,390.98304398702726,214.56794200199374,196.63783082016289,329.10665106985698,867.33868957046309,575.4016610540109,474.78514958011067,331.36944711082532,874.73959266784323,270.49755179617841,402.51779595793136,62.731151187633202,385.78144996233516,647.25010157816928,94.373953973301013,882.38524816230404,1000,522.84422440742821,774.23391917454921,166.12244753967414,737.38920818178678,1000,526.44128872218471,836.12746925685587,526.25689147792525,273.27760954270133,820.80245098438968,168.34816098362876,659.99058479613836,60.690157870904088,813.68970907440405,329.01896655102428,248.15832107612138,198.42989760962186,270.00612915958573,288.81094347281839,416.60842002296948,716.39326156725474,463.25623022095238,440.16241869931167,446.24873994236287,749.38212162742832,39.090809238069106,769.69383747654729,805.18014932984613,132.52525897420185,724.70228164470336,904.35421809386935,698.1031390953018,217.93331919383795,-7.4253034256801778,9.4332318040573924,27.559778871010021,-34.325830462926163,40.333947911650299,48.885545381964889,-43.875295045868967,52.062552593273708,27.709706185611644,-74.979826689614697,-57.370122160025744,6.2779891386628304,-33.879069851497782,75.109568848658256,-70.411678399699895,-7.2215755871775276,-8.7687550775519174,67.251437721847694,-49.922399654204149,61.682254006814738,77.020855914855801,-40.619808493257707,70.592999192017515,-27.372012600107261,60.593315531165388,-78.200095516334571,-22.246459836505906,39.087911589773555,34.103202691468901,-16.989304080440863,-0.20822099647402426,58.735875037365176,-14.489308691251452,54.836030717681268,6.4581882158416626,-17.209278815037866,-4.9894824971933094,71.473278903345715,78.163086941792599,-65.7989697640256,-74.365720502824914,46.33969086460236,5.3295059260014011,-5.45609861623862,-49.52918194832835,-60.91919343951264,-3.1836344544414104,76.450257366850906,-83.710884552452683,-25.086988374864429,-6.4216345191979283,57.253160541507647,-8.0742414121617152,25.887711585678225,-2.1681642347754368,20.095719243358698,24.239203726615475,-31.682103904281451,52.421961264078583,-45.008665274989582,41.304448317806632,54.391265750330525,-44.626145397562993,38.350007728660358,-68.513872136903274,-67.260358339388858,-23.414333144096549,-10.139185954647353,-68.960799312932338,-63.272626452432498,57.97421293235297,23.369070378180169,85,-84.535206995373542,-16.190159665454196,-12.053413214841358,-36.29238183272313,-56.870040818163147,81.227915339480688,1.6063727038592095,29.12081808938575,5.8446818502473281,85,0.24323591246674514,38.090779868098927,10.087344078047948,-27.141964423583648,71.001103491500984,-41.753421927855953,-67.409503048044442,80.084384297343604,35.96872227428598,20.002422481254587,51.355078210775901,68.383932977792171,-80.16640501155473,37.248443307160869,81.359795728438172,28.796899893783625,20.116461031760537
2300,-23500,2.0001567397562918,961.67828451495063,887.43254007210237,342.86615578045354,372.58662696798615,253.20680376832888,695.07983617824925,441.43358870831491,222.12044510347206,377.32167140381858,556.03476418928778,113.46216111842608,628.27264888226864,309.38315119844106,616.97077441354975,337.89297242329525,530.36069274695444,719.02013011402198,231.90959040013678,428.29177580958469,912.50626876793649,337.42490706841852,899.57587200731336,36.441605535899036,560.3220955639423,864.5254882391298,1000,453.97230740284499,408.26877855448333,262.66365483878712,904.23801985744421,610.66578584224044,54.709522574396871,785.07467280987987,336.29795937445977,560.02776476535678,538.51127194265189,397.61243111485527,1000,467.99105031914615,630.84441499857724,482.38069723588785,262.43707590534103,124.34722093645132,392.01913715703796,596.7357226924554,381.48370322233473,393.52389592090611,76.585520764121654,867.96520221645267,75.086374275045245,398.08659796547482,232.92594285458287,177.81025286288542,628.62986888470618,860.89049613532472,655.7149106844978,216.42097452275584,881.77075495436122,1000,135.75379820945022,709.48443601351596,901.07199923467567,834.61453867089267,237.05059787361995,79.131016096885418,811.38946779071239,50.729002008897339,161.69747887697011,129.6682601878617,525.40582617265534,724.38417229686206,200.61781400406318,702.11020741194181,814.48713467609832,181.07747642984864,252.43162089938687,826.34310108452303,616.47197398882224,765.10478099677675,600.57041626860587,796.88140560058832,282.82857515317431,90.365167767955043,196.39164386080682,945.74092890856741,673.11715140725698,377.95145942315924,515.74866832019131,84.157452587096714,321.69976477732104,121.2311564019052,143.6985870083779,784.19738788391976,332.62414314527143,831.81312023555517,443.25279008183622,934.42965521368831,604.49069326807717,184.8275379852337,61.070650320653726,-19.432044435879977,-49.636145393912315,-16.080848622565316,-17.146094177891847,39.770239010227307,43.88362059516075,-43.630239054261423,-52.783499834491629,-27.645907470407671,-68.686897119073151,-68.211896832800704,5.8859989835826134,60.190669873149623,84.358579677743393,34.52105053185889,-65.25041076619631,36.816692962771,70.539999039002595,-10.689222127996493,82.794137623229219,-54.996242114665108,-42.848543196877337,47.386032399551453,-27.675181095504644,59.311693784902801,-80.24286852828925,-27.381790316853593,34.8055746475817,-21.525036018116882,-34.143588522746427,-0.2708549475534503,60.02531696490761,19.046637746156286,57.01609013697626,-10.64461120357727,-18.485811580629392,23.498160214076467,85,85,-67.409323355620103,-42.718866759179427,43.148304808146484,5.978997339817969,79.503772094920436,-45.502587666158085,-66.076911773833714,-27.598796895252967,75.534619272070231,-84.441195046309616,22.794914388765584,-6.1523966930385452,59.325423242414416,36.897703917403291,28.293238390326451,15.245579570849053,20.193743937608168,-23.760471913800473,28.692682111322796,58.314104792459311,57.467401280598025,-23.808900194288221,-76.698668588425505,85,35.228620063351713,52.845545022007904,-64.956883071488832,-25.492620000478581,-9.0853877813846697,-63.153976692877691,-59.240241995521842,-8.6938233163677268,21.140612320107508,-20.841008730946427,-84.506008795874905,1.0410819927700405,-13.07153853088704,-35.240695776752553,34.104271773355435,80.415227694334362,1.9336022733535607,29.908883792311514,85,80.660475484030485,44.168538009796471,55.18212488222926,-3.8456971857939326,-48.029672152805709,28.190101153650932,46.758612468771759,-69.617566725068798,-2.9230488632913261,22.280403861714937,76.877807005913951,48.98944685415016,45.705187071911723,5.2955571905511931,35.960487075342314,-47.151869457645468,27.581704673543616,82.115739407256214
3900,-42700,2.2544698262854914,950.11725561448452,218.12931471778066,197.1925436397222,380.04878141928776,257.62561581487307,87.361182806670996,793.56341844845758,203.97411735085359,472.15349708917802,604.84694074629181,533.4991168831159,290.69437600130016,326.12203327423816,608.47359593803162,72.666750729303772,603.01881829543538,719.10801909524025,73.726233265509109,73.640691859275876,472.98472223461084,319.41634833552916,450.24990677914911,561.00114308012985,267.68494218932278,763.68260494526146,152.65442792648349,420.22291386819285,931.83330784437146,230.80256265616839,135.15190896119589,633.95476589842974,45.601302003912224,188.01838174576076,322.45319468424054,847.88209126006177,517.0281826179455,400.70904935314888,1000,480.08294995447261,153.29742067050518,495.73653863439472,686.58440451871934,652.72425044161434,364.00849719669594,593.88712645011492,383.31758546285101,380.90851267965354,112.63370693432759,92.672038847715939,76.534931689655551,363.2870996968233,233.69632580091545,188.51278617475614,659.29636488421579,345.46371237074879,565.99084026797141,885.14929871323534,880.01001743964935,859.43424378379189,287.63049771986306,412.2003234809485,10.493287798028973,52.089584431478563,370.88191774285713,220.36705883114331,653.10125417349036,85.354546949048881,481.84121025903602,770.99164236434683,473.87001956069605,776.20191177715287,147.16601570484562,487.21691394547361,814.83642314667372,572.70513187709867,35.962248413672938,800.01020910550471,274.9119938516389,652.28505313722121,63.565469700296788,798.23607871187289,301.0170550318885,292.28665518381894,654.02242039191276,739.07868142982284,686.50350575022082,363.07690303076282,297.45913269409073,315.77989243748851,846.3694307583329,455.17567503448345,733.8065274743991,369.28821474678716,371.06927075542859,805.50819378999563,451.89212828763596,713.2137528153778,577.67600485258902,199.0365995656914,217.76258243037074,-21.083117904928717,-43.567848919710698,34.741314060505516,-34.43326546673147,35.118858912372517,53.402450288917365,-44.732655753691446,51.959992974795469,-29.703626965347286,-66.606169634796842,60.231694733513848,6.2861155191596758,-45.054532613669387,17.853688744418161,-2.8829499378362899,-0.2380698661538716,36.19076832992166,66.274466854895891,-37.466201860140984,33.431880213770825,-54.719550385356726,9.3091596932160297,28.905880754511095,-26.815034512163688,-24.588780670444642,-69.664999101410942,-26.923202190187229,-19.977073457489045,-19.507366860750587,-17.13471135378192,-9.1971692669619038,59.237737787595151,16.239742027803654,52.021133794387609,5.5572447158450302,14.720857398658971,7.4052171606910635,24.371402738441382,72.877312835499637,-61.791284474748892,71.325195794650085,46.374829445117875,9.4675735667480545,-5.6490116911933459,-27.703723184390746,-66.017841770969994,-9.379568971851679,26.311867419692383,-14.899494325301873,51.52790357680928,-6.7588198964675295,64.529738936925852,34.978356376177999,-79.289299253227341,-80.783475447832643,16.49031539095121,-27.954277251725294,33.031065941064753,52.663342018885814,63.155210950629311,-15.535115622145623,47.754465355956867,-51.306754614755675,39.727446491479341,-70.964479759904776,23.748024735102874,-30.161067199620494,38.629847672220976,-68.96863539937533,-7.4004711444005515,-8.0727039609432971,32.967285052617171,-38.675414333495276,-30.422587084264084,-16.942688711536913,-7.5473391128391505,-53.233067389803445,15.241274437627004,81.598019304451839,52.172326052742036,30.762115384287728,28.74065997380962,84.871040256732442,45.145188164807578,39.080432414177878,10.049420261304251,46.455492327266327,69.630372533161989,-26.931276395852382,-58.327185304753179,-64.322606572882037,33.88978292158086,77.819554853092455,49.322950796390586,-78.460203562618545,-80.000727660067199,37.636882711609736,42.614016419347891,29.228177519452405,19.637703707428479
