f0,f1,g0,g1,g2,g3,g4,g5,g6,g7,g8,g9,g10,g11,g12,g13,g14,g15,g16,g17,g18,g19,g20,g21,g22,g23,g24,g25,g26,g27,g28,g29,g30,g31,g32,g33,g34,g35,g36,g37,g38,g39,g40,g41,g42,g43,g44,g45,g46,g47,g48,g49,g50,g51,g52,g53,g54,g55,g56,g57,g58,g59,g60,g61,g62,g63,g64,g65,g66,g67,g68,g69,g70,g71,g72,g73,g74,g75,g76,g77,g78,g79,g80,g81,g82,g83,g84,g85,g86,g87,g88,g89,g90,g91,g92,g93,g94,g95,g96,g97,g98,g99,g100,g101,g102,g103,g104,g105,g106,g107,g108,g109,g110,g111,g112,g113,g114,g115,g116,g117,g118,g119,g120,g121,g122,g123,g124,g125,g126,g127,g128,g129,g130,g131,g132,g133,g134,g135,g136,g137,g138,g139,g140,g141,g142,g143,g144,g145,g146,g147,g148,g149,g150,g151,g152,g153,g154,g155,g156,g157,g158,g159,g160,g161,g162,g163,g164,g165,g166,g167,g168,g169,g170,g171,g172,g173,g174,g175,g176,g177,g178,g179,g180,g181,g182,g183,g184,g185,g186,g187,g188,g189,g190,g191,g192,g193,g194,g195,g196,g197,g198,g199,g200
67100,-69800,2.022277824388151,48.715747432875958,3.1813420124066711,346.85018636429368,75.472176911826949,105.23201767902589,106.83627756423722,822.35417288480812,121.44754142641324,392.55681197700869,615.84756255733123,101.37040623917126,329.48785161242046,327.42599505152873,72.783628197361992,339.54849023032273,605.757676492766,701.04197093137896,79.12268862811861,422.59601269856563,778.55515150985877,322.54347438002912,897.32011901254612,594.12582570181974,266.71899693356727,844.20229631916641,89.789178229054087,463.13727324476366,867.57555938943324,678.20922385674442,912.98889011913684,629.29196935324467,242.93426983081764,967.85801024185503,326.86450348678,819.60049027248544,547.22753377664037,389.18927079237204,341.49490621231496,409.67974080874012,528.76313873757681,876.46609628233955,210.82534191761334,384.71924525426329,398.85880973875265,593.78642285963508,276.00402332209359,183.49988005403233,334.67420238811712,155.92439336250072,607.83332211443678,43.885139457897139,818.60170713595869,188.63398870114358,665.92267485372179,657.19816112185833,559.69225342334164,440.59080132877784,919.26961792326802,472.48129592965051,275.13360195485416,398.59243447841203,8.2566183396375017,866.90973405903958,267.52164046859389,860.52081241156429,904.38494267525732,954.26840441348111,534.23831022582613,635.18830559909418,194.65225251056756,747.34869533403844,496.80399828404393,462.18211869925051,858.16172558124185,548.82253778406948,277.52957758420575,817.6921546746496,153.24814540683136,768.316105370473,551.12870906253352,799.43581244556981,307.5182856308578,318.11696290458144,152.55145834083439,778.23330314222255,670.19078938767154,388.71611607438371,792.01612799645045,463.71880812972046,817.61691781278103,134.02279730812023,741.54723489956689,1.4308117015186719,759.18317506472147,662.65289869964738,154.44532300881261,716.55655581096414,588.35312940282108,192.60423477257234,51.41586859558268,-31.333450876930943,-39.518764878021642,24.614378587718583,-34.747284828443675,49.288715204617461,-80.875330098592855,-81.441514318908887,49.527804344267302,28.886297722216927,16.97430180992199,56.830930117454187,11.367694422060405,-43.826809948174031,21.721543275527619,-47.943954008736142,0.380866241630337,-10.556677035066867,65.276807168135505,-34.210219118110324,31.890939941507455,70.120748875489909,12.874579542416125,-80.036326296794925,-29.071909870757587,29.587156859833552,5.7748975691569981,-27.153037099899802,-34.202202252669174,35.351013969402352,-17.064956802100355,-9.0873136298127068,60.38794468178039,71.283286628468815,7.7279654424579469,-15.912744746324405,-13.626759929381853,22.484490535435828,79.461977024497912,85,-62.211456148771923,-73.687192898426034,44.146724698122902,9.5453231795875251,-11.064601707126428,-23.029843337089563,-7.4804185953552462,-5.9800849003808416,16.372372956987576,-22.948281226040464,17.080402221420798,23.04562120206057,61.038165236966393,34.96365001444034,14.61448032061778,9.4231670153968885,15.966342276237256,80.718857423952358,26.625416737060618,52.431954188040343,-80.348369939871759,62.197647825795393,-69.087885603213536,-49.873184654899518,84.80281018353655,-74.921554265555059,-70.882665537568926,83.236556990116298,-9.755322807102992,-68.57605492814227,-2.7400471649795541,64.921165967391573,-70.886032978237495,-13.234298087586602,-83.59234873600218,-0.0024230177317101087,-8.4810898012893414,-35.416868504042512,-3.979655450340351,83.851398209234915,3.2341872904796416,28.463621655489902,81.825464393321298,3.2221889005056465,40.479602975352719,39.901674676934078,-34.542624788625631,-27.266013510191105,31.021186523334617,-26.538021951839713,-74.692188503275048,-4.4307922322370183,-57.770993410902712,28.932104596637981,48.977984534130684,81.344269294823448,-80.520422701549109,37.161134645745683,74.084606658403843,28.241473443150731,-82.346825299807705
67100,-69800,2.022277824388151,48.715747432875958,3.1813420124066711,346.85018636429368,75.472176911826949,105.23201767902589,106.83627756423722,822.35417288480812,121.44754142641324,392.55681197700869,615.84756255733123,101.37040623917126,329.48785161242046,327.42599505152873,72.783628197361992,339.54849023032273,605.757676492766,701.04197093137896,79.12268862811861,422.59601269856563,778.55515150985877,322.54347438002912,897.32011901254612,594.12582570181974,266.71899693356727,844.20229631916641,89.789178229054087,463.13727324476366,867.57555938943324,678.20922385674442,912.98889011913684,629.29196935324467,242.93426983081764,967.85801024185503,326.86450348678,819.60049027248544,547.22753377664037,389.18927079237204,341.49490621231496,409.67974080874012,528.76313873757681,876.46609628233955,210.82534191761334,384.71924525426329,398.85880973875265,593.78642285963508,276.00402332209359,183.49988005403233,334.67420238811712,155.92439336250072,607.83332211443678,43.885139457897139,818.60170713595869,188.63398870114358,665.92267485372179,657.19816112185833,559.69225342334164,491.63238236479771,919.26961792326802,472.48129592965051,275.13360195485416,398.59243447841203,8.2566183396375017,866.90973405903958,267.52164046859389,860.52081241156429,904.38494267525732,954.26840441348111,534.23831022582613,635.18830559909418,194.65225251056756,747.34869533403844,496.80399828404393,462.18211869925051,858.16172558124185,548.82253778406948,277.52957758420575,817.6921546746496,153.24814540683136,768.316105370473,551.12870906253352,799.43581244556981,307.5182856308578,318.11696290458144,152.55145834083439,778.23330314222255,670.19078938767154,388.71611607438371,792.01612799645045,463.71880812972046,817.61691781278103,134.02279730812023,741.54723489956689,1.4308117015186719,759.18317506472147,662.65289869964738,154.44532300881261,716.55655581096414,588.35312940282108,192.60423477257234,51.41586859558268,-31.333450876930943,-39.518764878021642,24.614378587718583,-34.747284828443675,49.288715204617461,-80.875330098592855,-81.441514318908887,49.527804344267302,28.886297722216927,16.97430180992199,56.830930117454187,11.367694422060405,-43.826809948174031,21.721543275527619,-47.943954008736142,0.380866241630337,-10.556677035066867,65.276807168135505,-34.210219118110324,31.890939941507455,70.120748875489909,12.874579542416125,-80.036326296794925,-29.071909870757587,29.587156859833552,5.7748975691569981,-27.153037099899802,-34.202202252669174,35.351013969402352,-17.064956802100355,-9.0873136298127068,60.38794468178039,71.283286628468815,7.7279654424579469,-15.912744746324405,-13.626759929381853,54.88395761354225,79.461977024497912,85,-62.211456148771923,-73.687192898426034,44.146724698122902,9.5453231795875251,-11.064601707126428,-23.029843337089563,-7.4804185953552462,-5.9800849003808416,16.372372956987576,-22.948281226040464,17.080402221420798,23.04562120206057,61.038165236966393,34.96365001444034,14.61448032061778,9.4231670153968885,15.966342276237256,80.718857423952358,26.625416737060618,52.431954188040343,-80.348369939871759,62.197647825795393,-69.087885603213536,-49.873184654899518,84.80281018353655,-74.921554265555059,-70.882665537568926,83.236556990116298,-9.755322807102992,-68.57605492814227,-2.7400471649795541,64.921165967391573,-70.886032978237495,-13.234298087586602,-83.59234873600218,-0.0024230177317101087,-8.4810898012893414,-35.416868504042512,-3.979655450340351,83.851398209234915,3.2341872904796416,28.463621655489902,81.825464393321298,3.2221889005056465,40.479602975352719,39.901674676934078,-34.542624788625631,-27.266013510191105,31.021186523334617,-26.538021951839713,-74.692188503275048,-4.4307922322370183,-57.770993410902712,28.932104596637981,48.977984534130684,81.344269294823448,-80.520422701549109,37.161134645745683,74.084606658403843,28.241473443150731,-82.346825299807705
16100,-64100,2.0216783919156822,954.55714072853175,3.3953158535495751,346.7699553328045,35.631815782427708,151.54566341878547,134.21005252711106,499.48487636300217,13.15169460499969,373.73431372586265,600.72080970467061,132.43869403556209,159.73233045989889,65.259075209127019,639.38570256163825,74.371602600682138,608.93954704840166,518.87601691194789,506.00409155341481,424.06291755895575,845.56094124537492,325.56565132577134,911.64911948932865,578.94706247461056,266.72300442376979,844.04053777928459,616.37185944712212,447.40130593878928,46.569390795855355,697.87372331188953,176.89528419464091,219.157688367654,778.17138574802811,937.55113801101402,300.63673759089846,813.65369897618973,527.55012660069428,613.23363917662027,979.33000167861815,134.24970445086436,459.50816256277835,816.1550061640487,680.88504829833664,406.88920840390631,345.04164530900442,593.83812126107148,272.44630257175038,183.12804483499301,329.42032858899404,170.46984814244604,572.60636495923484,35.350637210916489,850.00531105156801,147.15680121214203,656.49378697304894,652.53979260913786,358.79117710065674,201.66466526867998,886.2943251356678,993.3182661931105,268.9650089803846,782.08271094445558,14.132445453165111,164.70193356854855,267.98161749041174,859.87554608906044,899.31389896057669,954.96516077101228,540.47098862127962,646.97924341669682,138.39804541999351,749.72399102960151,929.09844016229647,458.31464734065224,826.76601200328093,176.48732079840187,301.76593097543025,800.82353957125531,168.89476579955581,765.62408899793513,621.73976009661465,799.08862571094232,305.96347297744541,168.76504320243092,151.3212059190945,751.66391543253667,676.89280787515497,424.37353354433242,134.07352092929739,480.80026511324843,824.84128980762694,108.71374050600024,721.44203159245978,870.24025389030226,750.14930965783105,666.83809546453176,421.2211400698713,723.79516631706701,580.06007048002459,193.82469228877389,200.73474538513241,-31.406974353991803,-39.5024438071788,27.66540347890254,-34.282238835112253,41.000231771026868,2.4966612550134233,-80.816453459703538,-10.093343265205458,22.775993313554196,-63.28815191271314,60.654450941994831,9.1228279517889064,-43.842906885107773,24.9074355050086,-46.397438198756824,0.5517832157472552,-10.301741962753544,67.476599204024311,-33.465781690478835,36.94447891350228,76.449320820589492,-43.580367213975101,-82.718859084617378,-55.023447353418604,29.192349737615288,-74.869978847797341,-25.71335623657459,41.082712352250837,-21.545357598989256,-17.601277008630696,-9.0744621287127707,59.376995833070531,76.553892392945926,-24.543673266125335,-76.678852150937132,-17.287746216630481,22.000175080079501,80.746327495002788,82.436684412169242,-58.436495107582921,64.160670601541625,44.551999998749572,4.9822185677732342,-15.121669977400524,-48.522562656699286,-72.688966006286151,-11.849754499743014,-45.212319270014675,-23.066422924156416,14.47188920235112,-6.6818362099220074,60.811384276371413,34.975123416888373,20.372285325367965,-0.98069011864956834,16.867046001442155,76.778044243647543,62.43319218753355,53.467022126234433,63.679754520906286,61.370809614565665,-13.97090256937426,-52.069234389456476,-31.452127187975353,-58.395898346770323,-69.931339225549678,76.0942217532928,-9.6491478220543705,-68.598737344620787,-1.5035519073365329,66.713326636093001,27.718806409141461,11.70159785614349,-83.99567631814179,-17.958695688640429,-8.5397013156288857,-37.839149454365604,18.381605350876782,81.561867685475562,34.045088618920055,29.924865547427661,81.048828335183387,-28.8101828439708,-45.70009442624783,37.350646741570628,-29.526266413561004,-26.035299627211263,65.215096547808315,-23.418338581265374,-63.52498300368395,-4.453820187173239,22.004785327576819,84.414598253869656,48.898359181683084,78.670773379532761,-72.844318407447588,37.582072201039487,29.108094472196743,29.438303431353525,48.93409779693603
41600,-65000,2.0595693463536064,428.53393262318809,77.87525706420746,339.73755382031936,66.503239920177677,209.88065935009942,105.96316904994048,809.15468941644986,336.76920907921254,481.98900488381753,606.77483284592915,375.62597270414255,268.9713441007957,344.35010876510739,105.10384440289187,96.107623145983581,515.48503068920741,728.67041408260366,580.51824549993989,26.796900724469026,517.68478988880531,563.0355774556067,928.99910278889661,578.90720005248158,267.56854281647958,843.59940753442709,925.91401379096271,95.843859392582914,352.98854460122686,832.09690151931795,824.14778324386157,620.10171737278222,221.0729103690972,125.71685105204199,326.39351846176851,576.12678842776313,993.35060227900681,885.32043458634621,416.92795597902989,413.77331438454098,515.74850049224199,490.51719252825865,671.43366296188174,401.51038638243057,366.48937131269605,598.34067884701642,275.53167461899079,216.61285828725158,126.40590595683273,176.48799836509173,560.74842344771332,50.339521798284139,817.59303018895218,195.89192690783668,627.65347008927847,625.46525303167152,347.21496914568854,204.11130161710648,948.98934542799691,919.82962518054546,294.43508129298613,699.7081868020357,940.07546883061877,601.72941767896828,653.17042150082091,41.153033831118591,907.79237036206644,902.11697355465276,491.66029858622056,649.08340597739027,141.93018821244721,746.4513207300472,896.26797929695101,531.71680763681047,849.71827252482467,543.4342930498434,276.53276708235802,817.28918731643125,118.77905474339832,757.34996603686375,588.25793054462019,800.62031247212553,47.207534278012901,288.79890534796942,188.63596902530549,696.10194307832182,629.65517445584203,385.06385329608543,743.35356839554981,480.40933112392395,827.21163641835858,87.135002913952903,749.41177882561624,27.110138882457562,435.15719640784778,812.57496571839624,81.745350060163474,715.34691984910683,578.99876232764177,192.88482082265358,58.808224552933979,-29.333760494593928,-22.315330004247429,24.580333583809715,-34.063496209485322,42.015857900830717,-71.538349056953493,-77.369482000024391,55.158644263880092,28.228671291555852,-69.475824611107782,53.443776193323558,61.876389558808341,-42.390711609407482,21.237738746395198,-51.390821315683127,-62.425627974585318,-10.802224183705041,64.835852387558106,-35.279282766099854,27.384600099250573,28.665949952310232,10.812592537679102,-83.62683468687041,-26.572687367897263,29.474659745794384,-80.576723990838133,-27.507501263380686,40.843790502124534,-26.932340509678017,-17.067171770535811,-0.15196424793650692,59.202599055559702,72.112546870390503,51.153980970316248,-19.647865681657429,-20.602287490138259,29.902350908146058,82.887268491847848,80.652365605411191,-65.557472253484192,-45.706625969447416,43.683937143436189,9.9539104430618561,-6.3297075693104787,-24.938340715269057,-9.0565175041630255,-10.999821768563741,24.717232437820385,-13.21652541204284,15.221866306711034,-5.9932585073490312,61.994496152348226,35.443513647561986,-70.045942781007028,0.29115857372252574,18.791166736465033,-31.064383813744517,30.170587297597109,52.207002764659251,-76.590765978145811,-17.495775700384542,-33.243097476969083,-49.127576816273013,83.519147929883033,47.448720360318461,-14.654785431459198,40.190816939869336,38.082733620346126,-68.620358660235567,2.5970482175505207,-23.090451195970605,-79.56330607548604,70.087348710774137,-82.085451447630462,-0.37822372391325931,-15.920607236196977,-35.625924418710277,-3.7603791863765053,75.252150742043099,31.19535002803547,28.982586053413812,78.081758742703855,-2.6355173034337112,40.910211061361252,37.557938762305099,-34.420512811643803,-27.318247712708732,35.912748714077978,-26.37131830985976,-70.066119760300467,-7.0574421604186846,-58.941550759588175,29.019191104042665,49.526385675526278,-63.931003191353732,-81.716420903750972,36.788000979169929,69.10385092091181,27.800815429090804,55.158927821150066
1100,-42600,2.0009766831913209,999.76521821034123,173.71942639599882,687.66021525405745,72.97039746397941,187.47406112360446,134.95898793862216,760.79891639191862,331.21205434090149,472.86597862655924,604.44089875370776,363.47139835118247,82.607208654722001,1.5126823905960238,620.13194405945808,79.943387543002459,509.55996176416573,706.70516626351139,92.786299687192255,386.72360601068488,512.52821702506651,508.71465186951599,901.0692446884425,196.20961927178695,267.56804041920623,872.68132579181099,901.55765908565149,115.64747658367246,856.25111669825208,820.14576571790008,977.15209364749069,629.30603528859069,700.07159629864293,866.0176874244155,322.9595671280789,817.02772523993042,992.03180680121011,866.03502379758766,416.19020420405656,460.2614062595523,543.43158334528152,883.04256981230117,672.44483737164353,631.03039929376155,786.53156632153457,598.34680843719877,261.47532973202919,209.9307069130611,131.29787364837205,174.89633828384518,570.26689083911117,52.186179944790396,236.9938288382437,196.18352982255416,627.75484705408769,386.59476075961356,348.97224964996815,185.85780764309197,905.927855806651,890.5537402015143,273.05328654465893,722.3906922486949,942.06906250099371,43.757590901901438,481.15571781124498,55.814215584778516,910.88047507758415,911.58269206823923,517.31689097934373,776.03014107687079,138.38509516371641,735.68914952111288,93.154563344847759,460.11107189713977,811.85379738731524,552.6299587846438,260.36447781284733,821.11831309964907,317.76008966859132,760.96900861703671,73.541056520803039,801.77424333201475,282.35846140635158,290.13580732157061,188.90829070733793,750.98698109489783,682.09165083177948,384.84133149538985,775.94083705346191,480.31289003491139,825.39855144540468,465.36147222623788,741.6830398602126,12.145478649099946,815.84740131554008,675.68033854060468,150.52968891145881,711.67068881709224,577.20855974597453,192.84613138533896,54.460299465361551,-20.524798692877852,-23.473255130880052,-35.019459912299055,-73.882416519870432,50.010828727856108,-67.073218550633598,24.644897651841099,55.12225481510032,28.159828316677611,-77.344768664280409,-61.434926581184435,63.161556044023683,-43.057287605932849,21.66151204157206,-49.948899089903335,-60.833252429456309,35.759020949079947,64.856767906769704,68.535414469565424,-63.669690696546773,26.13009617952568,10.013456477319306,-84.928591584210068,-26.997614232773518,27.790304013407532,-80.420711843125602,-21.223734199918322,-31.844784217020006,50.217447111843562,-17.178373881426356,0.024081852920270236,59.234362961907621,74.801290457077926,49.539822827928404,-76.591273375611323,16.795863943133892,29.046355617031214,81.116278122862354,80.588537783077328,-61.719375438773483,-54.446067745052972,0.74840055469901401,10.393779513589301,83.28736166065724,-24.84171129325706,-8.1890748898106374,51.448661665807037,25.776339668321455,-13.035470893108098,16.907587001175212,-5.4520183800087736,57.786301659605058,34.771005693306741,-71.285471936781278,13.730748230502549,20.840134123729754,25.16434051011916,-17.727800478419514,52.435782412464292,-82.043185959774121,-17.408176825705841,-37.357861664187553,-49.126481386485146,38.639548409644199,45.501580573112321,-72.424843413455449,40.548229597544939,-6.3320306939340334,-68.618526965223936,1.8687255530514086,61.552226630283506,-39.007109079624037,67.652736984583754,-82.241787330214493,4.8377623330027788,-15.737485812618159,-35.946083455604068,-1.9482575378138964,80.32460465012727,16.158239671848907,31.336998505160246,24.034224899114314,-2.767801142167357,51.681457899429716,37.399514816962665,-36.386529888651808,-26.861012493758945,65.969188300129304,-28.59431057156959,-70.225510304590401,-7.0874970400489472,-65.232643016742827,29.016317708535361,51.201721918692357,84.099357978374272,-80.977299790361698,37.136307663951776,36.923613496830598,-29.999469728955738,38.178752463476833
4200,-48100,2.0209819794773516,955.67549445773136,223.00010906737276,664.33889600411658,48.658630958154937,266.55724527484148,104.34235340313144,812.12452180304501,349.87191477423141,382.43670876471901,601.56958731923817,372.97015432067894,143.0047801972978,21.468978472494072,45.56322096826392,112.85988417766683,498.99260247235395,702.78495179249933,71.252162571597836,394.65363116261136,862.79363644931254,564.16703519149246,935.88702962145362,569.46470519951743,262.41120924698538,848.21267793856475,984.53961662488337,465.35498661762063,317.44334733617234,847.32876943019733,123.16834995962608,229.74344161162364,755.29489050207189,938.23133786333597,305.75993078668864,822.03732358042737,505.72336509051576,595.00461874243388,355.69218392649333,640.88249728215158,534.42623934857943,510.62117735988215,271.73008257347851,636.8071314173477,365.22933576835396,597.12543220719192,282.14285054414967,186.38781113380469,117.31330984665057,175.82789049622102,29.392089121997039,25.504274254531367,245.49660283852472,195.44262657515634,661.25343590527575,872.99801973275635,349.40866989181814,210.99667034617354,58.880939565674652,920.19068897014347,269.70190149383268,433.51274728802798,946.34645175790251,62.89080524894193,653.01406162582794,69.732511562823689,581.7551552379897,863.34560255096039,517.21455697333806,643.08617423873056,139.58278731965979,755.08114980760388,651.65421347834717,524.67840286188118,867.51973434282138,550.35959962028141,11.223020503444403,819.85195422322943,296.63375042044783,759.19539905574879,51.522378552244312,801.20101056769613,286.38189538746309,493.56229994220655,184.66310623894316,726.96044370821994,668.15820935825434,375.1914393794047,763.51830260015004,481.46774671884498,848.29370323426599,77.670542238302914,779.1645537463005,12.050764771890574,375.76132733774625,682.84519326239638,819.73843003027446,715.66036951616695,588.5397822607373,190.32838606876797,56.224107789725188,-22.585697098340685,-37.512436750600649,-38.242883009740204,-35.059609281072831,41.938838227370347,-61.807342009716649,12.150377332668661,-13.234489462207311,24.843166808563304,-75.738834278855393,-65.882925890320152,75.466481266175222,-42.59075649285672,76.033547764286681,-49.857440611096251,-61.871336315226856,31.5357696266916,64.528854429955516,-36.398574336474134,-72.051177624745236,67.983958840711551,9.5303538402303989,30.917796482886647,-53.890903513813711,35.859847648486443,-67.228266111837769,-65.230584329224243,29.280523014418907,-22.345266757056571,-17.097580272458696,0.64753295338699357,62.942803755731873,71.931657403656942,56.395157136146111,-75.596964145306629,-20.57315495753388,29.016789806737332,82.901274270078346,80.442100717007065,-60.670370512535115,-50.876418393685562,46.197728285025427,5.1716387859263406,83.269842551303555,-24.346181073948905,-55.617725745713521,-9.6564398140446777,16.398020250335808,-84.586422597283757,17.044605631186464,-7.0656591939806468,61.14138835790488,35.327166895638435,-69.44622528205673,12.673791791170679,18.276124372643444,74.788125440581425,60.910297948362874,34.599328516803745,-80.360359849781773,54.055956089100761,-40.69362371703302,-43.554547197327054,38.624975466202415,39.992625352561006,-69.754786464605147,-17.683449373273554,35.138342811529242,-68.586117054227429,-58.412446528369756,64.553408011361185,-73.698847326904229,64.035550270093793,-81.965436514907282,5.209806647194581,-9.0586795737713164,-56.017930851439537,-6.6824055313750907,81.232608217561051,50.856914952802029,31.724719411085822,23.478175729266034,-32.317516988196957,-68.411754173217474,37.560775695319855,0.33888478786408882,-42.30504364587302,65.513949483616386,-25.502197692094928,-77.327301159621726,-4.2698170682902665,-62.901616053001547,77.076484281946477,53.847203998541758,-61.686234618509246,-81.894592782608171,36.971842951107931,-11.092931961271294,-28.428350582543239,49.583254977258449
5000,-58000,2.0216110922899158,999.98694108547454,173.11083104187148,681.67391385824794,70.26641945762772,218.37132537024934,157.00521781471184,809.04855087490353,122.46226805234906,477.79291712923464,602.17315186594271,111.0845576580269,84.171416935772967,1.6448108106794734,623.88286578913539,76.704066529722922,515.58744930547221,702.87416359211693,47.089930703236554,385.71370264071169,801.1171364327929,551.41910263098509,935.73729790494212,559.2942709150833,267.64628663785084,872.63226003881164,944.34282009883748,114.94496594757787,327.75242875516307,676.36942632919408,43.57906086406507,648.3745076978862,801.98457045019609,860.22523433647575,532.28369383557401,829.29788538041601,986.64697647125661,208.24454293445314,883.78153990733426,633.78006715924425,670.30624925951656,489.68845205369087,680.71584492094257,643.76498544055823,368.15487433047679,598.42505634129657,388.04215014923557,208.45618971644731,117.55661903826687,175.63606693952292,566.57331708955348,35.139739548306309,763.97214092283434,156.73806263180754,627.90274367141842,625.13477506218555,349.32352698087959,210.857092726438,880.57657509597198,920.68706878350542,295.63457512574627,437.17390086566832,833.99609348371985,636.39460297376149,480.21612125844501,15.249228744890502,903.17621284319421,869.24703630659519,489.87299986492565,629.00525298216053,139.49955906561073,734.61329896115512,936.0978150596892,527.77739140338417,812.7059420270964,547.87629231454639,258.78329112768307,841.32631937851727,323.68761051888055,777.49127518424712,46.098608980539247,799.26703242063036,43.084134869378829,290.24124263562345,188.91484972210671,316.269177883574,680.41232306321137,383.63119297808606,763.13201609293617,481.01522055576146,835.74226296643087,519.3176357967468,735.11335790508326,13.271691731868001,799.40174927655403,802.4564090671596,107.90716136213973,662.39896436385311,579.04576458968893,192.95502585217162,31.550388536013244,-28.324558139274387,-22.347658155260095,-33.594972527328231,-34.158161544937769,42.894126550366749,10.573655245297864,22.199817731853109,-12.846510351638603,28.223217758048147,-77.346113022842815,61.168262290919856,62.895548417816613,-42.958905041607721,84.323277031750052,-49.137832294683157,-62.682566728179772,-6.3365060764600383,64.829242366203658,-31.574900587413321,-68.253128507002231,62.304860147666005,15.105052227571955,-84.82816767792545,-27.966663819170236,58.09667200959538,-82.355609385990959,-26.310834158320098,38.312528509683055,-25.307039777529006,-17.100069337064671,-0.44591520918397498,64.821434681741906,71.832134385765983,50.676492342661845,-23.114759972891619,-17.598317962283105,29.010454849070705,81.282247405138918,80.752327376818073,-61.667283608313625,-79.891245429317664,43.635104675680758,4.7444479581644217,81.727644289766459,-24.615457466860104,-8.6588835577396743,-6.9658964081297654,25.324332408033285,-83.551308574168075,17.2573223834017,-7.1022755573479559,62.30904565786215,35.428910484641335,-69.410252661387588,-2.1977899547901334,-32.879355946144216,-26.349936128834329,30.212700398412991,52.402091620655071,-80.588211497521982,-19.876160628912388,-35.277827541969856,-49.15304390940414,31.93443563699222,41.563578525479414,-12.976522855426211,41.8384990881883,38.717896917649107,-68.617794619949109,-56.168413535227288,-15.130680389217686,27.949082875475852,81.298740214669692,-82.621203073676895,5.1562726118935007,-15.917849863455139,-56.064975312788761,23.144370027948852,74.975371040300899,0.56848732886527031,61.642750365098365,85,84.014002356772068,57.684111632479627,37.403627980449834,1.5413555062644448,-46.635941370762055,65.903479494300797,-33.095318210463994,-70.496214887478388,-6.9957366525384179,40.1875768306152,27.123902824331033,49.800945732837974,-64.695833692479539,-81.68275961038249,36.80530201916401,36.44811972074433,26.505071011850987,16.214397811528801
200,-24400,2.0208330963661258,999.99533480647256,222.82147235498945,686.3246723391685,347.37026553187519,209.24671260278376,135.26522506118152,812.94277404487104,109.40828662831952,384.11126047333829,602.13661432662855,118.59538263181557,279.28454969558851,295.43597324539195,267.27828889948688,110.73698761748327,527.74495120655911,708.03893619602343,98.17789181148683,388.95180051637652,1.7094616961121005,311.1998491896706,869.08336160500698,219.87951687549216,262.1434966619334,848.58656348030956,926.27011010406841,460.53032239666089,962.63536676705098,849.706825003414,121.52269829100157,246.54993741073295,129.12790934324852,419.35046598457126,882.30707217791246,846.91429726912133,555.3562578439404,368.72213309443646,344.75101530521528,427.33720108100368,666.49959451110362,524.02519710884212,660.68781091988205,645.54947158956895,381.37144234888848,598.22272572281236,286.07007468667564,178.88817799258831,312.52107958650004,148.44438663588198,187.09953353108756,35.991753416303482,702.79471030634693,193.28449439263969,628.06939724253709,875.52622086937356,349.04383274307867,210.13844010724628,297.99835364461779,513.74997823014496,274.55252319400444,434.65096590195378,828.94032443202116,3.8142346934937628,628.20924575316008,179.13051698199655,819.15718197580725,11.255041420471343,517.42051753176167,633.32183195341349,190.90872630640669,753.5867231868616,602.40991184247298,532.24011987271649,825.50246976332892,163.87793666796372,10.896704194026796,803.49288641324563,288.87579767750026,756.50394215833626,91.33087484282845,801.51354890000061,40.249245238408747,779.11965551998924,184.64398013649705,294.49167273405914,677.58808984861855,388.27957721578287,114.03629833705577,480.38278710639162,825.79243888638052,123.58676806605601,778.97424636734331,23.355309092347294,787.83293332387575,665.12220497783494,106.27508037887134,719.15462285966271,587.17060007991392,193.00987242809339,215.34847306425428,-11.419541934406721,-24.094779304761737,-34.153723566393566,-33.356536532588336,43.335578210320676,-68.151806200604852,-4.3185482482208073,53.809872403729983,-26.647474113948771,-75.89204112732159,-82.28590020933342,64.393194756992486,-42.431205928094421,84.763014368862414,-2.2005330733029993,-5.8865780883109231,-6.0848183491715808,64.815624452805025,72.038429965705888,33.178445425067281,62.791619468145612,-42.762493795761344,-71.170552435500355,-30.281221697313182,34.746612233984543,-82.456104609192209,-26.946942458403615,-31.162730404890713,37.168944942490455,-16.736634514041533,-0.31413603045046923,-14.733758554692578,72.437101652386616,50.234022649372172,5.2731693382687794,-17.601526445579353,29.200571248494729,84.201096469415688,85,-61.818064660048506,-55.119230947513003,46.187180012981869,5.0074008892949493,77.156868211623006,-26.59619786196507,-72.149688842267466,-5.7804825815103378,73.349291561290954,-84.759132899621761,17.467427342118455,-6.595862331970781,61.672259256869367,-8.8444988367725088,23.554843701671874,-3.9422894489023506,21.368505741281432,-15.678584667707216,31.564584448098159,52.406964006246213,-73.151503341936888,65.309936639956334,-57.95905635055621,-49.005361232835334,36.498297855551158,37.440156402037758,-12.769032617956622,44.587275251531388,40.725785390403381,-68.574460550218618,-59.807055903955742,62.222880267429218,24.889293510308477,67.540568733778372,-82.239119419873532,4.9231054346638983,-8.5186247844773053,-36.504228123003443,-1.9480669730529194,81.274692092749547,0.87960959306421316,31.703361955044983,80.174961694974698,-28.95068843653868,-78.158976381386267,38.639558334826987,-37.510464193642285,-45.016342412653259,71.797612248163489,-26.34750625066097,-74.545521712846138,-4.5450663293046416,26.221054434438329,30.031178801712521,49.592207716030074,-66.888880691707811,-82.166304484822334,37.153325317553929,-9.6905787273840076,31.030337244661446,51.939999939582222
43800,-66900,2.0214803770632037,460.79481759122859,3.5329871169385934,347.7087322412342,389.84007919286478,209.9398121426301,135.15615238359405,822.36120986952983,319.55754633705169,485.3322263235051,602.92690594087242,103.44987398821802,623.49256307154542,332.83542314260455,283.5852554386654,98.346475788225916,600.57909833202962,719.41666385662734,65.662610987392938,384.22459068329493,889.69179822915362,338.07412766940934,924.65527898633957,553.52508564935499,270.40477433493629,845.23619828907658,161.94569217700973,465.93194637323472,910.15065707260169,199.93701110130985,182.39792934852585,233.49567570222183,266.12211932114587,414.6913426551788,831.24295132700968,822.41237954061023,463.54630181364831,999.19540175983911,458.392641065134,135.68653845435219,666.43942994982478,907.22800877487782,310.55354943699166,619.30525816646582,375.10247115155124,597.98430393280557,275.72341842925539,409.6036533147481,320.55137468613549,164.75790251429845,52.886975173403982,709.51786729028254,209.63893145210471,152.10259749537212,666.57516488434248,896.06853940113785,365.09939244212842,207.56771200567997,937.64944997393991,453.14179383868066,148.15112886291607,435.78133493577093,835.88441305135098,654.95747154262699,652.51303313580047,352.94562196305742,907.38194376685624,520.04910083596042,514.84122004120388,634.00554934827267,139.35781403138645,720.02049048778076,889.3731665931607,472.78910810198209,830.99996538995219,552.20440420207501,280.37275340200392,823.45888564275208,146.81781274961884,633.62974978744342,66.406360939836119,830.29429432308063,282.0839393554304,656.21494374112899,215.44409746548942,755.34122664696235,681.53601630855405,419.5771593986405,198.60119706518287,459.05150773712268,395.22753675118827,458.66581158720339,725.24769675590153,12.792983085526181,293.21253026935432,804.31590478384192,413.82368130757266,712.45076284337483,562.78428736885746,192.33718784006493,45.511968100506529,-31.145214615036984,-55.236794731673143,-25.256560751490525,-33.523175651084969,49.803276901901008,-72.142978213354709,-73.748905659556982,56.336091451159128,43.978177700550035,-64.514413807927156,50.086478184855352,59.117533930541512,-43.798927417664501,83.08694425793756,-46.852144865652384,-5.441051299140006,-11.416083741712601,64.720813221136893,65.184193514760892,1.8941712145373781,67.509607711576948,-41.548606310436433,-80.845959391716889,-27.458302054690645,27.683287419326888,-2.2889762559972189,-27.101213923068123,-30.267746152412641,-20.37539040761575,-15.71733247709637,-8.5742638960547346,61.699657348769009,77.537901102285574,59.070179422202614,-71.646198021569091,-12.069121010573738,54.379919589324089,82.23993067765511,-24.209669180196855,-61.472211621204764,-51.565702247538354,46.844488239002402,5.0978803082022424,80.64380948300257,-26.643274585932712,-56.804437714418043,-0.35817640262879591,40.261499845789821,-81.865536245573765,15.620190453803151,-6.3641484151802556,62.115735790785564,33.135120632840952,-81.855617557344203,-0.98721597598864275,22.078456685682244,15.357589467826696,64.206498958849082,33.554116145000393,-80.399900161453075,54.594832062319242,-74.724161066584074,-49.750825334519938,1.8256597878625414,63.898849024462038,-68.605015287817494,42.125365316307395,34.846789592406893,-68.474842209068854,-60.449774230520624,54.861037623146942,-81.843263943110827,11.065164708200964,-75.088491320653276,-2.2206252461844551,-9.6257581049801395,-55.185288591933627,35.120014327317158,83.795360331121174,49.761096296418273,29.625436117402142,26.261760773171474,-7.060460094252079,47.405016420734405,38.438129796311742,-0.91472080127471145,-42.528026885760923,69.952066817280397,-31.753967177202576,-70.038668768501282,-4.394224320174918,-67.503568921389544,31.844654159900806,48.918814619256288,63.627949453513388,-78.245305923987303,36.982816597880756,-18.39529425854467,11.205808955588127,46.547211857653345
46700,-67500,2.0222550420734233,412.83994989345189,3.1459598639616466,344.31665757301761,75.472094150103842,106.71486355768062,106.82863555651551,822.35432347835228,120.0195145285852,397.69464190571165,615.74216963717129,102.53995916995133,329.49258258394684,328.23441332206738,63.922033573777199,332.0116329143255,605.75762209999732,706.73495762518121,79.135045493353729,422.33315127623109,778.90885307523297,322.54347972512153,897.1042351905968,593.98371500122744,261.97411066255603,844.19893203267725,65.98031405462396,453.93374385240497,51.503104021578338,642.72244851924825,912.89917537846702,629.29196580441567,242.48719274408671,974.19422942592234,326.93359026183043,819.60792054236867,547.22214140077006,387.81867939380646,341.50780329259766,398.8322448288564,528.2733106029666,814.01061911327974,706.039900415798,412.25311923192908,398.95681200454612,597.12920264879313,275.26785802834388,168.31215399347428,334.67420151826269,155.92661066449719,608.38365535992273,43.85427234613082,818.3455308747898,188.09805299706542,664.40235340455195,657.19771160252492,559.25947663731131,223.07237973367415,919.29491921878082,446.87873130166605,275.14378173591228,396.2801247075223,18.13895010790225,867.02148394810433,270.49053193244714,840.38822170081539,904.38514656423786,951.47876252731203,534.33748962705931,635.02970350491512,194.30454734502058,748.00565831684457,899.18715765862964,462.48686373185512,858.47592164248033,548.81128038683778,204.01040549291014,800.79898382520571,155.85396094105121,768.2874952667795,551.4086348951563,799.43704276587152,307.63961837259228,322.75101328415678,151.65356538467483,696.29953368491181,670.39872359352091,388.71948912958982,74.160063985891611,463.73018905818884,817.71388738102621,130.83871465607382,741.45370520700965,8.2073423808431301,759.16613146585644,662.53489718215087,68.446897579047999,716.25796366477516,588.35128773327995,192.60421390599882,197.29161053380426,-31.333447571178713,-40.041564925668716,-23.684712624930132,-34.747387357205838,49.286453306910062,-81.17034173185165,-81.427322387082967,49.531343354854833,28.886346630433081,27.523905860223511,47.72747685107273,9.9861912340823409,-43.829240618452999,21.721406079249768,-47.939673014156931,0.39177134900258137,-10.55651851323085,65.276808674091868,-32.871744357795748,31.910947100278754,70.132073072369067,-41.202640616774822,44.561885805037221,-28.959019150087684,29.608532230680733,3.895207436061539,-27.436714360601155,-33.628784880657967,-30.363410341713372,-17.064956851720648,-9.087262420393408,60.388006158986336,71.301954795492478,7.4601647054693743,-15.63531252999913,-13.299324566230736,19.904830740008009,79.58329636651834,85,-62.211432893100003,-74.200236744287764,44.148299919311832,9.5452980347479173,-11.106835040828033,-23.024228816940205,-7.459974779544198,-5.9373914895567239,31.888687961615659,-22.950212971978473,15.975834920522484,23.05814657145131,61.036684091930056,34.989782253327846,11.931289568119988,-1.2247922046028714,15.966791608779541,80.718742871502997,26.610314991225486,52.431938650681296,-80.881740381020251,61.332957477372787,-68.020450526363106,-49.796774023347666,84.802039859898258,-75.207374661065344,-70.199175729070433,79.99631981428837,-9.841228324757207,-68.574857826281459,-3.1183895036245901,64.934205286645494,-70.876424200168401,-13.261657475455646,-83.589911781105982,-0.16016938687621174,-8.5352992103820533,-35.389724672912152,-3.1137823490575949,83.879049978712374,3.2580603926316867,28.365815850120523,81.634538004692189,3.0953279509750331,40.478157791768389,39.855679604023251,-34.542546456932889,-27.233828081335727,31.021757994074147,-24.850063422432282,-74.689158086458818,-4.4772622218550939,-57.741619795070676,28.907455759946956,48.963786362745211,82.807465061952428,-80.520833596052128,37.160430268744257,74.11161044561014,28.201475397895802,-82.345224059546311
1900,-47700,2.0201095724079954,999.78346250085019,221.33985002347939,677.38775260691,84.316913959547989,216.51456937378555,154.94596046561816,841.10097988558596,323.6992617625823,389.09542296492742,602.11618640078018,372.16386265132996,275.099061248238,289.52263045279506,706.20057246102658,112.96833881548696,525.66309152747817,687.93955844116419,92.093564625786968,383.58523464966743,801.70400501376378,539.7456081218852,871.81319665347519,601.33364868024375,270.52186438008266,844.94934705666242,1000,405.67776739664112,857.73567397407601,850.7949171392969,123.47771676916867,233.68507672891181,218.22894384715951,955.96374850600068,871.28530706686661,828.20838290439644,459.54521700272807,595.69861002634957,410.38908746318509,418.96665272653138,666.0401539885188,524.19938429893841,684.56142433653463,370.22643711286838,382.86904504287759,598.31351674749021,285.49411090548119,428.02004146458631,117.07191702548923,175.84808974322456,93.194026352058543,56.715511147829091,250.67000671817195,196.7138730693222,627.88191480203716,397.68764920835054,349.25718768880057,466.03065819519446,290.138587524456,948.18081045971132,270.16560827183179,427.87722026877179,804.51991546981174,62.357208152081327,628.81133306283937,68.011690179933339,838.73199611724158,859.23736927972072,517.33188430285247,784.47935664645024,139.52160525384275,735.98214037001628,950.9500214859886,525.6474966645128,833.29410152980699,188.8637335492491,249.04139580481529,858.6001526604291,289.5888459724145,777.79886122554569,562.18322291238451,798.48995473630566,301.44299654155748,21.824527151660163,187.4144293562594,711.10046241161047,628.86545805610558,384.72562171011464,709.93720842865071,455.35925079680823,825.95558689251641,80.498921720103453,721.65594745033093,12.126235771022198,824.04926440134591,675.7312694538864,460.17343319975907,711.85240427852477,585.98958690670986,189.27894939651657,175.81923355551893,-22.815566252503082,-24.425263862355912,-34.027332656491851,-35.0342221059528,50.333745210822066,-68.215181723967277,-72.791284397054071,54.478472856666116,-26.32100471847658,-75.888665384569379,-62.028599772956539,67.31841232554801,-42.500574792671273,20.317726683251749,-2.78136044115681,-0.76492306380252817,34.620040774794859,64.7066593582759,71.467246755702803,-82.938406786345411,63.572736229766996,-44.741657366114204,-83.30496779836389,-26.198916312073514,57.21380149800077,-81.411126138547061,-23.31691730479594,43.62493057862148,-52.540676148516852,-17.22375293040114,-2.4660358949606458,64.872655329724154,74.924689558311954,68.819825968728424,4.6440061512627349,-20.643741125251189,28.91000101944325,82.904947818719037,80.567405807966225,-63.099591920094106,-77.82691654973064,50.402038560126229,5.027319864361953,84.973116603946067,-24.817122578881623,-12.825029678888683,-6.1111085240607395,24.738230735415243,-79.560042365588771,18.545930631772855,22.274209938453261,60.81011281818747,-10.377930022798664,-71.173225678315589,12.198853495792427,21.255489529492561,-23.767994025885884,31.016566152929016,34.938667202081064,-81.317873013220577,57.163187807050406,-37.502898686311063,-46.115536620113133,38.195680037474951,34.058983235056992,-14.992084246880994,-24.44399032000274,38.350308695534906,-68.624993281138828,-58.521256140283462,63.462303275088324,24.645002085292781,76.536185392060347,-81.966430959039428,4.9683432795276845,-8.786521070494647,-33.765454272531819,-10.652888634105057,80.301535611820086,33.571557517306964,31.72078816309061,50.191229525189243,-33.262129241206807,45.772642462258965,37.514527614250362,1.1112085099265394,-27.098397247440012,64.497128165052374,-28.34521778133302,-70.671615587548217,-3.3274746175356165,-63.005927911089543,74.728258135811885,53.454984319104227,-62.847666504494327,-82.426807428195985,36.995780402257154,-12.076665740172329,34.44429939781616,49.839531354563356
54700,-68400,2.0199994997785393,266.20630408463074,4.197912012911555,327.25239346344176,60.198917399568046,131.66372719976951,136.60263291457082,549.00066155166223,333.22594839007405,494.44232711101364,603.20947851919436,108.9747688300864,310.91833250956415,30.137997947541521,70.082153073247724,330.62754171729921,1000,525.56700999067812,101.4029954711837,392.00516758725433,809.85825285836086,524.21993955952564,918.9708339186833,581.10631962328989,261.82149428417949,865.09317761259217,67.580866289967616,437.27340148246691,17.308419310940508,849.04072693733951,151.10852316956763,448.02314393113414,789.92092628005548,838.77608175078115,790.4806052487229,813.61264891413055,226.05171826666398,433.69901670208498,940.82944665024843,465.68147885555629,492.95709601327434,911.0990539783387,297.20408449448456,655.0563090174312,372.90271247943394,595.3597440207335,272.12252609370688,181.0942260845768,328.32557212468998,177.64360640107469,585.78661829866246,68.928530421800716,799.51822847433084,200.55538631438625,658.7942947602495,874.79902311507522,668.7630552229042,234.09495171829147,813.54023079810213,530.26240472000734,627.7291509211957,439.96755097099833,7.7897344020352453,670.57762573772106,260.40201463626715,792.49635255204885,955.03918876159912,503.57422240468657,481.08658989986839,636.68458391200159,164.28738571523854,754.53396724889467,912.26054425354141,525.56748880108739,307.88324538945858,526.0174241179933,276.71195295057794,817.12179137418354,157.86215411460319,647.53057609265898,550.21195446429192,796.77436688006242,303.32141255468196,282.34598718645088,128.00460632053813,740.26347906627211,671.00062313435194,379.70894126963816,100.08654245517025,459.08595465582147,396.96278302236249,491.66017441675734,721.97151186916835,26.177682485424981,371.45661022901874,663.47760287684548,431.33620874573285,801.59253503724403,567.30913717159956,342.74464780444544,202.9077304074514,-31.098938554192184,-39.541440967448004,-24.387701649145818,-34.784225444556448,49.712469193095785,11.571868644767648,-73.893943519834181,43.310891864600165,47.703784787368164,12.727642179365745,-80.299886250825864,11.408966213125689,-43.845261266486617,17.687983254725655,-52.515257147019085,-6.2371170663940143,-10.524599706224125,65.200265049120148,-29.254099815727308,3.7551725188014355,74.150903022188075,14.180719790329841,-81.297183340112397,-28.074816672444591,31.806557793769823,-83.880325611304812,-27.084124435570104,-35.007472512917175,-53.604215391616755,-17.073259929022665,0.81384195891215605,-13.589662768933159,77.042300506768186,4.8184551608366846,-11.147311093302527,-18.914697852167286,52.665367688439005,83.591397748685225,-35.32192238837002,-61.764683325381881,-48.680200168857908,46.01750890918408,4.9750713841005867,-9.4579117701053175,-25.805314924369689,-71.722431530084961,52.332431953270905,21.610905413117585,-9.6845622275132328,14.512330101609997,-5.464950992787883,47.730547845972545,35.30890377034612,-79.67564856677123,10.750516262732063,16.845383852557831,80.714895382265539,27.612585225741459,51.991059470803513,-82.763317704813232,62.213043134393956,-16.540322733753491,-52.964964218546974,2.8307851122155583,-65.398390873706774,-63.692300238879362,-17.844050510440141,38.084001002975704,-68.625944516076103,-1.9231253691926469,62.087306478816608,-33.814839434929937,-19.370394271908719,-82.840417060647781,-0.19726877446299262,-7.8514708005493308,-37.322700239696609,-5.266055540054853,72.657397524624628,-1.236618215838335,31.639953108202821,81.432659581432091,1.8918757888826789,-55.368605151625459,39.639025636658047,-34.821524414548144,-27.264917440580628,35.906435313047055,-49.10078302199841,-70.630355768647661,-6.8260432267335451,-62.228013758770096,82.077913033193525,48.834457877697822,78.597006565445255,-80.510853664387099,36.795791263624864,-48.245087020311374,29.641749614514957,-80.301777295102539
63700,-69300,2.0018427641183218,108.73368634935252,2.2561351378335113,352.39710798315105,74.591409151743065,151.75710971029434,107.58919232466748,536.94249742067791,259.62573209181016,373.11912745137334,603.07704248795085,385.93610148900325,279.62845697595662,56.371591590604282,62.220906404719315,80.798685602959424,609.38873656329747,737.53875513536354,79.442900986839106,396.38662747806927,836.04961074834182,361.66905268428604,406.17177476487984,543.84168114306283,270.11840648553743,870.08787702417692,627.2449692083602,447.22718467279361,79.182664062714451,657.01161215588843,161.16666211965079,221.13493885121798,811.96907003897968,876.72414039468435,593.24721923701361,814.04180624713683,526.72862074690602,893.91904293673167,454.65705767772818,659.79187919364165,499.46117176777273,903.58023972999149,311.36401530095708,643.34818559190558,374.31774122869155,596.99829330534828,275.35449629303969,207.10933497665195,66.987966135179363,137.34856052973899,104.74739225651933,36.723188651856958,788.20728603975272,185.45830054307041,629.28574592230189,871.81018273238044,553.29067524455195,231.22944066005428,274.27429012761735,984.79457578035556,646.64350763769028,398.59769541063633,17.877517637311726,144.4431727683548,252.22410128875731,794.1812970127429,899.2697829006911,74.227578250337785,488.50105155278186,647.21445338549233,139.71419800589149,17.259516837426645,908.76497128608889,29.05484956978205,827.85689398374325,173.2336434739961,300.97336117545188,819.02054044472993,123.51910005863394,639.86172891581441,593.79325408359796,798.02160382252271,310.78630312016378,177.5963590125414,198.27901099911074,780.33867817466569,628.6828434903756,975.81543842871292,752.18984268312829,482.14652259167099,820.27108433561909,79.930935950029607,724.55430253766849,73.978858650784403,862.12514999046903,791.36765888679963,418.78442087153286,727.56470411629255,565.81007624892447,205.09125468930034,51.474265545120431,-31.111015578582801,-38.959759792509615,-25.433093624398371,-57.784012930609123,48.094451518015703,36.241648040635312,-81.917089889279282,-13.639459407918903,27.6042785456563,-66.393175142237865,51.277110285839512,8.1419695892320387,-43.729331419845032,21.70872445049967,-48.700831411119239,-0.68632019824457835,-10.640007370504437,65.278349710516693,61.313254049935068,30.148575230162962,77.811808788438057,-45.210284848631119,47.379239177508595,-55.979921300347797,29.60555264673555,13.30977076628368,-21.994244562451708,44.17168636042814,-58.620213984209755,-15.777875267385806,-3.9330330284757644,56.934638094478771,73.110324323259206,58.760194182029736,3.5163391274202866,-14.600048690946307,20.780024476037468,84.920188626187368,-28.916856188598327,-61.325868360481046,-37.821561356097924,44.964685536926837,9.4674931833885019,-5.6591045815425716,-24.326406894489196,-12.807953022428883,-7.7009019772331904,28.021909936092676,-18.178422075540613,-23.833162597924858,20.191893820873439,60.817861943735736,35.974391668964259,-80.126738962390377,-0.11202271072183334,17.297153762028266,77.602604026844261,60.275578999769102,52.454152774708241,55.474777784278658,-18.698603539598807,-15.930594487814188,19.255110584586305,85,-55.555765624167634,-32.182115355289604,-25.338682077991901,36.270172097165066,-68.625788319679643,-7.0984739174355767,47.662695540689597,27.047824596605686,10.232346147170817,-84.136550876637116,0.094359071101286385,-9.6197408069651598,-34.299119741208528,-2.2674528215817649,84.765616511838061,-3.9522193876082667,29.934705250571767,82.560293705268109,4.6013905901995145,48.854486742305347,39.753992186553447,-34.62354379443677,-26.032097830016834,65.380285064965165,-32.103620932630378,-72.744851080662272,-6.754619789830187,-62.373227964528347,-12.006587178816524,48.88140702964035,-47.676264504190463,-80.951614257718418,37.336898628554017,-7.0552664469363506,30.747353240924259,49.889302320665195
10200,-62000,2.0218627093960797,999.31748441558011,79.394051264388779,732.87542949041892,48.460476171319158,140.66223554228017,134.2551917077586,822.18371449198116,108.67799505614279,479.47235330651853,604.38977664091863,363.31382042231877,118.82484409302718,345.42679674295653,593.91634471198176,341.01187664797624,552.11687271657092,711.65717949784892,153.5972682214057,395.17222335089082,791.25795800860749,554.67517992543412,928.28527676464091,566.04813157380124,270.14369430190726,872.0158051517883,87.155884384495778,450.99157752042589,37.687923334933771,258.90432406629009,163.80483153019912,629.98781997960816,804.15588949426092,121.54740596793468,584.76047157668575,813.93351821038175,237.29831686890395,374.79160591964239,456.81265497130573,409.73356899866667,492.19441576396906,876.44390965261573,700.73756496658928,397.27183872070867,404.73436145828202,598.4296483329814,333.95695793390581,373.24275751091301,330.34249335458833,176.61572167829524,579.5440057297094,49.675537336834665,832.84798272339538,188.64225559689555,662.14329666320464,655.05824371674362,347.17419903861474,209.37158498351343,361.42585084987559,496.64194897530712,276.38979341289598,693.80059488685833,21.419543432531,9.16977862790975,669.85868405805161,860.5268982314235,910.27470463768555,492.80255845886467,489.69423188437867,636.72058946363518,139.84868653844748,726.95122098973923,552.07662091173268,533.29705043095657,288.80582887260022,158.36740328714964,277.79961972595754,817.98156936577709,172.84545066676463,764.16148387214048,623.86114107210528,799.31155335359495,30.678082231101286,297.1715945126723,171.92398967481469,739.42141732248001,671.03495845942768,384.86742751253308,54.371237251913421,459.06677016823392,839.77712747115311,82.91516640252982,742.29233722997401,364.53977058025202,767.85867787195252,807.38945523925941,462.2170308314054,717.71828089161227,580.04445443678321,192.89684174708256,193.7683003453223,-30.726722963360029,-39.701479000698939,24.532212478898764,-34.04727701328094,41.384808143667364,-71.33060631250757,-81.321198809386814,51.434977994903619,24.258022561185136,-69.497084792111679,-58.883391950907843,59.732016223699191,-43.844520222676927,16.586736332473027,-51.184455070245711,0.45310733109468515,-10.288006322743994,64.904795192654262,-33.434832418191874,1.2648639173299416,25.310545923313345,-41.869840093312277,-83.446990458181034,-58.370815303055316,26.8697663034791,-69.535212202652588,-26.78285154360676,37.063056750002545,-28.141063025894852,-17.176453581057658,0.536321430500172,60.017188138561885,77.130026751732203,-33.856572548520766,-76.766718839525737,-17.413398692657434,20.735631867298821,83.594253220375393,-24.245160894055878,-61.858461905223855,-77.527145700058483,46.323452701296965,5.0076726268257552,84.734506579661456,-25.719420823947576,-50.425725745939545,-8.4294538535161863,-54.037285337400313,-19.988704093537407,14.48049813662532,-7.5493084610735206,61.008196609481168,35.273114481587719,-69.313059550150911,-1.130832874555991,16.904307583319756,-20.573985229374983,29.044956140292065,52.493726437339632,-79.214349004206369,63.536564625991552,-34.125148066201653,-52.951176863673254,78.29251206486191,-70.417704336124643,-68.213258170110791,39.718143213505243,-10.373417756702906,-68.612321033344443,-1.0568589900480312,53.713503076584374,-70.83486830020064,-15.316487705838471,-84.111299061034742,-0.079686831895870558,-8.498521513908079,-37.339085301132563,-4.3036037551888979,78.927711130857858,35.764946298507887,29.736401085255377,81.506840536884042,-26.785895372385745,45.898039745368663,39.745709372980627,-34.343000270625652,-27.266880109740629,35.278394978769398,-32.096837162537604,-70.112849695934869,-4.3767903638621464,-70.889588669895943,83.003365216327225,48.97664918302371,-60.879012689237548,-80.508333716056853,37.026419928138459,-11.063169487827716,28.317621560094619,-73.101262618455237
52700,-68200,2.0222643401627241,303.12579348845065,3.2383484178580031,346.95364489589713,370.68261384391212,101.67984984942751,134.20759453030237,822.38396247402306,95.227508435943562,387.22559888696219,602.95009000308869,133.83065456003825,159.60157404829255,76.025111180120035,62.42767687847136,89.24022045791753,539.97711293243412,510.2727669015901,82.417760280794838,423.47263188337064,846.4615383337574,322.94401965234846,911.52770763077342,578.86082179574169,266.72040551601253,844.13693173636102,647.50022108713597,447.43157533101385,46.440554889073582,238.51522510883311,912.66909234449179,243.22595815843746,291.43002246931235,969.83667940308771,321.0544198057583,813.7075830530498,542.83257256970057,950.10487047610104,1000,626.8794702882401,529.99624432203143,813.84136645406488,295.46990010713597,648.31936162889838,372.77287707322756,593.9354362984518,272.56203712418107,399.26962661996924,310.56197426160622,170.7148599697575,32.205853766092332,43.639632522776132,846.13738517647619,147.41081989423225,665.32881066273194,652.70419992201573,571.68011749042637,201.79779766250084,885.29899222204642,487.47013631542876,650.60285303006799,403.50225464975932,15.690367003135732,882.04542796129897,262.91715066175414,861.66485712174187,899.75577086486987,946.45258015211448,533.3553876321896,646.99300774732581,141.19480034709164,748.86215367198668,948.59074371175336,462.47434337118762,845.89522745462023,184.22595702869006,301.7693594795623,818.65527880753325,175.78133649029945,768.54530847071294,552.33689514638104,799.08981640834588,306.0654873855263,169.01335664205621,151.29746496779697,778.38502156212269,677.97951938414803,425.89242344326163,758.41070374151309,480.90512976570102,824.68235401948914,135.23583106069262,721.11327280849594,802.618403843843,754.86965297289316,784.77829972493328,74.607114596877807,723.78377288304011,566.99885934755662,194.09806233997668,205.01705687070549,-31.342985998916113,-39.505318902111945,27.716610902912066,-34.766073976920154,47.82183092882093,10.386516011020301,-80.798323604114572,69.541245521717741,52.180047719490986,-63.350010109030165,60.662342678747507,5.8120101094851924,-43.841060088803239,17.300780570431044,-47.884984252180416,0.5528028718070308,-11.188916778710732,67.458673779225379,-35.522234869503308,37.524201291377487,76.538630943999337,-44.113202722200711,-83.64408928041685,-58.236859812068552,34.643122020861391,-68.475906221901099,-27.13131664258416,-36.318039845320598,-50.461824892563186,-17.61497325209147,-8.8988838174036928,61.721568985055825,76.557620318397397,53.231588525776466,-76.711032428092636,17.371479880339464,22.351111545599423,82.679226523294275,82.445760981721335,-25.711877486838929,60.297982711370295,44.991874532553567,6.2867858801483836,-15.544167837866592,-48.732276982762023,-66.874197590309763,-11.718214558516578,15.9213724658999,-23.074909527706151,17.801775661093689,21.06811663227651,60.950277118649353,34.979001835702761,22.928092993735088,-0.98742398194300041,15.855092093248002,76.630129978565549,61.691772259987268,51.145145647465107,-78.687032351555686,61.892616350360598,-66.981056527023213,-52.066146109846166,-31.70044652328928,-75.387990762909325,-70.028870219483139,75.81919988997457,-9.6685154559207369,-68.587511639345848,-62.744410188579806,66.772530738734105,27.6737718039209,11.985886064705495,-83.35103815923928,-17.981952779333859,-9.7295128075147836,-36.902113454335968,-6.2333672679916114,83.353366778415051,2.1096116036723638,29.928354555671039,80.941654025103929,-29.790505881222728,-45.285465372842914,39.615079656145774,-30.567557486083786,-27.207359350179921,65.911310721255205,-32.422749462312368,-63.591815194950257,-4.4599113358692088,-57.426815517201312,26.484457025725874,49.16941312004878,83.683966266366753,-80.070547812264351,36.96653343691009,29.739207157973929,29.432937377287008,48.914648859180474
1500,-45700,2.01838127306852,999.98621600723902,173.63086589236903,681.78369054144537,73.263306512155182,187.39646358234029,135.59079001118533,809.04406702996573,333.36783389663998,475.07003549851311,604.39510274225734,367.77810864396849,83.595919175861525,12.174680323656503,625.02008999591965,79.922723347716115,515.05741274556658,703.25461097915581,48.11410361975706,388.87852060996181,801.12323249127257,525.53927414133716,935.6309926365135,558.50587468074139,267.67918145176441,872.60117563688539,944.17208350396379,116.04168759515146,856.26091069283621,681.68786469172892,973.45362508578,648.49343356840848,783.55327483038184,904.50313765412034,535.25697664099289,815.90055669441506,989.23770989378363,217.24409939894065,441.21292991763301,471.91740962498017,543.87649219098375,855.93651836233096,696.0278047766077,620.40213890122664,375.80993742182017,597.72064203135824,386.67249423368867,226.93479148989928,117.56625148321054,164.64862898428811,589.80303435551264,35.112770476308008,759.78982543404777,158.07414805027625,627.90171938978324,626.84832251933528,351.41741066767162,189.28828774889337,902.75394350822557,920.70594543818538,295.63634167694232,394.75739234890955,868.67913962405646,637.11009755541261,484.99761424341676,15.033764645634513,911.48905156796229,911.95898206727099,519.50749960894007,790.07315070572781,142.08568508521824,734.61155549051944,85.955878117657164,527.79012552048403,812.04792101747319,551.203035331725,258.74845360483198,840.56280297910723,323.26912074378458,656.17703170754373,78.96498874975012,837.24277243995527,282.80441505566267,290.15184832003564,188.57206098844006,318.82773145621275,680.40788613831933,383.5842984662246,771.31313696066798,478.0334515824336,835.96732360094825,504.22648049993012,737.86836702757705,12.092587261928145,796.9370477104693,801.82128844903752,490.77691095658122,663.28920632335678,577.5906275748556,192.77946875982681,39.667080517672929,-21.824953787913145,-23.569647375850142,-33.885902290002264,-34.581729450916086,42.529867614709467,9.569323209256325,24.142392819985407,-8.4104968663344621,28.218606144446742,-77.353660942352178,-58.053049781485797,69.755788317808538,-42.967141342016809,23.023697216572948,-49.156166446321798,-64.219263723835084,-12.103324561479401,64.810864174247499,68.498736056126546,-64.266467043120954,-42.168276266135422,15.119741566601803,-84.54146394085906,-53.378499613243008,60.759242357861289,-69.845131760729728,-27.344050907513818,40.046390171352556,-25.228726823739823,-17.09191450510626,-0.52272404000396788,67.981738744294887,75.000953266503487,50.534647652619149,3.7879254279890588,15.520264070934841,27.604825304049314,81.142418507795,80.743554333749728,-61.747850299554507,-80.148071782083619,45.828859967216708,-0.65235216273006458,81.754414660505134,-23.554141008383102,-8.6904596161425545,51.705653165133143,25.758298673450629,-13.271532467782775,16.919802876454778,-5.5330713269051595,62.269743578941927,34.775890264439546,-69.402859271875514,-2.1330794574948264,-32.260612193711921,23.922776707317404,28.913113679607665,52.433923806747771,-80.548622927070227,-17.408120960134426,-28.662256228057881,-49.152953707173936,31.892549460941126,-60.938338249670075,-13.019651522560434,-22.997093894619113,-5.8927662804530989,-68.617835551684777,-56.332840812510462,-13.362798818421817,-79.526065977728848,-14.43595766142213,-82.632039211906928,5.1408555365598883,-16.188600696632324,-37.035447914556727,23.031314471638019,75.213198319630209,0.74631224130928331,63.1710787615553,-7.981888722790103,84.199744907432446,52.033520583868317,37.39477282727578,-35.850121293096485,-19.3814802026141,65.909459968652882,-33.005448155343288,-70.49429687112044,-7.1248375182643002,42.046841115493393,29.573274619122827,49.492021436126905,77.345512532556739,-80.880782406034825,36.805370698474597,36.492708403913355,-28.636520095263855,18.026698682382111
300,-25500,2.0213362473238927,999.99074301768314,173.55698034938044,687.66637823579754,355.16029802325829,208.21390765110996,134.9597100525408,813.82237596094899,330.14598613998407,469.07047841531073,602.24600850008596,366.63597608293151,287.17357007807834,16.686409384197788,617.0007290367256,111.86511782178353,528.1003267060712,706.70756817679796,92.812719207868611,388.95168060255799,513.67822320750508,506.73923436790767,870.4747124442398,218.355158536842,262.19566692388702,848.18809697084816,902.31442010211799,116.66923309477548,854.47234026347144,849.442717805136,106.16312456830116,617.69637876265324,138.05753132955971,866.73242610434022,337.3379580987812,816.75350061441156,531.26935339371391,382.8492636582838,416.58316346639401,427.85211983894152,546.50075409606143,527.97220361856137,672.62877725351018,645.13199862736633,366.27268996365012,598.22559811873157,285.84656247429774,210.21310418648264,135.58257371788079,174.11163212775821,188.6077414695753,36.175223523742616,733.30793557176924,196.25807075643576,596.44782477353726,871.48134192258226,349.04432911328172,209.60766130041532,910.24828935147616,893.01615401953825,274.56441611302313,439.80501896167777,942.90048476699849,4.0721012757351751,649.58828537583361,55.399851454986063,821.40494763419076,904.96292623962302,517.31812055133901,630.7847723815994,139.0527685413642,753.70906506597942,106.8683240602997,457.25894199063157,811.14612495983249,166.06974041220087,13.518231520226237,821.26722100843745,288.58009987861715,756.3432516808972,91.466829953586355,801.77398634969654,47.804787605878033,297.5056368572931,184.49787414186338,280.96675436694863,677.54884498210311,384.76343193127229,789.17615630501223,480.31289023068604,825.78549755496329,477.01243906334321,741.12765728897466,23.205282745673014,788.12917629098399,665.07102873345093,104.34250242586209,718.84174291353281,586.94281644749185,193.00230453045032,215.23095723178562,-11.834531008820907,-24.100283692140863,-34.182724350942507,-72.752142566628805,43.452253657481087,-68.122183701580568,24.787031702578261,53.848713892660477,28.624980929328004,-75.896738045016775,-61.628063219289857,64.381889754452985,-43.085182648530761,20.061100008515488,-50.938120470847096,5.0232686091579239,-5.8618693447156485,64.815903248241071,72.135290996152023,-64.711216709048585,28.546171869542917,-41.983964397111485,-84.759806539530501,-30.2511516539805,34.540501851234332,-82.466519225635423,-21.958998853288371,-35.058976921068663,50.345591116677497,-16.732950392914745,-0.31644906346896939,-17.456832458286623,74.823680956339672,49.536097540576066,7.2061768409453606,15.829446009134921,29.045012500790843,81.262529380518203,84.842647490689117,-61.718122309027727,-55.114908665535829,0.90440006059513323,10.67978191191747,82.996604997026239,-26.528559671721311,-9.550088605988396,51.503898616049035,72.394523055217789,-84.495718590078241,17.460410629538227,-6.5833099784681739,57.962687118909976,32.537184959964193,19.605208390679124,13.564757277531879,21.370990585184998,-16.356219430933855,-13.945125576360324,52.434961544295312,-72.992753130703036,-12.125180489341304,-37.352509535432858,-49.121061185229102,38.780017302107304,37.487961140494583,-75.507069073311698,44.428149953057087,-6.869469411616695,-68.619979936798813,-59.913922171615738,61.570017532412791,-39.627044879893134,67.54493185572646,-82.241807943494081,4.8390037022766368,-8.6046519228665197,-36.51704574365553,-1.9482562807980823,80.341327778066898,16.495818650906624,31.347122949482912,28.690087638325185,-3.1445199743524519,48.661706337081242,38.715130523294121,-37.538153445693965,-45.35012316070268,71.710242920988804,-28.706777856780135,-70.456348938755752,-4.6262621208008392,-61.838542903385886,30.020006404470305,51.226340199751853,-73.521758698746481,-82.160339857110216,37.153638869384423,37.404877412733988,-30.523440748673831,52.025483792777138
65700,-69600,2.0605520408861904,73.354663759374034,1.4024698056812355,665.51274955084875,327.81967974108727,205.64569832675829,105.9880451607781,813.17992303270807,109.52364162911414,386.03222696021146,618.86797882872315,119.04169729063436,331.16979260179806,351.04181048974715,650.66320398670928,356.64426682341798,540.52623665453984,708.49205708209399,114.80127804327421,423.18757682707991,5.1593046568266914,308.27539395325897,927.89977492914477,586.14205401999311,262.1449673238663,870.94736834907371,949.91288861253338,442.02438800743289,367.91249938337177,849.72876857265851,82.610584171078003,250.46602416868558,140.02542351831255,418.60862261594679,870.47416942292898,510.1516847995556,555.18870805585289,612.50712946382237,341.33873038516452,458.8808449469376,487.8391538888892,522.64639683429345,667.13518204887521,649.60759686343204,367.43655633978238,598.21073766275481,286.39207561251283,179.06123691124344,316.30270831119634,149.15534812023571,191.25042606950632,741.05947711911153,707.31057126237806,195.70302734297206,629.72973069658315,862.22781705138527,347.25095638109991,210.14256791616845,306.89468879366365,515.95381027327483,300.61897399273926,402.43381509883233,826.89917572024115,31.076314716496846,627.00767644180678,57.17092752298786,815.64543748995459,951.42050860319091,488.44857837306643,638.35420216533578,141.8549903528681,734.89783781021629,904.94028436459325,529.5865665840339,826.19758085192018,176.06965437329237,252.84975984698906,803.52116029467481,155.50931208584285,767.28227505168343,91.326770832236846,801.55190363924919,70.979898724694635,772.63652991296476,190.90009616109435,774.56378078383932,677.55635157062352,388.38378955644953,123.46869412940646,480.18598333869176,827.33084975011798,124.41504025718905,775.46930458380177,13.26182300831903,761.742948989007,664.9729298664646,470.10757926362294,716.62240109508821,587.11445768764872,192.8851305858559,190.64932803122721,-31.926940644498035,-40.482895697722746,-34.005093413561298,-33.333972971626615,43.494170917754225,-68.008217060993942,22.182972221167901,53.80836491901789,-28.963148283176793,-75.846544364350294,-82.942621381712883,64.402842728498186,-43.819791090910776,84.737660689612568,-2.8975121881352521,-60.222574663326725,-11.028321446515012,64.776532053274423,73.954861641595087,33.156733545471091,62.254904689060751,9.2891500568200129,-71.174116781378657,-30.15213594481472,29.479446908394671,-80.226819932006464,-26.943229438706762,-33.935494116906078,37.108853350914003,-17.07538392144782,-0.29376596456300907,59.468141654166018,74.987608975771067,-31.516792920238046,-77.413084570107628,-17.565887759359068,29.198247169074644,84.214896928261453,85,-61.838823548516181,-44.74160174973715,46.318174016910405,5.0187267120883545,77.019273854024249,-24.834345344866168,-4.2333477312658232,52.683771788676218,22.730631684100832,-84.694507896667247,16.002370679321729,-7.1584518329657394,60.801036484506042,35.713203706456426,23.209307022573093,-3.9659698886969172,21.443801025441992,-16.245655585853594,31.548386008025801,52.396040819534889,-73.163690774302907,67.420771628825534,-38.246024211126979,-53.005225827667253,36.513301843258994,-63.185280818566753,-12.736277237667771,44.624669035816375,38.472605056373787,-68.624045640788395,-59.534763599812109,62.05671441824321,-71.973266181666943,67.140661402554699,-82.240704031438071,0.21479192602817454,-7.4314509552029184,-35.673219031395334,-1.934665971018555,81.283438392573132,0.25897061912839447,31.805436445780025,80.188996348760156,-2.3289621825166247,-66.859489800261827,38.685175714530686,-36.194720137813526,-45.035589107963993,72.237376081128048,-28.547344355771013,-69.516727802214334,-4.5486832408525695,-64.790183992591821,30.010138188353814,49.578938615286894,-65.641861933015775,-82.151105757656254,37.150356691967765,-46.491334564524919,29.166934791527105,46.597527204335137
51800,-68000,2.059172551541852,317.21356658870104,4.0481203787413333,292.72135919527108,59.715870350413176,259.45321657502154,57.857613949072551,548.39392399666372,131.72434041386447,375.86915980672131,615.62196462616009,106.24965158746653,372.39180681924256,40.598082407872241,594.63457809099123,84.71673290114073,570.020977066922,714.89392135210642,69.183702019387738,386.98892144881171,797.60194725293093,506.90769218552521,922.49515988787755,581.6957152427151,262.02896663110482,843.92149244656434,162.95458051421602,407.07968071517183,857.60627781334074,830.63736832930067,128.67155571171276,628.59411072148919,835.16867478749816,826.09329720988023,871.32419580094597,818.60589414388858,547.04967254421626,391.2529374434597,486.58375935257033,458.55807839167682,513.56208640730597,805.87891856361432,233.58000854167918,526.18226949140876,250.36938275432885,595.28127344279028,341.80985514572325,181.43885463646725,324.50624604632975,169.45808034957537,565.66668655675903,35.134052179537811,813.33940543880726,189.31370546868166,659.44863806307069,874.87632110002153,663.29730857453683,430.19515791842531,68.700253275156726,501.45020248187632,663.78373879727189,428.88184233208466,7.7664039675741456,677.02013061943126,247.70618644403211,808.60147042442031,653.28496651347223,963.99806213905629,445.87923370960857,640.07706934317707,163.05964879516242,718.56760666695084,532.94487942854551,530.85495232561573,834.36020307384626,523.38578097699781,275.31607330727599,822.19386863138777,161.06825284840789,640.51167948960006,73.596673123167108,796.23774215949186,295.05560887261021,274.67540627279277,151.60913375492765,841.04115697509701,633.87326790405461,378.72871867717276,749.74101327857136,456.87403016770799,448.46849184512047,454.66703029112426,722.97851696108273,23.032469101922004,811.70943206541335,810.81104587602408,450.07265250894699,717.27298641559628,579.15371690378561,340.0062931537766,53.842091136302606,-31.085200286156507,-54.960954537766412,-32.572015594946578,-33.685477487924807,50.212505259425235,-60.596672952102736,-77.326427371791823,-48.082436188310353,-31.140310392048349,15.345423290567521,-78.120214372812029,5.2094343217616501,-43.723153289547,25.365873826515326,-51.258358273695038,-10.404903738706073,-11.469699213679085,64.965025619199778,71.153814111208504,1.5124387655285516,79.095611553788544,14.58719121779786,-84.897790290173589,-26.43877964963691,31.089999992594244,3.9674164720503811,-22.550594065344125,-32.131724598337186,-53.149707760381617,-17.072280058616411,0.68583337461189031,-15.186493348626524,77.024623694510382,-31.976133551090239,1.6126108877977359,-21.037156024505173,29.330305092044288,82.096736526468533,73.035660817413827,-61.69611897948058,-48.7574251257494,-2.0851504468481217,5.1239128066994954,-8.8654244974823531,-25.692805160070673,-15.665324933060141,-6.9187376449730289,77.827815040541054,-73.745482950242035,17.062070654399665,-6.3661607695156066,61.280833182719164,35.934550224803857,-79.970731485718076,9.8784353510828939,16.052485937216531,-34.109973606943448,29.89252515450756,52.382311072163731,-80.525655869471279,62.657009983248564,-12.739271556718954,-49.604891226948496,-35.61259378146007,-78.132973727534477,-32.468611882783605,75.970783593128843,40.612095790039035,-68.611681880925374,-63.327513521785349,-12.967609381821632,-71.239308566585393,-20.905676854685044,-84.871135795943331,-17.43772428515431,-8.7545446629554569,-34.283726410626535,-4.0373343842390987,84.232468200017109,29.260606753094645,31.606166141100076,75.694170979237867,-28.724424873279894,-51.416918361757823,39.716744298002901,-34.994963617509917,-27.271529131566254,69.456207072827183,-24.692253276484784,-72.354295010084869,-4.8013643466725542,-62.1595998968386,-9.8129314336795925,48.848265249783537,75.854154133277547,-80.524467928496918,37.022675652295888,-45.442051952468518,29.636968455837017,45.403759989946082
58600,-68700,2.0223024214992313,199.05623194111638,3.8131388377136592,213.22399806056211,80.666571622743831,267.63333836880298,133.09529934139596,821.31964726612068,319.41516309064076,382.35375675286139,602.5624074934359,133.60155856054305,297.89951738490532,38.716483408557963,63.895458517725359,81.334836666351777,599.84448563024239,735.83615470983284,95.133682448304114,421.97477107971713,81.883950291694703,329.33631354991093,434.47765166199355,581.88878612219537,266.8679563917886,844.75122950466221,1000,433.59729775065961,354.02421033374731,232.04994822361846,915.86997467194897,390.41593216123533,801.63212919706575,881.43418573585745,839.01399805638528,583.69497826311965,537.60913367735577,391.65966563094605,960.16694432355087,634.28500503719624,500.21596074632333,907.8723599145701,295.60059390966552,654.34087169087672,373.82102032625954,597.1111790223797,275.61723358764385,410.14555037366387,74.480716957995782,155.32193585904184,59.307732258378437,743.72558665356632,800.15710805882179,195.63653700664108,665.33103558642438,894.40584935514482,568.29255614884573,197.20053291489444,26.405970216387033,973.50812172764404,647.62995213755528,403.36358417141594,862.70553447023667,676.17151842561839,261.9562362416325,801.2391318302773,900.80101937273002,864.80591471390585,513.27239194694175,639.96060430694354,186.80627675685523,718.5389890005606,537.66582788395181,44.948253810378247,538.90917905145932,172.47173217807432,275.78400962682969,861.18116524136906,144.10000908803227,640.36280980087474,570.58968097161562,799.09870392317487,301.73556735284524,90.193668408931188,654.93502828659678,778.58931455764355,630.81525006359595,416.07517238512861,744.09081036526516,460.54023614487301,366.92842064519158,79.241701181097199,749.18029420391429,16.775099784785688,924.39881897702026,789.98518784646819,474.2705106648624,727.37575927772855,581.00261585548867,200.61325161104838,185.71581984457998,-31.140796317450288,-55.291656589274382,-40.664181791677663,-34.724508230866377,49.262029427043409,17.502933477943358,-76.859709076738227,65.082405170858934,45.191524562239728,-65.161405492005699,62.696321946267894,8.592052100523544,-43.774325236456143,18.013163476865053,-70.689717044765885,-3.61925517470018,-11.463893989128183,67.469646909231585,67.439521353183864,2.9275787742974728,-45.931899539292594,9.9735803855880718,48.868867214211463,-59.923566964590528,34.64187650405097,-83.125897009542044,-22.598624360648977,-29.676104721180742,37.947088518376169,-17.08245944537757,-8.9105648708702141,61.671037059727745,76.561656687806462,54.608384075119915,-10.48450764663257,-20.780330213027007,22.516672427441137,32.048378811484177,84.530764825772096,-25.039738946615373,-44.232635219765406,44.742416206766407,6.0924433242126206,-10.612419868324931,-24.758500422705236,-69.288292116195848,-7.8929266639651914,22.42880645664275,-11.037835413821112,-16.079821695606618,-6.765859824240076,58.698558641218639,35.304376362868879,33.947709121222267,10.320979338397269,18.072613020328763,79.337437596212084,59.450383018797872,52.626516096394255,-48.03145055980427,61.275816210001885,-15.343429065164003,13.219392438663171,85,-69.718983227714148,-63.068006066256125,-25.980868533868801,37.091321347716793,-68.618693968910023,-65.019083709950891,60.602792315132014,-70.285097563956796,8.8377230040440917,-84.803117147843381,-15.968579818552072,-8.7454325210823143,-36.244767682176786,-7.1138291648677097,82.363348418940461,52.7438845896949,29.978592415020241,28.108026713132208,0.98663153523939684,-51.317230380752569,39.70968971440734,-34.737940422757802,-27.303648974983464,70.166106972952122,-32.405074991212317,-72.752950038264729,-4.7641740692533148,-68.722660849049632,78.734216116110858,49.697699218847241,83.342073054287042,-80.504122298194403,36.976924503565073,-14.17222961832298,29.280516303673807,46.731285066350296
10500,-62700,2.0213643495502587,999.21930101103339,80.399640800406843,329.67206216896489,74.194753722362663,208.16735881133386,134.82750199635552,799.29867649325752,108.56441382598791,386.76638749506503,615.3880820424373,119.26891345750013,308.58649096850667,352.9670460201371,585.64211808253663,81.470910648128182,540.04041126720585,711.81288895764055,153.29324148051131,421.62819689044568,777.40136223173204,555.24434038753145,935.68525357782619,566.1674666523528,270.12569237478556,872.31804866256061,99.57786630250132,450.91970941883585,44.001322127578646,275.1909904679527,146.69477300627204,382.57604151911096,803.38814666316637,931.33049219013753,829.95683396591403,585.95104263597489,215.73475434845793,393.26775445973198,439.94164545725829,409.71721457897485,500.12065200400224,874.09682819394709,721.32105348041091,624.63567664416189,395.49182323133977,596.829399005033,334.68478590757564,369.0219453633074,326.49109145659401,176.61819425542456,596.88130629937029,30.514088860671613,832.8440314919668,188.48152852137994,665.12188368257603,649.13558724631912,566.79421455243153,218.00245595463656,27.588162926601285,501.09761917104606,305.06177599362832,708.87833153174438,21.427767529623612,17.313739677869762,665.94578494053803,813.87782939863189,915.87732479212241,496.9563768929354,536.42294288031405,630.33221369336991,192.09266201555698,726.94571787391749,552.03861511031641,548.08984258513965,828.46375717685964,188.22854711221467,275.81654239302333,863.34986528040884,173.81830892506699,623.97959690669131,623.62271235436356,797.37926556543709,305.2179343267365,294.81321972252283,172.33977393169818,778.39184950217407,630.66969482682759,384.86850009105382,81.295976493832782,459.09389461941657,825.88320507955189,94.904413252527021,749.17729629735049,357.29116883607935,802.89273646839922,808.3521198590679,462.20690886168558,717.57409005985676,580.06302607249404,200.3648594852217,55.274947353580785,-31.184551646650949,-39.655157798989627,24.328732670376883,-34.815851656526256,41.432611646773431,-71.325879931256765,15.308857005831022,51.378229623182577,45.549328197612311,-69.520589519675639,-55.230345434344954,61.160595723649962,-43.851191431039524,16.588193103844716,-51.169517167998087,0.43172447635582478,-11.42440262308787,67.63275077890944,71.069436117764951,1.264628027764354,25.381988000116866,9.4651088498375096,-83.426082705878613,-58.204659434575177,34.822651210418208,-68.843407097500119,-22.634441469904743,40.448908835184284,-26.470364721243349,-17.177923423331571,-0.14685201778200385,61.614230626935274,77.163202210652713,8.9087311215293674,-15.012310336291222,-17.437604710650096,20.752811453136122,83.595833327054635,-24.938658384593875,-24.912546047526181,-77.532087735329625,46.355844027834713,5.9829480133641466,83.325106541159329,-25.735793550556124,-50.426232482073004,-13.912484777157001,23.181396289816931,-11.256453304362438,17.596528137283858,-7.5550358506440451,61.011493125320484,35.273100242765558,-68.038755471140774,-0.75270686255734365,20.905737452552227,20.491362305301077,28.518740366489567,52.386042740343846,-79.189173629830591,63.546710627063618,-77.020528125921146,12.684413513150929,78.134278656001271,-70.43213176731588,-62.682006502632021,44.766223453483391,-9.3360381386087319,-68.612321622357982,-64.027468324527703,53.714799857595388,-71.103080483678426,-16.303790776758994,-84.133926062654012,-0.17594503614953627,-8.499112173301679,-37.449696615192941,-4.0913003375236299,78.969130380452739,52.526568223128919,29.756441153307243,74.921255383728791,-26.201936783176521,-50.216391029693639,39.746303845816655,-34.342597793972075,-27.268960084095397,35.656404059452797,-32.090188632343704,-70.112157173182396,-4.3738465651320642,-70.879628461601541,-7.0161698248569024,49.048260215129702,-62.36977781822975,-80.508101243053986,37.027416335674552,-12.973104434745942,28.327866378622037,-74.205063853593387
60600,-69000,2.0218487781666652,165.54168286822517,5.7119724854309979,166.9055484460618,82.044054658328434,294.91695894670983,133.47187943284911,820.170760443532,317.80092867946405,372.3150106626324,603.05607522824459,361.56682959777072,124.59670017208006,60.725249104182751,592.21891669061836,102.56856405659796,548.67497712537784,731.46302118591984,166.34348104682442,394.60822024351052,832.04566449936465,548.9283393213351,928.34372388650922,556.93513981476724,270.130573969968,843.07825661152049,1000,451.01366562162269,41.004446717689945,239.42352520693368,170.85838685092071,190.34348828790979,309.27818574445701,879.4750822014305,590.18819341878816,574.75208549181161,538.67816965378893,370.1123844093583,937.28997561903509,651.2141779037737,501.93696677895326,876.54155981322651,698.83441644329821,402.07856020532881,403.72514798536258,597.04713489605501,277.60069717472351,373.38547599445133,69.16660830290499,170.34393361111441,580.79343424059527,45.954658115924644,832.99449231503434,189.35868757496621,665.35587905028342,652.36925505749571,667.50237212567492,196.80474674730544,362.63326037501645,497.27223124705012,276.94220679060709,686.86886670959609,873.54820676745453,9.503979422683642,253.74080173423846,800.84692799824825,910.28609927455432,16.642631220808624,489.09739187586547,639.94279467123772,140.18159436461372,727.6689790240747,537.47340433340025,524.43820079432351,269.92506889303394,172.64728104299951,277.80022166022286,818.03959179323328,171.2510688223702,764.71034962985686,623.86366851236141,798.96578668141672,119.58439056395194,41.696535201328004,171.63575237195008,741.5505851903041,661.28297213432802,385.40522474282267,687.79370680455918,459.05272606569912,365.87098820396216,82.97106973377123,750.53650276470478,92.299717846945981,786.71196724473452,806.75995290893604,472.80282938338473,727.83095865047301,579.93727424467863,192.88763212461652,193.63026015608034,-31.332058616785471,-39.663375797471687,24.639907426594654,-34.706344990025322,41.340041088588613,-71.462671288810327,-81.931441302649006,60.737366426910079,22.519172419638821,-69.496795423559703,-58.749013062533237,3.5451776397258783,-43.845973919083555,17.967671684440198,-70.877019562624938,0.476996306538787,-10.081837426760428,64.911355896833612,-31.063020712799567,5.2948302909485534,26.595966944777011,-35.37485428896305,44.390371572991477,-58.37295370190057,32.185298872767369,-70.219043582466071,-22.670709348301827,-47.236365845716385,-25.583794117119066,-17.070031880085661,-8.8487498637993802,60.016341889536044,76.577892201482271,52.119898904530544,-75.387698352370052,-20.801553960585224,21.194466158838459,79.574867515561039,-29.632212544676729,-61.840106624556043,-44.326810663883123,46.356470112161389,6.1366673278726482,85,-25.721902233832498,-54.896913091507287,-8.4398534055431114,-53.2456328340376,-20.051806050195928,16.17855799304786,-7.5269125824139582,60.990539881444676,35.308976105327183,-69.321754290741183,-1.0868803460699688,19.123428104752819,77.800020388551189,59.396073657390488,52.621762982890161,-47.388594110911484,63.568662638577223,-34.932698993462807,-51.9678958722183,74.754105918568868,-69.799642320207482,-65.053162596814417,-24.294333426430143,-10.039089416203929,-68.612397566640254,-65.819673130502181,-11.016329328872345,-70.523046666780715,10.54680207599632,-84.569420993240897,0.59162026668108325,-8.4881070685354807,-36.196867126637159,-4.3104218814553779,82.155098524265867,36.054808742790982,29.921309870886915,84.037806369978924,-29.608383596787121,-51.362919346682432,39.746097123211058,-35.417339486787164,-27.266405455250137,71.144165849036938,-32.384822384511573,-70.113553897165957,-4.3791834968945507,-68.539482090710393,83.016550551775097,49.685063347669384,82.817474844515971,-80.508333810057167,37.024517438241084,-11.019740005914411,29.315173115752405,-73.389143513049405
1300,-43800,2.0592438025889646,999.76829880042271,171.86683667300034,679.43283178447189,66.758509706408532,209.19494664552886,156.1926157233346,809.65425208861006,126.92412062775901,477.55999186276557,604.4183418579953,362.54051194362245,273.95443431637403,324.06388816450925,658.9399141876587,79.532996915902999,509.64081550780469,706.71124763505827,579.66880160747746,386.72677468826316,798.19701312350037,548.38915339125015,900.86946999290637,579.6436208424675,261.90191330295846,872.00286478690259,85.146450257926347,106.94723129490406,852.95508266939089,832.35050244797367,76.675521201193277,620.46784988220361,216.39971625465142,124.53628967453163,326.42419503534722,559.24262346019987,992.44931990323153,907.13719652657699,418.40421623953017,460.27888955240689,513.64685320528247,488.32956283654227,673.7897660604109,378.99352362349038,366.92854048158279,598.34373684828427,272.07045798475167,209.68057172353795,114.65820652077942,174.80736574860714,570.59868419155237,42.635060740531458,255.44430671359206,195.90458542227796,627.80666227466611,627.8677061419628,347.36367469971242,491.034366841924,401.37817492944811,907.55728562607999,297.56953059132337,705.72549618234109,937.983808448937,26.08174675497045,654.53497742822401,48.753008694042364,911.2088371826369,902.40748829166057,489.42578886657594,778.16381539832037,138.35789539206499,735.69176965585143,968.69329097348941,469.87166509748658,834.15057167675423,553.07587438903749,260.36595310473717,821.798112982014,311.63156761362706,756.86306129563377,73.880249851686159,800.63203431852173,46.248165002915862,292.1564959822071,191.19714088545254,751.07135926489241,677.27887103603996,384.91665700890366,749.8006361923326,457.44161937185561,827.21591045479602,460.25765478091182,741.36935864942291,13.251677331394278,798.69188218374268,804.86943721745274,463.28169484391719,712.05036049505077,579.04333311748883,192.88453830727943,53.790253106982249,-21.127862079864375,-22.341206237688592,-33.700378197234222,-34.063560515841885,50.345146669242233,-65.028428964462748,22.875123518880407,55.01756430512215,28.127591842856503,-77.364590702753475,-61.402935391421131,62.731025094481062,-42.344642098680097,21.639615261438564,-49.615361744580774,-62.489004871153966,35.799953779792695,64.858188362789363,71.43756927090844,-71.359078072140022,27.009372607921435,10.058328323570731,-84.918046034630152,-26.632971108097049,28.559234081390851,-80.312732749287093,-26.063167874109048,38.705063901328479,-25.45353433272896,-17.178595412394127,-0.11430324762531954,59.195236356915323,75.075498996103292,-31.6782802065757,-74.715873950308236,-15.835885933772852,29.048419461852326,82.875010401464323,80.592586981789736,-65.707819878110897,-79.781821448902363,-0.83620544396115559,4.9352924018619975,83.374496404900356,-24.86462539841413,-8.799969923446735,53.625887847167633,25.190374388121459,-12.947870529966215,14.829185789548985,-6.5856040543418146,57.784483807151048,34.846263019372763,-69.497920681579657,12.094131792014437,20.920118830847958,-26.61584513923583,-18.037388913732634,52.202491371070593,-82.082570100258764,-17.506725686118418,-38.301858455741908,-49.132197180416746,38.577318142378253,45.48753628332755,-15.652244896285245,39.616832494350575,38.525009245671129,-68.618124091978217,-0.82866310179690883,62.893346193842753,-37.522307700323751,72.011537928261589,-81.978631297282874,5.1522491866833802,-15.921476062712225,-35.639381505905405,-1.9062258243797385,80.3309962685247,32.438839181748513,31.480749581166922,84.077296683204906,-2.2380184234306193,51.278089537540119,37.545979829267537,-36.331416744280183,-27.303166261324417,65.848557308054765,-28.588026498091203,-70.21306255863783,-7.0714227546060622,-65.232988634252877,29.009907024103303,53.801355025612175,82.624627827937161,-81.703595311548838,36.798822807238963,-46.202685282638477,-29.937165516555293,46.44029020593274
42100,-65700,2.0209165517638481,428.42668069385496,78.015077769192374,339.48754768533865,74.998128289179959,73.331708807397462,106.82321378981474,822.36488923840693,321.1253068643847,393.04323645832176,615.90130954008555,373.31705733417209,329.11642802062926,328.61740807677501,104.59393133383996,337.5236664684993,515.11376417872771,700.88361006003697,576.62722571415668,23.206437188870069,774.50247135957738,320.93369829950421,928.52968518746854,593.92522861871453,267.56644190584404,844.25427275933964,901.35565351221578,94.530623853992523,860.95594838142461,826.11296032331745,825.24551176946079,620.18100397945295,220.73694698146861,964.25305951382188,326.38762037786046,587.21316894055985,547.81384581808834,389.65263386704567,416.64162675619525,413.60639706612818,516.0386266913988,491.34072553009503,662.54273176003164,402.10475844703637,366.61552161377745,598.29348916276274,275.53617872358393,216.32265822321995,123.19028018278354,156.41263318606661,608.28721085380198,43.784934272184373,818.59591774540741,195.95964096012995,667.05041686509912,625.61046830370447,357.21079554713754,193.19293261829083,919.24762656545226,469.30597093012398,294.79722584027377,389.89960179102229,14.211520008613206,605.8001389081935,651.39996168502057,28.373890088524092,907.73854813100911,954.66953496944018,490.44454202554931,635.25929690475027,194.80372698167022,747.34388354774342,893.06238663085037,464.10637034949582,849.64856096467747,548.9240623368413,276.56101008280984,817.70378052483181,119.64790534957515,756.63547090686097,552.28816759488279,799.34795689723137,51.384272812209005,288.64295514221124,153.546734281412,693.37738558105877,630.79312312890988,388.9519529574531,792.93841545223404,480.47742798353869,817.49718906787837,87.852388455862581,741.57740511512793,1.4598476750526945,761.3623794063891,799.26117129531315,77.529508470214878,715.33194445288541,578.98782661829239,192.61299517762274,51.173832331200792,-31.322031310926139,-22.009083667384367,24.612370780163825,-34.755778295718862,41.911298380208002,-80.700247227766724,-77.257853922606401,55.157213776414778,28.240669305323394,15.623805530670683,57.080272726619285,10.585234534628004,-42.378083271306139,21.703412529851615,-47.886509142172486,-61.835620641960219,-10.560716946227977,65.27224264389848,-34.284734605550362,31.907276866559279,71.681363643288279,12.865757594827139,-79.947980142004837,-26.734969325429564,29.58586514371887,5.6995974815519119,-27.504224686242509,41.177394380548719,-25.323761634400618,-17.067173203801971,-8.9433141554062594,59.172313017140638,72.106547853273639,7.4998758377374912,-16.057595738115189,-20.427374953594072,29.583361512146588,79.577058300619925,85,-65.278482572544235,-73.252548712883794,44.160564178816372,9.5450952301373331,-6.2905472787452137,-24.944205316378721,-7.5148902701896345,-11.081721628294991,25.058909728668691,-22.76634744446082,15.126177583192986,23.053147667936294,61.973538877022229,34.976111774161559,14.202014480827419,0.14253025881839321,15.906765051648758,-36.190282586949841,30.169479780466208,52.434537704538279,-80.261917485525487,62.598166221424904,-34.347701212420674,-49.088092534751013,84.778886355124342,-72.211923812175982,-71.567308334802476,83.228471306141387,-7.1400074023357796,-68.620637314412974,-2.6548091026677945,64.678766904032415,-79.632845804957753,67.759764186381517,-83.554402280341989,-0.0062190954395277831,-15.989268021972448,-35.416517267727912,-3.7413962830233096,83.671365352085417,30.694096342396168,28.977115689382469,78.295161467818886,-3.0238694247357776,40.902644050002699,37.4510087179831,-34.417377397382914,-27.26742596381137,35.694565380109374,-26.370719379463246,-70.57422277489394,-4.3182320168275812,-58.999321310490501,28.935178808450402,49.521348032061411,-63.567611738214055,-81.733054083104037,37.160165912182777,74.126284900762883,27.803955836440871,57.132559778523543
8000,-61800,2.0571044461615702,1000,166.38165266338768,677.89146373223218,66.639635329522562,799.46627911627832,156.22936715608876,812.12762957392226,136.10963855742941,366.87832035157675,604.35608392956749,373.62676218911065,273.89636099643309,324.07557410935544,290.99505672109689,80.79246579451106,1000,705.96343611762597,63.725352407093624,386.61922201605802,796.48931317258223,547.447549482255,911.37353262927991,545.68360226386767,261.90375326212029,845.09848061454784,86.172140575667171,100.16940021845565,855.40172234097508,804.9417783711483,77.337452541229894,220.3697685668775,216.79066650540329,943.52032323106437,797.67073394575971,833.68386660401575,989.00756999339535,907.06106064846415,423.30767489823268,408.40132029857193,551.21483618472075,907.86912213221763,669.8339573778494,376.34493199582539,367.15588975257981,598.34739531810578,272.09847356478423,105.57413524048738,111.17164036766287,174.85230924938483,571.66535099459259,1.9871611478585507,199.64077832496787,188.26680279655926,625.87255557327796,848.44615766293578,364.48764481244933,492.4223230088902,400.46824980815882,906.19278320702915,649.82265311223387,705.30668776927291,2.7428602616701028,29.018308955194925,640.97909525213686,12.807657546325004,899.15534534162441,902.39085598799238,489.06399383522216,644.23345396723937,138.10257107488735,718.64337867138227,909.38959939051517,17.487194577384031,834.04189654326956,552.69580184149629,260.28513693915312,821.77826036704494,175.29064745486846,754.58948902024542,74.079919156746243,798.04319405374235,38.498192684500097,289.80722950213243,286.21484214581346,778.45963805417114,629.08489883771347,384.92325201663812,749.80623987427589,488.30015479280502,821.14303547520637,464.90812765460475,722.47859613063599,13.266354444915262,869.36583299351469,804.75385950195152,415.2873198578252,711.88618113071971,610.03115740880685,188.87369306360267,52.698799221762002,-31.240612334002179,-39.158236038656391,-33.734764928509954,-58.394118535217508,50.281654248532789,-67.139748362063273,-73.997890077429773,-9.4926369905474104,29.480199338697105,-66.024602983821794,-59.84694578235468,67.405545891499258,-43.748538367992793,21.589077431792006,-49.576663680692938,-0.86116902083412583,-12.65598776405443,67.68379342242504,71.439963921142748,-71.841129675985258,28.200895133473811,-44.637912348495988,-78.223446514340694,-57.124680915894146,57.234834752996676,-81.459144818493911,-26.13264275463187,43.824998755941813,-53.246144833127062,-17.195580617830768,-2.5214302865502942,64.42836455439641,75.062617260866745,-31.471277010819925,7.2638556313044589,-15.840512195471742,21.112371222464791,82.853217150098487,84.994193996361645,-27.865860595342188,-79.793084339736893,-1.1802922640199114,4.9345801023179856,-0.54724000297758124,-24.819983392451746,-13.140919945488321,0.02264160993372144,22.300434776856857,-76.462041356049667,18.640073847832006,-6.5202740367588721,60.817759559504928,34.861897510509358,-80.294218762689567,12.139383595307578,20.909534866936738,-27.206098732179683,57.634731909725986,52.462562306297222,-40.228628299659334,-18.211834196270459,-39.512004013764155,-45.8300526561233,4.1150045520068943,-54.498357159930805,-32.900873699366393,-25.855850674423191,40.926688215200038,-68.61819050282071,-60.778010555268978,62.911793316771046,-37.349124023241416,11.467958319627765,-84.1130344529805,-1.4616993973864982,-15.965818564793022,-34.243160999369181,-2.4555589731459175,80.324737269159684,31.93189813580619,31.550039194606132,49.637758564926692,-1.8889646012698702,45.408504157294637,40.883891705366871,-36.341704629795494,-27.30282752382583,67.052775924209826,-32.241467200056938,-70.024566007606694,-7.0910608037127307,-62.253367038160562,30.27903023886395,53.470448153841453,82.716572887661172,-80.954232286032891,37.352869539083684,84.231939684827879,30.617573395749289,49.865981393498984
1700,-46500,2.0587355609887985,1000,221.34870314137524,677.30911545057666,48.276565539152735,216.51371331565804,155.16812603637084,812.96689284274987,123.55219064746404,366.98378140176953,601.95319429656183,372.91655954907844,140.03713826545646,290.44552493097171,290.28322217161224,79.63930356718231,525.17797606186798,687.71319807749057,64.079079815042874,383.71888532986708,798.94079702987744,541.56611520718445,921.00188853711563,548.75535208943779,262.26178568357238,845.130018292111,1000,438.94057186142015,860.56229681254467,368.99901953656115,123.82331231251287,233.73395788956182,219.22565816541254,943.52203250950856,299.38506735349472,833.47666488528205,505.90894377878675,907.81411355320768,406.98039056057769,418.83975484704513,666.10037702699594,896.1011191530697,681.10282384246841,374.70379985060003,382.70285600526427,598.32810206536578,285.50373964932368,184.42149412819145,111.20480412379094,175.88964953943338,93.613800042600502,18.366902101668728,719.19896420907742,191.31867452640125,627.88455130674265,845.83730416647404,349.12651703640654,207.88815382840974,290.09898187499743,920.37965451265745,269.40424858056349,703.58042668689268,804.55743228407323,63.026422864666635,642.64452093467412,68.389674903089841,899.09441470880085,861.00197165196221,517.17000899014783,634.21049129921289,139.51923425242293,721.13936584380463,958.23857796992263,539.72329667777319,833.85428609879364,188.81501814830617,252.96681230901578,859.73949877152654,169.60317766404873,777.71897999742691,49.994540925610771,798.01634885118631,38.532938049100224,37.721236456745913,284.09066272152069,725.64676529666133,628.03976213060741,387.33157971795612,762.85035566269505,455.429912660779,826.030828460571,80.201356764479272,722.11549376490507,13.254687505775983,841.70030958595271,804.91662532088492,811.37691654983769,711.90427187940861,610.95093946037071,188.897460747612,44.398547510923386,-22.495338790704352,-23.416782200535344,-39.045434982900701,-34.27806952500255,50.20614933329945,-56.998860401235781,-69.917528409973187,54.484781259690479,-29.610795499719654,-66.286905518318918,-62.06955277167733,67.439319807842224,-42.500366393003816,26.53291227713715,-49.567023057563816,-0.72238684258377495,-12.552497875625466,67.797813030839521,68.825266545425919,-77.702728311074509,28.312608893378812,-44.723536385609535,-83.284717164666986,-55.90218632582976,57.250711950112894,-81.401147383322282,-23.353208632457083,43.883802131334527,-52.349118235122695,-17.223053743816706,-2.4992999535834839,64.482298340606249,74.988719601767826,56.973422306483855,7.2599777439545647,-15.8262042738091,28.908040482005752,82.917209416193629,80.56594698104864,-63.160390109918993,-77.800342579932604,50.619945009863997,5.0041179804101379,85,-24.818348913787535,-12.686160711802042,0.36267434105390617,16.335775286870977,-81.00887633444114,18.566326657139289,22.282540240442493,60.820343633489962,34.86565894620653,-80.376616378986526,-1.3254522271498921,21.255360600648004,-27.212764612180436,57.379599201573569,52.406217808277468,-82.003575265391405,61.927785145758328,-39.513007641007391,-45.958543373010578,32.88519300927517,42.839584684238226,-32.760155533704491,-24.362521534646106,38.350522676570264,-68.625008260091633,-58.501837328444729,64.059638129175795,-43.903746443300697,76.524253162725557,-84.071497051430313,-1.3358872946023941,-15.964997014548603,-34.412894266454195,-10.749231260467937,80.327749400455616,32.085620568396592,31.718867205852227,49.593162386249688,-3.7756857304639055,45.341457714150408,37.461082537110897,-0.8162408978949145,-27.097630648179411,64.49572095276902,-32.311862026149647,-77.606664465334433,-3.2892108418234653,-65.858118385983431,29.94009204979119,53.45856804278165,-68.341567698804113,-82.16755215932784,36.987136176695586,-12.055766230402192,-27.376858238580674,49.847246951676937
5700,-59000,2.0592238480293399,999.76309551518932,171.86906233042293,689.09638622937018,66.816268951131832,186.66725529705963,156.93597977440638,809.45283150493458,117.02069656315766,477.48474123042888,604.41869884100788,367.75622771811692,274.0574084226588,6.965802839558819,658.85212594971244,79.610940864312639,515.49568371038515,702.87838905995602,587.86001862121907,386.72678574746971,513.23286222934053,552.20965720835284,900.19203661257245,579.65054218460216,267.59142246105813,871.99654586933991,933.85158134076744,105.97002715709789,852.97197473793369,833.46034838906655,49.773965002228294,619.55865409489638,51.194889585539016,124.53184458175846,326.41323772941024,562.48368517918709,975.36627183750886,894.66000141590541,416.48347459351908,460.29013356393472,541.67278434484854,488.32839601385336,673.98957667345826,378.93852634480271,366.92217373356004,598.3436035776698,399.1880897106974,209.69285396800254,114.65873392673979,176.22386048540631,560.6435252886057,50.944909556215705,762.56583357827151,195.88309116723909,627.6568971043373,625.47080197669447,347.17767346237167,214.1700144302128,948.97120199951644,920.35774750245173,295.20165765712375,705.98604102359002,937.91462047141715,599.62025111865159,653.19225938593638,48.302502834037114,907.77566879046583,902.39311432580973,489.42250709661829,778.3327473849406,138.35833179214669,735.69179062971318,968.56902908176698,531.75561503059612,834.00794048697185,552.95014609400459,260.36622425687773,821.79791909169421,311.87090413257596,757.16971092149936,74.078443332739738,800.63209687755557,46.185282512599002,289.82880477752303,188.83058482832143,747.54463659003682,677.16650368916191,384.91758669381011,744.35896944669946,480.60202654312752,827.16698440518564,93.087001157856889,749.70211398816809,13.336401646368222,426.90709061678979,805.09836417047097,118.4274421677905,712.89337695918164,578.99818588976166,192.8838070089781,53.773971291500381,-29.335248679516528,-22.329589103017597,-33.718505178256542,-34.063533263230262,50.724785511445909,-65.026668591291113,22.78591102763782,55.017058907776871,28.119175373412698,-77.34428322165283,53.550536505530744,62.819526559921691,-42.344671709964786,21.639018615600897,-49.917936758419089,-62.508298260070525,35.681665984717014,64.851920866467978,71.437302081748953,-71.345523371826374,28.277340102486441,10.060143722376344,-84.922321641573461,-26.63760376628689,29.559334418919683,-80.314825262476759,-26.049013976869581,38.69096117806447,-28.450938133124136,-17.178061089815838,-0.15042625816562383,64.780346617587014,71.902262841674741,55.727284072395136,-18.673332971247177,-16.005346093868539,28.820035124651305,82.875019368957837,80.592593197045971,-65.858470512626425,-79.781806799681121,43.637891180273172,4.6446103973487629,83.368134191107188,-24.938611948135701,-8.7998445503127254,53.62528562510203,25.190499448310739,-13.031881233588486,15.215787415746071,-6.5848933849776126,57.73560431291282,34.847357211581162,-69.497472985568322,12.06071745587319,16.41968674302888,-26.442119000357074,-17.722236996009915,52.200523149296274,-82.076448065354541,-17.508731933406018,-35.037360475894552,-49.132231820806815,38.566104859464382,45.56086120124737,-15.652424384188244,39.593655010730174,38.367281111174108,-68.620168157313245,2.338688280309217,-14.375667292807925,-37.51614999787116,74.177955938579245,-81.978416114685757,5.1519354655497267,-15.924104379845986,-35.639529065036655,-3.7456772970482084,80.323818349433708,31.22524739065453,30.516580159544475,84.075463419391625,-2.7234213678172794,51.248377415581345,37.554162927933461,-36.370188933887462,-27.319267699329924,65.847989055225113,-28.598656973575324,-70.197560135685009,-32.964768254611123,-65.233256562213455,29.017697456533536,51.43564701935351,82.883969903794736,-81.694799745834345,36.790780791760895,32.796994828687616,27.897157255500602,54.940944723567391
6300,-61000,2.0607718877925438,999.97999734610971,219.84253382737433,309.1383959640853,68.433502841460665,267.84153735215597,105.01466953249184,562.71941893756809,343.85025391322205,472.75197663051023,616.83482632536209,363.84042954130155,124.08857037963485,4.2313288642753264,685.0590986602158,324.63870178567993,499.00708329111291,703.26316336474099,71.282167521606027,394.88326891345656,864.5477342675797,556.10256050030171,936.25005126479323,594.17463110554797,270.65681204039657,873.37911500348162,68.884262910827658,106.58788885763096,853.33037328911632,858.27389129496169,979.80583831943306,626.74882519986693,38.141588484783995,93.861553258596871,323.23067038866287,813.30643079138213,484.47770564853244,594.20132187320178,345.17375010561392,416.00243052636785,536.42617554282492,779.40775267661661,264.90993736870632,617.16958696155268,364.83798211399215,597.33903561098964,390.11154705296315,178.21044325952815,124.79485973696781,182.54485453896052,29.088028448355786,788.71411726477254,240.40470164761859,195.53516039685061,661.64923931885357,649.62658306036531,342.72100809244529,220.84275639759952,59.546164943052418,893.96752388037635,296.82767285576296,144.82022425567413,948.60564421309971,55.286221698002961,650.13826715336631,57.446857993520389,579.90812739549904,897.01916890448126,513.28862474588357,770.63496405526143,140.14472213381103,750.11823710954411,634.65269276225661,532.27294429688311,868.84120674339965,564.08696343550582,273.67924023584544,819.91460185264407,285.32075919236195,757.27361769538061,72.65055327922525,801.16039950326376,288.56462617276486,508.84886206095507,142.51021596047516,715.78893154747971,668.00895617774484,375.2266427124157,713.72933941235738,480.87079133332458,848.11727127398763,95.868358347275802,737.05694826172885,41.499332226716504,381.49804243572157,682.91195003956852,458.06611722081692,715.19026504568626,588.52466889057371,229.34196551269355,56.514483116809132,-30.170727084169357,-37.655689145477481,30.146003241081331,-35.061505594328281,41.943450754280235,-61.729752141167303,-76.840954217278735,-13.198492168959035,25.659257870404584,-77.388151383083823,54.977074727994456,59.54532005366692,-44.057823904359047,19.840556061058535,-71.181465898698406,-61.032717221037075,30.969733163899516,64.774907620837098,-11.55632186945855,-72.797893409814876,-42.191338939653406,8.5789395038159775,31.271457430078691,-26.685396202361577,35.542098648277083,-67.379483962802681,-65.148860848861375,29.763016557634135,38.759447794621806,-17.093103410812908,0.70729378682845168,54.753550701129122,71.91920309036027,53.879910415326158,-74.86012277897089,-20.589741681574594,28.885506904236397,83.562218994138505,80.442848467536976,-60.662006853501282,-50.879860390997621,46.197626272602875,9.5349743818657782,83.308032936867235,-28.161423132659632,-55.622222322185962,-11.936936633692827,24.881063845598938,-14.099339644915794,17.043334982898941,-7.526524467831476,61.083790161888672,33.100235428527391,-70.326360123402807,12.591487433015086,18.299675377046576,77.191459256594683,62.033524043785675,34.274314923249207,55.150278372466779,54.154582463700244,47.594787319982345,-43.691488603440398,38.360700212330187,-82.948854742814774,-70.179521714651798,-23.320625522376282,35.095662583119996,-68.587078290634651,-0.54629879246895996,47.040972295197832,-72.661794749060618,65.035892307061459,-81.964856063245691,5.2090467712764204,-9.6867079321976366,-52.200879047582177,-6.6801706332678972,75.966240679450323,50.835471427905006,29.64002514551315,23.480154119668114,-34.582884819659512,-71.616686513124407,37.40317037527798,-35.445549614641031,-42.345901329937007,65.536642687041507,-25.497048687692264,-71.009594545392886,-4.2718464143348536,-63.017401666755916,-9.1162341275370977,51.343036249200694,-55.7840386941593,-76.184534035801491,37.005321361646843,38.451360357363775,-32.703138319807699,49.664697004399287
59200,-68900,2.0224186349908466,187.19126830918401,3.6815378095425575,210.05418098933865,363.58533365738879,293.70714865855348,133.41562250398016,827.30204835700727,307.58289176274337,475.06233359676366,603.06756154371863,114.9998833907101,160.82846374686918,56.888870362254508,57.387406179900751,81.415840166672837,604.78956690164625,762.95493630865838,450.26078475191798,421.93718527280788,834.4821413831354,322.97412290225054,939.16674034999937,558.14690837986109,266.93700588574819,845.42580045581474,641.98799653169363,447.56922428084931,354.95725047428289,226.00946636128569,913.6380864045932,248.03537444225367,266.14562552815443,880.32055513944158,912.43618504474318,567.21162231093047,543.21681617628474,957.8343251682569,937.40494710846451,643.90453245429137,531.45252390193627,810.32603665125646,295.18523385343394,654.37393016566739,374.16299032864151,597.20381707186255,275.53939428001826,400.09769220283238,312.87437070527079,170.01326343985568,574.68240059117011,68.951488535454871,801.05862670225417,189.65886238231994,665.61939459122721,637.52925667368277,612.96945392076611,197.78858822975482,909.15705537582255,516.97784890738535,661.70928575510595,419.38243792540266,33.54900322794856,76.994704639615463,257.28218649610767,856.2302197157743,910.91127720205566,529.70864417673943,533.54501551836609,646.88564811560445,185.80752339034274,671.29789790777318,538.08135601564265,534.68702471029144,525.38285297352502,184.24147526570468,275.01445315861122,821.70171073820666,653.90000470094265,642.30687893361346,588.64956347845759,799.49695741062226,305.83908620514791,44.716518718443083,163.95331868963697,771.17629136143069,679.03912391384711,426.35436890809819,68.676107491414427,481.49742190981323,369.20155670516061,135.26769528913232,749.51774642464829,95.925728362903214,819.93352826466673,793.74687406028465,472.79697279625731,723.74374322918311,562.50287816701371,194.70891367537112,184.62986698674837,-31.339068848398696,-54.977961124100524,29.187876600824854,-29.54656021270921,47.875115282254562,-68.258931006080132,-78.256769544439095,69.241859137486571,-29.351100851917902,-80.031959812219682,51.394301555537091,5.7524529428455473,-43.790155033869695,24.626745544378988,-71.072316719587405,-6.3406787443862109,-11.223344826589349,67.469037988454403,-31.0338359530055,37.300604780081805,-54.957410106865083,-43.474774172624201,46.082154841029727,-60.765059011941247,32.219110753137677,-70.137501857181917,-25.769456025685695,-48.207497378088988,-51.916402923335482,-17.062714015175736,-8.88171882303069,61.645614073729803,76.560500183966298,54.822708271520867,4.8199470165235869,-20.751016054023662,28.186172187780709,82.920280235834255,84.463029824702474,-60.707012787528676,-45.463635325710854,44.690110963720549,6.0878708191705293,-6.2604602157037235,-49.636224747742276,-52.806731174968782,-7.6202845552470277,22.426465331418623,-15.798260351379348,-25.572848837675167,-10.543236774160427,61.893376718485726,35.312479231073134,-80.768577923842031,-1.4111388545559349,16.004572601041573,77.222979283539047,61.757441313142742,52.628168414932816,-47.382037747539357,64.007147982417905,-14.395470700221766,11.5282589670277,-3.3670653011029668,-71.457794636616498,-69.69383693828874,-18.784385230945574,36.96686096897551,-68.623532757187249,-64.974078719363078,-8.4127889274210368,26.018989922537159,-24.019318523756112,-84.781427635646168,-16.009814903765772,-9.7116275142951594,-36.906573290930339,-6.1825581078807677,82.399199568525603,55.30126171457168,29.931892571641406,29.325553188445127,-29.594264926971608,-52.376856423186894,39.703458350101911,-35.387273480221879,-26.025896006766615,71.105004511927191,-32.387959509889455,25.214736878734819,-4.8103413888260294,-57.546734660012078,78.833616830814236,49.704168359525546,83.178773045632411,-79.618655030880291,36.987621299402669,32.590433301882939,29.391421994044155,49.022618537785483
6100,-60000,2.019921363037712,999.78148367987933,168.0934386408185,670.77846324846905,84.05564952236189,216.35433657772643,104.68879032258351,842.43293065836122,335.53461800292496,388.93605014897321,602.1069152526544,361.47478911959024,276.85559643475636,11.389002133879075,713.02170457306875,112.05584887092489,509.09902445989957,708.25382832683704,91.351253851864485,394.31121668492233,801.70581191598376,539.72016123694721,872.4437516581911,594.10115402875203,270.54912150845507,848.41879772740356,1000,404.97033723211166,857.70605820090941,852.60744312641452,116.68080700261487,227.43482833836134,129.51736835844957,414.92786510525417,890.68414607974216,551.42183065046925,963.2305504326373,590.5309927895637,887.98140863692834,406.63422506284667,668.57633268862128,522.46104004916924,684.57071862512203,614.60803724515608,364.62897915204366,597.16048806736239,286.34970568887161,424.44424073787536,117.57325165379717,182.44453497778034,42.822416189607814,781.00004368522843,236.18622026860081,196.68452010606376,627.76965536892135,401.49878628769011,342.51898311577622,502.57991159563062,296.32428376363822,948.38353434116323,296.80032045889561,415.68043498011468,948.41258725360422,18.145334895942415,628.82643853645504,45.982627714069892,838.44626503502616,31.750783685232705,517.34194331235892,772.27233435929156,139.56755865183615,736.27314460224898,646.22630509129306,525.03574543865966,826.24589128130594,154.20067282501162,6.6429802448854218,803.83814456328923,285.17575822760398,777.79180810597097,572.49202346991319,798.50217934580849,298.18179043388977,538.24442984253187,182.19386185903952,711.73195483321115,680.76766188859153,384.73876789558142,708.68078872377987,453.46917235377856,825.95458126930407,75.214047448820637,741.60647308774719,12.119912045138573,340.96548706982179,682.86341403350127,476.56763215944494,715.05038592115932,586.99418358338994,193.00806837434479,180.4992497895409,-29.839048666711264,-24.395589396057662,-34.031574822423643,-35.039732503745647,43.198745997389381,-68.099795292688967,-72.793294845280087,55.079546323327648,27.228291029065979,-75.861372315540748,-57.025040687790579,61.589976237945216,-42.379321078760242,20.373343039289924,-1.5512807628668419,-6.2008245833790916,34.883536461371285,64.557697816508394,-0.2962825259373858,54.2501495394336,65.130900124284778,-43.905819806838977,-83.304881574680806,-26.627828043887597,59.482753299052177,-82.449326218534878,-26.845527130525607,26.630109295891334,-30.799823852189625,-16.737572228612983,-0.52596110681196673,58.996678104927781,72.474485211409018,69.319336371907411,-24.846951717971219,-20.637323707633325,29.05475942795649,82.904853347996294,80.439048582503361,-61.703649884289369,-80.259898983118376,-3.6896457568342491,5.0273437916203783,83.761446555090799,-24.5775519802669,-56.724852915681133,-6.2400568002580314,24.875424306167318,-79.386284664386409,17.255854505091786,21.169417687211578,61.948675115283621,-7.663267547313712,-71.168139965454912,12.352375711539601,21.252020612120038,73.285034124556262,30.293625777169694,35.273123096265181,-81.316951468685915,57.190294496916103,-37.49401340184609,-51.533280513065648,38.434876669011217,34.260425835073889,-14.874635404578569,43.730119726833891,38.365689113089132,-68.623475317763777,-57.103150663643447,47.885842534028455,24.957404137056862,73.878987724429422,-81.976171115209382,5.0353383264379357,-8.5171021917243213,-33.761017839561312,-6.8508546870614122,80.301527499175123,50.975079290775348,31.690978614858871,23.51348574909305,-33.257974964068183,45.776353205198269,37.513778482417173,1.02393005978983,-26.891756995663989,65.852676552865049,-28.560260132407301,-71.035546220213533,-3.3281506437245869,-63.003877454161184,75.024019667753606,51.228090916476106,-62.670511908147795,-76.223731253815913,36.995925779075414,-12.076696509880666,33.252179822121413,49.740902244771512
56200,-68500,2.0040350471247077,240.43575595459964,3.1527892382195564,218.77332025115123,51.691219887147682,260.15120989444472,134.35082642048201,835.19188685529036,329.71629625416375,459.69451870273502,602.80997922958841,121.68043625069852,613.58643502986695,296.50478953028738,63.40347589539877,84.672469181718441,520.13885242880519,722.32414315897404,23.834161676528367,396.68608253866029,829.97345909339913,108.52616687580878,923.04110743790409,545.08151544078589,270.48080751724694,846.53826691093354,681.42588905540083,812.60429627713984,975.85639827527916,195.97747593261639,148.58408446931298,243.96717780363653,14.006564884284572,877.78327103068932,349.81805671295967,819.56617494629666,575.71402486108377,925.86760819121082,402.92665135057672,450.91267999181002,48.354253268666781,909.90714830887259,270.4426163162388,385.75120198282389,372.11781119897319,593.81712759253139,274.50486774829386,210.84848599771414,320.58266140974661,171.83633954845467,204.27943320801182,37.729806028973201,189.08803009354912,187.64283651303208,659.74789835665888,639.70961906787113,337.60817918301711,476.40078089265506,907.39652553777455,520.92392415774236,158.46671556804461,721.00532372854104,695.22366286345596,55.812565155703908,264.45219781334885,846.36532771368127,821.82464886581954,949.68937157772575,528.76070604404345,636.79015188805249,181.82010044534667,756.55887779321279,928.629817128181,531.04824504114879,801.76818627106979,505.3871702949279,275.32003131945112,821.99272145087014,296.92693569048527,629.41193016012778,584.66784302405631,799.58524052923542,813.27446801871315,80.988573802936386,146.49496695776949,755.11516845728772,680.07147300559143,389.10504809884429,45.057173436005428,488.12369052690542,839.5977068387283,473.75541663915527,751.00496722413868,20.384975745397469,861.63124544193158,663.00947244664337,413.28537311826676,717.86465741269637,562.80724873775364,193.12531054735891,43.654871608887461,-30.957153711976385,-40.04049783773565,21.856552740273131,-35.212044661313783,42.933678469330744,10.462512656459925,-74.063408912886104,56.727901056903129,28.828257332177333,-77.14351467595273,55.167900308340748,2.655643150177454,-44.081702795400069,20.53056065043382,-48.633319468530246,-4.3446049205951276,-10.466257936022124,71.413379559982147,63.420336769894938,-71.227220358747246,-47.688003854555497,-43.128752149393726,-83.440456572471632,-27.636332628152942,56.203368520409086,-74.452765251849726,-27.103714884533673,34.137633607585528,-21.194775825612105,-17.24290894414295,-8.7744467163901856,47.915043161862258,76.869686669940265,-28.326098741194166,4.11480417593061,-17.149605759978293,53.620825544484283,83.165765390887302,-18.367398614338089,-61.684692455719244,-41.838290763590116,46.357258622684213,5.8879445166768702,-7.88907948885719,-26.622966994914698,-58.180486018729269,-0.32582072827686837,25.227492338326357,-10.381971280454625,14.506790826122611,-6.4467175870123796,60.87120620615439,34.770632162229205,-76.871944696615671,-0.56844950202346989,22.30606164459979,76.144257438855092,-23.853416101789609,65.325558636398682,64.057648370301322,59.897504564258611,-10.738109628142739,-43.228834638592197,2.3274281231776324,60.037106180701223,-68.567677038126561,41.590739313317222,38.1868863522213,-68.583591053179944,-61.734369387596061,54.347360586026973,-76.425403848950509,-15.22550749036408,-84.649777713637249,3.3984479618732513,-9.683185770925947,-37.182386377960277,33.951912397615772,82.183256766033665,1.964226119034022,29.945161315113456,84.966695756408683,-2.3907169686125771,46.77580832159947,37.160944716349569,-72.929702861119893,-22.375968025381766,71.846530898164048,-31.919589493818652,-68.255156335948044,-4.3992121878028048,-61.765917593212393,31.661041565229983,49.57133521547766,70.390552221736982,-78.269977583426794,36.992478440646266,-10.621745645024077,30.072275759432799,48.847586220069836
62500,-69200,2.0018522542674604,131.17190245976553,2.2008771608623761,298.58297177728713,62.920756598823068,774.73411115430463,107.08687398961531,542.18811794183534,261.91675807521722,373.10352885067812,603.08677867869267,115.54187920252683,280.29706776636817,348.02228861785375,288.75317648317218,80.801805786832062,1000,736.73298815385579,79.593941851185662,396.40561596884072,836.25706034739312,361.24161634557311,382.58112238676119,545.29436604823422,261.72629964860414,845.531657530752,154.4720406333935,447.36219186177885,361.31222756128705,200.86451538029354,141.51855270811649,222.59556942025546,257.5619513745138,985.02342510466133,809.38237801912271,816.78002956759201,561.10876631870667,895.37145178021717,941.22766775045284,443.19613183932626,499.8311399180925,904.27346223141546,311.18248328946044,376.36297662894572,374.32941382638285,597.2356073486086,272.09894164493346,207.03530618437793,325.34844327952521,137.18865071346394,104.20281189695089,2.9549075995819862,200.9139754675445,187.88257581517314,662.00078923808246,862.06177374161575,631.75946755487485,232.21517942998116,86.516236204249907,986.28282895149516,651.71269268287597,404.62166610364818,9.4285965428128709,655.43523645252856,259.91016363241511,794.28953461255446,899.17596246359221,950.10124112253857,536.83615338786251,647.28671976177498,145.2369988775047,718.50666298716283,908.40605453822513,27.04069749698661,821.03093341918157,493.88039806760651,280.13236571342691,819.2340148990146,172.8225454326458,625.58988791288334,32.585152735361248,798.00821299113386,302.5101287568807,277.74399629560304,194.08320610190609,779.01614160667339,627.91103269247662,421.27002325869546,750.83980572371411,488.62794419082172,821.05214067631493,551.42745528666796,722.00731876722568,16.962576794308703,867.3880443607585,799.65297036409913,414.43639645395734,727.50995487503565,608.39936702771615,189.11496733530191,52.625473788706358,-31.107176078527026,-38.958782890439807,-25.462481459288878,-58.198674748255002,39.272589894069199,35.643878158709299,-74.28991550097588,-9.1348497136264193,29.507293837717928,-66.093287047508056,-79.515533953744509,6.8364415918233927,-43.728021225357253,23.8165803312733,-47.541520745814481,-0.69810432494851349,-11.035119435687067,67.681909745785717,64.152026057020677,-0.73752334059916436,-43.140562170924973,-45.202048057694775,-78.228516525722469,-56.858213319216247,57.031363057752152,11.905423071393379,-22.19118073560826,44.210135527597096,-53.859390049771591,-15.65132638490482,-2.5534972574616095,-18.31436070690453,73.114311567808045,58.847400193101855,4.9438478000789727,-14.61983959349983,20.999634686441233,83.602103923841597,85,-29.915575156195835,-79.793125674586094,44.905980433071981,5.0009591479666451,-2.5371722009920092,-24.819213596511723,-13.096132264173271,-2.3803040512774158,22.134169147612109,-75.743168208043627,-24.308938082253523,20.568875497630636,60.82341713458063,36.077762099509542,-80.076954757463128,-0.082572930404549383,17.276363837827972,-39.028901536576242,61.19166324588614,52.458389576699965,-39.613382885952696,59.45669881919212,-15.174464441131681,16.720317195499337,3.8867811872855356,-56.269867625029804,-32.770840254521531,-25.404709495213091,40.943661672222731,-68.619199989082048,-63.609402081323992,59.497643343668926,-42.430430211298614,9.788607112789542,-84.12005197897345,-1.8034228068784504,-9.6217844420162972,-34.184208648941109,-2.4653919330165763,83.951818803998037,50.182187986435821,29.933207410407171,49.042466164645894,4.9768514728461675,45.755992677201213,39.73334809249706,-35.754810590443469,-27.491529472663856,67.059866937262697,-32.364888339368541,-70.017204984482817,-4.6063476244046058,-62.133359583169927,-13.22377922431169,48.856517096629389,78.909470371097143,-80.951142729921315,37.33271567983131,84.43776693739818,30.727540464497565,49.867857386751034
61800,-69100,2.0022335269770823,140.09747173190311,7.5244148326540881,298.3887421760902,36.101824950737779,215.00065437200459,108.87090277204774,813.87637779645377,125.49801969004001,386.7209100090281,603.05685664759574,110.81542819110442,280.16856581149489,291.06983312870506,52.902028612552471,110.76664878433009,1000,736.64620036377414,88.397380074903253,421.02104081953252,800.70193020600959,360.25734373071577,904.73112316418917,541.52877692036066,261.69478706741893,848.65649215670157,1000,448.07304823217697,361.32149548498171,356.30494222376399,124.77579714431332,234.34642923463093,258.01110479182557,952.86324129386969,795.29995073617624,823.76009609453081,509.27451991056688,910.82579467893186,887.82918568394246,643.99764183326954,507.22091781484721,907.53831451510871,672.01867697601062,641.06241226888335,374.49583277183166,597.12922745367393,286.38963104560094,443.13191582252233,294.14998387486935,135.61498186555497,103.29047307306385,2.730536390261026,727.47440016378982,197.16328900428263,628.01249763841952,862.08831622446905,633.27927302085595,211.99876988377801,89.59683311388666,982.64929620305043,266.26666026473504,433.75573831688763,826.63227318698864,655.25800824440796,259.56366767273255,785.73278388757262,899.14688328040597,865.62520519185136,537.43741622933942,634.28198691223474,139.69543259549891,756.10038774867883,909.18618584952594,38.600862932106537,826.06938581847203,505.13702872755709,259.49102660569463,804.27015103698102,295.51384658227909,792.95956636445271,32.423181094855622,798.00852115479051,302.21012579296143,42.511536615191289,193.90873095175652,782.2906856327711,680.45929653782196,387.87035825846021,763.2628288779639,455.69751883573156,821.12755492407371,573.39728344759271,782.17541193307909,16.870588891152327,867.78176255209473,799.59379126152589,797.44052161957597,727.17932312048458,607.95693398379285,189.64014107278288,53.424866869739759,-30.989407911794366,-38.753623678819622,-39.323611920408602,-34.691461775726431,43.073062985173578,32.523002838317247,-74.314409986642474,58.260720180252221,30.675016185818141,-64.807775936797,-79.942858812786852,77.394529861958006,-42.57744334127343,21.264130352600578,-50.069755067081232,-0.76955904079566428,-11.037373722541361,64.530751838618798,58.061905658151161,71.918357174846136,-52.456262600266292,-38.993344979011844,-83.261872866922531,-56.132909202918839,60.379303244016647,-81.125852541789442,44.805290382728529,44.266205448910185,-53.688634262959091,-17.225312958503981,-2.2658806018922184,-18.009652194312498,72.434658305523584,58.85810794666552,4.9135422463541847,-14.70139969740956,20.615827010643461,83.58558488641728,84.951277520559117,-27.269518496413156,-53.472562286535506,44.896854905663673,5.0009656980263744,-2.7749961927323863,-24.556289686267377,-12.945603684065574,-6.3313885676164912,16.264990289822027,-82.294039468129739,17.497624431729889,21.621994546466031,61.906204948602543,35.391132777677647,-69.287927601714642,-0.61333832080649087,21.164556357076027,8.1556666564642661,27.70461732757445,52.402297127581718,-39.496922804647028,65.878018500759154,-15.633676537513017,-51.079272774396713,34.903208852895823,40.87171453657875,-34.792182753521729,-25.365690095604652,41.019267226063846,-68.619312865437067,-63.742406887678982,59.239463893871523,22.896109458543719,76.133206731503776,-84.083389757874571,-1.9936789881666654,-9.8321833401099585,-35.37784799638073,-1.152107060934831,83.837889971981753,50.13714888543209,29.983458595251584,24.322732977433013,75.289383194584474,48.100444869888832,37.525392047586735,-1.3447976170636338,-46.118719145938684,67.020794519880099,-32.078314693211809,-70.139100330291171,-3.3348904415211162,-65.816898096909384,75.9066926679522,53.727127228984024,-55.058539472511484,-78.632354231073379,36.973442831910852,84.16437932460687,-31.058144227383465,52.106530547461162
42100,-65700,2.0209165517638481,428.42668069385496,78.015077769192374,339.48754768533865,74.998128289179959,104.163392563394,106.82321378981474,822.36488923840693,321.1253068643847,393.04323645832176,615.90130954008555,373.31705733417209,329.11642802062926,328.61740807677501,104.59393133383996,337.5236664684993,515.11376417872771,700.88361006003697,576.62722571415668,23.206437188870069,774.50247135957738,320.93369829950421,928.52968518746854,593.92522861871453,267.56644190584404,844.25427275933964,901.35565351221578,94.530623853992523,860.95594838142461,826.11296032331745,825.24551176946079,620.18100397945295,220.73694698146861,964.25305951382188,326.38762037786046,587.21316894055985,547.81384581808834,389.65263386704567,416.64162675619525,413.60639706612818,516.0386266913988,491.34072553009503,662.54273176003164,402.10475844703637,366.61552161377745,598.29348916276274,275.53617872358393,216.32265822321995,123.19028018278354,156.41263318606661,608.28721085380198,43.784934272184373,818.59591774540741,195.95964096012995,667.05041686509912,625.61046830370447,357.21079554713754,193.19293261829083,919.24762656545226,469.30597093012398,294.79722584027377,389.89960179102229,14.211520008613206,605.8001389081935,651.39996168502057,28.373890088524092,907.73854813100911,954.66953496944018,490.44454202554931,635.25929690475027,194.80372698167022,747.34388354774342,893.06238663085037,464.10637034949582,849.64856096467747,548.9240623368413,276.56101008280984,817.70378052483181,119.64790534957515,756.63547090686097,552.28816759488279,799.34795689723137,51.384272812209005,288.64295514221124,153.546734281412,693.37738558105877,630.79312312890988,388.9519529574531,792.93841545223404,480.47742798353869,817.49718906787837,87.852388455862581,741.57740511512793,1.4598476750526945,761.3623794063891,799.26117129531315,77.529508470214878,715.33194445288541,578.98782661829239,192.61299517762274,51.173832331200792,-31.322031310926139,-22.009083667384367,24.612370780163825,-34.755778295718862,41.911298380208002,-80.700247227766724,-77.257853922606401,55.157213776414778,28.240669305323394,15.623805530670683,57.080272726619285,10.585234534628004,-42.378083271306139,21.703412529851615,-47.886509142172486,-61.835620641960219,-10.560716946227977,65.27224264389848,-34.284734605550362,31.907276866559279,71.681363643288279,12.865757594827139,-79.947980142004837,-26.734969325429564,29.58586514371887,5.6995974815519119,-27.504224686242509,41.177394380548719,-25.323761634400618,-17.067173203801971,-8.9433141554062594,59.172313017140638,72.106547853273639,7.4998758377374912,-16.057595738115189,-20.427374953594072,29.583361512146588,79.577058300619925,85,-65.278482572544235,-73.252548712883794,44.160564178816372,9.5450952301373331,-6.2905472787452137,-24.944205316378721,-7.5148902701896345,-11.081721628294991,25.058909728668691,-22.76634744446082,15.126177583192986,23.053147667936294,61.973538877022229,34.976111774161559,14.202014480827419,0.14253025881839321,15.906765051648758,-36.190282586949841,30.169479780466208,52.434537704538279,-80.261917485525487,62.598166221424904,-34.347701212420674,-49.088092534751013,84.778886355124342,-72.211923812175982,-71.567308334802476,83.228471306141387,-7.1400074023357796,-68.620637314412974,-2.6548091026677945,64.678766904032415,-79.632845804957753,67.759764186381517,-83.554402280341989,-0.0062190954395277831,-15.989268021972448,-35.416517267727912,-3.7413962830233096,83.671365352085417,30.694096342396168,28.977115689382469,78.295161467818886,-3.0238694247357776,40.902644050002699,37.4510087179831,-34.417377397382914,-27.26742596381137,35.694565380109374,-26.370719379463246,-70.57422277489394,-4.3182320168275812,-58.999321310490501,28.935178808450402,49.521348032061411,-63.567611738214055,-81.733054083104037,37.160165912182777,74.126284900762883,27.803955836440871,57.132559778523543
13300,-63600,2.02136503293708,999.21888883310157,3.987730282879737,353.82233957454179,75.18007711480459,207.01546693315967,104.08877846845289,547.93897375706297,110.7046660730168,382.30821913301412,615.29084865976972,134.84764745819504,298.18077973089663,40.579543316931272,66.306738481789523,81.595649026578769,1000,735.8977766587526,106.16782980632975,422.36664471584822,30.640670570205295,523.68767515775926,448.11389969971248,582.84384626010922,264.43634939597194,864.37348800846587,999.86045647270805,433.1342951732351,874.50549385443333,830.28956231074403,909.72156694421255,388.88851144156695,776.03355143673753,896.63257177573405,831.4123434138703,583.73103322416546,552.0226580944983,392.45667443881825,968.46097904667579,412.16812330992008,500.3389347078504,812.08888247064806,294.42706885040803,621.39078287593054,395.61350532910382,596.8407241019512,276.01948207215526,181.86071517505616,326.83036568717438,172.54005647119064,77.443619079386622,30.984291722168951,832.69155160672824,188.48528393644901,665.19437390506221,648.70768052113874,567.4737281948602,407.29330284838505,23.739163774911841,961.22196752129241,687.08961681957885,708.19987619866333,22.461696582243338,633.59675952324005,666.07356482338446,815.22043501763937,640.01769473435877,787.29268477776759,535.46560615576709,630.36179390063262,189.83833826107573,726.94573265316205,530.65784694049796,33.96014713204724,812.96290837195522,188.20516625119473,275.76439720395263,860.39343152756305,131.28622285448236,618.37638673313506,574.93108086733037,797.36197935317568,301.24723148699178,88.736022797683376,142.01819405693013,778.58386776062127,630.63790182347134,379.58464405233059,81.098840256426854,459.09398058834546,389.71951946556317,95.17773474248439,749.15237587635022,25.612743505687291,802.55751547251725,654.01882397974703,465.68807586401391,727.66715740979191,580.76851581824576,200.40618625490751,52.616348854565466,-31.140795885932057,-49.190340713158875,-34.066476109822183,-34.81241417679778,42.38390431019706,-65.832811014448907,22.470184778903771,65.348653414205728,45.525809780009368,-78.562938719963356,65.564753536445636,61.251532555614219,-43.85143191421831,17.763648365627436,-49.45268317022515,-3.5611083552370921,-11.418207071753759,67.601004070423556,72.493381288378473,2.8138065041932525,27.381903123087774,9.4131026283955244,-80.02058122603394,-24.276525263138808,34.794220533000413,-83.200267929625696,-22.602670758880187,-29.446695531751935,37.327344721207226,-17.082850568143503,-0.1471549698095713,61.672338666276524,71.769708848580308,8.5000052428111044,-10.84225603784013,-18.470881839074526,22.11470758503625,32.068089405038577,84.55992224068153,-23.862908802967439,-76.923780451283704,44.756092058820769,6.0005051690815439,-9.6178981690631247,-26.221449879110324,-50.40592089218503,54.404024086443158,21.915952075256175,-10.925578191742543,-17.367091487523105,-6.7150948087815818,60.964354798907394,35.304039984612295,39.299667107522843,9.7720658685526125,20.976981376872953,18.890928063189449,63.171572750662307,52.3857330673112,-82.071710492025602,61.422293380926043,-75.807483789972849,11.520284816422947,84.712984765864377,-77.683267670439506,-62.822903496287594,44.780503312963532,37.092530542352108,-68.618701752996387,-65.925767691308337,60.67933092378987,-71.093933861150489,-16.298358694851693,-84.134158191267886,-15.968716037814211,-8.6891982907190695,-37.441360094804025,-4.1020212529156916,70.22272250516825,52.854613127989744,31.624333951575931,74.998163138257041,-2.7109975904963139,-51.461653522387984,39.704055345534897,-34.73609744771619,-27.460667146767531,70.547484619490803,-32.406100190182322,-70.265628248614888,-4.7695660963533593,-71.376938781855216,-9.2068849484979935,49.709291011996541,78.179516962062138,-80.54494612570879,36.800651473854948,85,30.69375900652788,-74.149022891100032
13000,-63100,2.0210897981890898,997.2420211647177,3.8722580807043698,694.75839844184463,64.790873724669183,199.41597158766683,134.81691452844478,228.30904638191271,109.14989645598271,372.2436515347174,602.99688181900058,386.99196689589252,278.93107461051841,95.113495954600012,270.59794182820013,80.593991630847043,605.78576069478618,706.67185246405893,96.541669884587435,388.95632759045361,796.16063772556481,310.88020543173383,869.71007676496413,217.90201962166952,270.31747757064215,848.52737805843446,922.61819912688861,460.22159998312617,66.557685608943416,851.99338905406842,161.48506992218276,245.07370676107783,119.53912898368907,416.2717382881965,593.38257590146304,846.88519128537735,555.45780087385526,365.97119577602382,454.79324934231897,415.87423488817882,681.20878060597875,520.8657566173822,665.92096083247031,645.58156198868198,371.70582643758092,598.2465935407597,285.98264028361757,178.6153842511651,313.06837467002981,170.62883071437582,191.50547165183693,36.120630417292375,701.21144467536681,192.86807232317054,629.24386670636784,865.63584921971596,336.49321263382728,204.99771406514918,298.19441677762848,905.70472608620855,274.54514245192485,146.99838918055914,807.52648122452933,145.18910539182662,393.83735643207689,793.63840204317432,812.30225437594754,74.873043423155679,487.84172154371294,646.32030608257674,187.47073890176964,703.36804757594064,935.21121468595334,532.01628956997376,827.49179972992101,169.29784749188659,14.830814700357649,803.52263880449038,122.99375461776626,764.49181679683829,604.42045113300048,801.42234455897733,48.652867742286929,778.49379362758748,188.43557319747882,310.15397981609379,677.63172754984078,392.19715050546841,84.840115036848289,480.35815649596634,840.89804902637297,131.66319659713383,724.59919653949271,77.857069549241828,837.99563269596297,660.87099334059451,141.18442744980194,719.19737440315748,564.05160936259131,193.1857814008047,198.96638736460099,-30.748140407469819,-25.024578623884842,-33.919172907524697,-33.162435220045147,43.294432167368704,-66.716513026032374,-79.905852301804629,-13.564162850110101,27.700322436503583,-75.138745654496404,50.135413610955709,10.228559607723074,-43.830752978344023,22.01857609907416,-2.2091340625340194,-6.1728035026216936,-6.3358796296493658,65.276639666038534,66.561265462879092,33.20196759907116,63.706754021804819,-43.501481518084361,45.19048044099501,-30.583623762044919,29.093765204177366,-82.41944981484734,-27.286990982513707,-35.284172283949005,37.165942948942735,-16.727506611805005,-3.853309272067639,-14.627038646221862,73.924472608780732,58.879852467816669,5.2865009391027753,-17.660328259244274,29.019279832131094,84.914172339939114,85,-60.691592813585082,-56.219940828021976,45.005896662681309,5.0376777152554411,72.289677291247529,-26.494202244565557,-72.509385427928549,-5.819102433120813,71.233830435779623,-83.725889588949386,17.212519026220178,-22.543027065603738,61.623730176484706,-6.6617968897708906,20.16336509356627,-1.388010688693047,21.592208617538827,-13.841158432166942,31.447618364555279,52.086597723391712,-72.857486836007013,64.337668479289476,-15.822834211169216,-49.016163992521314,83.797895577804454,-72.571574723728986,-9.9237051725795986,46.013379109126802,40.727485399437199,-68.626568770895815,-8.4725547829584649,47.332153764959642,27.390546937491052,-17.689914888739928,-83.971581906421946,0.26758841724697202,-9.6916717678267386,-37.024748123046756,15.032869564130877,81.332732392158533,-2.730533647540403,29.845368798679814,80.197105939072642,-27.430202531631302,-77.364533430506341,38.677933353089145,-38.01810917498419,-26.199937634979747,71.821871596399518,-24.897992428410522,-71.197637012485288,-6.971259196991908,26.173736894310494,78.113275259791507,49.582094647787343,-47.224790904023834,-81.070865087085011,37.154161617310344,-8.1073752081099446,31.038419187952414,49.263082126719375
56700,-68600,2.0024466552339613,233.5979865789559,4.0462022557061248,295.30721428862398,60.637689721198178,207.25901741756542,132.47839975290077,820.08757809851181,328.0090128309111,479.61870419210135,603.19488445256468,382.920255155615,288.38992965463967,34.291581157740524,283.25141064869791,347.39024366515719,501.24966047315712,519.14835230731512,69.135390414091262,395.18272633611991,792.25879256616463,546.24602005529869,923.80959909657258,573.6838079066124,262.38386582746199,846.44405652045168,948.92968739394894,464.10237770338784,5.1018684075524732,808.87653379009248,179.81850937025521,630.10175978424161,143.41118022804042,973.43716318754309,582.28354669042074,814.60500317343576,1000,943.71676286676029,456.59089125798306,462.33080556343191,511.56411978275162,811.40054999714971,270.95427910868784,617.27138571559726,381.99779985887193,595.44170671667143,394.7264722963717,196.47704813051561,325.39128239770707,868.5882884368998,227.84821587165135,46.912597635257157,808.56244919140568,193.88444324210238,625.30452773103127,645.69743100458118,657.69997358612954,205.85656584248113,372.2174314319517,958.90137447162545,288.39353691298084,686.70285632616185,7.6251488476616398,690.41502867920656,660.49123154722236,840.0367876654318,910.73952152716174,538.01571451843756,487.30347909019741,634.76514885591212,162.8508657129139,722.86235541450196,927.38677835153374,533.47723319010026,830.33705190109652,545.98265681055068,260.50654548541604,819.17216631753899,304.50619469424481,764.55063095401317,83.753264493446864,799.62338437972949,298.82577394695249,276.50117946415332,153.0887038265341,845.53867434654796,671.4261960371432,385.30870395487574,749.37346764641416,458.58655404671515,825.08894018256024,101.8237430613384,722.75079833110999,35.095558759459195,891.01970048036083,807.92557827574353,463.68098733750929,712.39528364103569,579.79921314868852,339.57375945899309,52.550464426718648,-31.093637147200408,-54.324496590885843,21.108870138340446,-35.258434675291163,42.131997565953533,28.354865394201731,-81.717829931847746,-12.991783759800683,28.023636068214934,-71.824387349021478,55.898627780664668,7.1251010164806079,-43.784041060278732,16.591366029617866,-51.289490433747133,-65.955010393136007,-9.4772822752350017,64.666596804294116,79.250416004237806,4.3359540398318668,26.073560235383688,13.257533085310214,-84.863575989524804,-27.096403939329061,24.92343007532909,1.476564514552031,53.476129951452734,-31.614424997859484,-56.12456981256534,-17.066079238300969,-0.27080663051010134,-10.444989026551085,77.665983002823353,58.510443245781715,2.9938462432994841,-12.442942401103057,22.515541071956694,81.949339483623959,-22.803471336603963,-30.247725086401964,-77.501629881320568,46.322675518009618,9.6485829155172311,-13.200429164469284,-25.692248420492401,-56.10673461296637,-11.489202336290429,27.155718172621441,-79.590250523941577,18.350170755004392,23.342502892068239,60.906374603527752,36.029067657836848,-83.762178111895935,-1.6105628148231093,18.761277928093204,-20.505060941609109,64.334949967621881,52.494310868318713,16.273655061173589,58.593847712774448,-33.668345335088617,-52.887056155678664,37.717226212135778,-76.880660681211225,-33.882334647451223,41.391586712437658,39.512939382994105,-68.61734828410205,-64.171480219014796,65.452457799060483,-73.134621959731575,-21.101146601105423,-84.116381663583411,-2.0288453718795463,-7.730409702617874,-34.21521620010374,-4.6090632095831436,84.585595904810305,50.486251778139433,29.774786688306499,48.801884779046709,-31.001022083381848,51.055753034813733,36.332216840810119,-36.923364384951505,-27.25091875079443,33.553377804284892,-48.00005798605077,-70.188366001907795,-4.5890056403074402,-62.372801239369075,30.129971031332083,48.826691521474991,-54.924760163644969,-80.506859926202566,37.603900237154384,59.194766024816317,27.778254469605159,53.783752754859286
12000,-62800,2.0210984692455711,1000,23.689934075458144,698.40549480751406,48.460887222504731,207.48304468190651,135.00765596432203,827.54943489274126,108.76685891666298,479.47243173444684,604.40166460856938,388.97315732492274,279.74903511786783,323.43103274953694,648.92264215361888,342.82817733407211,552.12006647102646,718.41655939877546,152.17923449729318,395.30429496804436,791.54045314397536,544.04876874113086,901.36708195537074,566.0480782476078,270.14367036387472,872.00768886726473,88.383644678999985,466.37695423973264,23.636688511685179,819.20143386679797,127.00796280017261,630.0625533153916,19.328825104841286,121.37302008180717,576.8622373624587,818.90524984968511,979.55902307992619,374.78080852617074,452.98643207214434,409.52348415534004,491.29675077758441,811.26281562108363,650.81595058151788,617.03039890038019,769.76209047743146,598.41817347391031,270.58873777105032,210.4550672631155,330.29945816297374,174.21189873328413,579.58745218930574,42.708275517303846,832.45978366673648,188.64470699482115,662.19378819286794,647.98157136703958,347.25047725292455,201.30488196915633,357.50572297973468,500.08127397656375,296.5929781084472,698.10833412281443,22.458913599683228,22.380322700723525,668.91142200991771,840.16261487442762,905.30332334380603,536.65087836450095,487.45325256827857,629.87703131744843,137.39898546093312,726.90722882952741,923.01689117638921,533.2980981144218,846.31351771047321,158.1657595226641,260.34199276847289,818.47449186561596,308.08061135476487,763.70350330401061,575.11673655215645,799.31135706332839,31.033049332156878,286.13619983249475,138.45400869395587,739.41908535088953,670.99056850067575,385.01790136832881,54.84924375269344,459.00864519942047,839.6619808771195,83.049842617943426,741.47958684776017,347.16993850512563,795.27633859535433,807.34505734498759,465.15570666640207,712.16866359419305,580.01697487649051,192.88859796041007,47.550090242329574,-30.743390728243696,-40.328722595239043,-34.068955776148648,-34.057730335159157,42.121569511087444,-65.02609571305382,19.889172707367287,51.737925253701903,26.985328693875413,-77.398429467028024,-50.328814507607149,59.925530104872891,-44.153419518790031,16.712960301314393,-50.139062633526706,-66.067058637052142,-9.5229671038010419,64.878638389434869,-32.539259756828578,4.138372921182814,26.825864194239735,12.377202037969685,-84.904021417937955,-58.335706579360078,26.915210923167351,-69.470507826541436,-26.824823182770611,39.267419351991848,-28.196359878837757,-16.892655246480874,0.5541738967034453,59.910304750509887,74.925635139474238,-33.668838422328378,-72.245904546953909,-17.427676092356457,29.145990634273844,83.562274563214942,-24.551520583710936,-62.298285964815086,-77.52703638621584,46.317147187034479,4.9705251935912216,83.787349164603313,-24.760710129979437,-51.194631430246105,-10.593481895693426,26.836821253834511,-18.543917951365138,14.47165594724823,-7.5471886284351584,60.973960178737087,35.267137298603231,-70.328608924875539,-0.74514963332643458,20.970425094713132,-26.08132770660518,63.21629028700449,52.493733818417439,-82.074484253507279,-17.204995348730673,-33.864737678291256,-52.932934906220552,39.344480967197256,-67.187670597563155,-16.811077956861162,41.623998396796821,38.854874290040627,-68.487169649900807,-0.77567930481765224,62.550942909268805,-71.959292566309514,-16.377179936675823,-84.106959880343851,5.3358775718539571,-7.7231559007208661,-37.33904699939869,-4.3149250077022732,70.43723225889191,35.352231100889803,29.815491252488854,47.819691641713433,-2.158625839384344,51.367337607464876,39.731324583229856,-36.152302064336205,-27.277679482696279,34.205170673028817,-32.380404939774643,-70.212438876512081,-4.3773942895817761,-70.900857729861215,29.764863141100889,49.55067719972898,-60.775167163423653,-80.505717625397281,37.01136759836151,-11.005425854095432,28.283967121843343,49.295718112609755
1300,-43800,2.0592438025889646,999.76829880042271,171.86683667300034,679.43283178447189,66.758509706408532,209.19494664552886,156.1926157233346,809.65425208861006,126.92412062775901,477.55999186276557,604.4183418579953,362.54051194362245,273.95443431637403,324.06388816450925,658.9399141876587,79.532996915902999,509.64081550780469,706.71124763505827,579.66880160747746,386.72677468826316,798.19701312350037,548.38915339125015,900.86946999290637,579.6436208424675,261.90191330295846,872.00286478690259,85.146450257926347,106.94723129490406,852.95508266939089,832.35050244797367,76.675521201193277,620.46784988220361,216.39971625465142,124.53628967453163,326.42419503534722,559.24262346019987,992.44931990323153,907.13719652657699,418.40421623953017,460.27888955240689,513.64685320528247,488.32956283654227,673.7897660604109,378.99352362349038,366.92854048158279,598.34373684828427,272.07045798475167,209.68057172353795,114.65820652077942,174.80736574860714,570.59868419155237,42.635060740531458,255.44430671359206,195.90458542227796,627.80666227466611,627.8677061419628,347.36367469971242,491.034366841924,401.37817492944811,907.55728562607999,297.56953059132337,705.72549618234109,937.983808448937,26.08174675497045,654.53497742822401,48.753008694042364,911.2088371826369,902.40748829166057,489.42578886657594,778.16381539832037,138.35789539206499,735.69176965585143,968.69329097348941,469.87166509748658,834.15057167675423,553.07587438903749,260.36595310473717,821.798112982014,311.63156761362706,756.86306129563377,73.880249851686159,800.63203431852173,46.248165002915862,292.1564959822071,191.19714088545254,751.07135926489241,677.27887103603996,384.91665700890366,749.8006361923326,457.44161937185561,827.21591045479602,460.25765478091182,741.36935864942291,13.251677331394278,798.69188218374268,804.86943721745274,463.28169484391719,712.05036049505077,579.04333311748883,192.88453830727943,53.790253106982249,-21.127862079864375,-22.341206237688592,-33.700378197234222,-34.063560515841885,50.345146669242233,-65.028428964462748,22.875123518880407,55.01756430512215,28.127591842856503,-77.364590702753475,-61.402935391421131,62.731025094481062,-42.344642098680097,21.639615261438564,-49.615361744580774,-62.489004871153966,35.799953779792695,64.858188362789363,71.43756927090844,-71.359078072140022,27.009372607921435,10.058328323570731,-84.918046034630152,-26.632971108097049,28.559234081390851,-80.312732749287093,-26.063167874109048,38.705063901328479,-25.45353433272896,-17.178595412394127,-0.11430324762531954,59.195236356915323,75.075498996103292,-31.6782802065757,-74.715873950308236,-15.835885933772852,29.048419461852326,82.875010401464323,80.592586981789736,-65.707819878110897,-79.781821448902363,-0.83620544396115559,4.9352924018619975,83.374496404900356,-24.86462539841413,-8.799969923446735,53.625887847167633,25.190374388121459,-12.947870529966215,14.829185789548985,-6.5856040543418146,57.784483807151048,34.846263019372763,-69.497920681579657,12.094131792014437,20.920118830847958,-26.61584513923583,-18.037388913732634,52.202491371070593,-82.082570100258764,-17.506725686118418,-38.301858455741908,-49.132197180416746,38.577318142378253,45.48753628332755,-15.652244896285245,39.616832494350575,38.525009245671129,-68.618124091978217,-0.82866310179690883,62.893346193842753,-37.522307700323751,72.011537928261589,-81.978631297282874,5.1522491866833802,-15.921476062712225,-35.639381505905405,-1.9062258243797385,80.3309962685247,32.438839181748513,31.480749581166922,84.077296683204906,-2.2380184234306193,51.278089537540119,37.545979829267537,-36.331416744280183,-27.303166261324417,65.848557308054765,-28.588026498091203,-70.21306255863783,-7.0714227546060622,-65.232988634252877,29.009907024103303,53.801355025612175,82.624627827937161,-81.703595311548838,29.487421168748146,-46.202685282638477,-29.937165516555293,46.44029020593274
15300,-64000,2.0564233459296819,967.10080500103481,6.787797002099488,303.55844136050172,60.441292329101941,151.99388400194283,133.34717602641174,489.57641003520052,15.988455655131403,373.47816039677195,600.77765109229551,104.25835265640821,306.82968236775457,349.21055839278324,605.22511316681403,388.45762164941755,609.06133149130449,518.72610353641755,501.83916432613108,376.97410547346215,825.82741732165573,555.76733872082423,927.42637191286997,573.93994278696755,269.95825370476746,870.66008248426465,616.72324403872926,451.12806010187063,51.783125518363036,702.51973842048176,177.2913037418113,648.28601290136646,780.67181570049661,131.71462262273479,587.48956050509719,821.30172140342165,527.51513916719182,600.56596105660299,457.06442237984248,137.91943184706165,460.37230023115524,816.07860909112878,700.27364605856337,410.53867044660939,779.15695923278406,593.83818498382561,335.09700013183055,180.85534499948869,329.29698512894618,177.12209997571262,579.41480911652275,693.75529111202184,271.29213715652264,155.20021105230006,656.37813054498872,652.53714665066786,359.82269915520385,204.89351754759232,928.24913882842702,1000,259.88152607557834,753.13751416543641,14.207246574886558,164.06302856481636,377.03074109533219,859.8890450956884,912.90085456290922,493.67974590287207,540.48480237186254,646.63769441951877,138.44231030042593,706.64861439085917,928.55828791922079,458.4345112150188,826.30141118873473,479.19382762941336,302.09929039034904,800.54422964577896,169.07314180966807,765.51408966660347,624.9920359790774,799.08860311397427,312.04492963124943,299.02896291203371,173.56609527946458,752.46565653224741,639.71291404094552,396.64105836347932,122.90670151050234,459.01874989360527,841.39026497724979,108.07592218858383,742.56685080201669,870.38535795927385,849.25569127979338,660.79909640838616,415.95411889031089,727.47921609730554,580.32479939700238,204.79554902337102,200.74874191739224,-31.405488585628852,-39.405332913218174,24.812192720466754,-34.255925504577434,40.636830035417432,2.6331795819382506,-81.299633350983953,-10.922032725878177,24.250134851738828,-69.769965512626683,55.613881412234491,8.9160771843410789,-43.529616703537258,24.977737981245422,-46.399768926665359,0.80359988182584363,-10.288475812016777,70.238321093489233,-33.558262076712325,29.508392865948977,76.450560226802253,-43.578370206474013,41.080559048808723,-55.031720207672301,29.421906294437601,-74.817525940148627,-25.703094450890198,34.952199336770889,-20.895418920693466,-17.601725748244043,50.729776376085141,59.561756183714515,76.683457083711346,-33.035438935688646,4.882276757843437,-17.920532202355922,21.999833732364671,80.636575680864141,84.945783562421809,-60.670633207234125,-79.732057008204649,44.568578689525779,4.8416482954440294,-11.179207201924836,-48.530671095835899,-72.540257666876556,-8.4758984506869819,-53.388382726660161,-20.424509986327799,14.536418966423861,-6.7379917351514758,57.958099662980963,35.130749709704851,20.443810931454927,-1.3854659193773124,16.884395068031861,19.864695689011427,28.953316912824739,53.488146417041079,64.763892704071807,-17.293999032347887,-13.400249660705152,-54.164004427861251,-15.525421019294988,-57.759371653913369,-69.931931289514893,-20.824360040870232,-11.396145653942021,-68.598588966347108,-2.0262550776500641,54.657261455719024,24.417215082392975,-15.726910152816682,-83.982160275546207,-0.6126191198635631,-8.5038632829270213,-37.832546760170722,17.917454113226977,81.408058256831978,34.982802965289352,29.742969895059186,85,-28.799782246045886,-80.372013869844068,37.217577441469984,-7.6929263559260921,-26.070045975994006,34.759060855725771,-24.9720877857314,-75.244322561546113,-4.2996951636364082,20.82571832065728,84.646505025372747,48.909973818970947,-54.469394763176595,-72.880816396231452,37.601128787848346,-22.381301135156264,28.17807985423056,46.617054678589255
41600,-65000,2.0595693463536064,428.53393262318809,77.87525706420746,339.73755382031936,66.503239920177677,209.88065935009942,105.96316904994048,809.15468941644986,336.76920907921254,481.98900488381753,606.77483284592915,375.62597270414255,268.9713441007957,344.35010876510739,105.10384440289187,96.107623145983581,515.48503068920741,728.67041408260366,580.51824549993989,26.796900724469026,517.68478988880531,563.0355774556067,928.99910278889661,578.90720005248158,267.56854281647958,843.59940753442709,925.91401379096271,95.843859392582914,352.98854460122686,832.09690151931795,824.14778324386157,620.10171737278222,221.0729103690972,125.71685105204199,326.39351846176851,576.12678842776313,993.35060227900681,885.32043458634621,416.92795597902989,413.77331438454098,515.74850049224199,490.51719252825865,671.43366296188174,401.51038638243057,366.48937131269605,598.34067884701642,275.53167461899079,216.61285828725158,126.40590595683273,176.48799836509173,560.74842344771332,50.339521798284139,817.59303018895218,195.89192690783668,627.65347008927847,625.46525303167152,347.21496914568854,204.11130161710648,948.98934542799691,919.82962518054546,294.43508129298613,699.7081868020357,940.07546883061877,601.72941767896828,653.17042150082091,41.153033831118591,907.79237036206644,902.11697355465276,491.66029858622056,649.08340597739027,141.93018821244721,746.4513207300472,896.26797929695101,531.71680763681047,849.71827252482467,543.4342930498434,276.53276708235802,817.28918731643125,118.77905474339832,757.34996603686375,588.25793054462019,800.62031247212553,47.207534278012901,288.79890534796942,188.63596902530549,696.10194307832182,629.65517445584203,385.06385329608543,743.35356839554981,480.40933112392395,827.21163641835858,87.135002913952903,749.41177882561624,27.110138882457562,435.15719640784778,812.57496571839624,81.745350060163474,715.34691984910683,578.99876232764177,192.88482082265358,58.808224552933979,-29.333760494593928,-22.315330004247429,24.580333583809715,-34.063496209485322,42.015857900830717,-71.538349056953493,-77.369482000024391,55.158644263880092,28.228671291555852,-69.475824611107782,53.443776193323558,61.876389558808341,-42.390711609407482,21.237738746395198,-51.390821315683127,-62.425627974585318,-10.802224183705041,64.835852387558106,-35.279282766099854,27.384600099250573,28.665949952310232,10.812592537679102,-83.62683468687041,-26.572687367897263,29.474659745794384,-80.576723990838133,-27.507501263380686,40.843790502124534,-26.932340509678017,-17.067171770535811,-0.15196424793650692,59.202599055559702,72.112546870390503,51.153980970316248,-19.647865681657429,-20.602287490138259,29.902350908146058,82.887268491847848,80.652365605411191,-65.557472253484192,-45.706625969447416,43.683937143436189,9.9539104430618561,-6.3297075693104787,-24.938340715269057,-9.0565175041630255,-10.999821768563741,24.717232437820385,-13.21652541204284,15.221866306711034,-5.9932585073490312,61.994496152348226,35.443513647561986,-70.045942781007028,0.29115857372252574,18.791166736465033,-31.064383813744517,30.170587297597109,52.207002764659251,-76.590765978145811,-17.495775700384542,-33.243097476969083,-49.127576816273013,83.519147929883033,47.448720360318461,-14.654785431459198,40.190816939869336,38.082733620346126,-68.620358660235567,2.5970482175505207,-23.090451195970605,-79.56330607548604,70.087348710774137,-82.085451447630462,-0.37822372391325931,-15.920607236196977,-35.625924418710277,-3.7603791863765053,75.252150742043099,31.19535002803547,28.982586053413812,78.081758742703855,-2.6355173034337112,40.910211061361252,37.557938762305099,-34.420512811643803,-27.318247712708732,35.912748714077978,-26.37131830985976,-70.066119760300467,-7.0574421604186846,-58.941550759588175,29.019191104042665,49.526385675526278,-63.931003191353732,-81.716420903750972,36.788000979169929,69.10385092091181,27.800815429090804,55.158927821150066
14700,-63800,2.0004066303881345,974.46688728145523,3.9883473855996949,335.75521327910019,74.910261378282158,267.52288727230285,105.73556385042481,540.92656361735771,260.65582567347803,382.27904164298917,615.28034849065534,132.87532376489662,298.14259689025937,38.38014889613649,63.890940084939963,79.876644622135856,1000,735.89857581750175,101.74520253186117,422.34688979028385,47.694042025187912,523.68733178953369,444.44775747687288,582.83948757390715,264.34796562418444,864.30313662340711,1000,433.26342688348234,860.93562828362622,648.86926236791714,909.68455150714885,387.04587425257967,788.01011414851951,876.29973887645497,839.26734913846121,583.68740404920322,550.35408106666375,392.38175448505029,959.57175476007819,463.57053144034052,500.29028653326338,887.83545851467807,284.38754649272278,656.54590739006335,401.28508417916828,596.83149766913823,275.83910421242007,181.38382580367409,326.82226674567733,155.31139557196838,72.464110968227004,34.327460085395849,800.16056330807942,195.70348852769357,665.28265510136737,867.41397167265154,567.40999442150166,403.98086595747225,28.653905959579433,967.04973016474821,684.7626337243845,403.71927835815734,12.227644470150494,641.17498498926216,262.23978340769298,815.50581026800751,640.05179858418478,860.68169008961127,535.84703024739554,640.51153685598865,186.80331731468758,718.5854224725756,525.44764551089906,45.686263535524063,812.07974615112516,187.18077135577278,275.61763471573175,860.37941616266153,144.03900336814735,636.81053488798079,569.78612579789922,797.36217894476385,301.3149177397201,88.68808763814485,194.03421550367281,778.57418352153252,630.64813416722711,379.57423026202338,743.77023190123452,460.54119549940503,387.76263737280772,95.18562767190376,749.14916914287903,17.519349566987344,893.8728845592284,650.68255645539057,442.03278451732581,727.37157687332626,580.76235960756014,200.41031814225076,52.701405003436953,-31.140787822799936,-49.165972104093882,-35.136503217588135,-34.810251532744054,49.265857710677047,16.502398427232833,-75.082424855854526,65.170071037022694,45.578477333868257,-65.161666608674452,62.685929971179576,8.5858136701095695,-43.851433744424085,17.764740325638336,-49.452829936065093,-3.4435490758317915,-11.459895972945406,67.604044205536553,75.781658604036181,2.8138102244224328,74.222275008779562,9.4932245881751811,-80.021258841280726,-25.137739245423496,34.778359781287719,-83.172564953447335,-22.600807645774243,-29.440059531829291,37.416016815775954,-17.082515342467392,-0.12399371195307474,61.67180506655663,71.769328123383232,8.5565444249297506,-10.387849740288999,-18.470934997866518,22.287161199750702,32.063586208132193,84.528740493125085,-23.856534431880807,-47.994212384658312,44.748732381572822,5.9846628971967197,-10.525162177044582,-26.114510921876281,-68.993343768640031,54.376880741203593,22.118462843338605,-10.925190475218074,-16.737850586291128,-6.7167901677102568,58.699328401006532,35.304314500049294,36.68376643556276,9.7711499725010462,18.081254803741825,19.711099391753336,59.455998856833617,52.385749532207839,-82.195385009063543,61.478893484314632,-75.808100506100516,13.214172437485516,84.307092197723705,-78.142499394611477,-63.065157463938604,-25.976755017951131,37.092925677468287,-68.618637300535298,-65.108014982223509,60.679558911726531,-37.328772179884268,8.8383300514381951,-84.134381331264791,-15.972977328138493,-8.6901286013240551,-35.343368638656088,-4.1014647091657324,80.993765276855811,53.034428016660392,31.618414416020155,74.56325677021006,1.8647756781616494,-51.405943996601664,39.704056333547058,-34.735085647773687,-27.470814471307957,70.155921913679663,-32.404857332688451,-72.814860849991888,-4.7647729128093426,-71.349380422414228,-9.2421864554917832,49.697727829400257,79.819488671825098,-80.986138791937833,36.800620776654128,85,30.693446885876888,-74.09518982536116
66200,-69700,2.0224279585254701,66.896133365386788,3.2504747322240632,664.37784430015449,52.695231540364432,205.63480553954668,106.20797193433916,813.04435804343109,109.75669666306881,387.11104155604323,619.65861788188101,119.95297725607296,283.1276683023118,351.02359379451605,650.744896189158,117.14009226775306,529.60745944624546,708.23922599249818,114.76577494169423,407.92522461941735,13.413819235787287,330.99556357149669,925.68509770355877,136.00157644260173,262.14554643425578,869.76343151527408,925.01660692225994,453.65937558805962,826.09206686968491,849.7295449880595,82.028305398667811,257.0972297069419,73.710449442839348,809.93053825637776,865.53708191050532,839.1208036836515,555.47156331654605,606.35891998396914,844.45445287286827,428.23889114626462,487.63141817910201,522.67463876011152,713.9369743516902,404.25410634662359,367.51973420174789,597.90053677728633,286.5842965053489,179.06348348733465,316.21277131961614,148.59838131944664,191.47044495869656,766.81432466801539,704.52172275135786,195.03197416359544,627.94767752626899,874.3546231290245,347.310949704113,210.38578837008492,306.3529664402098,440.28699012657313,275.43711392777925,402.39229997497119,826.86144472452816,70.50450088643953,627.95778788057225,171.0877187456185,815.59910227443879,857.94307224500824,534.78362734257394,646.89269124358941,144.28385847303718,735.17846846681402,860.28469473966561,529.25911624850039,826.24220873575211,170.43272948925457,4.6526826294028467,803.70772947190244,282.70114046233522,767.17296531075101,99.764133493988481,801.6063398657592,311.96538946763235,751.17031575506871,197.16371307244194,724.31889116448883,677.55445091138836,387.41573353283081,110.92641922796963,480.14479768133765,825.44308252068947,124.40396690791466,743.02558311362293,33.052474815308841,787.73833262005326,665.16155554919703,475.43462364468263,719.1441360001885,577.00173391138208,192.88538023441518,41.669558107312326,-32.393644971064305,-24.116170259641258,-34.381038544761779,-33.397622208540135,43.479753308909288,-67.992693633334937,22.178290411022324,53.928503146851284,-28.351439793776667,-75.893732498165008,-82.944807352866505,64.400511501261249,-43.885074768194798,85,-5.7040398223669486,-55.584101594317659,-11.097801324578677,64.815898354500348,73.62654005881312,33.319832594425321,60.531387609775848,-46.596921848417367,-71.19258511533225,-23.206385932366803,29.882662398422447,-84.021719954245356,-26.98624867120769,-31.276732341742314,37.226093645194254,-17.056123013521091,-0.28477869914075316,60.728202107174127,72.425895218407064,-33.469984407716225,-75.973584408822362,-17.566572230940206,29.168081045899498,84.222224652419897,84.582274653991647,-78.329628211001889,-51.360890625507331,46.317666135935532,5.0956456224544615,77.332919396364119,-24.853263993180747,-72.25756307764712,-8.7282018561445263,72.676026752279498,-84.888956111420413,16.007665266699039,-5.9175907994003305,61.92910438109697,36.370982807142262,23.225431894460243,-1.5660301875051279,20.874528354044774,-16.243093848087163,31.458789609222762,52.395494384451119,-73.166287019914236,67.421299404114492,-57.779285743885424,-53.225572979919797,36.549404141040867,-63.626901171237321,-12.326603556244789,44.626546662399299,38.507786859216779,-68.623958955215429,-57.183665511196558,66.028019444915145,-71.887758854575139,67.194214903626772,-82.229104705347993,5.0195823747224502,-7.3930317969527515,-37.07105234292721,-4.1769271765337947,81.276568537700072,0.67261936385894194,31.948921321506994,80.239413308858602,72.841933350519469,-66.746031572437431,38.661422409037328,-35.084903452993345,-44.403005540208916,73.091388191603301,-26.339572242878287,-69.492207142880488,-4.6476625120048141,-59.352639996728726,30.00898552087726,49.330257324530763,-66.745958900181265,-82.169354698317804,36.79590244469432,-11.714680521740302,-33.041823688014389,46.607486522315298
50100,-67800,2.022249455331008,351.9503553041294,3.690286814414105,346.74229283932232,29.591840275622275,153.16576229056969,133.42939545623355,828.28928810559432,11.888284563453254,378.98049161142717,602.97695464970934,133.2104892397787,159.7741257070241,58.086793186848617,676.97240630089664,82.366486074002594,608.94099424179592,513.65905287285511,85.397868615235694,424.03768724981484,848.95688859778863,322.8344607788631,911.9115052795828,578.7436153009977,266.72548165293779,844.03857100243169,616.89162496964673,447.7905577325929,85.452766197975848,691.48711320094731,913.56136121787404,245.99552352668928,793.72395901055097,998.45056514958048,328.47292205786073,813.50632990049758,527.8696431843407,934.87694257243538,984.86676930422323,117.36975606042847,532.87324311190309,814.64113328446876,676.34017133344469,404.69634296989557,374.26223349010007,593.93395055672852,272.36064849994131,183.20188922968785,327.97583390003746,170.4780581824416,572.65575034210849,71.652536257551731,850.34512356463267,147.03992384605897,656.39501921975511,628.11028585727479,352.45810416720104,201.73054794652685,886.12849585469166,514.2331468996158,651.97540313138222,788.13415071253587,15.729440996010664,166.36608029987045,387.86212725986047,860.01114906479506,910.74919221176538,532.22029832202315,533.66948110339035,646.86302253562872,140.32985668321581,749.96838917542379,931.72596322707591,537.05517279004368,830.3924287235368,184.15688837347059,301.69954258433512,799.19726968561031,133.72156188749977,640.49260369848275,590.91804309758322,799.09264058918302,305.96462922999171,168.87260780677337,151.66231426203447,751.62617777614741,676.88158837863739,425.90007761015636,131.57402344852909,480.80715974370105,824.58943864149478,109.96008605338938,722.17683486743147,803.63250122124236,747.48792007181714,669.25267104985892,420.67675068848712,723.7519806691588,579.8896310658339,193.82304187632749,200.74025022542489,-31.407645650536701,-30.236395788068759,27.684815362564475,-34.240820345184098,41.444931550706144,1.395923901340332,-80.817035518947733,-6.6059549637828141,-33.59240310229896,-62.219060290946707,60.231439210917458,9.0958878840721624,-43.845507159884924,24.590443255431502,-46.414408116720544,-5.9113606352450248,-12.556603940731179,67.491211492956893,-33.455964459099349,36.940273142034066,76.562276747200116,-43.565323950453958,-82.710029666000722,-26.929984228228513,29.210339683747232,-75.027170516377069,-25.713376144281678,41.143478944252571,-51.712985408290919,-17.620005361772893,-9.0699152026623366,59.621743772805914,76.560575150861339,-20.114288119074523,-74.464867370625925,-17.253754137327579,28.401987951512741,80.753608162058882,82.436633383259419,-58.534720263561937,63.156172513113276,44.548768299764198,6.2620931376019211,-14.705739704234659,-48.470038630810492,-72.17014954860818,-11.733069894994463,23.784255754993247,-16.404376730765598,14.345651362974813,-7.0152460304880826,60.811839286849484,34.986026401754998,23.201307594251446,-1.413974594860133,16.855351959298368,77.322566043551163,61.73499356330678,53.447808384021094,64.481861004837469,66.388105775665622,-14.399640974141066,-52.009240181617123,-30.805703929600412,-70.866468651934568,-69.990466958347596,-20.25256166070303,-8.7264069620088573,-68.586169467156438,-4.0838482338226498,-7.5436028509579458,27.208749505458258,11.808089281600326,-83.998763167461718,-17.958158247850633,-8.5442151955918852,-36.963444693812086,17.972892167175942,81.595894065700165,2.4772686080487016,29.925887218858648,81.060095598857728,-28.801650285165209,-45.13824825925446,39.620388929950344,-29.614191501174822,-26.034799498976437,65.216507595443474,-23.369391931830993,-66.290871819651102,-4.4737639495885499,-56.440244822398085,28.887969882757293,48.841746710122905,78.462115038536325,-72.647791307376323,37.569183286035447,33.821880140589471,29.44276426399027,48.931003044621583
100,-20100,2.0183338935929669,999.96183948670739,173.68505664177368,681.70819108008334,73.091390863341076,217.53488322822554,134.96588126356073,811.4682886368937,354.37591994657168,473.99396852689659,604.43176041042079,112.81141718803653,155.94531682434928,280.81786710927474,620.16217042803646,79.180152976849158,509.74371730816489,707.96097574506359,93.177323822298703,385.94399668871017,522.20458560716918,508.68001651993035,935.02678509239047,580.49071821024438,267.66274699739233,871.43708165113196,901.49952291477894,115.58086948030625,862.19961683225415,360.09503162613657,133.98982372501024,644.17954799006816,142.0025292468963,947.10807753241318,318.8468115161109,816.98369569790884,999.83916595293067,836.76475377952261,415.87795933422382,646.81685994779627,534.20861606779135,882.94874064992496,681.0125381976103,637.33860442852938,788.62508754281794,598.34358510363563,261.35168228063498,242.26249087670865,132.14938261563813,174.4208580835901,65.772733425750147,16.43749185167588,233.05731492684441,197.22255366480954,627.74476305612563,873.22142230001805,348.96755212612834,184.37416544943727,302.15823930627221,944.97787708230612,272.28672719878716,733.01727108265777,941.81187602187811,14.66221713448679,481.11016934377682,55.80284809296522,911.55570082041629,912.09645252352902,517.31435108724565,632.21093209891694,138.38477952704778,733.52456507924364,95.58342881516613,459.93524741851297,811.84445306713212,562.62662576693515,260.44584329278553,840.49323163927124,323.55324794343159,776.54229871133225,73.692810674302393,837.25339707804449,282.30851751274031,290.2799693480984,188.59417880956948,715.63775090027218,682.11850186139236,384.86327820140394,775.61665796440536,480.32248427620954,825.15408701307479,64.601920891331162,741.77230111314498,12.089996573724763,800.58515113067858,807.2390100016861,186.42236445613275,711.65143087987599,577.19217890004995,192.68945746704483,54.484400604441035,-9.5213348076924795,-23.999680388578167,-35.026127137637971,-36.015412771679898,43.138225211747098,9.8179157536426906,-76.608359079820616,-8.6336233077379845,28.181238419388762,-77.350994752785667,-58.057371739278118,69.9275698011255,-42.520684168394219,26.183387254403556,-50.022253425057897,-63.048422980442218,-6.4710385286872025,64.531266342682201,69.621220876742854,-63.316859182215296,25.905522785465351,14.268934376598342,-84.931157924231101,-52.020272560026889,60.949835117184236,-80.454099440462883,-24.27120666460398,43.135619741770952,-21.803222518899133,-17.175249785783134,-2.0478658376896877,59.389470378603527,72.427732721041906,49.536717799324521,9.5084053117726057,16.817447067822883,29.039291999398678,81.13052766331441,80.743159729905472,-61.719360325657071,-55.171480142489976,-0.80846967142115389,10.364422020542612,83.332198263851012,-24.588559337800145,-58.093515250417752,51.237040342632035,16.300209390146364,-13.839620010543468,16.894910722991821,-5.2696921396325731,57.74286229656893,34.773631103528565,-69.41707532559856,13.404716041634513,20.241197967446876,-14.038073434249702,-17.155130500052316,52.436288034619871,-80.597493379325982,-14.720987833715089,-37.65235868477928,-49.311012129440655,34.21009915532499,44.029836200905898,-70.277919497709547,-24.26294685715143,-6.312974963730837,-68.618518198152813,1.2990148451931169,64.373152336031509,30.792947265366756,69.446178874571885,-82.242946493175111,4.8340176145598353,-15.744408041134042,-55.297094060847456,-1.9609463635542943,81.476496820622813,16.15300988559126,31.960798774402857,23.853865847139193,0.10160669703686409,50.795823727048656,37.398883056068918,-1.9819423295188656,-27.228178060293626,64.586110411336847,-28.598604784081679,-70.555127317616183,-7.1157076170864233,39.729383230566285,30.655596463035039,51.331184473230721,84.273111315715468,-81.026461903287569,37.142133611921068,-4.3364060439184158,-29.837838775259087,38.013509416220444
6500,-61700,2.0212534061338605,994.80061173257741,213.69174895960015,309.29888386221171,70.313561643823931,153.4690717389183,133.46861229065993,825.97184452512931,356.57152730991766,473.8996666075285,616.83481364415661,359.63564351552338,123.74706578450453,1.1943470234896196,626.15720764998764,320.02510645048096,499.57581582825799,704.20310118270834,70.731076104783355,423.36894167674586,864.50688368713463,554.94974113306648,935.78912584869147,594.83918959700782,270.71453797912619,876.02624884342049,636.92368865623155,109.67706598111479,101.46183746235357,181.19894531455867,984.02755517797868,231.51959054162521,302.1753685528555,13.619803770552494,949.35163797898645,798.89966191112671,485.55810920152544,948.14968259592933,452.20244775297419,622.47923142081117,530.09994346473331,815.06928979496831,263.39157290973168,665.22938847865419,365.18132323756868,597.33252075398536,277.78710588792092,177.91236230286731,312.7518594648119,171.69584988383832,587.70931107137676,30.075011035856846,239.53493098694594,196.00388592822148,656.45265604672989,648.91227116711832,340.04836750990535,221.1964339238327,899.36352933415617,894.7122115051078,322.76145587164888,390.7343699644166,926.36227201056158,113.19227096791829,389.84348616684156,75.584340243337806,567.14086759341944,910.40150610160777,532.59214819905787,770.37713129759391,140.14332088972355,748.69129019363822,633.548263436811,532.19339115501407,872.65391881831806,557.3736426603059,273.83206618090304,820.25774529286343,282.48259328638306,638.23733972331809,603.23192622143301,799.52460643070219,305.73041475268246,166.4589000814357,142.68381719472384,754.88639703642298,678.82882291019303,428.57951628568821,72.742118344593905,480.80723710370489,824.41502724781378,125.65254705310954,721.85304166422122,817.64768872104173,391.61282889965491,682.17812259872414,457.87514754532555,723.98764192618705,587.24720740246562,194.29412127924178,195.12008879907984,-30.027933562718662,-35.14582028464141,30.139002215267446,-29.819813978108655,42.042884540961481,-65.451607329393809,-76.866870596242094,70.78875864172916,25.631367553135711,-77.50784800470386,54.7025846333079,11.321031226607975,-44.064008701767989,20.160776045041612,-71.388632260536738,-65.203805144857753,-10.653349009502559,64.832801093630522,-32.743903454929779,-65.995809776429724,76.927117339630058,7.3974483824217181,-84.053656358222113,-26.652279653035581,33.760413552797807,-67.37954196722103,-64.566748760334306,29.72081307311975,39.41720270524273,-17.657671704108708,-8.6184978245120512,65.70863486828766,76.501507419313697,53.267932552213935,-74.628060498334889,-20.567230921794252,28.899124584750972,80.665112765220471,80.431794840679601,-60.677088588785651,70.183527810982369,44.749703328488998,6.150069469583185,-8.4186844066359754,-28.266442364236948,-52.67296894869618,-11.738137480918981,24.929260968677159,-16.42746603531468,-22.744558644035155,20.102293220577728,61.085889117638089,33.030897955947076,-71.637227195021865,-1.6111180491446024,16.371977202339277,77.281086857609012,62.031913752368681,33.565466774224546,51.420204437423777,65.514978029698938,-19.230985330708286,-43.73585041885574,-2.8908392869552202,-69.610071242768015,-70.18281975674148,-23.393249884330114,34.989663017750964,-68.587053095945691,-0.29362796971820515,-9.1415295584554492,-72.250532095810229,-24.289951488123968,-84.219709612909128,-17.707473187119007,-9.7093663093765326,-37.620413658202025,-6.7219562549876946,75.857818207300795,2.4318706954974409,29.917551672914882,29.355312513051516,-34.550034124276721,-44.88179452453717,37.300700296127296,-35.11849468011458,-43.007019903139181,65.663663825625022,-25.485794487099636,18.113670471914531,-4.2842228859454599,-57.164559781065719,29.448546420571141,48.872637204682881,-53.154611583573839,-72.636681321065211,37.007572486571668,33.636232497268232,31.055151299651683,49.00479690518857
60600,-69000,2.0218487781666652,165.54168286822517,5.7119724854309979,166.9055484460618,82.044054658328434,294.91695894670983,133.47187943284911,820.170760443532,317.80092867946405,372.3150106626324,690.94233619696854,361.56682959777072,124.59670017208006,60.725249104182751,592.21891669061836,102.56856405659796,548.67497712537784,731.46302118591984,166.34348104682442,394.60822024351052,832.04566449936465,548.9283393213351,928.34372388650922,556.93513981476724,270.130573969968,843.07825661152049,1000,451.01366562162269,41.004446717689945,239.42352520693368,170.85838685092071,190.34348828790979,309.27818574445701,879.4750822014305,590.18819341878816,574.75208549181161,538.67816965378893,370.1123844093583,937.28997561903509,651.2141779037737,501.93696677895326,876.54155981322651,698.83441644329821,402.07856020532881,403.72514798536258,597.04713489605501,277.60069717472351,373.38547599445133,69.16660830290499,170.34393361111441,580.79343424059527,45.954658115924644,832.99449231503434,189.35868757496621,665.35587905028342,652.36925505749571,667.50237212567492,196.80474674730544,362.63326037501645,497.27223124705012,276.94220679060709,686.86886670959609,873.54820676745453,9.503979422683642,253.74080173423846,800.84692799824825,910.28609927455432,16.642631220808624,489.09739187586547,639.94279467123772,140.18159436461372,727.6689790240747,537.47340433340025,524.43820079432351,269.92506889303394,172.64728104299951,277.80022166022286,818.03959179323328,171.2510688223702,764.71034962985686,623.86366851236141,798.96578668141672,119.58439056395194,41.696535201328004,171.63575237195008,741.5505851903041,661.28297213432802,385.40522474282267,687.79370680455918,459.05272606569912,365.87098820396216,82.97106973377123,750.53650276470478,92.299717846945981,786.71196724473452,806.75995290893604,472.80282938338473,727.83095865047301,579.93727424467863,192.88763212461652,193.63026015608034,-31.332058616785471,-39.663375797471687,24.639907426594654,-34.706344990025322,41.340041088588613,-71.462671288810327,-81.931441302649006,60.737366426910079,22.519172419638821,-69.496795423559703,-58.749013062533237,3.5451776397258783,-43.845973919083555,17.967671684440198,-70.877019562624938,0.476996306538787,-10.081837426760428,64.911355896833612,-31.063020712799567,5.2948302909485534,26.595966944777011,-35.37485428896305,44.390371572991477,-58.37295370190057,32.185298872767369,-70.219043582466071,-22.670709348301827,-47.236365845716385,-25.583794117119066,-17.070031880085661,-8.8487498637993802,60.016341889536044,76.577892201482271,52.119898904530544,-75.387698352370052,-20.801553960585224,21.194466158838459,79.574867515561039,-29.632212544676729,-61.840106624556043,-44.326810663883123,46.356470112161389,6.1366673278726482,85,-25.721902233832498,-54.896913091507287,-8.4398534055431114,-53.2456328340376,-20.051806050195928,16.17855799304786,-7.5269125824139582,60.990539881444676,35.308976105327183,-69.321754290741183,-1.0868803460699688,19.123428104752819,77.800020388551189,59.396073657390488,52.621762982890161,-47.388594110911484,63.568662638577223,-34.932698993462807,-51.9678958722183,74.754105918568868,-69.799642320207482,-65.053162596814417,-24.294333426430143,-10.039089416203929,-68.612397566640254,-65.819673130502181,-5.8846148912885159,-70.523046666780715,10.54680207599632,-84.569420993240897,0.59162026668108325,-8.4881070685354807,-36.196867126637159,-4.3104218814553779,82.155098524265867,36.054808742790982,29.921309870886915,84.037806369978924,-29.608383596787121,-51.362919346682432,39.746097123211058,-35.417339486787164,-27.266405455250137,71.144165849036938,-32.384822384511573,-70.113553897165957,-4.3791834968945507,-68.539482090710393,83.016550551775097,49.685063347669384,82.817474844515971,-80.508333810057167,37.024517438241084,-11.019740005914411,29.315173115752405,-73.389143513049405
5300,-58400,2.0184074173221691,999.98693576122014,173.62523436119935,681.78114895305316,73.222686361120168,186.95398046397781,156.2234921263105,809.04420139197532,122.8570978848106,475.04200709512253,602.18542131993502,362.57324700414483,83.58729178080182,1.9350011908966041,625.0930645827267,76.581377976334991,515.58822449452202,702.87318082037109,48.124578856711885,388.93527785867161,801.12315605120762,551.19964492734698,935.73606250350201,558.54706255326118,267.64622640952263,872.60118552847052,944.16968972174004,114.96973354002115,854.79043975245622,676.38167673436544,942.10455666402027,648.48931693802626,801.50401807142305,861.97096536661695,535.3086031477759,829.81284888158655,989.31263819198477,217.21204691595972,441.27323147775746,468.04019747961922,671.40418228218846,845.63842542613236,696.10470970898552,619.09233611495711,376.26111402844185,598.41834342414927,388.05098283096351,208.91501208250372,117.56596677098935,175.40570526687637,590.82693678043699,35.144773801942684,764.17843725641092,158.09323261760872,627.90274346308968,625.27565256853063,349.33037474931064,187.86480350158374,880.76150530126949,920.68697015160183,295.63628035748604,398.4835129634377,866.35273242424046,636.38094258991157,480.31497145245385,15.229425308017642,903.11041642685348,868.2306962144346,490.03366201200288,786.71849085474423,139.48572904673844,734.61161685683339,138.77922427769067,527.77611984128725,812.69062540850143,551.19339992878395,258.78339430760383,841.30363252063944,323.67013929368886,774.19394391629555,78.644470812610919,800.40411689493703,57.158723645328593,290.14611259496553,188.92997006405832,318.80270667370303,680.41240708001578,383.58510870676417,771.25873255103329,481.04771831673952,835.74247420679137,504.21476450685503,735.17410462847351,13.295521911064126,799.39242551284917,802.45588068720861,98.637342320137179,662.42234225682546,579.0433977414009,192.9609166165468,39.822182569184953,-28.828156500013527,-22.389324218845502,-33.596638227490118,-34.568233336942257,42.54842632042655,9.5637130694182222,24.304062593917259,-8.4089075386299736,28.223262258318893,-77.353940134745145,-57.72227731590322,70.062517459559203,-42.958876726363783,19.616099543333142,-49.138873197478041,-62.71077340613823,-6.3312334334128524,64.810104832624432,69.348108775560647,-64.276251055763865,-39.268370931551054,15.105196606572241,-84.8282709897953,-53.839336340394311,60.639553482889283,-82.410067754238128,-26.312244473294665,40.064085115859562,-25.309580287767901,-17.09191694878777,-0.44589104971400939,64.806133982295464,75.054755732099167,50.53589536751344,-23.173376992281277,-18.077953032815817,27.582342311493274,81.14218669153081,80.752143943243155,-61.748916743930039,-79.895094601020432,43.624283544473812,-0.66459688718066445,81.755202600525678,-23.541928994733745,-8.6914806506601305,52.165907105780249,25.313273761056472,-15.12952229120296,17.263012648458652,-5.524009389105772,62.30805189458686,35.424140547823953,-69.410637345784266,-2.1329004583925948,-32.271331713981652,-25.179130563907197,30.165168734911315,52.401037244440062,-80.548884225185077,-19.867705584847485,-28.343568088245608,-49.153047726778034,31.890956844711368,-62.49917800092544,-13.019536182779353,42.456028316145421,34.76403622316441,-68.617796508861275,-56.167726681424696,-15.141323959948451,-82.186226806819406,79.511696307176123,-82.632078540440091,5.1394781347024363,-16.195258074756673,-54.8403142965225,23.028898614256498,75.208598748035897,0.74521038856242217,63.130402978918305,-5.7801715454871996,84.200478009733956,51.915387760539012,37.394479525017395,-35.08350540561834,-45.367230761725018,65.909489170360231,-33.010635657771331,-70.494238497521891,-6.9964117759218487,42.065711993766215,27.280102260007716,49.806772600971179,79.001715813941203,-81.714616368944505,36.805373707436047,36.492289044884586,27.456312479096471,16.285022158909101
100,-20100,2.0199248684686859,999.7822167376894,171.91675661660389,670.45090283383263,70.764133639765376,216.38860925074425,135.44179045868938,841.81928916139498,123.07747359355628,388.90949310381598,602.00596254711047,112.9769461960248,156.16508844208221,0.76708788547375661,712.01262106279876,79.754401713943452,509.21281824189379,707.92332324362235,51.320780067977182,394.23074274585832,801.64014429364011,518.98665249265127,937.13773577726033,593.70488121914343,270.19413848606104,848.47469445734851,1000,104.20607176945197,857.84466331895362,382.43355867706754,120.19604969630619,642.14613806170348,129.58161361516312,422.91135464591866,318.82804550956405,827.19403848311856,965.88396868076995,215.82249621121247,873.02640246689816,651.37401097302848,659.86029111516712,875.53522715153042,681.1875222595213,636.802315699529,365.47491216697819,597.15004241979534,279.56768648914124,422.76190097631167,117.57338911960345,182.51314162553015,42.944659851994196,788.47575108607225,238.30602145942214,158.46429813566908,627.76859064732696,388.51423842441295,349.67918586553122,193.39788322154388,300.66791993118818,948.3410268612372,296.79819678471938,394.23645193155659,868.60854284255549,18.168966294302749,629.16723726250473,53.241476141160021,837.70044254077072,928.02614711045999,517.3461569179218,775.1527901530344,139.56831579595365,736.29213386640788,123.83805548569305,524.98071572067352,810.9497312664837,152.80031616285757,258.1910634876723,841.80304193503707,321.52729491255525,777.74244059730711,550.66551301308573,835.66826110551483,298.9639791288144,532.79822612401267,182.28976762351914,711.63902466904995,680.41839897649106,383.31556579653363,762.54932364770923,453.3943051255111,836.06971749788886,67.848217696955928,741.61016890329711,12.090206640227002,336.15252814599643,693.31987111504839,804.45336847344129,714.97035016647862,576.9393994854787,192.69687241906661,178.89767974662209,-9.5087675086764563,-23.981407578373098,-34.271639456375937,-35.034307639843313,43.023183797333509,10.299109800426788,-72.866054355252786,52.586252836131521,28.185324740099713,-75.861821059214421,-58.044018471663563,70.09551346853462,-42.37833764667527,26.027504089142163,-50.450541980582116,-61.874548392976365,-5.9931331306173306,64.534028151195542,-9.9178850896480881,54.592039187694184,63.083559148222939,10.441210966271614,-83.391343358251831,-27.495618597582801,60.743641812418552,-83.063737244823727,-26.812293445924759,26.485500499481613,-30.666891590380182,-16.740139227198135,-2.2089000538753343,59.09637362414486,72.474454518384036,69.760109187119426,3.480352459764422,14.725528838135952,29.03966968366964,82.904904951624729,80.438797850949712,-61.732655666469235,-80.24232885676885,-6.4163548897192939,5.9062345136529819,79.246474663102546,-24.591171744147744,-56.67487280865565,-4.4986642476796277,24.904515480928243,-13.721969703444614,17.25554772516475,-4.6426321822412282,61.948915365004552,-8.6678737256756602,-69.420843323332832,-2.0611975543774292,20.254029847803928,-14.291113830233797,28.913012472879998,36.345202619562748,-80.513799157488734,-15.714105299209628,-37.655492774599573,-51.531181969065486,38.59107375027083,33.413636367919516,-14.731465673703086,-24.856801940012012,38.224078994395271,-68.624810287641864,-57.073806840789281,46.840323808815832,28.040268303232878,73.557819273141419,-81.992191774275469,5.0350495568444549,-16.06518523544171,-54.92312858619934,-1.5288613468837502,81.422527287399774,-2.8381692209905758,62.22972099612798,27.087647652750594,83.673933088574671,-47.972373092825222,37.512718295730359,1.0147681891764324,-27.11539195031196,64.627760846070942,-28.559528260188902,-70.555450575689818,-7.1539072148212206,-64.828167206195019,75.034125949435364,51.187418023341529,78.704255749994743,-76.159561833148828,36.969676027764656,-11.951507002170226,36.049127053534654,47.855152821224941
4200,-48100,2.0209819794773516,955.67549445773136,223.00010906737276,664.33889600411658,48.658630958154937,266.55724527484148,104.34235340313144,812.12452180304501,349.87191477423141,382.43670876471901,601.56958731923817,372.97015432067894,143.0047801972978,21.468978472494072,45.56322096826392,112.85988417766683,498.99260247235395,702.78495179249933,71.252162571597836,394.65363116261136,862.79363644931254,564.16703519149246,935.88702962145362,569.46470519951743,262.41120924698538,848.21267793856475,984.53961662488337,465.35498661762063,317.44334733617234,847.32876943019733,123.16834995962608,229.74344161162364,755.29489050207189,938.23133786333597,305.75993078668864,822.03732358042737,505.72336509051576,595.00461874243388,355.69218392649333,640.88249728215158,534.42623934857943,510.62117735988215,271.73008257347851,636.8071314173477,365.22933576835396,597.12543220719192,282.14285054414967,186.38781113380469,117.31330984665057,175.82789049622102,29.392089121997039,25.504274254531367,245.49660283852472,195.44262657515634,661.25343590527575,872.99801973275635,349.40866989181814,210.99667034617354,58.880939565674652,920.19068897014347,269.70190149383268,433.51274728802798,946.34645175790251,62.89080524894193,653.01406162582794,69.732511562823689,581.7551552379897,863.34560255096039,517.21455697333806,643.08617423873056,139.58278731965979,755.08114980760388,651.65421347834717,524.67840286188118,867.51973434282138,550.35959962028141,11.223020503444403,819.85195422322943,296.63375042044783,759.19539905574879,51.522378552244312,801.20101056769613,286.38189538746309,493.56229994220655,184.66310623894316,726.96044370821994,668.15820935825434,375.1914393794047,763.51830260015004,481.46774671884498,848.29370323426599,77.670542238302914,779.1645537463005,12.050764771890574,375.76132733774625,682.84519326239638,819.73843003027446,715.66036951616695,588.5397822607373,190.32838606876797,56.224107789725188,-22.585697098340685,-37.512436750600649,-38.242883009740204,-35.059609281072831,41.938838227370347,-61.807342009716649,12.150377332668661,-13.234489462207311,24.843166808563304,-75.738834278855393,-65.882925890320152,75.466481266175222,-42.59075649285672,76.033547764286681,-49.857440611096251,-61.871336315226856,31.5357696266916,64.528854429955516,-36.398574336474134,-72.051177624745236,67.983958840711551,9.5303538402303989,30.917796482886647,-53.890903513813711,35.859847648486443,-67.228266111837769,-65.230584329224243,29.280523014418907,-22.345266757056571,-17.097580272458696,0.64753295338699357,62.942803755731873,71.931657403656942,56.395157136146111,-75.596964145306629,-20.57315495753388,29.016789806737332,82.901274270078346,80.442100717007065,-60.670370512535115,-50.876418393685562,46.197728285025427,5.1716387859263406,83.269842551303555,-24.346181073948905,-55.617725745713521,-9.6564398140446777,16.398020250335808,-84.586422597283757,17.044605631186464,-7.0656591939806468,61.14138835790488,35.327166895638435,-69.44622528205673,12.673791791170679,18.276124372643444,74.788125440581425,60.910297948362874,34.599328516803745,-80.360359849781773,54.055956089100761,-40.69362371703302,-43.554547197327054,38.624975466202415,39.992625352561006,-69.754786464605147,-17.683449373273554,35.138342811529242,-68.586117054227429,-58.412446528369756,64.553408011361185,-73.698847326904229,64.035550270093793,-81.965436514907282,5.209806647194581,-9.0586795737713164,-56.017930851439537,-6.6824055313750907,81.232608217561051,50.856914952802029,31.724719411085822,23.478175729266034,-32.317516988196957,-68.411754173217474,37.560775695319855,0.33888478786408882,-42.30504364587302,65.513949483616386,-25.502197692094928,-77.327301159621726,-4.2698170682902665,-62.901616053001547,77.076484281946477,53.847203998541758,-61.686234618509246,-81.894592782608171,36.971842951107931,-11.092931961271294,-28.428350582543239,49.583254977258449
4200,-48100,2.0209819794773516,955.67549445773136,223.00010906737276,664.33889600411658,48.658630958154937,266.55724527484148,104.34235340313144,812.12452180304501,349.87191477423141,382.43670876471901,601.56958731923817,372.97015432067894,143.0047801972978,21.468978472494072,45.56322096826392,112.85988417766683,498.99260247235395,702.78495179249933,71.252162571597836,394.65363116261136,862.79363644931254,564.16703519149246,935.88702962145362,569.46470519951743,262.41120924698538,848.21267793856475,984.53961662488337,465.35498661762063,317.44334733617234,847.32876943019733,123.16834995962608,229.74344161162364,755.29489050207189,938.23133786333597,305.75993078668864,822.03732358042737,505.72336509051576,595.00461874243388,355.69218392649333,640.88249728215158,534.42623934857943,510.62117735988215,271.73008257347851,636.8071314173477,365.22933576835396,597.12543220719192,282.14285054414967,186.38781113380469,117.31330984665057,175.82789049622102,29.392089121997039,25.504274254531367,245.49660283852472,195.44262657515634,661.25343590527575,872.99801973275635,349.40866989181814,210.99667034617354,58.880939565674652,920.19068897014347,269.70190149383268,433.51274728802798,946.34645175790251,62.89080524894193,653.01406162582794,69.732511562823689,581.7551552379897,863.34560255096039,517.21455697333806,643.08617423873056,139.58278731965979,755.08114980760388,651.65421347834717,524.67840286188118,867.51973434282138,550.35959962028141,11.223020503444403,819.85195422322943,296.63375042044783,759.19539905574879,51.522378552244312,801.20101056769613,286.38189538746309,493.56229994220655,184.66310623894316,726.96044370821994,668.15820935825434,375.1914393794047,763.51830260015004,481.46774671884498,848.29370323426599,77.670542238302914,779.1645537463005,12.050764771890574,375.76132733774625,682.84519326239638,819.73843003027446,715.66036951616695,588.5397822607373,190.32838606876797,56.224107789725188,-22.585697098340685,-37.512436750600649,-38.242883009740204,-35.059609281072831,41.938838227370347,-61.807342009716649,12.150377332668661,-13.234489462207311,24.843166808563304,-75.738834278855393,-65.882925890320152,75.466481266175222,-42.59075649285672,76.033547764286681,-49.857440611096251,-61.871336315226856,31.5357696266916,64.528854429955516,-36.398574336474134,-72.051177624745236,67.983958840711551,9.5303538402303989,30.917796482886647,-53.890903513813711,35.859847648486443,-67.228266111837769,-65.230584329224243,29.280523014418907,-22.345266757056571,-17.097580272458696,0.64753295338699357,62.942803755731873,71.931657403656942,56.395157136146111,-75.596964145306629,-20.57315495753388,29.016789806737332,82.901274270078346,80.442100717007065,-60.670370512535115,-50.876418393685562,46.197728285025427,5.1716387859263406,83.269842551303555,-24.346181073948905,-55.617725745713521,-9.6564398140446777,16.398020250335808,-84.586422597283757,17.044605631186464,-7.0656591939806468,61.14138835790488,35.327166895638435,-69.44622528205673,12.673791791170679,18.276124372643444,74.788125440581425,60.910297948362874,34.599328516803745,-80.360359849781773,54.055956089100761,-40.69362371703302,-43.554547197327054,38.624975466202415,39.992625352561006,-69.754786464605147,-17.683449373273554,35.138342811529242,-68.586117054227429,-58.412446528369756,64.553408011361185,-73.698847326904229,64.035550270093793,-81.965436514907282,5.209806647194581,-9.0586795737713164,-56.017930851439537,-6.6824055313750907,81.232608217561051,50.856914952802029,31.724719411085822,23.478175729266034,-32.317516988196957,-68.411754173217474,37.560775695319855,0.33888478786408882,-42.30504364587302,65.513949483616386,-25.502197692094928,-77.327301159621726,-4.2698170682902665,-62.901616053001547,77.076484281946477,53.847203998541758,-61.686234618509246,-81.894592782608171,36.971842951107931,-11.092931961271294,-28.428350582543239,49.583254977258449
46100,-67400,2.0222621315032261,420.70579638107068,4.2952473994549294,344.24841035768105,364.77001812318372,150.32770070523947,107.08370381181851,870.47584478480394,103.30639946735683,488.82804236312177,607.15056717467837,104.99084989870718,326.40797449080463,57.566782403283113,63.890830787026722,95.720368436546806,607.30704648244614,513.49284291974618,79.260428310230026,373.72206330286247,809.85938437685888,323.21981815761211,911.50272568844059,560.05474436818361,266.99084145087761,844.77593702992419,621.34445086405003,447.68607950730393,63.322958975806515,670.85890842955087,849.66797419898353,223.76931956347616,282.56931953908054,999.36861714266229,855.5214545272944,547.05998157816293,543.44906307962856,969.30040379320496,341.17321841928674,614.05285808872884,465.15180309593103,815.16222159335689,717.55408623277629,431.12992383367987,373.54649131364636,593.91145837541262,275.28513018233042,389.62663788685262,334.39286178659779,181.95017460127687,571.18445552298783,34.922282249178039,846.44321607121753,150.33718832789489,656.36560445492364,629.26379950513865,353.47217518960679,208.50011884408417,956.4640963254451,516.27905120749801,269.55200151047308,409.24489492005927,17.773260417746855,848.46987421582526,399.86106605997111,855.19385208112999,910.38309520378152,514.71247286531889,531.38238564295455,646.83834004406322,140.37967683604032,672.67733084706629,887.63923490871241,534.68301534413604,828.9552527027729,594.62357482074458,302.05251105277864,800.76358271461754,164.12947847502107,758.83295440762481,588.96958055475045,799.50362025744425,310.50472003536629,172.17563401468254,196.49472435854076,695.82744252811085,679.91313069719672,411.79211721811185,59.464972421911312,480.48877149225143,841.88569755651758,135.22124442948206,722.19932235583144,387.71760311101593,816.12221054472445,658.67485912652853,65.8627889088431,723.53841365781534,580.08644916790695,191.5099332099924,200.12389731551218,-31.340746205914716,-23.209546738692808,-23.58074088942308,-34.145631931085532,47.855036066801809,-73.882846249254015,-75.561717276016509,48.228804727627164,-33.54055363856709,-79.981294615673932,47.595338295057459,7.2976915044079149,-43.8783692202759,21.141983942015248,-2.2683077531091591,-5.9830850930615105,-11.240081919202185,67.560050122989367,-32.7717146880656,32.418917247495848,74.376602989995575,-43.518706396756478,-78.616950028800275,-23.040230147259617,33.862495305668347,-67.401414787744301,-27.445191027439176,40.276730552841286,-52.792177075923277,-17.050564825480809,0.37326090489280528,65.182541355984512,76.459549982973925,51.42609233615083,4.7838621339144192,-17.913173542914443,-10.128609028705153,80.57300839318475,84.944386399494789,-60.675769754662873,-46.035404823408491,44.951402577944208,9.9750699411020189,-5.7617325866343139,-23.491293022260507,-52.759816912301659,-11.644242954165144,22.645155841779552,-13.108198956574109,-22.741679611697855,19.88771745274715,60.969485586567529,35.442192971750259,12.522777503362065,-1.4037219585587277,16.376467619756536,77.180471398633827,31.409356765445473,52.067077942284598,-77.871042502057492,66.272056361793517,-18.065431625945411,-52.937782730608497,83.140051284055346,-71.011735179437281,-16.308492640865275,-18.369590794994636,36.545973336969055,-68.588618920255911,-60.217857087008561,63.877096485966987,-79.524106515839492,-24.60102077714977,-84.013244021346338,-0.31649774213516757,-9.6368587682356672,-37.036126154823563,-5.9667205153457061,84.784109678209433,5.6184230962566977,29.866872257396665,29.77693948338646,76.046723537371605,-45.161800163808707,39.659243914739299,-35.161466556181821,-26.03946069819472,65.928768251975995,-32.801177491531199,22.908006518003361,-6.9302279153125426,29.125914326639261,28.557057184748135,49.53169371986133,-65.851808977860202,-72.606018217701987,36.979377663687366,-15.60999768342174,29.313593707141401,49.013839550023107
900,-26300,2.0230868655684686,969.49080656047204,172.35053367951488,693.01252521175343,75.322758266269915,209.58856802908389,134.61324761780608,511.9925215527727,96.365102153205569,387.13882867315243,603.40343506560646,135.07318590331653,298.41051876494373,345.48542792306336,60.752207085398084,81.611755283451529,985.83100001780645,708.04060492297481,106.19240682540268,426.2291031048569,800.33802216391814,332.11296132290738,920.03118077940371,558.59167758823844,262.32029801069029,846.8070463188335,925.23301799938213,432.73338152937214,841.82972527154629,850.01920792239412,101.05493708691478,252.63294585531122,772.21347067888496,817.84002701642419,826.85634727026149,825.26170026638169,552.12034587643575,391.93567620343742,848.16678051075007,428.1881380543366,500.07628131653786,814.15554747536248,291.98261359968546,623.44977969274453,395.26709370129566,596.78802355183996,276.13844282059546,179.21878602768592,327.9076687404376,181.25682263375884,182.01220349784597,58.204236042266288,832.6728540551926,195.0543225917443,625.76338944122244,871.39736607718203,565.55318464493735,399.69927602494664,16.717053622789763,427.98359087646514,295.58100236408171,688.22053161534109,827.96961256376994,650.40776303756013,666.18560631249193,823.03873864242041,642.45555613346937,856.14646477323663,535.24904859142941,646.23582556797555,191.81448396369726,728.50789470046561,855.64853448554527,37.548870851730015,812.75141246544933,188.05382364526821,280.12114887023859,860.48336884056937,292.08480863986631,779.15398446042127,611.490734655202,799.2909251206637,301.29541945682644,92.42373942855977,141.76101586109252,777.36991473248713,632.69490980167211,379.54149817889459,797.8938560991312,459.1243467296664,825.01944017214043,95.907861198350247,749.20035312717096,14.153328742150421,787.82163222151871,662.59941972765444,75.343458035885959,727.78393686916172,576.82679035390356,200.51073908397856,42.850348249196109,-11.602463311738756,-24.786530344491034,29.325646881434821,-35.205251010491999,43.359912546851561,-65.883359119322336,16.922485529893709,53.948895852724675,30.42745665949635,-75.890072186967515,-82.670738453081512,61.077480379238089,-43.85115289554841,31.048448825836857,-51.170091370318708,-3.6155520912869337,-11.589921487728445,67.550365491678804,-29.146797113451377,32.850304274873814,-37.263259005861983,-48.297941616839438,-80.061301617606517,-24.260023516551911,34.76395062645966,-83.219777229154772,-22.09234525996677,-31.308858278977809,31.810148051758141,-17.101677089168735,0.29944167081335654,-14.515811524259625,72.446511112621437,48.627784174641889,5.6874050726908258,-18.38733646231719,29.019501576461725,31.68549041420599,84.589420475684918,-23.163720553715294,-76.596562073873358,46.133763388792552,6.0050884437662555,75.675145537120784,-22.713189946752848,-73.320312596786991,-4.8336182549105757,72.581121802184256,-11.683173301560284,15.897228268511917,-6.6743702137036482,61.924548596938443,34.56117739744731,38.572839052685374,-1.7318940103498095,20.880376409686935,-12.547214007245028,28.815771985491732,52.402848500025861,-73.171867481762689,61.440026357342774,-76.476452490637911,8.5777214442697982,30.394212814801019,26.736024132153528,-16.829800337703929,44.719811378340019,40.154215229325644,-68.620257190646953,-65.870466277302356,60.520264246508631,-71.737377941165676,68.803968423235645,-82.058530596189101,-15.807783449127712,-8.6884633538448952,-36.946970428188123,-4.1021106076719853,70.169118523149294,0.61069199145542896,29.116836808833639,78.091432093086937,-3.9986455040751494,-79.448868920573247,39.972787231146889,-35.093435935082802,-28.045340247897389,70.397944828232099,-32.385598960231114,-70.461364771800788,-4.7664930265193171,-59.150356475119551,-9.7771730359030595,49.33529513510689,77.128312428817537,-80.39541322770738,36.800943170267388,85,-32.116782908411778,41.660230717291881
13300,-63600,2.0210767708609731,999.21167398170098,3.8766902485168893,667.90299454542003,75.168711515307137,207.75313172135225,134.44597675829158,220.20860090628031,110.7075176360074,382.18360447542005,616.04042575187225,373.30944813232747,279.17647734930927,93.437818742341847,270.8648626498869,81.592749425710849,1000,736.16872676174296,96.709004878897844,388.99846964487159,44.103809841110319,309.12005874768965,889.75549864355276,575.84088730118799,270.36101717543505,848.8068067809362,922.66581853412913,433.79898827288889,834.0499643686594,852.00138470676939,91.159267947044015,388.23910211759767,119.44386398766642,902.67313982853352,824.78936100567489,578.8779416790419,552.09039732826534,392.59100651473238,984.11759054201809,415.89177309333104,484.04276052273224,828.6292182009654,289.80978350759869,644.47561797557819,371.87355316917842,596.79761721818284,286.26604533429247,181.57378428146396,313.86799985474318,170.61735108575922,71.358337702808996,36.208382306350245,707.74139580056737,188.66942667583851,665.1391350316427,647.94932806572876,565.10276667995845,415.58702147624621,297.88406465930632,904.16216057666566,684.08073905204992,704.63394060972598,64.805573114936351,629.22638195058005,659.55618355327147,815.18584723659785,641.83420374078764,796.06271812465025,487.89843136098307,646.45612405589736,189.73217770408203,726.90736170324681,939.20126156347169,469.58300371214034,812.806118260473,169.46558863123943,19.027434219767827,805.34375995786468,130.94788299406127,765.93388869914429,574.55036059880342,801.29040425659502,295.89864716139965,73.157072804425752,143.28166669322238,312.74521575643712,632.90697900773421,392.03081914949831,84.795359821590026,459.44769456576546,391.07737024877429,93.083581175609012,724.69578502890147,25.649774446814423,840.65235017486884,660.84833607439532,140.241886279727,728.13528044815348,580.90532015975521,200.40651607083964,205.93461833162476,-31.151058558040351,-49.575176448398757,-34.064341550682585,-33.042746676928282,42.35334256304705,-66.720888118924918,-77.225625987211899,-13.56621154501617,27.055415860713552,-75.171823672426498,65.317220798915955,64.230762789739373,-43.851690599495022,21.946615222537538,0.70136778841943581,-6.110369679101713,-6.363844164552936,67.604537698435323,66.632413881878691,1.8136533870506106,28.784196772227702,-43.996583540577426,-72.836672106755032,-24.077300585481463,34.60638851715467,-83.199773190095087,-27.291331122949046,-35.290911510855231,37.325920821767014,-17.080570131051111,-3.9539388662203971,-14.890388000856543,71.809841541383534,61.79114716054994,5.681890503252637,-17.644152254279966,28.867249756259177,85,85,-61.195653144541026,-56.760654184259295,44.755519860778449,5.9499811044726441,-12.423257642381273,-26.4862289653665,-72.260711518155802,58.20270714721407,71.41702153754396,-84.443827515921271,18.008345000952161,-22.302530577888128,60.951225647613548,36.158525793570377,38.977699954880443,9.7909157232959689,20.987079189888345,18.404542846326997,32.742648222533838,52.081279345980661,-81.952200015453812,64.307676396954506,-75.368774281783416,-49.125384979276902,84.788196053114319,-72.613708807521604,-7.5137142051452024,45.971525272119919,40.661383247676838,-68.626823517595028,-8.1352920030701839,47.333943792439477,-72.125407734953029,-16.358393611052744,-84.125929891114396,-16.000711367914683,-8.754361688951608,-37.416994478121602,15.052535339761809,69.200913287297936,-3.5917161667255115,31.63064989584079,80.108690265568498,-2.1554939238205524,-77.072934988584848,38.668398107257822,-37.984370971940862,-26.195667064315806,70.425845874141814,-25.2614752711793,-70.269553704842849,-4.7801085971910355,20.138987807845581,-11.587284712871018,49.709957474183284,77.132639043996846,-80.531592277320811,36.800017936904119,85,30.713385749997343,-74.869237392282884
13000,-63100,2.0213780602651967,997.24923601611829,3.9832981150672171,380.67774347096645,64.802239324166635,198.67830679947429,104.45971623860608,556.03941923269531,109.14704489299211,372.36826619231141,602.24730472689805,148.53016622176008,297.93537699210572,42.255220529189444,66.03981766010277,80.596891231714949,515.27206041849672,706.40090236106846,106.00049481201935,422.32450266143024,782.69749845465981,525.44782184180349,428.06847782112396,224.90497858059072,264.39280979117899,864.09405928596414,999.81283706546742,459.55690688347238,107.01321509471728,830.28156665804318,882.1280386790977,245.72311608504711,776.12881643276023,410.23117023539697,600.00555830965845,851.73828283050102,555.39006164008822,365.83686370010969,439.13663784697667,412.15058510476786,697.50495479109679,504.32542088706492,670.53824617527971,622.49672688903433,395.44577859750632,598.28970042452795,275.73607702148036,178.9023151447573,326.03074050246096,172.55153609980724,197.59075302841458,30.896539833111074,826.16160048152767,192.68392958378104,629.29910557978735,866.39420167512583,338.86417414872909,196.70399543728803,24.049515893234002,962.76453303083531,277.55402021945383,150.56432476949647,765.18260469183633,149.55948296448665,400.35473770218988,793.67298982421573,810.48574536951878,66.103010076272994,535.40889633849702,630.22597592731199,187.57689945876334,703.40641852585577,526.6678000629795,96.393432989880722,827.64858984140335,188.03742511184186,271.56777768454248,858.57231037418887,123.33209447818734,616.93431483082918,604.80117140152731,797.49391965555799,54.001452067879015,794.07274362084513,187.17210056118657,775.99263182027789,675.36265036557779,379.75097540830069,81.143595471685117,480.00444251854628,839.54019824316197,133.75735016400921,749.05578738694146,77.8200386081147,799.90079799361138,654.04148124594622,466.63061703408886,718.7292513647958,563.91480502108186,193.18545158487257,45.648117887541702,-30.737877735361526,-24.639742888644953,-33.921307466664288,-34.932102719914646,43.324993914518714,-65.828435921556363,19.789958464311042,65.350702109111793,45.280485976721259,-78.529860702033275,50.382946348485383,7.249329373597913,-43.830494293067311,17.835609242164061,-52.363185021178609,-3.6235421787570727,-11.390242536850188,65.273106038026768,72.422232869378874,34.202120716213798,62.304460372664892,9.9082046508885853,38.006571321716095,-30.782848439702267,29.281597220023105,-82.419944554377949,-22.598330618444848,-29.439956304845715,37.16736684838294,-16.7297870488974,-0.046525375656812695,61.935688020911201,73.884339915977492,5.5887105500778311,-11.237645601989991,-18.487057844038837,22.26673766090817,31.616765230625603,84.531920404872778,-23.358848472011505,-76.383067095046385,45.006468860723629,5.0882017798643409,75.095036764565677,-26.22942315830938,-50.654594801957785,-9.61778549389172,21.732760973491835,-10.207640264770653,-18.162917462255088,-6.955591296497194,61.636859327778545,-7.5162826987289684,20.485332246208671,-1.4068605434364034,21.582110804523435,-13.354773215304489,61.876542892683752,52.391051444722251,-72.976997312578803,61.45228546326102,-16.261543719358642,11.629505803178532,83.722684290554497,-77.641133586646887,-65.232894463721991,44.822357149970415,37.15863269411247,-68.618447006297174,-66.263030471196629,60.677540896310028,28.422020811293592,-17.629879972538877,-83.979810206575422,0.29958374734744453,-9.6265083695942018,-37.049113739729172,-4.1216870285466225,82.354541610028861,53.715795647174851,29.839052854414959,75.086578811761171,-27.985706198307064,-51.753251964309477,39.71359059136622,-34.769835650759518,-27.464937717431475,71.943510341748507,-32.042617347413547,-71.193711556257313,-6.9607166961542317,-65.342189695390303,80.493675024164531,49.581428185600601,-46.17791298595855,-81.08421893547299,37.154795154261173,-12.715590355586563,31.018792444482955,49.98329662790222
1200,-43400,2.0014720895057665,999.77398407957821,173.71512838814542,687.55777831247997,60.820738599867425,185.40995598320887,134.96139432548136,808.68868689990893,92.367315678746209,387.50200287591008,603.41967812794076,359.84473989089929,290.15741843631616,12.289182319194396,627.02648437287451,112.92427427043826,529.71873134615043,708.25237731353684,92.969963731792049,30.09536547803026,518.29830176970086,512.427849577139,901.73959389913148,139.757424464845,262.48104852517048,847.02095228393648,925.74549431370247,107.04455860546292,857.41584959875365,850.16715840731968,117.61520506279271,619.34837046532016,80.509983062061849,817.71283317565246,324.11457830292613,824.90209139598971,561.71392050380803,893.11014247874141,422.25771251706863,460.9661475282719,513.74357250618777,529.46619371637871,711.2678849183867,628.05006267775673,400.29641400063599,598.53553094246308,274.45603565804015,210.53824048822722,133.35348365569419,174.78660051893235,578.28511079451391,51.865546783746105,705.33294033115362,196.14336785528073,628.02125740604754,890.30866526406157,348.89822646533679,341.23277406963655,320.73134257133535,892.13925998255377,274.94734309415776,720.48140886832391,939.58525696448339,49.519016594504251,482.96549077585655,55.524792410309686,911.06683195723838,855.58353417094622,517.71007129633165,776.03945145835576,191.7810677106676,736.84470862426019,103.98043206476996,454.07865689534492,811.31876212665088,163.96497257668958,6.7446560925784382,803.77484539352213,317.21137161876464,767.3220265662826,608.62113327264774,801.74768305244174,310.59731968608259,301.79459974769372,188.99203714863762,750.48678284661901,677.58281206315155,384.9114907201249,775.83854404794033,481.28683550779397,825.39503457483511,466.86491936094581,741.69721213115531,7.4641125921254172,815.35408333906571,663.62261752817687,150.31484555607693,718.96293610837108,576.80986741124082,193.01129521200377,53.765328856096858,-20.882582892878858,-23.492080916738477,-35.246243331937862,-75.945107633145156,50.041250846127021,-67.108581772932681,16.654251520919392,53.995808603225612,28.16660802219927,-75.859342902266889,-60.761256694006285,64.397809882796622,-43.0624102337217,21.277414763912219,-50.457531408695857,-61.27064199154141,-8.6370370311492906,64.816470206803871,-36.059984450375332,-65.745445134578134,26.149088052350635,-43.476772565151407,-72.181893040164425,-23.086555826865236,61.973911861480843,-80.37858361226634,-23.441559820118691,-31.88194039207179,-32.143018770872786,-16.739216040722873,0.29916084940029836,-16.05382615916383,72.469821608634589,50.260583188210283,-1.4143698141467524,-17.070817847212346,29.048245589876544,81.177302376360359,80.555849442801559,-61.188745461872735,-51.440551132736331,46.11443781356553,5.0916723679207667,83.150228014798671,-24.774502881903349,-9.4675349061578764,-9.4663148613091721,75.10125880477176,-13.13168475727327,16.937877094539946,-5.9165354397277197,62.139165055537774,34.652065966205797,-70.483244165328529,13.161422122982387,20.884270349932482,24.096498584619518,27.242408735745716,52.435026280453869,-82.184288928847252,-28.020057603211811,-37.293457068084876,-48.923160918444111,29.257159625389228,34.608564246683287,-15.003827677903971,40.546280833828277,-10.613188058990755,-68.6186159640055,0.94698319412893284,66.035424229037645,-81.151360553953154,72.669448998527074,-82.242162409051986,4.8204847124454426,-15.806950481752903,-35.99845916050883,-1.8870058137819794,81.302389052751337,15.962785895277001,29.063788963565848,75.29897670981866,69.136989680668165,-72.878515653589673,37.406328292549134,-35.093247585922576,-28.067872589655938,65.944548674542744,-28.620176917277817,-70.470027700428588,-3.5364585874126231,-65.153142266842735,30.876602011834777,51.245217172803287,-64.968654634992276,-80.977003042289894,37.129924357765624,40.615702113900056,-29.983353258990327,46.041628922936582
60600,-69000,2.0608811724546703,162.52106277478779,5.6429993409726453,661.97700182576159,340.14825111104039,294.01203852719129,105.94668938506219,820.15703899710627,109.51830486971285,371.91474865747716,618.23938913943891,355.26865063099802,124.27187135344614,64.020399364858179,593.58323111885784,362.71342728666792,540.24255957827961,707.94127032603637,116.83087476742577,422.60863629347898,5.3422536743983642,539.86442215294119,927.92177911926888,558.06747081443882,261.61099564962251,866.55765423204434,949.69243355884691,442.40548460376033,41.79917356019763,839.35993846904285,82.447552727800556,250.86696143313196,303.77007170177001,376.46257672134362,591.52164642972627,508.01259033450702,538.14523618707756,610.06758765311884,340.44943113337263,453.38313563370991,501.76075474384339,873.36055542920451,668.37537635082901,386.89776521400938,402.46842306233646,598.26414679669017,277.86605960575127,369.59430633610901,68.132454077398194,148.92442395060885,574.09548407023749,765.87967105935911,832.18403048309085,189.03568566490463,631.13127183844551,652.45067254598791,668.50545075368154,210.1929174616987,363.42839018175476,496.95506642055074,301.24033214155469,681.74259807107558,828.09818364467219,33.180169071727882,639.918241934923,66.214074184874278,814.64836862618824,903.26059975373892,488.47815808597971,638.35005033454854,140.25278046916611,734.84785374851003,900.49255618753648,524.53970759899187,836.66631336880482,175.82012556187215,277.80282631542821,817.99663692918728,155.49518649105411,764.67588126439693,71.695990144672464,801.56773339489166,69.207044089949292,45.768132981340045,171.00479507016189,741.57181332975142,677.06998155525253,385.58722144462558,139.24336346294746,459.27583794524071,843.44549316735333,82.264094856075957,750.45126831327707,11.746990210767471,763.16385458981438,797.40146729805906,470.0622648315188,727.71707575209416,587.33012187195061,192.88528249263663,190.66331692842653,-31.337800707498698,-39.683221344364874,25.649425285361936,-34.70907917208082,41.332549369057965,-71.742489322825051,-81.032753817860211,53.744527471250272,-31.650500335651778,-75.827900809043712,-60.117137303577159,57.976001751344185,-43.819779428602907,19.292881848611735,-70.90940047750118,-59.392710195860005,-10.036090470572118,64.776827135803046,67.893420260366639,33.414798635889163,62.373151196679309,10.190366827837895,-73.558222885567332,-59.237998580522351,29.736660774513712,-69.724823121327191,-26.977270747614604,-34.446338132989531,-26.560077618904337,-17.070119066588084,-8.9924073166709064,59.466225072502674,76.654102759224529,51.89712071690856,-75.371098453297165,-20.776522319165853,29.388836545465885,75.246807439535601,-31.402593459838485,-61.840168232370864,-44.358412263208514,46.318468230009287,6.1272459766395553,85,-24.826668034969892,-4.9462676030777679,52.865788384868878,-49.600017310798194,-83.533541603498435,15.995678659825739,-7.5447852351863132,60.800250434492149,35.697780202596142,-70.862002340691021,-3.9419652892710086,21.345431421417324,-16.392098001935423,60.300469029493236,52.627135026924037,-74.500957958005969,67.311859318364412,-37.978402901534729,-51.97510119073339,36.372837125172111,-69.824036524744074,-65.640028154846974,43.750469965944887,37.466434061510654,-68.62399064631326,-59.129395876892652,67.205526282264003,-70.524566973155515,67.326967248430265,-84.446157853505625,0.19863901559276223,-7.4270325737745502,-35.671676420835084,-4.4055755952342963,82.134482192373213,-3.0617166411723034,31.771186346694016,84.025743601520148,-2.6009494671931499,-51.597865613060833,38.639997500801115,-26.430675344055572,-45.082073578446966,72.218616098958265,-32.271241408897971,-69.518599944710004,-4.5512582835991537,-68.418316188915384,84.04326233231069,49.68622638217763,85,-80.495193008079923,37.140926282929065,-46.116328618900646,29.171126173281287,45.212341203024131
