f0,f1,g0,g1,g2,g3,g4,g5,g6,g7,g8,g9,g10,g11,g12,g13,g14,g15,g16,g17,g18,g19,g20,g21,g22,g23,g24,g25,g26,g27,g28,g29,g30,g31,g32,g33,g34,g35,g36,g37,g38,g39,g40,g41,g42,g43,g44,g45,g46,g47,g48,g49,g50,g51,g52,g53,g54,g55,g56,g57,g58,g59,g60,g61,g62,g63,g64,g65,g66,g67,g68,g69,g70,g71,g72,g73,g74,g75,g76,g77,g78,g79,g80,g81,g82,g83,g84,g85,g86,g87,g88,g89,g90,g91,g92,g93,g94,g95,g96,g97,g98,g99,g100,g101,g102,g103,g104,g105,g106,g107,g108,g109,g110,g111,g112,g113,g114,g115,g116,g117,g118,g119,g120,g121,g122,g123,g124,g125,g126,g127,g128,g129,g130,g131,g132,g133,g134,g135,g136,g137,g138,g139,g140,g141,g142,g143,g144,g145,g146,g147,g148,g149,g150,g151,g152,g153,g154,g155,g156,g157,g158,g159,g160,g161,g162,g163,g164,g165,g166,g167,g168,g169,g170,g171,g172,g173,g174,g175,g176,g177,g178,g179,g180,g181,g182,g183,g184,g185,g186,g187,g188,g189,g190,g191,g192,g193,g194,g195,g196,g197,g198,g199,g200
200,-14400,2.0520217879072549,996.97394544900624,222.09496697257691,237.9063563924415,379.47602843795693,783.51663587419046,472.24026408011321,434.37740398121747,326.60977865011853,371.70400579963473,606.01379162700732,356.29583601255257,656.24921595952537,300.59378789310449,109.46102078345933,85.775740534251199,490.36363567531492,718.93935850454352,69.835105500995752,34.24225754178768,838.32593606276259,332.82362889183929,496.22461902435123,624.51620295490511,267.25236237123153,756.49116351687098,987.55472396851587,413.08880998627365,928.934709004468,244.32538074894069,320.11552468399481,698.95313159107923,772.59063702120432,163.52062160256014,361.55042148511421,754.93670498970744,538.12420846491943,577.15560410428679,417.55912632347116,467.48245813293499,143.76548824155319,452.47470824841287,705.82429175348875,379.60743256364992,395.5664691480905,302.91187035063274,246.45906452565978,386.39822132814072,115.20581881438601,177.63423993545024,69.58729059377265,393.56815312828638,233.42331177596938,24.787304894058764,328.96380908030898,871.18188549468664,278.2118606917835,236.3837797577329,299.73693490184468,864.5419285029534,270.51587071128762,401.95364947703888,55.935180478816079,87.731893801138909,364.6851180139372,95.556432859802243,808.88215058313438,1000,520.16594082205734,804.12742519071367,168.06077148346787,736.71968395613544,982.11220354655916,526.96129911976641,837.98638017706139,176.70630148013063,264.72631761077531,820.85261311277111,679.4243988123394,777.71819273534436,70.547817844002978,803.3564214826813,300.55433777725625,186.93933000500004,198.90593176438358,295.19761162747801,684.64380074062512,416.62264871135187,761.17536606247916,487.15126051455354,839.20057060942941,135.48418316134035,749.68552269436611,634.66581006943375,766.27297696991184,791.42353086420405,477.03858506202755,724.29764064265578,909.43646577880224,222.454132709715,199.44826221347992,-7.8479080163044559,-42.283640910715235,29.355486840025467,-33.563821279291915,41.912084098131089,53.299613988557013,25.209693549712576,51.720178206214271,27.427582556126445,-68.702654712534056,66.032689994160336,7.1979974593052409,-45.076570759801328,75.02214675543857,-49.691977410313662,-5.8983232705636581,-9.2955501295151315,65.162743681499151,-49.195246540068339,61.62351150767045,77.41960736194001,-40.714171161069942,-80.457149276837413,-27.372042488187518,61.176450591645548,-69.760117118912092,-27.559546830330905,39.104747925467549,37.676967401948993,-17.145990680970659,-8.6423432907562443,58.066734712297034,-16.063998042346618,-27.483780078456828,6.6213761476231561,-17.234986861895305,-4.3074745776741654,71.956374118673949,78.200175079286339,-65.605423914017493,-74.185186973520288,44.317118945525593,5.1392288458357394,-5.7824050692689326,-50.077077525849411,-4.0077894705729378,-3.2821299654611118,76.82887812748649,-83.616248527229317,-26.658447170615965,-16.936655924837357,57.237679405118115,-8.3871162775938739,-80.872991626011512,-1.8883262779460077,20.107680875441048,24.255328887728336,-31.182027906205192,52.40479926897094,-47.300156779062164,42.114558130654672,-79.040551023135293,-51.222248451293218,38.342507516180717,-71.931471425699712,-66.299956848438754,-23.454272082731837,31.580908284096122,-68.363382287823583,-63.323642232589506,59.870231656085714,32.080579751997369,84.408763927839672,-82.607935666421852,-15.831043265109255,-7.4946544910376858,-35.054651123151395,-57.002405478146301,75.91649526118286,0.92130093158933346,29.139667665714729,5.2749243103204435,85,-0.0022022722153751673,39.121950627880288,-3.4688463948502903,76.666932777687009,69.938882739058712,24.893578280662219,-70.023102885679648,75.388459274610383,35.148442301743216,-7.9369974027938586,39.049982252942044,68.325315814191441,-80.225221382567483,37.671770405898108,84.16370306309048,26.888286306460131,17.905515320022367
200,-14400,2.0672556942750333,996.11818191590567,222.14633461860336,236.42574033740237,371.51911094592469,144.74956226994345,113.49785970219395,481.91242808522321,215.87874483210311,371.7171939310868,606.00112583662929,122.94906429199953,630.51196808259567,301.44655405884748,69.786211501123859,85.707029367664774,495.69598380802739,508.42515996517477,494.09463400961994,33.947731728946266,32.279026197771827,333.11258588878025,902.98515042464737,580.47842054625835,267.23540715478481,763.39111190191193,680.54701495972552,413.07630731688585,932.13957472416223,978.24571488068102,881.39287553412646,597.30256078553373,775.06524097256465,917.04677087651089,378.23581452652559,756.47963830223512,538.15309476359005,582.54486340175185,986.62195157075439,458.30924470497877,132.08456402741831,453.7411470985985,700.82908708008131,762.22280340950942,396.98623445434964,592.33176219833547,244.66418598886668,201.39280400863561,731.37779189641344,177.68276915530268,196.69282059759578,374.17799133088056,233.42279228425539,23.521813902557653,333.5645839878203,871.183799455844,280.57359210560344,236.52740119870478,298.73409227805791,867.38982127685142,5.4374074224247408,713.47954016247877,1.3963199675067095,679.59191506415505,374.63856730933804,93.113545269160056,868.46416004299397,323.04703627218316,520.47614216324575,855.76466140296452,458.86177814318216,782.45227692355263,627.74724729905461,565.88605627429274,246.11782053565412,619.62891869036662,39.700639053739437,821.58504702833704,679.39002141312199,777.72895329607104,70.816844428907586,41.510748240091175,289.81320678911203,192.25179505976976,617.39911394390299,287.6561835210556,666.48571586456592,854.68657340295863,129.06438972616758,487.68289575647037,834.60999488375091,135.00609796059072,776.9977438657271,356.21055228058572,764.14165283890634,791.92569962231494,825.42747962645524,683.38909384208614,907.16365767857474,226.35970170206144,199.67891115936814,-7.8513643972788563,-42.283158038101554,29.311359193680044,-34.370809112564586,41.904888523506493,-78.694183711251725,26.278490549092343,51.752430404453676,25.648964602321524,-68.678098411979761,66.223874233462496,6.696080664749978,-41.646355873503062,74.540549450790181,-49.800487582397295,-5.2150908173572716,-9.2408859494529096,67.539709372369117,-62.064475516195579,77.264050311966585,74.609901657850116,-41.633805065837265,30.966449779030114,-28.04878149787352,61.20363593642697,-69.598510335781015,-27.576222557925231,39.37516443067215,-64.625318526201653,-17.133735554915397,-6.7532325412053211,58.014732104952614,-16.24183131875283,-27.234274421458636,6.592085455886159,-16.286356000591319,-4.8247726964119977,75.961004432790475,78.257669108394239,-65.603065466347232,-73.420456164434071,44.28590209268291,9.199626849750393,75.162510605709627,-48.856341413776171,-2.7065341620829955,-3.8754169955365172,79.394023454760884,-80.577397421212908,-13.29440766520025,-6.7637129571890675,63.385569034396774,33.016195195757085,-80.982037736323548,-2.5583904746531569,20.124594137748062,25.859145278481353,-31.908626491604409,52.406798340398574,-47.250480667724318,40.073672757738493,-79.976207843690332,-55.178192613341309,38.433378040049774,-71.021544549091942,32.789919132724009,-23.461767216499453,31.401744988716178,-68.841637298631824,-63.281177080961115,59.844904133647262,32.049212295245425,-22.095641471408939,-29.978120111634507,0.43105254051880948,-7.4939289516704699,-36.556157875233922,18.960505571146946,81.701352260612822,31.879668697547956,29.346006753453484,5.9958616032701286,79.065738988041147,-1.056642226156935,39.001496993380179,-78.978799078922847,76.656440886087111,68.818396189237973,-31.347102791120989,-67.7675090962409,76.594600698226515,34.966036457985794,-13.638626628399813,39.001149811220046,68.324740559221411,-80.450119008904352,31.299393022533049,-3.2454006206768895,28.401528690093745,-78.015300453156328
500,-20000,2.0677965613420586,999.94333465371642,210.8568410431385,240.17236710115486,71.070649975129271,209.56561358171558,152.36151019776014,476.43236200938605,126.7403424958529,501.78520686920172,600.72480028417147,112.75261616920542,618.97911947057037,324.57399704292817,67.427611636503173,80.941624011115067,496.0340966751005,496.94862557816134,635.90132532936718,382.57780733905258,8.0719921945333795,493.66216115503289,905.27700127235698,579.63773139901798,262.22415256114982,848.94445565241426,70.081358863569392,410.66555494829987,841.78869916748863,835.35605446620923,63.840094028185888,597.70093636412184,838.89334393888703,935.65998145995536,341.70033996919824,825.06718944353224,542.49089709528153,884.89170076803646,424.30263310270118,461.42345644625726,514.63830799934487,492.37922452240696,657.94675381323259,766.11874992303319,765.03662778488319,598.22337453956584,383.80852541041043,196.76266882981952,118.18997935325388,185.35074933067102,580.32076015128041,377.75113980177537,263.97255550243915,940.5950548213408,629.00728884862315,862.13241238472767,347.46153551730589,227.14588938920494,82.261388160959115,967.48495996287909,297.39131522134159,703.86267981386482,685.8262361158304,644.3759695119835,377.0684707060318,838.37328940826001,911.19451731718834,898.7935873751394,528.06494862743853,654.67213373421737,455.92370358458186,751.4482418701507,27.802272476851385,58.204428325268822,231.28222525479316,553.78490387988552,50.605857424382506,898.33961356227735,310.84282228436939,778.37816349407967,73.216738678158819,820.16292472096006,284.66322782140401,296.86040311110025,123.31511843769147,711.32075338104778,597.10518086896104,867.02115350903989,124.41154888898177,318.56633575229546,838.36569150334628,454.96774439220582,737.36924190702803,14.904612080828798,804.75569729908341,804.99420214958002,838.18850943472694,680.58793985890861,579.18034830663942,225.20721978651403,187.96028722115327,-10.595603621038173,-44.404149129763113,-33.243365890258943,-34.064394664077518,42.194465295944013,-71.30929308623864,22.660657447856757,54.610575167500201,29.537710217678949,-77.773803513638299,-58.6397239341077,4.797006401661811,-12.768993526595102,21.698898442281973,-52.76578973197708,-61.405365116845132,37.992727452254691,67.413858638370584,71.507047981136012,-75.046087034802611,18.656033436608503,9.3539629961875601,-82.106353228457237,-27.978960629309142,60.409244931659607,-80.451891767834297,-26.086226469787082,38.74695023394063,-25.880786067633874,-17.607704025634394,52.988374087559883,59.543480798902529,17.250120284153866,54.598980335460602,-81.393998822484505,6.8933635578232524,29.145858747550442,82.927196302818274,73.605267098322528,-61.855735335048081,-78.647166021075861,-0.11498156466132059,4.9276510162886442,80.416251236646488,-48.99308504136993,-72.11766020488588,-6.4574214238698069,79.642261647771619,-12.952011613557643,-14.038423602179085,-6.6465531522241932,57.77748610963139,35.134609632701853,-69.600109645331685,-2.5745069718089111,20.752716969002943,-22.875125299410019,-16.594711682918543,52.006684889583575,-82.026153801718806,-17.503062223777693,-39.776036951788413,-49.099380587270964,31.700583993983482,45.48193385668079,32.02639030277097,-26.738879930368359,38.578033938695384,-68.860488014973441,-60.907721255008283,62.837891745114739,-69.417078818921098,-25.034044048585486,-80.613012756027743,0.52788222771604598,-7.7736557285460082,-35.628932741597794,19.091518879587998,81.504767165215853,32.354234531386929,31.443889526950823,81.950570731730835,-8.7218084146446344,45.648014785958132,39.014969905399248,-36.57014003960667,67.919541812155842,25.797938688134757,-29.102484200512745,-70.22876762391212,-9.8464670061134996,-67.124726017233954,85,49.718338474807148,68.780480058777243,-75.200744439164581,31.128801242515028,-11.611751295185869,27.193386107483093,-77.916958962015727
16600,-64000,2.0334084487746531,948.35026404500763,0.026200145380755657,251.13430398363749,357.99107946766946,273.3661476374387,142.69616956923085,758.75870492843171,309.98211509571451,373.25920732838864,616.50773754813372,107.81987645514391,302.56695276368191,37.355130080147234,604.9365990798168,79.55658688666567,491.43832269575421,523.16141152318301,76.289223300639833,89.965057827041079,852.16527346871044,539.83733041712105,915.23593667058026,580.58043074587783,266.90862005645914,764.09205809625314,997.72296715376331,432.26009453736623,951.2588462369331,242.98641637740852,76.302401026267376,696.25916068578795,59.611671158035037,179.32951887620641,540.95550213571732,818.78752919592955,562.76325108719379,853.33955852296197,384.21577650308939,418.24836569012473,44.394399943954021,880.5618440058347,268.7391121437704,654.96423710106239,728.27832599233648,613.28946107023364,272.12732340323288,200.96875836263069,69.099386042020242,149.68039798374872,52.141042304740708,396.26006094814886,239.18201755509807,192.09361693319349,665.57307925273926,626.87490461812001,354.00216089754122,190.16981291451316,890.68309575032936,495.53355022492826,287.76771638806093,417.32891492118608,35.161001464920162,114.2443142119309,652.96988543114412,801.0146862197596,885.08351894345139,82.876744003385113,483.38475162099013,645.98615659836969,183.10363762395073,736.64032551745515,942.63607618850347,526.77987131560235,834.37713527276628,534.07589576840576,272.24552197905962,135.35804931910695,163.25927901904021,656.94533499743613,84.714133864180468,800.63422529392335,300.64431658586778,270.94006347890547,173.51951027251314,270.94524428504621,607.09867429951873,910.3812974047836,812.62402157580652,189.49495854832981,443.48370206314087,85.460583489949073,723.55471728072598,11.035563990783317,769.93761495059539,663.85923809140661,107.42749109852201,714.61297062596907,616.69738922696058,204.90839821164536,216.21702799047446,-31.67696949121612,-24.575042298722416,-36.854269547031777,-72.006290923359714,43.155516456229748,37.768391935524164,31.269926512677173,51.815568796400129,25.379220478908053,-79.449557801611576,-56.040547176034146,5.8496509993665473,-32.605569199134898,74.587629690962061,-2.7649407310803724,-6.0423522319721723,34.933515169695546,67.35926844638594,76.699296483976468,56.685299197359285,76.73226754231105,10.606185322444162,-76.326033341777077,-27.32738182699314,34.690558480403844,-78.080125067865239,51.360962689369273,39.000499143345678,31.927572314101258,-19.740854701681084,-0.50729660440675661,49.52798171640719,70.173028269910219,51.082314912998839,3.5019979733578346,-19.48130911826118,22.372588169601691,34.659041705067224,75.227000795600361,-61.552105195690075,-66.74938661043123,42.407300581037532,5.8712522819708584,-8.3520859860540035,-46.386753956279719,-60.885354203818451,-8.3055767697639258,26.479099883387807,-82.601608510166812,-26.584752308724227,-6.9831914180239734,57.799464977099312,32.588704268465847,20.544293727704087,2.6193377865996581,21.818857856326172,76.644162655909298,-29.518827516297861,52.424303878151228,-78.481125779243001,-24.145243986183754,57.128166466971294,-48.612048689634733,39.281665380986539,-76.876195598130849,64.87227857953485,-23.39879815388792,38.50388889961593,-68.504378660324349,-61.906074606495245,-8.4242190195470883,-74.73766696512098,75.694401064600441,-84.008961014797578,-18.920358318720194,-12.374258376089607,-37.206496545895611,-4.0259949166269067,81.285366685224005,28.917377286753972,24.822115297104073,9.3500064631628472,-29.977644639150661,-47.205821917683679,39.167064245196002,13.296573398320529,-42.936269036361054,24.471082275418397,-28.247146996745983,45.226676873997313,-0.20941172861132928,39.098321386377961,77.613472886494364,51.49023006932967,72.836792336449406,-80.141688283966985,36.990040040509918,85,29.630337231267802,45.782461769630579
1200,-41200,2.0224784826519864,1000,223.37565612731589,684.36015226104291,71.446751879725824,803.50203725924257,135.40267627281182,787.31065841780321,332.63950142003512,383.11800007978303,564.82132081264456,99.042935667831003,120.11279920427693,8.1959190253408281,61.664562064317877,80.270845449811844,516.74775633648403,566.50494239831437,72.428892395642094,396.46000506861486,516.98420788858209,339.05576291688925,389.03474077910153,576.81817114469391,266.94152319347239,885.8167633304887,1000,460.05924565890706,949.95487685814021,858.67001553657087,948.83782813196035,634.70510964189702,51.896349067559129,970.0440680620668,329.36444658592887,814.71977502410994,511.32851393688645,893.51333484391557,346.27357253469677,652.36215217604922,542.44236713015721,876.25285396861318,268.79311311284886,398.90159287253823,381.65923053003598,593.89706419616869,402.66860394163399,180.53203363483516,130.90618645635192,178.08234928815804,70.157105134438353,51.255446659151488,737.51988183083211,193.40874102359402,658.56695873164153,391.37304502213397,649.7492633578745,224.54953451842269,932.84036801877892,860.43436873853523,275.64589522483038,409.46372374991813,18.239790886047384,75.386557898982574,638.43334817657228,182.04819949043218,828.07289172082005,904.49809499301978,517.89596353517879,635.35151469509617,193.30791725939048,736.60815930818728,943.85869466846464,532.23279727565227,824.66219257845398,561.00480121018848,259.30507587322069,819.90345145557933,661.17780954102693,759.93066369500082,50.10411779855815,801.15450719841942,34.573194784022775,505.64667183622328,135.70338771936935,279.25461538530271,689.1040314066729,386.92116398759003,231.64273685546806,478.97157626916572,440.37178478187923,135.11307700676051,749.72784618432149,22.855702595768946,369.27055836611009,673.45089851354328,127.23607781509764,712.85971418634995,588.48409045800236,199.32609063221156,174.97454569101313,-20.546574869770186,-42.968212328227558,31.799612624247324,-70.151806972123353,42.006528986446817,-56.520169118680798,-80.607898288254688,57.670870216770602,-29.839071723568573,-79.952189967583266,58.088125413891731,8.2400599866102802,-45.251467193412665,21.718382848260461,-3.0763598173017712,-60.91026784319493,35.926503955079433,64.768234031357963,74.289624399101939,-73.130898037969203,68.894022327150793,-39.787326075167179,-80.357547706954051,-27.077972211248159,34.660064247914129,-69.070720134373204,-26.844074566586329,-29.224548106818652,37.463720595546306,-17.142539879621413,-8.5423633322808072,64.752852795811918,71.904030720508473,51.739888213660869,-15.723902462846787,-20.759189549321107,29.194804921404351,84.994291750486383,80.169179904689585,-61.770675989735331,-73.918110338133374,44.264824352033258,9.4234062149919602,81.238821185726579,-46.616778301435417,-8.1547262179547442,50.710252556461327,27.042386502972363,-77.387424826136595,15.922080969595537,-7.0810639728498073,58.955753953215222,34.888527580849392,29.23533324276552,-1.2868626654843069,15.970521696051003,80.727219432156701,27.417434827375342,52.434433861189582,-78.770485899843251,-28.792484721190853,50.350777065224136,-51.149786227421082,36.145748872838219,37.233829527534006,-70.37858939478005,-21.000578501939415,35.646788477363749,-68.577947408934847,-62.793487472096416,-14.945690582969807,26.00082113342679,-18.720831357167118,-34.625045295128551,3.9089906350151153,-9.57991219067668,-52.463281353643858,-4.2447694913746332,81.154506656171847,31.3167138873943,28.555946147374531,26.853446329141406,55.641119883275792,45.507553310649172,38.665777796890637,-37.578133506858336,-26.842232335053207,68.797949633999366,-26.761316078055934,-74.6338335850253,-6.8595439246754246,-71.907373095700578,29.094208635763675,51.319980609728162,-53.952650724487967,-81.024569884183194,37.139986384017547,36.593988184504681,30.067243869910577,55.685625288852123
5800,-58500,2.0561391732131211,999.99888452282732,166.46174981107038,337.93627417407259,66.552777570759218,296.43998196097255,155.73801624213809,787.23784123623489,338.58093540734797,477.07728475212576,608.18911912540466,367.61146226957834,273.09580511757758,333.86719975520197,72.846271726226689,79.622198461900666,515.59787432449764,565.93748462039957,94.215950239078296,389.17431106079613,830.6909823600397,548.43592948184198,912.08731405772528,582.32016014263763,262.09682658525799,863.62012070193998,999.10936586475043,109.04651711607156,852.94947376694461,686.94203317096765,889.27088294010377,414.868889866676,214.4182257705113,179.84852825844951,577.4641828309459,560.9680121507605,556.41787107007929,922.2182923814479,491.86360699562351,413.00293174549398,507.36268031610678,470.60728117689445,689.65074063142526,756.99644577984361,377.85099995751204,598.28714500481988,399.34155539988041,209.35805160153492,133.49902720355877,382.53017407031689,83.337087030168504,42.589440919593912,784.82537173670926,193.34161678089319,633.43891137594824,628.51754997404157,359.63862937195825,187.01449101409074,376.19546243473962,920.71163601111834,250.03563983283999,401.00884641558014,33.462066416577898,645.72507476995315,472.86188694743265,46.357195229693261,905.29601048793188,903.38573095802838,487.95513117902334,661.26039624359464,137.47073646587029,735.60265122992826,943.7697841533801,466.571544177112,810.92324513884728,552.11297587814659,260.35136010864812,821.85451600245392,599.75011930522396,653.16127963703366,545.60838468040583,800.6957456024918,302.62381809406173,311.28209196985983,194.17980974616523,747.88065204768384,632.11731000633381,399.63011720767611,192.36704114067493,457.16565371640121,837.87414686541615,453.62566449272038,750.14990068435554,25.610578309191077,819.37550908024969,665.04781788364198,458.86494709585759,712.12787621942505,577.84807984304871,744.82298151068971,54.716691097991884,-29.176146229207568,-21.910417870775923,-33.329013783422504,-33.451045938278348,50.349698980385611,12.700414694099361,-80.388779844597039,55.002876135346057,27.963504608673297,-75.069127657421589,63.56776753266454,69.753214335166234,-42.576874368684088,23.31318333878604,6.4651382961111823,-2.0993128229117568,-12.703270308717563,64.330663205563866,71.631091241598256,0.29704860735053984,29.447379232441385,13.54013247096948,-79.94076450486925,-26.492407979963588,29.699946317748502,-79.774836969159452,-26.805288248565038,41.391712606023027,-25.861235536822541,-17.085187510596558,-0.15166426122122739,59.16781426328771,75.084805040339759,-30.829806133090749,-76.071998498655816,-15.732714301781186,-8.4591236178534679,83.124478263167262,80.29659421577621,-61.7154228433904,-79.924465144074702,43.932847839160175,4.6083225192969728,-1.0045689943450822,-47.849013398338215,-9.2585715573800389,53.168249215971741,-66.718824074142532,-7.1227570932117583,15.225832817449085,-6.7441646227669487,59.055692434980131,34.84824237977967,-66.778853080771924,13.006820178870115,-35.979051074579168,-24.264084500707398,25.070003769802245,52.189891942113562,-82.402940327812189,-28.492080347091765,-76.191718936394551,-54.601865021090504,83.663021331660048,-74.02961318304574,-15.928293013016269,-26.519387561874712,-6.2803329669054708,-68.62064728019601,-56.876493487372962,-12.387281444122412,-37.970446391333333,-16.120167743469104,-81.973264175099075,-15.579044197091608,-15.956423133015047,-35.63425727369858,-3.7458244562637208,80.290005147871696,33.092148977808051,74.78928834255025,48.108607537222007,-18.524280704095744,-55.172530794306141,38.680598988131401,-36.393011423578365,-27.510475207788083,65.899965572850803,-29.239294669334519,-72.784950272232322,-7.033982511911149,-65.241364307873837,29.001487478618426,53.896467724970741,73.223848749567296,-81.014089309709746,36.821384638963472,-46.694305754858554,32.829451489842363,54.9830079345641
4000,-45400,2.0334364133332135,948.79935116873173,216.60465461243268,681.41105645734467,72.092035417392765,808.37398998891854,143.95610631130208,781.37445833118841,333.08745834729763,369.18280761859751,604.73931734189955,370.13442584515957,286.19931846888579,324.34054839989182,615.04764218821549,79.668612558518333,518.90494196142436,727.73087851180662,585.82300758064207,65.203523765788049,796.9959959230506,148.40686969296306,362.76425270707261,579.63715193401322,262.14071033769613,767.66604995565513,106.66274146794012,105.3969654044166,848.7465478856659,201.78329500351589,75.555337792970818,697.55149096422622,223.28588884549384,127.92391081966207,362.44031102843024,818.78442969896321,559.12946418116633,379.91673589805669,419.48894759265505,460.28002630068943,117.15984419527499,487.12301532381258,674.32096363694632,649.84557627102913,747.35921922195303,312.16996151503531,274.30059967252146,200.97907438081518,75.120774695363778,153.30146661396051,44.774128231112343,44.433745082561728,215.27628029011996,195.82690227436458,327.42908246998195,647.93318918268176,347.24296195791294,475.39313331567536,329.26345741982135,874.05778722554169,286.81937126966693,705.36203532900936,705.41396479594357,55.860273297628083,654.30842445900669,837.55120277948936,910.66748382309379,897.01089197265583,524.7357207335582,787.09149495609142,165.7608005190437,735.61697173015659,16.026480151284957,489.46357867436222,834.28247930590931,528.59342840809848,273.11318029200163,833.38350735950928,313.60415801156785,757.63503495795544,60.541198716981157,800.53937947268116,46.056378490189886,285.21560633048455,197.04905147500369,739.75942023807124,675.91063839526885,415.48109639785253,760.68999484381652,182.74654547973284,842.64575217375,454.96394339979543,741.58948963381886,13.953781350874646,769.54937926274147,804.86977261683728,120.58544635337441,725.8706530674541,885.51986563876403,196.97004813077396,220.41406077834807,-21.392823528127735,-24.280298919818378,-33.703534815488382,-34.063585301651869,50.342210923628791,-57.349996170261697,-48.946586217588575,51.72622921590105,28.872513018145934,-77.386872473471129,-56.887822068207939,61.312277480487552,-31.368698194910209,73.840090671426907,-70.89860705323261,-60.65533871740503,35.78975720342342,64.834288713864083,71.332150190617739,-74.622590550814039,27.030329239060482,9.9422307357303872,-84.666847452886969,-26.647887894150251,61.081917655021655,-79.640848415279294,-26.106930277586521,39.091968941335047,32.326343865328582,-17.184087882835396,-0.11325764220759396,58.399212411778372,74.70029750346383,50.843175050717022,-72.099328365359071,-20.21180781776868,-5.15939916424648,82.88843358125041,78.511353553006799,-65.691286809131626,-73.814446375050636,0.26921927782161525,5.8279670875305225,77.576018682652219,-24.801939803131965,-6.4513818094024451,-5.2303953083845975,82.027698507714092,-78.421770502611878,16.268528705529221,-5.9729914587545236,57.784137266009168,-7.694367936692899,21.656837002248338,-2.7077693381250683,20.998560203260702,-26.454995576092266,-31.539297236876031,52.420272159701177,-81.960701760767364,-18.115439649957331,-40.036074651481393,-49.140495689911063,38.331413957795647,46.43528461557419,62.907470336937976,-24.029677369029962,39.036602225812132,-68.491305823215868,-71.023831006946267,62.816719326036164,25.259646372063429,75.593946538241241,-81.97297848513999,4.9345990960504569,-12.1950444859154,-35.632322574895255,-3.2191486767911321,81.239079245986076,1.5162651858526885,31.559508688472778,81.459516354125981,-1.8239168114989406,-0.40289012121250778,39.739881597130811,-36.314806038661708,-27.315648663545339,65.693316648255333,-28.07751658187123,49.336653557512264,-4.9287984955787572,38.477369241962634,20.094617199399856,49.54645458989831,57.930213049056036,-81.703208254373706,37.237724120605279,-50.905203656288059,-29.846018525986107,45.714698564430762
1300,-43800,2.0592438025889646,999.76829880042271,171.86683667300034,679.43283178447189,66.758509706408532,209.19494664552886,156.1926157233346,809.65425208861006,126.92412062775901,477.55999186276557,604.4183418579953,362.54051194362245,273.95443431637403,324.06388816450925,658.9399141876587,79.532996915902999,509.64081550780469,706.71124763505827,579.66880160747746,386.72677468826316,798.19701312350037,548.38915339125015,900.86946999290637,579.6436208424675,261.90191330295846,872.00286478690259,85.146450257926347,106.94723129490406,852.95508266939089,832.35050244797367,76.675521201193277,620.46784988220361,216.39971625465142,124.53628967453163,326.42419503534722,559.24262346019987,992.44931990323153,907.13719652657699,418.40421623953017,460.27888955240689,513.64685320528247,488.32956283654227,673.7897660604109,378.99352362349038,366.92854048158279,598.34373684828427,272.07045798475167,209.68057172353795,114.65820652077942,174.80736574860714,570.59868419155237,42.635060740531458,255.44430671359206,195.90458542227796,627.80666227466611,627.8677061419628,347.36367469971242,491.034366841924,401.37817492944811,907.55728562607999,297.56953059132337,705.72549618234109,937.983808448937,26.08174675497045,654.53497742822401,48.753008694042364,911.2088371826369,902.40748829166057,489.42578886657594,778.16381539832037,138.35789539206499,735.69176965585143,968.69329097348941,469.87166509748658,834.15057167675423,553.07587438903749,260.36595310473717,821.798112982014,311.63156761362706,756.86306129563377,73.880249851686159,800.63203431852173,46.248165002915862,292.1564959822071,191.19714088545254,751.07135926489241,677.27887103603996,384.91665700890366,749.8006361923326,457.44161937185561,827.21591045479602,460.25765478091182,741.36935864942291,13.251677331394278,798.69188218374268,804.86943721745274,463.28169484391719,712.05036049505077,579.04333311748883,192.88453830727943,53.790253106982249,-21.127862079864375,-22.341206237688592,-33.700378197234222,-34.063560515841885,50.345146669242233,-65.028428964462748,22.875123518880407,55.01756430512215,28.127591842856503,-77.364590702753475,-61.402935391421131,62.731025094481062,-42.344642098680097,21.639615261438564,-49.615361744580774,-62.489004871153966,35.799953779792695,64.858188362789363,71.43756927090844,-71.359078072140022,27.009372607921435,10.058328323570731,-84.918046034630152,-26.632971108097049,28.559234081390851,-80.312732749287093,-26.063167874109048,38.705063901328479,-25.45353433272896,-17.178595412394127,-0.11430324762531954,59.195236356915323,75.075498996103292,-31.6782802065757,-74.715873950308236,-15.835885933772852,29.048419461852326,82.875010401464323,80.592586981789736,-65.707819878110897,-79.781821448902363,-0.83620544396115559,4.9352924018619975,83.374496404900356,-24.86462539841413,-8.799969923446735,53.625887847167633,25.190374388121459,-12.947870529966215,14.829185789548985,-6.5856040543418146,57.784483807151048,34.846263019372763,-69.497920681579657,12.094131792014437,20.920118830847958,-26.61584513923583,-18.037388913732634,52.202491371070593,-82.082570100258764,-17.506725686118418,-38.301858455741908,-49.132197180416746,38.577318142378253,45.48753628332755,-15.652244896285245,39.616832494350575,38.525009245671129,-68.618124091978217,-0.82866310179690883,62.893346193842753,-37.522307700323751,72.011537928261589,-81.978631297282874,5.1522491866833802,-15.921476062712225,-35.639381505905405,-1.9062258243797385,80.3309962685247,32.438839181748513,31.480749581166922,84.077296683204906,-2.2380184234306193,51.278089537540119,37.545979829267537,-36.331416744280183,-27.303166261324417,65.848557308054765,-28.588026498091203,-70.21306255863783,-7.0714227546060622,-65.232988634252877,29.009907024103303,53.801355025612175,82.624627827937161,-81.703595311548838,36.798822807238963,-46.202685282638477,-29.937165516555293,46.44029020593274
51800,-67800,2.0019175075650697,319.84861649201332,5.1135338207473895,299.0470499372712,59.374444098873361,823.22735913964016,106.31331110749903,548.70124156752138,322.60631535193585,375.91988639719926,603.02127123860294,107.90638984187254,649.23733954682712,26.87847629745448,288.57102247359853,351.14056762168656,570.21228632471764,701.7367102640095,67.746812829203478,395.55978522453591,826.14241620171049,508.32831119046591,909.99014435427591,187.8152900335424,262.02830584071341,870.31767936225776,173.89236342091914,407.04865391294987,898.27446319855221,861.29493326502984,127.56854395977027,390.60369649522079,822.45925659083707,872.67542967337715,347.45598211001504,827.51002301321364,547.30060370656054,391.19067107468692,400.62272946124597,427.49573399705241,501.65232763927378,899.0976410926877,271.0372092154991,524.37941850510447,387.24162462364859,595.27188738541645,273.02097920085151,181.507956890798,324.47230279329102,161.13316671371859,588.90407505947041,34.478643238182613,796.38544234491405,188.4801033534215,659.18783412674406,876.31626436333227,643.60791248197052,431.5053820991269,48.428018803961891,499.85021697840557,639.09504005792928,154.31157102053177,9.4969493359938024,853.42631656970525,261.03746838880926,805.88419038221252,651.29390897338089,964.00886443445006,536.84564268270117,640.03293305500176,141.74266220133171,718.59146023453604,540.87736938927947,530.71425010166081,843.51778609956307,512.64775434116052,275.67086659092081,822.43129106267577,170.95521702753896,638.58485880665808,53.735463937144068,796.29431090764524,302.38190026817477,282.91909762291493,149.5901613450871,735.51565919281143,670.63107144476021,378.59442416874231,755.00360444502189,457.11277569484241,447.5139991097036,70.57491779257208,743.51876504733025,28.971480641038344,891.08841852983801,810.80768691670426,412.44747180798316,666.44664618780143,607.5270708271762,188.07318384217766,51.71271285157183,-31.082368409388572,-53.284561701090382,-17.755750705937352,-33.609625843520561,50.213548629675046,-62.180418189587456,-77.36625753262949,-50.325399039666188,-31.721392299395099,21.163925597992996,-81.223568707756485,6.764616337652348,-43.525408949897717,25.231111183714305,-52.816462654036457,-6.2418755904659058,-11.411878955574851,67.584352893292206,-3.5331268686746284,1.7795943640982781,79.3355566382142,-43.981876412522979,-77.955000123407586,-26.448187277086479,29.877244461354291,12.646381062368762,-21.093695637766018,-31.656871448084487,-52.777442087510018,-16.735732362967155,0.69294535006811619,-19.228701274642802,77.032746874348319,12.688600651027166,4.9714214727058179,-20.957959130651155,22.605513034250173,79.511023410217874,84.494676216590719,-61.9810994347297,-47.908840607063858,46.456315781270824,4.9960181372819026,-6.8590672146885954,-25.683947055320996,-12.821408778842532,-6.388895881579371,74.783411442868783,-11.138951130602365,-22.028603515067815,-6.3698957041645459,60.976207248543389,36.010723663960491,-79.958407761320075,9.8824191850650447,16.017769553812098,-34.493401343118478,28.383097337806824,52.499597731198101,-83.06523282155635,60.219659797418579,-13.130171391892453,-49.585105468546317,62.049583371916896,-78.117317719777986,-32.460373943355279,77.205278818789566,40.743111142678444,-68.616420987401497,-64.500149123433175,68.020511697385814,20.432522718651231,-20.819579280594926,-84.893920308525026,-17.947139155512676,-8.7501047966191337,-36.491641058837025,-62.294373462759879,84.072385040526356,50.118614496248405,31.6069694603719,75.762243018930022,5.0733498737092351,-70.601685197555355,39.675934842325162,-35.040131503350956,-27.155744771511085,69.447966372911864,-48.754164865516657,-72.266843888288122,-4.8014337943898866,-62.236015396857411,-9.5576974137158395,48.855437592115656,75.670560877558898,-80.461045949362273,37.041662939412582,74.42702532916249,28.331983608228555,-82.040532428543457
6500,-60400,2.0211128993588208,1000,230.18662700622696,323.99132481417155,372.1277147157877,767.73745285033544,135.28844772854168,819.60661641920296,112.12618809485507,379.14291328232173,602.45136242452486,121.3768615432993,120.48950532401354,446.39775278142679,645.85641562018429,34.861822299141579,605.64081078628726,719.56126668150705,233.25271080522418,395.28832183052276,824.36190723288132,324.6981344066229,901.69105552655378,562.84843256088675,270.00268772066477,872.14335872374704,112.76143282826416,455.20301383986339,41.186704081709209,851.71243209458066,126.37140953635723,235.18894947049264,45.335180610242794,114.12219852189574,346.48288249682071,818.99578732818713,555.79896410122944,378.44126841740388,472.84968760894003,405.96131306111067,123.66175327109494,813.56980283017867,706.04775013974563,617.0880572463509,375.55085031354747,598.19812474408184,275.66342117607269,205.68405155233,318.5825719418043,165.1091552826839,580.87046051373386,781.66597263531662,204.45999238792905,188.63878513698359,661.78693809235835,653.44870923324254,351.86927578544771,208.79371277720512,293.51236132486503,500.64384726694163,296.24760637039799,431.42936514441743,828.77492066326374,2.5015009448864021,671.29239620326973,88.949534845895585,903.70445957190111,557.02104162611602,513.24167473644422,627.16246487502633,183.36712315649893,749.73989970421871,994.9978471221508,528.47606313667529,577.64307917790416,502.97235597829933,19.032207582583467,818.43682568814313,307.63034053148095,760.21761182324713,90.669426134244901,831.00684722697133,281.3418697454382,286.27589332981188,214.12160325653633,923.27949365742143,668.13049195123858,417.86619434735258,58.599144244407171,459.10115981387139,731.48733577587427,98.540319771031903,780.21550983365796,347.51735423829211,792.57153982956356,676.8365597059194,457.3562273110403,716.19044997256674,562.56008498638289,192.87603596125345,216.81664393350951,-30.3165279275802,-39.090286498762914,32.966690410527278,-34.719106926563491,40.319020588362299,-68.148975397171625,-5.7555543027858516,57.716728580810461,26.98678540705809,-77.398970183768341,55.18599064017306,58.082647137754861,-44.064357225188779,15.108474404842649,-68.842599594468695,-1.960947495302122,-9.5933766230619142,64.813669001136049,-31.443266000033447,32.169131455068559,-47.101265751631189,-46.649128615278762,24.679587191313733,-29.104554733801024,57.453285742172291,-69.470711553475454,-63.510324395397291,38.720485471191608,-29.038896501588852,-15.707623153622505,0.56666671778465627,59.924644498559559,73.017395550545885,-34.480951995956111,9.6753102164318605,-17.539943752379312,29.170856245391761,83.591487083084672,85,-61.622588565238409,-74.455293270731772,46.225650130469973,5.0455547095512117,82.136083615492538,-26.656270326576319,-54.438605594224313,-10.579852008068592,24.955281518167798,-80.685957774067091,17.405750582408274,-7.5082279044515605,61.830266989717956,-10.346414610869319,25.944691357467217,-3.4613082042255074,21.404801068703822,-26.953100449362086,63.141114464312963,52.46772625410825,-47.299129517330499,65.289649098567082,-61.667055339672672,-43.358675201851923,-28.179076812771491,-67.1119757571729,-68.31509491833765,41.733437740727354,35.068808428613281,-69.031540126837996,-0.52211488344581625,54.911409861944421,-70.552257682726847,-12.542681222495261,-26.641233193062561,5.2047885858796032,-9.6971360511239126,-37.446911995987627,-7.1233403114376523,83.881986976808264,0.22592936332496905,29.733913482565299,27.183109881242022,-1.8677342627805587,47.500941638400171,39.050556331105405,-8.725961385271221,-43.395407787923205,33.516597496533095,-31.871236802128585,-69.982488101741652,-4.5346573473274194,31.16021649069042,30.188058869133076,49.545635145295222,-54.634198498088786,-78.314827219765121,36.994286313927766,-11.084058830918391,29.365055513466054,49.369201465367858
61300,-69100,2.0029478887234089,152.1538624272759,2.1634704756983894,344.97175898286582,389.79944322976962,768.88660219719077,134.22122737568714,822.35849213712936,108.40561473615018,379.03392854712365,602.9265852230476,121.27211233973482,639.39402407461193,337.953488900487,283.51724951093701,86.288867610459008,605.41406339423736,719.57157447471695,66.045953443125953,382.04522820170132,842.46509429544142,99.075114752502841,924.65532653671494,544.86290608676961,270.27082542262718,846.56852780609472,170.34151544169978,450.40343148682058,50.231523941230762,199.67473721923966,169.53918157712113,234.47346197180767,265.48189832299602,102.42501746818954,346.45596815498777,819.5989179224706,553.68643780547313,927.33598401143479,472.61501329328411,139.17248603073227,95.723391984542445,912.87083634996372,311.17148469905442,619.31871364076653,375.50170365605328,598.20282931509075,275.67933489526115,205.61042334618369,320.55811144794689,153.21646120693089,586.09093640066351,710.38236530224401,199.84589234051674,152.11334298317041,661.6281060933477,634.89522075853529,353.2147613736347,207.58362005203961,907.40882201768568,981.5552783450554,165.04223150944645,437.63136233187385,836.25406108354002,655.46337445705831,258.88375082901428,866.14771089127566,903.68828930592974,542.69096724217047,513.1147451767057,640.11191011574135,181.7707630785608,749.91373219746174,927.95027166062744,530.45728462746843,567.93599545550546,504.07527165911688,38.376263094527715,821.98489310034699,305.46510317379796,633.66300774089063,65.948697495928513,831.00079628379945,281.64328373517043,84.320400811414544,214.62608848171863,755.93389978115124,680.13890301741367,420.82689761963076,180.61087991897455,487.25285282724485,841.32692363077877,465.99336195846047,723.9169718987531,21.534613950255164,872.96936348747818,804.83643241034861,413.83638388733755,717.82988718398803,562.75843507698585,192.28565976090005,45.146747632725308,-30.996412273438953,-55.239205785556877,-25.166766478803705,-33.450350390710184,39.941154532111653,-68.713519257890852,-74.320668414110173,56.214025511329332,26.813468415878418,-77.357772375069729,55.151341568620488,2.6715582302920566,-43.791828123001181,20.373542514702461,-47.605842762965295,-1.0196247160820739,-11.179832798222211,64.773121208709441,63.570578069279897,31.990610828774248,-48.094888622714969,-43.186263674029028,-80.802297303750422,-27.508138665357123,56.173714211818293,10.086605515303106,-27.102599033781168,38.631763387405776,-19.345421718853263,-15.705603594631407,-2.6525569127254087,59.911810836412691,73.113772766725859,59.229823974562628,4.8697017279192165,-12.65525125870399,55.917885992887669,83.608680244995227,-18.293362172462068,-61.611141316554082,-78.170881526965971,46.851528143804394,5.0967802977540542,80.863160893788233,-26.654859239898116,-56.804492471915864,-0.12026117739894104,16.177505195499755,-81.859304241273577,15.589441879235453,21.489492825081022,60.821947772498547,33.600920119606897,-79.988595547439928,-1.2219484099870892,22.254103565735686,76.073487285128948,62.202961834928331,52.459668525736248,-45.516039355776989,38.680985630174384,-57.507969641337247,-43.289754326382564,1.4645459106168399,65.069959035323407,-68.299664628617194,42.125567749318911,34.969500408664622,-68.475639788644699,-60.580178444362446,54.908346094982363,26.857173339821074,-22.540887511583406,-84.043384356180297,5.1221262861097756,-9.6094152674404629,-36.56447871688264,36.123679567293252,83.822202334369734,1.9164515849095718,29.748650976899757,85,-5.8157020610510273,47.27406572607201,37.24740134176438,-72.643133436071693,-27.502814968930082,70.19766640537226,-31.954864477097043,-70.042371086963129,-4.3904951531086516,29.029331844553049,32.19180896973014,49.537691749657334,63.360505989292889,-78.310549874697884,37.613962242715111,-17.195170054377591,29.407485725270622,49.520485304869908
9300,-61600,2.0605159887557396,961.82699975645505,224.84859909382865,342.22549159039073,349.70668378839548,296.86360896754309,130.51230269875327,827.11841989772154,324.75160708621348,371.62379313037746,602.47978547438061,117.99269277427166,674.88729619458536,284.93697628550416,260.18750208047857,342.93526251900181,528.41851707030287,719.20044366371644,70.558572818733722,389.2875571250392,502.08070490889469,317.80988347027369,938.86467181740181,212.17449948178663,270.56273613428306,843.91394256285605,610.03823407631796,454.99104034173257,893.89312276618398,689.96834549298364,731.76786199717901,248.2245734355991,27.215586566177134,881.78833706892681,878.06826152323094,813.73911072339013,536.57272250789765,190.36493357609149,472.19790096143117,412.422816899287,480.83072331233478,820.21490029713425,294.92998426557023,656.41755414114914,717.30468990060081,584.18862003914387,276.59082218453898,397.79353910323778,44.148221973077227,147.25561799564633,42.490523891997668,770.96019747488481,190.25511263356651,188.46546379036991,334.73228189335441,394.00748235744356,580.53414714289374,208.58295264765286,915.58829479516339,489.66242392786853,266.84796682446864,811.35417122547688,845.47632038006213,674.65527678298281,377.07094792246249,87.499460884946529,589.00858209592525,31.68703273601033,516.28928039206608,135.62801104074097,183.79858287874052,742.79675787449355,593.95854489192629,517.69105341569252,851.31409361191936,173.54102753743021,286.69199745978153,819.61294614615633,170.67829923189294,632.27045457308202,553.20816535872109,833.33557685509436,312.31428568359297,499.8174897305538,675.36081319038385,738.34381872133622,661.10404008472472,387.72427041595893,84.012055630961299,457.5544243271346,847.25200741767901,130.93819866493064,750.13973098136694,784.23850787660126,347.64163350134089,792.67468910315768,474.07045487026932,723.9081338109429,563.45038526707208,197.55865062712653,184.01450303410323,-31.369334017160565,-39.049460188616699,30.173482181058223,-34.984652996961152,43.435226422688167,-69.346998611981263,-5.6372284623052735,-12.441823545053859,26.321797549901195,-75.773428681560631,54.914258279525043,5.849041465759699,-43.779110397791719,84.841764108665444,-71.000237945316599,0.97053807985771412,-11.532498263740775,64.563873289303771,-10.131076454315822,63.700250067536913,75.486695044758292,-42.582979130308104,51.478619434271522,-57.805688908124381,29.647502609881613,-69.595175478603025,-25.749496099281558,-53.652136892191429,37.346674012561692,-17.108322893032017,-8.5765200219217412,-2.6133743667107296,71.649845661614748,50.503730422186443,3.1521313722144537,-20.760047133735277,29.062793411019161,84.509896772007266,82.412776061675217,-60.712858899495252,-55.798107137703965,46.308829262135006,4.9893419840647493,-14.108383522491344,-24.67644784786048,-54.029457107674759,-8.0091472971280435,72.705823837375974,-80.727409349244795,15.363301704115759,-6.7117080977999102,60.943911697219953,35.685965090758131,-70.931575986992996,-3.372545381342106,15.888942500913965,78.05197866655493,57.042170597599586,34.79607758650198,54.841934805533811,65.312959448836239,-62.182686489250003,-53.342447547961513,-26.240716611890207,50.165419186931246,-65.177824610846997,-21.52037469483507,35.223625162306249,-68.681445834845945,-59.418288606751794,47.761542960736826,-69.632153672219417,69.564336893987345,-81.620239541600341,-16.478452366875601,-9.5482082597886073,-51.825148164558215,15.183373506098953,70.905219691842433,0.60326919705720949,31.48991389398299,78.967578780825676,-30.713928747624841,-68.952815990605572,36.089518584175529,-7.1904995246817585,-32.213883083810885,70.786542837087751,-32.336861959246676,-64.824224130098116,0.57230425621508041,23.81099792546496,-13.113242862957001,49.542838145494592,-55.247024045265476,-82.775521129128947,36.993895297687146,-15.320339377622513,29.313000748584034,18.413344033784213
54600,-68300,2.0022912256580443,272.18758341364918,5.0819696143132518,299.85508792375833,77.738466621304497,208.33159691618894,134.66427244271557,804.45469356114302,190.49801535957482,477.81144615682041,605.06422349631521,97.856029202485644,108.76573358872986,322.04416849862446,609.60509995070811,80.493490934870394,999.58882943428193,524.08158127759884,156.66592316280185,396.78541045935845,891.95891002827398,308.84346435309868,919.24895953282703,554.08850225289461,362.12850974033995,847.03209703615892,97.461800392051742,403.43087041619663,16.219462979632908,177.55579576773249,864.22765114430013,661.29574848586685,268.52067887547082,813.61894856742197,404.52680789082933,821.26226519829527,513.14450464015476,390.6474942481928,958.72523142978514,115.60735157978132,635.19272283122814,813.02144722507308,692.92698216734652,516.42409188046531,737.09448072578141,598.03534670810461,383.65703786942288,195.31068996911469,96.263061493693442,163.77831141401305,214.88933735192927,54.702567246784355,269.6866950323984,221.27359627628363,635.19045721367002,383.32033418917314,731.21929891581317,223.13584959423497,14.80434339710871,497.8078240710073,131.86822277679948,188.60201723004059,6.241524611161358,763.16436482575136,259.0136949026396,851.67693541985273,932.42468289274234,94.223550749831247,515.44404403816532,631.75994818589254,141.77387151420976,845.64433946673296,937.41084656154476,462.22726762219372,884.25659087217241,169.90030494583058,188.7820898016881,961.15448276168615,287.74748443938432,762.22131159339733,65.588215108236682,801.75914521972663,81.298709085471515,290.67098281226481,695.80651502090484,738.84536572099796,687.5358342628972,378.73401998079942,774.71248310949636,485.55463613620918,844.73524317517251,503.61265353460271,94.307195641562714,772.43345326143628,355.39825911819764,791.8582112662906,444.30146268125912,853.18717752444763,583.02136823317528,328.12966779951211,200.05279874116667,-31.118166337649445,-42.817700132412327,-34.953411757962733,-34.452466028087798,49.280058451883363,51.690954163270519,-43.590336696240591,-15.501788461141974,39.780231615170308,-68.133933386025404,60.889323742199807,5.971035104516929,-44.094005041535077,17.504326946285929,-48.108713120048144,-0.47986269595636344,-14.185641234878311,64.744716214535842,-9.6748682209703851,58.677296021856463,-60.132877686493181,-41.542235716439549,27.977949081912612,-57.884074187280234,1.1665190165632568,13.644134697450824,-60.355459852138935,-35.737649523389436,38.252370522338872,-16.068629700506239,-8.6841379072052529,-13.739204969313519,11.458136564214406,50.022401709287728,-9.4202572716291755,-21.699128900637984,20.51818700585169,82.372739403111723,82.449433166804852,-65.451414629406713,-51.425342331838969,46.741792061435184,3.0121673323334628,40.953495254481773,-25.576503739676241,-4.7097108391119207,-7.5880646697413994,37.225077420258927,-82.629446977890382,15.975352114432962,-18.031587849564499,59.262781045522907,30.184876916190074,-79.857787986054447,10.059964935112667,-51.006696345022888,19.172743177340706,57.536129087395317,58.57340142816485,59.803031542971922,39.00744538172426,-41.126722460911253,-51.431830130992836,-35.350948285976941,62.805645376456631,-64.178547029171881,34.196457390104655,34.967615856194726,-62.825182741159402,-8.6935771954716827,48.510382851567684,24.727310122391664,71.743243180517041,-74.601498446600033,6.9895168968153394,-7.6384084489548956,-36.764878901433548,-3.9924552443279566,83.549828828264282,43.141002901223573,29.961077068503485,-78.468438463770653,54.313573876303145,-2.8935833099711239,38.387966097004771,-8.6588812266044624,-42.267951612850318,20.213424034592457,-26.364736114774914,23.73316424502627,-69.521844985305378,-49.15060414539694,-12.802740878153454,49.181243999507259,38.731452722002814,-3.5385945385938697,37.660236131480062,38.844084472197821,26.987597059081587,46.442194257484722
11800,-61900,2.0034000892157904,1000,9.600249454858103,340.75786423523789,76.435898415839915,268.38173730089215,105.81379982673252,787.23831078042099,338.57173023797822,382.88044930604769,608.1000082794277,97.710750428263225,302.83898692597842,5.9010836336171621,68.966755496583971,83.924364925391671,986.95561423827667,565.90303458815083,70.276970602860445,389.17404545091961,53.587509029793637,527.66247287906845,912.08188772334256,582.45097059803209,273.6623878235892,863.61783919444292,999.09367856679057,445.86146177227198,853.429757432153,687.1414804459705,905.71233070113635,416.0474633259621,20.804014006224463,958.19505130915809,572.1243232743409,553.4093419617069,545.51846250858353,922.47645766360029,491.58719962219038,414.07804306517687,665.99413036581188,888.18208636420911,261.47970605639051,762.4786634430294,375.15631851071572,596.82947480394876,402.71047564338522,182.09723137696122,327.24971228046365,390.17496576181742,70.442724643589372,47.668386200831847,817.62446142712542,193.37986916830047,661.00208741914298,628.22464816840159,649.59264038661263,192.37153662507828,376.28614984847565,952.19382980510932,250.57307665402925,405.82711330041377,11.405298240838579,643.22587960391104,474.32606693671596,164.22126246608161,628.36857899701863,899.60534434947533,488.02308274182866,648.58587863535001,137.47318914667377,734.40726981704313,943.96652082143078,530.0159068660131,810.01006004286921,552.10859177441637,258.26008556296074,821.0268959356531,593.70473593291047,653.13308276539829,543.51972492287609,799.11117196939324,307.56750293489529,699.13334845823022,194.20082056043876,776.3209687356665,631.64518917755822,399.73071014059121,203.43511408933085,479.67739863365739,837.68891597007507,96.894071437286414,749.90856549099499,25.568545860351691,373.00427004747763,664.95697233013209,442.62362873551751,709.15441241885571,577.87527325405165,717.41963920937633,54.710080994617144,-29.341234171102919,-49.139043164952568,-18.983511987773998,-71.962754618890713,49.210446323686774,13.34917159988087,-80.227912829976404,55.001990417483427,-30.093169215674113,-74.346878762449279,63.533880327274687,5.9209653410723737,-43.803177487591455,23.450808804664657,6.46067468615332,-4.2874446273931994,-10.294146730096656,82.371325129040386,75.631369845620426,1.137479149861786,74.593892935488327,13.478172384992373,-79.889874415483689,-54.450571480039137,34.736818163550105,3.7381312882026094,-26.800567308325167,-29.704513026012201,37.287463859388097,-17.084103101609688,0.72552585534040914,60.504250800841618,71.705430402425378,8.6681420177386137,-11.272337175651659,14.33280137270236,-3.3167115162149052,83.12390669475819,80.296005413706496,-61.743580109438888,-49.241384335763463,44.830600647413533,4.6089563435785053,-3.4824751116025565,-48.133206662720163,-4.2268995997823779,53.174167101204546,-66.537374503041889,-7.253773034123185,-17.220353753983034,-6.4381581192417556,59.048723195379523,34.855324059626916,31.318736739566795,13.019942033621776,-35.207354479270386,22.040706131949914,27.906945375898559,52.172634093856324,-78.778926968852147,-28.4983063217026,-75.769720833726126,-54.57227600621718,85,-75.921371872172131,-69.869231925146707,-26.875360374947523,-6.5852051451985041,-68.618621631431239,-59.073344650321815,-12.118876432043706,-37.887312279397122,-15.994296058972381,-84.202426452112093,-15.714721773957573,-15.956583142435644,-35.332297028137397,-3.6969494131573364,81.182806654511253,1.1912404291630132,74.991118302677549,48.228378456943489,-18.393407177548191,-51.445809394222032,38.701920322531969,-30.459674888725065,-41.434766413730642,69.185327652626128,-33.089911767831907,-72.692271775198662,-7.0338155181252633,-64.924645458598192,29.83264589061066,49.485359176133656,72.970323332598525,-80.970538999628047,37.182767302391362,79.384610269319566,30.073864447882514,54.943607363127903
3600,-44700,2.0028630067533437,957.86097589327892,219.21863427548431,339.32617966931451,363.06210795390473,280.74592929819994,108.80645962590762,780.07717047867652,334.68981504787882,369.8985402590634,616.81538757440239,124.72018655973747,274.46438701984067,315.66709636524928,620.93933405521875,84.287564405371199,984.15665859582475,723.31617971941705,63.043092952374337,91.016952574816628,528.14597177372582,526.97901716016577,912.83135932376558,624.73657864520942,262.15441875275843,765.12235890583065,625.08325402302853,440.30747463626625,850.56163267199076,225.64175925092351,906.76088824050441,620.4348887468775,123.24752659557862,78.712092428037977,550.4433841854152,844.32295716940246,546.8611603720957,593.52573899405036,489.12653770445644,416.96783628054561,665.24986399333898,483.52072220100354,263.34331015035383,652.97988185745578,736.69699354888701,596.82530740318907,276.90245999522926,210.7327778611247,309.84211003521028,385.13562932417909,208.1961038816049,36.777000517819701,302.33091386899679,191.9379381430916,626.75802493750962,627.30141131833682,356.70995751518194,190.31196805627164,326.80538850715925,973.32984772568898,267.8018050540004,394.61649864584706,666.37750434892837,663.85509797353075,486.80545261772096,856.57704912034421,652.50699590762815,925.9213431874166,485.83708484951489,661.81393347739936,182.90206193882722,690.80815326996935,25.210865513220028,535.16608512649498,810.50650373072369,561.25776397278412,301.34720675568786,87.513663130200996,675.37026028797618,654.07005565788609,597.43309527463521,799.0986597905636,322.51937896903354,299.28032866853943,195.88261525942909,779.15572401149768,682.05491665284887,911.7253649047982,725.71462638050639,485.15510081514725,839.98263197301469,99.062834928349972,741.47455021596318,90.511425753232857,801.06772072282672,661.48822952103785,445.94092795458471,709.45997590417176,579.78841837275547,690.24941806287086,57.556826013990261,-21.743613420109767,-21.344517674069223,31.806665214340569,-72.356026873250258,49.153935082323471,41.370277908357096,23.020344041110057,50.112064509807695,25.570305625249393,-73.901130424406901,-53.486391578404501,5.863995761835076,-43.108307076368106,25.896882971459508,-0.95856363362173358,-6.1260356475678508,-10.461048631483996,82.472220783609473,-30.853861562740128,0.68774677801994955,74.052027489267857,-38.006078288440435,-70.681104453988382,-54.567178508478463,28.365238760635567,-80.667515574708034,46.440388100775607,36.134222648786391,50.306724242403632,-19.608411700221097,-0.11290359898776706,49.467965919041006,75.974858593770961,7.6644548849388734,-70.295607675174807,13.625509061807431,23.07804305829243,84.030929430094972,74.688999379837071,-61.694840109313184,-51.001963392468056,47.078718038761231,5.9831832817235027,-9.2939016230547367,-47.217084210523332,-5.7214334135564977,-8.4017339269694578,27.855114753485353,-13.348221421308182,15.811386340021425,-6.4445198036137388,61.052411857011435,34.736082396005692,-76.15525192691311,11.270006075937168,18.844712553768844,21.654713806482732,-18.711483032418801,52.165263271963127,-80.699452754450945,-22.578925079887437,-14.012318052196516,11.44985153147864,-23.969910919426553,-77.470700990228266,-68.262844698706019,-26.920593633810451,38.982347767079098,-68.516182903230998,-61.893832095312895,-3.7450970438668243,-39.432276403356823,-13.356355752604127,-82.015350055430659,-18.804951427390332,-8.8465747987264525,-35.432883131109925,-2.8985411640964216,80.928156833287105,29.163144899375453,25.617077807969775,9.7999916340865134,-29.632313416877132,-50.693458086822694,39.200789393112892,-27.772822408453379,-43.7071021498326,23.055095763268969,-24.761685122721207,-67.035579761386089,-4.8105071410081948,-64.93046560250805,82.492798601390163,48.925409360577717,57.550195582746532,-80.586764935409292,36.620618546874688,85,29.282216219484283,49.207863919209551
51800,-67800,2.0019003836733793,319.54992709840747,5.1112655278116481,299.08133603310364,60.653814887301024,806.43992201777007,105.85643376327242,537.86937210935434,322.62177819876496,372.96334244335458,603.02016096157752,73.972295157475145,652.26575819678988,26.568795487477303,288.52400895755943,346.2021542482895,496.05494289713448,709.48707352561678,58.171165591635088,395.50546900729449,826.14397949798774,323.52136227959943,909.92015222496582,179.5759342163484,262.36574799947806,869.98232660779854,980.68588587203089,407.05006774979603,869.14075082130512,708.86261948277445,183.34930882453367,639.80979793509698,129.49235814081391,952.68120395866686,361.18820691115531,818.45762876051049,547.18850951936895,379.70259157003642,401.88366076199276,427.59445654866852,511.41441797565074,904.51109839368848,270.44210876989769,524.99726425309552,381.661628267075,595.47511680746652,272.08200615272324,184.84321399064441,325.40910650451332,863.61069475426757,587.45655681467247,35.273803062105301,246.27631113091161,188.46019859488376,625.49196497230184,647.22765352192607,642.78238654593156,229.29768600623692,70.252764524301384,494.34261982726787,631.39754813702325,145.58242019309023,9.5270003271863288,854.84412082984545,510.66057954295343,792.6222234755611,652.29297493620061,953.02694230538111,536.73068557740817,634.67589330595217,141.9145315713395,723.04658096949186,587.55483413469358,528.73614852105788,844.30833220912746,195.20063458665709,277.85431897096061,819.38087492515967,170.95817047204628,638.59477261156553,53.82801954310753,796.29827588169655,293.41201659232257,276.22134722082529,172.15083054343259,738.29217958319998,671.04821717428456,394.35620189136426,755.03365527693506,457.18490793047266,821.08625786070138,74.645165311860353,741.98427516600589,34.594542372486956,890.33542407336881,799.97833424709484,370.9141608372974,666.00649313213023,608.18834974566983,189.05244663613746,51.661564168603178,-31.099289985344807,-53.305814289170449,-17.461675384199538,-59.464237407161875,43.103179326682501,31.241592052243103,-77.31408927458925,-50.45711997193105,43.689635071114132,-66.280408516626778,-77.644732032345388,6.7641948414018058,-43.302288287268603,24.995569965382415,-52.871600844495141,-6.6870190731516823,-11.188410843730344,67.577811321185976,-4.292128329152483,-2.4248794922969443,76.136918295954558,-42.027961930597385,-77.407240528926962,-26.430466385678145,29.865117102306165,12.680301737328591,54.681553250785861,-31.735296274307,-56.405429924814207,-16.740714239151032,0.44830559977073481,-19.192961339397733,77.654180094555713,49.356410228332166,4.9443114009236169,-20.674454409712673,22.60150427510829,79.417936244885965,84.917077159709734,-29.085148493290813,-49.313780433174813,44.853493001324615,4.9951214001669904,-6.8682514232196041,-25.694519459065198,-11.937185881854436,-1.5233799879545904,76.745768868122198,-76.682400579269881,-22.564533939853295,-6.4083214063615266,60.97497906930549,36.037219446709841,-80.058864583053804,9.9940741604905305,18.533669486397617,-34.015191858162176,28.389079280206822,52.498571281457558,19.381671502648157,60.518805158750517,-34.983462498691729,-49.585413731777962,61.778601151580325,-76.594933944105136,-32.060845045518647,77.164125391215734,40.885597252887258,-68.616410865390193,-63.658821396102006,69.132687288255966,19.532326548065519,-21.022843159755148,-84.476756253018493,-1.600526403180957,-8.6264747724978399,-36.356566668809791,-62.7431380186963,83.930478416348279,50.130649775191216,31.60635860823227,48.817339465381714,6.889532244180046,-70.567507563499802,36.340288661386715,-36.966759094684747,-27.157710234119161,69.986845494788284,-48.749514487969599,-74.53629800555639,-4.6010158696543675,-62.357808023344006,-10.501177355172482,48.828743245152239,-67.185478488557379,-80.466576827314995,37.329652352455966,60.594936087776681,28.339263949344026,52.289580437582956
59200,-68700,2.0064634891000406,189.71709795453961,4.8489764707738967,212.37062831122424,58.56730210875196,281.71150628963198,106.2021802357098,551.03721546631061,324.65027472804866,375.87676904360598,603.08755080328103,132.83908679601478,298.5261900003747,31.89684494638982,64.002790602016802,84.641582653447045,1000,734.23140805458559,452.86337632422226,422.0993232903333,834.20878232510347,361.5404655720854,912.07594575508688,581.73800891004851,264.51844435493649,845.36891993721974,134.49849861509225,447.25458862322574,376.19938643449643,226.72028662895258,951.59536859503089,386.99649723937574,254.46091309101757,877.52183522334781,858.19865813018612,582.64103452617769,550.23611664141958,611.48979801177029,962.94266942960883,443.21023866084488,500.58121667411058,904.22546993803019,270.22774046612943,654.37804512534308,374.2647346812534,596.92780866114185,275.618179833395,181.40951583909296,326.6242155454562,169.91513819092478,72.484654088165655,34.586174858217603,801.7896911467019,189.39697799580617,665.36586234918093,930.3313219619132,664.57158796720842,418.24676265054529,28.967541297130936,965.05948372997364,647.6977308549167,404.03990322596252,10.511996549597676,678.57527824779686,262.0773192346964,808.61341961970993,910.29807675844324,21.487441899495479,535.39339345531448,640.06702939359593,186.50405427906907,718.67879016745474,539.36068657893281,38.732729579960193,831.20529764293769,150.91076970331372,275.78254019752887,860.64253260758755,171.29079731058715,636.76911622576995,662.04432968123524,797.37710734396751,302.1328429865701,56.058674105256827,196.07443384369574,781.33437229999834,635.50690522676553,379.80142149743159,539.88866069714163,460.54331857709451,366.21670907256458,69.753045367083558,742.42377832110776,79.841213706417079,888.61402667953553,790.89527364179889,413.57577358865763,727.3051887999377,580.80798805046925,199.72785928752427,52.580467195229495,-31.358143790096506,-54.937995018254881,19.398482860082911,-33.678943481429293,50.138223793296369,13.22854129533863,-75.08363379228291,61.474931421462927,-30.706670777780246,-64.711695639778739,-81.901748822128297,5.6938557106159298,-43.783217827919025,23.639682425028777,-49.97527037840706,-6.3557282554342249,-11.459103622044736,67.636742840176979,63.928951314835714,76.064075936881096,74.22037668667204,-35.173018356405322,-77.957892411833967,-26.05858912523459,32.342567024050929,-81.117323436739582,-22.588995128114963,-47.018919308696972,-53.626576757093311,-17.070568679473791,-3.4880155507510038,61.681641987367222,77.010268800013904,54.852187132762978,-11.200540189870622,-21.003364169112192,22.732477556735198,32.61074057234115,84.492486257763971,-23.83017590301338,-47.99650683212829,44.918441814311976,5.9646977581654426,-10.570783034058385,-25.683594990797513,-69.748048699872157,-7.7963722801971196,22.536822829214429,-15.75147200064648,-16.932727456268925,-6.7550288062244199,60.977148306656609,35.302200195907922,-79.989209448500446,-0.98126253561931076,17.980887187299626,19.610834249662258,58.707469317193393,52.618365270502352,53.233177351547155,57.138232209420835,-14.923673514458258,13.708300361710229,13.219893823183376,-78.126277329833442,-65.078526558511214,75.773670329171523,37.054290679927604,-68.618757674962964,-65.068367486344073,-10.681213597657214,-73.005910937613919,9.2333409018421921,-84.815494994535172,-18.110580807952338,-8.8349054354473751,-34.319724761240437,-4.1268289660636395,68.810492441166971,53.02239214882281,29.886998648464296,74.835420861234297,3.5003574571494607,-51.913399158777914,39.709878817938595,-34.878274159820378,-27.470402906594529,20.333633818502534,-32.384412742839807,-72.818779331426001,-4.8291568327060634,-63.096766210504342,-7.9561867393884569,49.707936558247269,79.684877202902683,-80.522411118598697,36.986822414236151,84.740723481042309,30.104606460657411,-80.520829736372292
56700,-68600,2.0055711690834119,231.59406013682417,4.0942016799033967,302.44945677890342,60.836213679520064,246.81022806431616,105.86700150251949,537.5414796369829,328.74541628905905,372.91190543428223,603.18237361529589,74.674012545158178,377.19955790500762,40.559516428469891,282.47990873598246,79.73527266088189,500.25537114460087,524.22208016490879,58.02502976086037,389.98411480903479,827.72766495691474,325.36664035188733,919.51596741752508,573.42964638966123,262.36423118364951,845.09231290559876,969.47001480135259,407.14650833573245,353.1337574006464,709.07928991973108,184.34608483558137,643.96079912759626,141.58765444310995,953.70527919208246,875.24255660277743,818.22789126910334,539.06045334616294,379.75504729536141,487.72651263515911,458.84096082001599,511.51690569795363,811.39038436916155,270.38795211232429,655.00583474511609,381.81172622403858,595.48072043130423,394.02054864687483,184.77343074540275,325.4235558545351,871.9983491407188,211.45861088359334,35.261638450988585,254.97132682306665,189.39933078651558,625.31769151190065,645.70367324397193,660.95912322809795,213.71415532247897,69.701954852860993,960.37623500123823,631.43922899841004,427.78008679396464,7.9860671020339948,680.0822227211263,511.6972583597763,793.00948235714907,911.04289089882423,953.0500870469516,532.35456186611225,634.74246338011073,163.87249777276128,723.03258866887541,585.89490857969031,528.8747498716773,832.49197642089791,205.34772082864831,277.88650875591077,819.14380323337912,171.1148421755137,638.28523685021878,65.367253647800666,796.3946283191533,293.30417921039435,276.46790572898772,173.90633829352981,844.84213703886849,681.88276568003698,394.62376613939523,753.37223754309184,457.94302132044436,825.66649326044023,460.20613163862316,721.45951669386307,34.94709799095255,890.35168652425386,798.7968546741173,370.78184346269205,716.83434174869308,579.81308000034437,341.21552377313901,52.637491416197697,-31.100157238692034,-54.964359008761051,20.118504076221448,-59.525464365721191,43.033523789173103,28.827662774928982,-75.268248642784627,-55.977978467693767,43.726343900392784,-71.665013214698234,-77.604145374816781,6.7854098373842833,-43.292705195969212,21.321464342098558,-51.329528167345629,-6.6773745905386228,-13.087685402959975,67.57781430856663,73.070863383289009,-2.6926341653038941,74.029865400312701,13.359943626987844,-77.407098922374161,-26.073715274231557,31.070979755660463,1.636494914032907,53.222578818023024,-31.73508062684752,-56.424907499703728,-17.075488380757392,0.44890978862324227,-9.326412202921663,77.664589202015449,47.615724233787979,2.980268597184601,-20.673878157326826,22.724302537799829,81.979869139076797,84.917906024355901,-28.799138502083533,-49.282471126148756,44.875214638303852,4.9629194577313189,-8.9972525312079306,-25.69416211206784,-68.893876705373344,-1.4986969229264715,26.631138663552406,-80.156729788788184,18.383277667206677,-6.4081687463691095,61.259415229921203,36.037722795923145,-80.058325228181673,9.9901156473556316,18.716426046923434,-21.279361975262059,27.863891120300359,52.381141049464468,18.68351618854765,60.52466799517746,-34.32707800616889,-49.611687636179724,1.3479611264386051,-76.611224427343473,-32.068648549687069,76.003764589889556,39.676546965581863,-68.618610942557112,-63.658063562771723,-9.6133787684959131,-73.179632066692392,-21.049430659989778,-84.462200168484401,-2.0694610661093504,-8.6303278606522014,-34.163378443749686,-4.6094359615919132,83.930239948727589,51.278141912847495,31.545445646880964,48.832585161025222,-27.937396247998201,-52.262829596838763,36.380249186602114,-36.926834164337798,-27.273813120566057,69.998663997839927,-48.012674538294192,-74.573211481275933,-4.5944065569931922,-62.357910314239973,29.362100155165098,48.829948171944487,-63.059428325189025,-80.531225667487945,37.324391816455496,60.01084373932153,27.787195798255752,53.805787059524981
13200,-63600,2.0005228352290101,1000,4.0657688645925276,341.06228287606774,76.092752128202221,267.04230594967657,105.75715285071297,821.07195934424419,261.84647037829063,382.96574849519595,615.16296586404712,93.212176850198233,323.20883983172735,38.423760679657633,52.777162991235627,79.880898315450835,541.33891019409168,711.17946587123174,78.378930805908112,397.32688041792341,68.194796525021644,527.96267260986633,413.40527372979142,582.80149429277242,261.92169626139304,863.83908037387835,1000,434.15740223066285,853.5861026601317,684.49980771911464,907.82210735048318,642.94548036415881,789.25679788330535,967.12259181819422,359.01670903027298,819.49365181070186,563.0985929101829,394.68053828632844,417.21715423737032,463.58927029301384,666.26549492175491,888.034956727397,283.96244526273051,379.74170303468787,401.02649965139392,596.8298568558256,402.02070902828103,182.208829427203,314.91692673225901,155.29947544724692,61.140097172311641,45.471861208590923,264.80140424603553,195.78809459430582,660.87612449215658,869.2612577000516,564.37731686494749,178.17306760197181,63.946699672358392,967.05110676108313,259.24916628938047,403.72160844172242,906.45260413919164,642.12361941077734,269.62611412781865,86.653348200973298,629.65338031308261,897.96675348211761,485.93067475773967,647.36137529670862,136.33803285300462,734.44604151593285,942.63736503247139,529.76587236939497,811.1470525032363,186.22541954097079,258.26586357374106,800.27883798665005,623.89442794133038,653.28185952554975,570.91854153104714,800.4783810011603,325.4664443213432,699.52068147077853,194.01850557399302,778.72341901801633,631.10760897891225,383.7876559132589,746.75016005878979,457.06348204554467,387.46454387727266,95.820821716889583,749.20484971956341,16.357783467792842,328.78598111768036,666.55923546480153,442.92207835193585,717.92516174532989,577.84137742056009,200.42231350667925,54.664560315671963,-31.142579158501118,-49.099925791360739,-34.300474848274803,-34.727980728501606,49.256100142878388,-80.859485167203914,-75.170359712174204,-50.082507771616328,44.737763378754281,-74.20897806641419,64.303533366249553,8.7042679154479572,-43.848076100682874,17.773000393579881,-49.47029367109397,-3.4018720311089932,-11.027253773168717,67.603219434920518,75.695490026119316,1.2340067971161743,74.308348773560567,10.473735776568533,-80.055015449039686,-53.273693823891108,34.749674551705908,2.8652404673459628,-22.600793410186004,-29.886199220988427,34.140227486921241,-17.082214416506758,-0.15262955505958214,59.775991703129151,71.632463028562242,8.1261344217046894,-73.884325174560814,14.011796558479643,22.294011237079488,83.078048587005767,80.313769826598062,-61.744675592319325,-49.939140416312732,44.750637436171004,5.134929071960955,-3.7910521313898045,-26.110262810632289,-4.378800376109039,53.269404012161431,-56.003096013592909,-74.450803168798558,15.48307387313516,-6.7184663203768844,58.55895707194064,34.858346820089345,36.620204204829307,9.7833004600826978,21.473549824061028,22.112807424667508,27.90771712478881,52.394972972872331,-80.610883684425673,61.431842189161344,-75.650602456317827,-54.426842491074808,85,-75.48093774208013,-32.115888846243372,-28.944581651080121,34.843099271835932,-68.618639232923897,-61.321372270082712,60.999396558465833,-38.712580567829619,-12.913587794868008,-84.181592506000811,-15.852766366198566,-8.6918776416882881,-35.322647132951268,-59.150084243686152,81.462873073071918,51.652037232361835,31.621995195601226,81.68961851146436,84.318332963343863,-51.395364523006471,38.701211351216273,-30.461033215991979,-27.658469113819773,69.195314842585134,-32.802166664588682,-72.713878761383384,-4.7702828866266938,-71.139170801236929,-9.2507617505828446,48.960599972590309,73.066627773050868,-80.977401139439436,36.784741755842624,85,30.656535797094854,55.633057116174328
61100,-69000,2.0018608248243139,156.48286753570665,2.144877165372141,299.7796770040207,73.687358612020972,769.96750987212215,105.39447421783359,542.18414749183876,325.18231961068591,373.00681539702418,603.02077456887469,121.99354642400827,639.2236973789918,25.733928737378307,288.55792124598179,80.748030247373151,606.17762575941708,709.41914087569978,65.964674023481308,395.5347719870125,842.66552978934533,91.749042053633801,910.33664917259807,544.33718884268296,262.43471711135601,847.43134110282733,152.49036119980281,406.95326140270618,859.43398857420937,196.91806691177254,169.41976243724423,230.07474318327169,265.13064706226567,961.83724462057626,346.08595794958546,819.74459144715229,553.60269965295083,925.922441715074,400.87758672900765,427.20293696610497,515.2456817730133,904.27436877187972,312.02063020870236,619.38788288887486,375.53335457535746,598.26992057622545,272.12706904311216,207.15422075628882,325.34919271040559,137.47200096377787,587.44296202651253,4.9241879399330628,200.17077188878915,151.53816054985268,662.00694504270837,647.27834342593178,630.02723561849962,229.85825708498862,85.800125011888667,979.32995275323185,170.09647450577688,436.0063709438856,25.865630454430516,655.39249955358218,515.47243963590881,793.25712944028407,649.45236539696361,950.14589440559826,537.21394379403409,634.4806850543921,144.6400930656531,750.60080582829289,933.39691980179259,528.71407927918494,572.90800059091123,502.3763098738998,42.166753063637429,819.71464482701413,172.81686470654631,633.45786804673207,66.207003540288312,825.93185911996738,293.44498384784362,270.6493374147488,214.68959510507267,755.29534601884382,680.15822279058784,421.07750886487207,750.51015353511752,456.65494129127256,821.07527428867445,531.78472998015855,723.98606383805793,34.88672990459154,873.44117000303049,799.91491495629441,414.4329631183694,718.45446714215689,607.12266698690473,188.87329432786663,51.849067816038229,-31.102526277417891,-53.14072723880804,-25.089649281982581,-59.400155505720122,39.875716207550788,32.630949018257141,-74.296429645431672,56.263424303358008,26.874629518087161,-66.122444714724622,-79.501165852790521,6.6375743053216265,-43.284449910918909,20.458879701450019,-52.924553643493098,-0.69137815109077216,-11.179842405425767,67.533480502420545,64.43871641632316,-1.4670041720081688,-44.082109283603117,-43.182746897490652,-80.817724265910755,-27.464776778820113,53.482691963148817,12.685557765152392,-27.084615392644828,34.122697619922185,-55.841051939915118,-15.662800953970057,-2.5410131976278807,-19.10426032458367,73.129355641570456,58.880373109493974,4.9440085899742279,-14.571809976039301,20.991279621217814,83.597218837232646,85,-29.742152864986203,-78.594246918171351,44.910684347630806,4.9921617576323509,-2.1018730941862884,-25.683205836518937,-12.325839328997166,-0.099601645817248841,76.296158816089445,-81.866906030012984,-24.024262713258075,-4.6164965245441287,60.821135790434141,36.067819544978178,-80.062561838891511,-1.5199472130810259,18.489780833182465,-42.408253273049496,62.899156179686116,52.460714182033037,-45.681381767370809,59.859258627528227,-35.396106073083487,-49.603163177878315,4.2160761984304287,69.159198122071103,-32.736754371765571,78.661540529965791,40.970039188193553,-68.61722019193958,-63.638473782846674,68.723997015575065,19.58514604082292,-21.181026532665019,-84.04237900235141,-1.8000071517335601,-9.6188529368898834,-36.356655808697873,-61.32682965086272,83.936038940098712,1.8046149014535722,31.626088862203606,49.11343233764687,6.2194952327829265,-70.822495668142949,36.343454094156236,-72.190302985057443,-27.477445864250864,69.991221453282307,-31.922763784986763,-69.979325785028038,-4.6062473504478296,-62.081443032880898,-13.218381155827075,48.835636184624718,63.555134010048114,-78.295302701539043,37.329697518657021,-16.889885986469537,28.341980932340352,49.539827745631847
12000,-62800,2.0210984692455711,1000,23.689934075458144,698.40549480751406,48.460887222504731,207.48304468190651,135.00765596432203,827.54943489274126,108.76685891666298,479.47243173444684,604.40166460856938,388.97315732492274,279.74903511786783,323.43103274953694,648.92264215361888,342.82817733407211,552.12006647102646,718.41655939877546,152.17923449729318,395.30429496804436,791.54045314397536,544.04876874113086,901.36708195537074,566.0480782476078,270.14367036387472,872.00768886726473,88.383644678999985,466.37695423973264,23.636688511685179,819.20143386679797,127.00796280017261,630.0625533153916,19.328825104841286,121.37302008180717,576.8622373624587,818.90524984968511,979.55902307992619,374.78080852617074,452.98643207214434,409.52348415534004,491.29675077758441,811.26281562108363,650.81595058151788,617.03039890038019,769.76209047743146,598.41817347391031,270.58873777105032,210.4550672631155,330.29945816297374,174.21189873328413,579.58745218930574,42.708275517303846,832.45978366673648,188.64470699482115,662.19378819286794,647.98157136703958,347.25047725292455,201.30488196915633,357.50572297973468,500.08127397656375,296.5929781084472,698.10833412281443,22.458913599683228,22.380322700723525,668.91142200991771,840.16261487442762,905.30332334380603,536.65087836450095,487.45325256827857,629.87703131744843,137.39898546093312,726.90722882952741,923.01689117638921,533.2980981144218,846.31351771047321,158.1657595226641,260.34199276847289,818.47449186561596,308.08061135476487,763.70350330401061,575.11673655215645,799.31135706332839,31.033049332156878,286.13619983249475,138.45400869395587,739.41908535088953,670.99056850067575,385.01790136832881,54.84924375269344,459.00864519942047,839.6619808771195,83.049842617943426,741.47958684776017,347.16993850512563,795.27633859535433,807.34505734498759,465.15570666640207,712.16866359419305,580.01697487649051,192.88859796041007,47.550090242329574,-30.743390728243696,-40.328722595239043,-34.068955776148648,-34.057730335159157,42.121569511087444,-65.02609571305382,19.889172707367287,51.737925253701903,26.985328693875413,-77.398429467028024,-50.328814507607149,59.925530104872891,-44.153419518790031,16.712960301314393,-50.139062633526706,-66.067058637052142,-9.5229671038010419,64.878638389434869,-32.539259756828578,4.138372921182814,26.825864194239735,12.377202037969685,-84.904021417937955,-58.335706579360078,26.915210923167351,-69.470507826541436,-26.824823182770611,39.267419351991848,-28.196359878837757,-16.892655246480874,0.5541738967034453,59.910304750509887,74.925635139474238,-33.668838422328378,-72.245904546953909,-17.427676092356457,29.145990634273844,83.562274563214942,-24.551520583710936,-62.298285964815086,-77.52703638621584,46.317147187034479,4.9705251935912216,83.787349164603313,-24.760710129979437,-51.194631430246105,-10.593481895693426,26.836821253834511,-18.543917951365138,14.47165594724823,-7.5471886284351584,60.973960178737087,35.267137298603231,-70.328608924875539,-0.74514963332643458,20.970425094713132,-26.08132770660518,63.21629028700449,52.493733818417439,-82.074484253507279,-17.204995348730673,-33.864737678291256,-52.932934906220552,39.344480967197256,-67.187670597563155,-16.811077956861162,41.623998396796821,38.854874290040627,-68.487169649900807,-0.77567930481765224,62.550942909268805,-71.959292566309514,-16.377179936675823,-84.106959880343851,5.3358775718539571,-7.7231559007208661,-37.33904699939869,-4.3149250077022732,70.43723225889191,35.352231100889803,29.815491252488854,47.819691641713433,-2.158625839384344,51.367337607464876,39.731324583229856,-36.152302064336205,-27.277679482696279,34.205170673028817,-32.380404939774643,-70.212438876512081,-4.3773942895817761,-70.900857729861215,29.764863141100889,49.55067719972898,-60.775167163423653,-80.505717625397281,37.01136759836151,-11.005425854095432,28.283967121843343,49.295718112609755
56300,-68500,2.0039808045570919,239.44451654329276,3.1179869775279059,219.79101654204342,51.537654506966931,255.11702295173424,120.16188060921388,554.51112306656012,334.3583310200753,458.72887853721625,604.44890600695339,98.012904760290837,273.56016612614462,324.03474529364121,63.418602763591082,84.475005763146143,516.77675683745349,725.91206910288963,574.42919326872834,396.95439560642797,829.93543249427285,108.17805377801568,923.01486173030776,567.9221773962505,258.64408705060828,847.56345014874626,667.22410950191477,444.27598738356824,967.42111887009992,196.02329835209787,934.00852495767742,637.29915458899029,228.53614046141931,877.3172051012881,349.95648523859933,818.16053111857707,968.75153783539474,388.80299860462242,403.28436247640087,454.56420061618775,46.901556086110467,455.0673730478515,277.96971341386609,381.49098561492156,389.48662542413433,597.8551285534104,274.54580507383201,210.63347670301104,185.17715960726866,153.71277268166858,572.25034178025317,37.714489241544271,217.55470155373942,188.54709204228021,634.92132548971347,639.64575688379966,349.10622038067356,480.85371119869239,907.44421741647739,520.68513329127518,158.46419964332867,716.75144307415735,696.72034340418486,49.733975016487989,486.98570765741545,846.57085481473655,819.23942506134836,935.39023231333351,528.95729941079048,641.29324308002788,182.4386535646596,723.13427262112862,939.36894040062737,525.64883542506527,815.66413907188485,545.0225232292695,617.9900841807488,821.99271192800211,171.75575891962299,629.41709740509918,595.69471246200192,799.58282000318798,807.14933287512918,81.817576629987101,146.44488576868491,754.88033868092521,672.34083450627566,379.08247786384823,45.383180536062753,488.13644627960565,833.00713116240752,466.89698103850168,779.24657388055596,9.1351121668481312,356.75674950782707,662.93044388572253,411.76100183626943,717.86334822043682,566.82056700735291,195.34235993382291,196.21850318345255,-30.988745442970259,-52.715934789762279,21.798068457698818,-34.068425403836201,42.931623389873224,10.475185052695,-74.059286142168389,-17.040968514994262,28.829208324169109,-74.963422712403101,58.289711670229792,5.6530829522620891,-44.081709196887061,20.529330201565312,-48.300416122018149,-4.6486113375745486,-10.466421996399999,71.585169640700414,73.638885771207924,-73.265886271762326,73.701886416886381,-41.798251839524212,-84.52341510753034,-27.635973625426523,30.295695673566254,-76.536660099350243,-26.632695892928783,-33.617115927476476,-21.260956008567554,-17.241255161795586,-2.6442530253242551,48.150654252890547,77.017633471740211,-28.381435638362376,4.9730329127517381,-17.340119362449858,53.623134988855789,83.158116609442416,-13.334697181302293,-61.634638951014963,-42.479675881325463,46.352447338901719,5.9355476933470825,-6.3825758071556118,-25.924685894980239,-5.6361115252418239,-0.33333683552509408,24.781289784441778,-10.405766591343543,15.51262310649137,-6.453832530986336,60.872374695853907,34.796670675785677,-76.80767084918422,-0.57996850328622651,21.226050740609168,74.9352344565268,-25.013624583801239,52.497507318117471,65.406940711680221,59.897236554938331,-10.45546279472676,-52.316762526861922,2.2112183474259837,60.123293839030168,66.413082390091674,39.224677025597607,38.182833146890019,-68.632693563415614,-61.772074550359989,53.213422991603821,-72.883485904806705,-15.40278501767029,-84.643209001822029,3.7344724519495127,-7.6319904115164023,-37.181941539893103,33.873753728475158,82.205876833284634,-0.80307046291851947,29.943625568846112,81.652651689378786,-2.3641722298145922,48.062493749196243,39.737163163642485,-72.823557680814446,-22.330990932005363,20.104701063700194,-28.910966057728796,-68.226244431698689,-6.8340998527657044,-61.753104646540542,31.658344012691991,48.896924454054982,70.440515346162428,-79.503829836230167,36.986188426219371,-47.589125424302324,29.574091163305113,48.847961532247815
54900,-68400,2.0055261937945295,264.88262449381114,4.0584251085975431,302.23228518373185,60.3873792071605,294.99121158233686,108.37421640966238,548.85198437378574,334.85025003327888,497.41693513409786,603.18384754739259,108.65682431008929,372.98755351225583,40.849860471934115,70.191931340956401,85.551103543145928,1000,514.94810128064591,74.846835775841015,393.43383218732333,821.79437864012596,509.81038384669608,919.61124223715979,581.57210764393869,261.91925185007449,847.41091487199651,621.97214211402263,437.47863399203698,9.6998580278882116,849.34623750230378,197.29167689211334,637.60874950347124,232.3049933072403,839.09224611766751,346.82378564923511,817.05672891794825,266.7048163194296,414.89623567984916,965.86392712718782,458.97067945061286,531.62728669439969,484.54073393779709,290.18516723417343,522.20036708924567,372.31381810118631,595.36137711012759,395.07063311457591,181.4048235992185,328.42398201074741,177.64899448709087,230.29579418089438,37.784468238524759,814.18477041340702,200.3981449158523,658.79258052406522,874.79164410116198,662.71194048865539,234.22845922377263,800.49602632213578,515.82421402317709,639.31249698787292,439.14551552168996,8.0069375983797411,670.55355153795631,260.43574868809776,797.70604627440457,909.99513018869618,960.24154736511036,481.04800759719342,640.05477674917131,163.952832854191,754.32437450019881,539.24880455841333,523.60382624609986,831.33110157214912,523.23084416079553,276.66769248349539,822.03033697690273,157.79808436724105,638.30075758751855,34.039167247065912,796.74653537677852,303.4281107811214,283.12434999673133,147.95178993767684,739.60184184192951,631.85554042501622,378.91400338378139,62.96733253097085,476.39622012088114,293.9049785682696,505.97417912326154,722.99404135283226,28.508675131589449,384.08995832894396,659.08252343231266,450.70030632641902,802.80153069170046,567.32984798651057,340.23261534771933,204.83739921623987,-31.089401352625938,-54.948082750427297,19.818503924175772,-33.334450558373888,50.105775940236676,12.131820376426642,-73.880867241816148,-55.701465065415434,47.789706292617183,15.105601752176721,-79.76244490820217,5.6516650874278129,-43.475728196543884,17.715797290652112,33.671753734614768,-6.2374263129998857,-10.526976195384309,67.589168662172128,73.575414592640698,1.4019141129792734,74.059777150436787,10.737918761776127,-81.321657998152205,-27.046043605107609,32.083387765918609,-83.73222397464815,-22.530844001325278,-35.007240646070407,-52.819047156149082,-17.664160444587221,0.81330596637883779,-9.2345097775875047,77.012737449911626,51.0018547306369,3.0286845748472011,-20.972367928732318,52.392924298082434,82.060765578003114,84.480018841829477,-61.631456304118643,-41.772759584891979,46.480423177587504,4.990311057126422,-10.695587340505554,-25.686900652017979,-71.488120595338145,-1.6011960535154506,21.089058942969583,-9.6387275435757473,18.975664023389037,-5.6216436098092935,61.26100125752955,34.804903349933205,-79.960901303001876,9.8979280371593816,-53.893880759346104,81.791068731424986,27.596550068830204,51.992872867835487,16.991960408455938,59.153961967688311,-38.047980706122097,-51.21603061280409,3.100645232363437,-80.751082266709503,-54.372374406564688,-18.654737478149503,38.057816133287183,-68.618408063222361,-63.646339561181591,62.400162446785558,17.765876995387188,-15.420830462373438,-27.198934534323449,-17.225942757754691,-8.7141602474514102,-37.141602532562786,-5.2300564003611321,81.359032986156208,0.87926848209193764,31.600053431296082,-74.637467539517274,-37.68601913486286,47.46824227349196,39.739281635970208,-34.755463892731754,-27.368633166009605,23.516059277519936,-47.901713637943637,-71.859086905898778,11.232986203029991,-61.886949166620113,-10.524898908321127,48.838924849791219,65.619163440652983,-80.222088477157541,37.000417458897772,-48.061774434543345,29.641836671846544,-80.310104219143042
3600,-44700,2.0028630067533437,957.86097589327892,219.21863427548431,339.32617966931451,363.06210795390473,280.74592929819994,180.45372366549282,780.07717047867652,334.68981504787882,369.8985402590634,616.81538757440239,124.72018655973747,274.46438701984067,315.66709636524928,620.93933405521875,84.287564405371199,984.15665859582475,723.31617971941705,63.043092952374337,91.016952574816628,528.14597177372582,526.97901716016577,912.83135932376558,624.73657864520942,262.15441875275843,765.12235890583065,625.08325402302853,440.30747463626625,850.56163267199076,225.64175925092351,906.76088824050441,620.4348887468775,123.24752659557862,78.712092428037977,550.4433841854152,844.32295716940246,546.8611603720957,593.52573899405036,489.12653770445644,416.96783628054561,665.24986399333898,483.52072220100354,263.34331015035383,652.97988185745578,736.69699354888701,596.82530740318907,276.90245999522926,210.7327778611247,309.84211003521028,385.13562932417909,208.1961038816049,36.777000517819701,302.33091386899679,191.9379381430916,626.75802493750962,627.30141131833682,356.70995751518194,190.31196805627164,326.80538850715925,973.32984772568898,267.8018050540004,394.61649864584706,666.37750434892837,663.85509797353075,486.80545261772096,856.57704912034421,652.50699590762815,925.9213431874166,485.83708484951489,661.81393347739936,182.90206193882722,690.80815326996935,25.210865513220028,535.16608512649498,810.50650373072369,561.25776397278412,301.34720675568786,87.513663130200996,675.37026028797618,654.07005565788609,597.43309527463521,799.0986597905636,322.51937896903354,299.28032866853943,195.88261525942909,779.15572401149768,682.05491665284887,911.7253649047982,725.71462638050639,485.15510081514725,839.98263197301469,99.062834928349972,741.47455021596318,90.511425753232857,801.06772072282672,661.48822952103785,445.94092795458471,709.45997590417176,579.78841837275547,690.24941806287086,57.556826013990261,-21.743613420109767,-21.344517674069223,31.806665214340569,-72.356026873250258,49.153935082323471,41.370277908357096,23.020344041110057,50.112064509807695,25.570305625249393,-73.901130424406901,-53.486391578404501,5.863995761835076,-43.108307076368106,25.896882971459508,-0.95856363362173358,-6.1260356475678508,-10.461048631483996,82.472220783609473,-30.853861562740128,0.68774677801994955,74.052027489267857,-38.006078288440435,-70.681104453988382,-54.567178508478463,28.365238760635567,-80.667515574708034,46.440388100775607,36.134222648786391,50.306724242403632,-19.608411700221097,-0.11290359898776706,49.467965919041006,75.974858593770961,7.6644548849388734,-70.295607675174807,13.625509061807431,23.07804305829243,84.030929430094972,74.688999379837071,-61.694840109313184,-51.001963392468056,47.078718038761231,5.9831832817235027,-9.2939016230547367,-61.159304150358096,-5.7214334135564977,-8.4017339269694578,27.855114753485353,-13.348221421308182,15.811386340021425,-6.4445198036137388,61.052411857011435,34.736082396005692,-76.15525192691311,11.270006075937168,18.844712553768844,21.654713806482732,-18.711483032418801,52.165263271963127,-80.699452754450945,-22.578925079887437,-14.012318052196516,11.44985153147864,-23.969910919426553,-77.470700990228266,-68.262844698706019,-26.920593633810451,38.982347767079098,-68.516182903230998,-61.893832095312895,-3.7450970438668243,-39.432276403356823,-13.356355752604127,-82.015350055430659,-18.804951427390332,-8.8465747987264525,-35.432883131109925,-2.8985411640964216,80.928156833287105,29.163144899375453,25.617077807969775,9.7999916340865134,-29.632313416877132,-50.693458086822694,39.200789393112892,-27.772822408453379,-43.7071021498326,23.055095763268969,-24.761685122721207,-67.035579761386089,-4.8105071410081948,-64.93046560250805,82.492798601390163,48.925409360577717,57.550195582746532,-80.586764935409292,36.620618546874688,85,29.282216219484283,49.207863919209551
16600,-64000,2.0334084487746531,948.35026404500763,0.026200145380755657,251.13430398363749,357.99107946766946,273.3661476374387,142.69616956923085,758.75870492843171,309.98211509571451,373.25920732838864,616.50773754813372,107.81987645514391,302.56695276368191,37.355130080147234,604.9365990798168,79.55658688666567,491.43832269575421,523.16141152318301,76.289223300639833,89.965057827041079,852.16527346871044,539.83733041712105,915.23593667058026,580.58043074587783,266.90862005645914,764.09205809625314,997.72296715376331,432.26009453736623,951.2588462369331,242.98641637740852,76.302401026267376,696.25916068578795,59.611671158035037,179.32951887620641,540.95550213571732,818.78752919592955,562.76325108719379,853.33955852296197,384.21577650308939,418.24836569012473,44.394399943954021,880.5618440058347,268.7391121437704,654.96423710106239,728.27832599233648,613.28946107023364,272.12732340323288,200.96875836263069,69.099386042020242,149.68039798374872,52.141042304740708,396.26006094814886,239.18201755509807,192.09361693319349,665.57307925273926,626.87490461812001,354.00216089754122,190.16981291451316,890.68309575032936,495.53355022492826,287.76771638806093,417.32891492118608,35.161001464920162,114.2443142119309,652.96988543114412,801.0146862197596,885.08351894345139,82.876744003385113,483.38475162099013,645.98615659836969,183.10363762395073,736.64032551745515,942.63607618850347,526.77987131560235,834.37713527276628,534.07589576840576,272.24552197905962,135.35804931910695,163.25927901904021,656.94533499743613,84.714133864180468,800.63422529392335,300.64431658586778,270.94006347890547,173.51951027251314,270.94524428504621,607.09867429951873,910.3812974047836,812.62402157580652,189.49495854832981,443.48370206314087,85.460583489949073,723.55471728072598,11.035563990783317,769.93761495059539,663.85923809140661,107.42749109852201,714.61297062596907,616.69738922696058,204.90839821164536,216.21702799047446,-31.67696949121612,-24.575042298722416,-36.854269547031777,-72.006290923359714,43.155516456229748,37.768391935524164,31.269926512677173,51.815568796400129,25.379220478908053,-79.449557801611576,-56.040547176034146,5.8496509993665473,-32.605569199134898,74.587629690962061,-2.7649407310803724,-6.0423522319721723,34.933515169695546,67.35926844638594,76.699296483976468,56.685299197359285,76.73226754231105,10.606185322444162,-76.326033341777077,-27.32738182699314,34.690558480403844,-78.080125067865239,51.360962689369273,39.000499143345678,31.927572314101258,-19.740854701681084,-0.50729660440675661,49.52798171640719,70.173028269910219,51.082314912998839,3.5019979733578346,-19.48130911826118,22.372588169601691,34.659041705067224,75.227000795600361,-61.552105195690075,-66.74938661043123,42.407300581037532,5.8712522819708584,-8.3520859860540035,-46.386753956279719,-60.885354203818451,-8.3055767697639258,26.479099883387807,-82.601608510166812,-26.584752308724227,-6.9831914180239734,57.799464977099312,32.588704268465847,20.544293727704087,2.6193377865996581,21.818857856326172,76.644162655909298,-29.518827516297861,52.424303878151228,-78.481125779243001,-24.145243986183754,57.128166466971294,-48.612048689634733,39.281665380986539,-76.876195598130849,64.87227857953485,-23.39879815388792,38.50388889961593,-68.504378660324349,-61.906074606495245,-8.4242190195470883,-74.73766696512098,75.694401064600441,-84.008961014797578,-18.920358318720194,-12.374258376089607,-37.206496545895611,-4.0259949166269067,81.285366685224005,28.917377286753972,24.822115297104073,9.3500064631628472,-29.977644639150661,-47.205821917683679,39.167064245196002,13.296573398320529,-42.936269036361054,24.471082275418397,-28.247146996745983,45.226676873997313,-0.20941172861132928,39.098321386377961,77.613472886494364,51.49023006932967,72.836792336449406,-80.141688283966985,36.990040040509918,85,29.630337231267802,45.782461769630579
12600,-62900,2.0027014937712901,1000,1.5922020561178658,301.06995673053501,50.925844228447566,255.04395338635467,119.54683012350593,556.86080755174896,333.42744850789364,481.11797742664356,602.79991137645459,392.99057309766016,296.12852300645181,29.952311775248887,63.384051345083066,85.520151963195417,556.85776917774376,714.11612119349752,574.83904085361905,95.601981261850085,829.53393918977179,529.94108257735081,923.98295484379332,567.96738871649859,270.39107243210088,847.56832786660539,667.29749816719573,439.37643223711405,17.955724473303121,192.39507906802987,142.21764135077086,637.42931930004454,220.78256897120804,942.66369628147436,581.65608927640153,818.20677330332512,255.24804650858005,940.19184289504062,398.27561129099865,413.98831103531739,46.868398375436591,873.94418036741467,271.37808292675339,385.23831690974754,372.87178733678712,596.85365301424315,275.02462186056744,219.94877836312986,333.11218271608277,889.2328614821156,545.87467155361139,43.964500345161383,198.89192909262658,188.67642358411575,636.06806633880399,644.19766641461456,334.62689158358683,192.67151503602531,915.21275495876955,520.70134090555655,263.27709858054652,701.58669901612018,1.6936196584042591,43.293879469072749,484.53822429423269,855.25049480544124,927.8144019284814,85.237264825498642,530.60872967594378,641.25001966748039,184.02945051816721,735.76870174530211,940.2859258647477,524.16731703306516,839.17987759626862,545.06987934355197,279.10966380291279,817.14277990875951,171.04278095879806,636.1248591123084,614.23381420071087,799.40784980382796,307.6780777216706,84.114038199827704,144.08729450824393,739.74035206011911,672.05556082068347,980.11459111618501,55.002999163677025,459.5783160141055,839.81090927846935,453.03905555814947,734.41347004781733,23.56204055454873,793.98547739127173,662.97871143705868,413.1750358800308,717.8629577922876,579.461872147853,340.80546724251695,197.28729753967292,-30.252583186022552,-54.631082886807221,20.866552356465832,-72.349939018052524,47.791043706766239,-66.39171577611441,-80.37846150652318,45.494182694328735,33.672275935949955,-74.87201314349268,53.707719616497741,5.9041408100681334,-44.087373792913652,20.234660296023552,1.1085889141901148,-60.317930145045324,-10.482791786714811,71.427440467386049,68.719622769734883,-74.55343697331891,74.974552555443026,-41.217170528902933,-84.488702017256358,-57.638891761292335,30.218056937063572,-76.646415952574742,-26.845007390083026,50.745393983446952,-23.535984587523345,-16.848052858660161,-2.6229264841835001,48.441151711346485,77.018211987930286,-25.148918067831257,4.877364005792189,-13.55936730225055,54.915477513260853,83.171231548347265,-14.82390425996727,-62.271990823662442,-49.156545505791179,46.237400752403019,5.9217256647756686,-6.5135722148307194,-26.529171622261334,-5.728614474916041,-0.39735762867816016,28.96090107761124,-73.884607558346076,15.430293386769193,-6.4166305421390391,60.76983500744744,35.243932129370712,-76.546249066474289,-1.1979798117854827,-35.214242781750713,74.921745657345909,27.659811785819869,52.494978802076588,61.066235816480891,-33.079016911049997,48.346072465516059,16.075420997236105,83.494527209873311,41.998046375026782,-71.153574828553872,40.141537713686489,-9.8136740001429974,-68.628792036404505,-63.486063831096104,53.178713486459905,22.628945076365255,-15.262522611470454,-84.486486903343035,0.13730703185096971,-11.324390204762272,-36.576232333850676,-1.6651295636965422,70.102946314243653,1.9139388583900434,31.618396061322589,85,-2.7459962334372778,45.40113545470804,38.560170697055405,-72.214456690408113,-22.502791357527194,36.033698225276289,-28.923768951665263,-68.245930381488009,-6.735529025716505,-60.924132670943344,32.341630741472372,48.922740323597012,-56.965359115743453,-80.21724181580845,36.997909708182902,-40.162384408617157,29.280003537666275,48.850749114696789
15700,-63800,2.0605623570604301,961.09967498842582,5.0707545652655597,220.70516547759271,362.52396822152605,784.43980048990761,108.23728159683938,763.92664371726471,318.51512146325757,373.2101943239565,604.42739508233137,131.98496933951321,653.29639930013388,309.25557354630814,78.684772196436484,334.19540789443334,496.80777313902036,725.20160772266649,477.64361780848333,393.80875829555544,520.16570507626477,729.57235610680959,908.01740838522755,617.8376516438309,262.07870498521044,870.20861642933983,968.08241659511816,447.07924025101693,892.04177546875258,712.48694755471934,904.58698435916824,372.97897013501762,131.20241396078086,941.13581048022661,550.30800021516438,824.67894120582116,541.50785792612589,599.56039855551671,401.57761370267229,415.57169702060639,55.297073099553415,892.0807529396659,270.29354106277185,655.2005629199806,751.6798692715372,597.61178139249853,277.03033961183934,182.55634591527956,692.822791013808,843.16568714216123,604.83726583251746,34.40796852766303,234.18003369093486,191.89284848912814,623.50832190642404,630.92869956262734,621.25874241558927,231.34122310299134,904.64775325610185,487.59304275498891,268.3810273187247,727.89716033601007,535.2089026285106,647.42367601806859,486.43717465826137,850.07920660142713,651.05985801299448,937.77719264177847,535.2768346425438,136.22797355404026,186.0811619722561,729.85963237412864,595.50381946112827,54.019108543433191,844.72649754490567,204.68549449211869,277.88745698760539,135.04251747240255,174.86063566400856,634.81929576153027,631.79858097424335,849.54864678919307,292.01680753373188,728.83015910392191,199.89856830261377,708.78473335992044,635.53657316519264,418.34791727820863,141.00506740981183,480.14792888302713,840.85825268776784,86.338661495561098,742.5686421383291,874.94756340765309,782.93620623853735,790.74074746611325,833.9554142134923,679.54335273861852,608.11774191885183,187.73046709702814,205.38929785985883,-31.371255352354236,-49.713716082801263,30.38278678529835,-59.60564944891884,43.034344007059694,37.630758371924784,26.884152181742248,53.290191362432154,22.352555346301855,31.050386519122618,-57.567683159828036,6.3686633218068236,-43.311684594831085,84.778498319614243,31.119689652294312,-4.9778839162631616,-11.52293624342262,70.624348341289163,-2.1134786953531304,74.493538477967803,76.09030375324582,-40.78214883502816,45.09467295731028,-25.73346553827783,56.947769586686505,-80.207235694801668,54.021539399189614,38.596270876797512,47.753742858525449,-19.654192971231666,-3.7795523411310334,-13.17576627224987,16.130323412619813,50.202073570616641,5.0273613001221733,8.1522829042531129,29.036308626456226,29.64704330977419,82.167086904719611,-25.813082454105491,-49.358604530387474,44.872909881438659,4.9588880512561238,81.116234388071007,-24.730561539128203,-8.921050683688998,-8.1345627595729741,78.774605861334905,-76.641190348561082,-20.970925588279517,-6.5002641888158985,60.930522616190409,34.500106319250158,-76.211076732159512,13.667408327253366,21.740767976734578,80.596813285800891,28.405136062899778,52.475922878427475,56.77196114394102,56.95745869735871,-13.766229950542808,-54.833713792891331,64.697825036590928,-74.552880586466188,-65.685475041868855,-24.215832845720495,36.862081878046922,-68.971475686158257,-61.963187465242704,51.955729611817119,-71.199508395234488,-68.889519173345377,-84.70106530104745,0.57659651020761715,-7.4961034750706261,-36.419261636012585,15.065534614983481,70.677796205915385,30.900211992424346,31.516023022614004,49.247543590115896,2.480874937504737,-69.892374889118543,36.159878008794436,-82.339697300494024,68.776828566067664,69.972263640690571,-25.01683382064131,-67.519113381521038,-4.4806516185170908,-62.398464594744063,74.729884158912029,49.696289262993282,67.979096688497449,-78.413137548806276,31.168647219607497,-48.160545008271129,28.356156839402423,19.476717863984128
15800,-63900,2.0028568781488842,958.03495454059953,5.0100228925704133,221.98008542132519,371.47975727835387,272.61191798111429,108.84420733538458,757.50568801524446,106.11556821306144,373.25003341513087,604.41197475007834,106.23004141061776,301.50015601039308,38.568975422291359,74.589615080355202,88.30317818700442,491.00977126917928,520.0114576616993,65.548563692730468,89.419618510248853,533.03357853119633,529.35193570840829,913.5057238142175,621.23454256886851,267.01830912358025,871.09305723361149,638.03608023345248,440.42206492269401,965.10080173466349,692.8504851462684,901.36547215126495,620.70100687494096,125.27223987578859,941.66431938356334,549.77772691029838,821.40364849269804,528.78333672224164,597.3666478965032,384.26361642287725,416.92214663161263,44.452624210361563,873.43074108229473,269.77061323084018,655.0658274864262,733.81572042255448,596.83335203827835,276.95179396897754,201.32193794646869,68.335042143250206,149.69746753507161,220.83690843880919,36.585855373606805,833.32846587538018,192.02199576247614,656.40871182339674,627.30072285197275,581.21350434329077,187.95774140315052,903.14545597288259,500.02972024655412,268.04198648792857,417.14317196149841,10.853807701067012,112.93576907172042,486.43966843434777,855.32569167153758,651.78844006019779,91.155854768838196,485.68883429597611,659.60852673754903,183.17759713830722,690.12878141100236,950.91426535785502,535.05831748108653,822.39774152996426,171.91165341046315,301.93305064688099,103.81369868504493,163.22830963474476,635.78924602296274,587.78200072934101,800.18577366393049,304.01537378883336,718.92677487994911,173.06122456645284,712.08509231722314,636.60174089638986,914.64517435114874,149.85735734905202,481.01914662394847,840.07587417044977,96.156899973067468,723.6168368721593,930.11306122139604,801.04733026559904,661.73046389860576,844.70157619567817,714.67726377991369,610.67615650117307,204.73704055732722,205.00261840044851,-31.381424711858109,-50.150394853598065,30.279911966271815,-72.012066201094584,43.27169569117433,37.179019071954052,31.082074421248169,50.167351917343048,25.555474183381889,-73.607842058770302,-56.03156219569432,5.8479021830257221,-43.545138191750581,84.383821591898382,-0.6102990861403903,-6.0477113103506701,-10.128951608288496,71.467702119752133,-31.863472796640039,74.190848760389159,76.728270397436191,-40.574340626428409,45.055604251843107,-57.360595234582455,35.005650991136861,-82.833905331796828,47.647123263544856,36.140370712061902,48.042739617001303,-19.748367775145699,-0.50786859861294253,49.583829021482657,76.000658118644054,35.078908235690477,3.2569055795614443,-18.976185996015612,23.916778804494939,34.743117817733328,-15.432645605782398,-61.52426786423834,78.044783235448449,46.148252636281676,5.871394396715683,-8.4522876450895623,-47.312925904831431,-5.7208745660029976,-8.0970928667283157,26.317289712977299,-80.065365680340022,16.273933204968657,-6.9505713345619426,60.97579182756845,35.953444102004305,-76.198935327430846,-1.2555305657908729,21.843937284093432,77.904142233078105,-29.56917565963024,52.288613755917595,-80.734941655299579,-22.624313856373419,-13.329958433175239,15.881047741221693,-23.341990753451356,-77.435150818821768,-70.208244576707486,-21.744110841081771,38.989671734728979,-68.975846675660335,-61.881883912468858,-9.8441119383305811,-70.47906145367611,-69.228326400155353,-83.978469509220005,-18.849093334776441,-6.1318044039893591,-37.204825780059856,-3.4807108686085098,70.700870161443504,29.490831081388698,29.855747570905677,9.362571259579088,-29.737812916150908,-53.522649294647579,39.194838879028993,11.27560692546262,-43.538781329595622,66.233986664125609,-24.861897632350882,-67.090007240816135,-6.5045504913936618,-62.167724051846399,81.316483539482505,48.913258443114778,73.063519145912451,-80.627801567796752,31.325985028917962,85,28.676643270700222,49.166702402897094
12800,-63200,2.0610024032340561,998.92204286684648,10.103139878599549,299.33083926735782,51.032623004624142,193.1513795324006,107.52777849402305,522.96641388424939,318.34911420094858,371.89728493154797,605.25107912334818,134.35265954692065,657.66621294310926,319.39205053450894,68.444322933936846,83.549826496477323,496.21563161352833,516.96411663907259,500.7379276232424,395.43882870356401,506.44982808788563,724.02805919505533,928.64169173004848,213.03271990715828,262.5428061874249,844.89445752894812,972.45876485779854,414.10967692466181,904.11092028004873,702.37216901970646,695.4340420120227,629.29073761088171,27.052567689971383,386.87671854754439,575.72791406564534,813.48872976066934,514.24598926781573,589.41005575907764,463.6415595888235,413.07874542204559,492.0764723998214,891.41861365208626,254.68291117571036,621.82756968502088,747.59189664355199,597.71751036256831,274.61117714480378,388.359707855343,726.29068566137562,139.69436855851723,603.84394602442728,20.016968595028402,246.07528776566187,188.46664850420819,351.00653197554459,360.09480018483657,578.81834155773049,224.3125090239291,952.77454020613391,489.96671991945357,264.90677253147362,143.50325413398048,36.920626812521988,856.23615101392136,374.19583443147593,849.6215260085005,891.6037848087883,52.415010280699619,516.78088387517664,124.32701086041033,143.19407149725635,758.28082421388081,586.69706490658814,484.11256381390791,841.29698040612277,555.21639273184928,277.65896429098154,841.60450552139298,175.70029779266548,777.77338485524604,562.78007654502699,849.36603736025495,293.60803230815492,762.61708980927733,685.63517398382169,738.77598269205544,686.25733188038464,387.60143909481673,62.737308061557428,457.40625762051491,840.11557520548752,448.63047502971358,750.45248494568159,790.10127447855848,317.59604461689179,632.72429981744006,459.7875572264104,664.52363075944254,608.08523605621826,188.61860832221328,199.39879097206239,-30.929678806832847,-43.714832459421281,31.568757489686732,-58.439400152161419,43.205561573283049,-69.969856295178573,-79.688533179365777,50.639850736996515,25.461574755005984,-74.642150690422142,-50.855610170958983,6.3534705564113221,-45.183410138976669,24.691038567664805,-5.4984567497886063,1.5290248318109882,-11.254919975897582,70.712874431641964,-10.021747470645348,62.846002386923168,76.279252212705288,-42.547757188539514,-68.168973356099713,-25.950427905817683,30.184527393008644,-69.547142708788471,-23.69056239439259,42.714191692111768,37.697294799166052,-17.176884225665304,-8.6986356469782642,-7.004147588155317,14.015549139602459,50.453808120954918,3.1791757766907849,9.8983730796987253,29.086725553936688,81.161010204738233,84.93629657207552,-62.031663796814406,-50.097470852773512,44.857067705922901,6.0938729845289297,79.955651135712117,-27.604314252830545,-8.943669947085791,-8.1193089217661871,79.272810404970002,-76.614051652203059,-21.110598114733719,-6.6871890407626307,60.944670226439612,34.585112259910517,-76.546554562107616,14.129763575336908,18.402270904528699,85,28.413613861304583,52.286597409066822,60.112620727681175,57.245124295317765,-80.598745215906547,-53.208294487746905,65.811827247337405,-76.556021851779988,-65.197432876727476,-21.477123105215142,34.870173876596169,-68.682606888820033,-59.283288526480938,54.094171966858269,18.2627014591652,72.638192527950707,-80.779318682980076,7.1148448797611303,-7.7047769357805977,-53.289722888404569,13.9276558878113,76.030281798020368,3.0856201143502888,31.514838983911122,79.898502598168278,55.8269620867204,-70.677895003819287,36.115712016301771,-7.2180723052080324,-17.61965069535972,70.854384912005784,-32.515435099316036,-70.016492494975324,-4.3337520473450901,-62.821046858783703,-10.512071558544317,49.400582668672413,-66.232502393429982,-78.552774564929265,37.301109713009275,-50.56786970376946,26.97376957888293,49.762715484107858
13000,-63300,2.0042420917574417,1000,4.1160962595772039,299.2040707605849,50.610861826408225,193.63489728621641,106.33175947160551,522.40455670808126,329.59654177672991,375.77248264675177,603.25933415363852,109.88806827543915,392.8455770624289,315.15401198651386,64.178446753290487,83.619551757124029,574.0465764893969,516.90243241941675,73.201787789497047,390.10637156312015,518.4876745695974,725.18974012179808,928.49418962115033,215.31337315349876,262.51692378262067,844.91077446440249,196.12074901848706,407.40430814450815,928.96358133477497,704.19476140938536,694.17405872494714,640.42741220554853,836.31218287845172,870.83989619535589,574.89668204232987,827.24163371280622,517.68757480779766,580.62533931113114,463.80870162329097,413.77518958593356,492.24408297269588,891.17909584764584,270.96355267888856,620.49102811755961,722.03187968818384,595.3449358112199,394.74021024422103,187.32958806872773,752.53811915561164,139.77120363618167,607.6072369759097,33.781198041933138,285.12128928108206,188.45257061904667,345.82032933877247,360.36708002169354,658.78630640717211,223.58187435739308,10.957189564888097,979.71917025716414,265.2159004081368,431.4892372310868,7.8523726198940995,675.73839049405967,373.79034790737705,848.92255544765362,910.075542355739,952.36748365723065,532.53598526341739,130.80137526224618,163.77776252043088,759.37528129688917,587.12486449623589,532.0250353983015,841.69661042307246,555.69705934348121,277.6520981654437,822.32154248869119,170.94657641344472,635.74089835815357,550.6587429174383,847.11211305183213,302.33894493652735,285.48048708245335,652.53606052999601,740.63661781675808,686.2062626840908,387.74724322822658,793.01640560758892,457.87894344749122,447.35818872419225,456.18202699585868,722.75756870772739,793.61775086111743,850.4334767633577,635.93460113430626,527.50072062429274,716.92211369742517,607.78279934722434,340.24194756897862,202.68895715496495,-30.935506773854925,-54.533867318154442,30.854513168288179,-33.835130031306228,42.929322091968544,-64.388129721208131,-79.787436249218189,-56.386852424944109,-32.484421879943518,-76.064128437518221,-81.511479767368087,6.7779680791177164,-45.183689564283043,24.83160464570097,-4.6653101681935603,-6.2759411840040489,-13.317397110091427,70.716742600385047,-19.8031548179355,-0.49046109022594919,74.19857707494134,11.519567009124222,-77.386213462199734,-26.105494648820287,31.099880093571695,-70.72150964620829,-23.691196685809363,-31.400353097126651,-51.038495974243475,-17.176160254425088,-8.5175151760582715,-7.0006641253531097,75.495246178186349,51.575826963343161,3.1684012926918554,-23.917315785207023,29.292670716006548,81.096055684505757,84.519029995584773,-62.02658036369337,-47.873430551814373,46.488347864276349,4.9449924514100507,-17.740356936148657,-25.737213837489733,-5.4686921612341735,-6.3737736895824249,78.622692578192186,-15.969662955080118,-20.558820945041028,-6.6755530755346948,61.267372495395463,34.596927612431713,-76.409898287624856,14.242906646443572,18.397866387310984,-21.967453879633887,28.453092171989102,52.381524265895798,59.566451722759908,60.210740538972658,-15.553461002052128,-53.204988920171061,1.455739600910519,-78.206681496332266,-65.786748117379616,-21.477382576165944,34.879874975782826,-68.619369263077331,-63.456319228618419,-14.080510247433047,-76.534073521402689,-21.127970742203463,-84.890567234082411,6.9672999180613679,-7.694948024533792,-53.274463761334694,19.317587588027049,75.933109560860714,1.5992119316805571,31.545547168834659,75.807943157443404,-30.893033984075139,-71.649561099770764,39.687417876546235,-6.5303312676685277,-26.686090063752474,69.467229278237269,-32.929006791658161,-72.298244481875031,-4.7815184876578787,-62.80110930518174,-9.9237293044459935,48.858742073981787,78.84851597398341,-80.438608713966957,37.037497697758759,-52.099323848420489,27.772292037243322,53.47792262046945
11800,-61900,2.0034000892157904,1000,9.600249454858103,340.75786423523789,76.435898415839915,268.38173730089215,105.81379982673252,787.23831078042099,338.57173023797822,382.88044930604769,608.1000082794277,97.710750428263225,302.83898692597842,5.9010836336171621,68.966755496583971,83.924364925391671,986.95561423827667,565.90303458815083,70.276970602860445,389.17404545091961,53.587509029793637,527.66247287906845,912.08188772334256,582.45097059803209,273.6623878235892,863.61783919444292,999.09367856679057,445.86146177227198,853.429757432153,687.1414804459705,905.71233070113635,416.0474633259621,20.804014006224463,958.19505130915809,572.1243232743409,553.4093419617069,545.51846250858353,922.47645766360029,491.58719962219038,414.07804306517687,665.99413036581188,888.18208636420911,261.47970605639051,762.4786634430294,375.15631851071572,596.82947480394876,402.71047564338522,182.09723137696122,327.24971228046365,390.17496576181742,70.442724643589372,47.668386200831847,817.62446142712542,193.37986916830047,661.00208741914298,628.22464816840159,649.59264038661263,192.37153662507828,376.28614984847565,952.19382980510932,250.57307665402925,405.82711330041377,11.405298240838579,643.22587960391104,474.32606693671596,164.22126246608161,628.36857899701863,899.60534434947533,488.02308274182866,648.58587863535001,137.47318914667377,734.40726981704313,943.96652082143078,530.0159068660131,810.01006004286921,552.10859177441637,258.26008556296074,821.0268959356531,593.70473593291047,653.13308276539829,543.51972492287609,799.11117196939324,307.56750293489529,699.13334845823022,194.20082056043876,776.3209687356665,631.64518917755822,399.73071014059121,203.43511408933085,479.67739863365739,837.68891597007507,96.894071437286414,749.90856549099499,25.568545860351691,373.00427004747763,664.95697233013209,442.62362873551751,709.15441241885571,577.87527325405165,717.41963920937633,54.710080994617144,-29.341234171102919,-49.139043164952568,-18.983511987773998,-71.962754618890713,49.210446323686774,13.34917159988087,-80.227912829976404,55.001990417483427,-30.093169215674113,-74.346878762449279,63.533880327274687,5.9209653410723737,-61.599315770996967,23.450808804664657,6.46067468615332,-4.2874446273931994,-10.294146730096656,82.371325129040386,75.631369845620426,1.137479149861786,74.593892935488327,13.478172384992373,-79.889874415483689,-54.450571480039137,34.736818163550105,3.7381312882026094,-26.800567308325167,-29.704513026012201,37.287463859388097,-17.084103101609688,0.72552585534040914,60.504250800841618,71.705430402425378,8.6681420177386137,-11.272337175651659,14.33280137270236,-3.3167115162149052,83.12390669475819,80.296005413706496,-61.743580109438888,-49.241384335763463,44.830600647413533,4.6089563435785053,-3.4824751116025565,-48.133206662720163,-4.2268995997823779,53.174167101204546,-66.537374503041889,-7.253773034123185,-17.220353753983034,-6.4381581192417556,59.048723195379523,34.855324059626916,31.318736739566795,13.019942033621776,-35.207354479270386,24.181672820586321,27.906945375898559,52.172634093856324,-78.778926968852147,-28.4983063217026,-75.769720833726126,-54.57227600621718,85,-75.921371872172131,-69.869231925146707,-26.875360374947523,-6.5852051451985041,-68.618621631431239,-59.073344650321815,-12.118876432043706,-37.887312279397122,-15.994296058972381,-84.202426452112093,-15.714721773957573,-15.956583142435644,-35.332297028137397,-3.6969494131573364,81.182806654511253,1.1912404291630132,74.991118302677549,48.228378456943489,-18.393407177548191,-51.445809394222032,38.701920322531969,-30.459674888725065,-41.434766413730642,69.185327652626128,-33.089911767831907,-72.692271775198662,-7.0338155181252633,-64.924645458598192,29.83264589061066,49.485359176133656,72.970323332598525,-80.970538999628047,37.182767302391362,79.384610269319566,30.073864447882514,54.943607363127903
56700,-68600,2.0055882929751028,231.89274953042997,4.0964699728391381,302.41517068307098,59.556842891092401,263.59766518618619,106.32387884674608,548.37334909514993,328.72995344222994,375.86844938812692,603.18348389232131,108.60810722955557,374.17113925504492,40.869197238447079,282.52692225202151,84.673686034278973,574.41271457218409,516.47171690330151,67.600676998428767,390.03843102627627,827.72610166063748,510.17358926275381,919.58595954683506,581.66900220685523,262.02678902488486,845.42766566005798,162.67649235024066,407.14509449888629,382.26746977789355,861.51160370198659,128.565319970818,394.75469768771995,834.55455289313318,873.69950490679275,861.51033180163722,827.28028552180638,539.17254753335453,391.24312680001196,486.46558133441238,458.74223826839989,501.75481536157668,805.97692706816076,270.9830525579257,654.38798899712515,387.39172258061222,595.27749100925405,394.9595216950031,181.43817364555636,324.48675214331274,169.52082110016971,212.90612912839123,34.466478627065896,805.08045803706909,189.41923554505331,659.01356066634287,874.79228408537824,661.78464916413679,415.92185141536896,47.8772091325215,965.88383215237593,639.13672091931596,436.50923762140621,7.9560161108414666,678.6644184609861,262.07414720563213,806.27144926380049,910.0438249360044,964.03200917602055,532.46951897140536,640.09950312916033,163.70062840275349,718.57746793391959,539.21744383427631,530.85285145228022,831.70143031133352,522.79484058315177,275.70305637587091,822.1942193708951,171.11188873100642,638.27532304531144,65.274698041837212,796.39066334510198,302.27406288624661,283.16565613107736,151.34566909518429,842.06561664847993,681.46561995051252,378.86198841677327,753.34218671117856,457.87088908481405,452.09423450944246,456.13588411933495,722.99400657518743,29.324036259503941,891.10468098072317,809.62620734372661,412.31515443337781,717.27449480436439,579.15180108185064,340.23626097917918,52.688640099166356,-31.083235662735799,-54.943106420680991,19.824428754483634,-33.670852802079885,50.143893092165641,-64.594347466901581,-75.320416900824881,-55.846257535428904,-31.684683470116447,15.779320899921537,-81.182982050227878,6.7858313336348264,-43.515825858598326,21.557005560430447,-51.274389976886944,-6.2322311078528472,-13.311153514804481,67.584355880672874,73.829864843766856,1.5118396910913283,74.059901537561771,11.406029145062252,-77.954858516854799,-26.091436165639895,31.083107114708586,1.6025742390730784,-22.552670070528855,-31.65665580062501,-52.796919662399546,-17.070506504573515,0.69354953892062365,-9.3621521381667314,77.043155981808056,10.947914656482979,3.0073786689668021,-20.957382878265307,22.728311296941712,82.072956304408706,84.495505081236871,-61.695089443522427,-47.877531300037795,46.478037418250068,4.9638161948462303,-8.9880683226769218,-25.683589708323638,-69.778099602361436,-6.3642128165512517,24.668781238298983,-14.61328034012066,18.919208091992157,-6.3697430441721279,61.260643409159094,36.011227013173794,-79.957868406447929,9.8784606719301475,16.200526114337919,-21.757571460218358,27.857909177900364,52.382167499205011,-83.763388135656854,60.225522633845515,-12.473786899369616,-49.611379372948079,1.618943346775179,-78.133608203016337,-32.468177447523701,76.044918017463402,39.534060855373042,-68.618621064568401,-63.648061293593585,-10.725554359366058,-72.279435896106676,-20.846166780829556,-84.879364223990919,-18.41607381844107,-8.7539578847734933,-34.298452833776921,-4.1606714056554948,84.072146572905666,51.266106633904691,31.546056499020597,75.777488714573522,-29.75357861846901,-52.297007230894309,39.715895367540561,-35.000206573004007,-27.271847657957977,69.459784875963521,-48.017324915841257,-72.303757364007666,-4.7948244817287105,-62.236117687753378,30.305580096621739,48.856642518907904,79.79661104092726,-80.525694789535223,37.036402403412104,73.842932980707332,27.779915457140284,-80.524325806601439
59200,-68700,2.0679105655204486,184.88260484798275,2.2120045982712071,240.1890291932225,70.931075777606551,257.03599387896236,119.83099650100719,555.71545858426941,336.32495739172469,458.65048233593035,600.73957196550055,112.94568956091354,619.18727275940068,325.01603433370741,67.458399463212828,85.39120880380338,495.2184488539371,496.90353624223076,572.68904278398895,88.201613106124768,807.09669434153329,143.47000758170714,905.47541622920801,545.94092638602058,262.23124486101142,847.0668712828666,677.69405651136833,395.2579369211237,831.8670588474231,784.21207645989386,869.5602302507059,599.09305165515377,207.44535629084794,935.45492623204473,349.86409862756182,818.16410394420177,547.87443454426432,941.94067395010711,395.76670895966396,458.99244638930179,502.59825755607346,496.69445054984294,291.0249216320592,384.3632778810296,391.41200194008889,597.85377700604749,385.91266716608311,196.18538663066164,179.37671871459438,156.73737968747875,105.59034038345845,377.42835018674077,265.93090746922974,984.91919720514238,629.34086697409384,867.48877706328665,583.84495176707298,193.07536660267965,73.015171737938488,966.73701066509875,166.16346610913385,716.68184534289594,652.31302188959285,71.895753213553007,376.34051311937719,838.66592323268651,911.43467146979833,116.27238645518668,528.05420555733792,654.69256928344566,456.98830819784166,754.37427394257872,889.14189590553656,518.49356843906526,823.43544920723525,553.64090638942594,23.072178710048664,821.17708870543345,307.0607228605536,775.82555573975503,71.463309146696545,799.23067460225013,310.13409117026447,297.73742257262268,123.66163001797555,753.02838233975217,679.37073237259528,865.61387191399604,32.913494605353506,320.33718748730723,838.36434548280374,466.13503617532484,723.31961918085688,22.188627020309173,804.98734462373136,664.95315926273588,419.32705740054274,716.81882511295521,567.51842327709221,233.23400924860269,197.14946632821511,-30.212393749148362,-43.937205986946886,18.440106654228906,-69.696116864200164,43.0498891413976,10.900718434791084,22.669447112611284,52.912146154138973,27.05568256833428,-75.096329328916156,53.886278546108159,4.8066732620703281,-45.527674094975936,21.645080878267514,-52.646656249778715,-60.171775980121836,37.600916758643983,71.618634982563393,71.51551025693368,-75.099198993342981,20.413519239632532,8.3124386016260985,-84.516950896316544,-27.869522152606812,59.159805257307582,-80.610858597007436,-26.066962866077873,39.48816153228266,-21.026704976868388,-17.60811162465183,-2.1204022288167117,60.300324744115684,75.980485137742633,55.592443891254405,4.7294423638672498,-13.54552209420865,54.621921875216152,82.930033992426289,76.646999560264788,-61.628466705743612,72.817959746674617,45.043646922601297,5.8270542158596577,80.353639091565185,-49.128310223862897,-6.0709987040622977,-0.5228720545006742,78.637606626347974,-10.473466794211829,18.351612988139067,-6.6517982657697132,60.670262492158599,35.134964411330387,-70.161899071152803,-2.5984648074170629,20.684825928484386,75.283840295006598,28.132120234944285,52.001566925953931,-84.498060543460269,-21.608491410538463,50.949406103068611,-50.106729855870839,31.458631479766247,45.683144027636416,-59.05730535021172,-24.187157418584523,38.029461176630043,-68.639889125154724,-63.178299838645884,62.774562098865879,-69.622631563161377,-25.026911640366514,-80.047907217850948,0.89338492293000904,-7.697910175447177,-35.645966201948418,33.456276594884393,82.189271785415542,32.347764508763191,29.882889223329702,82.037106696416501,-2.5616245054706592,46.812264396617913,38.545814254884206,-35.292460633649767,58.980292953849329,25.806795373408626,-29.097400286579013,-70.238313072970698,-4.2191469367572889,-62.044171643361018,85,48.900789957429382,69.210006379194354,-75.122025815356722,31.028780549656943,-10.163096787267122,26.568616361766825,42.447269643578025
56300,-68500,2.0039832289722055,239.4946170699601,1.5033039569094844,228.3239792157996,51.515785777506252,255.17156960288344,120.15332417266318,554.64860050833954,334.35833306022732,458.40012113886746,604.45953326822985,98.033653629185707,273.67986581801864,324.08206640196914,63.424590104701174,85.45169242622822,516.74842420320033,516.93212467129456,574.41339606709118,99.888983627765413,827.03452636726547,107.86247694763874,923.0149580902804,544.34863813576715,258.64378777872741,847.56735726910802,667.22408179255945,823.87955208870471,968.63939884206002,195.91385921000926,934.00846802009562,637.90287577966853,228.59305321832929,877.41629115366777,350.01334031109923,818.16071811527797,292.71406830781604,437.01607589669015,403.18594626454421,459.22488270500401,46.901438573380858,496.2418397296488,288.8658196171038,385.47091333189701,389.54652111178586,597.85510654787572,274.54799214785828,210.62467739843476,185.16535680025515,154.09597342806308,103.58801693154757,37.787684878985196,200.03179507682324,188.54377889064935,661.38834300701319,639.74980673297284,351.45892938211443,496.42149037546051,907.80724143270686,520.71788689903428,158.4637105003944,716.75145653391542,646.17863683018834,49.779093071299137,666.21989841502136,855.2282822844038,820.67981619731358,952.95810504551537,528.98431044875542,641.29203101560176,182.47375179975046,754.47374642432032,939.30804647420882,523.84037559628689,815.6648189350849,545.02060893351813,608.42860958109918,821.99283933057245,157.51663284903682,631.97843950553761,19.970902448503807,799.57538516212787,795.84291186446035,81.846196590652951,146.39105701830027,754.21740445625267,681.18226036677572,973.40837612360838,38.271179815715591,488.13649265521116,832.73609675764465,466.89687210730773,777.77688274248203,9.4320113430763293,386.8774863053593,664.35422505466386,411.77563083491287,717.86334414980593,566.80299559431239,346.40834240919082,196.22133261248658,-30.986929335212306,-54.595133756864605,20.660006887300394,-69.456606481332301,42.93105000141405,9.2087499926365499,-74.059409025527557,-17.012243558159572,-32.611469920818543,-74.963672156949741,58.093337290837894,5.6530815860697379,-44.084747933552585,20.2530839076076,-48.281254270589571,-4.0946116834027357,-10.485288554905026,71.586623488955908,73.975459064112769,-73.252640694075012,73.670045647961814,-41.79868318579048,-84.522073447753584,-27.099327776118248,4.9307933808240403,-76.536674546298897,-26.628627002961007,-33.613057202870657,-21.081634836425074,-17.620344778815699,-2.6244706160815694,48.343559105717922,77.01818353247485,-30.802648930125336,4.9913653191859559,-13.065985513483302,53.590866057455017,83.159377313342631,-16.316109877339834,-61.634556436161944,-41.252590846062247,46.351826932202734,5.8741903290481092,-6.4015238218755073,-26.544345582180672,-5.6362488182812989,-0.33166621544480174,20.329822774799471,-10.407444666617954,15.512623177616527,-6.4542271835447576,60.771143200470419,34.798650276824191,-76.756608581417609,-1.1869751086366656,20.676298205510502,74.935345935656798,27.456927559301793,52.318495330132166,66.136068471381336,59.907650642889116,50.303426308847421,11.690922463822851,2.2108284780140859,57.655223690217937,-54.307599430120753,-26.154231916175654,38.023807814417992,-68.634207512569503,-63.17625781541507,53.22313858749164,17.392653459021922,-15.391456956466191,-80.008646740874781,4.0429385587056652,-9.6463131305829481,-36.523381458009133,33.523535691239331,82.205886919550949,-1.0933177373585785,29.943382352890588,81.632152991933324,-2.7097931309684178,48.073092918118874,38.570086029575648,-72.823635099683344,-22.605315638508266,81.492592820397874,-28.866842905415968,-68.226290885737342,-4.3949295191631226,-61.998324753575936,31.872717496125642,48.898822120182807,70.560385760181745,-79.516029914481379,36.986274550688861,-47.587891449224543,29.668745201277297,48.847973432026301
54900,-68400,2.0055261937945295,264.88262449381114,4.0584251085975431,302.23228518373185,60.3873792071605,294.99121158233686,108.37421640966238,548.85198437378574,334.85025003327888,497.41693513409786,603.18384754739259,108.65682431008929,372.98755351225583,40.849860471934115,70.191931340956401,85.551103543145928,1000,514.94810128064591,74.846835775841015,393.43383218732333,821.79437864012596,509.81038384669608,919.61124223715979,581.57210764393869,261.91925185007449,847.41091487199651,621.97214211402263,437.47863399203698,9.6998580278882116,849.34623750230378,197.29167689211334,637.60874950347124,232.3049933072403,839.09224611766751,346.82378564923511,817.05672891794825,266.7048163194296,414.89623567984916,965.86392712718782,458.97067945061286,531.62728669439969,484.54073393779709,290.18516723417343,522.20036708924567,372.31381810118631,595.36137711012759,395.07063311457591,181.4048235992185,328.42398201074741,177.64899448709087,230.29579418089438,37.784468238524759,814.18477041340702,200.3981449158523,658.79258052406522,874.79164410116198,662.71194048865539,234.22845922377263,800.49602632213578,515.82421402317709,639.31249698787292,439.14551552168996,8.0069375983797411,670.55355153795631,260.43574868809776,797.70604627440457,909.99513018869618,960.24154736511036,481.04800759719342,640.05477674917131,163.952832854191,754.32437450019881,539.24880455841333,523.60382624609986,831.33110157214912,523.23084416079553,276.66769248349539,822.03033697690273,157.79808436724105,638.30075758751855,34.039167247065912,796.74653537677852,303.4281107811214,283.12434999673133,147.95178993767684,739.60184184192951,631.85554042501622,378.91400338378139,62.96733253097085,476.39622012088114,293.9049785682696,505.97417912326154,722.99404135283226,28.508675131589449,384.08995832894396,659.08252343231266,450.70030632641902,802.80153069170046,567.32984798651057,340.23261534771933,204.83739921623987,-31.089401352625938,-54.948082750427297,19.818503924175772,-33.334450558373888,50.105775940236676,12.131820376426642,-73.880867241816148,-55.701465065415434,47.789706292617183,15.105601752176721,-79.76244490820217,5.6516650874278129,-43.475728196543884,17.715797290652112,33.671753734614768,-6.2374263129998857,-10.526976195384309,67.589168662172128,73.575414592640698,1.4019141129792734,74.059777150436787,10.737918761776127,-81.321657998152205,-27.046043605107609,32.083387765918609,-83.73222397464815,-22.530844001325278,-35.007240646070407,-52.819047156149082,-17.664160444587221,0.81330596637883779,-9.2345097775875047,77.012737449911626,51.0018547306369,3.0286845748472011,-20.972367928732318,52.392924298082434,82.060765578003114,84.480018841829477,-61.631456304118643,-41.772759584891979,46.480423177587504,4.990311057126422,-10.695587340505554,-25.686900652017979,-71.488120595338145,-1.6011960535154506,21.089058942969583,-9.6387275435757473,18.975664023389037,-5.6216436098092935,61.26100125752955,34.804903349933205,-79.960901303001876,9.8979280371593816,-53.893880759346104,81.791068731424986,27.596550068830204,51.992872867835487,16.991960408455938,59.153961967688311,-38.047980706122097,-51.21603061280409,3.100645232363437,-80.751082266709503,-54.372374406564688,-18.654737478149503,38.057816133287183,-68.618408063222361,-63.646339561181591,62.400162446785558,17.765876995387188,-15.420830462373438,-27.198934534323449,-17.225942757754691,-8.7141602474514102,-37.141602532562786,-5.2300564003611321,81.359032986156208,0.87926848209193764,31.600053431296082,-74.637467539517274,-29.902868499544752,47.46824227349196,39.739281635970208,-34.755463892731754,-27.368633166009605,23.516059277519936,-47.901713637943637,-71.859086905898778,-4.7173278481982832,-61.886949166620113,-10.524898908321127,48.838924849791219,65.619163440652983,-80.222088477157541,37.000417458897772,-48.061774434543345,29.641836671846544,-80.310104219143042
15800,-63900,2.0608695778467792,958.32194774854986,4.8421741423339233,342.07462629485462,371.69721466060855,281.43979491765856,108.85786266333328,210.12198147170824,319.16256369577741,376.7467298957846,602.69366676582661,132.26300375999296,301.46973006067822,286.80577433366363,74.280536960177685,81.940843123793002,492.29073330118655,516.89337247918206,65.50976089886845,94.287147999204279,826.36187310334583,322.82549703852061,912.11549308127348,631.14991100166696,267.00356789378316,870.45094049400916,617.08421979232901,440.54297408852631,965.30238482948744,699.84099105981579,905.1168713427578,611.57967501793541,128.91149911486184,874.01043221450038,549.74598524641306,821.4485799496149,529.22201337177887,628.2746929446522,382.84738546529201,417.05726051223019,465.56735332640869,817.90662997307493,269.73738869667409,654.9834472200962,372.57041784401201,596.87830632021894,276.56756887833279,201.71107939605491,70.080290064384826,168.41466105993476,229.18498037360925,31.535531741099561,846.99210084626884,188.51796971640559,656.15389320406609,884.25033080244509,581.06252886692403,187.60946798586369,904.64530577858739,489.14333568816346,277.89761883240578,403.77224938834593,545.46980261036913,138.06031645833019,490.48396664526246,854.72556837386776,598.51909635026448,84.754311918104491,535.21686568754217,124.919032341579,183.17153138495863,22.634455294018323,950.86063668188615,31.835290165259835,822.53188958542819,171.72026940193871,301.96592535756628,800.48792987920376,163.31170919419247,635.78180942634026,41.942388837379781,800.23248212936016,310.29813127921653,169.13833502204105,172.82577830055709,712.0900336715074,636.49394392892611,958.85098136837235,58.555708322859232,481.24132349208406,840.0690717320831,96.111166105555782,724.20412413174313,892.82829340346734,355.09902707895338,667.35553255065076,462.20427236888958,679.23924638097651,566.18283992343686,204.48128791511942,199.18434174085013,-31.361049712741515,-50.157686298089942,30.194626270706298,-58.080848274878775,47.876999698810593,10.225553670434442,30.873495745509498,-13.341667091161355,-33.219988420645223,-74.844541497894326,59.385918143074377,5.8497001608570534,-43.526312310262895,85,-1.7199811465475356,-6.0757311494865434,-10.131120945079365,70.489737575779131,-31.251956257475424,76.873415951592264,76.69743873135593,-40.57313228862153,45.058545581731373,-27.406159282283085,33.399099568714547,-80.167624368887019,-25.740515274444526,-46.55379417735022,47.816901767560758,-17.638800384305487,-3.6578580342569316,49.58618126963794,76.006499085356552,53.051518021689098,3.9757620484624665,-17.840274604795898,23.784845491835458,35.051776059636779,82.430416535657272,-60.694860003837931,71.74784844293427,44.732707377669271,5.8962067292934881,-11.230006800032969,-46.68263592735579,-5.6894135087644742,-8.0997055140192966,26.32144222098502,-16.298102563136016,15.378618135253598,-6.7623991104238241,60.976605830293046,35.957517846149287,-79.438444319695918,-1.3789188852637508,16.390806273565293,21.087463767353025,-29.386411489977096,34.4716460591969,57.978006517185534,-22.438863441563999,-13.345018568967765,-53.366997727030537,-22.091481608664932,-71.433103767746729,-65.012697361777555,-21.782817007378554,37.003959510067709,-68.586270296509269,-61.804464226574559,-6.6344246126050521,27.843309641223854,-68.745184559196787,-83.978193947602321,-17.915421511068725,-6.0116574191624128,-37.19887055115106,14.844173957248664,70.700881385987913,-2.2409530965941631,29.880208423165598,9.3280488925667022,-29.957072091617817,-53.512027874925742,39.081940590337638,11.269929589880189,-43.340287209760213,66.029159600765738,-25.095624593496961,17.354346599351715,0.62726641825984331,21.624579225427496,81.392004417499692,48.877887894175785,-59.521970755435859,-72.170312654032074,36.978145244243819,83.33050479867174,28.635477682534493,49.148923910621832
15700,-63800,2.0605623570604301,961.09967498842582,5.0707545652655597,220.70516547759271,362.52396822152605,784.43980048990761,108.23728159683938,763.92664371726471,318.51512146325757,373.2101943239565,604.42739508233137,131.98496933951321,653.29639930013388,309.25557354630814,78.684772196436484,334.19540789443334,496.80777313902036,725.20160772266649,477.64361780848333,393.80875829555544,520.16570507626477,729.57235610680959,908.01740838522755,617.8376516438309,262.07870498521044,870.20861642933983,968.08241659511816,447.07924025101693,892.04177546875258,712.48694755471934,904.58698435916824,372.97897013501762,131.20241396078086,941.13581048022661,550.30800021516438,824.67894120582116,541.50785792612589,599.56039855551671,401.57761370267229,415.57169702060639,55.297073099553415,892.0807529396659,270.29354106277185,655.2005629199806,751.6798692715372,597.61178139249853,277.03033961183934,182.55634591527956,692.822791013808,843.16568714216123,604.83726583251746,34.40796852766303,234.18003369093486,191.89284848912814,623.50832190642404,630.92869956262734,621.25874241558927,231.34122310299134,904.64775325610185,487.59304275498891,268.3810273187247,727.89716033601007,535.2089026285106,647.42367601806859,486.43717465826137,850.07920660142713,651.05985801299448,937.77719264177847,535.2768346425438,136.22797355404026,186.0811619722561,729.85963237412864,595.50381946112827,54.019108543433191,844.72649754490567,204.68549449211869,277.88745698760539,135.04251747240255,174.86063566400856,634.81929576153027,631.79858097424335,849.54864678919307,292.01680753373188,728.83015910392191,199.89856830261377,708.78473335992044,635.53657316519264,418.34791727820863,141.00506740981183,480.14792888302713,840.85825268776784,86.338661495561098,742.5686421383291,874.94756340765309,782.93620623853735,790.74074746611325,833.9554142134923,679.54335273861852,608.11774191885183,187.73046709702814,205.38929785985883,-31.371255352354236,-49.713716082801263,30.38278678529835,-59.60564944891884,43.034344007059694,37.630758371924784,26.884152181742248,53.290191362432154,22.352555346301855,31.050386519122618,-57.567683159828036,6.3686633218068236,-43.311684594831085,84.778498319614243,31.119689652294312,-4.9778839162631616,-11.52293624342262,70.624348341289163,-2.1134786953531304,74.493538477967803,76.09030375324582,-40.78214883502816,45.09467295731028,-25.73346553827783,56.947769586686505,-80.207235694801668,54.021539399189614,38.596270876797512,47.753742858525449,-19.654192971231666,-3.7795523411310334,-13.17576627224987,16.130323412619813,50.202073570616641,5.0273613001221733,8.1522829042531129,29.036308626456226,29.64704330977419,82.167086904719611,-25.813082454105491,-49.358604530387474,44.872909881438659,4.9588880512561238,81.116234388071007,-24.730561539128203,-8.921050683688998,-8.1345627595729741,78.774605861334905,-76.641190348561082,-20.970925588279517,-6.5002641888158985,60.930522616190409,34.500106319250158,-76.211076732159512,13.667408327253366,21.740767976734578,80.596813285800891,28.405136062899778,52.475922878427475,56.77196114394102,56.95745869735871,-13.766229950542808,-54.833713792891331,64.697825036590928,-74.552880586466188,-65.685475041868855,-24.215832845720495,36.862081878046922,-68.971475686158257,-61.963187465242704,51.955729611817119,-71.199508395234488,-68.889519173345377,-84.70106530104745,-0.90735810024486208,-7.4961034750706261,-36.419261636012585,15.065534614983481,70.677796205915385,30.900211992424346,31.516023022614004,49.247543590115896,2.480874937504737,-69.892374889118543,36.159878008794436,-82.339697300494024,68.776828566067664,69.972263640690571,-25.01683382064131,-67.519113381521038,-4.4806516185170908,-62.398464594744063,74.729884158912029,49.696289262993282,67.979096688497449,-78.413137548806276,31.168647219607497,-48.160545008271129,28.356156839402423,19.476717863984128
15700,-63800,2.0605623570604301,961.09967498842582,5.0707545652655597,220.70516547759271,362.52396822152605,784.43980048990761,108.23728159683938,763.92664371726471,318.51512146325757,373.2101943239565,604.42739508233137,131.98496933951321,653.29639930013388,309.25557354630814,78.684772196436484,334.19540789443334,496.80777313902036,725.20160772266649,477.64361780848333,393.80875829555544,520.16570507626477,729.57235610680959,908.01740838522755,617.8376516438309,262.07870498521044,870.20861642933983,968.08241659511816,447.07924025101693,892.04177546875258,712.48694755471934,904.58698435916824,372.97897013501762,131.20241396078086,941.13581048022661,550.30800021516438,824.67894120582116,541.50785792612589,599.56039855551671,401.57761370267229,415.57169702060639,55.297073099553415,892.0807529396659,270.29354106277185,655.2005629199806,751.6798692715372,597.61178139249853,277.03033961183934,182.55634591527956,692.822791013808,843.16568714216123,604.83726583251746,34.40796852766303,234.18003369093486,168.76983189831142,623.50832190642404,630.92869956262734,621.25874241558927,231.34122310299134,904.64775325610185,487.59304275498891,268.3810273187247,727.89716033601007,535.2089026285106,647.42367601806859,486.43717465826137,850.07920660142713,651.05985801299448,937.77719264177847,535.2768346425438,136.22797355404026,186.0811619722561,729.85963237412864,595.50381946112827,54.019108543433191,844.72649754490567,204.68549449211869,277.88745698760539,135.04251747240255,174.86063566400856,634.81929576153027,631.79858097424335,849.54864678919307,292.01680753373188,728.83015910392191,199.89856830261377,708.78473335992044,635.53657316519264,418.34791727820863,141.00506740981183,480.14792888302713,840.85825268776784,86.338661495561098,742.5686421383291,874.94756340765309,782.93620623853735,790.74074746611325,833.9554142134923,679.54335273861852,608.11774191885183,187.73046709702814,205.38929785985883,-31.371255352354236,-49.713716082801263,30.38278678529835,-59.60564944891884,43.034344007059694,37.630758371924784,26.884152181742248,53.290191362432154,22.352555346301855,31.050386519122618,-57.567683159828036,6.3686633218068236,-43.311684594831085,84.778498319614243,31.119689652294312,-4.9778839162631616,-11.52293624342262,70.624348341289163,-2.1134786953531304,74.493538477967803,76.09030375324582,-40.78214883502816,45.09467295731028,-25.73346553827783,56.947769586686505,-80.207235694801668,54.021539399189614,38.596270876797512,47.753742858525449,-19.654192971231666,-3.7795523411310334,-13.17576627224987,16.130323412619813,50.202073570616641,5.0273613001221733,-2.8351887202618915,29.036308626456226,29.64704330977419,82.167086904719611,-25.813082454105491,-49.358604530387474,44.872909881438659,4.9588880512561238,81.116234388071007,-24.730561539128203,-8.921050683688998,-8.1345627595729741,78.774605861334905,-76.641190348561082,-20.970925588279517,-6.5002641888158985,60.930522616190409,34.500106319250158,-76.211076732159512,13.667408327253366,21.740767976734578,80.596813285800891,28.405136062899778,52.475922878427475,56.77196114394102,56.95745869735871,-13.766229950542808,-54.833713792891331,64.697825036590928,-74.552880586466188,-65.685475041868855,-24.215832845720495,36.862081878046922,-68.971475686158257,-61.963187465242704,51.955729611817119,-71.199508395234488,-68.889519173345377,-84.70106530104745,0.57659651020761715,-7.4961034750706261,-36.419261636012585,15.065534614983481,70.677796205915385,30.900211992424346,31.516023022614004,49.247543590115896,2.480874937504737,-69.892374889118543,36.159878008794436,-82.339697300494024,68.776828566067664,69.972263640690571,-25.01683382064131,-67.519113381521038,-4.4806516185170908,-62.398464594744063,74.729884158912029,49.696289262993282,67.979096688497449,-78.413137548806276,31.168647219607497,-48.160545008271129,28.356156839402423,19.476717863984128
11800,-61900,2.0034000892157904,1000,9.600249454858103,340.75786423523789,76.435898415839915,268.38173730089215,105.81379982673252,787.23831078042099,338.57173023797822,382.88044930604769,608.1000082794277,97.710750428263225,302.83898692597842,5.9010836336171621,68.966755496583971,83.924364925391671,986.95561423827667,565.90303458815083,70.276970602860445,389.17404545091961,53.587509029793637,527.66247287906845,912.08188772334256,582.45097059803209,273.6623878235892,863.61783919444292,999.09367856679057,445.86146177227198,853.429757432153,687.1414804459705,905.71233070113635,416.0474633259621,20.804014006224463,958.19505130915809,572.1243232743409,553.4093419617069,545.51846250858353,922.47645766360029,491.58719962219038,414.07804306517687,665.99413036581188,888.18208636420911,261.47970605639051,762.4786634430294,375.15631851071572,596.82947480394876,402.71047564338522,182.09723137696122,327.24971228046365,390.17496576181742,70.442724643589372,47.668386200831847,817.62446142712542,193.37986916830047,661.00208741914298,628.22464816840159,649.83211400271637,192.37153662507828,376.28614984847565,952.19382980510932,250.57307665402925,405.82711330041377,11.405298240838579,643.22587960391104,474.32606693671596,164.22126246608161,628.36857899701863,899.60534434947533,488.02308274182866,648.58587863535001,137.47318914667377,734.40726981704313,943.96652082143078,530.0159068660131,810.01006004286921,552.10859177441637,258.26008556296074,821.0268959356531,593.70473593291047,653.13308276539829,543.51972492287609,799.11117196939324,307.56750293489529,699.13334845823022,194.20082056043876,776.3209687356665,631.64518917755822,399.73071014059121,203.43511408933085,479.67739863365739,837.68891597007507,96.894071437286414,749.90856549099499,25.568545860351691,373.00427004747763,664.95697233013209,442.62362873551751,709.15441241885571,577.87527325405165,717.41963920937633,54.710080994617144,-29.341234171102919,-49.139043164952568,-18.983511987773998,-71.962754618890713,49.210446323686774,13.34917159988087,-80.227912829976404,55.001990417483427,-30.093169215674113,-74.346878762449279,63.533880327274687,5.9209653410723737,-43.803177487591455,23.450808804664657,6.46067468615332,-4.2874446273931994,-10.294146730096656,82.371325129040386,75.631369845620426,1.137479149861786,74.593892935488327,13.478172384992373,-79.889874415483689,-54.450571480039137,34.736818163550105,3.7381312882026094,-26.800567308325167,-29.704513026012201,37.287463859388097,-17.084103101609688,0.72552585534040914,60.504250800841618,71.705430402425378,8.6681420177386137,-11.272337175651659,14.33280137270236,-3.3167115162149052,83.12390669475819,80.296005413706496,-61.743580109438888,-49.241384335763463,44.830600647413533,4.6089563435785053,-3.4824751116025565,-48.133206662720163,-4.2268995997823779,53.174167101204546,-66.537374503041889,-7.253773034123185,-17.220353753983034,-6.4381581192417556,59.048723195379523,34.855324059626916,31.318736739566795,13.019942033621776,-35.207354479270386,22.040706131949914,27.906945375898559,52.172634093856324,-78.778926968852147,-28.4983063217026,-75.769720833726126,-54.57227600621718,85,-75.921371872172131,-69.869231925146707,-26.875360374947523,-6.5852051451985041,-68.618621631431239,-59.073344650321815,-12.118876432043706,-37.887312279397122,-15.994296058972381,-84.202426452112093,-15.714721773957573,-15.956583142435644,-35.332297028137397,-3.6969494131573364,81.182806654511253,1.1912404291630132,74.991118302677549,48.228378456943489,-18.393407177548191,-51.445809394222032,38.701920322531969,-30.459674888725065,-41.434766413730642,69.185327652626128,-33.089911767831907,-72.692271775198662,-7.0338155181252633,-64.924645458598192,29.83264589061066,49.485359176133656,72.970323332598525,-80.970538999628047,37.182767302391362,79.384610269319566,30.073864447882514,54.943607363127903
54900,-68400,2.0004557046234197,263.70730726831846,4.39532307018351,337.02590881722222,383.68760171551355,239.29928728761445,106.45600187397909,212.34067046254222,328.70260124136308,375.79886823473464,603.56845653547168,97.30389013271278,374.40708929614175,71.735593967188677,310.64625146642612,84.798539359357235,568.39783929947862,716.64398094360092,62.722808026639882,406.28642642226248,827.71067983214198,522.55253103183134,919.59417047707439,581.73753562672016,262.18990692181933,845.01964143851922,1000,443.22619815629133,962.65702509645598,685.23475865507612,100.89294998062519,629.90075013041894,99.302756548680804,957.98487633907348,546.98131159274897,827.10132488542808,539.16561492450069,929.71869910687849,487.26542646787101,459.16610130591931,24.608816697942302,804.81233157125575,251.06077533077416,656.4686959790422,387.38466466002171,595.26642377190808,395.05590933546728,192.65082405634215,52.578051571910521,163.56202076776009,568.87718897697516,34.521798614796445,782.51690492456544,165.24378362897187,592.37045418613695,275.67410652633328,619.42833098621509,418.24275312088054,909.17430461832168,999.79316244687027,255.01875319439452,436.07934517976156,7.6575960902245583,678.55707245213932,267.57240766017753,205.61352920089377,641.40437575238116,1000,482.48267048109011,157.08085723375473,163.73291832151389,719.69331210200892,539.33377817458029,529.28398491597591,266.22461611227368,523.31863430444309,10.266109588768359,882.77386494903999,171.12378378064827,648.47895275268957,20.13091962952516,830.51136904083091,308.69992506174987,739.04987400124855,151.68614512668466,836.23896307007783,681.89311926587004,378.95286117029758,720.34702859556626,480.91048952773809,834.89151942284752,477.57435710558372,750.42668096046316,36.202907171458371,831.83312436829101,806.09400218427731,413.47900476262339,685.12356575245724,608.02181007518038,340.59486898303447,52.679001537050148,-31.102168789060691,-49.103569336797683,30.311706077303167,-57.099989203826333,47.791948906042222,-67.240805484543245,-75.328589086757731,-56.856753502179636,-28.590326606701876,13.767233387991691,64.500416099444777,24.33654736052727,-43.76866564676159,82.214389690607135,-48.75289955323035,-3.9107356646306508,-13.355834863414801,67.567481339803976,73.825051006186783,-4.8757358188978941,73.969399318250012,11.492483634415636,34.627711232968522,-27.147865513917175,31.092737669095868,-77.993553400433242,-25.679933315827729,-34.343145149263407,46.758121073525899,-19.591378276743896,-3.8233291106563656,48.925296692946077,12.936556916027044,57.319329402965593,3.0403201070697827,-21.588105728196297,22.029224651330267,82.069419909912114,84.45349950021216,-61.762847895007262,-47.857601270159265,46.476536264914458,4.8656620530886041,-9.1291066303921529,-25.696564418519127,-5.1774296803381574,-1.6665914903309114,85,-13.144627981298399,-20.309331425988528,-6.3290953070349163,59.320822811227906,35.96937464356678,-77.875016939788281,13.539299974519013,15.057891016743874,20.945096913307175,27.594720703217774,51.486778605439859,58.196547606568544,36.509703690664416,-9.5500201183024309,-50.384362378534661,1.7857666578480149,-78.01046968711924,-63.788454786267494,37.210646858814385,40.176234046391144,-68.59007263306539,-63.631229552083809,-17.924548933161788,23.089301059343306,-76.110146369471579,-83.998073277049258,-15.872877386096496,-6.1032979334262141,-34.454271867329808,-4.7117624614843336,70.374501679564446,51.407548556610223,31.622618901318422,75.774561000174771,83.827988263029738,-52.299935364311793,39.675310573106891,-8.3162499722867942,-31.850622756173401,69.479662490428908,-25.144780628013955,-1.4105528479935145,-3.2529794246453561,-62.405517109610493,75.844293320350346,49.544333116786333,79.606354272991268,-72.432723834302266,37.279830027472855,73.735843129287176,28.356534051512966,-77.962130916673345
56300,-68500,2.0039808045570919,239.44451654329276,3.1179869775279059,219.79101654204342,51.537654506966931,255.11702295173424,120.16188060921388,554.51112306656012,334.3583310200753,458.72887853721625,604.44890600695339,98.012904760290837,273.56016612614462,324.03474529364121,63.418602763591082,84.475005763146143,516.77675683745349,725.91206910288963,574.42919326872834,396.95439560642797,829.93543249427285,108.17805377801568,923.01486173030776,567.9221773962505,258.64408705060828,847.56345014874626,667.22410950191477,444.27598738356824,967.42111887009992,196.02329835209787,934.00852495767742,637.29915458899029,228.53614046141931,877.3172051012881,349.95648523859933,818.16053111857707,968.75153783539474,388.80299860462242,403.28436247640087,454.56420061618775,46.901556086110467,455.0673730478515,277.96971341386609,381.49098561492156,389.48662542413433,597.8551285534104,274.54580507383201,210.63347670301104,185.17715960726866,153.71277268166858,572.25034178025317,37.714489241544271,217.55470155373942,188.54709204228021,634.92132548971347,639.64575688379966,349.10622038067356,480.85371119869239,907.44421741647739,520.68513329127518,158.46419964332867,716.75144307415735,696.72034340418486,49.733975016487989,486.98570765741545,846.57085481473655,819.23942506134836,935.39023231333351,528.95729941079048,641.29324308002788,182.4386535646596,723.13427262112862,939.36894040062737,525.64883542506527,815.66413907188485,545.0225232292695,617.9900841807488,821.99271192800211,171.75575891962299,629.41709740509918,595.69471246200192,799.58282000318798,807.14933287512918,81.817576629987101,146.44488576868491,754.88033868092521,672.34083450627566,379.08247786384823,45.383180536062753,488.13644627960565,833.00713116240752,466.89698103850168,779.24657388055596,9.1351121668481312,356.75674950782707,662.93044388572253,411.76100183626943,717.86334822043682,566.82056700735291,195.34235993382291,196.21850318345255,-30.988745442970259,-52.715934789762279,21.848889705194029,-34.068425403836201,42.931623389873224,10.475185052695,-74.059286142168389,-17.040968514994262,28.829208324169109,-74.963422712403101,58.289711670229792,5.6530829522620891,-44.081709196887061,20.529330201565312,-48.300416122018149,-4.6486113375745486,-10.466421996399999,71.585169640700414,73.638885771207924,-73.265886271762326,73.701886416886381,-41.798251839524212,-84.52341510753034,-27.635973625426523,30.295695673566254,-76.536660099350243,-26.632695892928783,-33.617115927476476,-21.260956008567554,-17.241255161795586,-2.6442530253242551,48.150654252890547,77.017633471740211,-28.381435638362376,4.9730329127517381,-17.340119362449858,53.623134988855789,83.158116609442416,-13.334697181302293,-61.634638951014963,-42.479675881325463,46.352447338901719,5.9355476933470825,-6.3825758071556118,-25.924685894980239,-5.6361115252418239,-0.33333683552509408,24.781289784441778,-10.405766591343543,15.51262310649137,-6.453832530986336,60.872374695853907,34.796670675785677,-76.80767084918422,-0.57996850328622651,21.226050740609168,74.9352344565268,-25.013624583801239,64.734839711710649,65.406940711680221,59.897236554938331,-10.45546279472676,-52.316762526861922,2.2112183474259837,60.123293839030168,66.413082390091674,39.224677025597607,38.182833146890019,-68.632693563415614,-61.772074550359989,53.213422991603821,-72.883485904806705,-15.40278501767029,-84.643209001822029,3.7344724519495127,-7.6319904115164023,-37.181941539893103,33.873753728475158,82.205876833284634,-0.80307046291851947,29.943625568846112,81.652651689378786,-2.3641722298145922,48.062493749196243,39.737163163642485,-72.823557680814446,-22.330990932005363,20.104701063700194,-28.910966057728796,-68.226244431698689,-6.8340998527657044,-61.753104646540542,31.658344012691991,48.896924454054982,70.440515346162428,-79.503829836230167,36.986188426219371,-47.589125424302324,29.574091163305113,48.847961532247815
51900,-68000,2.0577308726014394,320.20985619387676,0.59985631241497117,292.39329471425845,66.805136836313807,259.41511650045146,104.40148516800592,552.73124450341686,130.54934384951437,375.95200053670715,615.74590806871026,367.21089301890083,654.10793888239323,45.386648616392833,594.98042236714764,82.975666724853681,570.0817038133506,701.78997658811932,98.98778157301129,386.97975637939061,797.19893403223455,506.9257836274943,439.31175211876109,582.31212170141725,262.10711230776673,870.31251261241107,172.32522216273082,410.34218251470872,850.44309792710158,830.95664901736814,80.075591222745373,634.40571319113178,812.9635196126585,824.56559390448024,358.62438189541598,818.8050697371574,547.2242247116933,395.52430324809802,399.7789048678585,428.08024118959844,513.46783057183325,879.64302637239041,654.98543670267463,521.66213669145327,387.47418920267774,598.38951072233044,338.82137068394422,181.73589522372433,317.25437388017417,175.05356960605218,588.76556757092555,46.316057438306061,275.14815544938898,195.90877278702249,659.45316898875024,878.45259826091774,558.14150896141109,429.60523462066396,67.843524535494481,487.66144151538288,290.14823870576384,153.38914904093417,21.087403267645414,9.8553884619452106,248.24542838701183,808.73341469031971,652.48656814878518,963.99792695457666,442.48446136570891,640.07656022287404,142.3113192388783,720.0689669648898,532.87388769011704,530.95790883076415,834.17251459648321,511.24590773482396,275.31220072669174,822.30821767514726,301.28665010700513,761.4644722535545,73.424809540543222,800.32496616689355,58.472076331388664,274.4563365747365,139.42090064269533,750.59773564088255,631.33257262027223,378.73206307750502,749.75313214984362,456.93937477351892,848.49571677239953,454.65317682111151,724.52176246973397,638.44096252960765,810.73274098657953,810.80898064546216,450.41359573324587,717.34639229994866,579.6456418032393,188.23569661482554,53.828241353501504,-31.085336004733055,-53.790020434194261,-33.413682775617239,-33.684918333425991,50.21345543033226,-60.680723826487373,-77.368137326797068,-47.780259671938893,-31.108693908769276,-69.175626335059917,-78.131182496494191,5.2588213072168521,-43.698135212744567,25.293281348217331,-50.421993154853432,-10.58793382760042,-11.419696697549629,65.01236724615498,-4.5255282890877169,2.2828114470387719,78.977336630931887,14.626354930823886,-84.989162791172419,-26.450793756823153,29.864984273827968,-76.615815204887028,-22.550633959714286,-32.122728846974923,-25.456368349542565,-16.735961822661235,0.68652309788664168,-15.120708963504981,74.876769498410624,-32.851245651507398,-73.893819770951936,-21.033328569398737,29.049588550704801,79.112984872778512,73.544394740501701,-62.004024079860642,-48.752196234912688,-2.0430864791597934,5.1204344560713126,-7.5096010004511839,-25.692786919035512,-12.85072263003414,-6.9193763277825298,74.041000411801406,-73.041545414466853,17.094550516637909,-6.5738689162654618,54.843586922748102,35.934335359928639,-80.426358984140336,9.8832023912813263,16.057633759378277,-34.235795538859215,-17.765110116205783,52.391465746346569,-80.604126767507438,62.400350475635612,-45.2142473216159,-49.14082363859356,-35.628014823629101,-77.767780318961869,-33.158918297897984,76.556444211536416,40.627988302041828,-68.611653601505893,-2.2532739923188814,62.095431560439124,24.247757088449596,-22.227379316922992,-84.752913773260971,-1.1883007404063211,-8.7242250823191032,-34.284172911998432,-62.969764488927936,79.164194193558075,31.506410545773832,31.606476839568266,75.696877535059912,-1.2870636999872564,-67.234668428674098,39.788059469599546,-36.192011728175991,-27.162600450684753,65.698072207881339,-26.403530672516091,-74.62089942454557,-4.801346555664642,-62.162933742576897,-8.7991351137277611,48.848212081191789,75.822316831865308,-81.755872939905771,37.022453655131336,-45.424757712006539,29.596086572985428,43.34465529483149
47900,-64700,2.0013311334601935,288.55653068975431,176.61418354348768,668.95998606439525,59.376800268097888,768.20281953952781,106.37162601682481,817.87979761086365,322.83424806578546,381.52315394090533,602.34397380235043,106.67679765105132,275.3546394997627,27.118282169476561,285.16392696339148,348.0755484148263,520.79479512997739,711.80422112767656,550.40187306613063,395.61846000793008,825.81091660369907,549.91709666618533,906.57972822401814,185.0309227927788,262.02851386587491,872.06534012660188,110.18558737664853,103.54173392564064,900.88913969384919,862.5265481093968,128.65148799305078,385.83046234428872,222.9201168129992,172.42422570927897,347.38600085470449,827.48332517976849,556.72846051304668,391.32134142310565,419.23160329301027,464.04680047038261,501.85733137339508,513.42841700434121,290.75046451168572,381.48536768578253,401.66444148191249,595.27330438777722,273.5061770648656,209.40296298716831,324.38053128368279,160.29066630374047,582.48119521389629,33.740165618616615,790.47919513119291,188.35417818721095,627.60194872892487,876.44131495711576,645.60306384754495,492.97862762862826,48.857068859463403,1000,636.82381617614305,247.43539057357214,678.65886246895707,866.44326792277639,647.8542730602494,77.476745225661091,909.05227009600571,963.22288188595292,538.37595436078868,633.70433572892068,162.23327107027529,734.2160732876871,13.695911849284812,530.72113203033177,843.60130719789652,560.53267993497866,260.75820685841228,803.02868652410029,179.29193880550906,640.22400871631521,53.807631002278576,796.47967261728263,297.86407168439206,282.69653251851025,149.29827374299416,735.64330174404063,669.85559805618664,384.59438708934601,754.96272900148642,457.11644097113685,451.71994482445587,71.192203137591974,743.17838907108501,22.123395543247966,888.17349228161743,802.36710469888715,413.51635084126758,666.99130365988356,606.93467386212762,196.13807235520773,51.678285976878563,-30.937644676787468,-40.648639593441914,-18.043776373000057,-33.60992376138325,50.146390598953161,-84.641286094632918,-74.653750490609525,44.964208781737256,27.455084703670103,20.551061710820278,-81.160269174863217,67.612362273916389,-12.967219417546582,21.52471705756081,-52.90727600741598,-54.784072943923832,-10.64921952195127,67.512383010526861,72.428133354408374,-11.354366563135933,27.492425414784357,-48.142126175327881,-77.831306833451094,-26.631503134675391,28.275686933763009,9.6161321284237147,-21.039787142753216,39.292987320174134,-52.786452069297688,-17.181208953919377,-0.11030751032643954,-19.202225469064729,77.078865185671532,11.62870641268049,4.1912406699374714,-16.205052267136455,22.747066358127437,83.292738642377557,84.653872418363221,-61.981217881066257,-77.915014962862855,45.877583160507655,4.9935309606118521,84.695041224489728,-25.683664910919987,-8.759413925051982,55.43092884765975,22.789388084319619,-11.302865669165556,-23.51638366240374,-6.377606709569446,60.976805606308005,35.247321041326373,-69.006044179096818,10.008736604217436,20.985509249175522,-26.868328118163809,28.770456835877134,52.499355596226337,-83.112573719414428,-23.115747607917761,-14.022530458074538,-49.582597237894632,62.202217441771211,45.937408372568683,-18.060762523579214,42.286429818707802,35.065220969304349,-68.616400501829688,-62.619625970114967,68.465786683864707,-73.621878186410839,85,-82.115973051587943,-17.904535905120277,-7.7911487909245052,-36.508387853461137,-0.96107515694372481,83.878554384628018,51.079183351737782,31.500669481986833,81.930470928455975,4.9975144878570399,46.258914677738836,37.818306152003657,-35.127616279312583,-27.3270259778356,69.613468453513249,-50.534796544912787,-72.260878276428059,-4.6439332881302438,-70.744280165618036,-9.5426353249787041,49.542584574563065,82.578868678919534,-80.431556150060544,36.780346707650402,73.991234148503253,-29.737022196446425,-80.145862001902913
14300,-63700,2.0022436531570995,983.41883984023252,5.0757533642106596,342.34046917912053,76.083004727721047,266.02708014536341,134.99651031987401,804.04703295571562,188.73040692119599,474.58315871358133,605.4179291774642,93.267755866319163,320.19321332823608,314.9900527956359,59.056652830270934,79.865769708170333,574.22729882582007,720.50176422310983,78.953004891760742,396.78382996945197,58.451435479776194,309.22509312226589,424.10936941720399,583.02649208625678,263.70366733852433,846.84679221817453,113.25268855396496,402.16933357351633,842.87714157364326,679.10156253107709,864.50268080783781,642.74651521784597,274.05063039578249,964.42600753302668,405.23134089499746,821.20448613100973,512.86478940517065,390.44757742035949,415.74269626100539,437.05095011466449,638.45198746692313,888.2174814117252,284.32707753517047,371.89910269029895,732.19511659196451,596.83059129292019,402.6607015268786,195.43534466948432,98.24142585188595,155.18286668761664,66.94434597749796,45.805625995358547,264.8343643738055,195.23083966399835,660.38972389748653,381.18103455109895,554.22317549242325,177.46336206234909,64.014417717686655,997.88345746835023,136.50340500450955,400.18749198399587,895.1237839987748,775.57620825833237,259.06735390349922,863.83690909647396,933.14899846194885,920.54335610686439,486.47039368228519,631.80644705327097,141.8100059829724,711.93512571667407,937.51662803466809,529.56374054834191,881.09078632591377,170.49002147575843,254.87551994746963,808.76287904043579,276.28404307343999,764.79604391115697,71.026716310723174,801.78290967357373,92.061536010323366,289.38051583764093,696.52588457936827,737.83837921678571,687.31344774415015,378.80289096721708,772.54210713656596,456.63286976680411,393.53153966631305,509.15310667367794,108.61282037328391,767.42506480792895,356.05032569758998,678.52046167973799,444.29870276664309,848.26322236348938,578.27883591593445,201.26206522755643,51.122763129432016,-31.144418579414147,-42.685110606178348,-34.333607762903064,-34.451969844466454,49.257188744912035,50.734528414214836,-74.938788552319139,-15.941384087730519,44.809958814043661,-68.110301645941306,64.255106569300324,8.7863387692449599,-43.842640525737139,17.772189375517581,-48.123591592656531,-0.49217025373634704,-11.071763473206802,64.786792778179787,0.90132074383427607,57.557102988315535,-57.184976782457113,11.10027328192545,28.480952355548865,-57.865915679156352,1.5111651460705815,13.553844134529015,-22.434282892128795,-35.488970029767252,34.171444665119523,-17.028289123228809,-0.52094414976689629,-13.389755024118088,72.185966491147894,8.2399228018797928,-7.9057772920872083,-24.424958246200998,22.301972379369563,82.367399597626346,82.352757834798254,-65.326432438759596,-51.395243139612035,44.768510204585994,5.1446057403858738,-8.2453602915167679,-26.126578496435044,-4.3886886549772699,52.554943241293209,-59.384561245152284,-74.360284380265114,15.968199518235281,-6.8602430888330286,59.248913111809628,34.633298905987914,41.478770429448765,10.057637724430966,-48.883961496067585,22.246966879942782,56.935623968307631,52.386070654751435,59.577904414143482,38.28041966817689,-40.989090468305051,-54.453409553332733,79.700257304598438,-77.245501611772241,-32.122821697023539,-29.510570105102271,34.840811771969967,-62.948680276392516,-9.7000637340433826,48.138948886369732,28.061693531645144,75.529721214911319,-83.661730227346965,-15.958051270737114,-7.6156042864908251,-36.666627534939614,-61.622048117277842,81.472253917126224,42.8460098735803,29.893712669441172,-75.338567216341573,84.163552665773963,-1.9157313602456583,38.695284476818557,-8.7025320897750191,-27.042668051235374,72.514878519815682,-26.489215650285253,26.29353306123177,-0.48746700564132794,-49.618736389144388,-9.2478962402533202,48.960829841856217,72.912863411855497,-2.1992539309362797,36.741061093629689,85,30.729725562153988,46.415922647284475
53600,-68200,2.0005704077299549,288.76874357341666,4.0719851146951198,298.5769016207056,77.748214021785671,209.34682272050205,105.42491497355454,821.47961994967159,263.61407881666946,386.19403593843498,614.80926018289824,97.800450186364714,111.78136009222115,45.477876382646173,603.32561011167286,80.508619542150896,996.4835818120572,514.75928292572075,156.09184907694922,397.32846090782982,901.70227107351934,527.58104384069907,908.5448638454144,553.86350445941036,360.34653866320861,864.02438519186273,984.20911183808687,435.4189390733431,26.928424066121352,182.95404095577001,907.54707768694561,661.4947136321797,783.72684636299368,816.31553285258951,358.31217602610485,819.5514308779874,563.3783081451669,394.8804551141618,960.19968940615013,142.14567175813067,663.00623028605992,812.83892254074499,692.56234989490656,524.26669222485418,405.92586378521082,598.03461227101002,383.01704537082526,182.0841747268334,312.93856237406652,163.8949201736433,209.08508854674295,54.368802460016731,269.65373490462849,221.83085120659112,635.67685780834006,871.40055733812574,741.37344028833741,223.84555513385769,14.73662535178045,466.97547336374021,254.61398406167041,192.13613368776711,17.570344751578261,640.16707405463967,269.57245512695908,74.493374524352021,628.9290647438761,71.646948125084521,514.90432511361973,647.31487642933018,136.30189838424198,868.15525526599185,942.53158355934818,462.42939944324672,814.31285704949482,185.63570301104292,192.17243342795956,952.67044170790041,635.35786930727477,650.70712720779022,565.48004032856068,800.45461654731332,314.70361739649132,700.81114844540241,193.29913601552954,779.73040552222858,631.32999549765941,383.71878492684118,748.92053603172019,485.98524841494975,838.66824738613207,90.280368577814329,734.89922498784222,21.366171921300122,328.13391453828797,779.89698505135425,442.92483826655194,722.84911690628815,582.58390973780092,327.28991607863492,203.5945959274066,-31.116326916736416,-49.232515317594725,-34.920278843334465,-34.72847691212295,49.278969849849723,-79.903059418148231,-43.821907856095656,-49.642912145027786,39.708036179880928,-74.232609806498274,60.937750539149029,5.8889642507199254,-44.099440616480805,17.505137964348226,-49.455415198485589,-3.3895644733290098,-14.141131534840225,67.561142871276573,65.119301061314658,2.3541998306571053,71.360447869524506,-42.168773221796471,-80.558018722675939,-53.29185233201499,34.405028422198583,2.9555310302677711,-60.521970370196144,-30.134878714610611,38.221153344140589,-16.122554993784185,-8.3158233124979386,59.42654175793372,10.904633101628754,49.908613329112626,-75.398805154102774,16.737625904042655,20.510225863561612,83.083388392491131,80.410445158604645,-61.869657782966449,-49.969239608539667,46.723919293020202,3.002490663908544,45.407803414608736,-25.560188053873489,-4.6998225602436898,-6.8736038988731778,40.606542651818302,-82.719965766423826,15.490226469332839,-17.889811081108355,58.572825005653925,30.409924830291505,-84.716354210673899,9.7856276707644003,19.35081497510572,19.038583722065432,28.508222243876496,58.582303746285746,-80.385756555597226,62.158867902708707,-75.78823444892403,-51.405263068734911,-30.051205590575378,64.570209246148735,-64.171614178391707,34.762445844126802,34.969903356060698,-68.495141697690784,-60.314885731511012,61.370830523663784,-42.046963977083095,-16.700065829262279,-75.121360725253879,7.0948018013538867,-8.7146818041523595,-35.420898499445194,-1.5204913707362628,83.540447984209962,51.947030260005107,31.689359594663543,78.559747264035281,54.468354173873038,-52.37321647273194,38.393892971402494,-30.41738235282142,-42.883752675434714,16.893860357361923,-32.677687129078343,-75.274247577588881,-73.804660866290732,-70.671038557489481,-12.805606388482976,49.181014130241358,38.885217083198185,-82.316741747097026,37.703916793693004,38.241433703332035,26.914407294022453,55.659328726374582
65400,-69500,2.0029593233927696,79.939372978559945,2.1620453341375341,345.36221876771702,387.94502694952951,149.66251476525656,134.67669599404078,822.2570039737052,108.44016922693876,477.83516747154493,602.92069986258264,114.9320259670834,122.72914321334991,335.49102386409794,266.66961073133587,89.229638025317726,604.96256209875048,719.53157591088495,152.78001417775997,381.79127830161008,828.99924602724684,325.01324098203429,923.93505267271314,544.45227257512238,270.2599612910098,846.46199595136022,637.99566829497405,450.20869846700936,50.229831432392075,198.19225624639336,169.54061004016032,646.86499471846059,260.525166135973,45.936281622509,586.66010517294558,814.10468800187118,570.39927918827016,968.36812344114981,455.44940001901301,142.06549325669354,97.092762475609106,907.25636675211581,269.49460612598347,619.3130791215292,408.13448248240633,593.82059654745569,275.46036204228443,196.23699698550149,329.95228653647763,172.16484080634308,585.87731635675675,698.24624990289408,835.23844225769369,155.84138521853362,660.56081571357595,634.56755354695326,353.34251331539673,205.74908958826461,913.5435332738075,985.3810413628039,165.09014105172398,405.0988744459558,15.812008686165598,646.22326733553928,386.37976869011146,866.64289374887323,903.66302000503197,542.77288618387217,489.45868040711093,640.1396109844236,140.51553890214865,751.80528354592718,928.30821517966604,530.42985373952661,583.68586556950027,504.44608068600485,267.05502568508507,818.58974520653351,305.79687384147667,762.10704005694095,600.18531107788931,799.5487783162813,304.38159959916004,82.612807390974837,153.06349572892668,755.63647036283021,679.83400315282063,387.7395314172021,30.049900888476927,487.00239619455243,841.34890596598632,103.11990608579643,724.49211427081616,1.4244568709724774,880.43131004972167,667.81056550288088,463.09095632189917,722.91091233227053,580.41438614813114,192.25043818343147,45.793791398928434,-30.224066773502788,-39.72740350232344,-26.292952083094729,-34.329293456388058,39.885400937427889,-68.696768440297731,-81.327185055531743,-13.828850027429212,28.159300447566046,-77.381072354331351,55.125795898138037,2.5302285179772204,-43.820438067088794,20.420952046346553,-47.671704881685031,-4.4911412174230643,-11.164028298856328,64.754903835781334,-33.040205644662173,31.693253789320384,72.825578232556964,-43.533659450606947,-83.431387899791417,-27.498639257349822,55.693711663129349,7.9413103348153413,-27.103885292042069,36.588517530697828,-24.209395395558658,-16.850034429674661,-9.0944868690262748,59.858663684268443,76.956474328876808,58.871888917012278,4.875463885711893,-12.655258872578504,28.322797007779172,83.56776495867139,-18.159140629545163,-61.596611476640042,-79.170739060933286,46.851861967989628,9.3245398679081966,-8.8424183648206949,-24.801257486457125,-56.804631444022689,-0.47302286562729368,27.627623635700445,-19.197182759625449,15.609450421070278,21.941532644894888,60.902271380716456,35.203159879739765,23.355748514312957,-0.73814233993756106,17.346614064523962,77.202734713677927,62.208020492163364,52.494719279352537,-79.014892092131134,39.97472250871202,-33.668155761634019,-52.840353139073287,81.985473427823649,-59.181041160014949,-69.908853432383509,42.043853907850043,-11.432198208880177,-68.58292458998109,-8.2682159453638633,54.915352944826573,-71.244385485827053,-22.697203990635639,-84.111667425984436,-0.012912460509184154,-9.6295975214078489,-37.182882566291106,36.99130828660158,84.55778421596365,0.67734386156975246,29.87226967861649,84.997964070837725,-5.5737054318739929,47.428157495142173,37.223767924880796,-8.4205041036105861,-26.313132813205215,34.228849989962555,-32.511339442215778,-70.046456960285227,-4.3667907243738968,27.760706231144859,30.103382218462102,49.550729848157147,-54.873640812380415,-80.472307449707131,37.629119833062113,-17.186356646349395,29.407403775193643,49.332237054953353
61300,-69100,2.0214722245780741,149.32994253588407,1.9989507163077147,301.14061154831433,50.146640773726205,762.0339694673047,134.21889942430946,827.60381646988117,108.07048766730023,380.65284033354573,602.79240944892911,395.7127400937253,641.41873659579323,32.630745897109477,88.409293998028886,339.66379712044909,552.0986085827152,718.43701426546306,66.874024505178767,395.54707051564981,843.10603177252085,103.36742863589248,924.67048318061404,566.09927693480654,270.57218030705491,845.40977628331393,199.95674713764276,460.54200459702128,26.636055927514803,252.45304068019647,126.21645573015145,228.93075686956035,19.490721863853508,1000,338.52620793443486,819.68013541249411,235.13812975645598,925.51507090598432,472.93808731506709,398.87897149678247,489.58893295388327,818.94929873602246,312.53644755962222,618.32347980089503,374.77615603324551,598.15693045568344,270.83864112628413,384.78072455702204,320.47265953358777,153.29860141159554,559.91439089263019,62.133093277699743,206.74781288105112,184.71237241876963,661.64323109895372,659.1646559289851,340.92838096424083,207.60669411516199,349.81552827323304,495.61742647225725,275.26474603291479,436.96950106102321,835.80827668099528,656.64712461624185,255.25448500961073,874.86649820637956,905.20879284576563,540.55001737767145,511.24163011387066,636.80335717626804,181.43198923097617,724.88757712510881,919.04396616474298,533.27490868712857,232.6590156124858,155.40613612724565,49.093380816371933,821.9702828466036,170.6670054488427,635.25746647586641,39.723181245467345,830.77016545990398,283.23570156628114,501.08411963570086,215.33521408512831,739.73690105929006,672.06067911327443,420.84840387594875,178.57551826444814,459.25295735999094,839.72191429532779,463.58892676233268,749.41526488034253,382.64956377428223,787.8958236948082,800.21425681073799,412.6944235492814,717.26014578582476,562.37782155308173,195.08846156586884,186.00402297063368,-31.012475541200313,-55.21185959767071,24.860325907040643,-33.50551697020822,42.381195309272172,-70.867069129775516,-74.464117247437599,55.450548576496416,-30.129312696021657,-74.841170218865685,53.248627735646323,6.0519424896340679,-43.79131162648202,16.704700253145599,0.72738363852374377,-0.95313614511181943,-10.316395734619393,66.065514045420144,64.757778665336332,1.4974799592792003,-44.927440069133937,-40.906577012072262,-80.816933945185525,-58.68757487022981,2.7070670237294792,-67.211971532403254,-26.839212491042762,-18.506512945849916,42.2799224359634,-15.73357349081355,-2.5954665174351632,59.911983754537594,73.163181792628833,-28.220558217018812,4.4022771798771156,-17.424600144788212,55.99675298609813,83.607839136782118,-22.134286396931024,-62.275988750085112,-48.38121798585648,46.236381853789716,5.2133104175169516,80.849768506584411,-26.616929375076474,-53.633465744167154,-7.6552775351041129,15.387965679484203,-81.142273819718866,14.458090903196734,-7.99896595214814,60.819401328026785,33.663717906990009,-78.190680508715786,-1.2339886671807534,21.891865994541831,76.075273045664886,59.85549283646565,52.459321198634242,-45.828064110523201,62.88985811104736,-57.755891129033039,-43.382499057242882,1.4804516195565824,58.82967508773752,-68.383069649259582,40.017102081917834,36.457162637594536,-68.477201257944401,-61.962347224772969,54.33157744149036,26.160918050536317,-15.12689462578388,-84.039043281918239,5.0844344854736239,-11.43969056225502,-36.580786666162972,-5.1755297170410337,69.328924816790689,1.8858121821078941,29.753559365545186,47.213247780396038,-30.991122786545336,47.285246286468194,39.168772812634366,-71.550005933024792,-27.528360156378064,70.459509001258084,-31.938751808667185,-70.143882038797372,-4.389593354787757,-62.052889109538903,82.938026567711844,49.537952175424905,60.174518884673688,-78.333590641007078,37.006888511696495,-10.609440543474333,29.381278051278514,49.525136548495382
500,-20000,2.0677965613420586,999.94333465371642,210.8568410431385,240.17236710115486,71.070649975129271,209.56561358171558,152.36151019776014,476.43236200938605,126.7403424958529,501.78520686920172,600.72480028417147,112.75261616920542,618.97911947057037,324.57399704292817,67.427611636503173,80.941624011115067,496.0340966751005,496.94862557816134,635.90132532936718,382.57780733905258,8.0719921945333795,493.66216115503289,905.27700127235698,579.63773139901798,262.22415256114982,848.94445565241426,70.081358863569392,410.66555494829987,841.78869916748863,835.35605446620923,63.840094028185888,597.70093636412184,838.89334393888703,935.65998145995536,341.70033996919824,825.06718944353224,542.49089709528153,884.89170076803646,424.30263310270118,461.42345644625726,514.63830799934487,492.37922452240696,657.94675381323259,766.11874992303319,765.03662778488319,598.22337453956584,383.80852541041043,196.76266882981952,118.18997935325388,185.35074933067102,580.32076015128041,377.75113980177537,263.97255550243915,940.5950548213408,629.00728884862315,862.13241238472767,347.46153551730589,227.14588938920494,82.261388160959115,967.48495996287909,297.39131522134159,703.86267981386482,685.8262361158304,644.3759695119835,377.0684707060318,838.37328940826001,911.19451731718834,898.7935873751394,528.06494862743853,654.67213373421737,455.92370358458186,751.4482418701507,27.802272476851385,58.204428325268822,231.28222525479316,553.78490387988552,50.605857424382506,898.33961356227735,310.84282228436939,778.37816349407967,73.216738678158819,820.16292472096006,284.66322782140401,296.86040311110025,123.31511843769147,711.32075338104778,597.10518086896104,867.02115350903989,124.41154888898177,318.56633575229546,838.36569150334628,454.96774439220582,737.36924190702803,14.904612080828798,804.75569729908341,804.99420214958002,838.18850943472694,680.58793985890861,579.18034830663942,225.20721978651403,187.96028722115327,-10.595603621038173,-44.404149129763113,-33.243365890258943,-34.064394664077518,42.194465295944013,-71.30929308623864,22.660657447856757,54.610575167500201,29.537710217678949,-77.773803513638299,-58.6397239341077,4.797006401661811,-12.768993526595102,21.698898442281973,-52.76578973197708,-61.405365116845132,37.992727452254691,67.413858638370584,71.507047981136012,-75.046087034802611,18.656033436608503,9.3539629961875601,-82.106353228457237,-27.978960629309142,60.409244931659607,-80.451891767834297,-26.086226469787082,38.74695023394063,-25.880786067633874,-17.607704025634394,52.988374087559883,59.543480798902529,17.250120284153866,54.598980335460602,-81.393998822484505,6.8933635578232524,29.145858747550442,82.927196302818274,73.605267098322528,-61.855735335048081,-78.647166021075861,-0.11498156466132059,4.9276510162886442,80.416251236646488,-48.99308504136993,-72.11766020488588,-6.4574214238698069,79.642261647771619,-12.952011613557643,-14.038423602179085,-6.6465531522241932,57.77748610963139,35.134609632701853,-69.600109645331685,-2.5745069718089111,20.752716969002943,-22.875125299410019,-16.594711682918543,52.006684889583575,-82.026153801718806,-17.503062223777693,-39.776036951788413,-49.099380587270964,31.700583993983482,45.48193385668079,32.02639030277097,-26.738879930368359,38.578033938695384,-68.860488014973441,-60.907721255008283,62.837891745114739,-69.417078818921098,-25.034044048585486,-80.613012756027743,0.52788222771604598,-7.7736557285460082,-35.628932741597794,19.091518879587998,81.504767165215853,32.354234531386929,31.443889526950823,81.950570731730835,-8.7218084146446344,45.648014785958132,39.014969905399248,-36.57014003960667,67.919541812155842,25.797938688134757,-29.102484200512745,-70.22876762391212,-9.8464670061134996,-67.124726017233954,85,49.718338474807148,68.780480058777243,-75.200744439164581,31.128801242515028,-11.611751295185869,27.193386107483093,-77.916958962015727
500,-20000,2.0677965613420586,999.94333465371642,210.8568410431385,240.17236710115486,71.070649975129271,209.56561358171558,152.36151019776014,476.43236200938605,126.7403424958529,501.78520686920172,600.72480028417147,112.75261616920542,618.97911947057037,324.57399704292817,67.427611636503173,80.941624011115067,496.0340966751005,496.94862557816134,635.90132532936718,382.57780733905258,8.0719921945333795,493.66216115503289,905.27700127235698,579.63773139901798,262.22415256114982,848.94445565241426,70.081358863569392,410.66555494829987,841.78869916748863,835.35605446620923,63.840094028185888,597.70093636412184,838.89334393888703,935.65998145995536,341.70033996919824,825.06718944353224,542.49089709528153,884.89170076803646,424.30263310270118,461.42345644625726,514.63830799934487,492.37922452240696,657.94675381323259,766.11874992303319,765.03662778488319,598.22337453956584,383.80852541041043,196.76266882981952,118.18997935325388,185.35074933067102,580.32076015128041,377.75113980177537,263.97255550243915,940.5950548213408,629.00728884862315,862.13241238472767,347.46153551730589,227.14588938920494,82.261388160959115,967.48495996287909,297.39131522134159,703.86267981386482,685.8262361158304,644.3759695119835,377.0684707060318,838.37328940826001,911.19451731718834,898.7935873751394,528.06494862743853,654.67213373421737,455.92370358458186,751.4482418701507,27.802272476851385,58.204428325268822,231.28222525479316,553.78490387988552,50.605857424382506,898.33961356227735,310.84282228436939,778.37816349407967,73.216738678158819,820.16292472096006,284.66322782140401,296.86040311110025,123.31511843769147,711.32075338104778,597.10518086896104,867.02115350903989,124.41154888898177,318.56633575229546,838.36569150334628,454.96774439220582,737.36924190702803,14.904612080828798,804.75569729908341,804.99420214958002,838.18850943472694,680.58793985890861,579.18034830663942,225.20721978651403,187.96028722115327,-10.595603621038173,-44.404149129763113,-33.243365890258943,-34.064394664077518,46.180602297272969,-71.30929308623864,22.660657447856757,54.610575167500201,29.537710217678949,-77.773803513638299,-58.6397239341077,4.797006401661811,-12.768993526595102,21.698898442281973,-52.76578973197708,-61.405365116845132,37.992727452254691,67.413858638370584,71.507047981136012,-75.046087034802611,18.656033436608503,9.3539629961875601,-82.106353228457237,-27.978960629309142,60.409244931659607,-80.451891767834297,-26.086226469787082,38.74695023394063,-25.880786067633874,-17.607704025634394,52.988374087559883,59.543480798902529,17.250120284153866,54.598980335460602,-81.393998822484505,6.8933635578232524,29.145858747550442,82.927196302818274,73.605267098322528,-61.855735335048081,-78.647166021075861,-0.11498156466132059,4.9276510162886442,80.416251236646488,-48.99308504136993,-72.11766020488588,-6.4574214238698069,79.642261647771619,-12.952011613557643,-14.038423602179085,-6.6465531522241932,57.77748610963139,35.134609632701853,-69.600109645331685,-2.5745069718089111,20.752716969002943,-22.875125299410019,-16.594711682918543,52.006684889583575,-82.026153801718806,-17.503062223777693,-39.776036951788413,-49.099380587270964,31.700583993983482,45.48193385668079,32.02639030277097,-26.738879930368359,38.578033938695384,-68.860488014973441,-60.907721255008283,62.837891745114739,-69.417078818921098,-25.034044048585486,-80.613012756027743,0.52788222771604598,-7.7736557285460082,-35.628932741597794,19.091518879587998,81.504767165215853,32.354234531386929,31.443889526950823,81.950570731730835,-8.7218084146446344,45.648014785958132,39.014969905399248,-36.57014003960667,67.919541812155842,25.797938688134757,-29.102484200512745,-70.22876762391212,-9.8464670061134996,-67.124726017233954,85,49.718338474807148,68.780480058777243,-75.200744439164581,31.128801242515028,-11.611751295185869,27.193386107483093,-77.916958962015727
7100,-61100,2.061083384951901,999.97729284242598,230.12024938940104,342.42427451170465,350.32243226776484,272.06814769227196,135.28370842672106,819.83305827289519,108.54301199159639,379.08996125032132,602.47974371063594,121.37499640936583,125.07418732777109,290.51211955752916,261.86803171968961,341.26394522115078,531.71776234872232,719.19129821121214,68.36675551556992,389.18950633238308,832.31097243420481,318.5094028752053,939.05578695601469,214.4164656051698,270.53027153098952,872.23789572100361,95.895688481568016,455.20614082653253,915.77683339615533,676.64652875905188,147.85355326642622,235.09424505258525,27.709972028253276,99.087600423615754,872.99286022121873,813.95418014037784,555.37428538878441,377.75906147971847,472.20462527201499,412.48536678680119,128.75477084455019,813.47131165109352,680.27121980304332,617.60245722968386,703.27688254190832,597.36396784470503,276.6119271692408,200.71950110919971,318.70869452038067,147.04628044885354,48.958969159206049,771.1936757695097,190.36629191935813,188.64330828557672,649.14424112297536,642.23460715823694,351.17720484007202,208.58447452797378,307.81897921407773,489.64773179434695,296.23582305784322,429.72337778123176,829.17919946342352,648.89810139610449,375.28988582959391,87.463558426521971,570.895116248205,8.4368409657418511,513.26038307079,630.23406901480826,183.36603032971743,742.80946214952087,597.3216084662804,529.00191560204223,855.54978579297119,169.02034195825971,8.9319529772245971,819.60115680632418,303.32046997368855,631.17460854703427,92.223895226352141,830.94736691739899,312.44450618863482,288.87315870781862,206.23382518275588,917.81437488957022,667.7397621980158,388.28662285329403,58.146311013150779,459.1056812340384,848.37010027904489,130.6705909071338,749.43289192352108,811.04567379027537,347.19759283369876,792.26911303998077,457.62311875272576,715.04812807217149,562.61843323747303,197.38867101259737,216.79990589945501,-31.359571660520064,-39.05052396905365,30.107121915801304,-34.987760169180788,43.403245838853906,-68.131111293548457,-5.6416204967547214,-12.016509274981523,26.310202615544949,-75.800868165980305,54.920320872110217,57.7367898528518,-44.574699157880382,82.229259812677711,-71.013743377134233,1.0357484498448004,-9.516414617468417,64.817516028004093,-10.732745341154805,62.84046813690378,-45.981648128428688,-42.572233806934356,24.874374923003536,-58.291405758286864,29.75635610173908,-69.474364922783465,-24.161324102724571,32.596725688050853,37.510749212946259,-17.101211755979701,0.70032115860823119,57.143753643392508,73.012188567183458,-33.830692647523449,3.1069139176358682,-17.563522971632509,29.170649106365005,84.553863321986015,84.9737333013164,-60.703527645587251,-55.854565728325518,46.317379489153801,5.046356650478435,-14.098869204820566,-24.684267994030865,-54.01540206730197,-10.769319430986604,72.466415353646553,-80.685202900579043,17.446499124880546,-6.7059524124796308,61.756889561159198,-9.0291674168751648,-64.580744152998747,-3.4602172903986927,21.238177383827683,77.776454915918478,62.996003266110783,35.02489147079438,56.428515849071069,65.289047966649591,-61.676561080301369,-43.761166150515301,-28.169821803098049,-68.608844653229013,-65.162419564742649,-21.155118738241047,35.222882394386176,-69.030655437480007,-63.108423576686221,47.85543406782557,-70.546273501085253,67.155046676966805,-81.76797109852015,5.0288890158493045,-9.6999891078445977,-51.709160961293989,-6.6899269734957993,70.465502308619918,0.22845707942332757,31.475209445180194,76.937690972544459,-29.472791251061594,-79.037061348139858,35.906481170597786,-8.7635524898581796,-42.43349733241493,71.75696902086726,-31.876631624661858,-69.877915478281082,-4.6265181391454515,23.783536801016968,-11.442154499513942,49.542741366151951,-66.485853557468516,-82.767898475355508,36.994275493238639,-11.058085999663694,29.312687604209852,49.700218377001477
59300,-68900,2.0224133433564195,185.93687894585645,3.8136004142866824,214.83265857642436,80.449069608639121,295.49001643507165,133.4157910327082,820.06570122791413,318.53353036803765,376.3303760237992,603.06935403433761,133.60592306861287,124.67680570427981,56.876486691972815,263.85310814959587,81.361244858076475,604.76744996480647,731.68573252519229,451.681945937563,421.95964334325015,834.3480954633385,321.37835534805532,939.41420088100517,556.83577308354552,266.93398436552349,845.41844845883384,1000,447.57658700643748,356.01146214095729,226.66824386180255,170.95485128166064,248.17284011377987,265.18716174444194,881.49995446965499,877.78265981756613,582.97380589447653,537.35058649642372,594.56592469352461,937.71982304092876,643.69548800329358,501.27722560718576,907.15085049093875,295.14049390276818,654.3030390359977,374.1948167377916,597.11114052723303,275.61772147221046,406.20935116544979,74.890828477614676,169.84744952270981,59.001856147764848,743.94058146703276,800.2504578528567,189.40725584827467,665.33070889637463,894.33971212459664,663.83246287983854,197.36452546819368,256.85342904407185,516.74342205764651,647.68575101058104,419.27128246889612,861.68557982292759,676.90745572338722,261.95728361440854,801.58958812404171,910.28622468247943,21.326887970361653,513.7323193037588,639.97036590057473,186.45656215221786,707.75109767305935,537.44233014008853,524.66532121540877,543.79386668521488,172.91360766054305,275.78172863121523,821.29817316238677,171.29951563598354,764.70173403258741,609.24542194523474,798.96627426671625,305.83978937547982,44.313714642808691,650.62067224452494,771.03591795419857,660.86284156300997,416.82713297985595,731.86757099154352,461.09727279373374,366.60938896656614,78.829382742191768,750.4695855236871,89.814847149376931,359.71644455645463,792.16553156711439,473.26737433114863,727.69130381673324,562.68026999985557,194.72775895499382,184.61917441400075,-31.336764158990821,-55.072146474751598,32.854317742652938,-34.724125532251662,49.16005066889381,-68.249052603648877,-7.1783454652899295,60.674450216804168,-29.544958713163542,-64.867852561522795,-82.372958028088547,5.6889488414424356,-43.775927263304695,18.000430655459681,-71.381286125103486,-6.3307032627158648,-10.083944424850493,67.469955579125681,-31.084673044819695,75.786448045999833,-51.597025830304943,-35.370848195044402,46.396451408254066,-58.988682310812763,32.211669557948092,-70.0956505873407,-22.530291141771531,-46.299132856557705,37.949332745618037,-17.070399755156583,-8.8893127141342774,61.702825372256335,76.560055506440861,54.881807697432919,4.6318848714789222,-20.770217696530825,28.187093930113885,30.600153004953622,84.53080894687416,-59.2967825802466,-44.366992554765638,44.908043576027787,6.0920634367283348,-6.4333761889387402,-24.687235445406149,-54.864068111946736,-7.6790740881674342,22.426469894122082,-15.761873008303363,16.205663846559297,-6.765792119530821,61.888304669777966,35.3091580201855,-82.30729395715359,-1.0868415537692089,16.012705845189021,78.104735468432594,58.710646521960207,52.625667683873999,-48.07031697325742,63.954858584075502,-15.174513550772108,13.489108709257916,-28.516595222395431,-69.797669561865817,-65.077741627254525,-25.295332942635042,36.909518310021291,-68.623816509962055,-65.024562588925676,-10.80430621243848,-70.526718563228215,10.552351704318168,-84.801232084541027,-16.119700716320228,-9.5921422104276708,-36.297742180360714,-7.2199681648165912,82.313264972808227,52.750776625905445,29.931964521406222,26.918493295836775,-29.578932708322768,-52.411586993504315,39.709817296207994,-35.380588434458808,-27.304570676244566,71.120179011972411,-32.389367490581783,-70.154511596481782,-4.8197061720431149,-68.528398856417425,77.741090644266905,49.704461975335398,83.198145253834724,-80.508485806316571,36.986865864039643,-14.643344329058394,29.309484354146207,48.397914988797503
11800,-61900,2.0034000892157904,1000,9.600249454858103,340.75786423523789,76.435898415839915,268.38173730089215,105.81379982673252,787.23831078042099,338.57173023797822,382.88044930604769,608.1000082794277,97.710750428263225,302.83898692597842,5.9010836336171621,68.966755496583971,83.924364925391671,986.95561423827667,565.90303458815083,70.276970602860445,389.17404545091961,53.587509029793637,527.66247287906845,912.08188772334256,582.45097059803209,273.6623878235892,863.61783919444292,999.09367856679057,445.86146177227198,853.429757432153,687.1414804459705,905.71233070113635,416.0474633259621,20.804014006224463,958.15492565496152,572.1243232743409,553.4093419617069,545.51846250858353,922.47645766360029,491.58719962219038,414.07804306517687,665.99413036581188,888.18208636420911,261.47970605639051,762.4786634430294,375.15631851071572,596.82947480394876,402.71047564338522,182.09723137696122,327.24971228046365,390.17496576181742,70.442724643589372,47.668386200831847,817.62446142712542,193.37986916830047,661.00208741914298,628.22464816840159,649.59264038661263,192.37153662507828,376.28614984847565,952.19382980510932,250.57307665402925,405.82711330041377,11.405298240838579,643.22587960391104,474.32606693671596,164.22126246608161,628.36857899701863,899.60534434947533,488.02308274182866,648.58587863535001,137.47318914667377,734.40726981704313,943.96652082143078,530.0159068660131,810.01006004286921,552.10859177441637,258.26008556296074,821.0268959356531,593.70473593291047,653.13308276539829,543.51972492287609,799.11117196939324,307.56750293489529,699.13334845823022,194.20082056043876,776.3209687356665,631.64518917755822,399.73071014059121,203.43511408933085,479.67739863365739,837.68891597007507,96.894071437286414,749.90856549099499,25.568545860351691,373.00427004747763,664.95697233013209,442.62362873551751,709.15441241885571,577.87527325405165,717.41963920937633,54.710080994617144,-29.341234171102919,-49.139043164952568,-18.983511987773998,-71.962754618890713,49.210446323686774,13.34917159988087,-80.227912829976404,55.001990417483427,-30.093169215674113,-74.346878762449279,63.533880327274687,5.9209653410723737,-61.599315770996967,23.450808804664657,6.46067468615332,-4.2874446273931994,-10.294146730096656,82.371325129040386,75.631369845620426,1.137479149861786,74.593892935488327,13.478172384992373,-79.889874415483689,-54.450571480039137,34.736818163550105,3.7381312882026094,-26.800567308325167,-29.704513026012201,37.287463859388097,-20.866328839123483,0.72552585534040914,60.504250800841618,71.705430402425378,8.6681420177386137,-11.272337175651659,14.33280137270236,-3.3167115162149052,83.12390669475819,80.296005413706496,-61.743580109438888,-49.241384335763463,44.830600647413533,4.6089563435785053,-3.4824751116025565,-48.133206662720163,-4.2268995997823779,53.174167101204546,-66.537374503041889,-7.253773034123185,-17.220353753983034,-6.4381581192417556,59.048723195379523,34.855324059626916,31.318736739566795,13.019942033621776,-35.207354479270386,24.181672820586321,27.906945375898559,52.172634093856324,-78.778926968852147,-28.4983063217026,-75.769720833726126,-54.57227600621718,85,-75.921371872172131,-69.869231925146707,-26.875360374947523,-6.5852051451985041,-68.618621631431239,-59.073344650321815,-12.118876432043706,-37.887312279397122,-15.994296058972381,-84.202426452112093,-15.714721773957573,-15.956583142435644,-35.332297028137397,-3.6969494131573364,81.182806654511253,1.1912404291630132,74.991118302677549,48.228378456943489,-18.393407177548191,-51.445809394222032,38.701920322531969,-30.459674888725065,-41.434766413730642,69.185327652626128,-33.089911767831907,-72.692271775198662,-7.0338155181252633,-64.924645458598192,29.83264589061066,49.485359176133656,72.970323332598525,-80.970538999628047,37.182767302391362,79.384610269319566,30.073864447882514,54.943607363127903
49200,-65200,2.0218802011459593,266.10489290284107,165.80424262238483,316.35518165993585,48.215063235492835,143.09570394204403,104.34505931854909,822.08475258924977,111.47512886201592,479.45370126101164,602.68327887123257,364.27638812412755,119.33853060267074,30.326522614245569,594.05791132961804,341.02930807408467,560.46851121875602,711.51583305922577,153.58532741244642,395.17681241247317,835.9488067179816,328.37166743043213,928.21512792751787,566.05242573286114,270.141960243695,873.82776094914732,665.98602872312995,450.60384021358641,879.22780176921719,266.32098011291151,163.82428483106571,641.23204332126807,799.09094919311281,135.62790502091212,356.08206771456253,813.5727043351917,254.20540863934849,382.10973241837371,456.79998995034538,464.39069213405094,492.1886824624147,875.18291261130685,701.78873613661312,388.74079044774811,401.15970857574553,595.38360149815981,333.50545417722537,377.12825270498917,329.57800898110128,176.59032860857201,582.6190045173546,49.973756540561801,845.89540587286444,188.6422894329923,657.58537286623095,876.85089326482398,345.44784849197339,209.65256570712339,54.917037140928727,940.64221603249439,275.81862391307834,233.32214645969935,72.214054727961411,624.79873030798558,375.12624263852365,65.962365547881006,910.17599875738017,493.85713086398522,443.38400702679149,636.83941133186408,139.85913985243499,736.26789354651203,549.67891659302791,533.27508524730069,253.4850724869151,208.13053972344136,277.84680833868407,800.86912656057564,171.09505195618163,637.0034114316818,63.378192460996047,799.32240575333628,306.32488025324784,500.22546889319432,172.20015565325048,738.15051762783685,671.02979971252796,384.86413709241072,36.44395394932377,459.06140480864224,839.77446308459832,103.02176758929483,723.41357467183923,634.37069144113411,769.8069993425222,803.72639932737411,462.30099229733287,717.77474474962094,580.04576924855826,195.06398741713366,192.12071236462296,-30.280006849757399,-39.685776926464449,23.726195397825684,-34.388202818867896,49.794108331032156,-71.242441261900936,-81.934089859310603,-48.001824343488252,-28.111639242503593,-69.547628919014997,54.172523785545323,8.6576699327537607,-43.843567396187609,17.756958454747892,0.92470877148461739,-3.3615690934310756,-10.293971448887611,67.636924543531748,-33.425536501012594,1.2512943109228627,75.582826368382641,-41.294154947054949,-83.445716109547888,-25.325753620158746,27.944288242874912,-79.43215246108312,-26.781358512057029,-33.227162471214598,36.889731929824919,-17.173139932034573,-0.023054494409390003,60.017122644265882,77.005155811500202,-33.861638517546979,-76.855685982754466,-17.413579020215611,21.527526983678197,83.594299300877836,-21.281153056982728,-61.868800871282701,-78.973710454808227,46.187368200830626,9.286905920286344,84.762009142996263,-25.71630713272366,-8.5409655555569373,45.028735702649008,-52.482409339047052,-74.615846356630783,14.480262605325107,-7.5493637295112697,61.008103167010617,35.272667191281812,-69.248891253245233,9.6890899111690825,16.88547368661105,76.990019292288963,28.302656100731514,52.493546384428143,-79.333436123079167,64.426657929562722,-45.606027980917432,-52.951181239515108,79.241248626429964,-70.263332307124287,-69.795674635075443,39.759542504556549,-7.8124950867677825,-68.611104136605391,-9.4215176011697395,54.040749707952067,-38.998880714754485,-15.316732897479739,-84.11121894647809,-0.077052051851765779,-8.485592533842059,-37.21426791831194,-5.1057800025946669,78.89608601053105,0.51593804087542949,31.435887437581982,81.557711305066562,-26.496405290822583,-51.605440589136876,37.888644131915314,-34.311630260583392,-26.431058791352974,68.698964904543359,-32.080748716258491,-74.741425508266687,-4.3590392829463198,-71.500725742059529,81.218778081896318,48.951705710760443,-60.884611274741303,-80.605195274887194,37.027280135665151,-16.101039142734187,30.698855299294685,-81.157616705578363
51800,-67800,2.0019517399915401,319.85083369039614,4.1804188236661162,299.13106587445844,60.838557529826893,843.74376186171003,105.85666395633672,537.543645853258,328.6822097407877,372.96198240419966,603.17367476866661,73.995585889899559,657.25666304334061,26.372869549221765,282.2286344555028,327.19227509591803,500.23032819907525,708.70675674446022,58.024806884163461,390.06112388267508,826.20017499325286,325.36316576520255,910.14643646632624,185.2218437450741,262.36573913474263,869.26532951245315,969.47787107133274,407.14713506864348,329.15976737032923,708.87639628230045,184.3532946031381,639.96745860837393,129.20512498203254,952.71530054654681,893.59073236440463,818.22427070892377,547.10120298195193,379.75649234906996,404.87421322876776,458.19358727359264,511.51626827721344,814.77627241585765,270.38952505135461,653.69561168068651,381.80999102435322,595.4750101892198,392.02540248324703,184.77267117256582,325.40942539041333,863.37290478708519,607.47643708527426,35.273657525960864,245.72264584993025,189.40494191601567,625.49316535450544,645.69606527706571,641.40383060543843,212.59970999711004,70.258308147099456,953.95912543809391,631.39647187536309,126.40555402855009,7.9196325900160867,676.25685174012642,511.67071095842743,792.62096749902037,650.57572021026647,953.02651798121258,532.43129940987444,634.67698744205086,163.85341039672625,723.03275566007915,585.9492563306535,528.87382350842961,845.00559482938377,195.10502398174225,277.85373545575442,819.37588378572252,170.96755098519031,638.60148109834904,53.965025429780724,796.29840757301281,293.41070441457521,276.47469406571162,173.91149664077463,735.01970614285608,670.96291173173267,394.36087969983163,755.09601739288644,457.90270859511679,825.28884476887788,459.09641686000828,720.8789988281876,34.598644665803398,890.33419351768543,798.80678975763533,370.9148728990877,665.1933905970418,580.36853697619722,336.89262210299984,52.63631482159105,-31.100150930526954,-54.989296938167797,20.483618343017554,-59.527715565210734,43.105329821786867,28.924844026826424,-77.320338474218744,-50.351862625828161,43.690142278950688,-71.562323412809235,-77.60311380787455,6.7850355208231425,-43.292606062923916,24.994240338817299,-51.258214350041229,-6.6869533416026359,-13.026551497507091,67.577811320661183,-6.517056306766392,-2.4235899088631725,76.149391103475836,11.887819861991996,-77.407230088521047,-26.418505344820975,29.865426183537071,1.1870414375216853,53.232619326811566,-31.735076882824874,-56.406029968966415,-16.736259331578729,0.44887438196018081,-18.906709403398278,77.664280342959202,47.692256294039389,5.0385029704319599,-20.673908217357678,22.601814993105201,82.018354442919346,84.917082417756149,-29.089568608796753,-49.314688715721104,44.875188540278259,4.9621752320839709,-6.9579588724091721,-25.694158377626472,-8.7827622149774704,-1.4982975733411323,77.536094046757142,-80.22109432595019,-23.064180929712805,-6.4081702169120884,61.257645020306846,36.037226648827819,-80.058320372727977,9.9940539046460266,18.715910313645185,-33.79861824324572,28.405093519532546,52.498227240063379,19.375403376399046,60.51878897054555,-34.981883407921849,-49.612130235878872,59.219283891260787,-76.611432229263357,-32.068427353313666,75.989527902187589,40.948656266622429,-72.523705637411851,-63.658071038174107,-10.095672235638904,19.939849508573186,-21.04895686681013,-84.476857407436228,-1.6291073813594414,-8.6302653895620356,-34.141649475513617,-64.272015439490715,83.930239516948973,50.191068779654678,31.551818149065333,48.817626395421854,-28.352592080553574,-53.363522214956568,36.380257104639455,-36.928772464667098,-27.160025955361558,69.987030372689674,-48.01279324410131,-74.539074500614603,-4.5943877962254165,-62.357807880335244,30.198308347160349,48.82996329594615,-63.05493483794455,-80.467246695449248,37.324354499585283,60.603175759668389,27.760800066173509,52.334400194952785
61300,-69100,2.004033107311546,151.30836433181369,2.1706872047357351,345.00710549999184,58.085715872682414,145.68521109336291,133.96744208735686,831.26508665417578,100.76060616190588,459.68611685474571,602.78679181078883,121.3111674850966,630.43951849367454,296.43180136807666,62.214241336282214,75.986451356724729,520.22358374499549,520.34122376884648,36.366628149665587,403.00743198631756,829.60040167344687,99.525759227855787,924.01525205122164,544.83270705153893,270.4271458687395,846.55836812770906,167.74919915047442,812.56957697167843,50.013403928419692,194.69051839491198,170.61667819729439,248.41044647851851,16.956713199899639,895.86314381078,346.4872035893639,819.5717533823738,562.59571315264179,942.34518186367552,457.95338613846832,147.01663079934474,100.79100978980222,912.25340055872528,270.45338118299725,607.59961283549671,372.4818605383341,593.85468560973072,275.68341378272629,202.3294484890248,320.88917429456251,171.89535587219788,205.53980017629758,29.126245262103737,189.6245274210205,187.65485252621212,661.24435554736078,635.79979184358183,598.26972182715338,192.89336005831623,907.3957463265449,547.62774300596016,158.12012488256536,466.07452107845114,818.248633691853,656.29351555900143,258.18365314794198,866.01132818743702,903.66196710579572,83.227933998113372,513.78496164237663,636.7432763155764,142.81568872686722,754.61974889520138,928.2675439615042,530.9860450823619,801.52930338379895,503.73936832376222,279.10333286468529,821.99179460305231,306.52188148032508,633.66043080832799,31.08872113088421,799.39913123302495,281.38259432994204,87.624488866530712,147.21758449141015,739.49876223597664,680.18514539288958,389.10118756716224,28.662722748654531,487.79762723251042,839.82425665890764,473.800757111282,751.37535679018322,19.940495109225878,866.99734392973198,673.50958927782199,413.27214109782062,717.77893496374747,562.84110158494548,342.96985695123271,43.912150415466655,-30.955683192267525,-39.449583867020237,20.283442126404676,-78.059141935606533,43.01674600814701,9.8082814734602835,-73.916128620679117,55.750225387728676,29.497742092166536,-77.178916597986358,55.185707853126232,2.6570353795745119,-44.080132676759305,20.374039037263344,1.0613390738019142,-63.317562094296619,-10.488308013106062,64.894896199348935,63.277568154486325,33.897853217373253,-49.181766624810834,-43.159669544928697,-83.4581446636561,-27.084233594152813,56.26673180133723,13.221867060631574,-27.097580785144785,35.987491003537073,-23.390479960594508,-16.900327936114344,-8.7148671357104366,59.914121946592402,73.155561778531691,-32.278362866351429,4.1366241847149947,-12.664231666905685,53.886518246125526,83.598169810608226,-18.373930144105227,-62.297617101033516,74.849523579410487,46.225500587612913,5.887419103851272,-7.8951191182837448,-26.638718572212401,-59.678081478562149,-0.12105113670368006,15.632898978559943,-9.6156000236449657,14.510945224371788,-8.3138198428794148,60.8988875505609,33.555052162828432,-79.857540590057525,-1.2264604038307851,22.253500308007968,76.15992671357138,62.93966918278673,52.476917652446105,-78.009649438913641,59.869590283345438,-33.868160110726883,-43.252788281647128,2.3257910146535683,66.02619147388674,-68.216297197299014,41.628307568955435,36.607974832275872,-68.587475722159567,-60.544391927289688,54.345133296004683,34.261865195369651,-22.472412787073992,-84.039104743430215,-17.667577025022045,-9.6779516984494922,-37.19804761513754,33.202596328982594,83.810916622197027,2.0261202995155596,29.736832635711988,85,-1.7586666112392013,46.799086581838935,37.270004628547902,-67.739291443594055,-26.419160600876602,70.640634666801233,-31.981528437803181,-70.013912997363676,-4.3905062148443603,-61.333561202873668,31.790674058824933,49.555875066765978,63.867470773924701,-78.280918652251685,36.992136907264829,-10.24239548983422,38.368739849803951,48.86382153306635
48300,-64900,2.0170069588597657,272.77011816240412,223.30311210946718,639.56399406246408,81.799413670338794,760.56973823879389,131.79717128224033,821.91613184844141,131.5402883117232,381.51143171814675,615.07354567422828,114.26429082896067,128.54911480353073,46.237934660488463,260.73276396708297,96.253856932308125,520.27182719138875,710.48013371221543,46.303611857247574,386.80973819703911,798.44294484279033,323.30036478385523,936.3484235914076,557.75549918329932,249.68451819336522,846.79086990468215,972.9849969237996,114.56096361990888,856.3402008472284,220.84248783946009,123.91899764958839,220.3472807708732,213.57234722114023,128.91572515391184,881.26816806749514,813.75901457016494,536.98343002047159,192.6057425977682,419.80711997992438,461.58965444754557,124.17228593195853,821.74843455220207,671.85469845362286,388.48076186574269,403.14856305222099,584.57566959942289,276.66451938399058,205.16059198517507,79.316277383832116,164.95430333760672,53.868565464170899,760.63801035039739,268.54009867306377,196.15770762620232,614.33780574841012,878.7831544469484,580.6169629552777,214.13676286330715,72.879330912056176,1000,273.63105716786413,413.51438526587924,690.80733699794882,698.9305517910127,372.90785131828591,79.679176450261352,903.75152241275839,79.048646552326886,445.63529576704394,633.7400278281026,162.46938609751356,0.98252740675053474,917.48878993811252,530.92679333820558,830.46611162104421,572.21593879680131,285.30275506408549,802.9104474073971,179.60237604403383,759.94762074850212,40.652942725358599,832.808924542049,55.302825862178466,498.12728424331993,114.007830210436,770.10733673929485,630.04608836551131,414.96006189524508,749.40095025278345,480.13354510655978,389.50675399130728,460.79201793161428,724.10620733450639,782.33881744791393,357.13870170285287,680.60204482293466,452.65287672107956,719.65468726791903,561.96648362994313,194.68272974445034,181.74203210616159,-30.951084872113743,-38.902859786228632,31.248232819843071,-33.646939560203691,42.178299108275077,-68.746305507795398,-72.259697171864076,-12.399808581728173,28.167650451652214,-75.496192186131168,56.228424907969298,73.053934772274985,-45.390452970943691,18.19536345951969,-50.309324534627137,-4.34189116716394,-10.648916208625009,64.740842272732067,70.860227824174487,-10.292854049874563,-50.48349998957854,-44.625906687378404,-72.075805791965763,-58.707661603884034,28.087198380182784,-69.618851439511658,-25.643132684848592,42.908806162345513,36.032474918472104,-17.116409819399212,-0.45106225592975191,-13.405442209284288,74.868710369669031,65.867987151305257,7.6281884580274948,-21.100197870614227,29.199814914811903,84.48061543060544,85,-61.591496663121369,-77.988372969052079,-8.3012388123454102,5.088719473066261,-4.851438690081082,-24.688840210145987,-9.331044374241106,55.44552963214938,22.112281951918149,-13.588982105065927,16.89715673010566,-7.0248055981315556,61.867975995602734,35.693239169860881,15.694995243324001,-3.3674310646763175,16.020939412064479,-27.2077535088033,59.22828871583269,52.290834382767187,-81.13540276730923,-19.362088855239715,-61.898138604741767,-52.20290778722881,-35.644382888509853,-69.850024080224259,-66.98359423765848,-22.842536899766852,35.13313487369421,-69.017130798655728,-0.57129159894899573,62.43313188495884,-70.577939365136245,-12.118355520903251,-81.968404700605035,-17.249548479107236,-7.7519932404718279,-34.238159949499078,-1.6960844550736756,78.685155005499041,-1.0801651971970827,31.415629037283356,27.932265417732545,-1.5889997182969076,49.634964745289572,39.104900264827606,-34.789012572629161,-27.266713066547876,70.66997630578264,-32.531365840283264,-74.830283511117244,-4.3309900216381578,-68.39743777633943,-9.7900890376288672,49.535425544688863,77.624052717576518,-81.705111601969563,36.99481505744766,-46.358642655382035,-28.526817704056292,45.177854449462437
