f0,f1,g0,g1,g2,g3,g4,g5,g6,g7,g8,g9,g10,g11,g12,g13,g14,g15,g16,g17,g18,g19,g20,g21,g22,g23,g24,g25,g26,g27,g28,g29,g30,g31,g32,g33,g34,g35,g36,g37,g38,g39,g40,g41,g42,g43,g44,g45,g46,g47,g48,g49,g50,g51,g52,g53,g54,g55,g56,g57,g58,g59,g60,g61,g62,g63,g64,g65,g66,g67,g68,g69,g70,g71,g72,g73,g74,g75,g76,g77,g78,g79,g80,g81,g82,g83,g84,g85,g86,g87,g88,g89,g90,g91,g92,g93,g94,g95,g96,g97,g98,g99,g100,g101,g102,g103,g104,g105,g106,g107,g108,g109,g110,g111,g112,g113,g114,g115,g116,g117,g118,g119,g120,g121,g122,g123,g124,g125,g126,g127,g128,g129,g130,g131,g132,g133,g134,g135,g136,g137,g138,g139,g140,g141,g142,g143,g144,g145,g146,g147,g148,g149,g150,g151,g152,g153,g154,g155,g156,g157,g158,g159,g160,g161,g162,g163,g164,g165,g166,g167,g168,g169,g170,g171,g172,g173,g174,g175,g176,g177,g178,g179,g180,g181,g182,g183,g184,g185,g186,g187,g188,g189,g190,g191,g192,g193,g194,g195,g196,g197,g198,g199,g200
56300,-68500,2.0039808045570919,239.44451654329276,3.1179869775279059,219.79101654204342,51.537654506966931,255.11702295173424,120.16188060921388,554.51112306656012,334.3583310200753,458.72887853721625,604.44890600695339,98.012904760290837,273.56016612614462,324.03474529364121,63.418602763591082,84.475005763146143,516.77675683745349,725.91206910288963,574.42919326872834,396.95439560642797,829.93543249427285,108.17805377801568,923.01486173030776,567.9221773962505,258.64408705060828,847.56345014874626,667.22410950191477,444.27598738356824,967.42111887009992,196.02329835209787,934.00852495767742,637.29915458899029,228.53614046141931,877.3172051012881,349.95648523859933,818.16053111857707,968.75153783539474,388.80299860462242,403.28436247640087,454.56420061618775,46.901556086110467,455.0673730478515,277.96971341386609,381.49098561492156,389.48662542413433,597.8551285534104,274.54580507383201,210.63347670301104,185.17715960726866,153.71277268166858,572.25034178025317,37.714489241544271,217.55470155373942,188.54709204228021,634.92132548971347,639.64575688379966,349.10622038067356,480.85371119869239,907.44421741647739,520.68513329127518,158.46419964332867,716.75144307415735,696.72034340418486,49.733975016487989,486.98570765741545,846.57085481473655,819.23942506134836,935.39023231333351,528.95729941079048,641.29324308002788,182.4386535646596,723.13427262112862,939.36894040062737,525.64883542506527,815.66413907188485,545.0225232292695,617.9900841807488,821.99271192800211,171.75575891962299,629.41709740509918,595.69471246200192,799.58282000318798,807.14933287512918,81.817576629987101,146.44488576868491,754.88033868092521,672.34083450627566,379.08247786384823,45.383180536062753,488.13644627960565,833.00713116240752,466.89698103850168,779.24657388055596,9.1351121668481312,356.75674950782707,662.93044388572253,411.76100183626943,717.86334822043682,566.82056700735291,195.34235993382291,196.21850318345255,-30.988745442970259,-52.715934789762279,21.798068457698818,-34.068425403836201,42.931623389873224,10.475185052695,-74.059286142168389,-17.040968514994262,28.829208324169109,-74.963422712403101,58.289711670229792,5.6530829522620891,-44.081709196887061,20.529330201565312,-48.300416122018149,-4.6486113375745486,-10.466421996399999,71.585169640700414,73.638885771207924,-73.265886271762326,73.701886416886381,-41.798251839524212,-84.52341510753034,-27.635973625426523,30.295695673566254,-76.536660099350243,-26.632695892928783,-33.617115927476476,-21.260956008567554,-17.241255161795586,-2.6442530253242551,48.150654252890547,77.017633471740211,-28.381435638362376,4.9730329127517381,-17.340119362449858,53.623134988855789,83.158116609442416,-13.334697181302293,-61.634638951014963,-42.479675881325463,46.352447338901719,5.9355476933470825,-6.3825758071556118,-25.924685894980239,-5.6361115252418239,-0.33333683552509408,24.781289784441778,-10.405766591343543,15.51262310649137,-6.453832530986336,60.872374695853907,34.796670675785677,-76.80767084918422,-0.57996850328622651,21.226050740609168,74.9352344565268,-25.013624583801239,52.497507318117471,65.406940711680221,59.897236554938331,-10.45546279472676,-52.316762526861922,2.2112183474259837,60.123293839030168,66.413082390091674,39.224677025597607,38.182833146890019,-68.632693563415614,-61.772074550359989,53.213422991603821,-72.883485904806705,-15.40278501767029,-84.643209001822029,3.7344724519495127,-7.6319904115164023,-37.181941539893103,33.873753728475158,82.205876833284634,-0.80307046291851947,29.943625568846112,81.652651689378786,-2.3641722298145922,48.062493749196243,39.737163163642485,-72.823557680814446,-22.330990932005363,20.104701063700194,-28.910966057728796,-68.226244431698689,-6.8340998527657044,-61.753104646540542,31.658344012691991,48.896924454054982,70.440515346162428,-79.503829836230167,36.986188426219371,-47.589125424302324,29.574091163305113,48.847961532247815
56700,-68600,2.0055882929751028,231.89274953042997,4.0964699728391381,302.41517068307098,59.556842891092401,263.59766518618619,106.32387884674608,548.37334909514993,328.72995344222994,375.86844938812692,603.18348389232131,108.60810722955557,374.17113925504492,40.869197238447079,282.52692225202151,84.673686034278973,574.41271457218409,516.47171690330151,67.600676998428767,390.03843102627627,827.72610166063748,510.17358926275381,919.58595954683506,581.66900220685523,262.02678902488486,845.42766566005798,162.67649235024066,407.14509449888629,382.26746977789355,861.51160370198659,128.565319970818,394.75469768771995,834.55455289313318,873.69950490679275,861.51033180163722,827.28028552180638,539.17254753335453,391.24312680001196,486.46558133441238,458.74223826839989,501.75481536157668,805.97692706816076,270.9830525579257,654.38798899712515,387.39172258061222,595.27749100925405,394.9595216950031,181.43817364555636,324.48675214331274,169.52082110016971,212.90612912839123,34.466478627065896,805.08045803706909,189.41923554505331,659.01356066634287,874.79228408537824,661.78464916413679,415.92185141536896,47.8772091325215,965.88383215237593,639.13672091931596,436.50923762140621,7.9560161108414666,678.6644184609861,262.07414720563213,806.27144926380049,910.0438249360044,964.03200917602055,532.46951897140536,640.09950312916033,163.70062840275349,718.57746793391959,539.21744383427631,530.85285145228022,831.70143031133352,522.79484058315177,275.70305637587091,822.1942193708951,171.11188873100642,638.27532304531144,65.274698041837212,796.39066334510198,302.27406288624661,283.16565613107736,151.34566909518429,842.06561664847993,681.46561995051252,378.86198841677327,753.34218671117856,457.87088908481405,452.09423450944246,456.13588411933495,722.99400657518743,29.324036259503941,891.10468098072317,809.62620734372661,412.31515443337781,717.27449480436439,579.15180108185064,340.23626097917918,52.688640099166356,-31.083235662735799,-54.943106420680991,19.824428754483634,-33.670852802079885,50.143893092165641,-64.594347466901581,-75.320416900824881,-55.846257535428904,-31.684683470116447,15.779320899921537,-81.182982050227878,6.7858313336348264,-43.515825858598326,21.557005560430447,-51.274389976886944,-6.2322311078528472,-13.311153514804481,67.584355880672874,73.829864843766856,1.5118396910913283,74.059901537561771,11.406029145062252,-77.954858516854799,-26.091436165639895,31.083107114708586,1.6025742390730784,-22.552670070528855,-31.65665580062501,-52.796919662399546,-17.070506504573515,0.69354953892062365,-9.3621521381667314,77.043155981808056,10.947914656482979,3.0073786689668021,-20.957382878265307,22.728311296941712,82.072956304408706,84.495505081236871,-61.695089443522427,-47.877531300037795,46.478037418250068,4.9638161948462303,-8.9880683226769218,-25.683589708323638,-69.778099602361436,-6.3642128165512517,24.668781238298983,-14.61328034012066,18.919208091992157,-6.3697430441721279,61.260643409159094,36.011227013173794,-79.957868406447929,9.8784606719301475,16.200526114337919,-21.757571460218358,27.857909177900364,52.382167499205011,-83.763388135656854,60.225522633845515,-12.473786899369616,-49.611379372948079,1.618943346775179,-78.133608203016337,-32.468177447523701,76.044918017463402,39.534060855373042,-68.618621064568401,-63.648061293593585,-10.725554359366058,-72.279435896106676,-20.846166780829556,-84.879364223990919,-18.41607381844107,-8.7539578847734933,-34.298452833776921,-4.1606714056554948,84.072146572905666,51.266106633904691,31.546056499020597,75.777488714573522,-29.75357861846901,-52.297007230894309,39.715895367540561,-35.000206573004007,-27.271847657957977,69.459784875963521,-48.017324915841257,-72.303757364007666,-4.7948244817287105,-62.236117687753378,30.305580096621739,48.856642518907904,79.79661104092726,-80.525694789535223,37.036402403412104,73.842932980707332,27.779915457140284,-80.524325806601439
11800,-61900,2.0034000892157904,1000,9.600249454858103,340.75786423523789,76.435898415839915,268.38173730089215,105.81379982673252,787.23831078042099,338.57173023797822,382.88044930604769,608.1000082794277,97.710750428263225,302.83898692597842,5.9010836336171621,68.966755496583971,83.924364925391671,986.95561423827667,565.90303458815083,70.276970602860445,389.17404545091961,53.587509029793637,527.66247287906845,912.08188772334256,582.45097059803209,273.6623878235892,863.61783919444292,999.09367856679057,445.86146177227198,853.429757432153,687.1414804459705,905.71233070113635,416.0474633259621,20.804014006224463,958.19505130915809,572.1243232743409,553.4093419617069,545.51846250858353,922.47645766360029,491.58719962219038,414.07804306517687,665.99413036581188,888.18208636420911,261.47970605639051,762.4786634430294,375.15631851071572,596.82947480394876,402.71047564338522,182.09723137696122,327.24971228046365,390.17496576181742,70.442724643589372,47.668386200831847,817.62446142712542,193.37986916830047,661.00208741914298,628.22464816840159,649.59264038661263,192.37153662507828,376.28614984847565,952.19382980510932,250.57307665402925,405.82711330041377,11.405298240838579,643.22587960391104,474.32606693671596,164.22126246608161,628.36857899701863,899.60534434947533,488.02308274182866,648.58587863535001,137.47318914667377,734.40726981704313,943.96652082143078,530.0159068660131,810.01006004286921,552.10859177441637,258.26008556296074,821.0268959356531,593.70473593291047,653.13308276539829,543.51972492287609,799.11117196939324,307.56750293489529,699.13334845823022,194.20082056043876,776.3209687356665,631.64518917755822,399.73071014059121,203.43511408933085,479.67739863365739,837.68891597007507,96.894071437286414,749.90856549099499,25.568545860351691,373.00427004747763,664.95697233013209,442.62362873551751,709.15441241885571,577.87527325405165,717.41963920937633,54.710080994617144,-29.341234171102919,-49.139043164952568,-18.983511987773998,-71.962754618890713,49.210446323686774,13.34917159988087,-80.227912829976404,55.001990417483427,-30.093169215674113,-74.346878762449279,63.533880327274687,5.9209653410723737,-43.803177487591455,23.450808804664657,6.46067468615332,-4.2874446273931994,-10.294146730096656,82.371325129040386,75.631369845620426,1.137479149861786,74.593892935488327,13.478172384992373,-79.889874415483689,-54.450571480039137,34.736818163550105,3.7381312882026094,-26.800567308325167,-29.704513026012201,37.287463859388097,-17.084103101609688,0.72552585534040914,60.504250800841618,71.705430402425378,8.6681420177386137,-11.272337175651659,14.33280137270236,-3.3167115162149052,83.12390669475819,80.296005413706496,-61.743580109438888,-49.241384335763463,44.830600647413533,4.6089563435785053,-3.4824751116025565,-48.133206662720163,-4.2268995997823779,53.174167101204546,-66.537374503041889,-7.253773034123185,-17.220353753983034,-6.4381581192417556,59.048723195379523,34.855324059626916,31.318736739566795,13.019942033621776,-35.207354479270386,22.040706131949914,27.906945375898559,52.172634093856324,-78.778926968852147,-28.4983063217026,-75.769720833726126,-54.57227600621718,85,-75.921371872172131,-69.869231925146707,-26.875360374947523,-6.5852051451985041,-68.618621631431239,-59.073344650321815,-12.118876432043706,-37.887312279397122,-15.994296058972381,-84.202426452112093,-15.714721773957573,-15.956583142435644,-35.332297028137397,-3.6969494131573364,81.182806654511253,1.1912404291630132,74.991118302677549,48.228378456943489,-18.393407177548191,-51.445809394222032,38.701920322531969,-30.459674888725065,-41.434766413730642,69.185327652626128,-33.089911767831907,-72.692271775198662,-7.0338155181252633,-64.924645458598192,29.83264589061066,49.485359176133656,72.970323332598525,-80.970538999628047,37.182767302391362,79.384610269319566,30.073864447882514,54.943607363127903
15700,-63800,2.0605623570604301,961.09967498842582,5.0707545652655597,220.70516547759271,362.52396822152605,784.43980048990761,108.23728159683938,763.92664371726471,318.51512146325757,373.2101943239565,604.42739508233137,131.98496933951321,653.29639930013388,309.25557354630814,78.684772196436484,334.19540789443334,496.80777313902036,725.20160772266649,477.64361780848333,393.80875829555544,520.16570507626477,729.57235610680959,908.01740838522755,617.8376516438309,262.07870498521044,870.20861642933983,968.08241659511816,447.07924025101693,892.04177546875258,712.48694755471934,904.58698435916824,372.97897013501762,131.20241396078086,941.13581048022661,550.30800021516438,824.67894120582116,541.50785792612589,599.56039855551671,401.57761370267229,415.57169702060639,55.297073099553415,892.0807529396659,270.29354106277185,655.2005629199806,751.6798692715372,597.61178139249853,277.03033961183934,182.55634591527956,692.822791013808,843.16568714216123,604.83726583251746,34.40796852766303,234.18003369093486,191.89284848912814,623.50832190642404,630.92869956262734,621.25874241558927,231.34122310299134,904.64775325610185,487.59304275498891,268.3810273187247,727.89716033601007,535.2089026285106,647.42367601806859,486.43717465826137,850.07920660142713,651.05985801299448,937.77719264177847,535.2768346425438,136.22797355404026,186.0811619722561,729.85963237412864,595.50381946112827,54.019108543433191,844.72649754490567,204.68549449211869,277.88745698760539,135.04251747240255,174.86063566400856,634.81929576153027,631.79858097424335,849.54864678919307,292.01680753373188,728.83015910392191,199.89856830261377,708.78473335992044,635.53657316519264,418.34791727820863,141.00506740981183,480.14792888302713,840.85825268776784,86.338661495561098,742.5686421383291,874.94756340765309,782.93620623853735,790.74074746611325,833.9554142134923,679.54335273861852,608.11774191885183,187.73046709702814,205.38929785985883,-31.371255352354236,-49.713716082801263,30.38278678529835,-59.60564944891884,43.034344007059694,37.630758371924784,26.884152181742248,53.290191362432154,22.352555346301855,31.050386519122618,-57.567683159828036,6.3686633218068236,-43.311684594831085,84.778498319614243,31.119689652294312,-4.9778839162631616,-11.52293624342262,70.624348341289163,-2.1134786953531304,74.493538477967803,76.09030375324582,-40.78214883502816,45.09467295731028,-25.73346553827783,56.947769586686505,-80.207235694801668,54.021539399189614,38.596270876797512,47.753742858525449,-19.654192971231666,-3.7795523411310334,-13.17576627224987,16.130323412619813,50.202073570616641,5.0273613001221733,8.1522829042531129,29.036308626456226,29.64704330977419,82.167086904719611,-25.813082454105491,-49.358604530387474,44.872909881438659,4.9588880512561238,81.116234388071007,-24.730561539128203,-8.921050683688998,-8.1345627595729741,78.774605861334905,-76.641190348561082,-20.970925588279517,-6.5002641888158985,60.930522616190409,34.500106319250158,-76.211076732159512,13.667408327253366,21.740767976734578,80.596813285800891,28.405136062899778,52.475922878427475,56.77196114394102,56.95745869735871,-13.766229950542808,-54.833713792891331,64.697825036590928,-74.552880586466188,-65.685475041868855,-24.215832845720495,36.862081878046922,-68.971475686158257,-61.963187465242704,51.955729611817119,-71.199508395234488,-68.889519173345377,-84.70106530104745,0.57659651020761715,-7.4961034750706261,-36.419261636012585,15.065534614983481,70.677796205915385,30.900211992424346,31.516023022614004,49.247543590115896,2.480874937504737,-69.892374889118543,36.159878008794436,-82.339697300494024,68.776828566067664,69.972263640690571,-25.01683382064131,-67.519113381521038,-4.4806516185170908,-62.398464594744063,74.729884158912029,49.696289262993282,67.979096688497449,-78.413137548806276,31.168647219607497,-48.160545008271129,28.356156839402423,19.476717863984128
6300,-46400,2.0592438026017517,999.76851807023831,23.772045882402054,679.49093053701279,66.757896234585303,209.39973760182312,153.10323927130909,809.48595991407046,127.53172184432391,496.37850690193915,604.41970784829027,362.53427340828898,273.95442653989227,324.25170727340191,657.82551787392367,79.671998050173343,519.97316032323897,711.85693434538416,581.47477483435898,386.81279387175556,795.69339920822983,548.4070941445035,900.82012516935652,579.64351180808239,262.09348141461345,872.0604471003071,108.69592397933343,106.64457434156154,852.9552826381896,832.28432767413506,75.564585563165906,629.63413042032573,222.61761297370933,125.03080757552976,328.40536963068433,818.77438290137968,992.19909737151511,377.84752934780448,418.42048694980343,460.2782358123597,513.67283149682999,488.99751092777876,674.3625572028144,378.99370172158075,766.60840592189209,598.3425990728731,274.38967869252212,209.59226273946021,114.8777441963893,174.11913388720242,579.80648118580609,42.632032320715808,264.08826300125111,195.90481254951317,627.82109385398257,647.94019890967206,347.24431081704017,491.03697784386134,401.38224743007481,471.69000476495836,296.63381204880955,705.57843086006096,688.37911131375211,24.621167263486541,654.35397063967548,839.03914489895317,911.12768650550549,902.40588233177243,444.01335083755879,778.59491413535341,178.99249605221397,735.69112353352239,24.585213683581799,489.14669648553752,834.28186758724587,553.04688568762197,260.40006384895241,821.79989215622356,311.63787520308699,760.7225395431177,73.604300250035095,800.45933474940364,46.076794645120629,283.65085775930356,138.46013673950529,751.02799039235299,677.43020829004922,384.91201092278948,749.80323047240859,456.94314846605931,833.85232569711138,454.96714229740508,741.58956914731436,13.386453246392875,798.62647482184639,804.86919260381148,409.86405013558607,712.05140406473072,579.04929749138955,192.90286392275132,53.783528224001351,-21.129080946456209,-22.916694915171565,-33.701587047539533,-34.063567126725019,50.344924565015162,-65.030278159057204,22.848062644477952,51.725973196307883,28.834338949909469,-77.367760454814189,-58.144502415065801,62.73076688196204,-14.063171603221612,21.639860651785174,-50.506618129634624,-61.405791403638737,35.767571429847457,64.857802029377538,71.435514779959419,-73.372622992924832,27.041674925737016,9.9350340266527368,-84.86431434759217,-26.647617713762742,28.562558236583829,-79.640251645258303,-26.063053593489602,38.710395394616121,-25.418139902684921,-17.181453756669562,-0.11489329817608818,58.401120946060871,74.935305669010674,-33.859302922143115,-74.712387408678879,-20.234168788788843,29.144746758554192,82.888552104720432,73.559676380194887,-65.70793414853506,-78.162963558655662,-0.83629648325922901,4.9354249071094802,84.078570222840412,-24.815867901680175,-8.7965570609000636,54.90863670097194,23.539228262715291,-12.924001161237758,15.679760033183207,-6.5844606827037939,57.78425222397037,35.143408535587618,-69.501940182606958,-1.7922369717270215,21.003260051660192,-26.608657178020565,-17.750182894848994,52.56087582432199,-82.017361225792285,-17.506825416077554,-40.312979516919057,-49.132858472657333,38.661814158027575,45.508928694844734,-17.746005537137876,41.649225473427457,38.67715151656666,-68.490638700162862,-0.80338208017865043,62.801456648180952,-70.276326080695071,75.598666496923201,-81.975002212947658,5.151329671749771,-7.7748896036141018,-35.636772895900442,-1.9044448772629687,80.253689171360307,32.31278241083622,31.447688439518039,81.680113251402076,-2.0870714610490992,51.289982931115148,39.734035207159145,-36.33143475899449,-27.315305391883083,65.827451413984747,-28.586317248414758,-70.212848441178167,-4.6435012215935672,-70.673083113673002,29.009458862502157,49.543859654264502,82.755510889128118,-81.713640777790332,36.798835149171495,-46.231957725688304,-29.846606090099442,46.478368746709073
13200,-63400,2.0003411032610643,999.4427384827502,4.3706158728475089,220.01896806885358,382.64941152024363,784.21511416125918,134.17900018956632,547.00073002152385,207.21270792834605,375.79666260812047,603.0841643966412,97.626084749082338,289.0359999333337,69.081565730695402,296.83861924694895,79.066590525340075,1000,713.79647710710151,156.66959533317004,145.05913430768939,829.50365554939185,522.96228775621944,912.24030983387854,576.50792294184419,264.451832934305,855.68895097922666,136.81988214623163,446.42272607568651,979.19465598985266,192.18396775195473,899.31946044872188,633.11479229356405,311.0078378985005,973.68157184025426,571.52960328764516,546.04428518506404,549.70898553019435,897.15561461949596,978.39691154782213,138.5912019747372,19.245599497727198,905.15585666782204,250.7208537679083,695.51368495655515,375.43991494283927,596.23156737246029,385.59696750109646,181.61294669966185,68.056499972221445,368.85554210068199,76.242495739246635,7.1777555994475222,272.85966439581722,165.84888509269535,661.39388363008675,341.45703186670158,734.7897548651971,218.28675455245241,834.24188058383163,1000,248.97756590942399,410.88257533740068,87.741925706737845,672.28690353422485,250.13663235593563,219.45594717305286,615.23201185981009,7.2864954870262295,482.69875913303042,640.68734033773319,145.19175308399437,839.73349320017701,561.03201575702781,532.99474081008123,858.56821154380498,153.37791006497338,26.718914562424004,818.95010446398499,172.52376967236626,648.86934188295027,62.467586507012584,829.28967945227896,307.47636135171979,61.065187883217533,167.91033810271651,780.97292006266457,630.6940616147599,378.94945816325435,720.52368446864989,313.45624908033278,341.80042311180705,469.80634968930576,750.09540777133736,30.423451445245107,847.08325021445535,805.69564422011081,441.9200454694423,938.52609716868722,580.52220861209037,205.14343045522259,52.568412977071873,-31.102143671092858,-49.049265159331966,32.428949672222274,-33.97345962225036,49.542360865283889,12.665817711524923,-78.518132903862465,59.266016199425735,35.565543617555335,-68.407353996543222,67.942811767901006,23.94091186532857,-39.389742411555197,22.933149323700963,30.700725983160389,-3.9166326841975057,-11.248208148248436,67.571524800247133,72.76414591243875,68.49621037203076,74.101764899845733,10.805097647874659,-84.882217973296775,-27.982844804363378,30.545819967180972,-78.327840899341993,-25.673264938484632,-35.163780802724382,-54.731088478906557,-17.105068509748616,-3.695050483371932,62.224663632287196,78.706212230924152,52.674955167953343,-11.320979088040962,-21.618027580351193,-3.0382071932534878,82.525288216821778,84.960134860975089,-65.593103242560105,-47.981933072450282,46.561164603612696,4.9035909217152067,-10.635481999427341,-25.696390147162511,-71.352969729775651,-1.3982390228255364,85,-84.92950006039726,-16.382765791572108,-5.7468167073742187,59.233459726757758,35.302802364854841,-75.885375837720431,-1.1316335320292896,-36.767675985552586,21.555271855702156,60.533562179034547,58.321721600501505,56.9445281283827,34.735331239495245,-73.530735363830786,17.374951114601544,77.544632254697746,-71.735680029749972,-64.275980314487555,37.949349347855808,-26.214351235117576,-68.475900164792705,-64.078111249631874,-18.164888235302961,27.877939443056732,7.3539706701504644,-84.818746005819179,-0.25293912135181706,-8.7393086499070058,-34.516673384022326,-3.2936050845977012,67.555122292733586,2.5041998413199287,29.871857885242552,77.382613602056182,82.648009680120964,42.144100753802007,39.035041167782666,-9.4777499580482765,-42.077286624792663,20.223720051706337,-33.254285051810911,-2.4950297827884924,-3.2887759158540524,-63.036508921982097,-7.4564817111381156,49.558633640082896,65.01408452266773,-79.740498058386635,37.173355087297224,-8.496178494782054,30.074360771829422,-77.01177792855502
13400,-63500,2.0607813295215727,1000,4.8684841616625834,335.8135630983673,371.58614516910387,277.87817447254076,108.99003609313286,210.48508095553603,318.75797124058442,375.87621936097622,603.56819901077324,132.41415233354999,301.49882444093794,284.95850008135784,78.576980258625625,82.461401770826043,496.80903054445815,725.09282931109783,482.93762108329861,418.81075169717275,516.83052354160498,353.54899281312146,912.1747223393387,638.19672001648928,265.4480126326539,870.32490207720411,1000,447.07778273716968,973.7734987883415,700.25045240253405,904.81959619018892,610.57062659505004,129.76841641511916,958.89484277932206,550.53010325244247,821.42315149682372,541.24890715937613,606.17559887016409,403.49655913126355,415.56700119804231,19.28347261445758,870.51497218701797,270.18114311142722,655.27592750487372,389.09285915646785,596.86645125714688,276.48284919228513,193.63642752829685,70.771009719118126,874.31145450041731,559.03937973597351,31.498400369346029,866.14351592535559,188.51806726171066,598.72225719878259,884.25408239650483,621.84219110713309,230.9546738120865,906.66068193253159,488.86894925944438,268.38094685551505,403.7675367391505,545.35223578497664,670.94586182124829,486.43792757308847,844.8438147003493,628.22714965620514,86.93659917504749,535.28545153475761,143.42788449724398,185.5483702141297,734.42818152678001,942.63796114955335,33.345089382311755,253.21833339140193,557.10855160952156,290.18742839476789,150.13247855475839,173.71705307877983,635.79626861858821,633.03652196427515,851.4573191775728,308.65013923807487,728.71111529893892,199.94471495781505,710.10961172205191,635.6596496672521,379.83992611835242,536.77128670139746,479.42402246337616,836.94132953188944,86.309151697370154,742.6084638789979,886.98434171588372,353.79454467148446,790.7004775329525,451.09913464677572,679.48420079246455,608.36274815848844,197.47832355770706,53.415889521012602,-31.360185916853588,-49.77839331158863,30.320892281505188,-59.490401878431783,47.891035153379107,5.7681284745424524,31.972676010132687,53.311022211448524,22.191633546430751,-67.61317354411419,-57.138790541684187,5.842694451557171,-43.54365311013315,84.81738699527385,-3.6508301495206634,-4.9292123444819067,-11.536050405932874,70.566497436076247,-38.249021783254193,74.06946243522863,76.230728686478216,-40.580817110582053,45.037666512757895,-27.220391359897185,32.298902800714274,-80.512324126686039,-25.726354631650484,-46.494621873626983,47.841389856234422,-19.594500950750763,-3.7054737081641709,49.592393692006425,15.652521839467617,57.000932884270462,4.428917335955993,-17.868561273212812,23.702517971274101,32.559666717182473,82.145137307106779,-26.167291706818485,-49.271484458493504,44.865315238812201,5.9153084313207902,-11.284547917405135,-25.678887607213337,-6.1476276388575375,-8.1013762841291523,22.404119882780932,-78.600895304886791,-16.67718338012623,-6.7534321184036656,60.960410805096458,35.958817866765564,-77.738191851973085,13.625506104654676,18.116552911337461,21.249001250594517,-30.68822382348943,52.217105546166572,57.76852449285559,-22.559058950759614,-13.350287535088178,13.892612194723917,82.55579505853153,-74.572118947992877,-64.991816902512156,35.143400298761385,36.929404422317873,-68.590260470958029,-35.657282993702793,-6.9426222975078389,26.853254894579635,-70.274257534917979,-83.994465550812791,-15.842773017563831,-6.0281802193612819,-36.510615045114783,14.831019160326218,70.658936978721201,31.293310673666365,29.861841677324147,74.821361366492596,2.4010764719205047,-53.434094551307126,39.089475578871252,-30.640802273760674,66.652089903696506,69.998335828417154,-25.098154442177087,-67.353853948679969,-3.3589999581119145,-62.401210543173569,76.577137867670984,49.695768526056582,67.980101982982902,-72.749195465285553,31.756597547647431,83.428366180816568,28.392036607449217,54.532851265917273
59600,-68800,2.0039832454102213,180.56885370343812,1.5364467856938191,344.58962682900869,60.964996190434398,255.17118889615139,119.67869283806668,556.79533411016757,334.35735173354135,458.39819944853059,602.78078448522808,98.033420148670075,284.92363693886199,324.99983421124637,63.245144100796615,85.460657184664072,516.74908717570895,517.9386381756799,573.71559435348138,88.589538747067678,827.03481918939144,107.83094572802425,923.28434375999154,543.77104424100105,258.64378137261963,846.95747121302009,667.26831762077927,826.25033241749679,23.703186008967805,193.9624181197203,933.98642650288014,637.94602336004789,221.82730676586397,877.41678081827365,350.01280551954943,818.1268654007298,273.26820678131094,941.33996159728804,396.68721162255031,459.09276292493973,46.889195641280381,496.6627936476408,288.7246450302556,385.33128669341693,372.76323999120501,597.8541139341412,275.02599722090275,210.18333079369668,185.16546722017284,154.08144553619181,105.00251784525173,37.792975723288535,198.09920375689074,188.54357769526592,661.21955127074125,635.89914885064695,587.4423970219292,192.72402527991946,921.8245473316839,520.71787326587503,158.40917738301411,716.75042292978628,653.53560886037849,49.778648904010602,666.13574398241246,855.35752620753192,904.43631925241857,91.383467950687077,528.98454671620539,641.21238534293241,182.47499470067208,754.36292567948249,939.30855639219271,523.86058208813449,815.66479544247477,545.09127739549774,23.386847226553243,821.99283373930962,157.18459761049593,632.22584407059344,34.698338708373001,799.57528065882673,310.26858466027511,83.651160880834695,147.80207949332271,754.22725657162084,681.18555259827679,977.14062166198869,38.331951252954973,488.10186934858649,839.81103283563414,466.86015625428684,723.31569374703861,22.715485513277315,386.59434849961485,664.37799497718458,413.05597301426735,717.8629934032241,567.51912908436395,339.51674721107753,197.15887351434904,-30.986973435168984,-54.604473030671969,20.654673059364338,-72.286483749055307,42.981742730605845,9.1953807249354522,-73.913949454536862,-15.016964197215994,-32.746613829749734,-74.973281114730995,53.534644137830135,5.6529946849203672,-44.084741732978159,20.234100417507729,-43.486842667912626,-60.243867614064946,-10.484713320341546,71.586669958871667,68.709279745492552,-73.501620330699964,74.949810280095363,-41.774714374413549,-84.467780232624776,-27.093978504273025,4.0951160623627789,-76.619032296435961,-26.628486098507352,-33.74657215582873,-21.075482502126594,-17.621331598870164,-2.6253194274820513,60.296352660255337,77.018159221703172,55.647900254312361,4.0835185106102188,-13.280342687278415,54.536970458683129,83.159371265985783,-16.284463882109975,-61.632957762820602,71.758146785507449,46.37225160285665,5.8728681946631909,-6.4021456293840444,-26.56851816251352,-5.633666783971746,-0.45017394417010204,20.286594350150779,-10.294876830036932,15.512618455610648,-6.4312045173822945,60.771709657382502,34.798505205234825,-76.755602260476394,-1.1890270717667932,20.682759435686407,74.938524261328141,27.584704141348219,52.001577133891296,66.121152442603588,59.907068395287745,50.415536354703164,12.676940494430035,2.3370893275726559,57.666221102810397,-55.231438988007667,-24.087184235692437,38.019981389201924,-68.63430600468628,-63.174241186204647,54.385119515646146,17.867743974245542,-15.390890396815495,-80.052332093467044,-17.378754945865385,-9.6329612025375173,-36.579783255047161,33.513298412183296,82.20675237837888,31.722946602127124,29.94338443943958,84.976403854106991,-2.7115739195073409,46.812718427174971,38.558341932470114,-72.828274971465021,-22.610730608709144,71.12902903570469,-28.867097304692088,-68.225587719306674,-4.390726644797045,-61.98074872236414,31.878013677902771,48.898740077997317,65.409619757531658,-80.219171028608557,36.992847019565993,-47.45465197125592,38.192791812769791,48.847717296854903
15800,-63900,2.0608695778467792,958.32194774854986,4.8421741423339233,342.07462629485462,371.69721466060855,281.43979491765856,108.85786266333328,210.12198147170824,319.16256369577741,376.7467298957846,602.69366676582661,132.26300375999296,301.46973006067822,286.80577433366363,74.280536960177685,81.940843123793002,492.29073330118655,516.89337247918206,65.50976089886845,94.287147999204279,826.36187310334583,322.82549703852061,912.11549308127348,631.14991100166696,267.00356789378316,870.45094049400916,617.08421979232901,440.54297408852631,965.30238482948744,699.84099105981579,905.1168713427578,611.57967501793541,128.91149911486184,874.01043221450038,549.74598524641306,821.4485799496149,529.22201337177887,628.2746929446522,382.84738546529201,417.05726051223019,465.56735332640869,817.90662997307493,269.73738869667409,654.9834472200962,372.57041784401201,596.87830632021894,276.56756887833279,201.71107939605491,70.080290064384826,168.41466105993476,229.18498037360925,31.535531741099561,846.99210084626884,188.51796971640559,656.15389320406609,884.25033080244509,581.06252886692403,187.60946798586369,904.64530577858739,489.14333568816346,277.89761883240578,403.77224938834593,545.46980261036913,138.06031645833019,490.48396664526246,854.72556837386776,598.51909635026448,84.754311918104491,535.21686568754217,124.919032341579,183.17153138495863,22.634455294018323,950.86063668188615,31.835290165259835,822.53188958542819,171.72026940193871,301.96592535756628,800.48792987920376,163.31170919419247,635.78180942634026,41.942388837379781,800.23248212936016,310.29813127921653,169.13833502204105,172.82577830055709,712.0900336715074,636.49394392892611,958.85098136837235,58.555708322859232,481.24132349208406,840.0690717320831,96.111166105555782,724.20412413174313,892.82829340346734,355.09902707895338,667.35553255065076,462.20427236888958,679.23924638097651,566.18283992343686,204.48128791511942,199.18434174085013,-31.361049712741515,-50.157686298089942,30.194626270706298,-58.080848274878775,47.876999698810593,10.225553670434442,30.873495745509498,-13.341667091161355,-33.219988420645223,-74.844541497894326,59.385918143074377,5.8497001608570534,-43.526312310262895,85,-1.7199811465475356,-6.0757311494865434,-10.131120945079365,70.489737575779131,-31.251956257475424,76.873415951592264,76.69743873135593,-40.57313228862153,45.058545581731373,-27.406159282283085,33.399099568714547,-80.167624368887019,-25.740515274444526,-46.55379417735022,47.816901767560758,-17.638800384305487,-3.6578580342569316,49.58618126963794,76.006499085356552,53.051518021689098,3.9757620484624665,-17.840274604795898,23.784845491835458,35.051776059636779,82.430416535657272,-60.694860003837931,71.74784844293427,44.732707377669271,5.8962067292934881,-11.230006800032969,-46.68263592735579,-5.6894135087644742,-8.0997055140192966,26.32144222098502,-16.298102563136016,15.378618135253598,-6.7623991104238241,60.976605830293046,35.957517846149287,-79.438444319695918,-1.3789188852637508,16.390806273565293,21.087463767353025,-29.386411489977096,34.4716460591969,57.978006517185534,-22.438863441563999,-13.345018568967765,-53.366997727030537,-22.091481608664932,-71.433103767746729,-65.012697361777555,-21.782817007378554,37.003959510067709,-68.586270296509269,-61.804464226574559,-6.6344246126050521,27.843309641223854,-68.745184559196787,-83.978193947602321,-17.915421511068725,-6.0116574191624128,-37.19887055115106,14.844173957248664,70.700881385987913,-2.2409530965941631,29.880208423165598,9.3280488925667022,-29.957072091617817,-53.512027874925742,39.081940590337638,11.269929589880189,-43.340287209760213,66.029159600765738,-25.095624593496961,17.354346599351715,0.62726641825984331,21.624579225427496,81.392004417499692,48.877887894175785,-59.521970755435859,-72.170312654032074,36.978145244243819,83.33050479867174,28.635477682534493,49.148923910621832
65500,-69500,2.0214836592474352,77.115453087168135,1.9975255747468594,301.53107133316553,48.292224493486046,142.80988203537055,134.67436804266313,827.502328306457,108.10504215808879,479.45407925796701,602.78652408846426,389.3726537210739,124.75385573453123,30.168280860720415,71.561655218427745,342.60456753530781,551.64710728722832,718.39701570163106,153.60808523981277,395.29312061555862,829.64018350432627,329.30555486542391,923.95020931661236,565.68864342315919,270.56131617543753,845.30324442857932,667.61089999091701,460.34727157720999,26.634363418676116,250.97055970735019,126.21788419319063,641.32228961621331,14.533989676830441,983.52561690194727,578.73034495239267,814.18590549189457,251.85097113925301,966.54721033569922,455.772474040796,401.77197872274377,490.95830344494993,813.33482913817454,270.85956898655121,618.3178452816577,407.40893485959856,593.77469768804826,270.61966827330741,375.40729819633987,329.86683462211852,172.24698101100773,559.70077084872332,49.996977878349895,842.14036279822813,188.44041465413284,660.57594071918209,658.83698871740307,341.05613290600292,205.77216365138702,355.95023952935475,499.44318949000581,275.31265557519237,404.43701317510522,15.366224283620795,647.40701749472294,374.08445431132111,875.36168106397713,905.18352354486774,540.63193631937315,487.58556534427589,636.83105804495017,140.17676505456404,726.77912847357425,919.40190968378147,533.24747779918687,248.40888572648049,155.77694515413361,277.77214340692933,818.57513495278999,170.99877611652141,763.70149879191672,573.95979482742814,799.31814749238595,305.97401743027069,499.37652621526109,153.7726213323364,739.43947164096892,671.75577924868139,387.76103767352009,28.014539233950522,459.00250072729852,839.74389663053546,100.71547088966867,749.99040725240548,362.53940669499957,795.3577702570517,663.18838990327026,461.94899598384308,722.34117093410725,580.03377262422703,195.05323998840026,186.65106673683678,-30.240130041264152,-39.700057314437281,23.734140302749619,-34.3844600358861,42.325441714588408,-70.850318312182409,-81.470633888859169,-14.592326962262131,-28.783480664334025,-74.864470198127307,53.223082065163872,5.9106127773192316,-43.819921570569633,16.752109784789692,0.66152151980400364,-4.4246526464528095,-10.30059123525351,66.047296672492052,-31.853005048605741,1.2001229198253398,75.993026786137989,-41.253972788650181,-83.446024541226507,-58.678075462222502,2.2270644750405317,-69.357266712891018,-26.840498749303663,-20.549758802557861,37.415948759258001,-16.878004325856804,-9.0373964737360293,59.858836602393339,77.005883354779783,-28.578493274569158,4.4080393376697913,-17.424607758662727,28.401664000989637,83.566923850458281,-22.00006485401412,-62.261458910171079,-49.381075519823796,46.236715677974949,9.441069987671094,-8.8558107520245084,-24.763327621635487,-53.633604716273979,-8.0080392233324655,26.838084119684893,-18.480152338070734,14.478099445031559,-7.5469261323342742,60.899724936244695,35.265957667122876,25.153663553037095,-0.75018259713122526,16.984376493330103,77.204520474213851,59.860551493700683,52.494371952250525,-79.326916846877339,64.183594989584989,-33.916077249329803,-52.933097869933604,82.00137913676339,-65.421325107600836,-69.992258453025897,39.935388240448958,-9.944535979950258,-68.584486059280792,-9.6503847257743942,54.33858429133457,-71.940640775111817,-15.283211104836116,-84.107326351722378,-0.050604261145336338,-11.459872816222404,-37.199190515571431,-4.3079009977327019,70.064506698384605,0.64670445876807492,29.877178067261919,47.211211851233777,-30.749126157368302,47.439338055538357,39.145139395750782,-7.3273766005636762,-26.338678000653196,34.490692585848386,-32.495226773785923,-70.147967912119455,-4.3658889260530023,-63.321514722947093,80.849599816443799,49.550990273924718,-58.059627916999617,-80.495348216016339,37.022046102043504,-10.600627135446139,29.381196101201539,49.336888298578835
15700,-63800,2.0605623570604301,961.09967498842582,5.0707545652655597,220.70516547759271,362.52396822152605,784.43980048990761,108.23728159683938,763.92664371726471,318.51512146325757,373.2101943239565,604.42739508233137,131.98496933951321,653.29639930013388,309.25557354630814,78.684772196436484,334.19540789443334,496.80777313902036,725.20160772266649,477.64361780848333,393.80875829555544,520.16570507626477,729.57235610680959,908.01740838522755,617.8376516438309,262.07870498521044,870.20861642933983,968.08241659511816,447.07924025101693,892.04177546875258,712.48694755471934,904.58698435916824,372.97897013501762,131.20241396078086,941.13581048022661,550.30800021516438,824.67894120582116,541.50785792612589,599.56039855551671,401.57761370267229,415.57169702060639,55.297073099553415,892.0807529396659,270.29354106277185,655.2005629199806,751.6798692715372,597.61178139249853,277.03033961183934,182.55634591527956,692.822791013808,843.16568714216123,604.83726583251746,34.40796852766303,234.18003369093486,168.76983189831142,623.50832190642404,630.92869956262734,621.25874241558927,231.34122310299134,904.64775325610185,487.59304275498891,268.3810273187247,727.89716033601007,535.2089026285106,647.42367601806859,486.43717465826137,850.07920660142713,651.05985801299448,937.77719264177847,535.2768346425438,136.22797355404026,186.0811619722561,729.85963237412864,595.50381946112827,54.019108543433191,844.72649754490567,204.68549449211869,277.88745698760539,135.04251747240255,174.86063566400856,634.81929576153027,631.79858097424335,849.54864678919307,292.01680753373188,728.83015910392191,199.89856830261377,708.78473335992044,635.53657316519264,418.34791727820863,141.00506740981183,480.14792888302713,840.85825268776784,86.338661495561098,742.5686421383291,874.94756340765309,782.93620623853735,790.74074746611325,833.9554142134923,679.54335273861852,608.11774191885183,187.73046709702814,205.38929785985883,-31.371255352354236,-49.713716082801263,30.38278678529835,-59.60564944891884,43.034344007059694,37.630758371924784,26.884152181742248,53.290191362432154,22.352555346301855,31.050386519122618,-57.567683159828036,6.3686633218068236,-43.311684594831085,84.778498319614243,31.119689652294312,-4.9778839162631616,-11.52293624342262,70.624348341289163,-2.1134786953531304,74.493538477967803,76.09030375324582,-40.78214883502816,45.09467295731028,-25.73346553827783,56.947769586686505,-80.207235694801668,54.021539399189614,38.596270876797512,47.753742858525449,-19.654192971231666,-3.7795523411310334,-13.17576627224987,16.130323412619813,50.202073570616641,5.0273613001221733,-2.8351887202618915,29.036308626456226,29.64704330977419,82.167086904719611,-25.813082454105491,-49.358604530387474,44.872909881438659,4.9588880512561238,81.116234388071007,-24.730561539128203,-8.921050683688998,-8.1345627595729741,78.774605861334905,-76.641190348561082,-20.970925588279517,-6.5002641888158985,60.930522616190409,34.500106319250158,-76.211076732159512,13.667408327253366,21.740767976734578,80.596813285800891,28.405136062899778,52.475922878427475,56.77196114394102,56.95745869735871,-13.766229950542808,-54.833713792891331,64.697825036590928,-74.552880586466188,-65.685475041868855,-24.215832845720495,36.862081878046922,-68.971475686158257,-61.963187465242704,51.955729611817119,-71.199508395234488,-68.889519173345377,-84.70106530104745,0.57659651020761715,-7.4961034750706261,-36.419261636012585,15.065534614983481,70.677796205915385,30.900211992424346,31.516023022614004,49.247543590115896,2.480874937504737,-69.892374889118543,36.159878008794436,-82.339697300494024,68.776828566067664,69.972263640690571,-25.01683382064131,-67.519113381521038,-4.4806516185170908,-62.398464594744063,74.729884158912029,49.696289262993282,67.979096688497449,-78.413137548806276,31.168647219607497,-48.160545008271129,28.356156839402423,19.476717863984128
4000,-45000,2.0349412559955433,948.06884798831686,219.37489640127197,249.44346304201974,358.39915287270799,807.09197129830829,130.12493742331105,814.68660891551895,332.53488211150136,370.14960019533044,616.76079619050483,354.64701295834863,273.9257130127047,323.67600411448143,617.34628030818033,79.63824269338761,519.97324272011872,727.89045473105443,623.22501079736605,391.14035396394092,797.37865949779075,113.73706832896605,358.17395935655242,579.62486321933818,262.08159153416631,764.13475011376568,693.10200494852893,79.135625450406437,855.95121395957028,243.86405788267132,72.909788893790704,631.08762237350095,51.484270365268927,130.01814334004541,326.24587739131334,818.71284907586687,562.15726313925927,385.02097956930135,346.20367121674866,460.27776847842495,512.30324664018804,488.52080680613142,674.34644352888233,390.73337422954603,382.89136003984873,596.59475179622666,274.20264894775687,210.02111431889421,114.69049440560212,152.95276991126369,92.539974749502278,44.426152190575664,264.54017460563472,196.63966229845229,626.60748413135002,640.11209630626081,351.26174723608949,491.31827430358356,323.43243884073661,856.90933924058834,287.0441713191301,705.4661828310301,701.29585337412857,55.890594157636279,649.4195984677026,802.31595331551398,822.36083847092846,899.95647651025502,444.42554635196677,787.42542855622037,178.75960690611993,735.7068448396177,27.142734038574815,489.15969062907715,834.24915350825086,553.04945309525351,259.35627632764727,833.06203456417109,674.10574616365693,759.55783254760274,72.69035774411779,800.46460818998287,43.560695183859536,284.17085797171052,135.98944646172285,277.0407976341362,679.73836172048891,384.72974508482321,760.49726651050878,179.09976744738853,448.34244801982959,454.89330708776527,741.84736998467224,13.4487231724015,799.68181682263366,804.88152638250642,118.15017350582073,712.05210710700669,886.9249775472872,189.36585733391951,55.281097815267891,-21.383638744599107,-23.243459571224435,-33.695582387564919,-34.064350859107613,50.243862595120078,-58.856790144468029,23.502822121014162,51.730674981496357,28.834113966519919,-79.58541237251859,68.443958326747506,62.219877617017417,-14.310981479525182,21.65530931338369,-71.907156295417082,-62.041437789046526,36.713334084249126,64.844746346055032,71.838039325102756,-73.729593743678691,26.007557802081603,9.7907378699890373,-84.864310068496266,-26.638968271002213,28.583379728981622,-79.713596085894324,-26.200096595276481,38.705599003120923,-21.490184325480779,-17.176300897128002,-0.11490178649945687,58.39866588091752,72.115754189588998,50.79827658316777,-74.70951682446767,-19.477840757494434,28.835882904530621,83.301677061818893,74.015986107686089,-65.695890373375732,-73.774481107820876,-0.26796597689873991,5.8424272456709687,85,-27.448901951983455,-8.954121793500736,-2.1664513050339735,22.290023671124615,-82.364277006231077,-27.494243104978725,-6.4285555352828059,57.79893752998543,34.742633055113856,-69.519104559072431,-82.993849945105922,20.101685383679886,24.418579735852269,-17.910220880994757,52.432044968595747,-77.619467066233113,-17.995951890798921,58.199230761952492,-48.737592015768861,38.344594659956904,45.532549356265385,63.05732021665294,-21.144096189303102,38.67286334210899,-68.505539484042615,-61.110394486257924,63.379935712864508,26.149656770593779,75.681413517946979,-81.995578404803254,-14.151587971529622,-8.5953567276753979,-36.289350465838126,-56.521632300855799,81.220419962734596,31.977761359572284,24.687796791751015,2.109854396694125,-3.4223472659156013,51.199226929709027,39.695737347167075,-37.615145241172698,-27.117587048817846,25.528288020370926,-28.587475080113272,43.528351654794939,-4.6697779090773013,-69.942691672120176,30.598425161199451,51.303682385350363,58.372040627806271,-79.546137671734897,36.779839775798258,-46.050295292107045,-30.117500296262968,46.515426157880981
12800,-63200,2.0610024032340561,998.92204286684648,10.103139878599549,299.33083926735782,51.032623004624142,193.1513795324006,107.52777849402305,522.96641388424939,318.34911420094858,371.89728493154797,605.25107912334818,134.35265954692065,657.66621294310926,319.39205053450894,68.444322933936846,83.549826496477323,496.21563161352833,516.96411663907259,500.7379276232424,395.43882870356401,506.44982808788563,724.02805919505533,928.64169173004848,213.03271990715828,262.5428061874249,844.89445752894812,972.45876485779854,414.10967692466181,904.11092028004873,702.37216901970646,695.4340420120227,629.29073761088171,27.052567689971383,386.87671854754439,575.72791406564534,813.48872976066934,514.24598926781573,589.41005575907764,463.6415595888235,413.07874542204559,492.0764723998214,891.41861365208626,254.68291117571036,621.82756968502088,747.59189664355199,597.71751036256831,274.61117714480378,388.359707855343,726.29068566137562,139.69436855851723,603.84394602442728,20.016968595028402,246.07528776566187,188.46664850420819,351.00653197554459,360.09480018483657,578.81834155773049,224.3125090239291,952.77454020613391,489.96671991945357,264.90677253147362,143.50325413398048,36.920626812521988,856.23615101392136,374.19583443147593,849.6215260085005,891.6037848087883,52.415010280699619,516.78088387517664,124.32701086041033,143.19407149725635,758.28082421388081,586.69706490658814,484.11256381390791,841.29698040612277,555.21639273184928,277.65896429098154,841.60450552139298,175.70029779266548,777.77338485524604,562.78007654502699,849.36603736025495,293.60803230815492,762.61708980927733,685.63517398382169,738.77598269205544,686.25733188038464,387.60143909481673,62.737308061557428,457.40625762051491,840.11557520548752,448.63047502971358,750.45248494568159,790.10127447855848,317.59604461689179,632.72429981744006,459.7875572264104,664.52363075944254,608.08523605621826,188.61860832221328,199.39879097206239,-30.929678806832847,-43.714832459421281,31.568757489686732,-58.439400152161419,43.205561573283049,-69.969856295178573,-79.688533179365777,50.639850736996515,25.461574755005984,-74.642150690422142,-50.855610170958983,6.3534705564113221,-45.183410138976669,24.691038567664805,-5.4984567497886063,1.5290248318109882,-11.254919975897582,70.712874431641964,-10.021747470645348,62.846002386923168,76.279252212705288,-42.547757188539514,-68.168973356099713,-25.950427905817683,30.184527393008644,-69.547142708788471,-23.69056239439259,42.714191692111768,37.697294799166052,-17.176884225665304,-8.6986356469782642,-7.004147588155317,14.015549139602459,50.453808120954918,3.1791757766907849,9.8983730796987253,29.086725553936688,81.161010204738233,84.93629657207552,-62.031663796814406,-50.097470852773512,44.857067705922901,6.0938729845289297,79.955651135712117,-27.604314252830545,-8.943669947085791,-8.1193089217661871,79.272810404970002,-76.614051652203059,-21.110598114733719,-6.6871890407626307,60.944670226439612,34.585112259910517,-76.546554562107616,14.129763575336908,18.402270904528699,85,28.413613861304583,52.286597409066822,60.112620727681175,57.245124295317765,-80.598745215906547,-53.208294487746905,65.811827247337405,-76.556021851779988,-65.197432876727476,-21.477123105215142,34.870173876596169,-68.682606888820033,-59.283288526480938,54.094171966858269,18.2627014591652,72.638192527950707,-80.779318682980076,7.1148448797611303,-7.7047769357805977,-53.289722888404569,13.9276558878113,76.030281798020368,3.0856201143502888,31.514838983911122,79.898502598168278,55.8269620867204,-70.677895003819287,36.115712016301771,-7.2180723052080324,-17.61965069535972,70.854384912005784,-32.515435099316036,-70.016492494975324,-4.3337520473450901,-62.821046858783703,-10.512071558544317,49.400582668672413,-66.232502393429982,-78.552774564929265,37.301109713009275,-50.56786970376946,26.97376957888293,49.762715484107858
1300,-41600,2.0224907965264047,1000,221.94142211773033,641.84484208611593,79.687026893322866,160.49275298002027,135.37889151563178,798.40648093176253,203.55059366022826,376.24669085845807,567.94233418867054,99.250489935534517,121.96355516435749,278.68655526063947,257.3598893638258,327.56992032236627,517.94063387982305,517.13133354169918,58.956644656793543,396.49483210459459,511.83906917159112,334.33595174407969,947.41847023078185,576.87209130694055,266.95126560016445,885.07563096413332,998.7501415817751,460.51740323213073,950.36232050217757,860.96504031409495,952.25514493254559,639.73078228333509,231.16137061241182,162.17510436953356,854.42617676898885,820.65297300562383,512.63562603745072,595.7255709038202,417.69922353186018,644.6381547695961,146.14733115719579,452.02469487042856,246.06660611386258,613.52193820150183,381.61098325893465,593.7697218328326,274.68950849411749,407.90380812154052,70.419100500993068,177.75437986070972,86.310843982527786,347.597047722117,233.807555811756,176.03509312627369,353.84208449886808,389.23350652056598,289.55762360567735,225.08219190923876,950.62997656132791,483.4334858848166,635.79439543525427,422.60611296756713,59.795781010702989,683.18781589885725,372.80330889033502,16.976698400294481,906.77438381950697,86.238230187250053,513.19509432390623,140.24621373706177,191.28660657473006,775.41149905792781,930.14397493011472,466.92087379745311,239.67002761224904,180.1772808354514,264.6636776809637,819.86959085331421,659.96681329882176,759.97111067270191,41.356257113056486,785.25838255038582,306.01481038428165,505.50454674475429,658.21571975493862,742.30413601436624,686.86238455458272,386.79411882441411,785.78988285624246,481.51093987154383,838.2275247310248,129.83544434882839,734.18915024154751,685.05564515072251,368.95135201304373,673.85770648070081,462.49213938965727,712.88256210499856,579.90214928740033,196.29580929200097,186.40626143986978,-20.793312369028033,-43.32230450439468,31.776294848351824,-58.162845398889658,42.042155572136373,-59.247141000308829,-6.5886370635881608,57.65714477431716,-28.992938903772362,-74.938813270461054,58.384362216307238,7.1153314969489738,-45.253787036418231,18.741623290227182,-3.7654178218550065,-0.24258875441041994,-4.1175741770443075,66.263625269265447,-7.5245010155832155,-73.600014856712974,69.216938729218214,-42.006887864724227,-80.320377829077898,-57.173641151791593,3.8679328167484446,-69.468477871052585,-27.877717545686338,36.612527799238201,37.470327454651482,-17.14224748421508,-8.6611114888242771,-4.1892792710377762,16.813119806602895,58.43627568264904,3.1997949199953579,-20.779284366952179,29.180653851452817,84.98951823957276,76.460941770623606,-61.753501176568754,-45.100109012003351,47.869869284556984,9.3987792905307277,80.104839493379444,-27.400752006270501,-8.157241403816009,-9.0615054044825083,26.82580724474726,-16.385653895585364,16.873210250954109,-7.0770290167841008,64.571401978234704,33.334639834674128,-79.248231412393352,-1.2672777904224395,15.828448078774311,79.987585037812096,59.132095192315973,52.27973263692013,-84.370496762748616,-20.891418206877713,-79.986204142908434,-51.173516892936995,-27.180290898702388,-71.872692809734104,-65.12095117186135,-21.231231004141172,35.649813278141274,-68.576283050907449,-5.0830560413473478,54.469941048392641,24.0076575540803,-17.808461748489073,-30.324193820528233,3.8769486824416353,-9.5377557687366981,-52.509898377356471,-4.2243560731468062,76.325725321688864,0.67248669534239491,29.912192074173468,25.707135385708579,56.46932819081654,44.964886352492066,39.057040490886884,-4.7236256179900558,78.204162692508461,70.761364594895468,23.748032819532451,-70.214059988825809,-58.828198100404158,34.903286881997609,79.985366376554936,49.940932769303814,-54.023022981337952,-77.89809580392641,37.680203250822466,37.071502667230071,29.392322909270295,48.205941983904893
51800,-67800,2.0019003836733793,319.54992709840747,5.1112655278116481,299.08133603310364,60.653814887301024,806.43992201777007,105.85643376327242,537.86937210935434,322.62177819876496,372.96334244335458,603.02016096157752,73.972295157475145,652.26575819678988,26.568795487477303,288.52400895755943,346.2021542482895,496.05494289713448,709.48707352561678,58.171165591635088,395.50546900729449,826.14397949798774,323.52136227959943,909.92015222496582,179.5759342163484,262.36574799947806,869.98232660779854,980.68588587203089,407.05006774979603,869.14075082130512,708.86261948277445,183.34930882453367,639.80979793509698,129.49235814081391,952.68120395866686,361.18820691115531,818.45762876051049,547.18850951936895,379.70259157003642,401.88366076199276,427.59445654866852,511.41441797565074,904.51109839368848,270.44210876989769,524.99726425309552,381.661628267075,595.47511680746652,272.08200615272324,184.84321399064441,325.40910650451332,863.61069475426757,587.45655681467247,35.273803062105301,246.27631113091161,188.46019859488376,625.49196497230184,647.22765352192607,642.78238654593156,229.29768600623692,70.252764524301384,494.34261982726787,631.39754813702325,145.58242019309023,9.5270003271863288,854.84412082984545,510.66057954295343,792.6222234755611,652.29297493620061,953.02694230538111,536.73068557740817,634.67589330595217,141.9145315713395,723.04658096949186,587.55483413469358,528.73614852105788,844.30833220912746,195.20063458665709,277.85431897096061,819.38087492515967,170.95817047204628,638.59477261156553,53.82801954310753,796.29827588169655,293.41201659232257,276.22134722082529,172.15083054343259,738.29217958319998,671.04821717428456,394.35620189136426,755.03365527693506,457.18490793047266,821.08625786070138,74.645165311860353,741.98427516600589,34.594542372486956,890.33542407336881,799.97833424709484,370.9141608372974,666.00649313213023,608.18834974566983,189.05244663613746,51.661564168603178,-31.099289985344807,-53.305814289170449,-17.461675384199538,-59.464237407161875,43.103179326682501,31.241592052243103,-77.31408927458925,-50.45711997193105,43.689635071114132,-66.280408516626778,-77.644732032345388,6.7641948414018058,-43.302288287268603,24.995569965382415,-52.871600844495141,-6.6870190731516823,-11.188410843730344,67.577811321185976,-4.292128329152483,-2.4248794922969443,76.136918295954558,-42.027961930597385,-77.407240528926962,-26.430466385678145,29.865117102306165,12.680301737328591,54.681553250785861,-31.735296274307,-56.405429924814207,-16.740714239151032,0.44830559977073481,-19.192961339397733,77.654180094555713,49.356410228332166,4.9443114009236169,-20.674454409712673,22.60150427510829,79.417936244885965,84.917077159709734,-29.085148493290813,-49.313780433174813,44.853493001324615,4.9951214001669904,-6.8682514232196041,-25.694519459065198,-11.937185881854436,-1.5233799879545904,76.745768868122198,-76.682400579269881,-22.564533939853295,-6.4083214063615266,60.97497906930549,36.037219446709841,-80.058864583053804,9.9940741604905305,18.533669486397617,-34.015191858162176,28.389079280206822,52.498571281457558,19.381671502648157,60.518805158750517,-34.983462498691729,-49.585413731777962,61.778601151580325,-76.594933944105136,-32.060845045518647,77.164125391215734,40.885597252887258,-68.616410865390193,-63.658821396102006,69.132687288255966,19.532326548065519,-21.022843159755148,-84.476756253018493,-1.600526403180957,-8.6264747724978399,-36.356566668809791,-62.7431380186963,83.930478416348279,50.130649775191216,31.60635860823227,48.817339465381714,6.889532244180046,-70.567507563499802,36.340288661386715,-36.966759094684747,-27.157710234119161,69.986845494788284,-48.749514487969599,-74.53629800555639,-4.6010158696543675,-62.357808023344006,-10.501177355172482,48.828743245152239,-67.185478488557379,-80.466576827314995,37.329652352455966,60.594936087776681,28.339263949344026,52.289580437582956
11800,-61900,2.0034000892157904,1000,9.600249454858103,340.75786423523789,76.435898415839915,268.38173730089215,105.81379982673252,787.23831078042099,338.57173023797822,382.88044930604769,608.1000082794277,97.710750428263225,302.83898692597842,5.9010836336171621,68.966755496583971,83.924364925391671,986.95561423827667,565.90303458815083,70.276970602860445,389.17404545091961,53.587509029793637,527.66247287906845,912.08188772334256,582.45097059803209,273.6623878235892,863.61783919444292,999.09367856679057,445.86146177227198,853.429757432153,687.1414804459705,905.71233070113635,416.0474633259621,20.804014006224463,958.19505130915809,572.1243232743409,553.4093419617069,545.51846250858353,922.47645766360029,491.58719962219038,414.07804306517687,665.99413036581188,888.18208636420911,261.47970605639051,762.4786634430294,375.15631851071572,596.82947480394876,402.71047564338522,182.09723137696122,327.24971228046365,390.17496576181742,70.442724643589372,47.668386200831847,817.62446142712542,193.37986916830047,661.00208741914298,628.22464816840159,649.83211400271637,192.37153662507828,376.28614984847565,952.19382980510932,250.57307665402925,405.82711330041377,11.405298240838579,643.22587960391104,474.32606693671596,164.22126246608161,628.36857899701863,899.60534434947533,488.02308274182866,648.58587863535001,137.47318914667377,734.40726981704313,943.96652082143078,530.0159068660131,810.01006004286921,552.10859177441637,258.26008556296074,821.0268959356531,593.70473593291047,653.13308276539829,543.51972492287609,799.11117196939324,307.56750293489529,699.13334845823022,194.20082056043876,776.3209687356665,631.64518917755822,399.73071014059121,203.43511408933085,479.67739863365739,837.68891597007507,96.894071437286414,749.90856549099499,25.568545860351691,373.00427004747763,664.95697233013209,442.62362873551751,709.15441241885571,577.87527325405165,717.41963920937633,54.710080994617144,-29.341234171102919,-49.139043164952568,-18.983511987773998,-71.962754618890713,49.210446323686774,13.34917159988087,-80.227912829976404,55.001990417483427,-30.093169215674113,-74.346878762449279,63.533880327274687,5.9209653410723737,-43.803177487591455,23.450808804664657,6.46067468615332,-4.2874446273931994,-10.294146730096656,82.371325129040386,75.631369845620426,1.137479149861786,74.593892935488327,13.478172384992373,-79.889874415483689,-54.450571480039137,34.736818163550105,3.7381312882026094,-26.800567308325167,-29.704513026012201,37.287463859388097,-17.084103101609688,0.72552585534040914,60.504250800841618,71.705430402425378,8.6681420177386137,-11.272337175651659,14.33280137270236,-3.3167115162149052,83.12390669475819,80.296005413706496,-61.743580109438888,-49.241384335763463,44.830600647413533,4.6089563435785053,-3.4824751116025565,-48.133206662720163,-4.2268995997823779,53.174167101204546,-66.537374503041889,-7.253773034123185,-17.220353753983034,-6.4381581192417556,59.048723195379523,34.855324059626916,31.318736739566795,13.019942033621776,-35.207354479270386,22.040706131949914,27.906945375898559,52.172634093856324,-78.778926968852147,-28.4983063217026,-75.769720833726126,-54.57227600621718,85,-75.921371872172131,-69.869231925146707,-26.875360374947523,-6.5852051451985041,-68.618621631431239,-59.073344650321815,-12.118876432043706,-37.887312279397122,-15.994296058972381,-84.202426452112093,-15.714721773957573,-15.956583142435644,-35.332297028137397,-3.6969494131573364,81.182806654511253,1.1912404291630132,74.991118302677549,48.228378456943489,-18.393407177548191,-51.445809394222032,38.701920322531969,-30.459674888725065,-41.434766413730642,69.185327652626128,-33.089911767831907,-72.692271775198662,-7.0338155181252633,-64.924645458598192,29.83264589061066,49.485359176133656,72.970323332598525,-80.970538999628047,37.182767302391362,79.384610269319566,30.073864447882514,54.943607363127903
11800,-61900,2.0034000892157904,1000,9.600249454858103,340.75786423523789,76.435898415839915,268.38173730089215,105.81379982673252,787.23831078042099,338.57173023797822,382.88044930604769,608.1000082794277,97.710750428263225,302.83898692597842,5.9010836336171621,68.966755496583971,83.924364925391671,986.95561423827667,565.90303458815083,70.276970602860445,389.17404545091961,53.587509029793637,527.66247287906845,912.08188772334256,582.45097059803209,273.6623878235892,863.61783919444292,999.09367856679057,445.86146177227198,853.429757432153,687.1414804459705,905.71233070113635,416.0474633259621,20.804014006224463,958.19505130915809,572.1243232743409,553.4093419617069,545.51846250858353,922.47645766360029,491.58719962219038,414.07804306517687,665.99413036581188,888.18208636420911,261.47970605639051,762.4786634430294,375.15631851071572,596.82947480394876,402.71047564338522,182.09723137696122,327.24971228046365,390.17496576181742,70.442724643589372,47.668386200831847,817.62446142712542,193.37986916830047,661.00208741914298,628.22464816840159,649.59264038661263,192.37153662507828,376.28614984847565,952.19382980510932,250.57307665402925,405.82711330041377,11.405298240838579,643.22587960391104,474.32606693671596,164.22126246608161,628.36857899701863,899.60534434947533,488.02308274182866,648.58587863535001,137.47318914667377,734.40726981704313,943.96652082143078,530.0159068660131,810.01006004286921,552.10859177441637,258.26008556296074,821.0268959356531,593.70473593291047,653.13308276539829,543.51972492287609,799.11117196939324,307.56750293489529,699.13334845823022,194.20082056043876,776.3209687356665,631.64518917755822,399.73071014059121,203.43511408933085,479.67739863365739,837.68891597007507,96.894071437286414,749.90856549099499,25.568545860351691,373.00427004747763,664.95697233013209,442.62362873551751,709.15441241885571,577.87527325405165,717.41963920937633,54.710080994617144,-29.341234171102919,-49.139043164952568,-18.983511987773998,-71.962754618890713,49.210446323686774,13.34917159988087,-80.227912829976404,55.001990417483427,-30.093169215674113,-74.346878762449279,63.533880327274687,5.9209653410723737,-61.599315770996967,23.450808804664657,6.46067468615332,-4.2874446273931994,-10.294146730096656,82.371325129040386,75.631369845620426,1.137479149861786,74.593892935488327,13.478172384992373,-79.889874415483689,-54.450571480039137,34.736818163550105,3.7381312882026094,-26.800567308325167,-29.704513026012201,37.287463859388097,-17.084103101609688,0.72552585534040914,60.504250800841618,71.705430402425378,8.6681420177386137,-11.272337175651659,14.33280137270236,-3.3167115162149052,83.12390669475819,80.296005413706496,-61.743580109438888,-49.241384335763463,44.830600647413533,4.6089563435785053,-3.4824751116025565,-48.133206662720163,-4.2268995997823779,53.174167101204546,-66.537374503041889,-7.253773034123185,-17.220353753983034,-6.4381581192417556,59.048723195379523,34.855324059626916,31.318736739566795,13.019942033621776,-35.207354479270386,24.181672820586321,27.906945375898559,52.172634093856324,-78.778926968852147,-28.4983063217026,-75.769720833726126,-54.57227600621718,85,-75.921371872172131,-69.869231925146707,-26.875360374947523,-6.5852051451985041,-68.618621631431239,-59.073344650321815,-12.118876432043706,-37.887312279397122,-15.994296058972381,-84.202426452112093,-15.714721773957573,-15.956583142435644,-35.332297028137397,-3.6969494131573364,81.182806654511253,1.1912404291630132,74.991118302677549,48.228378456943489,-18.393407177548191,-51.445809394222032,38.701920322531969,-30.459674888725065,-41.434766413730642,69.185327652626128,-33.089911767831907,-72.692271775198662,-7.0338155181252633,-64.924645458598192,29.83264589061066,49.485359176133656,72.970323332598525,-80.970538999628047,37.182767302391362,79.384610269319566,30.073864447882514,54.943607363127903
1000,-18900,2.0349169501555129,948.77685667368871,214.92292764064328,249.87001266333959,357.82986654740461,807.38800876553182,143.55189529229992,781.22234251080442,332.76343186285942,371.37492254815692,616.67075959785586,513.44522001472478,285.96063016923387,300.53120777773364,613.21442541951058,79.505136860274973,491.44623206755017,727.72877318286794,76.307121547941563,71.991470636206856,837.98378818639947,117.32978792747629,358.1681286784592,580.80794056852096,262.14375275799318,764.12184526202248,999.59341260844803,80.66283277505454,848.83941273002256,243.8878571879369,72.067633590392461,699.45251884516802,59.41760450077652,172.48382484844569,362.76830692284119,818.67726763372355,562.83608264395775,856.62703272038686,381.69685962720445,460.4568672237076,116.52921129790056,487.10766340247727,675.9036698086453,649.83856567357657,395.20121714607473,311.18990466430671,272.25075812311576,200.97280779827818,98.362313591718589,152.5385781571066,64.902497366417805,389.21586692707882,215.24005273605647,196.6378243197428,325.50819781585568,647.52954688450473,344.92044888725263,474.85877128080671,331.25195433614306,875.28781468814555,287.62072870126826,710.40579967587269,705.16373283156804,56.024088512869298,649.3344188834061,802.7115448144026,880.99167209754364,1000,525.01647448489712,787.37527380752942,165.81272244995344,737.35974154754877,15.810321306202809,526.5375843795639,834.29730958962386,527.6025663217556,273.26252431127011,832.98802420443587,168.10487635256496,655.82806279998954,60.309363296145918,813.11676509657048,40.24757198057722,285.2550163147659,198.47920129378576,277.02904291532099,289.7626279899207,415.58162598519698,760.42861657022809,187.17702906497865,448.28895678077089,454.57079653193261,741.57583736467757,13.941590668277025,769.67192496732935,804.88654894475826,118.02129120620923,725.05222304142535,887.24475271325809,197.12167174453634,216.24522154700401,-7.6827494789946931,-24.264422111443658,-38.719658373314992,-34.061609596115645,50.023961970085729,-57.46793936292103,-48.850271214885872,51.737490216852748,28.872498093806641,-79.4893650292194,-56.884324442078871,6.5190194343963839,-32.83818876333531,74.537025806366856,-70.424484459920592,-7.1386183659730946,35.232725928785328,67.253976166545215,76.805433009507908,56.723953215794069,77.680395894547985,11.889420276061571,-77.366827277724042,-26.665664559569688,60.219427200026658,-78.191806655203507,-22.333090211775364,39.079128905149197,31.896212903845708,-16.991490988391551,-0.19884635840194015,58.399271123413378,70.140341400209437,50.834373893061063,6.8421927529001323,-19.466791151659844,-5.0000593777092135,83.514406323952272,78.165086950573937,-65.6900404439196,-73.782792960072754,0.26517121169582225,5.8393718747419889,-5.6917212323371658,-27.35455264622621,-60.932147983835179,-2.1850561944101585,78.515843686581391,-82.387407478639773,-25.109244306681401,-5.9709304150689935,57.782204442677966,-8.0951246694790431,23.148731758807006,-79.482682709531559,20.095790806236611,24.233915303170772,-31.545090568105447,52.421784835210637,-78.400591537550113,-24.147550298291968,58.224863155461165,-48.593617489678799,38.344778966973777,-67.993669721690409,62.930045631526603,-23.420479864765102,-5.4705222285501556,-68.506436061062431,-63.371574145136051,63.46287292100201,23.435553141088064,75.724657406442617,-82.035396813964383,-16.139893378181785,-12.179210122340274,-36.292496588555501,-56.520138087482835,81.22052484120816,1.4771803704229196,24.813828038355982,5.8401219367193251,-11.20675643671418,-0.16846657583071334,39.691132995387662,-40.421635167443426,-27.118422969114285,25.356730348944183,-28.081345218284532,43.360311200062384,-0.065191138231298851,38.771925024094273,20.191001270675827,51.357309435885874,58.157275411735228,-80.143702077222002,37.220777845062898,85,-28.778785505667265,45.711357110556662
200,-14400,2.0520217879072549,996.97394544900624,222.09496697257691,237.9063563924415,379.47602843795693,783.51663587419046,472.24026408011321,434.37740398121747,326.60977865011853,371.70400579963473,606.01379162700732,356.29583601255257,656.24921595952537,300.59378789310449,109.46102078345933,85.775740534251199,490.36363567531492,718.93935850454352,69.835105500995752,34.24225754178768,838.32593606276259,332.82362889183929,496.22461902435123,624.51620295490511,267.25236237123153,756.49116351687098,987.55472396851587,413.08880998627365,928.934709004468,244.32538074894069,320.11552468399481,698.95313159107923,772.59063702120432,163.52062160256014,361.55042148511421,754.93670498970744,538.12420846491943,577.15560410428679,417.55912632347116,467.48245813293499,143.76548824155319,452.47470824841287,705.82429175348875,379.60743256364992,395.5664691480905,302.91187035063274,246.45906452565978,386.39822132814072,115.20581881438601,177.63423993545024,69.58729059377265,393.56815312828638,233.42331177596938,24.787304894058764,328.96380908030898,871.18188549468664,278.2118606917835,236.3837797577329,299.73693490184468,864.5419285029534,270.51587071128762,401.95364947703888,55.935180478816079,87.731893801138909,364.6851180139372,95.556432859802243,808.88215058313438,1000,520.16594082205734,804.12742519071367,168.06077148346787,736.71968395613544,982.11220354655916,526.96129911976641,837.98638017706139,176.70630148013063,264.72631761077531,820.85261311277111,679.4243988123394,777.71819273534436,70.547817844002978,803.3564214826813,300.55433777725625,186.93933000500004,198.90593176438358,295.19761162747801,684.64380074062512,416.62264871135187,761.17536606247916,487.15126051455354,839.20057060942941,135.48418316134035,749.68552269436611,634.66581006943375,766.27297696991184,791.42353086420405,477.03858506202755,724.29764064265578,909.43646577880224,222.454132709715,199.44826221347992,-7.8479080163044559,-42.283640910715235,29.355486840025467,-33.563821279291915,41.912084098131089,53.299613988557013,25.209693549712576,51.720178206214271,27.427582556126445,-68.702654712534056,66.032689994160336,7.1979974593052409,-45.076570759801328,75.02214675543857,-49.691977410313662,-5.8983232705636581,-9.2955501295151315,65.162743681499151,-49.195246540068339,61.62351150767045,77.41960736194001,-40.714171161069942,-80.457149276837413,-27.372042488187518,61.176450591645548,-69.760117118912092,-27.559546830330905,39.104747925467549,37.676967401948993,-17.145990680970659,-8.6423432907562443,58.066734712297034,-16.063998042346618,-27.483780078456828,6.6213761476231561,-17.234986861895305,-4.3074745776741654,71.956374118673949,78.200175079286339,-65.605423914017493,-74.185186973520288,44.317118945525593,5.1392288458357394,-5.7824050692689326,-50.077077525849411,-4.0077894705729378,-3.2821299654611118,76.82887812748649,-83.616248527229317,-26.658447170615965,-16.936655924837357,57.237679405118115,-8.3871162775938739,-80.872991626011512,-1.8883262779460077,20.107680875441048,24.255328887728336,-31.182027906205192,52.40479926897094,-47.300156779062164,42.114558130654672,-79.040551023135293,-51.222248451293218,38.342507516180717,-71.931471425699712,-66.299956848438754,-23.454272082731837,31.580908284096122,-68.363382287823583,-63.323642232589506,59.870231656085714,32.080579751997369,84.408763927839672,-82.607935666421852,-15.831043265109255,-7.4946544910376858,-35.054651123151395,-57.002405478146301,75.91649526118286,0.92130093158933346,29.139667665714729,5.2749243103204435,85,-0.0022022722153751673,39.121950627880288,-3.4688463948502903,76.666932777687009,69.938882739058712,24.893578280662219,-70.023102885679648,75.388459274610383,35.148442301743216,-7.9369974027938586,39.049982252942044,68.325315814191441,-80.225221382567483,37.671770405898108,84.16370306309048,26.888286306460131,17.905515320022367
49600,-64800,2.000563835621985,263.28459852642595,167.56753459360093,315.4451550632856,60.975535749643441,204.23909417167766,103.97938883911077,822.14747193804055,332.21989478406084,379.45496380658511,615.09161491204134,366.2096848929865,675.83213595471011,38.453858659970109,594.30254836178938,79.9089030837292,560.17971055385078,711.64637610315901,586.60425361498494,397.35178207832541,540.73823991624704,554.77304389903554,437.13132837287549,574.83819224547938,262.10760236736309,873.36908217634675,161.61629191552288,114.95460482469997,869.71791154337916,819.76866874234634,163.8318398792938,629.29509960447888,798.65947411571688,124.31508527489267,358.7034613866262,818.71025916315625,563.02824961635906,396.11110900467236,417.64634096764433,464.60432773589514,513.74151350810507,879.30520559712693,683.98242059403265,384.98595495887855,401.22013597828891,595.38946458963039,339.22597719717794,199.53729756467615,314.90666156872612,176.59720802334019,582.35010946579825,45.469170228247648,269.49268493999222,195.78001738298215,657.42953715710735,874.58067557715003,562.27186321886313,487.35812639942219,63.338474570715704,966.44483104026119,632.10699146137745,237.48065580459783,903.93000629109395,86.640949130906506,269.63142078776468,87.911927958559318,910.20918233091106,961.44395140706729,443.99530491560012,637.36249824054698,162.82190996586755,735.77147225360284,551.34871895014248,529.76874220837442,831.7153079404178,210.50640784128336,260.36188263585689,800.83322076048012,166.19996975014499,637.33461307066,64.9572255808459,800.50889184682978,326.03987547162188,273.88343398145452,172.22160009783155,738.16168697873513,631.10126417962317,384.7320464494673,754.21714380714138,456.95024301220218,449.7421646341798,506.63238064651506,724.07020502858256,632.47365966820121,328.40646194483594,802.40420977474685,452.47245898451547,717.83015778477306,579.18583253295333,196.30217396727721,53.793842956799892,-31.107276524632372,-41.484084354455966,-33.806984117523974,-33.686554583435239,50.149343035080868,-83.174527135529118,-75.478866764610103,-50.562763996904863,42.817313342062945,-69.692612775312938,-77.699257090067491,8.7280365721252906,-13.151351241151502,17.800729018695201,-49.987481271863992,-3.3995586641384854,-11.047376453918284,67.638651137421292,71.478968555440574,-6.6609945207664154,64.610953165233013,10.463538843810449,-84.964379627137816,-26.064406849195965,28.28365744768146,-79.457485920320977,-22.564932743429125,-33.420361970852284,-21.15568629327958,-17.18143932627833,-0.14912672819698422,-15.197080729648953,77.086438733178298,-33.910779303606432,-76.709020224063465,-16.368176817398886,21.528114268420421,82.068485343142711,85,-61.86338532390873,-78.719197529686099,-2.6236927954531737,5.1242908100222655,85,-25.727318674855621,-8.6294450786660679,55.363961892076368,-55.471640717439094,-75.04991248704215,15.606475191972326,-6.7200420102201077,64.546064341543158,36.038515134156185,-67.911557943351013,9.8405650500619366,21.489559201372955,-26.465766756348749,28.117456053572642,52.392564195927058,-80.662350656510171,59.982220645133118,-46.063663193070497,-49.512369944567041,-35.619184711702005,46.269759396569867,-32.364453201288917,76.394236910807933,34.948852941376927,-68.611513439843634,-61.397607679222489,60.068383766108269,-38.71009893059437,85,-81.976189265186733,-1.1982221165544802,-8.6112807705084791,-34.270375104662307,-60.885398567391853,79.002073407651707,53.179041818902583,31.50145787572934,81.855084548948355,84.462325564738677,-50.417804837677963,37.886944872960207,-35.674051722993525,-27.768914352189867,70.462481019548804,28.152664539954149,-74.673706270572737,-4.6925365908885857,-71.373544470847364,-8.5529904274604505,48.96315509671733,82.446401020831914,-80.599115650756829,36.761093342574789,-16.008921586623245,30.662994293982344,-80.247159338483726
1400,-43600,2.0592438043556074,999.7612684399362,166.94286246177313,686.66980541065709,66.846827163380937,209.19444973964139,156.24430658011332,787.24350183959098,338.772988352396,477.23997447166141,604.22239042728359,362.22097240041114,273.95481526757823,328.02639293226866,658.94239967669876,79.552166122401744,509.62202831302574,567.24967350975544,579.67069065901603,389.25712447467998,798.23584531684867,548.3900059730048,911.3807353853017,579.68004967726404,261.89346457998357,863.81917340299458,962.35403693949399,85.004337886492067,852.95508723827641,832.35173307376999,106.21143237865073,414.86042950749243,216.54845130529523,124.52015708399729,374.62584916608301,560.80408293680262,992.44410426956165,911.94946325734986,418.40414245065551,460.24630353877473,511.1819181727061,488.33189853467928,686.29319515063162,378.9984253764639,377.79889336725626,598.40451550750788,399.33335483292956,209.67981280701306,119.52454568050013,183.55943791927345,570.80987245506344,42.634943086440387,255.26351833414117,195.82533702256094,627.1315093674425,628.51996741736514,351.64236125162375,491.03442199818937,400.27513785286442,920.24192271120205,260.55083739231253,700.50012762341726,939.75355422959399,26.051097873136442,647.81893844656884,45.641551358756203,909.42770573940948,903.38642519838561,490.33254766925648,661.25547814973697,137.92689336214679,735.64334566832417,949.36748582529435,469.79924693020587,834.15942953608283,551.98330189171065,260.36639720415434,821.85521348846964,311.78917290743357,650.95759085068255,73.901760880497221,800.63192990563539,41.829492270822868,291.73539006173763,191.23201413277678,748.70424126671219,675.54886935954789,384.60587417852719,740.43532672032552,457.45650887792215,827.25225940391567,460.53292562913856,741.36553582457771,13.255431118058208,802.18483393418262,804.84289356936904,459.14366313239282,712.05031966098568,579.04292165516438,196.76205947266718,53.790278666066506,-21.006319756723542,-22.363053945667875,-32.834524047862587,-34.06319947125845,50.351172797846317,-65.028447135243866,22.875018537346332,55.043233049236115,28.152375501623961,-75.048347704009885,62.527300835557412,62.654662698733134,-42.568778926294634,21.639627196712066,7.5134395282921531,-2.1167144495973602,35.799817210841802,64.812822252186621,71.580436923140368,-71.358192970876317,29.214601578832102,10.056174328103793,-84.917231807665544,-26.633121494299797,30.095272341933356,-80.304419606936975,-26.067361406637275,42.286422193508194,-25.454405243822674,-17.085151066381751,-0.15143579457911466,59.203779742001345,75.072641646701143,-31.680353572864774,-75.305080509203691,-15.626118069745873,-8.3827919069968111,82.071254344631896,80.379364327431702,-65.707820686044329,-79.849148717532614,-0.82936365237988907,4.9290915701460012,-1.02123770954978,-24.864002472677015,-8.8000767608866575,53.633172441661472,25.196988624931794,-12.948103885342224,14.820185574286405,-6.732412527793441,57.760426056889486,34.848194182207905,-69.312018892474043,12.390984550834254,23.854399096597337,-26.615558867046733,25.003960560024808,52.190061072924614,-82.075019829471813,-17.511162018570342,-38.316223722754117,-49.147976602164434,38.577463790280468,46.104810736286396,-15.713269239671547,-26.490661781862684,38.519776454109113,-68.620717627031894,-0.38078408946826059,60.680373319752498,-39.025902649495571,-18.382389680717385,-81.978536867214373,5.1860320596091789,-16.088821960537722,-35.639373033258174,-1.9061924999134117,80.330004263018822,32.438308205287747,31.954651692926909,48.108890865101209,-2.2380720209056424,54.050465608660815,37.550560724950934,-36.333508875249635,-27.303419659619287,65.848187177788205,-29.474620959413819,-70.238962623351156,-7.0718503547465943,-65.235038980716126,28.974912839859993,53.736478068322413,73.224254382807089,-81.534974173633131,36.798822551923337,-46.202868725573268,32.871542534805499,46.441506908519344
10800,-61200,2.0594628754910671,999.981094224039,32.734950671753211,345.03491678168598,65.433394584805313,209.39832870197799,153.00004857118071,809.15210149012762,127.72161737892884,495.85350341886397,614.84030496805065,93.989426944869962,274.00860652300679,5.2284867755869868,521.33316967503072,84.063097142290943,520.43600857338186,711.67672654173271,581.34661693355531,386.81533526870356,904.08887058751895,553.78485386108662,900.91676081141259,574.76490940738665,262.0894508135944,872.04485400709166,146.34188703983943,466.44497029230899,853.05330498301976,829.56978332993367,881.26401989297892,635.45745695714845,222.42956176636281,71.494178737146441,330.934635791218,816.47522959915364,999.75499310195346,389.6275429114043,419.94517552282593,459.06085197895555,513.68261405046985,424.21353183120851,674.57162682809394,378.89608857721356,762.91735493843601,596.79088793421886,276.57946848797064,198.04698281083873,343.99751130074361,174.44176509175387,579.64977938336165,45.264379227163673,830.33252588751236,193.43514908756552,661.81992169916839,648.01516122384498,557.8946238359531,490.88299400723713,401.43521745564703,501.86035610005314,296.49789581952126,410.08569807278764,677.91966233449114,83.005568250592873,654.48346647334006,838.30764686185307,911.06344693701885,540.88393651675995,442.89025877560044,767.14102644045124,178.89896007579026,735.68977120174736,22.970392555906585,489.09098440167043,809.98593878473866,553.16714934131005,258.18698372549278,800.71881064776721,305.19379977359858,760.62655995944226,64.054960422152817,800.45356059415963,335.04214714167369,690.16028271101845,138.52301453410746,778.12289753960272,633.28376410815474,384.9001311662073,749.64298913633525,479.00373714673196,434.4086002825353,455.22788886269797,741.58634890666383,9.4404817731383908,323.39388850972739,806.94837861092412,409.99336037260275,711.94102325650692,577.8843436628523,708.6485439881252,54.730469015653874,-29.277540968967784,-42.889648786043693,-19.507213331572803,-33.824249449372566,49.179743308526099,-64.164592071428231,21.595851910783825,51.711228796132609,28.822704127345123,-77.253547182761039,-57.400327025553821,61.686035214571646,-13.983381459389788,23.447931055650077,-51.490876058992939,-62.572730708754513,35.765726726897846,64.856989948199654,75.410942437332309,-73.355204358452667,72.403277611351854,13.265118010812131,-84.863600268011837,-26.103569993338336,28.555950220418229,-79.64416171415489,-26.818127644628063,38.93380076309203,-21.211556746252757,-17.181145058056305,-0.11321372985748761,58.394562392092425,74.93047847416436,-33.812180833333258,-10.7172355755608,-20.344591188552187,33.87438472677762,82.893616143102875,73.498052445289503,-65.705038945261805,-49.883466083980551,-0.67279086361511675,4.6138652967939837,83.285746178240473,-22.504328222991226,-8.5740058601673077,54.943976527156153,-68.271325666351117,-7.7985724324969361,-14.842070517617415,-6.5905063342076193,59.054026202736765,35.146010291815131,-66.931950674164256,-1.1508128082411888,21.035664848432123,-26.466437918935792,-20.230854892402434,52.545358352843714,-78.952802500352647,-18.223993880126574,41.08830024703505,-54.902074294866097,36.186934575800414,-74.877050018680052,-17.752359657746467,43.410472379930312,32.403462547115872,-68.492269216754693,-60.742464588002221,62.834301423350759,-69.559851011918013,81.025791992801032,-82.09284172790403,5.1513710297722817,-7.5830551068811456,-35.636796132673446,-1.5845826423287328,81.167979685289453,0.26170569727516835,75.325045441671648,81.541986395218714,-16.65204855754294,-52.543576291627573,40.03829406486097,-35.697688155430995,-28.105157072357336,69.170848971692905,26.782274574607385,-70.212927870432438,-4.6307867310874791,-70.451144768558379,29.868235480654068,49.636459943549625,82.757070015243244,-81.716608403858672,36.781930767736384,-9.4164189545577237,-32.153887188746367,55.005584052698495
4300,-45400,2.0035991634857928,945.43619056125669,220.3450833804331,342.0552820963938,363.14666517654251,280.62974613562284,107.52367723242554,779.75824055192993,338.58214285342251,369.97323851292504,616.83930717042142,356.89494903377522,274.11144630821315,317.83233801714891,618.3421300653273,84.293531906106978,972.87246216175242,729.73326878552848,63.020064575896072,389.14758587738282,39.740169434956783,527.05110068207091,887.6750541306842,579.70166625738341,262.10260707712331,763.54483506948054,991.23432251777797,444.36245962876609,853.39909333133994,233.38855714252514,906.86203706081119,629.90508569427095,20.770729466378572,74.043239998869069,570.35349278555611,557.33520386129226,545.74179919376411,393.77559307177842,489.14373820633693,460.69907582165837,663.20726822850986,489.29872220617949,667.20904274035399,763.61245461399176,375.22532148853787,596.82526121716762,275.04237905078656,210.8056998213504,310.84833376317073,385.35926632722612,92.841557943220565,47.901728960599996,308.24813603026246,196.46365132860421,627.03646930097182,640.06858285433316,350.56957303356046,471.10939635270199,323.92135061176214,953.09972458464256,249.09124259240437,392.6744998506507,694.02701099596618,678.35824206483835,474.33962477501649,790.80732588938895,625.79299676822598,899.57496754988335,492.18556129649909,785.12042648097849,179.00314072882566,734.42312075783889,27.158416759158456,486.48325758179146,810.08856508873419,553.05784657511322,258.21515963289693,820.87284104694186,681.1103609690457,653.85144816706054,78.415907381260723,799.12471270612969,321.90030632912584,303.31093286647103,192.38730775295954,778.76063537051527,681.54529111442957,384.96161082104823,736.78561430730088,485.19108392439313,846.1368400630281,99.081270583799807,741.80364017831096,13.218206292036911,795.88570500648484,666.13633694778787,438.24008062866039,709.12424401551323,579.37423317325124,707.50619852475052,54.713460501102325,-21.620418036553264,-22.985862131492407,-35.096347333521678,-35.616508296148126,49.225929413072834,-61.013526297713717,23.101087651217831,51.641176623076525,28.643466735204456,-73.907971579804965,63.667421350522261,6.4291437998105323,-14.467938975831743,23.308654013308598,7.856270104036966,-4.2222913066203027,-10.49936278699191,82.425458348998191,75.644453808275301,0.58239252095221872,73.959623482727622,9.8152664941826817,-79.906926821006195,-54.490192619066356,28.56803531162122,5.498756240359576,-26.181937296471251,37.937863791872843,-21.194133098668928,-17.176659446508893,-0.097148582432689867,58.357572761724768,72.121242479373294,7.6203150679450538,-71.096483014132389,14.371144814403769,-2.7151864889704562,83.12475632924712,74.233514827333664,-61.693269625207705,-49.413152341101899,0.19728563099426921,5.9838508529025916,81.205320406598645,-28.922889298948238,-8.871449523344431,0.66393710754737256,-65.814608337936107,-12.198421694431119,-17.273930629991703,-6.4376923516693321,57.872531106257931,34.740206083276149,-69.033626436369232,11.226972160489055,-35.314514768355451,22.002726398367361,-18.529576566919324,52.163053552633713,-77.622166927790573,-17.693513795399824,-71.035625348635307,-54.941075938808773,85,-70.419909921067955,-68.446847827828904,-27.022985799957898,38.588899096260562,-68.500979791323104,-59.055846578566083,63.31048287775095,-38.246511542722857,-15.352967402142681,-82.010068735508739,-15.719950361369969,-8.7628154690440958,-35.33335265998798,-57.408145288380439,81.219930169866302,1.3631306840083539,25.472858948852387,47.87067016650272,-18.513337239148299,50.343600578816222,39.700543900386691,-30.514201283897332,-41.590449026639426,25.919757616807313,-33.044388381913016,45.477644082780813,-4.8289794700886279,-64.957419372999681,30.576449366085932,49.462568373507345,58.486008746743181,-79.53014803440999,36.778300842801784,-47.82982310678635,29.283765273699828,46.551978199804758
11700,-61600,2.0347421817255413,1000,8.6300624756969597,248.14604518086384,71.688386112005389,794.84396246357778,128.41506001761803,787.10822673276436,332.52446949605701,383.05681098845309,608.02149729951122,95.462814352836602,302.65325363047003,11.744749730949735,67.970905739436944,79.269075712672304,534.05639479664308,564.06022053367678,630.48191682433037,391.16681353747771,811.2259990926276,114.34844052596355,382.58079294921066,582.37416755998686,273.6413722806322,864.20775423872806,700.96136099754165,80.634627593912285,855.98187806038334,697.61698118611662,71.760082534115952,417.23000000519221,51.517554905114821,1000,328.01670788009807,814.78698717628163,561.93392645407857,913.72184416112316,348.64713263260217,413.65673572194345,515.09010877748995,887.40417096416104,268.61710684491879,389.59958305858368,382.82235706202658,596.59896538300779,401.87074554035559,181.31264587450499,131.09187292289505,157.76846934585501,70.141141449871085,44.192809430807515,773.91650000249774,193.55588013814855,660.57310224952118,628.26816162032912,650.28481458914166,212.58041457595985,375.79723807745017,856.00344446105498,288.52600538075501,718.61879628079316,18.674140619000923,20.758231696708947,649.40604062940201,175.7298898922067,824.93642069972111,899.98685330984688,440.2630677972964,650.89088071059177,137.22965532396802,735.69099389882194,943.95083810084725,532.69233991329872,834.17064846238577,552.10019829455678,259.40120225771108,833.21608945288222,586.70012112752158,758.83946714594038,537.79417528573322,800.45106745324642,29.227891789628984,679.99327356346964,137.80295926920206,274.60113099928753,629.83825978361756,399.4988444043662,227.14676629253881,173.58608215665282,439.89452392687645,452.70610794125196,749.95229529735627,25.79906274071628,376.8003818636264,803.70216176485064,122.53372161267779,712.08227551034918,885.42601762808749,199.27929801854538,55.277718308782717,-29.104454879148758,-49.396640604684592,-17.582747041817239,-70.410597181850207,50.228379505734011,15.505907753126557,-79.82617836018008,55.091488775903251,-29.90252198435865,-80.024319555162904,68.310417303499946,61.711699158279259,-43.646219991284894,21.797464104739745,-73.302751713300722,-62.106591109819419,36.918550141144379,64.790613126097227,71.824955362447866,-73.174507114769114,26.641827254842308,13.453643760798728,-84.847257662973746,-26.599347131974987,34.752162580910507,-81.474221038051297,-26.818726607130397,-28.936777814764124,36.991412632576242,-17.083744552228794,0.70777265127364219,60.545343920034369,71.699942112641097,51.846103532961322,-14.885370985986935,-19.516184199195841,28.234357877286172,83.300827427329963,80.078476694058935,-65.746200857606908,-73.602713102482454,44.365349039520524,4.4675327363468824,0.31220448179879412,-46.659219315755379,-4.3095718699386838,50.343778688623203,21.567257506018841,-77.419628345923144,-27.440666228970052,-6.4290213028552294,58.97512961910703,34.85775103146463,30.833258616863592,-81.200880071973202,20.208845672764948,24.456559469434819,28.526301061823126,52.441625509818365,-78.776227107294687,-28.800744417101697,53.465135276861673,-48.368792083177262,37.52685536600292,40.031087405161216,61.634936119335137,-20.996470764292727,-6.5012408993500763,-68.623181324150735,-61.127892558013649,-12.049423596930147,26.508856033919514,75.040084861117279,-84.187936121406622,-14.146359384117224,-15.789124401066946,-36.28829483398755,-2.8104364256326946,81.183296447379547,31.805871104726947,74.20605614557617,2.4675626871348939,-3.3024172043154909,-50.590183043329219,38.697113769312352,-37.560618846000423,-26.961904435909069,68.793858056189734,-28.632998466032163,-74.641564203184544,-6.8746139571139366,-69.909917757718688,29.854621685724176,51.326473187976681,72.856355213661601,-80.986528636952954,37.184306235387837,81.164138083998878,-29.327401122080282,54.907055321204119
12000,-62800,2.0210984692455711,1000,23.689934075458144,698.40549480751406,48.460887222504731,207.48304468190651,135.00765596432203,827.54943489274126,108.76685891666298,479.47243173444684,604.40166460856938,388.97315732492274,279.74903511786783,323.43103274953694,648.92264215361888,342.82817733407211,552.12006647102646,718.41655939877546,152.17923449729318,395.30429496804436,791.54045314397536,544.04876874113086,901.36708195537074,566.0480782476078,270.14367036387472,872.00768886726473,88.383644678999985,466.37695423973264,23.636688511685179,819.20143386679797,127.00796280017261,630.0625533153916,19.328825104841286,121.37302008180717,576.8622373624587,818.90524984968511,979.55902307992619,374.78080852617074,452.98643207214434,409.52348415534004,491.29675077758441,811.26281562108363,650.81595058151788,617.03039890038019,769.76209047743146,598.41817347391031,270.58873777105032,210.4550672631155,330.29945816297374,174.21189873328413,579.58745218930574,42.708275517303846,832.45978366673648,188.64470699482115,662.19378819286794,647.98157136703958,347.25047725292455,201.30488196915633,357.50572297973468,500.08127397656375,296.5929781084472,698.10833412281443,22.458913599683228,22.380322700723525,668.91142200991771,840.16261487442762,905.30332334380603,536.65087836450095,487.45325256827857,629.87703131744843,137.39898546093312,726.90722882952741,923.01689117638921,533.2980981144218,846.31351771047321,158.1657595226641,260.34199276847289,818.47449186561596,308.08061135476487,763.70350330401061,575.11673655215645,799.31135706332839,31.033049332156878,286.13619983249475,138.45400869395587,739.41908535088953,670.99056850067575,385.01790136832881,54.84924375269344,459.00864519942047,839.6619808771195,83.049842617943426,741.47958684776017,347.16993850512563,795.27633859535433,807.34505734498759,465.15570666640207,712.16866359419305,580.01697487649051,192.88859796041007,47.550090242329574,-30.743390728243696,-40.328722595239043,-34.068955776148648,-34.057730335159157,42.121569511087444,-65.02609571305382,19.889172707367287,51.737925253701903,26.985328693875413,-77.398429467028024,-50.328814507607149,59.925530104872891,-44.153419518790031,16.712960301314393,-50.139062633526706,-66.067058637052142,-9.5229671038010419,64.878638389434869,-32.539259756828578,4.138372921182814,26.825864194239735,12.377202037969685,-84.904021417937955,-58.335706579360078,26.915210923167351,-69.470507826541436,-26.824823182770611,39.267419351991848,-28.196359878837757,-16.892655246480874,0.5541738967034453,59.910304750509887,74.925635139474238,-33.668838422328378,-72.245904546953909,-17.427676092356457,29.145990634273844,83.562274563214942,-24.551520583710936,-62.298285964815086,-77.52703638621584,46.317147187034479,4.9705251935912216,83.787349164603313,-24.760710129979437,-51.194631430246105,-10.593481895693426,26.836821253834511,-18.543917951365138,14.47165594724823,-7.5471886284351584,60.973960178737087,35.267137298603231,-70.328608924875539,-0.74514963332643458,20.970425094713132,-26.08132770660518,63.21629028700449,52.493733818417439,-82.074484253507279,-17.204995348730673,-33.864737678291256,-52.932934906220552,39.344480967197256,-67.187670597563155,-16.811077956861162,41.623998396796821,38.854874290040627,-68.487169649900807,-0.77567930481765224,62.550942909268805,-71.959292566309514,-16.377179936675823,-84.106959880343851,5.3358775718539571,-7.7231559007208661,-37.33904699939869,-4.3149250077022732,70.43723225889191,35.352231100889803,29.815491252488854,47.819691641713433,-2.158625839384344,51.367337607464876,39.731324583229856,-36.152302064336205,-27.277679482696279,34.205170673028817,-32.380404939774643,-70.212438876512081,-4.3773942895817761,-70.900857729861215,29.764863141100889,49.55067719972898,-60.775167163423653,-80.505717625397281,37.01136759836151,-11.005425854095432,28.283967121843343,49.295718112609755
15800,-63900,2.0028568781488842,958.03495454059953,5.0100228925704133,221.98008542132519,371.47975727835387,272.61191798111429,108.84420733538458,757.50568801524446,106.11556821306144,373.25003341513087,604.41197475007834,106.23004141061776,301.50015601039308,38.568975422291359,74.589615080355202,88.30317818700442,491.00977126917928,520.0114576616993,65.548563692730468,89.419618510248853,533.03357853119633,529.35193570840829,913.5057238142175,621.23454256886851,267.01830912358025,871.09305723361149,638.03608023345248,440.42206492269401,965.10080173466349,692.8504851462684,901.36547215126495,620.70100687494096,125.27223987578859,941.66431938356334,549.77772691029838,821.40364849269804,528.78333672224164,597.3666478965032,384.26361642287725,416.92214663161263,44.452624210361563,873.43074108229473,269.77061323084018,655.0658274864262,733.81572042255448,596.83335203827835,276.95179396897754,201.32193794646869,68.335042143250206,149.69746753507161,220.83690843880919,36.585855373606805,833.32846587538018,192.02199576247614,656.40871182339674,627.30072285197275,581.21350434329077,187.95774140315052,903.14545597288259,500.02972024655412,268.04198648792857,417.14317196149841,10.853807701067012,112.93576907172042,486.43966843434777,855.32569167153758,651.78844006019779,91.155854768838196,485.68883429597611,659.60852673754903,183.17759713830722,690.12878141100236,950.91426535785502,535.05831748108653,822.39774152996426,171.91165341046315,301.93305064688099,103.81369868504493,163.22830963474476,635.78924602296274,587.78200072934101,800.18577366393049,304.01537378883336,718.92677487994911,173.06122456645284,712.08509231722314,636.60174089638986,914.64517435114874,149.85735734905202,481.01914662394847,840.07587417044977,96.156899973067468,723.6168368721593,930.11306122139604,801.04733026559904,661.73046389860576,844.70157619567817,714.67726377991369,610.67615650117307,204.73704055732722,205.00261840044851,-31.381424711858109,-50.150394853598065,30.279911966271815,-72.012066201094584,43.27169569117433,37.179019071954052,31.082074421248169,50.167351917343048,25.555474183381889,-73.607842058770302,-56.03156219569432,5.8479021830257221,-43.545138191750581,84.383821591898382,-0.6102990861403903,-6.0477113103506701,-10.128951608288496,71.467702119752133,-31.863472796640039,74.190848760389159,76.728270397436191,-40.574340626428409,45.055604251843107,-57.360595234582455,35.005650991136861,-82.833905331796828,47.647123263544856,36.140370712061902,48.042739617001303,-19.748367775145699,-0.50786859861294253,49.583829021482657,76.000658118644054,35.078908235690477,3.2569055795614443,-18.976185996015612,23.916778804494939,34.743117817733328,-15.432645605782398,-61.52426786423834,78.044783235448449,46.148252636281676,5.871394396715683,-8.4522876450895623,-47.312925904831431,-5.7208745660029976,-8.0970928667283157,26.317289712977299,-80.065365680340022,16.273933204968657,-6.9505713345619426,60.97579182756845,35.953444102004305,-76.198935327430846,-1.2555305657908729,21.843937284093432,77.904142233078105,-29.56917565963024,52.288613755917595,-80.734941655299579,-22.624313856373419,-13.329958433175239,15.881047741221693,-23.341990753451356,-77.435150818821768,-70.208244576707486,-21.744110841081771,38.989671734728979,-68.975846675660335,-61.881883912468858,-9.8441119383305811,-70.47906145367611,-69.228326400155353,-83.978469509220005,-18.849093334776441,-6.1318044039893591,-37.204825780059856,-3.4807108686085098,70.700870161443504,29.490831081388698,29.855747570905677,9.362571259579088,-29.737812916150908,-53.522649294647579,39.194838879028993,11.27560692546262,-43.538781329595622,66.233986664125609,-24.861897632350882,-67.090007240816135,-6.5045504913936618,-62.167724051846399,81.316483539482505,48.913258443114778,73.063519145912451,-80.627801567796752,31.325985028917962,85,28.676643270700222,49.166702402897094
12600,-62900,2.0027014937712901,1000,1.5922020561178658,301.06995673053501,50.925844228447566,255.04395338635467,119.54683012350593,556.86080755174896,333.42744850789364,481.11797742664356,602.79991137645459,392.99057309766016,296.12852300645181,29.952311775248887,63.384051345083066,85.520151963195417,556.85776917774376,714.11612119349752,574.83904085361905,95.601981261850085,829.53393918977179,529.94108257735081,923.98295484379332,567.96738871649859,270.39107243210088,847.56832786660539,667.29749816719573,439.37643223711405,17.955724473303121,192.39507906802987,142.21764135077086,637.42931930004454,220.78256897120804,942.66369628147436,581.65608927640153,818.20677330332512,255.24804650858005,940.19184289504062,398.27561129099865,413.98831103531739,46.868398375436591,873.94418036741467,271.37808292675339,385.23831690974754,372.87178733678712,596.85365301424315,275.02462186056744,219.94877836312986,333.11218271608277,889.2328614821156,545.87467155361139,43.964500345161383,198.89192909262658,188.67642358411575,636.06806633880399,644.19766641461456,334.62689158358683,192.67151503602531,915.21275495876955,520.70134090555655,263.27709858054652,701.58669901612018,1.6936196584042591,43.293879469072749,484.53822429423269,855.25049480544124,927.8144019284814,85.237264825498642,530.60872967594378,641.25001966748039,184.02945051816721,735.76870174530211,940.2859258647477,524.16731703306516,839.17987759626862,545.06987934355197,279.10966380291279,817.14277990875951,171.04278095879806,636.1248591123084,614.23381420071087,799.40784980382796,307.6780777216706,84.114038199827704,144.08729450824393,739.74035206011911,672.05556082068347,980.11459111618501,55.002999163677025,459.5783160141055,839.81090927846935,453.03905555814947,734.41347004781733,23.56204055454873,793.98547739127173,662.97871143705868,413.1750358800308,717.8629577922876,579.461872147853,340.80546724251695,197.28729753967292,-30.252583186022552,-54.631082886807221,20.866552356465832,-72.349939018052524,47.791043706766239,-66.39171577611441,-80.37846150652318,45.494182694328735,33.672275935949955,-74.87201314349268,53.707719616497741,5.9041408100681334,-44.087373792913652,20.234660296023552,1.1085889141901148,-60.317930145045324,-10.482791786714811,71.427440467386049,68.719622769734883,-74.55343697331891,74.974552555443026,-41.217170528902933,-84.488702017256358,-57.638891761292335,30.218056937063572,-76.646415952574742,-26.845007390083026,50.745393983446952,-23.535984587523345,-16.848052858660161,-2.6229264841835001,48.441151711346485,77.018211987930286,-25.148918067831257,4.877364005792189,-13.55936730225055,54.915477513260853,83.171231548347265,-14.82390425996727,-62.271990823662442,-49.156545505791179,46.237400752403019,5.9217256647756686,-6.5135722148307194,-26.529171622261334,-5.728614474916041,-0.39735762867816016,28.96090107761124,-73.884607558346076,15.430293386769193,-6.4166305421390391,60.76983500744744,35.243932129370712,-76.546249066474289,-1.1979798117854827,-35.214242781750713,74.921745657345909,27.659811785819869,52.494978802076588,61.066235816480891,-33.079016911049997,48.346072465516059,16.075420997236105,83.494527209873311,41.998046375026782,-71.153574828553872,40.141537713686489,-9.8136740001429974,-68.628792036404505,-63.486063831096104,53.178713486459905,22.628945076365255,-15.262522611470454,-84.486486903343035,0.13730703185096971,-11.324390204762272,-36.576232333850676,-1.6651295636965422,70.102946314243653,1.9139388583900434,31.618396061322589,85,-2.7459962334372778,45.40113545470804,38.560170697055405,-72.214456690408113,-22.502791357527194,36.033698225276289,-28.923768951665263,-68.245930381488009,-6.735529025716505,-60.924132670943344,32.341630741472372,48.922740323597012,-56.965359115743453,-80.21724181580845,36.997909708182902,-40.162384408617157,29.280003537666275,48.850749114696789
200,-14400,2.0672556942750333,996.11818191590567,222.14633461860336,236.42574033740237,371.51911094592469,144.74956226994345,113.49785970219395,481.91242808522321,215.87874483210311,371.7171939310868,606.00112583662929,122.94906429199953,630.51196808259567,301.44655405884748,69.786211501123859,85.707029367664774,495.69598380802739,508.42515996517477,494.09463400961994,33.947731728946266,32.279026197771827,333.11258588878025,902.98515042464737,580.47842054625835,267.23540715478481,763.39111190191193,680.54701495972552,413.07630731688585,932.13957472416223,978.24571488068102,881.39287553412646,597.30256078553373,775.06524097256465,917.04677087651089,378.23581452652559,756.47963830223512,538.15309476359005,582.54486340175185,986.62195157075439,458.30924470497877,132.08456402741831,453.7411470985985,700.82908708008131,762.22280340950942,396.98623445434964,592.33176219833547,244.66418598886668,201.39280400863561,731.37779189641344,177.68276915530268,196.69282059759578,374.17799133088056,233.42279228425539,23.521813902557653,333.5645839878203,871.183799455844,280.57359210560344,236.52740119870478,298.73409227805791,867.38982127685142,5.4374074224247408,713.47954016247877,1.3963199675067095,679.59191506415505,374.63856730933804,93.113545269160056,868.46416004299397,323.04703627218316,520.47614216324575,855.76466140296452,458.86177814318216,782.45227692355263,627.74724729905461,565.88605627429274,246.11782053565412,619.62891869036662,39.700639053739437,821.58504702833704,679.39002141312199,777.72895329607104,70.816844428907586,41.510748240091175,289.81320678911203,192.25179505976976,617.39911394390299,287.6561835210556,666.48571586456592,854.68657340295863,129.06438972616758,487.68289575647037,834.60999488375091,135.00609796059072,776.9977438657271,356.21055228058572,764.14165283890634,791.92569962231494,825.42747962645524,683.38909384208614,907.16365767857474,226.35970170206144,199.67891115936814,-7.8513643972788563,-42.283158038101554,29.311359193680044,-34.370809112564586,41.904888523506493,-78.694183711251725,26.278490549092343,51.752430404453676,25.648964602321524,-68.678098411979761,66.223874233462496,6.696080664749978,-41.646355873503062,74.540549450790181,-49.800487582397295,-5.2150908173572716,-9.2408859494529096,67.539709372369117,-62.064475516195579,77.264050311966585,74.609901657850116,-41.633805065837265,30.966449779030114,-28.04878149787352,61.20363593642697,-69.598510335781015,-27.576222557925231,39.37516443067215,-64.625318526201653,-17.133735554915397,-6.7532325412053211,58.014732104952614,-16.24183131875283,-27.234274421458636,6.592085455886159,-16.286356000591319,-4.8247726964119977,75.961004432790475,78.257669108394239,-65.603065466347232,-73.420456164434071,44.28590209268291,9.199626849750393,75.162510605709627,-48.856341413776171,-2.7065341620829955,-3.8754169955365172,79.394023454760884,-80.577397421212908,-13.29440766520025,-6.7637129571890675,63.385569034396774,33.016195195757085,-80.982037736323548,-2.5583904746531569,20.124594137748062,25.859145278481353,-31.908626491604409,52.406798340398574,-47.250480667724318,40.073672757738493,-79.976207843690332,-55.178192613341309,38.433378040049774,-71.021544549091942,32.789919132724009,-23.461767216499453,31.401744988716178,-68.841637298631824,-63.281177080961115,59.844904133647262,32.049212295245425,-22.095641471408939,-29.978120111634507,0.43105254051880948,-7.4939289516704699,-36.556157875233922,18.960505571146946,81.701352260612822,31.879668697547956,29.346006753453484,5.9958616032701286,79.065738988041147,-1.056642226156935,39.001496993380179,-78.978799078922847,76.656440886087111,68.818396189237973,-31.347102791120989,-67.7675090962409,76.594600698226515,34.966036457985794,-13.638626628399813,39.001149811220046,68.324740559221411,-80.450119008904352,31.299393022533049,-3.2454006206768895,28.401528690093745,-78.015300453156328
15200,-63700,2.0600218777812627,961.91940212059205,9.904115390187421,342.22465893495826,362.59638652485143,279.0737968419354,107.52419029989214,510.99685921940005,322.17482782439345,371.62655769770072,602.66562798578832,132.28062621294686,656.48010086973466,285.31370330005819,67.475337263973927,81.660540650541421,527.72469244034983,724.4465061594226,70.767483415266099,395.46295544984645,504.02180445373426,726.90668188829727,227.65157512645641,219.75289042880081,270.57681535544742,844.91356121880131,596.45032628560534,413.92619299828988,904.1916724271174,700.08926542517088,706.38727958256811,361.22654275340631,28.181405889357926,858.9202392246782,551.3822008903702,813.68841816704241,541.00983701376015,628.436170006628,458.28912888707072,413.30537608335823,491.65714141102325,820.35599743103978,270.28428257853938,655.62133516405743,708.83629490977285,596.88762161771763,276.57643654789723,172.3319327230511,728.88801637546453,147.05352690287992,569.49380936674379,32.022842064419962,839.69675484591414,188.46719630857768,341.6305535393227,362.31417557869139,620.25764964620214,224.49950896872886,907.59107631270354,489.96984580323249,265.46215799430547,787.6052136012388,54.478719307580036,854.46114585553835,377.11460802394379,843.22559247213974,591.65569543251331,30.592145700672859,516.26878943144561,123.90198424893886,184.72730203878456,735.87840360364839,595.63025013291212,31.060224478559036,838.91083315221044,180.8262300806077,277.82647362482737,807.37103441580427,171.25655087186831,631.06706791329475,563.7252349173674,848.54142471628006,84.873521709935872,179.67969627805309,189.61381100831687,738.70246099409917,690.29643405854654,387.94885773270391,62.233590452741083,457.27156329227489,840.10814047377278,128.83805935920094,751.04815000821441,339.65755028659555,347.58310872903866,798.33206434754857,459.80906045979236,680.36166232167602,563.44299053825171,197.49594969765658,199.39836385025296,-31.356572384727937,-43.675604661715475,30.188343579792743,-58.185334957572444,43.421810815865129,10.758048478568593,-79.537570593776593,-12.438440710860185,-42.011439054865122,-68.907474353134972,56.346693831320131,6.3528871960230475,-43.787267205615727,85,30.908479667682901,0.96836010309972775,-11.525590911750172,70.721264527984331,-9.9598710601376155,63.580924479250072,76.289510570068487,-42.572740136590589,41.847119321572507,-25.946565433966594,29.49610638298212,-69.592739381073699,-23.825017243938664,-52.737765369588004,48.779821984354832,-17.183701090657948,-8.5841171209395419,-7.6158609827096448,71.561330652170071,50.52047719062088,3.1814803566865595,10.131642088147263,29.085994963987812,81.054190634817004,82.450178599811679,-60.700301379447751,-55.613626433430483,44.854056335616917,4.9703142500490012,-13.963526016016054,-25.187048435142746,-8.7132038405441108,-8.1236400546556116,75.736322564913195,-78.479172313564149,-21.856605696970256,-6.7087714709999107,60.944564997592479,34.585872808409121,-79.331397789069584,0.8877014789615254,18.328728967090722,84.527426171870928,24.101509742862987,34.85553694031092,60.037190836545449,65.326650285042007,-11.050402735013527,-53.285891578465581,65.778386741210582,48.173715230902062,-64.980084953263784,-24.34053930590883,-11.966287340082346,-68.683390788216656,-59.209306697060029,55.213483198207463,18.220417883769208,71.959369980997934,-83.929939539440383,7.0182953421945253,-7.7797877947949745,-52.123930913269938,15.230870412177351,70.721897509155596,2.822514427223842,31.514836072938795,79.339544739905577,2.7447870743673626,-70.041856021219047,36.11715042754372,-7.1887088725962744,65.055407996616566,69.859201403889102,-25.227020900100072,17.074824962206957,0.54619645354203117,23.818153699273655,-11.814182093912116,49.394982707824418,-66.357760382935552,-78.560823959043944,36.944733085157772,-58.784828473710782,29.312161844329047,18.823200505207716
1200,-41200,2.0224784826519864,1000,223.37565612731589,684.36015226104291,71.446751879725824,803.50203725924257,135.40267627281182,787.31065841780321,332.63950142003512,383.11800007978303,564.82132081264456,99.042935667831003,120.11279920427693,8.1959190253408281,61.664562064317877,80.270845449811844,516.74775633648403,566.50494239831437,72.428892395642094,396.46000506861486,516.98420788858209,339.05576291688925,389.03474077910153,576.81817114469391,266.94152319347239,885.8167633304887,1000,460.05924565890706,949.95487685814021,858.67001553657087,948.83782813196035,634.70510964189702,51.896349067559129,970.0440680620668,329.36444658592887,814.71977502410994,511.32851393688645,893.51333484391557,346.27357253469677,652.36215217604922,542.44236713015721,876.25285396861318,268.79311311284886,398.90159287253823,381.65923053003598,593.89706419616869,402.66860394163399,180.53203363483516,130.90618645635192,178.08234928815804,70.157105134438353,51.255446659151488,737.51988183083211,193.40874102359402,658.56695873164153,391.37304502213397,649.7492633578745,224.54953451842269,932.84036801877892,860.43436873853523,275.64589522483038,409.46372374991813,18.239790886047384,75.386557898982574,638.43334817657228,182.04819949043218,828.07289172082005,904.49809499301978,517.89596353517879,635.35151469509617,193.30791725939048,736.60815930818728,943.85869466846464,532.23279727565227,824.66219257845398,561.00480121018848,259.30507587322069,819.90345145557933,661.17780954102693,759.93066369500082,50.10411779855815,801.15450719841942,34.573194784022775,505.64667183622328,135.70338771936935,279.25461538530271,689.1040314066729,386.92116398759003,231.64273685546806,478.97157626916572,440.37178478187923,135.11307700676051,749.72784618432149,22.855702595768946,369.27055836611009,673.45089851354328,127.23607781509764,712.85971418634995,588.48409045800236,199.32609063221156,174.97454569101313,-20.546574869770186,-42.968212328227558,31.799612624247324,-70.151806972123353,42.006528986446817,-56.520169118680798,-80.607898288254688,57.670870216770602,-29.839071723568573,-79.952189967583266,58.088125413891731,8.2400599866102802,-45.251467193412665,21.718382848260461,-3.0763598173017712,-60.91026784319493,35.926503955079433,64.768234031357963,74.289624399101939,-73.130898037969203,68.894022327150793,-39.787326075167179,-80.357547706954051,-27.077972211248159,34.660064247914129,-69.070720134373204,-26.844074566586329,-29.224548106818652,37.463720595546306,-17.142539879621413,-8.5423633322808072,64.752852795811918,71.904030720508473,51.739888213660869,-15.723902462846787,-20.759189549321107,29.194804921404351,84.994291750486383,80.169179904689585,-61.770675989735331,-73.918110338133374,44.264824352033258,9.4234062149919602,81.238821185726579,-46.616778301435417,-8.1547262179547442,50.710252556461327,27.042386502972363,-77.387424826136595,15.922080969595537,-7.0810639728498073,58.955753953215222,34.888527580849392,29.23533324276552,-1.2868626654843069,15.970521696051003,80.727219432156701,27.417434827375342,52.434433861189582,-78.770485899843251,-28.792484721190853,50.350777065224136,-51.149786227421082,36.145748872838219,37.233829527534006,-70.37858939478005,-21.000578501939415,35.646788477363749,-68.577947408934847,-62.793487472096416,-14.945690582969807,26.00082113342679,-18.720831357167118,-34.625045295128551,3.9089906350151153,-9.57991219067668,-52.463281353643858,-4.2447694913746332,81.154506656171847,31.3167138873943,28.555946147374531,26.853446329141406,55.641119883275792,45.507553310649172,38.665777796890637,-37.578133506858336,-26.842232335053207,68.797949633999366,-26.761316078055934,-74.6338335850253,-6.8595439246754246,-71.907373095700578,29.094208635763675,51.319980609728162,-53.952650724487967,-81.024569884183194,37.139986384017547,36.593988184504681,30.067243869910577,55.685625288852123
54600,-68300,2.0022912256580443,272.18758341364918,5.0819696143132518,299.85508792375833,77.738466621304497,208.33159691618894,134.66427244271557,804.45469356114302,190.49801535957482,477.81144615682041,605.06422349631521,97.856029202485644,108.76573358872986,322.04416849862446,609.60509995070811,80.493490934870394,999.58882943428193,524.08158127759884,156.66592316280185,396.78541045935845,891.95891002827398,308.84346435309868,919.24895953282703,554.08850225289461,362.12850974033995,847.03209703615892,97.461800392051742,403.43087041619663,16.219462979632908,177.55579576773249,864.22765114430013,661.29574848586685,268.52067887547082,813.61894856742197,404.52680789082933,821.26226519829527,513.14450464015476,390.6474942481928,958.72523142978514,115.60735157978132,635.19272283122814,813.02144722507308,692.92698216734652,516.42409188046531,737.09448072578141,598.03534670810461,383.65703786942288,195.31068996911469,96.263061493693442,163.77831141401305,214.88933735192927,54.702567246784355,269.6866950323984,221.27359627628363,635.19045721367002,383.32033418917314,731.21929891581317,223.13584959423497,14.80434339710871,497.8078240710073,131.86822277679948,188.60201723004059,6.241524611161358,763.16436482575136,259.0136949026396,851.67693541985273,932.42468289274234,94.223550749831247,515.44404403816532,631.75994818589254,141.77387151420976,845.64433946673296,937.41084656154476,462.22726762219372,884.25659087217241,169.90030494583058,188.7820898016881,961.15448276168615,287.74748443938432,762.22131159339733,65.588215108236682,801.75914521972663,81.298709085471515,290.67098281226481,695.80651502090484,738.84536572099796,687.5358342628972,378.73401998079942,774.71248310949636,485.55463613620918,844.73524317517251,503.61265353460271,94.307195641562714,772.43345326143628,355.39825911819764,791.8582112662906,444.30146268125912,853.18717752444763,583.02136823317528,328.12966779951211,200.05279874116667,-31.118166337649445,-42.817700132412327,-34.953411757962733,-34.452466028087798,49.280058451883363,51.690954163270519,-43.590336696240591,-15.501788461141974,39.780231615170308,-68.133933386025404,60.889323742199807,5.971035104516929,-44.094005041535077,17.504326946285929,-48.108713120048144,-0.47986269595636344,-14.185641234878311,64.744716214535842,-9.6748682209703851,58.677296021856463,-60.132877686493181,-41.542235716439549,27.977949081912612,-57.884074187280234,1.1665190165632568,13.644134697450824,-60.355459852138935,-35.737649523389436,38.252370522338872,-16.068629700506239,-8.6841379072052529,-13.739204969313519,11.458136564214406,50.022401709287728,-9.4202572716291755,-21.699128900637984,20.51818700585169,82.372739403111723,82.449433166804852,-65.451414629406713,-51.425342331838969,46.741792061435184,3.0121673323334628,40.953495254481773,-25.576503739676241,-4.7097108391119207,-7.5880646697413994,37.225077420258927,-82.629446977890382,15.975352114432962,-18.031587849564499,59.262781045522907,30.184876916190074,-79.857787986054447,10.059964935112667,-51.006696345022888,19.172743177340706,57.536129087395317,58.57340142816485,59.803031542971922,39.00744538172426,-41.126722460911253,-51.431830130992836,-35.350948285976941,62.805645376456631,-64.178547029171881,34.196457390104655,34.967615856194726,-62.825182741159402,-8.6935771954716827,48.510382851567684,24.727310122391664,71.743243180517041,-74.601498446600033,6.9895168968153394,-7.6384084489548956,-36.764878901433548,-3.9924552443279566,83.549828828264282,43.141002901223573,29.961077068503485,-78.468438463770653,54.313573876303145,-2.8935833099711239,38.387966097004771,-8.6588812266044624,-42.267951612850318,20.213424034592457,-26.364736114774914,23.73316424502627,-69.521844985305378,-49.15060414539694,-12.802740878153454,49.181243999507259,38.731452722002814,-3.5385945385938697,37.660236131480062,38.844084472197821,26.987597059081587,46.442194257484722
8500,-60900,2.0228010486514845,965.308115179369,220.85147692524393,341.09033845423676,81.598416897491433,772.33712633269693,132.7264840948516,823.09412670724578,203.67045418104308,376.31887197167265,602.47950516664594,117.91661080973878,125.22163694844583,276.25925249723662,261.68423359666497,337.14952228539903,603.82112068734602,519.23319784142484,61.553844549628977,389.30710074506612,827.00522164938548,322.03832084609115,939.44481301627093,557.17971489008744,266.967629489449,843.89760195930137,1000,455.19678859931582,41.127018999076519,238.48957795090382,124.72736145234609,247.12380914370908,27.184259799659934,395.64180678100655,877.58158389425012,813.73946539661029,536.90037561795862,192.44856483858672,472.19765096112303,644.94639362010525,118.53595148613826,813.91744792376448,294.82635024785327,615.81023088018571,371.6137892823063,584.22640957333999,275.55987115224985,404.568773754456,69.94128206677911,165.19498901104413,58.67913215763447,746.15645797650745,186.86231771815062,188.43258344576705,334.9918395152518,893.97928493594065,579.69346482566743,208.84286170954257,261.59886981936114,525.0799404173107,635.55295804528521,419.33248823956626,858.13268473615312,676.93529113304635,373.09407765866922,79.673649822140078,903.76645423095601,84.9251525943356,513.59702463704332,631.33557531621148,183.81108963002077,8.6449417743119987,922.62437232978164,528.58071812002549,573.43530224444987,172.92471873337669,286.50927263276219,819.26478826595917,170.64872029342371,759.86446888606918,41.296621208212756,833.19976330944507,305.92246508790811,495.50607444695197,656.11766726337282,771.26069373994119,661.19345188050511,416.10123881381122,732.83033339489793,481.30697666235773,436.78887294952261,460.74268815279254,750.16745868038481,790.82530892366094,370.70886219617245,675.97862317370016,474.29552283372175,719.61391193528402,563.06803023917428,194.71075972908775,183.99797188464723,-30.321604021435814,-38.907269060862745,32.989197563066881,-34.725400040933017,42.034633367591525,-67.994619351791357,-6.3193169110266139,-12.89664511868158,28.172084603676076,-75.685269881581107,54.911265644142468,5.8505649737874288,-44.065290370213347,18.209627825409804,-70.872448851771395,-3.1448761123132316,-10.116054753192907,64.741460248972032,-31.437657005254106,29.154475925177145,-49.722466675464936,-41.982717917947156,51.237574612117029,-59.31944987506489,1.6664858751572709,-69.465604091189633,-25.6704682681078,-19.656668348029505,37.523592064284998,-17.104475099455843,-8.7843132983732666,58.719494100154456,76.561492085830821,52.156311144246402,4.4032068123078041,-20.771034044669825,28.411156994187341,84.483016008940226,84.989649752158044,-61.616462025192874,-44.333338432194537,46.375774155020672,9.4166323877136495,-6.3957927477701331,-24.679924337871565,-54.429509313229381,-11.085713527714042,26.862113813585434,-14.996662876733645,16.931712657287122,-6.9850865667500956,61.891084441824866,35.689543745178234,18.717558224116562,-3.2704700478085855,15.887531261222195,78.161551853585706,59.015735633687044,52.290942776120168,-46.336214828451517,64.205241961419901,-61.935751629077004,-52.192085472423663,-27.27974299482074,-70.030230874234476,-65.175982906276502,-21.4417153175403,35.132824640061067,-69.008144563181844,-67.221347793199911,54.167795945556534,-70.576726969800319,-12.592721032582967,-81.628423505792682,-16.109706908355836,-9.5920019312297651,-36.294877022487796,-7.2125014175120343,82.675025115151186,0.58920691412546666,29.93207541243563,26.160316496749456,-30.485318363978148,51.802619574739388,39.044242290352337,-7.2554043673642656,-33.769738878403558,70.788046703948098,-32.47691165728223,-70.207755745724242,-4.3447543783147751,25.343763298203921,81.284200116166289,49.545652127611767,-54.714187866747544,-82.7442120404978,36.994250102795142,-15.539807204458281,29.371913519586592,49.421727086326058
6300,-46400,2.0592438026017517,999.76851807023831,23.772045882402054,679.49093053701279,66.757896234585303,209.39973760182312,153.10323927130909,809.48595991407046,127.53172184432391,496.37850690193915,604.41970784829027,362.53427340828898,273.95442653989227,324.25170727340191,657.82551787392367,79.671998050173343,519.97316032323897,711.85693434538416,581.47477483435898,386.81279387175556,795.69339920822983,548.4070941445035,900.82012516935652,579.64351180808239,262.09348141461345,872.0604471003071,108.69592397933343,106.64457434156154,852.9552826381896,832.28432767413506,75.564585563165906,629.63413042032573,222.61761297370933,125.03080757552976,328.40536963068433,818.77438290137968,992.19909737151511,377.84752934780448,418.42048694980343,460.2782358123597,513.67283149682999,488.99751092777876,674.3625572028144,378.99370172158075,766.60840592189209,598.3425990728731,274.38967869252212,209.59226273946021,114.8777441963893,174.11913388720242,579.80648118580609,42.632032320715808,264.08826300125111,195.90481254951317,627.82109385398257,647.94019890967206,347.24431081704017,491.03697784386134,401.38224743007481,471.69000476495836,296.63381204880955,705.57843086006096,688.37911131375211,24.621167263486541,654.35397063967548,839.03914489895317,911.12768650550549,902.40588233177243,444.01335083755879,778.59491413535341,178.99249605221397,735.69112353352239,24.585213683581799,489.14669648553752,834.28186758724587,553.04688568762197,260.40006384895241,821.79989215622356,311.63787520308699,760.7225395431177,73.604300250035095,800.45933474940364,46.076794645120629,283.65085775930356,138.46013673950529,751.02799039235299,677.43020829004922,384.91201092278948,749.80323047240859,456.94314846605931,833.85232569711138,454.96714229740508,741.58956914731436,13.386453246392875,798.62647482184639,804.86919260381148,409.86405013558607,712.05140406473072,579.04929749138955,192.90286392275132,53.783528224001351,-21.129080946456209,-22.916694915171565,-33.701587047539533,-34.063567126725019,63.982918273606408,-65.030278159057204,22.848062644477952,51.725973196307883,40.829860660763842,-77.367760454814189,-58.144502415065801,62.73076688196204,-14.063171603221612,21.639860651785174,-50.506618129634624,-61.405791403638737,35.767571429847457,64.857802029377538,71.435514779959419,-73.372622992924832,27.041674925737016,9.9350340266527368,-84.86431434759217,-26.647617713762742,28.562558236583829,-79.640251645258303,-26.063053593489602,38.710395394616121,-25.418139902684921,-17.181453756669562,-0.11489329817608818,58.401120946060871,74.935305669010674,-33.859302922143115,-74.712387408678879,-20.234168788788843,29.144746758554192,82.888552104720432,73.559676380194887,-65.70793414853506,-78.162963558655662,-0.83629648325922901,4.9354249071094802,84.078570222840412,-24.815867901680175,-8.7965570609000636,54.90863670097194,23.539228262715291,-12.924001161237758,15.679760033183207,-6.5844606827037939,57.78425222397037,35.143408535587618,-69.501940182606958,-1.7922369717270215,21.003260051660192,-26.608657178020565,-17.750182894848994,52.56087582432199,-82.017361225792285,-17.506825416077554,-40.312979516919057,-49.132858472657333,38.661814158027575,45.508928694844734,-17.746005537137876,41.649225473427457,38.67715151656666,-68.490638700162862,-0.80338208017865043,62.801456648180952,-70.276326080695071,75.598666496923201,-81.975002212947658,5.151329671749771,-7.7748896036141018,-35.636772895900442,-1.9044448772629687,80.253689171360307,32.31278241083622,31.447688439518039,81.680113251402076,-2.0870714610490992,51.289982931115148,39.734035207159145,-36.33143475899449,-27.315305391883083,65.827451413984747,-28.586317248414758,-70.212848441178167,-4.6435012215935672,-70.673083113673002,29.009458862502157,49.543859654264502,82.755510889128118,-81.713640777790332,36.798835149171495,-46.231957725688304,-29.846606090099442,46.478368746709073
13200,-63400,2.0003369082728315,999.43260254068537,4.3860936245168674,337.85309106462489,382.80433396756808,780.29250944995783,133.87509133915006,206.45260548957884,324.52801153395592,375.79608828287826,603.56674644488919,97.1095016263221,288.74180251096931,71.356630898836826,310.60194816880278,79.037189602938838,492.66329815265362,714.25227928967763,191.74441258697121,142.16239737114367,826.77744028428879,521.84652031774647,912.23814369677723,639.08200335041079,265.43873952849333,871.94181851668975,1000,446.42059463340559,979.2163365649202,689.67519871985701,899.11530361920234,611.94753740501903,135.52249160839489,959.11581930739703,550.59599012166677,816.35334967233871,540.24731003632928,904.9925517199722,413.67163337558225,425.86494510450552,19.283505799546958,872.28695224084572,250.66270597528106,695.46827325268941,389.18026706060942,596.22661406545592,382.56645500246918,193.50038148729749,67.969278752482822,873.33067658790844,566.05272645701666,30.881963752642005,270.56697341461063,165.84161462083082,594.55540070841084,295.54091660865305,618.17494672665919,218.37711732958576,905.88705725568343,1000,248.43037323616113,410.88299012412972,558.17198654682682,670.95059644391188,478.79485378730271,212.8069167498229,615.09057209684909,83.818741515943799,482.57714453373137,141.29794451296604,144.86334181318063,843.52876513898696,546.90900633934098,529.34497566632945,255.70927281968005,560.80241577384413,25.41463658896771,108.28863633822124,173.67415193859856,647.87318572715833,20.230466556165766,831.18111601471105,308.63959595494907,739.35783063654844,168.30925569767317,709.60345063712055,630.75616482730948,378.95806459034435,720.81885877937214,481.20750812373888,839.56410652928741,477.60909625920578,749.93513724850447,36.253491438054596,831.82519530173943,806.04558616112695,450.8805843227442,686.05082445821051,608.09865986341219,205.02267184211581,53.413858385842587,-31.102521168213354,-49.049076854770398,30.295731622498678,-58.792044480417111,47.858503438800319,5.4555449796076534,-84.74415517913522,53.305593045064271,36.120802295118438,-67.611959354652342,68.985935268499205,24.094794786436914,-43.770355630142987,84.047391998844901,29.809823911240557,-3.9080294239792379,-11.254868358751446,70.501231786081945,72.673706424112609,67.837781495435564,76.113787780085147,-14.394731894638102,34.945233706942652,-27.137191394774508,30.501521737159994,-78.254675571048423,-25.673542326101646,-34.466916720378514,46.717486089157717,-19.606674366975465,-3.705769099574618,49.747151047057187,15.490412054325184,56.905480343986461,3.904759320311546,-21.625116471181219,-3.2821945075536636,82.554944834068081,82.143770509091041,-65.941878113896138,-49.257378836796427,46.518295549698479,4.867484129556332,-11.278951457422814,-25.695397446526062,-6.1270834306689181,-1.6948963106122275,84.826519435229358,-78.700234115296539,-16.397222449190497,-5.741011091103422,59.206775493197341,35.971533692624817,-77.840953788802636,13.533331261396185,-36.62100349296859,21.256689993038073,-26.743436613556408,51.486650496168814,57.744438303363992,36.196781198512404,-9.553988385452854,17.29709465278524,77.669352253680174,-71.673020868965892,-64.27202755277861,38.198993735072875,-26.324908749467646,-68.591711384902979,-62.852163449320614,-17.752954959599407,26.811210666795475,-71.929911244069345,-83.994861279944359,-15.866044346876567,-5.9291470464342773,-34.461546732319825,13.725478824907027,70.471666960343853,32.73990641219892,29.871837121188356,77.362648695766126,82.111223640765189,-52.202908090640221,39.091865638648436,-9.221285873198859,65.888880283775634,69.747835264648316,-26.20255940957988,-5.1034999760257449,-3.2891959371535879,-62.400513507961705,77.948593223159449,49.557033914526222,68.034337937066397,-72.839969158595864,31.944206832053961,-10.488395191185695,28.347761364464031,55.682260471625085
13400,-63500,2.0607855245098059,1000,4.853006409993224,217.97944010259593,371.43122272177942,281.80077918384222,109.29394494354911,551.03320548748093,201.44266763497455,375.87679368621843,603.08561696252525,132.93073545631023,301.79302186330239,282.68343491321639,64.813651336771755,82.490802693227295,1000,724.63702712852171,447.86280382949747,421.70748863371841,519.55673880670793,354.66476025159443,912.17688847644001,575.62263960792257,264.46110603846557,854.07203453974114,134.01237208163104,447.07991417945061,973.75181821327408,202.75922143463177,905.02375301970858,631.73788148359506,305.2537627052248,973.46059531217929,571.46371641842074,551.11408700954894,550.71058265324132,598.33866176968786,968.22183730350332,128.29325806827401,19.24556631263782,903.38387661399429,270.23929090405437,655.32133920873957,375.35250703869764,596.87140456415125,279.51336169091246,181.74899274066121,70.85823093885675,369.83632001319086,69.229149018203515,7.7941922161515471,868.43620690656212,188.52533773357518,665.5607401204586,930.17019765455325,738.456999245671,236.52047398590213,835.01550526067967,485.82694914191484,268.92813952877793,403.76712195242146,74.922174944887644,672.28216891156114,257.77970614172136,851.49284512357917,628.36858941916614,10.404353146129921,535.40706613405666,642.81728032201113,185.87678148494348,730.63290958797006,956.76097056724029,36.994854526063563,856.07727211552674,149.6840459006508,291.49170636822419,860.79394668052214,172.56667081254753,636.79242477438027,675.27364191512197,849.56588261514071,307.48690463484559,50.418472545607926,199.54579736285837,781.47908114759605,635.59754645470252,379.83131969126242,536.47611239067521,311.67276341997001,339.17764611440919,78.50640512747006,742.76873440183078,881.15430172307424,369.05259958420027,790.35053559193625,442.13859579347377,931.95947350294125,580.78629690716662,197.5990821708138,52.570444112241887,-31.359808419733088,-49.778581616150198,32.454110331228783,-34.671817020265031,49.57489257986267,12.97840120645972,38.198698285405449,59.271445365809981,21.636374868867648,-68.40856818600507,-58.181914042282386,5.6888115304488256,-39.163039891545353,23.703144320129912,-2.7599280776008328,-4.9378156047001749,-11.529390195429864,67.636790450241421,-38.158582294928053,74.727891311823811,74.218705806238802,-35.088953650977444,-74.78978516748154,-28.066044769486052,32.343201030735258,-80.585489454979623,-25.726077244033469,-47.191485955972844,-53.607184711829859,-17.092895093523911,-3.6947550919614853,62.069906277236427,78.868322016066571,52.770407708237336,-10.796821072396515,-17.861472382382782,23.946505285574275,32.530010099936177,84.961501658990812,-25.818516835482459,-47.996038694147352,44.908184292726418,5.9514152234796649,-10.641078459409663,-25.679880307849782,-71.373513937964276,-7.8047189963424604,22.577600447551578,-84.830161249987512,-16.662726722507838,-6.7592377346744623,60.987095038656875,35.290086538995595,-75.78261390089088,-1.0394586887707984,17.969880418753462,21.547583113258604,56.588774969101522,59.052176650499256,56.968614317874298,-24.020508909776773,-77.327034513466103,13.970468656540222,82.431075059549087,-74.634778108776942,-64.995769664221115,34.893755911544318,37.039961936667943,-68.474449250847769,-36.883230794014054,-7.3545555732113925,27.919983670840892,9.0096243793018296,-84.818350276687625,-0.22966779203907972,-8.8383418228340105,-36.565741696817291,-2.1880647491785101,67.742392311110947,1.0576041027873764,29.861862441378342,74.841326272782652,2.937862511276272,40.912914293135103,39.032651108005474,-30.897266358610089,-41.314077004871791,20.474220615475179,-32.149880084408125,-64.745383755442717,-3.3585799368123794,-63.037205957193962,-8.8279370666265748,49.697368251613248,64.959848568584249,-79.649724365076338,36.985745802890698,85,30.118636014814609,-78.161187134262832
54900,-68400,2.0055261937945295,264.88262449381114,4.0584251085975431,302.23228518373185,60.3873792071605,294.99121158233686,108.37421640966238,548.85198437378574,334.85025003327888,497.41693513409786,603.18384754739259,108.65682431008929,372.98755351225583,40.849860471934115,70.191931340956401,85.551103543145928,1000,514.94810128064591,74.846835775841015,393.43383218732333,821.79437864012596,509.81038384669608,919.61124223715979,581.57210764393869,261.91925185007449,847.41091487199651,621.97214211402263,437.47863399203698,9.6998580278882116,849.34623750230378,197.29167689211334,637.60874950347124,232.3049933072403,839.09224611766751,346.82378564923511,817.05672891794825,266.7048163194296,414.89623567984916,965.86392712718782,458.97067945061286,531.62728669439969,484.54073393779709,290.18516723417343,522.20036708924567,372.31381810118631,595.36137711012759,395.07063311457591,181.4048235992185,328.42398201074741,177.64899448709087,230.29579418089438,37.784468238524759,814.18477041340702,200.3981449158523,658.79258052406522,874.79164410116198,662.71194048865539,234.22845922377263,800.49602632213578,515.82421402317709,639.31249698787292,439.14551552168996,8.0069375983797411,670.55355153795631,260.43574868809776,797.70604627440457,909.99513018869618,960.24154736511036,481.04800759719342,640.05477674917131,163.952832854191,754.32437450019881,539.24880455841333,523.60382624609986,831.33110157214912,523.23084416079553,276.66769248349539,822.03033697690273,157.79808436724105,638.30075758751855,34.039167247065912,796.74653537677852,303.4281107811214,283.12434999673133,147.95178993767684,739.60184184192951,631.85554042501622,378.91400338378139,62.96733253097085,476.39622012088114,293.9049785682696,505.97417912326154,722.99404135283226,28.508675131589449,384.08995832894396,659.08252343231266,450.70030632641902,802.80153069170046,567.32984798651057,340.23261534771933,204.83739921623987,-31.089401352625938,-54.948082750427297,19.818503924175772,-33.334450558373888,50.105775940236676,12.131820376426642,-73.880867241816148,-55.701465065415434,47.789706292617183,15.105601752176721,-79.76244490820217,5.6516650874278129,-43.475728196543884,17.715797290652112,33.671753734614768,-6.2374263129998857,-10.526976195384309,67.589168662172128,73.575414592640698,1.4019141129792734,74.059777150436787,10.737918761776127,-81.321657998152205,-27.046043605107609,32.083387765918609,-83.73222397464815,-22.530844001325278,-35.007240646070407,-52.819047156149082,-17.664160444587221,0.81330596637883779,-9.2345097775875047,77.012737449911626,51.0018547306369,3.0286845748472011,-20.972367928732318,52.392924298082434,82.060765578003114,84.480018841829477,-61.631456304118643,-41.772759584891979,46.480423177587504,4.990311057126422,-10.695587340505554,-25.686900652017979,-71.488120595338145,-1.6011960535154506,21.089058942969583,-9.6387275435757473,18.975664023389037,-5.6216436098092935,61.26100125752955,34.804903349933205,-79.960901303001876,9.8979280371593816,-53.893880759346104,81.791068731424986,27.596550068830204,51.992872867835487,16.991960408455938,59.153961967688311,-38.047980706122097,-51.21603061280409,3.100645232363437,-80.751082266709503,-54.372374406564688,-18.654737478149503,38.057816133287183,-68.618408063222361,-63.646339561181591,62.400162446785558,17.765876995387188,-15.420830462373438,-27.198934534323449,-17.225942757754691,-8.7141602474514102,-37.141602532562786,-5.2300564003611321,81.359032986156208,0.87926848209193764,31.600053431296082,-74.637467539517274,-29.902868499544752,47.46824227349196,39.739281635970208,-34.755463892731754,-27.368633166009605,23.516059277519936,-47.901713637943637,-71.859086905898778,-4.7173278481982832,-61.886949166620113,-10.524898908321127,48.838924849791219,65.619163440652983,-80.222088477157541,37.000417458897772,-48.061774434543345,29.641836671846544,-80.310104219143042
6500,-60400,2.0211128993588208,1000,230.18662700622696,323.99132481417155,372.1277147157877,767.73745285033544,135.28844772854168,819.60661641920296,112.12618809485507,379.14291328232173,602.45136242452486,121.3768615432993,120.48950532401354,446.39775278142679,645.85641562018429,34.861822299141579,605.64081078628726,719.56126668150705,233.25271080522418,395.28832183052276,824.36190723288132,324.6981344066229,901.69105552655378,562.84843256088675,270.00268772066477,872.14335872374704,112.76143282826416,455.20301383986339,41.186704081709209,851.71243209458066,126.37140953635723,235.18894947049264,45.335180610242794,114.12219852189574,346.48288249682071,818.99578732818713,555.79896410122944,378.44126841740388,472.84968760894003,405.96131306111067,123.66175327109494,813.56980283017867,706.04775013974563,617.0880572463509,375.55085031354747,598.19812474408184,275.66342117607269,205.68405155233,318.5825719418043,165.1091552826839,580.87046051373386,781.66597263531662,204.45999238792905,188.63878513698359,661.78693809235835,653.44870923324254,351.86927578544771,208.79371277720512,293.51236132486503,500.64384726694163,296.24760637039799,431.42936514441743,828.77492066326374,2.5015009448864021,671.29239620326973,88.949534845895585,903.70445957190111,557.02104162611602,513.24167473644422,627.16246487502633,183.36712315649893,749.73989970421871,994.9978471221508,528.47606313667529,577.64307917790416,502.97235597829933,19.032207582583467,818.43682568814313,307.63034053148095,760.21761182324713,90.669426134244901,831.00684722697133,281.3418697454382,286.27589332981188,214.12160325653633,923.27949365742143,668.13049195123858,417.86619434735258,58.599144244407171,459.10115981387139,731.48733577587427,98.540319771031903,780.21550983365796,347.51735423829211,792.57153982956356,676.8365597059194,457.3562273110403,716.19044997256674,562.56008498638289,192.87603596125345,216.81664393350951,-30.3165279275802,-39.090286498762914,32.966690410527278,-34.719106926563491,40.319020588362299,-68.148975397171625,-5.7555543027858516,57.716728580810461,26.98678540705809,-77.398970183768341,55.18599064017306,58.082647137754861,-44.064357225188779,15.108474404842649,-68.842599594468695,-1.960947495302122,-9.5933766230619142,64.813669001136049,-31.443266000033447,32.169131455068559,-47.101265751631189,-46.649128615278762,24.679587191313733,-29.104554733801024,57.453285742172291,-69.470711553475454,-63.510324395397291,38.720485471191608,-29.038896501588852,-15.707623153622505,0.56666671778465627,59.924644498559559,73.017395550545885,-34.480951995956111,9.6753102164318605,-17.539943752379312,29.170856245391761,83.591487083084672,85,-61.622588565238409,-74.455293270731772,46.225650130469973,5.0455547095512117,82.136083615492538,-26.656270326576319,-54.438605594224313,-10.579852008068592,24.955281518167798,-80.685957774067091,17.405750582408274,-7.5082279044515605,61.830266989717956,-10.346414610869319,25.944691357467217,-3.4613082042255074,21.404801068703822,-26.953100449362086,63.141114464312963,52.46772625410825,-47.299129517330499,65.289649098567082,-61.667055339672672,-43.358675201851923,-28.179076812771491,-67.1119757571729,-68.31509491833765,41.733437740727354,35.068808428613281,-69.031540126837996,-0.52211488344581625,54.911409861944421,-70.552257682726847,-12.542681222495261,-26.641233193062561,5.2047885858796032,-9.6971360511239126,-37.446911995987627,-7.1233403114376523,83.881986976808264,0.22592936332496905,29.733913482565299,27.183109881242022,-1.8677342627805587,47.500941638400171,39.050556331105405,-8.725961385271221,-43.395407787923205,33.516597496533095,-31.871236802128585,-69.982488101741652,-4.5346573473274194,31.16021649069042,30.188058869133076,49.545635145295222,-54.634198498088786,-78.314827219765121,36.994286313927766,-11.084058830918391,29.365055513466054,49.369201465367858
6300,-46400,2.0592438026017517,999.76851807023831,23.772045882402054,679.49093053701279,66.757896234585303,209.39973760182312,153.10323927130909,809.48595991407046,127.53172184432391,496.37850690193915,604.41970784829027,362.53427340828898,273.95442653989227,324.25170727340191,657.82551787392367,79.671998050173343,519.97316032323897,711.85693434538416,581.47477483435898,386.81279387175556,795.69339920822983,548.4070941445035,900.82012516935652,579.64351180808239,262.09348141461345,872.0604471003071,108.69592397933343,106.64457434156154,852.9552826381896,832.28432767413506,75.564585563165906,629.63413042032573,222.61761297370933,125.03080757552976,328.40536963068433,818.77438290137968,992.19909737151511,377.84752934780448,418.42048694980343,460.2782358123597,513.67283149682999,488.99751092777876,674.3625572028144,378.99370172158075,766.60840592189209,598.3425990728731,274.38967869252212,209.59226273946021,114.8777441963893,174.11913388720242,579.80648118580609,42.632032320715808,264.08826300125111,195.90481254951317,627.82109385398257,647.94019890967206,347.24431081704017,491.03697784386134,401.38224743007481,471.69000476495836,296.63381204880955,705.57843086006096,688.37911131375211,24.621167263486541,654.35397063967548,839.03914489895317,911.12768650550549,902.40588233177243,444.01335083755879,778.59491413535341,178.99249605221397,735.69112353352239,24.585213683581799,489.14669648553752,834.28186758724587,553.04688568762197,260.40006384895241,821.79989215622356,311.63787520308699,760.7225395431177,73.604300250035095,800.45933474940364,46.076794645120629,283.65085775930356,138.46013673950529,751.02799039235299,677.43020829004922,384.91201092278948,749.80323047240859,456.94314846605931,833.85232569711138,454.96714229740508,741.58956914731436,13.386453246392875,798.62647482184639,804.86919260381148,409.86405013558607,712.05140406473072,579.04929749138955,192.90286392275132,53.783528224001351,-21.129080946456209,-22.916694915171565,-33.701587047539533,-34.063567126725019,50.344924565015162,-65.030278159057204,22.848062644477952,51.725973196307883,28.834338949909469,-77.367760454814189,-58.144502415065801,62.73076688196204,-14.063171603221612,21.639860651785174,-50.506618129634624,-61.405791403638737,35.767571429847457,64.857802029377538,71.435514779959419,-73.372622992924832,27.041674925737016,9.9350340266527368,-84.86431434759217,-26.647617713762742,28.562558236583829,-79.640251645258303,-26.063053593489602,38.710395394616121,-25.418139902684921,-17.181453756669562,-0.11489329817608818,58.401120946060871,74.935305669010674,-33.859302922143115,-74.712387408678879,-20.234168788788843,29.144746758554192,82.888552104720432,73.559676380194887,-65.70793414853506,-78.162963558655662,-0.83629648325922901,4.9354249071094802,84.078570222840412,-24.815867901680175,-8.7965570609000636,54.90863670097194,23.539228262715291,-12.924001161237758,15.679760033183207,-6.5844606827037939,55.794244669215672,35.143408535587618,-69.501940182606958,-1.7922369717270215,21.003260051660192,-26.608657178020565,-17.750182894848994,52.56087582432199,-82.017361225792285,-17.506825416077554,-40.312979516919057,-49.132858472657333,38.661814158027575,45.508928694844734,-17.746005537137876,41.649225473427457,38.67715151656666,-68.490638700162862,-0.80338208017865043,62.801456648180952,-70.276326080695071,75.598666496923201,-81.975002212947658,5.151329671749771,-7.7748896036141018,-35.636772895900442,-1.9044448772629687,80.253689171360307,32.31278241083622,31.447688439518039,81.680113251402076,-2.0870714610490992,51.289982931115148,39.734035207159145,-36.33143475899449,-27.315305391883083,65.827451413984747,-28.586317248414758,-70.212848441178167,-4.6435012215935672,-70.673083113673002,29.009458862502157,49.543859654264502,82.755510889128118,-81.713640777790332,36.798835149171495,-46.231957725688304,-29.846606090099442,46.478368746709073
6300,-46400,2.0592438026017517,999.76851807023831,23.772045882402054,679.49093053701279,66.757896234585303,209.39973760182312,153.10323927130909,809.48595991407046,127.53172184432391,496.37850690193915,604.41970784829027,362.53427340828898,273.95442653989227,324.25170727340191,657.82551787392367,79.671998050173343,519.97316032323897,711.85693434538416,581.47477483435898,386.81279387175556,795.69339920822983,548.4070941445035,900.82012516935652,579.64351180808239,262.09348141461345,872.0604471003071,108.69592397933343,106.64457434156154,852.9552826381896,832.28432767413506,75.564585563165906,629.63413042032573,222.61761297370933,125.03080757552976,328.40536963068433,818.77438290137968,992.19909737151511,377.84752934780448,418.42048694980343,460.2782358123597,513.67283149682999,488.99751092777876,674.3625572028144,378.99370172158075,766.60840592189209,598.3425990728731,274.38967869252212,209.59226273946021,114.8777441963893,174.11913388720242,579.80648118580609,42.632032320715808,264.08826300125111,195.90481254951317,627.82109385398257,647.94019890967206,347.24431081704017,491.03697784386134,401.38224743007481,471.69000476495836,296.63381204880955,705.57843086006096,688.37911131375211,24.621167263486541,654.35397063967548,839.03914489895317,911.12768650550549,902.40588233177243,444.01335083755879,778.59491413535341,178.99249605221397,735.69112353352239,24.585213683581799,489.14669648553752,834.28186758724587,553.04688568762197,260.40006384895241,821.79989215622356,311.63787520308699,760.7225395431177,73.604300250035095,800.45933474940364,46.076794645120629,283.65085775930356,138.46013673950529,751.02799039235299,677.43020829004922,384.91201092278948,749.80323047240859,456.94314846605931,833.85232569711138,454.96714229740508,741.58956914731436,13.386453246392875,798.62647482184639,804.86919260381148,409.86405013558607,712.05140406473072,579.04929749138955,192.90286392275132,53.783528224001351,-21.129080946456209,-22.916694915171565,-33.701587047539533,-34.063567126725019,50.344924565015162,-65.030278159057204,22.848062644477952,51.725973196307883,28.834338949909469,-77.367760454814189,-58.144502415065801,62.73076688196204,-14.063171603221612,21.639860651785174,-50.506618129634624,-61.405791403638737,27.57953019859319,64.857802029377538,71.435514779959419,-73.372622992924832,27.041674925737016,9.9350340266527368,-84.86431434759217,-26.647617713762742,28.562558236583829,-79.640251645258303,-26.063053593489602,38.710395394616121,-25.418139902684921,-17.181453756669562,-0.11489329817608818,58.401120946060871,74.935305669010674,-33.859302922143115,-74.712387408678879,-20.234168788788843,29.144746758554192,82.888552104720432,73.559676380194887,-65.70793414853506,-78.162963558655662,-0.83629648325922901,4.9354249071094802,84.078570222840412,-24.815867901680175,-8.7965570609000636,54.90863670097194,23.539228262715291,-12.924001161237758,15.679760033183207,-6.5844606827037939,57.78425222397037,35.143408535587618,-69.501940182606958,-1.7922369717270215,21.003260051660192,-26.608657178020565,-17.750182894848994,52.56087582432199,-82.017361225792285,-17.506825416077554,-40.312979516919057,-49.132858472657333,38.661814158027575,45.508928694844734,-17.746005537137876,41.649225473427457,38.67715151656666,-68.490638700162862,-0.80338208017865043,62.801456648180952,-70.276326080695071,75.598666496923201,-81.975002212947658,5.151329671749771,-7.7748896036141018,-35.636772895900442,-1.9044448772629687,80.253689171360307,32.31278241083622,31.447688439518039,81.680113251402076,-2.0870714610490992,51.289982931115148,39.734035207159145,-36.33143475899449,-27.315305391883083,65.827451413984747,-28.586317248414758,-70.212848441178167,-4.6435012215935672,-70.673083113673002,29.009458862502157,49.543859654264502,82.755510889128118,-81.713640777790332,36.798835149171495,-46.231957725688304,-29.846606090099442,46.478368746709073
