f0,f1,g0,g1,g2,g3,g4,g5,g6,g7,g8,g9,g10,g11,g12,g13,g14,g15,g16,g17,g18,g19,g20,g21,g22,g23,g24,g25,g26,g27,g28,g29,g30,g31,g32,g33,g34,g35,g36,g37,g38,g39,g40,g41,g42,g43,g44,g45,g46,g47,g48,g49,g50,g51,g52,g53,g54,g55,g56,g57,g58,g59,g60,g61,g62,g63,g64,g65,g66,g67,g68,g69,g70,g71,g72,g73,g74,g75,g76,g77,g78,g79,g80,g81,g82,g83,g84,g85,g86,g87,g88,g89,g90,g91,g92,g93,g94,g95,g96,g97,g98,g99,g100,g101,g102,g103,g104,g105,g106,g107,g108,g109,g110,g111,g112,g113,g114,g115,g116,g117,g118,g119,g120,g121,g122,g123,g124,g125,g126,g127,g128,g129,g130,g131,g132,g133,g134,g135,g136,g137,g138,g139,g140,g141,g142,g143,g144,g145,g146,g147,g148,g149,g150,g151,g152,g153,g154,g155,g156,g157,g158,g159,g160,g161,g162,g163,g164,g165,g166,g167,g168,g169,g170,g171,g172,g173,g174,g175,g176,g177,g178,g179,g180,g181,g182,g183,g184,g185,g186,g187,g188,g189,g190,g191,g192,g193,g194,g195,g196,g197,g198,g199,g200
100,-21400,2.017357063714567,999.99999954198097,221.59055929144409,693.2900452222641,72.396098303232094,220.5829322919096,105.90181835294413,550.88923499552072,347.57625419901865,373.27116371131478,616.85370488013439,383.96345041601825,81.533481683693068,45.719939382475026,693.92689872918641,110.08178385250815,503.96683621284626,707.89340273004109,72.609811368467689,296.13696562514838,510.02685615906267,308.10697983418135,872.63465887015343,600.03214790763047,267.79081303933611,808.54114249175973,903.42882015367206,439.05262902418656,974.79136887881464,817.1858119948331,981.41511706163953,256.70053213510067,30.620067508678098,71.139544725310827,319.63483398408249,810.78107854635948,487.88213731067572,590.2118587833445,413.14906089652379,426.14845499453617,536.91161779032416,514.28506172372113,684.43330709119493,662.79164661879111,369.12185221942502,598.20985867306604,286.06687009346319,205.58412703034489,95.756940082696602,174.29074455273059,198.00659900162563,29.200275855905094,237.26254351659205,196.45171227990784,630.23363318860163,644.37869733119533,351.52252168721782,199.02129290414169,50.946488638499652,558.35274840942293,273.81207389407194,138.10727524610448,928.56329639140495,53.079976752500968,478.83742904478459,56.131966133420399,922.46304214116594,914.79783517131295,516.94432922634383,771.23167142220495,138.23739822601601,739.23493272026315,632.4253070487099,458.90240116184549,813.71093556356584,573.2755666866401,260.24768704694804,781.90323217245646,298.21395927166077,776.19118810436305,90.663449806246589,801.65578080351111,420.88254704939021,770.84620496631953,187.69236474827224,693.9718355980649,677.484081484581,374.71111723688068,827.44887245984171,480.38556534955825,824.27309765501923,447.3543334572056,740.96063583275736,15.221006418606693,787.58363258395661,664.81954787993925,103.98810440193954,724.06214052846917,586.70671388608196,229.73558458730923,33.135577868733016,-10.059097906198303,-23.805859439507618,29.625713244622347,-69.985410215691545,41.656579562540593,-57.679528332905967,-7.970318873071129,53.765108610490536,32.672448319357628,-62.567656761605392,55.20178265927909,59.542853868862295,-42.447481885402617,22.179905810800676,-49.042483604266188,-61.525822221069063,-5.8028318404448314,64.498723908654497,68.773288076261125,-62.420241395361259,31.459234976587787,8.3264880350324937,-82.553735667054809,-31.112829619554233,33.737243833130748,-66.44883689136617,-62.127476645387866,-20.821236002198148,35.540740874221143,-17.445599802845006,-2.9795535880048742,52.07087310238532,74.998966491392508,53.938688580764243,9.4507363323688658,17.407266907654986,29.22092539991673,81.122495682366988,82.493705321392596,-58.138319022703058,-54.678078839710253,2.9096305410380783,10.198211007369233,83.322595349929415,-27.167544356872341,-54.486518576052759,-12.028037946270036,25.644394531256189,-16.809634430614334,17.143531507567058,-6.6852278430159373,57.661489334248159,-6.1248658518866153,28.426970715891049,-3.4599845204568078,16.562795377305257,-11.067178530846213,-11.517060520054908,53.703235850425337,-78.648579830308236,-8.2644662772953481,-80.605102132720333,-49.378748580032564,38.353088865246583,-70.931590246370831,-72.082372753654113,40.893517900559758,38.235529708617143,-68.582659343261213,0.69719467693505299,46.610794352680912,-33.180188891050527,65.17926767065461,-81.932386861199333,4.8390210534660127,-9.6878224735416989,-36.783231797687911,18.699483850278263,81.463654779114222,13.704572834320098,31.66182420007717,23.112134415088924,-35.262786559781638,48.089391125931442,37.437917086017229,-35.193403334630865,-45.598169029164929,65.953547739384931,-28.505324341546089,-70.418705258655493,-7.025937096908744,-64.539716161680232,77.931821569688736,49.570673729345749,82.751032515962095,-80.864702931095891,30.716751856395277,-8.4331315516005532,-30.485817897575366,51.032243986887465
68000,-70000,2.0531370552245449,25.538749846455872,8.3745936813060844,364.00388493843815,70.27734642462049,154.51339441878082,136.33700588313104,772.46393006879612,114.66161834653292,385.66297824915392,603.83528498972294,369.00582595357707,286.54040847922658,137.78913955870007,226.93764209956657,328.33101085230442,505.49040758687391,718.23761809830478,58.759221316192566,382.34869384359439,803.02857717082998,496.21074732430316,871.54156962847662,545.61416528616098,261.7922163681032,844.42472854302275,927.67919815061828,467.28125006635406,902.23452829103849,933.58714228878932,965.44478775455025,234.91396822865707,761.02143642911369,940.47468002090432,502.27853064357765,819.74657945798617,546.06287715740177,554.58090337292845,1000,418.18959061069489,551.18094861131215,554.16475291876236,691.52165202662275,636.3950423586773,366.4125277739933,593.91050606128749,274.66211674355321,93.156643112781282,310.83319849968768,890.79153326537744,573.06579529207033,31.148449174574719,194.67019748228921,193.53993498507569,665.14775549713465,629.52082361915757,649.15100379169144,213.31076763170449,825.44468459615462,876.85989926998525,273.41965250508139,710.85477280507666,13.995073210434214,185.60440140429779,242.16649545427191,158.99843478493051,890.69754017961793,886.44625596693163,529.41648095248365,768.6367687276794,139.44772644681001,747.73463661476239,930.80398861490312,456.0858327339098,815.76187922511519,172.69511091857996,271.4876434479778,805.4806867082998,313.74311462723654,656.87488406118155,600.59683286408142,801.57227345378635,275.76800222368809,164.62684536623786,186.94201322554403,758.30025062263655,632.12538624528975,375.32406945090503,797.26929066801972,482.67683175914965,825.28272245520179,446.74301418732966,721.41101607300277,0.63469666670254465,759.60643059273491,812.19265271105087,400.14129777260621,724.69808966703522,588.10458152662341,203.37092764376442,37.230663991978282,-30.92950680969949,-29.119812956111076,22.929724147363331,-36.323156243303693,49.252929525201395,-65.635804462637765,-74.51737807974429,55.089929946261172,31.450962179753088,13.823483910197645,54.775429422403739,11.583168746297083,-43.993456757104724,18.295856784010709,-49.51157048578424,-4.3205380336034294,-6.4818237183963285,67.525647574263701,67.046372929538677,-73.569146137531931,62.490419929891146,-40.567356090740212,19.920586067888845,-55.628978299574648,34.687510289097887,-66.537757496498728,-25.124555328441133,39.106584234356852,32.346212670280721,-17.178971283043904,-2.9706517078955601,60.627225504111905,74.948296830488644,69.894693924868434,-1.0215324360951001,-18.690261179447802,19.889109402481679,80.37559771530772,-47.07873257595206,-61.588221106782058,-63.356443598668285,42.503968607661506,5.1252915732915865,-7.7189551041465165,-49.464539313206927,-55.808949606767271,-7.2475543036403849,22.890702687550824,-16.09438383442761,14.628278047419357,-2.3566442308886448,58.301547962245571,34.420535203309193,20.104886315254731,1.0760438090541387,21.302545627606499,73.714202793510239,29.942682142841711,52.306277141077523,-71.397891328446335,-22.172141049892634,-19.372853775645023,-48.912814402853861,32.777033535170141,-72.561131983910755,-65.439062665103179,75.680992272367689,36.678867536772231,-68.583947811213179,2.0757076135435959,65.349114376208234,25.82397307731862,56.195266395182159,-81.989592929779093,5.5601808169830989,-8.2736263412477129,-34.164697919597145,-6.9395511436368267,81.86849502535415,-0.0046127959052871814,29.570784809446405,82.826705869266021,3.3331976243302286,-44.563745025111743,41.131608102853605,-35.942495466371795,-26.10188842822657,66.279329969645062,-31.752435410009408,-74.674603481205665,-4.0865206684668589,-62.038563041055312,28.242083310914911,48.601297806253498,81.780131627242653,-81.093508012865485,36.99462502966022,-10.263154328473378,-32.11563668459182,45.535027092890928
68000,-70000,2.0531370552245449,25.538749846455872,8.3745936813060844,364.00388493843815,70.27734642462049,154.51339441878082,136.33700588313104,772.46393006879612,114.66161834653292,385.66297824915392,603.83528498972294,369.00582595357707,286.54040847922658,137.78913955870007,226.93764209956657,328.33101085230442,505.49040758687391,718.23761809830478,58.759221316192566,382.34869384359439,803.02857717082998,496.21074732430316,871.54156962847662,545.61416528616098,261.7922163681032,844.42472854302275,927.67919815061828,467.28125006635406,902.23452829103849,933.58714228878932,965.44478775455025,234.91396822865707,761.02143642911369,940.47468002090432,502.27853064357765,819.74657945798617,546.06287715740177,554.58090337292845,1000,418.18959061069489,551.18094861131215,554.16475291876236,691.52165202662275,636.3950423586773,366.4125277739933,593.91050606128749,274.66211674355321,93.156643112781282,310.83319849968768,890.79153326537744,573.06579529207033,31.148449174574719,194.67019748228921,193.53993498507569,665.14775549713465,629.52082361915757,649.15100379169144,213.31076763170449,825.44468459615462,876.85989926998525,273.41965250508139,710.85477280507666,13.995073210434214,185.60440140429779,242.16649545427191,158.99843478493051,890.69754017961793,886.44625596693163,529.41648095248365,768.6367687276794,139.44772644681001,747.73463661476239,930.80398861490312,456.0858327339098,815.76187922511519,172.69511091857996,271.4876434479778,805.4806867082998,313.74311462723654,656.87488406118155,600.59683286408142,801.57227345378635,275.76800222368809,164.62684536623786,186.94201322554403,758.30025062263655,632.12538624528975,375.32406945090503,797.26929066801972,482.67683175914965,825.28272245520179,446.74301418732966,721.41101607300277,0.63469666670254465,759.60643059273491,812.19265271105087,400.14129777260621,724.69808966703522,588.10458152662341,203.37092764376442,37.230663991978282,-30.92950680969949,-29.119812956111076,22.929724147363331,-36.323156243303693,49.252929525201395,-65.635804462637765,-74.51737807974429,55.089929946261172,31.450962179753088,13.823483910197645,54.775429422403739,11.583168746297083,-43.993456757104724,18.295856784010709,-49.51157048578424,-4.3205380336034294,-6.4818237183963285,67.525647574263701,67.046372929538677,-73.569146137531931,62.490419929891146,-40.567356090740212,19.920586067888845,-55.628978299574648,34.687510289097887,-66.537757496498728,-25.124555328441133,39.106584234356852,32.346212670280721,-17.178971283043904,-2.9706517078955601,60.627225504111905,74.948296830488644,69.894693924868434,-1.0215324360951001,-18.690261179447802,19.889109402481679,80.37559771530772,-47.07873257595206,-61.588221106782058,-63.356443598668285,42.503968607661506,5.1252915732915865,-7.7189551041465165,-49.464539313206927,-55.808949606767271,-7.2475543036403849,22.890702687550824,-16.09438383442761,14.628278047419357,-2.3566442308886448,58.301547962245571,34.420535203309193,20.104886315254731,1.0760438090541387,21.302545627606499,73.714202793510239,29.942682142841711,52.306277141077523,-71.397891328446335,-22.172141049892634,-19.372853775645023,-48.912814402853861,32.777033535170141,-72.561131983910755,-65.439062665103179,75.680992272367689,36.678867536772231,-68.583947811213179,2.0757076135435959,65.349114376208234,25.82397307731862,56.195266395182159,-81.989592929779093,5.5601808169830989,-8.2736263412477129,-34.164697919597145,-6.9395511436368267,81.86849502535415,-0.0046127959052871814,29.570784809446405,82.826705869266021,3.3331976243302286,-44.563745025111743,41.131608102853605,-35.942495466371795,-26.10188842822657,66.279329969645062,-31.752435410009408,-74.674603481205665,-4.0865206684668589,-62.038563041055312,28.242083310914911,48.601297806253498,81.780131627242653,-81.093508012865485,36.99462502966022,-10.263154328473378,-32.11563668459182,45.535027092890928
100,-21400,2.0173673050358034,999.99999999111492,184.51505311412032,692.8714730704944,72.429619968180674,188.81133746556694,103.12463771596876,550.1307818037551,378.85663181528412,375.24186717858481,604.97962255319112,371.64360152696412,80.271109486729671,43.764139297579646,693.46448707068964,110.12302771832182,504.16722870865931,708.08974651605126,72.526640412088653,388.28726210697556,504.9552437812049,308.17940634793973,873.46684156173046,564.88955791982085,267.78956922947725,808.35955680311451,950.01186171181007,454.13029762939965,976.76213152083415,854.41465458298376,980.73306799538329,256.68807435594249,681.30269591024467,340.99220669452643,319.62756987702704,810.71343104577875,476.86294136339012,864.97069350692595,398.06966475291676,426.16801169031868,537.48889795299704,522.88812677633189,684.06039085804184,632.57370954233443,368.20925647353363,598.19547653125983,270.28632442422224,205.03528163719969,95.894645014551088,180.41179435548048,587.48349256732786,51.004774886232141,237.33273508986781,190.9461367969752,630.2791888257575,863.36737447859093,349.04619038332373,202.76554548423073,47.197689352806599,547.94101577859794,269.39559966132617,483.89111531998748,107.21667169792454,53.106251165019735,466.18056411257919,34.4934008843192,817.68242901349117,897.12535111533646,544.09161320861654,799.55171486687959,138.41256105283395,739.0237541153939,637.88782966225926,454.25918177575164,813.66385404955543,512.84412526082133,259.28691578948747,850.24766043039187,310.36115454594693,741.15986239762992,90.991888020083806,799.15369322596155,410.99609767251377,829.18294614846866,186.26849786460679,694.02764232164145,677.04382355108123,426.28988326888867,827.84339699107943,482.01101392409322,857.40008025604459,450.06277846257115,740.34016435366129,14.830921827882289,781.52639306702088,666.21380340001031,469.25897538046058,710.71724540408036,587.30504196036065,240.80521260701613,33.167135464132805,-10.063961698678467,-23.931024473406794,35.312220724169691,-33.553143385591149,41.655075162469352,-57.943765107195631,-76.671426715130337,53.833615224462449,32.675707091698797,-62.626642500654327,55.201331778808267,57.727394956683227,-42.560383389483952,22.371730703042935,-50.231613904578509,-61.597402134950876,-5.7910023161128334,64.345358843537994,-29.480225682298972,-59.891348843609094,23.023309604855921,15.136937155759348,-84.806624822543185,-30.974662783661305,28.639389712662066,-70.137593326563874,-24.058775926374476,-20.808959656642887,35.46189692912511,-17.44599523064991,-2.9635850408918998,52.134943471030375,74.997643471806782,50.251631132279371,4.8771055221205835,-17.814064604993845,28.867373702460345,80.723299922807172,82.530672662968129,-58.142619870728197,-53.763049867095958,3.8984177253429699,10.177053365336736,83.20101207552176,-25.726552369654389,-69.167302043553704,-10.579539910781605,25.679331748434084,-16.792456686850478,17.143506183802344,26.644718105355786,57.571250467113046,-6.1043847014201038,28.481017876025305,16.908641525762576,21.519629681004478,77.134206623085277,58.149780747517916,51.46983598198161,-78.475084959022951,-8.3143187696840126,-81.700323209589655,-49.356884178362087,38.403363250179929,51.713318450112709,-72.106712674736812,41.180390056707218,39.559707892203882,-68.582462904476571,-59.67208412824418,47.244649573514572,19.503970749116171,65.370235263391137,-81.897428391956751,4.8378734552600315,-9.7453886234964067,-36.787947890239003,-10.076823576281889,81.463388734973677,13.778655429125051,-13.098747764340764,76.593553208534416,-35.375214559182112,-34.855288600577694,37.467653394257439,-28.466898309734777,-47.357453167850366,72.966627007696388,-26.209852842131127,-70.415098225105893,-7.020215573707179,-65.223900637318565,76.065662068853044,49.382060625009032,82.756647340178887,-80.357913214347519,28.639947446550273,-7.3315316000929629,-25.366971388834294,49.672494598379288
40500,-66500,2.0219690420855838,408.03645062776081,188.9985764512011,661.19948934865204,72.954480754228754,153.77500083515602,132.06741563104811,753.16887923761271,89.324323935676247,368.36631396366909,602.83446373685808,356.69326507751725,164.64671703439234,319.58999992839273,607.67747948556803,111.33453350928185,525.01523584898837,491.67262771062019,88.77086913530384,390.98242782671207,858.44409853536263,312.35888224319581,908.49055962971067,564.00676812915322,267.89084395323465,871.0760107659047,607.15413505263621,429.59825120327298,847.15797279275944,701.53364807202797,957.59027070458637,702.19433564944063,141.96465653789403,967.47837616782101,319.47562174845172,811.82519503218566,480.86029408273248,458.54829178663044,418.44257009490201,429.72178489090362,672.88041394658023,804.1851038997803,690.18032845221273,636.58148381536637,751.08830103868615,593.50869385685883,272.38977471552192,213.1501049736398,111.22348896458595,165.03523034134551,87.325542123498053,43.60419477096076,231.69686742913473,196.2676442507979,625.76573458824714,633.64230779763841,348.84686717164834,183.74479076886649,58.050322950079305,877.51188127020828,269.15331441185594,503.61143580629994,84.471807336609899,10.108360388555202,466.85490982933152,792.69200280627899,814.40314977269406,968.87589123668499,544.04672669151478,628.59637311725771,137.76719368081334,748.8254850342272,926.65949473600006,453.9265432994016,821.13546697692277,190.7937487799708,268.11521640739863,804.08732971945255,320.68706723682101,756.61822544196514,20.710449309827311,799.14437518496482,40.911754464439689,265.58272931114305,186.49263285744786,725.40011911578142,676.74812595588196,372.87125614471711,808.61937903918601,456.74406030271894,826.2071615382298,484.87630301741768,722.07853159903971,3.6960153822235076,382.00791676911706,811.17989508498579,457.3265190703334,832.36665260326663,587.43215092413084,230.30113633565742,191.03397182820927,-31.322478985511211,-30.228736261666157,-43.455830320087699,-34.885111028489703,41.974689887765145,-61.98359403938403,20.431993259625898,52.855351644511742,31.964460169553963,-76.404239809301259,66.662990838079807,15.053837377065678,-42.559639035898343,21.63684329983948,-51.661445610043657,-57.472985195721868,-12.418782779603195,67.869154715860674,-53.589100277685922,-69.546871551068165,24.504242383485849,12.269376628394909,-84.715142518165734,-23.87216836352075,28.847008126939571,-70.193533272166661,-61.454042273700352,-24.727315940956665,43.45821831801058,-8.8891696615617111,-2.1341101625487746,61.025687413818922,76.663076155981017,53.204877901772825,-80.740958670972105,-8.6146696927538891,28.817560279511881,80.710462080770398,77.923524418827697,-58.511884902883686,-55.434725952929767,44.601552302607928,-11.562860753290586,85,-24.620063127429365,-67.716572127177571,56.883813902799254,73.410633950752839,-81.643937651840062,17.13445912340261,28.352626895038842,61.566701707709534,35.05007221046997,22.530091790375987,14.811445623663072,16.763601218729718,74.14092850714826,33.640537248489665,51.532023941675369,-69.677144232675559,-16.020795271885632,-82.46923303064294,-49.961863831360937,39.628655333929238,-55.167024430105258,-72.093151060486974,-14.390272119465539,-17.142050291578933,-68.577975721667343,-51.980770950532708,-14.710600176786922,17.431299092758035,73.546662941951084,-84.124525209056713,6.2597194007860706,-9.9792939621735535,-35.492057961537533,16.954162195231607,81.841644569595289,-3.9227671276314364,29.013832651318769,75.196075170455345,-2.089914636204933,-44.204919429508415,37.541433966554145,-29.201861583411421,-26.563378939917737,65.201877661587659,-26.530434011306355,-74.749082838143352,-3.9952022418860205,-61.530282546332934,73.634690703701239,52.836592540954818,83.786843393339211,-78.850556192754567,36.054921587139745,-12.640670637228038,-27.448288745881264,48.02372696750281
4600,-59600,2.0172178885880858,999.99999999615068,192.67497490526407,689.62344400904783,59.023048258326455,216.53286031408643,133.29227517797815,765.64689275274668,24.761213078347616,373.37806317229808,616.06207132701866,368.032588801705,27.841111566444951,252.85734996869704,699.27405690238766,109.01375019226286,504.83224852263254,491.14875936896453,93.15599453631242,390.84419649885115,858.86947227978089,320.29691348513774,921.37381575551262,570.07466183019744,271.44230456199557,843.77617987491362,64.004848117881352,443.313439490142,869.94091462242011,866.68917999351083,913.01744284607207,667.2936835913091,205.75570060099253,865.32401889678761,336.75453184367427,811.82867192696358,544.10410603720084,576.65519030017754,489.73490149504016,447.42469137630309,512.40697087783917,821.77073938813021,293.91763514031533,664.2138928697874,374.00138637981541,594.50941353475719,258.77497262340501,197.07309371394086,310.48950038935624,164.00089384361723,213.67122429044633,28.753390164388449,235.84793156187155,189.70550450313783,625.55282250631797,860.55384726208149,347.45775155278909,196.41681735139528,907.59195793830338,598.42655481120278,271.22925248630031,792.56953556123608,948.06828888200425,546.6717721152736,394.05264616204011,850.03131669157551,864.60108899082195,916.29282554768884,515.67409684897302,789.93027444104109,140.83641521122595,749.84751834063059,630.61618628789756,459.46025750307712,813.26835283790285,671.21364212173887,310.66324896521689,862.31095276360998,290.50111080333158,650.80191892566279,726.83872989099837,802.03094793840478,421.27141092487528,784.28786544524337,184.33392203775779,311.60604749094591,677.17754297860461,378.32148567858223,755.02481574005333,455.2235355773513,825.23127271399153,433.20949109739183,741.22049265595751,121.1257888310555,736.72487463588698,804.13341678094446,88.95543216247124,712.2115017260287,586.55533780476458,243.26397726386486,32.015560509407074,-27.714769711002287,-30.264319816084555,31.288201888344062,-72.849874229088798,49.665054900032963,0.99579057885000521,-73.179861011484178,40.993533783748362,19.16105447506331,-61.695959821865785,53.168904583316206,13.529299847896727,-42.322348990255747,18.105554246607237,-50.771907441189832,-56.06894998116752,-6.2354487590354175,67.656457780642725,62.00064952839741,-65.327254492261417,-45.455380042596232,-47.85984550718991,-83.375703943946888,-31.169374136080982,28.569233059995366,-75.58376668815923,-61.926310078162373,-20.126401192887649,32.5357053639868,-17.108663542209438,-2.7758555309297304,-5.5750918806261671,76.622352652906358,53.677548312888995,2.0289548481206765,-22.333610271014315,21.366079304152308,80.715284344900141,-36.553569302490594,-62.342362131435493,-71.924162583257768,3.918334702716006,4.9301105765014643,77.579768267010564,-26.934596630193695,-66.331565911084425,-11.978552314049729,26.022969060977481,-79.850347278413906,16.991969614269099,34.340201107454767,61.699756658634264,35.099066959157639,10.471044108246774,-4.7773179154926009,16.823936478768818,-11.107296476644473,29.581843018439294,58.703146461830997,-78.015166461973251,67.652222287440296,-32.050245761501934,-30.029965669370519,38.115776395799102,45.787411003563179,-74.532637658625362,-17.61993460811788,36.85336834940356,-68.627989853005346,2.1024317825007217,62.682798621653113,-41.408719503856666,74.340395229828204,-84.099898399922054,4.5943002829809929,-9.6267123804136929,-37.023555794865693,20.575093430523658,82.730621668735182,-0.91628652832598112,31.638857169608816,79.146758722455374,-2.7730986313897108,52.620108382488681,37.478951875605048,-29.07744042004693,-44.949588585953769,65.988083980769431,-26.800660586686909,-77.730188936851974,-7.1910703253350237,-65.595712860954634,75.931863539380402,49.537641118526501,84.89670442274921,-80.771431057340905,35.558399425076821,44.362878954549195,31.282984089335219,49.615094566243663
56400,-68500,2.0229870206874421,224.80622298732951,18.529396106911364,698.94194805375719,66.414738924598552,155.19217757422285,134.22828664431151,244.25472695278671,109.30872019479796,372.66459434473876,616.57862214587942,154.94136176034331,162.11727355724776,71.803021279040152,250.02661023638279,314.59875215213236,508.49565587249344,531.4073100376238,495.04710926828164,423.60725309680242,849.38064587304325,328.00299138525838,919.05455261263933,525.01851829085172,262.15338132100771,845.67005091499959,75.096755047881913,434.53349591692825,51.949904788269919,695.26561636277438,128.61279625389599,260.99856299956792,809.05089254643042,928.038339750011,349.8343073278736,833.23006552000379,553.08510416446745,460.16676928404286,993.3132148280672,424.95680657709795,468.58662502356771,522.96596087939508,690.64694964448393,657.21975749093838,342.55902735685243,594.24560488455836,276.82201436016135,168.43083129107549,332.28571527045551,177.62550935846232,61.915945517331409,35.303327846610358,799.77932148674074,203.1178670764495,656.30199403656809,651.39669126515389,351.4352047134625,211.03319820986039,868.42174735349886,521.93759273496175,274.23435696237846,450.03611568620488,36.385768689666548,55.473427841426741,261.73190319607176,794.24358227556468,911.93573389181631,522.68223325085887,488.0653449613738,637.76977399060706,164.29898662588025,831.1177094843016,929.29567288330099,467.90228011726333,825.31908365641368,527.74262961339798,275.23651641436027,802.33227438526194,302.51266074362428,744.5271117657536,621.0586698925415,799.03191327042794,286.05183421851825,189.97727727376142,186.84077818148083,663.94929488086802,683.37634368104034,424.71006676781144,779.66482950810166,454.83441712456869,824.34363629196139,457.43320563011247,724.72273173179894,0.81697400468923664,716.28641757756645,660.04434039017815,408.08809151585569,722.66028770432729,565.95091930499132,193.5111689022381,190.08178258276331,-31.101036074034752,-29.406535201369802,-36.476570889530173,-34.201778593867516,40.477546445801444,22.497753708084716,-74.380024547166514,59.767317025358729,27.528899278948387,-68.739649422036891,66.921134180002753,10.384833708344736,-32.867072474013447,24.505347542358862,-51.660171662226418,-12.307168818403934,-11.147085165158957,67.621884918181024,72.274941884336585,32.020754269185538,68.542402007723254,-41.785474061833803,-84.746789673290806,-55.591211822415517,27.744938385173988,-74.586303758617802,-10.426034080007252,-23.06993486799789,40.562136501943399,-17.584603805803809,-9.076682104332404,-8.1116136330469963,76.973806566624305,50.347087983773591,-72.586452681511105,-18.948850909162257,23.478159454890186,83.762645940398556,80.698792952164055,-62.072804665428102,-64.974439475636814,46.044359966289818,10.054065769930517,-9.419130382739743,-49.002064385770112,-72.973258434889075,-9.0509737186395203,26.73947842521158,-84.386639389465856,14.554773073129526,-3.5008275729383054,61.104511584829609,35.003471389058546,-81.603669883628498,12.957260340233807,20.921710067742616,7.2411751893442045,32.801436903878709,53.795957636794505,43.095809926845369,72.130135734681929,-17.47922240539976,-53.137431472796308,2.7864173189749013,-65.946125923712842,-69.827367966828689,51.939633276604397,-13.607532490202649,-68.598678610925603,1.9885264063841923,64.845944113457847,-43.53428526180047,61.507063700771376,-84.007756897521276,1.2526777458562925,-9.7732920283355078,-37.296539440003045,-4.83809627408883,81.935818850783193,5.7626047188454059,30.258189866110566,81.378880120801952,-2.4034689773635627,-44.246121361251895,39.605320027795408,-39.268270200279723,-24.499728723971309,64.282469566254719,-27.733403099407337,-63.713448555029125,-7.1696570608713577,-60.385716308445353,26.786512549560769,51.303363760423466,-51.307881930475318,-72.253786379103403,37.109358634976836,-49.772920206347891,30.820199341116798,46.730881881501652
300,-27900,2.0174269722574607,1000,216.38072184408026,684.74486669682699,72.59956224722562,153.21436235913831,133.42921968575388,244.93715088044877,125.2249777923289,465.09312411184243,602.62173638956563,158.0424741952026,252.31389169725952,45.187712512551755,681.66185222365027,101.98599746991626,507.62099971326148,707.84438274556442,491.60227025207564,422.9946107285628,496.02993783244665,513.13203233615548,919.18712195070157,555.51347029624856,262.2166669096643,845.3713256399858,886.06886471354846,128.23083155753599,841.13315804724039,694.70836026741381,131.70039464102939,263.09362224542747,31.181514148044755,928.66954580054016,396.38697539017409,811.6998981896262,552.63186146426801,455.01361472702092,975.48570263061026,424.97272129888722,468.09333693394092,487.94814757083537,673.59796059210373,635.51343346071735,343.173665203788,598.41107982988365,276.84349648055149,165.94881338442994,114.48083656959932,174.32265076330569,196.69275484811925,84.517899419253695,771.04068956947106,202.98536227182137,656.30486030074906,651.37061976449502,351.59816076990046,211.26129917100508,874.07957207703157,522.21155171612804,274.2207625386398,454.83164413887948,911.52474253165428,55.582348848987955,481.43572742856719,799.67246508402593,515.13640891077182,880.48734115620903,517.25797899328154,637.95327353761706,138.09635267904812,836.91507442618615,632.14860241213421,468.56190415514203,825.11301826293845,140.93595970973774,275.2418851265441,855.91940050551477,302.55041865717294,744.29161966021377,612.31498243738122,801.80739379084719,297.05383575525923,767.18425371546061,185.78502942706544,664.16691012583749,678.84085443532319,423.25760219763572,779.92378256999984,455.85796696571663,824.82597489770546,457.61077769390096,720.27109372092411,46.382608583610974,720.33958028599773,664.82171205471013,408.35126633733188,722.62961793537761,565.63764263667804,236.77710591470614,190.41336069421726,-12.948018357250659,-27.334549064920655,-43.422465585052741,-34.911899831183987,40.461949745917792,21.772724969572039,-74.490243474482327,55.52602803834742,27.395074239917395,-68.824743638446165,64.928215921128611,12.131133045909923,-42.106980979101635,18.361232201109711,-51.682411423861787,-61.636861292722486,-5.1912902497807654,67.571683159590293,72.355016710860127,-62.175875120700042,27.092579425416147,-41.064442245539915,-82.487263328031375,-55.939801691840707,27.626548278613274,-74.181043101383878,-61.0063679976152,-21.470065723309638,40.60747863543677,-17.5852269699526,-2.7705460564596831,-7.5283365126036017,77.049451283779746,53.88698776146331,8.4474102237741384,-19.039935035679388,28.795285415566685,83.827105279039401,84.829616743689371,-61.937611638800938,-64.97537284427284,1.2108999854151854,10.048829743415981,83.319814768978119,-48.656075118199759,-56.671712207033032,64.82600407847373,23.730368520366046,-15.639954124441317,18.5236025876032,-6.5809390605185056,57.772986220338929,33.429333734130118,30.897588632605579,-3.7949908152799612,20.926163636361444,81.188006880023195,66.485596885071715,53.716897705575803,44.164755983160894,54.583962192510221,48.780478940567832,-52.899346836815724,36.766280759949943,-74.671592734965003,-73.790076000876411,46.554084395438863,-14.04667281651235,-68.600436636270274,0.69825628249707761,65.440562225460468,-43.845316066401502,68.498580242480188,-81.97182478787812,1.3162675649434061,-8.6869327942308097,-50.860414120629919,16.239558395344709,81.937725462194393,5.8139829215790453,30.155800044109924,28.638040183888243,-2.5347147682196192,52.773270824313528,39.602442627304953,-39.161176706826154,-43.282526590835019,64.300924308337571,-28.565738868518352,-64.299898351815003,-7.1689700743678912,-61.430704350773603,28.467412751268725,53.185273020407543,-46.431850808786272,-80.834996296113445,71.838505648777527,-6.7263946841658822,30.65531728824357,51.154287903457202
900,-41400,2.0174876288507284,1000,191.14285137443977,678.99465427516543,72.446935762194158,188.53692618625587,106.22672518810197,742.93350155915482,45.195661842085585,373.47007884463409,605.70740774043236,149.82519788493909,291.18154366086083,0.45875475824355205,352.83767380788942,82.792794747580729,500.98517501602811,509.26607240315872,72.338852714945787,399.24181904695718,506.98981831158369,284.09726167644408,906.87065481023899,600.09682762480645,267.87563362996053,843.83433874621903,873.00433787740155,533.44684586808842,788.64528803275982,799.04027262171871,976.55033895174995,280.73250100341807,775.0072745352486,895.99273938342003,343.15532297456554,831.78874374707743,479.90585212703962,586.4346056354151,436.70446269193241,431.39046711524122,672.61418743590718,816.28433620298313,695.43438663893426,636.45720173654991,361.34339307436488,634.49185229315935,259.89068514188153,164.71473998169142,109.1547784983095,175.10187990497138,560.35341222391003,50.664593449829333,216.19957668953018,190.33971140330962,624.5262773118518,879.35392860406876,347.3240181745528,212.62630942925333,42.996446862198283,547.35069662414094,269.12280536612121,489.8969470995288,924.2906705364137,47.49657307152809,462.29463370403334,702.28704010571926,817.57929231945263,512.41615087843832,490.46142495899534,648.98864768381702,138.08103580833895,748.39133295403076,943.84778182164757,452.74798324510675,826.76955729365636,183.04751488291015,192.94430949323657,818.73860678398239,280.28078711361366,755.83178709013578,100.2870275209755,798.84942310258759,287.60811853575422,811.03801519077251,187.59104794829844,744.59450210220552,677.00804589594964,330.63528275491984,773.64534739057967,456.64047301781869,828.34239577235246,468.80128647312301,721.38183237373357,13.85317191512514,408.55881476589082,806.62883585561258,419.27927878617629,714.97701846335724,586.68558751604871,192.37250607678851,33.433621505960986,-19.20065603077628,-30.150155616531503,-36.158693615287888,-72.272892925781647,41.825325244402656,-67.387145527834463,11.341843535519606,50.378202819495058,-23.815433815351025,-61.672119536964964,62.09144473687045,12.829282783578027,-42.566462874741575,18.37356685132244,-49.319819856826427,1.4731668462222698,-5.7773287325399076,67.77539701932858,-36.073720685521856,-65.400007325399713,-44.625769131681459,9.7777699691046784,-84.694111788917184,-26.058332512558181,28.88097994554834,-69.835891536550434,-64.170662356885629,-23.251169390207551,35.707952216990705,-17.496483263823944,0.15877779714782614,-19.299180433424866,74.997848233411091,64.338381721215583,9.0558786858100113,-17.881698642385285,21.899153402710407,80.768932087598031,80.305301579354321,-55.715821649937169,-56.003966357177354,-1.1064390878201458,4.8904382360877126,83.515240903291584,-25.687691384175601,-69.185357786658415,-10.670749886149727,24.008306283607507,-72.569036157755392,17.133826490853682,26.918479760640782,58.337056436397617,34.438040542396017,22.854995953966537,15.114571356158889,16.828487168877846,79.333992251250024,70.435422421764187,51.14647714920045,59.733322257554264,-3.6253555222571023,-78.662372514010542,-44.340902510477882,38.587779129000737,52.385980201161665,-71.882089269600527,-16.188863917207566,32.953319804784343,-68.49115220781826,4.1979106901480794,64.348442481772679,-71.091697189552079,67.376945251918258,-84.080342251849402,5.4689591763770995,-15.464101411927269,-35.572894641976191,17.614815731250346,81.452412511147315,0.73066999704987623,29.055433051331626,81.851709104518477,-37.815734897237071,-45.685374316159681,37.412348400647829,-38.650892054879506,-46.289065814352057,71.285471142806841,-26.939078225221785,-66.683690521999424,-4.0401334798628756,-65.241043030615629,30.017277637028403,48.873483845375958,74.995428082915524,-81.062357175102235,37.011944025507134,38.06587543390431,-30.345654062175559,-78.778327072551974
29600,-65400,2.0208628529299215,683.15627853885735,34.329283756073934,296.46481350609571,72.707680501625063,232.41554395076631,138.89717978946084,207.42505208291175,101.04151783823292,374.75589675852621,617.17132910998953,369.59355158038596,152.69673543429681,325.40520404299173,640.63566825606017,82.90333289517109,506.76207005705959,533.32162344940309,65.535766466553781,388.85837905842629,804.3910084746218,329.42107169786095,923.41715083608074,565.62127675121985,270.26373240675764,871.67056875561559,75.691265240156469,468.99192542847641,806.46806467350439,695.16443588681932,87.641083949333904,257.83973767076048,39.457219206881348,810.95179010347772,274.34110929443011,828.13770969533232,953.02600017416637,932.92758606060522,950.09598002587757,411.21886290360965,508.66296132559734,800.49145128031228,224.0266284457806,631.88287762256107,341.98747689896356,597.14506581697265,264.67047353665771,194.05151456394051,346.63248496884648,170.59729118373633,548.16566905138234,46.842305947714209,227.5649432183701,192.96099041609139,656.39474993582962,868.64560549895634,350.87586048405745,210.96230221480383,919.91794482618388,905.92679507520347,274.89147103128749,445.87633454628593,738.03171978993623,53.007564557766955,378.44556860396199,9.9090962524268207,911.87833295986593,912.01634343313515,485.55447100167675,780.73925943264226,139.7286131827355,748.09300501914299,926.05432372899918,534.61789707324181,812.3053457029265,514.79434162540497,17.665223051182494,797.80722079343695,296.64123190483411,739.84819810114186,758.7334014560663,801.69905016985535,11.271866973356158,176.08979834178609,190.61518871964913,740.96886233677083,667.99249629817348,380.70029320083131,734.24754626370873,456.67466771690681,826.16268640173939,427.45818951654428,740.98767018489434,4.6500511943506808,790.81756458654718,681.73901709457948,54.514343145853275,722.54697492645585,565.42466861408991,194.3418202315473,47.74467241605484,-31.205097829033303,-29.628064241061594,-38.398467762539084,-69.723384607856232,47.574624593310268,-1.3231966436321869,-68.297104617646895,66.647717713042383,45.757600164635527,-66.14415673257264,65.623358040856544,67.743117963870759,-43.902989734080407,18.66992107717838,-1.6447537063834865,0.15512359974647438,-12.465067023413528,67.41574190035702,81.674972484171633,38.709998111867812,25.474272635949234,-44.563196663358987,40.933851787032459,-24.746208555452856,29.113040889058045,-80.287110902827479,-19.02518862022697,48.208745500794542,44.496104579954164,-16.894129426313484,-3.5320157923673086,59.291664620598162,74.959130174074019,53.221803022416466,-79.948832849070598,-15.90529797427434,28.957547785865515,82.596388855061392,79.27609212405288,-58.270707329123638,-64.668867393035441,46.128004948950917,0.42167717871930233,-18.817558945660227,-28.009845723877653,-74.692165099573955,-10.534450049004388,19.348847430100587,-84.295852090695661,16.887727299169427,-2.5017741778291871,60.406517215262127,39.445220737966004,-82.13389451052555,-0.75773656868048356,21.23648037634949,71.1445609761588,58.233809628424275,52.333396705971694,-69.063562669670659,78.46518777996728,-84.182038826832965,-53.407214966698959,32.329439904773814,-55.967297657119815,-66.262832897010256,45.067956285916104,39.224705644040107,-68.613267612581097,-61.286217412305291,45.252055370727874,23.620656567235208,70.507316442762544,-84.148182035746501,-23.112414499605592,-7.2800413738605778,-35.885528281848572,-9.0104796658461392,83.725668505658618,36.227929535954033,29.921627429866277,28.788155390686217,-27.971054832787985,-44.27302552928613,37.484197351288174,-28.920867934836711,-29.518238918349397,67.115949876389337,-30.763717769405964,-69.813091087522366,-4.9388750361718419,-57.71258673730128,78.142242951054868,53.251417578259286,76.736607025218959,-82.676826110669168,35.518785085325192,-13.546128077713128,-30.415136352826337,49.080924071156105
58800,-68900,2.0225042147362076,172.63631593845196,26.32599545019259,694.66616347353897,73.986938011126654,123.58909335053883,156.85693439839966,762.03369240324855,21.124269640016706,365.95173029967293,617.64864112947737,371.75928158701453,312.76786302624782,5.401814624960906,324.0183765448237,100.4120726132717,490.93533841109149,707.5706213085316,93.780449654302799,387.6450801689611,826.0662057189943,551.81581630155642,909.58422323111995,563.44251225456458,269.45524182568107,846.27304325472653,73.900322328303858,82.600906046009584,98.619205709934135,431.18773419056981,943.20918175858276,671.44875106674613,783.18002952817164,938.18399160170679,294.53259188389995,839.00956410215747,191.86933719681264,871.5834465990647,469.38418655141504,419.6086380365137,509.00402241399712,500.92022267885415,682.30840540518375,655.11777778718897,372.94124386893344,597.84059005459051,270.66938778639991,209.78805534906016,107.44348400343263,166.24400797070507,562.82015517659124,70.465699756424996,798.47988021797926,200.67165813368939,656.79288111166841,654.95456854010274,349.61321413027628,208.13022294448874,55.089624429676917,509.37398170075841,268.56083665631036,442.97973345139292,29.58973144386249,708.51067196071097,461.76137355481558,771.05612109333583,910.3767320249583,862.48700509296305,517.96504369074103,635.50548984840088,75.597552263926957,719.72118102567026,638.86341994254178,444.92277250352049,828.43087253393264,175.0330588923693,303.42442299388961,860.56532358529023,645.1319297913526,739.32665060550028,123.78457469236886,801.95140744376113,27.378301567825361,171.9447334277655,186.23170081996508,723.24560716759004,667.74414963080153,387.37222238938199,142.67892525776642,454.75849917787184,822.46501459087733,462.47040049089605,739.51705867286319,7.3327893395763315,759.51900250697236,801.96398922805827,468.06422869604978,711.46830169819646,588.12137709524256,193.73775917411282,61.305668294777604,-31.163486854752584,-30.431574811548522,-30.305182227136655,-35.158237724224755,49.687933838516265,-58.118169775702782,-78.309458571782301,51.17108245012853,-29.172644728740419,14.643110066768791,60.234975356961051,60.197611104737582,-43.81442012917865,26.797921876560522,-49.573890836877723,-0.65917179735065146,-10.823828383728982,67.635908473054684,-39.069544943227243,-75.036347459721057,25.522452823166585,14.277781105207687,-78.552167399788445,-55.096990091892522,28.865240526075212,-69.886705159918108,-23.46333794979104,43.927793384237553,-51.374988496386806,-17.073178755889959,0.22599455904167942,53.711295183776151,75.098884548902433,9.9134827472261229,-75.927815549222771,17.406726997043336,22.043566711763035,80.621633127875128,-43.773078466027272,-58.248701479849565,-78.496399054937342,46.364965364648661,5.1383113300944911,82.563228731004472,-24.04899643375418,-79.908390979283439,-10.60235252728223,27.238450126036927,-23.332996978023125,16.81172303430861,-10.42898293794428,60.580300247996583,35.267723375413738,-79.90451293325053,16.183069701084655,16.646694551808256,68.410399299082513,56.228018346772664,53.476718237983896,66.755941801670645,57.104086108604044,-37.786971273197949,-46.216556753129389,7.1983943484730961,-66.257159719116544,-66.824657125125356,-27.93056730867,39.605295742828432,-68.564368507516278,-64.523085162744181,67.505617654527981,27.485975627194197,57.677598668595216,-84.013701547037755,-15.843188417248586,-8.4792146495735476,-35.378503720780188,18.454741023382049,81.251510032281047,32.401325101123845,29.970530626375435,23.324563258790697,2.2073244271645294,44.687098308526259,40.897566206321386,-28.666526743887815,-27.450352116220831,67.398449003564053,-33.302434537442181,18.772417133620547,-4.4661252935252476,-62.157070710247616,26.310831464650203,48.890222089066356,74.701118292177256,-80.194747787538631,36.810938863443923,-45.991360215356032,28.493222879471212,44.927026618476326
400,-30200,2.0171459667239402,1000,191.96900807051236,704.24316635992182,72.876550660287933,223.84164675974824,133.83312010971349,766.16641218106395,349.44200342674981,373.07284400410128,617.60057375626184,114.05472774849287,38.315392925898962,255.52763224972745,693.0885508922936,109.04405641888447,503.78690411322157,709.0845033354301,93.130662779733257,394.94312072184891,499.83161220953298,319.54374629355891,872.63614324677894,560.77821596480817,260.58556320196965,867.722152098641,901.85475464858177,452.8590106205088,1000,687.87149783590894,981.28410391524596,681.41399465983818,195.31985362027166,961.65615667478914,630.87664010859305,813.32531099302867,478.64916759231647,576.21821835457604,417.76170747558581,426.35397079815817,525.29192736980167,513.824993548473,659.05777586269005,662.91121813197356,803.77393922909653,598.1769705011925,258.85733588079586,209.14801089970567,112.9434607319543,158.77498068087584,207.520808924958,28.571634095469097,236.39932236240307,196.3228029988656,653.72053961531287,869.25849854647583,351.61002955403632,182.7804874220908,45.070943189666124,900.08957388053648,273.85921735190232,364.34292594858766,931.22573750087497,561.25621051451117,634.9680221926692,63.486189058487241,908.02196717537322,915.78037746221059,516.81193164803835,793.57554312348782,140.7826977731107,725.70832095674757,622.07068514411685,461.89268468747622,814.87647594792827,158.11787524963657,272.6414539141914,844.11230064684128,298.02450339675539,774.74559307243919,95.716943221567021,801.68795781648964,431.3499727529163,758.31041517782785,184.36370683816372,346.88307808010666,677.03633773370245,423.3962970087419,820.83123281574058,455.2512789592426,825.21531228215747,430.46136693313809,721.47846032563496,14.082023208719725,756.84867422454249,665.15373889807483,434.06867517178614,711.82712923481574,579.40942451958676,193.13645571061488,30.774700204736796,-13.996419945040198,-23.493183458101345,-37.425746117495706,-34.43885192111955,42.106809589371302,-3.7917281897607396,21.310058814731416,53.548720657688456,33.999325557760621,-61.880778532154572,54.822373777102705,13.481262231684987,-43.80604692898406,18.477851404631775,-49.69870047177433,-4.9761005581995921,-5.6041946249266941,67.755866180414941,66.086850707625601,-65.290274613003703,25.122950943431778,8.0647134013069213,-83.367032285008491,-25.542011511326088,29.402461186844647,-66.249621948667709,-65.534424134847896,-20.496587636478459,-49.596550652267275,-17.655381967278164,-2.5621908010952521,-13.96264854594509,76.598857097180129,54.780501689804524,-83.308929172455109,-16.836392017653438,28.809054557848604,81.123155058687885,82.468120869410825,-58.626772947779337,-75.000203555417045,-5.1731812407520597,5.1989786387965085,77.891095138052236,-25.900943976861967,-67.89514854863863,-8.8139881687413499,30.129956913952785,-14.409292029599662,17.502258247983459,25.755246405581836,61.164364847459986,-9.2145053528272918,10.809025423902293,-3.8471347327426955,16.786987295057468,83.176598305000397,-8.1946693470111018,51.174408834167686,-69.705960411659746,66.674855125467488,-38.946385808152442,-49.036860254152494,37.810794346172166,-74.768209918559194,-73.769501650917348,44.076389164141965,36.859165967941323,-68.624891465105406,0.7010227001274103,46.182182469493995,-38.852829363933978,64.871472459619923,-83.830153118021528,5.2727570453933144,-10.086954980280092,-36.974816318808919,-3.3834386068180278,81.720740872180514,15.272302162390497,31.63811170519071,26.75793096163877,-4.7041073960238844,-43.028821760805144,39.288228010438878,-35.176509800138454,-47.477739101942952,72.060049604964561,-26.553831840532332,-70.312534410845529,-3.1898738401355975,-65.700017027645529,37.052976197095134,49.58861283154279,82.714925458152294,-80.873241813532488,36.104131241121287,-7.2294255422417502,31.580889712343851,51.459279365248875
45400,-67200,2.0229877437740109,404.16989497501459,32.989688547548852,661.55992787834896,66.405169847032752,155.19110680544307,134.11861974747583,764.66634249947401,89.572584564672141,368.22991310231629,616.41655015591311,363.78685810934496,162.14955946334291,316.81872942546852,241.7512111943924,309.94598062983255,524.20209334374988,574.05423213822417,69.179657140103643,423.42980801358641,849.37303014842678,328.6215261070418,908.05246904187129,563.46536039714363,267.76623766969783,845.73107365513738,604.60500735374899,434.93939159764477,862.31027947427378,695.33242846694645,1000,262.52828617520089,841.09010675509808,926.95563108294914,350.38391938505202,832.21096591333674,555.40708765497959,460.18747335944551,440.29669631699346,429.8254019319246,675.8368187299227,802.38828222373343,690.17612144034888,636.92651589799289,330.59064443881539,593.5100212788476,271.95062546488759,220.45222366840474,101.71812808065921,164.94487898955632,61.904951082374836,44.13332192123098,218.10587381754408,196.44470280636793,626.39019331564066,633.70995901158051,348.81394087633538,184.11034469290431,64.224292673186937,884.01786547913298,274.25705689933369,503.24940106410389,82.364683972676119,2.2810256092919765,476.74988428268369,794.16147735710558,913.08904991207862,967.40681510556544,544.44482544727418,628.89734704347154,167.40259144525254,835.3100740850922,929.36172881488051,468.10089329721905,825.17072500182383,192.79872231394319,275.33161746540895,804.08657017701023,302.3222248073389,744.4714366007986,618.14693192889035,799.03159770325976,303.94289746708216,267.13515179858371,186.85905324369978,726.26669032544135,683.33288498485263,425.71743556440646,809.13307026547182,454.81161307473849,824.26366491872977,457.63048835387656,724.73005214892066,3.8144445104569384,710.16255706433014,639.82943897197231,455.82765175044102,721.04804428258717,586.98852476754632,192.38822458040863,191.01354095822253,-31.324797596942581,-29.36679869255379,-43.034159692613258,-34.229535542538528,40.552225276870267,-63.384184622699465,-72.974102412312135,52.928237867379195,27.470734389565543,-68.427839426057091,66.65846934025879,15.082497303302121,-42.568335374667598,21.554807349644648,-51.661453777190403,-11.78257831337536,-12.466178694254012,67.872357951189912,71.219697734352096,32.567718549858412,69.28003979848657,12.451048193657659,-84.715243825568422,-23.546586426357912,28.949113311850393,-69.910732725504275,-59.673110672895362,-24.863194362059584,40.457760428480015,-9.0574853874719672,-2.219891694030339,57.43729878658327,76.664052495261814,50.330172938074838,-80.684279564647383,-8.1214451123368825,23.396036778890927,80.775109194125932,80.745991449983464,-58.643735469329492,-65.148010176406331,46.043249450170741,-10.885641699235229,85,-48.46794671178202,-67.209174334073154,-9.4025288851917352,26.810026362962383,-81.642520185596169,14.564109930847041,26.240669446689154,61.560207020245961,35.00850464431759,23.644085487866178,14.712216630989595,16.739825090189541,8.085306026172276,32.779089933166006,51.602243311893275,-72.728087659418208,72.096039575200336,-83.959340757751036,-49.968146138925256,39.162230796141429,-66.053221120388528,-72.118464233659495,51.2253453368658,-17.251586667490507,-68.577016064792701,-52.581239482719404,64.374446592655261,-43.842596669736608,73.740577260231191,-84.125662572566483,1.3752742971915586,-9.9590467910893548,-37.329086728025914,-5.6029550510447184,81.840614028017555,-3.5129548095682779,28.989406161963206,81.305421238400839,-2.3917114132074859,-44.203882149550779,39.602890173066037,-39.024457801992305,-24.478042014133795,65.233468169164752,-27.725037085901093,-63.863441864539496,-7.1317208509396641,-61.533473574246983,71.403300602759316,51.312374034432409,85,-72.253567665515618,37.143849301832667,-49.273856104375909,30.122785654327146,46.74495170612942
5900,-61700,2.0173936005807933,1000,222.80924474896352,347.2447908800749,59.126510448531164,196.81161782331839,158.52765477417447,810.07331906742661,97.016622154394071,469.65373879944491,604.92471765850109,384.79701388255432,281.79104693697769,92.524174256965821,630.22067705057157,110.72462676803917,596.23666101443598,712.22819463632209,75.76524380629435,389.10108760920707,851.3097627300051,361.84010902783581,898.70740073073614,564.11243013354976,262.41053979805992,872.41526128591636,903.41493241429225,452.76732210757297,70.7216240520616,861.99426099774018,984.74944401031701,667.69369022127557,754.6399231520985,976.52763310633713,307.07046684574902,834.29697001362547,516.34024411381802,382.69311407616624,994.33310153356149,449.32712986171083,677.16369436056107,882.19081940887509,691.48184895594147,635.69106725385063,796.91610311707427,598.29826077635869,274.48491553072478,213.87449851144328,307.63279918665921,164.47900860893205,180.01632598630349,4.0974917296797262,780.87202532193999,189.71514087299533,664.82364644784764,645.79868184404631,374.22647041007571,211.01341130529244,772.2796824873983,908.21189708655083,268.16864487199223,814.18467871239,934.89106352091176,184.196472601208,386.69189204766889,798.39903561015103,541.91354401553076,920.29291033501318,532.2740560994821,639.93410400627306,138.42351743297368,748.48616123272689,618.82080135201238,524.49761517948332,813.07755610999106,182.59766818645721,278.7258954555839,819.64464176898298,288.71972034851871,771.53616163647234,111.84217975347222,801.79582389240693,277.02828403248952,60.266848105990505,185.80701490042162,726.16405492268325,678.52684152047107,375.84590530148995,736.18230948819689,453.20970163060105,824.4214955971305,448.35725981915118,724.400530926427,13.475115156250782,394.71900762252091,802.85443463608044,401.92652044880219,724.35828413523427,579.27785079323553,193.20447278367158,194.81018007493023,-29.631922899862271,-33.105535558075957,-43.527724388673143,-33.569931843446483,42.090903636618826,-70.831196984461641,-74.899232663490253,53.626873169620353,23.039976828708649,-61.577260868776108,56.169222489082578,12.051453186746794,-42.380785032479238,18.253628282526218,-6.395962559891025,-2.6763318402873719,-10.896775184106342,60.314961993272227,68.784327724490481,38.265413003672819,-43.492307809688363,6.7296902804155563,-84.629540409863438,-55.126873035460406,29.6584150435488,-73.463846543145848,-66.356319368704447,29.449028453949502,-23.166285622493721,-17.599432105033294,-3.6263933354785629,-7.6236852288229002,76.500230219585404,54.209248708224422,-76.206884568307075,14.726280446458931,21.30144488211668,81.112012398284222,79.54009995480267,-58.377455188130064,60.86179748595022,44.262511300243652,10.086104611052633,73.382711781977079,-28.112769958517031,-75.56460502771867,-21.173883078476059,25.40259176427908,-82.406080279352125,16.965286518124334,3.068658727346484,61.527123728751384,35.047722376010825,26.052338743714159,-2.2564528486428186,16.907166854066595,69.29464258422226,-7.4183195548958167,51.493038691596936,-82.425210850900328,55.342416632804536,-40.703832351093688,-43.891965015232891,37.928317868591435,52.200112059520897,-72.189066940682054,82.324376491208596,36.879040112829387,-68.491131909964096,-60.288184062710997,63.317994519524767,-66.709962031821803,64.272172247623772,-84.05574904165691,5.3465052079617008,-8.7017636435169656,-37.01423201519453,18.409783980438384,81.752750060910245,1.8704574525671869,29.961598997921367,74.003304658776557,3.5184487416854342,-42.9955700024028,37.477846960506348,-29.525278982919623,-43.599373948454343,34.606044014866754,-26.449890688830532,-67.534861618273595,-7.0147270756171025,-54.214608878199627,29.776858392445217,49.657844524460124,85,-78.689926924137609,36.293153172411721,41.141015089690384,-27.379539562751127,-74.231880179720207
600,-34500,2.0214030409782318,1000,193.44354536803084,677.2812182488052,72.732357774630287,154.32521910024946,103.42932655342813,753.13004348879906,90.228317800895312,368.24345002491191,602.88919942112796,357.20680258389683,163.4845085824098,320.29482627727373,601.03565553759518,113.74281343631466,525.07114866368397,486.85055873379923,92.070592241455387,388.88383485782629,858.58571770197011,312.28324048555135,872.06565504318473,563.98918579337999,267.88797052310952,869.8303795421001,600.59876461430497,455.45201608445814,847.14428012982557,690.21820606658821,162.28387532155858,661.38438182561276,142.60266886565361,864.51103566449956,341.95673814947236,811.93152744568022,480.83974332075746,465.34953142093053,418.27753050924798,429.37960111363219,677.66839739448358,804.26276513635094,305.10396887744696,635.76750254767444,752.30492941559919,593.28961226154593,260.24623732419764,215.34820481941389,111.22417381100517,165.03653377535053,95.131332248090672,43.68631863221303,233.27354583445563,189.10775443247152,627.58754686836778,875.35513908051507,348.84748930459745,211.56321798543129,886.63803082614845,889.12405285227169,269.16319095533424,785.66394941326826,109.75105179606267,7.9576687913222308,466.84491756383574,792.828307122772,814.0312368806899,972.00573496627237,544.31719372873533,623.25562254148076,137.77150417506144,748.30945626351968,640.41235469129754,453.93113661897297,814.6285103415895,191.00026122837517,269.59965082817729,804.12978115347494,320.31883403428992,756.63642197212425,13.678401999733467,799.14519260691532,342.81408512029475,263.30100049463857,186.49034632172683,725.40085902845931,676.74793640534779,421.60385933072808,808.64009981885295,456.75053014014549,826.29690322588533,484.90021107955459,722.10171961847232,3.7015565648682429,396.74974888786369,801.17167256124549,457.54133672490241,837.23428238045676,587.40115441465218,230.18040634840617,59.672842173136118,-15.942888212522638,-30.228900518479367,-40.862594925416069,-33.809819715578001,41.930962025398955,-59.724592176348594,-74.053219541432242,52.869074613829966,32.084063876201583,-76.857663488386791,66.769831464873747,14.92959205467111,-42.55499667290082,21.694289817847302,-48.829745758385293,-56.12130897679549,-12.378295314030883,67.917332480087879,-22.759663710429052,-65.629990240376017,23.969404349017104,12.315936064174956,-84.715146131466497,-23.872349520625463,29.029711108659487,-70.193863403540675,-61.443256618804249,-24.762546118761261,46.552617552827563,-8.987493574223997,-2.1398801639981233,-14.466011854393702,76.539066601381634,49.622443280132742,-80.766932591137277,-9.2754475379135339,28.733994476029164,80.711049467267372,84.947876645872952,-62.320743552041399,-66.438593394007228,44.582589544271706,4.6949404187253725,-9.0700202387913222,-26.798052549535051,-67.39688725949685,54.456487978848557,73.349642260929997,-81.643225907345098,17.133297295290312,4.9025181361805981,61.578587693612981,35.050098516202745,4.9042508819803583,15.326459565467331,16.764578968498828,73.115627096536883,31.807404302132831,52.334486779826165,-69.68190432070584,-15.947149968034903,-82.480683681712563,-44.078684427325186,37.707126425624139,-57.278994161140439,-70.485008433000615,-14.441310940288563,32.903831642116806,-68.577172369812359,7.9459685140149077,-15.502138800055988,17.405431111993966,73.530215240100489,-84.127006729425545,6.2787482760716298,-9.6931705578381742,-35.62673793563868,17.537004867299061,81.597872802571175,-0.91304349052305489,28.99045302777559,81.147584123949628,-1.8258636903821488,-44.711379907381392,37.547878667944062,-29.21823113787919,-26.957514232451498,72.701130406596803,-26.824760589001656,-74.750841026212399,-3.9944834539966587,-61.420779256436298,73.433864107092347,52.867318750753704,83.888681750555136,-78.661637023741591,36.105489004560567,-22.386366755834342,27.757578913538513,-69.191341090001558
18500,-64300,2.0582897897582515,908.97360053468094,6.1937569495484599,342.63216723223758,56.947334400085126,234.87622398431211,138.5055226747111,773.26664018826159,337.32528027996875,485.45572612488724,604.3278558384427,353.72893924282545,95.497659786158138,99.451765617247361,76.785750139440168,80.86978725401282,530.94546257709135,533.17760075602121,75.367554111227491,388.81480920746878,812.56766525222201,543.40232502217282,922.68815172054065,568.46210220210185,265.3500921479087,871.76860255603503,909.04844252879525,130.36765737098483,4.5308518872682271,772.79060198563104,973.19856735017788,179.54611033428483,764.22314955894501,918.95455441985735,341.7160581555849,848.54793756965262,602.20100822302265,467.2936590421902,958.90806403388478,423.92758763093144,460.00596725000986,824.8421582638415,684.09575367439334,657.73891277723499,375.40019294139483,598.28073750185206,258.39564527750991,192.02466521855501,101.74462506897568,161.34867392756257,551.57849679604044,36.856021517243391,828.98903624059722,189.0705292950401,656.54578299818638,633.15004686937289,365.19245370971908,210.9502151632949,767.97798008694645,433.60345954436315,270.39463813514379,766.71171661540393,889.00766066107929,30.14542797647556,300.02848726392978,816.92009063894693,898.49310549555241,942.7583157686189,490.16514294267381,646.76177085280654,140.11908166578147,748.27226287396695,619.65534779055452,459.29363507965019,812.3053298466873,182.86188185542329,273.6918325762901,819.66430509290478,291.9353458918963,774.81365349042505,82.452554570890115,796.89535088753644,281.80966349805027,171.76097598651077,155.87647521249536,743.4781572563503,678.39784004084026,328.25632103044057,721.26746761488039,480.78102472574483,821.72657794260385,485.45218400921198,721.8839465885934,3.4277468642338844,749.45094192318652,802.34361904941693,420.17461999087499,724.93328437199784,582.67911424452359,194.339118695407,190.41221154766288,-31.389650906282544,-37.7154528850497,-36.5328099345667,-33.863889182499612,50.706299384576269,-0.033264442385705362,-72.919672313715097,54.475523502741012,22.778462992886848,-61.322428841290893,49.312533845869076,12.043981886532707,-43.057693047509872,17.363244801127394,-49.326880245459627,4.0429910975881551,-10.528015699122173,60.099386053362906,-40.250082956629896,-5.0186940902384904,75.219969352804839,3.9828937267511968,-84.678052366833384,-23.960393548508797,25.363557173281858,-74.612083343057151,-64.446117856227119,-38.189153375180155,-49.376786919195332,-17.601069685866367,-2.7638708092838984,67.286693328005597,77.134384401079771,64.304589664047853,-18.889841090138106,-20.358449305319088,22.253816591512923,80.588522466643113,83.485885587790165,-55.506001399377531,74.452380606926582,-2.4534668383334441,4.4339175701671412,-16.598106005949933,-24.620155639970662,-75.371712980729583,-10.708070676814671,23.316951748403913,-79.241381499633022,16.966553352440815,3.4739476796102502,58.398390478615447,34.061651343342696,3.7765349631614029,-2.8496414768147895,16.224376834071613,81.124417119605539,-9.1236217925977936,52.373024589970719,-83.138717359774091,-19.908639223277532,-41.176489022746992,-53.214300893239098,6.912288782806149,-65.936598287822719,-71.926630286273905,80.600631355967195,39.094300239029259,-68.616004934912169,3.2799183816370059,65.190076139114581,27.719639453791423,9.2114122950664203,-84.116383623923184,5.0345346642767632,-9.4429052464277117,-54.121126940484608,-12.341134474494256,71.697010100007361,0.68360653058630272,30.785639569390298,48.946915611276893,-1.2789362147411012,-45.237557884369629,37.414271838589109,-38.678384090659293,-27.320642716167114,32.246805658316696,-26.898834163466542,-77.063301344786026,-4.5796671093309005,-61.978516799201451,29.823769020342581,48.892380579940436,74.770779568982249,-80.614302751037783,37.0146821897807,39.450857434742765,28.500918701238483,48.911157268688754
22100,-64500,2.0495758729591129,822.25777186085622,25.712791369534813,696.45194900746185,75.355111007629517,116.67911507967837,160.91236951368955,813.53107764336755,22.210433088180253,388.12792911161876,602.9219760941653,371.40567230105341,308.92340817761709,7.5498835807789249,324.35660387967647,74.13443134221184,491.10000811072996,516.4739516006706,78.111345495237217,382.96466793597693,826.12701408894702,513.59790671361532,938.84006878472485,562.39263465433521,269.42573323311086,845.89293726602,74.646158976717288,444.1007788680364,6.3686092149915652,215.87853684971566,951.89465989637097,202.48048357193292,788.27183419185462,937.5825817525822,336.13822362452242,820.14291412715238,585.81928799667594,473.7553815953558,441.89785314030178,419.29093026929075,454.43969711216818,495.6793015267728,681.97282694827152,611.22500376344021,378.61434335861645,593.20781416368766,270.47850618116047,209.50600763799008,98.688888318704812,166.23654291888747,573.61115132601776,71.703471058652042,232.40566593234303,200.64868518387468,656.57686948136529,612.73533888172608,349.57777206093942,208.0680393045231,55.146414658666139,509.08742968801153,268.98880131984612,379.05219501654295,29.599920189426363,104.95908255021016,392.45107070521215,756.95078293838628,910.08172759627871,872.18159317037703,518.0412134571834,775.87415736534172,75.161957441542981,748.92494727296219,657.61785840546418,445.34056587301205,828.43997907425114,175.6209254994117,306.55846130645216,820.94446484924981,301.8524259769481,766.65647635260495,90.817380318993571,797.13841599631007,27.353205875736528,172.06055957234,188.79124208592501,741.37032034349625,678.59297237664725,375.41066332452829,787.80991259983853,454.81265198953758,824.4021406747471,475.00614611474236,740.68273951896731,8.7337959619021959,759.52003430835111,800.67399021383289,441.50219943777785,724.33370399248372,588.56611647535408,193.93267650200815,60.869688973445712,-31.129609570536125,-30.616783576548844,-30.22997689894391,-34.075680583637343,49.692263794030076,-64.731142217355867,-76.55453767620179,-12.136227899032104,-29.149094587619057,-61.472206891094956,66.591856494966933,60.158919509716981,-44.060006328032763,21.69432847725421,-49.569506438468402,-61.62928790835555,-10.857292564104716,67.485180520234309,68.560931973901575,-75.012546489187372,23.644670160210598,14.148232129166651,-78.509796531148851,-55.486400110567835,28.867609009218356,-70.429109852437151,-71.110041760999167,40.442268144361904,45.544488917486987,-17.118249498702525,-2.1436449911183488,53.701523909299588,75.102969464322726,9.7496603142624796,2.8688577146543821,17.50654479986904,24.495645637411222,80.630439770523267,85,-58.301695067725838,-65.792007503059935,-2.6186743015506053,4.8381345945357825,81.837489235827562,-25.42951678870735,-57.415510358767747,-9.0910718369306629,26.815982058383241,-15.313789300218669,16.875393049481154,-10.413541947252185,60.690403544161668,35.266584162425922,6.8529484037481083,-0.67569377971570432,16.659208588266036,81.070826177563333,62.478821963947873,51.895802565351978,66.393164131090415,51.597410492163888,-39.13477808111945,-46.263206841153171,6.3388873809164217,-66.145530748293837,-66.929308315034461,-28.914926255070167,39.606369357641185,-68.61797982046113,-65.309940543158149,67.437386810719417,27.352232986641436,57.71565524584166,-84.862601459491529,6.9174881930569523,-8.5760391301590424,-34.22926261668767,18.475595375986096,81.247732318723791,31.787820091320636,29.968327144401098,29.396314372323911,2.7485302905853422,44.292484255299428,40.842345878848796,-53.12371783369511,-27.241736697370797,67.476029093852532,-33.179671513511892,-61.981644949647418,-4.1425500041793999,-61.593422195788882,27.09822078124467,48.959558566789909,81.972002659208201,-72.969059876564103,37.014676259759682,-44.280513195696741,30.060579966829287,45.729902729892451
1600,-47900,2.0180326953535443,1000,191.23549899189678,679.07466641020858,74.058249029381543,156.90869430395236,105.17101717003122,538.4114701359706,73.919167312079367,465.59831480515095,603.22260012462391,380.15821397400151,248.73326476684562,324.96338982581011,324.41041197438881,84.294847382386905,503.19279662880876,508.66227412374667,92.347942743977853,398.95332833254372,508.55975894674395,302.60554690453898,868.22509270829482,602.35650505713363,267.66848051114215,845.37119280129275,905.41966902576542,460.73639104537756,827.15119936121096,815.92971094662744,976.79649462840075,101.63935546956139,665.83164367882205,911.38807956412757,394.90424898249461,831.71161167083767,555.85126147608958,589.84862957196037,442.25369597922059,411.10964239573025,536.67073355185755,810.65370354723655,700.46617588834863,429.53258929859612,375.50188954183568,597.17451558301457,270.95808767697775,231.20183669463472,106.06841600179719,180.28738677113,197.23369206015661,81.540549145964448,246.56975070863359,196.47901822628319,624.96314642498294,890.17935111728616,349.29266751758098,199.11603465338089,50.075901581945828,548.94030373584587,269.19893190438825,805.07380329183673,7.7419111475683167,52.518141535250351,483.92398549366033,888.75786586484355,521.3403818243396,913.85636652896778,484.88167476999973,611.89851358592659,138.0814764604595,748.48212016895241,651.91094867777531,535.86452715024257,813.50951921187573,537.89563916758812,264.07683360829418,853.72771274652973,279.60209383545333,739.56932031113729,93.136390235329856,799.15356109435697,45.155869544218298,778.84145130258685,187.74314007674297,677.24753273423698,667.87719468901037,374.91060930052817,821.1762052890324,457.25299553152524,855.64781667469629,482.16640384550914,722.73635411561531,13.898359318327191,788.80721572611947,816.58513193424915,108.21016182175975,721.54593469109614,579.86053880350767,174.9146737459759,34.82466117104488,-21.977113474368476,-31.02906088697258,-42.555188473016116,-34.678308515687426,41.842218298401079,-66.876990002413422,-7.9529984995714686,57.782571098885555,32.636491133756508,-77.986108075140635,63.669578172213775,7.2252562703801555,-42.396236408904308,18.424754437134233,-48.589992371466693,-69.630709227227996,-4.1961689140442662,67.77124615892204,74.056804133775984,-64.250057826585063,74.482619616796597,14.945287297072545,-81.573913713161161,-55.878149460542836,28.593595999215683,-69.85548643580438,-64.959113435109387,-27.1167959487248,30.942527633855782,-17.116086316631808,-2.4802340324106118,-0.50303848784103522,75.035449463496207,49.131958540795935,8.4700485744736014,-12.21201532866619,28.9111540914082,80.773713337408267,85,-61.925930474334805,-63.355357825811474,2.861439381567211,5.0919260042195003,85,-28.120655961021125,-73.271824548305119,-11.296103740063643,24.008986107169036,-73.387579062637656,17.489930372352763,-1.2611291872958539,57.656266487737874,33.483875473551016,-84.988873647070932,16.179999527832244,16.750652743573106,78.667766093271467,-13.423905467702824,51.988835579668439,-78.792045498106319,-6.5643615482075042,-45.059140631150385,-74.500844869460465,38.413262401219825,66.136233213036761,-72.14114531205,44.93493961182628,-4.1135759513042274,-68.579159605842264,2.7308766812032497,64.639275793197626,31.721252665298032,65.493885260405079,-81.936789622063756,5.4585662725107458,-8.5860624934849472,-35.278188252693049,-4.5860982168159472,81.476138745819298,16.138370900757948,30.501573731381416,21.561296359026709,2.3042686793617455,-47.079033268524327,37.403597050513426,-28.900124985108882,-44.844788371785171,71.492177135021578,-24.838757023581067,-70.35160293397125,-7.0368475445291576,-65.272372686256702,78.196895831839484,49.570885180541012,82.702268981469132,-80.830557262721754,71.620810020668586,-21.90518488385392,-30.267234177089907,50.932374013213675
11300,-63500,2.0175379811028011,925.42246337736879,193.66953858080032,753.7871496632622,73.2105473793887,154.87325049253457,134.2064862231845,784.62020893232693,109.76191053712263,373.57892285679327,604.95057550906495,163.60157027829169,94.982466576946265,71.413651977512956,242.79907323331963,315.53984117930634,507.76267486382898,531.39847825130687,80.131296964834604,421.16129297812586,858.59142331213252,327.84667678293567,923.85194537680513,569.3276843869794,262.0322921816778,846.23999937829535,75.203036116583746,434.27953780625376,818.74651309170713,696.53387446276247,171.37704612641542,274.08724824531896,822.16046843080017,923.70179493623527,349.87737614270651,810.75049992966274,553.58618865917163,460.32133319115525,993.57551548099173,399.95077711351684,653.8486212090869,830.16341114995748,283.11708897101175,657.19340532864487,335.28587996736144,594.21461149006143,276.87819823600483,168.3904416241277,120.89893799583328,177.66785826136444,555.53706383931785,51.551481944413467,270.27528558866265,189.03729036759523,656.34695168700046,654.52425273712822,348.91033606880211,211.04060397434478,866.51457700150479,888.29576163775585,274.22276375647419,449.6983339477834,34.722425506034561,81.446121358614107,459.60361430118587,726.45019096991655,895.5256144977177,522.21653588268202,489.97924026106062,637.46628672602321,163.7849018666131,832.77614089470853,929.23887482398925,459.09857031010011,825.34793019672134,533.28478055301719,310.37387150466793,802.32037238018029,296.07388719915309,744.48127963916477,618.5437481802428,799.03202072207682,346.81816350364443,189.11225743519981,186.63607829607599,723.94344882655423,671.35200584814982,424.73070003392587,779.00557742524654,454.89057903652122,824.37486922047196,457.45612172408687,721.71772680547133,0.51086198839399977,417.87505528063389,665.74763359851215,438.74352234660273,724.61797327820034,565.54578208300688,245.37932219557933,79.809316447392149,-31.181562994385626,-32.038041729575831,15.133853347393792,-33.807841403692009,40.333634625722901,5.2253792174310263,-72.166049198022563,54.868939158971877,46.698005805926599,-61.344206625511852,67.150727876532414,10.310362547451762,-43.197239246593043,24.518842587548615,-50.053265632222463,-12.127114899241832,-11.113778125185789,67.624908714637272,-28.518227419840869,35.038368023946475,25.683723731103481,-43.303365612459388,-84.748619413030383,-22.262721494264479,27.77632095964448,-74.563804941546451,-9.8604124284187193,-22.773450465733543,46.724354544126129,-17.480875832573684,-2.6376179528331152,69.725717402094361,76.975780786474928,51.035296963825338,-16.012447217708104,-21.699751908731386,23.636511903306801,83.626641303501515,85,-62.374261507141235,-66.140345154201171,52.717958765279121,10.017009212331599,-12.850280205932014,-48.103101558364443,-21.548743415117823,-12.084267446995771,26.764767491621441,-84.174446434783221,16.366170414162998,-3.463798995871004,61.121544589736395,33.983544719285391,-82.106491007028438,-2.2695525905706893,20.986339468318779,22.062136985687445,32.813906974086152,52.296394979844301,-66.953456782834067,63.378387140766499,-81.914454522084853,-53.024831545703336,38.846819659317674,-74.407956394317736,-69.862225342382416,-12.917134282282806,-13.764202089028512,-70.532006367551588,7.2305940373822928,64.833094176884188,26.563873803937454,61.591045715802323,-83.910817796787882,5.4619630705796887,-9.6999423198961026,-37.372733800520109,-10.482613322214473,81.917693066575197,-0.90488001649230787,31.723462988768151,81.667122757652464,-2.4226713378146267,-44.249569720915268,37.433320488861973,-39.71120812200207,-26.928742740931536,63.763684126230032,-27.669241646335777,-77.615385298156511,-4.0189735867647753,-65.132775962781054,26.698899423330037,49.466897435202419,-51.725597086176165,-72.242366571825841,37.084719840008312,-49.744103164472286,30.795057365551493,-67.286991878192808
65300,-69500,2.0222895314372766,62.750777847260906,24.857653558529037,683.32063522340218,37.82006072444733,197.78919622622021,136.57169458376873,749.43728122960124,77.596450232365186,373.5938397283881,616.34087254791154,155.81282465710126,290.68218198921568,48.335291627876416,698.12498002568248,82.743821084103899,502.24466659405692,706.05574511526584,73.379232933881468,389.41415634273392,860.92296474374143,551.82287104264287,868.41300263150458,532.40221293326465,261.90013859227321,872.52425509673913,883.82326046710477,521.66172003402835,822.54007078861059,802.49420302063265,969.36509321774997,260.11517421990868,761.0334095806993,896.35415654119493,345.35746626284049,831.95657181096692,601.27321594185082,922.25210095072043,390.5573671370218,431.64806692980227,559.81788809914474,554.18126696677905,707.82064657205467,635.69066884954441,364.06858730119899,598.57589455210518,272.38601503559471,166.51536990306741,309.89353453598096,172.25686412540492,573.4190934078548,46.367681684880786,167.68636689272381,193.08778850271119,657.16190784964272,627.46254256354086,657.59899263310467,209.64439787309027,205.85327084326008,892.04712126391371,274.3688475708455,778.55723218699029,27.421339337964355,181.70272939727047,257.74139842263423,150.16396861654545,821.45787318149985,914.8200160358715,528.81975773449108,768.46601618926718,139.43226060593454,748.3681879177559,645.89372518198115,466.66534677578153,815.25953039405272,159.30186267645311,282.20138288804714,806.45676804869572,280.41680492006975,646.98491781926293,600.96939776105205,798.80316373393021,276.54367070893784,80.926925495490821,188.92595309186413,739.0899241976042,677.06650882274016,375.06371412180278,140.58869681093393,454.68770217574661,881.5263936457535,487.27916437805413,720.62054169549731,17.069904760381405,789.56004731181463,670.34638193355124,75.95313456500881,821.43531220427406,579.9133742794246,192.3633959936605,37.161042275637762,-31.37030614043978,-34.512023760576781,-42.55177931250148,-35.020092370199677,49.570199972783001,-65.033215045011815,11.139741226539225,57.318505239393332,30.097444770205882,-61.417871196302514,54.420082297807184,12.805469078568883,-44.086123911220028,18.399738694948162,-50.312584100495116,-1.7434737522435795,-6.5109731902596799,67.46862341978651,-30.851165318679882,-76.075209195019596,-42.501841274820833,-57.302529416188598,-84.033358609330051,-54.253598428269299,28.934850744850063,-66.527746353633859,33.055874793020394,-25.998985177167359,18.804210474978596,-18.019750418759017,-2.3974640365804549,61.084019512948196,76.448654624695394,49.345016585164828,0.39306309716150345,-17.570758665622883,28.668784793407056,80.660290342456292,-47.290547824097871,-58.908502674744568,50.573183483021651,42.074283785070875,5.1321425342956317,-6.1820666492035414,-49.746929048454177,-55.919510764761242,-12.26542722966931,22.893866331071209,-71.982381811327457,16.89017434214432,-1.7161274819880603,58.197137153097245,34.418860317910038,20.171837950067541,11.448188688401977,16.752732675235251,73.799748409811812,53.906423166196198,51.054557372579858,59.889950244772983,-18.791900234362632,-17.981301193155389,-44.141244670461973,32.13062549059223,52.521788527917309,-72.20376832818755,39.692142421203151,-4.4662872713248234,-68.613372441649659,-0.46982940789553856,66.311428599726796,25.924743121845513,65.398440460717453,-81.896638991673314,5.5600842584235108,-15.815615922045883,-35.602034595820314,17.260507887929847,81.908121098029739,9.7051820967473734,29.589083102483464,27.820847192481683,-38.816725448012889,-45.776828122944373,37.158085188155084,-35.845284488679631,-44.342058865311422,66.289398798618024,-31.675549927717373,-69.076239811002694,-7.3975944551948185,-61.963172172699245,79.356512019947061,51.374194513691783,74.034371937852498,-81.110101211939096,34.371706193871425,-10.268588626336054,-30.290016922660779,-76.908375067686094
2800,-54700,2.0212874928118656,1000,193.9746627393003,675.80622203487837,72.747967802728468,157.86836124857209,104.37256254030906,553.31279049334626,29.213296222621935,368.24364974587843,604.85876981203182,366.74365438354511,138.37055748689497,290.88740350929169,324.12549253808726,81.82119136035017,526.87695115712199,705.45798668480438,71.760388416422643,388.88132837231962,858.52537058038774,319.79550077907942,872.37248112682857,602.57008741638788,267.72388817427321,846.60213751158665,81.858141726826133,440.84788766067982,848.72392681393922,862.43731803677747,172.9349193075837,270.28674667194116,119.07280180310337,96.261098730909566,341.84274671561207,832.66724588492821,83.215616340878512,615.63533734589919,406.70252554132185,448.49255215517161,544.72895671199728,818.43613343133939,685.53443286529273,637.3295507190619,384.18480431080957,598.17991567279262,287.77535785118351,169.27289130792158,113.07781692059969,164.87060046841665,192.72999116729565,51.615022827847838,272.61895209360932,197.07083427694363,657.81143112371024,882.73550861596129,349.30216326355048,210.65448332945687,214.44408580245278,561.29384657832315,269.2103697551006,786.90831663041365,93.296226853130236,54.674760481791608,471.61973286120713,788.54340514011392,895.12826445216399,917.75635558398051,517.01584454826434,814.52620348182438,138.44206752921409,747.8356414385438,649.86656833222469,458.18929682531143,814.02627070458584,544.09718639664391,265.46334214114313,809.4655507563026,279.0080797033774,770.43357355217813,553.10846042691196,799.14054500386703,351.97982552870587,300.80153897077457,186.67622432268075,702.88602063169287,676.90656431893785,429.08539935567046,807.21835426679274,456.84252545687264,826.29004740453252,482.66096777751102,722.09031263853819,9.3856911693372069,396.3974507825767,647.05780818665028,444.43799274833827,713.92363280849486,587.84721101478226,244.90322051927416,65.99795044926087,-24.890736186961355,-30.27579623563603,-45.029768212933071,-34.491684473770007,42.192233554374127,8.6589968904356311,14.342670381192924,57.594126045367666,31.128790276154916,-62.414695081018792,54.993358367248213,14.939385150036987,-42.557614438280353,18.354226795787422,-48.628602643513013,-56.145795657252854,-5.0620517717438744,67.815518823802876,-35.396153789062481,-61.919279168908865,-45.621521531506517,10.603091435854148,-82.661496949253674,-55.147586725438813,28.787118275468497,-70.810811856492734,-25.402952234057384,49.879716653519104,38.785892133282601,-17.810142208931147,-2.4838362543956558,53.21340970184734,76.564370204027924,55.027792173091157,-79.229684416011409,18.082266293086679,28.855475584434714,80.712519638817767,84.859869060957465,-62.32123106134965,62.907578869169924,52.969335080739739,5.2389377312903669,-4.5441519819556859,-25.8372095727232,-74.49570933255697,-9.1700656393245907,24.683361874229298,-83.20140094110215,17.13356970670559,29.739949442325749,61.548805192906805,35.05537484872945,26.471976660517399,11.892360212240821,16.764110951023497,74.149192281606474,-6.8228907571514732,50.836421152931017,-69.462565548350327,-15.540866079669435,-80.226639120086702,-72.35633255145666,38.573208139118975,59.263647507168159,-72.158996851104007,-25.632477354038283,32.817946795233546,-68.616628612320937,8.6731941058306923,46.228203468771227,23.214864940752179,73.531227775762076,-84.096187947349421,4.6327946235894801,-9.6760166602405739,-35.891623681384544,-4.6907716068248426,72.956928795449699,14.638446784208693,28.920117619965016,80.705929971830074,-1.8205394204358831,-50.313622408465733,39.374786992863754,-28.899213523186084,-27.319359455929373,72.028627884190215,-26.833397305517135,-74.587832086187362,-4.0818711901665266,-65.221761845913207,76.721404276913262,49.550753295431242,83.897556752581053,-81.002682729177934,36.070877499376493,-22.435590254854379,27.768490535732575,-68.452081838478819
2000,-51700,2.0221503480753853,999.99999973581396,193.56452056048568,683.59086870333738,72.441909434376868,151.09740741153473,105.67550992601596,239.58338402814894,125.21374499285936,369.09397877079573,617.67485598885196,166.64208094431791,31.954758936287902,44.818080974967813,681.39583989570804,109.21242090289138,507.49547296903665,692.1929879833549,495.15187501844412,391.90073130626223,828.43413277278705,314.45630839633679,939.09427602743449,556.24622404466106,260.72302977486618,845.31632307223492,981.03110144789173,134.62693699008156,816.3200215705308,697.71987660007119,1000,262.41245703504194,187.35392927403893,928.68976655183201,653.96912448818773,834.68038289992273,484.8980455781691,454.05616591419238,972.18554681565229,425.07080378041957,469.88157726412925,487.97504528113069,673.30324440489005,635.15388229408177,344.82678810413688,598.40736980586064,258.53541722008441,165.80802740605222,109.86695568232197,174.04024606959482,197.39211704350251,38.78322701544262,246.14709157746694,188.80230032842471,621.47848504149067,852.88028025068002,351.61732435637259,196.23749359364859,902.83119230275952,537.61714259188466,303.4222291104179,455.1709200314919,912.24172920558885,55.908886715465243,632.35574104723707,54.281633989225099,514.86405114461581,942.05807025275158,517.01029810293676,637.80954580271077,141.04303835572503,832.10681653879203,919.30874812218372,469.2048075231607,785.21057279677905,607.29710198680209,279.94489490861019,855.92330728205093,302.5533313002025,652.52642057645824,611.24830576312127,798.96351073682888,344.34107152997677,767.94565756127656,185.80400721951582,742.86487518467504,677.05638702847079,423.84342682017348,818.02349187269817,477.0101387647029,824.84037127024271,457.73525920871282,720.27246223163036,48.113156538023084,723.97401207650387,665.92464582429204,100.68732026590837,712.20310492902581,579.41788563956413,236.46104887783144,190.72771839013137,-23.5885941719188,-31.10265252097939,-40.855997420300334,-72.622915430732547,42.36417652735102,10.030494682348442,-71.691590340913947,57.200721658795338,27.136723115084592,-68.931316240924687,56.044373182119486,61.023346186989841,-42.567757492030182,22.048971527796603,-49.787708861552957,-61.402738579258603,-5.6960917645270319,67.575859010792556,60.80475939287129,-64.770059198490642,24.937919496013233,8.5825292288765951,-83.339162731677064,-30.500469803473774,27.564949317415518,-74.172238118119836,-63.210628787017832,-21.488793148170629,40.840115692714122,-17.577244358899602,-2.7604195663778297,-15.045605766940001,76.567169829834157,53.650661701193222,-83.035047668315684,21.968873275751356,29.197299469047419,81.175550103049943,85,-61.926164618858309,-64.977506275756895,1.7503710754326876,9.8609636245768382,83.150791358646643,-49.282972159864457,-56.299992278290603,63.071991125892787,73.232185186128476,-79.120820639137179,17.11121345641423,29.096836143298972,61.282786655265795,33.780823466405948,9.7630666372808452,-4.9255076707538361,16.937889789506805,-17.386687143969979,66.513213900260354,51.913069144563636,-67.800989531041367,53.699952433600664,43.508956854004254,-52.880224857666207,37.718372971289078,-74.637755409673488,-3.6727565593586107,42.029594853217581,36.61343457308908,-68.600348699550381,0.78044552717396343,66.061367833007694,-44.085872611833665,-32.220586183161032,-81.978324327208242,1.2809826002509539,-8.736113051777469,-51.146981905391044,18.742976734533276,71.126287463492304,6.1979230570931563,30.191993293512397,28.807686173284672,-2.5412270958628609,-56.837658820012329,37.617520322358587,-39.160754764041378,-24.687016977155231,64.256790491891422,-25.511653238343438,-64.148215668355817,-7.0768130305455141,-61.157337963533365,76.399027693078438,52.985311878734905,80.343257807231595,-80.890549557801364,69.873848196797823,45.180916448797177,31.600097905588658,51.176144751642902
23600,-64800,2.022005490540125,817.95624558859322,5.8166864715149238,311.94066964600995,72.296175097012849,152.82577391819476,131.88126864778957,752.26421821312942,319.94340621011554,374.71613068991337,605.05965898816783,160.67819947777201,164.90880401599333,123.83636786415931,711.20238854977674,292.3225639037621,524.88288534292894,692.61228767088846,88.574686526099185,388.86811071423961,809.38136899695178,530.13235811459299,936.09828827098102,546.42575552692506,267.39209504812504,870.58739834141613,36.649229785722753,429.3695884550155,993.41490419513889,701.14137915610797,933.19045752091984,228.59090734200038,781.77175586314195,968.62428177228617,819.00084023593377,832.37511236709508,185.75708819534498,459.04501928249158,355.65424148076329,427.56696598832372,655.6975938759573,814.44152852279728,689.46541580450719,637.17382001061821,777.05736215926208,593.64713603349082,283.76655022315168,208.69555189434834,117.35089278630065,175.28800411172571,543.57122969710667,6.3623469515151854,860.56467413015696,196.44255855279133,628.55917606204343,621.38398852887792,394.28377800026811,184.7276240156792,890.00359162792586,881.18808444682622,268.94081452910956,741.59959112654997,91.780506839631187,697.45901539032127,393.9210378469059,113.40172088199313,815.14407096106311,76.916720602727224,542.11995626675957,796.09428883178225,139.60948599703772,754.52582255150458,936.94808083185615,452.97657640956913,815.91215251677818,188.33494372192206,25.007809082978895,792.27731468581874,160.92160983471211,758.31871466007226,64.846715616111823,800.2424478443786,293.73089744430621,21.507403598798504,186.36424734300891,725.34227252275753,631.38427818148614,372.86729791294226,708.74500477946913,458.66292048458638,824.76084503285711,491.07571363631337,721.63859148297286,3.6450739998940564,747.92117506068303,643.90022080610765,459.34487064419017,712.1445378244656,578.41169900793193,230.62586120154913,189.89876944568601,-31.303884999991428,-29.008072139440834,-34.44074611221982,-37.881200830584291,42.595502640808647,-57.358396168320944,21.514384821457451,-12.390830395791191,47.930823729834501,-61.228707153137456,52.196259978465037,9.0842010464041199,-42.569286061191278,19.749431061988574,-51.536536557894713,-7.4005113316318401,-12.432086150924844,67.497346194756773,-61.254874674286732,-69.738848940349769,-56.697278379281201,-44.366877240923365,-84.474588734880186,-56.029003867067985,29.293977682422753,-68.2151436260786,-23.657803970087134,-20.978982400420666,-48.977999942205145,-17.638011795872817,-2.6512132950615759,53.02784059232701,74.900581895050323,-0.37227257872054764,-18.941349469096309,-19.352485281974545,25.29160448582423,80.387629538654224,72.256121789861197,-62.085189993963645,-54.871324619714699,4.5648942264286561,5.842123231780235,84.529918952046117,-24.445861758849389,-52.011301310991676,57.661295783661267,28.996383576506382,-15.596584488142845,16.388767857947336,-8.4967541443300867,61.546039461241172,34.792825601768129,23.673108615828159,-0.94227859712913897,15.731457792077837,74.359636904454035,56.187202650272532,52.40908296517771,61.066320406687524,53.195226425409984,49.469974895900933,-52.863350871839529,39.540466819282557,-53.95582040312037,-71.96857443862234,45.811120102009667,-19.724378549690122,-68.616496809826955,2.5685390959692924,63.571479176012005,21.146816233853745,69.531760417915521,-84.797977261573422,6.4049219502948072,-10.06807305427872,-35.556451230521596,16.324926304730745,81.411218358393583,0.61059328421118264,30.468916891135027,72.916290050423271,2.5975340598264682,36.729739456099416,37.635510824431535,-34.726813278887555,-43.720118095847333,66.917544783220947,-26.596736674288554,-74.055250232481413,-3.3337565688494681,-57.199890542330252,27.490232167845832,53.009423914042948,73.896843432644204,-73.088788194174185,39.991793217450883,-1.6732012796375813,28.928337859131954,47.564276885341435
6900,-62500,2.0194317417149379,1000,192.81763439202791,359.44888164677923,67.26850639482052,189.70948301948152,134.45340713965112,802.75764422076747,309.12111517430418,368.20151301996367,616.27853441056686,367.04321752465233,166.45282082009183,0.2761767094638401,273.23204995776325,111.75645496429513,525.93189801310666,790.31895255549955,93.928816354926283,388.87873697519422,858.47114960013027,320.12281393164062,872.74872241324749,564.0361191526282,262.84449019292651,844.65670357799183,947.96336830463486,449.08859834376159,806.6561191462622,865.09225802887454,988.75742568085889,666.94131329798699,124.09090446814717,358.9796201970039,583.37971768883222,834.54687150795246,580.65643950629135,591.47469972531144,416.90625836325125,412.68513422362543,671.65724775725243,901.83768521266688,690.69987291782388,636.76967320091387,379.14485675443535,593.3239414079959,259.57376671326193,205.33777697527515,302.71512893006792,175.33537633021271,574.65045418310228,48.928564501174421,234.86735159282148,196.33168840593211,627.79007981670952,670.22089509777345,347.40591437540849,218.3302020865365,61.707198216134124,856.73631661569493,263.87036113589039,493.36588224024069,879.68766451016722,41.805229638327148,467.15339039234902,883.41577322349781,895.29905129066651,546.7904552544569,542.23940908934117,798.87714097248875,149.43884414046175,749.193480158375,634.98849936097338,455.17125786816774,786.86297116000014,662.30864531401073,312.85584851653516,855.76986268546091,296.81920134174118,652.94244153201942,61.770742239921162,799.7297986263726,426.3255272009568,820.57146876199909,183.72564713981399,734.30003616754857,676.97240364561787,421.28627610329511,745.87940277662153,476.16220171203287,826.22897742372413,447.53760721971543,742.51010238447475,10.009628788738951,384.16105596587079,663.84586158321849,439.52889698429351,711.73167397725274,587.30512837897572,243.44038412116902,80.478710453865347,-31.00811882702871,-30.980588912104835,-45.416102504832359,-34.908072246565638,41.926036877661375,-2.4871969288670481,-77.945947914920964,56.491113848244744,33.5622659742343,-73.623648049176225,56.035908752299775,9.5053493437257401,-43.114052629443961,22.080651634838887,-50.686740133112949,-56.932604786378192,-9.4902882035956111,67.877612212373009,-35.814272370219804,-58.666222112105217,25.088649148287608,8.1807883446212912,-83.768176716323097,-53.484778620211515,28.865644062160314,-74.670506729993363,-26.025378897825671,40.829931063699114,34.983358432527012,-17.559011707238358,-2.5105132023365808,-10.394826515134433,74.977495021182989,50.806164665365834,-76.578864764566632,-21.018127909930065,28.988179765226313,80.710957889087595,80.760890654884548,-59.901362471076787,-64.240925519011313,52.789110788427045,4.8828853693523993,78.043153449817822,-28.68486638549998,-54.391239734457777,-12.041706800950017,25.42765177900835,-83.05709590504388,16.920286722947196,-12.392205234634377,60.387858196176182,35.078101280059428,-75.222059611288714,-4.7654954483479735,16.78415762561783,78.661259372256509,-6.1071198603287691,58.032123811525288,-69.903759548566029,-16.727743517242573,-82.328526727803137,-49.719488178497443,6.3885052482683076,47.786232688587141,-70.116786403460807,-13.324043506848753,32.367349490806085,-68.623612254420138,-54.151847425885123,65.164448043074074,23.177659381599177,65.291430016684885,-84.215221355237674,4.5537268265639383,-9.8158735058801962,-37.096447192992727,17.780686228504916,81.707843258916341,-4.4130652969101076,27.032032680764573,76.286545034369226,-1.0737882219256356,-35.670537187766257,37.474779322508574,-29.014726023965515,-25.604321025089227,72.247989930013262,-53.600142161418908,-78.149586161492408,-1.2227672980106528,-65.079941233582758,76.425711318458141,49.482226292404391,84.082075646576328,-80.882405443176268,36.051311400227583,-6.2970184243712968,-30.478963322024207,47.443639376294342
200,-24800,2.0174048921688321,999.99903746175653,219.89987583819922,679.07294160264155,72.392929280606879,220.77471277666291,105.7292055767246,560.13562333115658,335.83118401702495,373.31380925111,605.39494225145586,382.64068548860484,79.524384218301151,1.5242693073891331,618.47933416879539,112.25943739813513,528.807114344551,709.54068136264527,72.162189893400424,389.06817807188082,876.7759129663882,320.54346327925504,872.81074431759271,563.60459079983934,267.86936025843028,871.79124502915965,948.4822356985851,106.41827132242102,797.86477641079478,865.45329090017697,976.59767238881818,656.28563460244754,118.59812945978378,20.437108247566471,324.76569170903161,833.86243019690028,477.0967207629397,851.9239536236737,1000,427.99338382800096,668.56264257612224,525.48839490516207,694.81792888267103,634.01366894928731,338.99492506933404,598.13428384216513,259.5413669653941,213.27560459892581,112.91210957556903,175.33911388886466,244.56616139489245,28.63970355661241,236.84693975138617,193.23086563103766,627.08748497766226,643.42225406627574,351.53422921457758,182.48094514211138,50.878778196440514,881.41285976449672,269.00053267439984,490.31730835122352,59.859104433776523,47.936347840458623,485.6699780198457,56.012822744553759,804.60837235439055,516.61951756090025,517.15548878807522,797.55512182129848,138.35640787727985,749.19405239734556,623.43381167260168,456.55938421899822,814.02995388767499,558.17627740999274,312.0107268069072,854.45013282249852,296.04981331811661,758.46666383636011,80.16795917258824,799.49343741344728,414.76645076646162,822.52739362223531,187.60477814865158,706.6873729890807,677.03033231578866,375.7785753749481,827.12156213746061,458.89281936964005,826.12102030548988,449.97738973016197,721.68334081831551,11.391307871683628,394.64258722662134,622.9616617092978,107.96880682730418,724.32357764116193,587.31240360991842,190.88003054413667,24.818145766207138,-11.583845852299165,-23.716894852385153,-42.536453757111488,-34.685356577817174,41.920536409302244,-59.435337558181132,-6.4603829537444586,53.182697288845795,33.724100936885826,-61.632047802017077,52.257141680969518,15.26593029777505,-42.547451682438428,18.434147473569286,-49.724379070026501,-57.642179526766597,-9.465903781248679,67.844359492151938,64.619126785815212,-62.313842864404741,25.889924501477527,10.953418820866746,-84.72250172702428,-25.339306319157611,28.8291067058694,-75.127382462069335,-62.990392223094744,-23.138563617746257,35.522554031056444,-17.529206738266559,-2.7525950043790952,-9.5972823237438192,74.884946205593607,53.858454989608695,13.556319213695726,17.602431729979717,28.887331486389332,80.687997103449263,84.693217866427872,-61.86342444215208,-54.084650547474411,-2.3787195334499209,4.8864352707751619,73.609470184961054,-28.518709424446143,-55.200894000162641,-11.968695691744312,24.101772373495457,-75.119750679838347,17.15533462526108,22.707486094578979,57.983579655241932,-2.5880838218518818,28.168284495149557,-2.6569048466196197,16.781181444659126,19.254041993466288,-9.7052445715769675,54.310616607449425,-82.329793293061726,-15.917199911545829,-82.472476427033001,-49.708792946394176,38.325161963137901,-83.701973858490192,-72.005632895195959,39.078693471483099,-5.7954202654782403,-68.583124229538384,-53.035458701610736,65.771210497784651,17.627730834371469,68.362912243092921,-81.895588878922624,5.564170708798045,-8.7060642494351388,-35.621783518031997,-4.5830313758569794,81.458591210546629,14.820124587220537,28.833020958172696,75.035545380144725,-35.435023477112416,-46.32877158794193,37.440486975917509,-35.327674352569915,-46.74097280060252,71.870885854532276,-26.507639342686254,-70.543400890552292,-4.0327788258896407,-65.15897154144119,76.016462376801641,51.334942888264969,82.737869340914855,-81.045446025082498,36.043591052096097,-6.2944121781913616,-30.444314953374544,47.905918613385595
33200,-65900,2.0196500818007368,647.20973702116817,7.1944147380258103,374.16577382758805,70.20269652707708,128.21332354972208,136.46453266164247,772.47157676163158,346.70574706230661,384.82023199192179,603.85033739930088,130.71097424438972,286.52172347828827,135.72732146145682,239.9630184532279,334.12785301499429,619.56804560568969,717.94589372443306,44.869891451833922,386.60011736976298,843.44905551465547,297.55708319227972,870.82371585047531,546.17204080271256,261.8008854479059,844.42288466513401,927.29450071536553,444.61688643851028,983.23262462586422,780.11271556782708,966.41952601755463,235.17271873763602,784.24378067059513,916.24015331873875,334.9597291045888,821.75376391526083,546.46542221703669,560.50071863466133,1000,418.20542369625167,457.46874049615832,506.33989443602059,689.91439194493171,636.61111601126481,367.33483518008177,593.71551381935615,274.8795671962244,94.873765353372775,311.4696762156097,889.12319189308437,180.26250146626538,37.725983591008976,195.01170646244083,193.38004938844995,664.87402876444844,629.51546565829653,650.77525521227062,213.40979006327638,781.84595861495495,900.5208779715914,258.78328807716332,787.38819401061778,20.293199587404501,188.51847962067825,235.72006676222293,151.81001631808601,898.30180089593239,951.70899642652432,527.31784453354339,646.84668969744871,139.46658271775499,747.71410668166595,926.84154452732378,455.95028101765985,825.50196029902452,172.56195671727536,275.58542687803498,855.68972696793605,313.8699507736174,653.81471704106286,78.359577562327388,801.57415990718641,275.94340522532252,171.721451809228,187.3006945114677,759.05499067948506,678.4796179473334,375.24973885273721,809.09922091449755,481.54627451592972,825.30729631210932,446.66644558300993,721.40895074880348,12.596763043801584,750.01428167724964,808.14353374688142,400.57580024724427,724.42210233227354,566.36171381984218,194.37770797834099,38.008115979784648,-31.311353737174713,-37.726849265960382,22.654336937205837,-36.230512163906226,49.160462110221346,-67.068439688769246,-78.648847066935559,50.466639752474983,30.023020152970481,-65.335209476578143,49.677365914598894,12.018532613995436,-44.012147824891315,18.213068280242982,-49.465994506172244,-1.0364474191765611,-6.4724082930737907,67.535750530772034,-38.924152575864639,-77.19745532756194,62.36250509191602,6.3739877106884251,19.697858545567883,-55.638871829368632,30.141410401539247,-74.458690417457234,-25.137194904418035,38.900923537134695,34.982360265606474,-17.097386125930704,0.11237345648864983,52.811105965065593,76.94535219088155,49.654401704871894,-1.2369227049555107,-18.674361037284726,21.739633841264094,80.558002207074665,-41.823568391759828,-61.573300949647361,61.564726238484823,45.868999105655924,10.051518048824295,-6.7945468164176077,-48.660906282849048,-19.94265351162931,-7.5256430250564996,23.173620569230355,-79.20850547226334,17.17341106684944,-1.8351713447499129,58.400729997765758,34.434878759553733,-77.510945511578726,1.0815782290201421,16.845687301491264,6.4079820090349742,28.736415580069298,53.812917239271485,-71.741532054019217,-21.966954000692049,-44.080611984907407,-48.768389311637783,32.823802373019944,-66.134537401538751,-70.674207187720299,80.113342020800886,37.341914650028748,-68.584174753879324,-60.841972825577528,63.12382490070452,24.589075333676377,63.576728032018742,-81.950095947332557,-14.977719123246747,-8.2463872367777249,-35.379851392879914,-6.9137625281269148,83.869926930958343,10.051463410289715,31.610278349593393,78.55140620056865,2.8686163527646547,-45.048987514292953,37.501975151362842,-28.269228702613262,-26.167481915959357,65.814422151578924,-31.482025891541145,-67.69973430424271,-4.1234002005383177,-60.473234051213971,83.767873788211332,48.300452626813069,81.897585684124934,-80.14247290365843,36.951715195757416,-49.977110516239442,-32.121640791633141,46.345082402139255
1100,-44300,2.0173536644383372,1000,192.85985486282991,679.04057280830091,72.449915043257732,189.66390865879649,103.24897716539388,753.17121998636389,40.970328527323858,368.49185623965104,604.8568102156288,380.72034457919972,165.4178266766022,0.7909041115929677,618.4212418948315,112.22958028471911,528.2690221594504,708.04368414256032,92.075148993467934,388.87796450490379,858.38838949375247,320.17541522656956,872.74105307780962,564.01109664949649,267.86348257905058,871.33548063774242,947.91803589551876,455.54462825369563,797.32410356510832,864.97464362422534,976.59742231298208,667.22216983125531,117.73271687790026,362.35873455296525,320.02716720882603,811.61305138747684,479.7452656221019,852.05097235937808,416.56746650644931,427.96846217269558,668.57402485766977,526.0271384853279,694.89260880634424,636.78126741722497,760.72282740392768,598.13213552438583,259.7260638607795,213.16384068844798,112.88723958972676,175.32200797086412,573.87877337500072,49.527705161213675,236.83453402904314,196.34981394774024,627.70265746861082,873.66866563322833,348.96493584619344,183.73316964346253,47.271779514817325,881.49645223726111,269.33939577113858,492.26939596289242,92.535764940151353,52.399220322214177,466.90929723927769,52.453655272195647,813.24906570266035,522.03696175958044,543.402933486645,797.55017857870746,138.35889372724608,749.19233284383404,942.37540837680035,455.19068818964212,814.03409633498939,138.96952478839856,312.03954752607285,853.62373421010147,296.25937129084042,758.46641909333607,80.079130185744745,799.19822242630028,43.317696318520149,824.06427927171512,186.34638210740937,725.43410602998279,677.0255317984122,422.52168483218747,811.87888515933059,456.76688117017517,826.25295198791252,449.9444733860833,721.70962935802527,10.825021727124758,396.7109229627178,664.50775464121011,439.28235488707475,711.67088217737955,587.30182769609667,241.36388948779251,81.957564099351103,-20.458457488058468,-30.254945454763202,-42.490653123055708,-34.905049270555097,41.920318536127603,10.289976662781601,19.714536797129771,56.737485613110351,33.901179800651597,-61.635950574013989,62.084287395075776,15.053170442001845,-42.556738809896025,18.434244062522929,-48.65383280757635,-57.705524628207741,-9.4906165600486787,67.843692432383619,-35.765619993863147,-65.520380481962988,25.405581048260959,10.942211309180841,-84.732296172818295,-25.144861449783633,28.85245648234233,-70.174192282659448,-24.142497696476351,-23.387354730662835,44.939756093822481,-17.489300062023368,-2.5152577211850757,-11.06580606195249,74.885855433353484,49.661495056588684,-62.688196056074688,17.659235327155788,28.876861154719915,80.710834536703572,84.723255214543954,-58.5929651390313,-54.08705085375847,52.912152208604198,4.8860870702862647,73.602218782640492,-28.541595644111972,-69.178311784878389,-11.966516393586357,24.06312353391414,-81.649184756306482,17.136796816615696,27.865357045373049,61.657322942035783,35.831636252588723,23.073734075429833,15.230341803268768,16.787926771382523,22.166842929526219,-5.8744566886049014,51.577865931264775,-69.797086327183465,-15.815710415094753,-82.303131442937683,-49.712538157401688,37.961436259860989,50.890387127773948,-72.008924530913674,-14.455043935901756,32.789986824093837,-68.621174480771813,-54.127913885493911,64.546942872128326,18.905082939947192,65.314458025013792,-84.124549328919244,5.5621590581387927,-9.7023918028419143,-37.06535310310143,16.438205732413849,81.711296133903758,1.9062734495522236,29.000266317633383,75.116029993992285,-37.884552304540975,-37.945160685753493,37.466638027717849,-29.01636574591112,-46.68170033975607,72.08026538256432,-26.474067874820431,-66.549407646471991,-4.0384460288994468,-65.223513936220158,76.041547908521792,49.489191244599219,84.082573307206147,-81.045342827919882,36.020947152298433,-6.2807821006536102,-30.038205813195876,47.904861439254326
16700,-64000,2.0175940002032857,933.27941063022251,10.516848120679157,349.16265979002338,72.763737228696016,225.50579681337888,106.00524128041467,764.22901916164358,84.989137957897668,372.28745366418559,618.49618503861075,351.88945348763644,87.595479433393294,3.690921204626477,27.564464128873226,79.70031873396826,534.61272027641849,523.78427536287472,71.681506690546826,302.34943676866982,805.00998052196678,291.89672151385855,911.70862580449705,564.79723419582922,267.80490555570299,845.28093287371632,97.425603820306378,459.70676771596942,955.83207478621489,756.08847771506328,973.88908793713574,281.63778117484003,20.850424583045047,939.39204922382578,342.8498790855424,849.89622840904531,569.35319651717145,466.43009934769339,420.66723401959746,423.80680995003826,531.45601170034865,825.83331279759636,287.18579263213826,657.53357159478151,367.62146180352005,598.24405341384841,286.07388338191271,164.24717895235204,109.16025090459542,174.06791722189092,544.16366035915064,49.405944391781873,222.55760201988707,189.12444121850083,623.2046478280314,606.23002349344131,349.57688167501891,183.71521737410328,921.17249837637678,542.61071428830178,269.21776334381667,754.62861505578815,829.56487856663625,213.66072270461592,659.77384386469043,721.86843556941562,887.62424050705192,913.80737184243799,546.45143696583909,808.1929541423998,138.08050387118433,748.39724946009426,939.84758220891354,458.78422461408798,814.98079365112142,191.78601313164842,266.43655028833069,798.91282601683565,316.62562540570138,742.85610293262732,607.2253714285747,798.83725491477355,275.33213133393343,154.06125432162565,185.51638947106809,736.02682387801485,677.03761663920864,374.42500309067429,711.78690255104652,456.89233082850484,784.85416717789383,485.89571991849056,726.82470225933901,13.10039440861493,721.7703438522891,835.73748777696585,91.002526064194015,724.6957950040686,580.05092856022281,226.09958667306151,34.78941365868257,-31.505193314274891,-29.862709474062324,-39.62011888550181,-33.871090810119568,41.657599324395832,-64.878503453066628,-73.395173371837231,57.681784419391605,43.923289388280992,-61.605020852059745,54.860260570849974,13.194298617367371,-42.390875555821644,22.169600201363878,-48.64482320049553,3.8869934084207562,-10.595504111831021,64.545591985742746,-27.893284507884079,4.3153311983046478,-41.985796879186736,-57.145406683811487,-81.971011069334196,-55.248027411546573,30.061846311317105,-69.72568384117892,-61.707482316675438,-38.108998469956049,35.414198197091466,-17.981519833756245,-2.1553091444077142,-3.6563100376307212,76.420329476274063,-26.422075203849509,-18.36954989109617,-17.940807519097394,21.108162483154171,80.809587515875791,-46.011569953121779,-62.05732777371972,-46.177205828596293,4.2521551860973972,10.320008417672272,-31.530543115665935,-25.731145694304303,-17.064730218008506,-10.197816530659903,24.013864392878776,-77.56505767914183,17.12127584393464,27.309619456276227,58.187493127309331,34.068669691534872,22.886408586887988,12.293928994351898,16.788615718138256,-25.4854843227656,-8.5635714013462305,53.256231528376198,-78.008549455266717,-4.7432725340428021,-43.91050556096755,-44.425530067349143,38.567822907442093,-73.059413275516278,-67.980904212414387,40.866510014769716,39.404247104704865,-68.613147089104558,-0.47459706699540871,65.731096565301087,30.709723218125504,65.42327667228362,-81.902876912085887,5.4552603808492712,-15.420201248147654,-54.642991758723753,-9.7149697856532207,72.190433523292782,-0.37480089338342104,29.071833177384377,81.739797030697702,-37.839496252910983,35.942426851705818,37.472546184502491,-35.902668339749184,-44.374721833192055,28.918623030032212,-28.508200270183995,-74.807405039051389,-7.1916302583936078,-65.200831736011054,78.410080596455543,49.571175706133801,73.731461882635259,-73.55263329117993,30.982427639142436,-21.96509862490381,-30.559159405977738,-78.494688863574083
200,-24800,2.0174042540946249,999.99904775155107,220.21503231578376,680.49477769627322,72.390337650179305,220.84687212017909,105.90701878989407,561.52612934268177,329.20852280526606,373.28750226371744,616.94486159609494,382.64217421395733,79.586946689905801,46.141129803023603,622.03900840311076,110.1975705950648,503.93727925610835,709.53061199301283,72.410004936908919,398.30252626309925,481.6089491506815,304.13563740568588,868.84388731838033,600.0800650779164,267.76407209460535,843.8494150492179,901.72867116754617,104.07221080158376,832.65632889425876,817.43338911425349,976.77353609035595,235.775174289988,29.947278924371965,26.762266370026996,324.83642572118202,833.76451128312681,477.08785379986136,863.45110905700392,1000,426.49427726750486,669.10354519553721,514.74003060676512,661.13747958121473,634.20668845866862,333.80331521123708,598.13429211330322,286.05310980955693,209.58377670311128,106.37939672812479,175.33865442956261,208.39183839686768,29.230184214221513,237.26465962039723,193.23680160279932,651.75146851819272,643.94017358715439,351.54528165226844,182.39974950714179,51.002467549571627,862.6020892071266,269.00825211714368,454.31616280117009,59.89010701046351,177.22336835844828,485.75678840718695,55.952340398562534,520.465052444967,914.9139669044132,516.96592179852723,798.31441553764057,138.23158292410119,750.1598906688738,632.8927305977337,456.60654284637019,813.53566656353587,555.12444594016529,18.356178748354125,854.47116948615167,280.24943650496618,758.88154859003498,91.117758017149782,799.51775885361064,419.55112298747144,770.8360347265392,187.62791720412196,707.34364167920285,677.34481140461094,376.3343858301497,828.0840195394436,481.59757921286916,826.12727878336511,447.24290122993273,719.47268414667462,40.714954507948072,783.5490355179536,671.46953221679348,109.08073727475062,723.93691001944501,580.26520378153145,193.18410539648738,33.566670895206428,-11.560320574064068,-23.807366201153755,-37.797855472604674,-34.681260713537256,42.071683330763058,-54.658331440681529,-7.1618412483405933,53.256075702059441,33.724897389670161,-62.560868285795934,51.697228691655752,58.95086708403209,-42.547451291416166,18.423926783953238,-49.708551738394192,-59.927118161520013,-5.7662020855012663,67.80556363401972,68.830494945010088,-62.225965629955724,25.848942785113653,10.238668117132978,-82.557703801741908,-31.201205022651358,28.830269412820762,-74.684552009687664,-63.043267324797348,42.433326570893655,35.453371540345536,-18.368392417470748,0.045276843029072644,50.289260310836475,74.999869569165028,53.795708517748395,13.988992170795946,15.893998504180344,28.887450724961774,81.129140116376917,82.545268894287332,-62.003991834749598,-54.16703222322856,-6.0791095926000338,5.1423837413404456,83.189046029561553,-28.161972595447022,-55.240735547068034,-11.746476445753327,24.100152525340842,-75.123474447722771,17.472048614751106,22.779450615256458,57.943556060391749,-3.4379334634262833,28.292738407028729,-3.2407119887056344,16.54539858505937,19.166093046111101,-9.6031577211043597,54.361068309392166,-82.306463901437468,50.540396196754635,47.130355654001008,-49.38010167524174,38.333974078088019,-83.567669996478983,-72.124743501386504,38.506658411864606,-6.1983090948339621,-68.582689426422974,0.66852197604162933,65.801686865745467,-35.077148244668322,68.437600898041083,-81.926812405612495,5.2874466804153828,-8.7058442128041147,-35.589158486194158,-3.9127568802645456,81.46284314948501,14.591546605625638,31.666701623317056,73.911365511940019,-35.389152401767731,-45.809854381872064,37.440807203048003,-35.671172023808985,-25.60122721770777,66.034217623565823,-28.484361553435228,-70.402552166611429,-7.0216796573291989,-62.033521201525986,77.808650535263993,51.350222081263709,82.769352753971589,-81.035576286867652,37.056931457626717,-8.2866667708175008,-30.440344137589989,47.835920936985467
36500,-66200,2.0224228848197425,589.69846564382647,7.0713242103600189,309.91512251687016,36.955108704751829,199.09163460688731,135.12240478427719,730.35651157028815,122.40905119847497,374.09584415417407,603.78287473912519,375.99808337621334,38.736078447331806,60.546729273913385,605.27527374123497,79.550706499697824,587.89488625013678,492.60913215648253,471.67071889995259,390.86543272205773,826.32577718021912,318.05520233548179,921.22931096210255,572.16435039757675,267.66242395901912,872.01485747750837,148.99893908865374,469.49386572134176,54.634412825092113,783.55488213474098,973.75209054398306,705.16269878576782,791.94506378012295,946.85930795105492,635.08968846850235,831.44985173435077,606.85194331300761,907.18783037486105,960.17636866598343,452.00340637619638,528.02424636115279,807.49133028439826,667.76840961928247,631.04033717428399,388.38570552225912,598.31310867186801,272.06614041160259,230.7269906786677,345.60523654506926,171.26632706535025,157.27699073967196,28.994146489949443,222.53015605265955,190.64858666038253,624.82773376342777,888.0078997054261,346.25531041833494,236.78092451793444,897.06273030859199,597.70355110143169,265.90362355638899,771.90326768436319,133.80513193190455,585.77523700223423,298.2679573667495,73.772631319708466,821.31949636447257,910.36108084121474,544.97963461116217,769.44491890714494,138.41435541573102,726.40496562563646,625.82580245847998,510.34626034338805,828.28472074838612,556.08769798322885,339.47651146644631,801.68515327456328,290.21266439145444,641.95648310514594,583.30831472122975,800.70617909356247,42.134637673152405,39.644653645116804,184.42965262157355,830.12507323925274,667.64458677073401,369.73331565595237,72.689640339996942,455.7424223436546,444.87990592964809,427.32115235815547,721.7651552121298,22.601981738494203,752.35221337507198,663.0673306323165,103.91073870574948,722.37738114506328,579.29901885663799,192.96703256116459,52.204614196996324,-31.401226151938946,-34.554541190418881,-37.628930951530251,-34.148809437870156,42.679798942396246,-73.749198794184423,-72.916319241694623,-3.4278317316679434,48.884221367815684,-62.036981817292684,-48.998576804273227,7.5396780561698549,-44.07255460974902,21.447479739954083,-49.601696833666288,-1.9540447327212114,33.298536525513001,64.694143896260073,60.029697809760165,-66.299102822263137,24.218937575225052,-45.36647900527872,37.880316366209072,-55.36888530670371,31.179582162617159,-75.205813073212127,-65.66131306281595,-31.791021396233855,33.584865653525689,-18.003236437076076,-2.5534977644811407,58.387974785180084,76.677232078433576,53.646924753229001,3.6619589938224522,18.458945101585051,30.471893899059221,83.553086554827814,-50.848990840944005,-58.309828767512606,-66.286256776102576,45.589393797010914,5.1890963858545556,-5.9797091175830763,-26.677677906765943,-76.293941085610882,53.091820275737263,27.723569011101659,-15.229913889517018,17.042451595718227,-6.5817711867424897,60.919660477071332,35.063819538113002,9.7069639491899018,-3.3434803425766075,16.496280121516282,-5.2502141131966908,51.862374586241316,53.328159021589585,59.460269453005751,72.288434187506979,-37.517807091882382,-49.696811356620039,4.990121487810292,-82.746615827061646,-66.54199489872488,72.954784958677976,37.570619652444798,-68.624332938810667,-1.0985473423470267,46.030295838647717,-40.777643677649998,61.938295040107803,-82.032004060658423,-17.811966801991616,-10.061288989413008,-37.699519330955994,18.545090828755225,81.220668068438329,30.366625359184841,29.908640089613915,26.617028110541135,-2.91217798805285,-53.613074845812733,39.613497833184979,-35.248280785021144,-26.546081447498217,72.345988733003608,-25.480412792883374,-74.339838924729804,-4.3424219321464435,-69.910409104132071,22.901998129734693,48.759643553026855,76.063604935040019,-80.79651024109863,36.08495291297951,-12.770363505428284,-23.794837475062863,50.606853922744307
1600,-47900,2.0180326953535443,1000,191.23549899189678,679.07466641020858,74.058249029381543,156.90869430395236,105.17101717003122,538.4114701359706,73.919167312079367,465.59831480515095,603.22260012462391,380.15821397400151,248.73326476684562,324.96338982581011,324.41041197438881,84.294847382386905,503.19279662880876,508.66227412374667,92.347942743977853,398.95332833254372,508.55975894674395,302.60554690453898,868.22509270829482,602.35650505713363,267.66848051114215,845.37119280129275,905.41966902576542,460.73639104537756,827.15119936121096,815.92971094662744,976.79649462840075,101.63935546956139,665.83164367882205,911.38807956412757,394.90424898249461,831.71161167083767,555.85126147608958,589.84862957196037,442.25369597922059,411.10964239573025,536.67073355185755,810.65370354723655,700.46617588834863,429.53258929859612,375.50188954183568,597.17451558301457,270.95808767697775,231.20183669463472,106.06841600179719,180.28738677113,197.23369206015661,81.540549145964448,227.85012240792199,196.47901822628319,624.96314642498294,890.17935111728616,349.29266751758098,199.11603465338089,50.075901581945828,442.6941001218517,269.19893190438825,805.07380329183673,7.7419111475683167,52.518141535250351,483.92398549366033,888.75786586484355,521.3403818243396,913.85636652896778,484.88167476999973,611.89851358592659,138.0814764604595,748.48212016895241,651.91094867777531,535.86452715024257,813.50951921187573,537.89563916758812,264.07683360829418,853.72771274652973,279.60209383545333,739.56932031113729,93.136390235329856,799.15356109435697,45.155869544218298,778.84145130258685,187.74314007674297,677.24753273423698,667.87719468901037,374.91060930052817,821.1762052890324,457.25299553152524,855.64781667469629,482.16640384550914,722.73635411561531,13.898359318327191,788.80721572611947,816.58513193424915,108.21016182175975,721.54593469109614,579.86053880350767,174.9146737459759,34.82466117104488,-21.977113474368476,-31.02906088697258,-42.555188473016116,-34.678308515687426,41.842218298401079,-66.876990002413422,-7.9529984995714686,57.782571098885555,32.636491133756508,-77.986108075140635,63.669578172213775,7.2252562703801555,-42.396236408904308,18.424754437134233,-48.589992371466693,-69.630709227227996,-4.1961689140442662,67.77124615892204,74.056804133775984,-64.250057826585063,74.482619616796597,14.945287297072545,-81.573913713161161,-55.878149460542836,28.593595999215683,-69.85548643580438,-64.959113435109387,-27.1167959487248,30.942527633855782,-17.116086316631808,-2.4802340324106118,-0.50303848784103522,75.035449463496207,49.131958540795935,8.4700485744736014,-12.21201532866619,28.9111540914082,80.773713337408267,85,-61.925930474334805,-63.355357825811474,2.861439381567211,5.0919260042195003,85,-28.120655961021125,-73.271824548305119,-11.296103740063643,24.008986107169036,-73.387579062637656,17.489930372352763,-1.2611291872958539,57.656266487737874,33.483875473551016,-84.988873647070932,16.179999527832244,16.750652743573106,78.667766093271467,-13.423905467702824,51.988835579668439,-78.792045498106319,-6.5643615482075042,-45.059140631150385,-74.500844869460465,38.413262401219825,66.136233213036761,-72.14114531205,44.93493961182628,-4.1135759513042274,-68.579159605842264,2.7308766812032497,64.639275793197626,31.721252665298032,65.493885260405079,-81.936789622063756,5.4585662725107458,-8.5860624934849472,-35.278188252693049,-4.5860982168159472,81.476138745819298,16.138370900757948,30.501573731381416,21.561296359026709,2.3042686793617455,-47.079033268524327,37.403597050513426,-28.900124985108882,-44.844788371785171,71.492177135021578,-24.838757023581067,-70.35160293397125,-7.0368475445291576,-65.272372686256702,78.196895831839484,49.570885180541012,82.702268981469132,-80.830557262721754,71.620810020668586,-21.90518488385392,-30.267234177089907,50.932374013213675
1000,-41900,2.0174921366852079,1000,191.22542153635925,679.37632376925615,58.946594601491107,216.59466356846164,106.1239880611535,765.73657347043809,77.041567259651003,373.21687197405066,617.33337249774831,148.04540445060553,30.544250567413343,1.9465050219384921,699.32600995631185,109.44796846042524,529.96601388067825,702.0114983840283,72.988913105762009,390.76630110000957,883.12919761761759,321.12170219646322,868.76254589132532,602.00108004367189,267.81223833349947,843.82406110564659,111.43824948259487,516.90850908888456,823.66647841642362,864.53301594725724,914.96304220073466,672.73728966270164,29.148060988218162,897.94493633883769,343.27064664284279,831.27220399901671,546.07554953300951,565.35420867484731,408.74513922613284,431.51833138313521,534.28475301107028,819.2227241585839,298.26680281575,662.89135477874902,390.43847223363611,598.57272251868483,286.82679653040066,217.15515364876777,109.19788597085795,164.74050346017586,223.77953225095862,48.818597882946513,234.25075526145952,193.14207842331763,624.4426057915407,619.76753595645312,349.63455634977134,196.40432565391518,900.36710345100846,543.97530766853185,270.15961449026958,778.79101433857898,924.13276724487696,212.51491571248079,676.28030449696575,724.04354928303098,855.35929403376338,943.98978166426491,515.74029869915591,810.48783650606856,138.02709769692257,748.17880252180805,635.50779807559275,456.20183403546093,827.13696492975623,679.16152340303711,307.10743085510018,855.63807480869127,295.48586202042617,756.32412934292199,535.89413365243786,799.29188704493242,336.67953490418773,779.31220380239381,187.59479811910799,714.96849051703316,677.06133215353236,372.50292982700631,821.64494572733486,455.26516936383365,779.05350256841666,464.57067394033078,721.46667150690735,11.315105528711207,412.00383184179577,830.72092958365351,88.978182761965797,820.24763922646707,579.74491102191712,191.62053564548464,65.774613064131415,-19.447034822525818,-29.783110992586543,-42.517967004472993,-72.777643298018347,50.07708803686684,-70.183315687299853,10.56853964737493,56.80015636699941,-23.461666300749172,-61.649180423405845,53.236781910875777,12.876503466108696,-42.571452372552976,18.781833863007432,-49.699709319991619,-56.753358354522405,-5.8293277185415269,67.683947957313023,63.578735080394026,-76.206395323154922,-42.329771569467873,6.369285153959094,-84.652660315073277,-31.042770470345761,30.035756810219304,-74.898265810814209,-60.972943421843482,-24.902722789305333,32.129931444038718,-17.116795097399329,-2.4050931905984188,-5.66033301203022,76.53432985514651,49.807735056768784,-81.376317913930961,16.772395775882444,29.051371918356974,80.707510735948688,-38.521776264433655,-62.07417907773597,-71.556197584664119,3.0331512681825901,4.9298193458140052,83.434476183012421,-26.910889776459303,-20.529204296811631,-11.976859527840647,72.024166415645112,-73.055903477155681,17.129659429555904,32.669718225195986,61.988660456460416,34.336855562021412,10.539415874035994,-4.7587407986890273,16.823992610064021,79.637531901184801,66.089517791369758,51.05548515195116,-78.603120228139545,72.292463351950602,-77.63840877364558,-44.556477128773913,38.576826258328467,-76.957995833625333,-73.636565003424906,-16.137196555504342,38.421113530691329,-68.573337584304696,8.5358157968216659,46.137530871946716,32.252102309577452,73.702644051342361,-81.910988478284892,4.6365517412902566,-9.9790732816892476,-35.573201260618909,-2.8050269940960177,81.901568561455576,-1.6000343400044921,31.694213874662314,81.895560173532033,-39.342556787665366,-45.829398817197799,37.511959160074142,-29.088011865085793,-25.050622772195034,71.29803986473344,-26.93922980286106,-74.758653023135466,-7.1874127484561097,-65.16518723751669,78.104636801427588,49.514617380877937,82.73952728162665,-81.928400950558498,34.283407368802877,45.720240586896985,-32.437623043361768,49.750812327783215
26600,-64900,2.0194656752169284,657.45219998118341,202.48824164386511,336.54002403866497,67.313911421321066,196.68238808727517,135.43440280489298,803.3720642307062,313.11517530625036,373.44503216744044,616.48252847892024,367.88721396061948,143.70407258367413,106.17193504922241,262.42932591296176,111.74563335320565,598.61925687366193,694.2822346699229,436.55129523970675,388.89923932615926,803.48958570081516,308.90543450569436,872.31695046122081,564.31906066504723,262.81861602684796,844.93472030227804,961.71412351777894,449.37857501558466,55.15693434817581,845.45808359971954,988.85279224656256,638.16328288873842,188.41623295443793,848.15399661944139,598.00270310199062,834.6668169069892,580.18531686954896,593.36684673464129,492.7988042818223,412.42887238022644,511.26551519824864,889.76997479740407,690.69377574838302,637.59743459764218,370.69130895282422,593.41761343454834,265.19170122660165,111.96881744182573,302.32972299184468,165.70546153242211,595.51075961475146,38.483073789847204,200.74699341392352,189.73733387614587,624.74099450602489,652.26942364465526,347.42410945330408,221.07717567679117,61.213114167702997,461.08691213174905,263.87033052966041,447.00334208008582,944.9192168011075,186.65920522112219,390.02427690917403,866.22545933162041,892.18976109567916,547.80785154098749,542.2641998974475,635.22549003038262,149.29397297204088,748.59842111215596,633.67325114273024,456.26037108086945,786.51121163922062,642.54737867223525,287.14733816091882,855.89781084655942,320.49740916687153,653.45607495979459,594.77661681105349,799.7364244345107,420.58665150409729,177.57184162569851,183.69930025903835,734.17503187673992,677.33691987997202,380.58161505007951,746.67188013776422,476.58355107898473,825.2415493927341,472.92551892574306,741.32282683984477,118.79038744550007,384.28145670588196,800.95995770633942,414.60387382268499,707.50160519605981,586.35250473657209,188.52677085312973,45.383322659438718,-31.423864391763697,-30.967017716740891,31.602838474200407,-33.285371823075891,42.149529081743466,-2.7293041290216422,-73.831809544896572,56.48491104459233,27.750093121681491,-77.042285982895947,55.97224034154668,9.5520757187524374,-42.355133299658853,22.036484001795856,-50.783065066375322,-0.71305857573917386,-9.3667518500994973,67.877682587303156,-39.678166212232156,39.19821187637416,54.235676147988698,-42.019388113545759,-83.739575779882514,-53.292423002627906,30.759852183755225,-74.670909854540781,-62.142090242973921,40.97353622635228,34.930798425589884,-17.559701628029426,-2.8100455479259687,60.803514275487409,74.976183188046363,50.799184028148915,-76.129885371466685,-19.142643555436127,23.512073421649788,81.12339605996921,80.558029333815355,-59.92834065473734,-63.978870975601396,46.507609766319959,5.2349568729596392,78.125692821868256,-26.037687898583521,-54.421109438734703,-20.608551450515833,25.430595846770647,-82.993783665305443,16.926817844157888,-7.5645124709107137,60.389439583913649,35.074247187591055,-76.480676925006009,-4.8550546745709156,16.864897300559708,79.842724830749802,32.111185367441301,57.940148107305575,-82.933075364079173,52.877482351830636,-74.982725886499267,-49.115890388372407,4.025673240545391,-80.207665384129001,-9.1275655977868162,39.848662989970684,-14.467317121020844,-68.496784664685833,-56.513712004562322,48.915470648092139,23.318708742144143,76.676637127128629,-84.214331335258038,4.6209805025723254,-9.8256445982489335,-34.182414184337297,17.781234706341248,83.435961170075274,-4.4292169864494539,26.960847325131144,76.851940709937963,-0.497399847027026,36.141183569922767,37.474710968996106,-29.188661615994459,-25.313094040404792,49.075396707738598,-52.128403718252372,-77.797606874317808,-1.2059902919841123,-57.101044192738321,76.419662743064549,48.71299106549732,84.738370852041143,-80.878503481713381,36.051094379479864,-10.130029959159586,25.108722519328801,10.791810824001413
1200,-45100,2.0169823917316334,1000,190.82138725301013,674.9988798464417,72.498192900882131,188.30355278393449,101.612946225792,742.75545378509025,45.348547138153378,363.83740110703195,604.85739729601812,380.60384287552904,156.69377111764629,0.42742605315049786,350.29354532218264,81.755250148549749,620.58667468751457,523.06981930220491,92.085137740043805,388.88383173848251,859.08652202449821,503.95193566238521,908.40830966515534,564.1197622519577,267.8741472772241,844.24062247371592,871.92066592320793,125.79162825244913,789.06655328995748,864.11023065764448,976.70597520234833,656.82376139248424,773.40666378822129,378.24064526787822,320.13173916166869,848.70721910069472,481.17581644198566,410.9645555962486,997.72779976083098,417.220088859572,674.60891685092429,559.21809600047982,695.01154599515553,636.44241228000874,361.26433225978656,598.14537022803006,259.75287936822252,213.26824890632128,113.20618332863329,176.02120817494122,560.39995893375169,50.597867776059324,216.72046638312315,190.3518974316369,628.0149830390551,879.15986605151352,347.35209017475756,211.37171297336513,39.53768185596914,875.70688298000334,269.32283408256393,489.7706508082556,894.97225261996562,52.088570884982687,466.17499279538174,43.122337394732881,816.50147098803996,509.12744322513367,490.91846085205134,645.45505627682769,138.35116119467949,748.50163379265769,954.56166688340181,458.86102882253107,814.03277962136849,182.89406157026386,301.53774468203136,818.92266691815075,296.30875830931728,758.02766437792229,80.136447991148415,799.19873447868724,287.17417064056929,811.26279781579615,187.25884972907252,743.83575115744861,678.31114805661696,330.89029227094841,773.03164303830408,479.10280526188524,826.33589202336691,102.9588698998009,721.38083162892212,10.997424613018953,409.11088185972142,807.1353281677566,439.62613452755915,711.65233373385752,586.46680015545076,193.27619078492506,188.23186769495288,-20.885850929953815,-30.188716380900107,-36.316729082751479,-34.270721937032043,41.834353967145546,9.6946499648675939,23.385389911871904,50.455274797144327,33.72624853024309,-61.645506904358776,62.55434010070033,12.094607685854349,-42.56463727319197,18.370783046000948,-49.316738954979336,-1.1743397214843405,-10.947062162224332,67.576458482250331,-35.841694625277626,-65.508217883141953,25.394958340484514,10.899862056344213,-84.734798678902251,-25.564711908204824,28.893449198048703,-70.316793658411356,-64.077604441918652,-23.230624469615517,42.581631758592408,-17.495212981145979,0.041489546818719747,-19.255925219291989,74.949391837607919,64.368968181914951,-63.353066942061979,-17.865047889439943,21.990372022574658,80.71106177864992,84.71744079545654,-55.565154167129769,-55.791469421748872,-1.0939617834896858,4.8876791321221384,78.451893021574463,-24.709736871333472,-68.75610126268792,-10.692667683026896,24.171322087712898,-79.098758704423233,17.133827860794835,26.917856946915279,58.33880237583859,35.886109051529203,23.597978213894049,15.144547039388073,16.828663395826027,21.38927300669037,-7.9367098018316478,53.77352560330722,65.024495127174532,-15.839424370713843,-77.878086119145536,-49.846117880227894,38.199298217207243,52.406955117332224,-71.886862009783826,-15.458995366053507,33.312699220848565,-68.484847108677883,4.4413245479819281,64.541092415163632,-72.349699479350932,4.542166951346772,-84.115022521386649,5.5695366807107112,-9.6903575571089728,-35.905868607043715,17.33401543652079,81.697385764308947,0.68985417413640726,30.800562828093856,81.819599370767619,-38.276807992599799,-43.814065456478296,37.411747071291842,-38.649965824431035,-46.299079361936677,72.121562829349401,-26.338638687534623,-66.499246725459457,-4.0779518571203948,-61.053489993423575,29.280292996993463,48.905625333646135,75.012392814021908,-81.031559690333722,37.031787290213579,38.791136786030847,-30.055812971302704,49.463875764954068
2100,-52400,2.0217985539009917,999.99999973232036,193.4236459275925,703.34969271320244,58.745693474145369,223.96969824125924,105.13311333414171,764.11444932541281,126.5897576850399,368.17709751804705,617.06778649321222,365.57888085780263,39.819323910760502,291.87497690961453,696.41090965932835,109.11025286404238,528.18801822366174,691.91716108908361,93.129728349007934,390.83627574791672,826.86272698140056,313.55321418726788,938.6496755870794,595.27895435267135,260.79660919527532,843.78434793410884,982.26570583304522,455.53346195851583,816.56398114826357,697.82048086407303,998.34302035816881,658.95641593591301,195.64265604928656,859.68227833396179,642.33533571375767,834.41701562202888,481.27897898049599,565.5724390129019,408.4527859215633,453.07405277511117,544.23041284648946,459.59327518104749,667.52107208168854,663.72382733663142,386.9793748949574,597.97970376345984,258.77640569767732,216.04794197036148,109.82942105145834,164.95760784222983,217.79549042791291,38.652172685167841,242.4858159257021,189.070509912788,623.53097775898789,848.87364388181641,348.66684348310173,196.55542786208886,31.862551648824024,891.77317320516772,304.24863770971388,440.53084362962659,975.4641072417021,55.921584463184729,630.78200508127145,60.566772784585908,530.74307342108034,943.86268368472861,517.01369905868842,623.760181629606,141.14146290913411,748.1607113322932,923.24173254768289,461.4392344898809,784.86547880982914,624.27847423940887,280.05105678070674,855.73873826657723,295.65676557031031,658.56302185481002,561.50773127550542,798.94482766076749,344.25798369791806,777.94223029329942,184.36373833864005,742.11544566294265,677.05733768037203,423.88090880817845,818.10288901839158,476.92301794734647,825.22163277685559,418.9323418624025,720.86399846292989,9.2727605024659283,405.35649551576,799.35328143216896,96.223444459295692,712.23196110097956,579.62115559871495,195.26013947768487,65.505129781937541,-23.908533637821723,-31.10143910423395,-40.602611023899584,-70.647648506364803,42.416551291838523,8.6228443820516141,-71.624896981168774,57.22104983567705,32.163152453828083,-62.202757489088356,56.01934995296331,60.823184516614305,-42.568462498341134,21.98174584684185,-49.753588325891279,-61.403338204464177,-5.7077074837420021,67.686455735703177,62.519452379262226,-64.850390659108896,24.994290654721624,8.9278714837156841,-83.365959170816325,-31.252410447083584,28.597976060130538,-74.866309150891553,-63.139071661318113,-25.261882051703132,32.091940218685785,-17.577547599498235,-2.4896952069508007,-15.436852316497045,76.539428814434103,49.787667307481634,-81.279551710669679,20.618994210900979,29.203725074795415,81.162828402890369,-36.973683020998912,-59.888048007973083,-64.638658549781624,1.737596329056128,4.8747780009188535,78.951064191832387,-26.951462021855292,-23.362291176332722,-12.041048597640085,70.566098395664,-79.719166852588032,17.129914568318892,32.941016264257904,61.228685539166911,33.78046710484054,10.046152222081195,-4.8824406080116223,16.82412099068112,-16.957889684450944,65.879302778972175,51.898391781612631,-69.707041121013845,70.298642445747234,-77.93709619287003,-53.57984180571021,37.709039960366013,-76.773255963119794,-4.5262866224284366,41.864457940622017,36.823531153957155,-68.574361696709815,8.4292224370906084,46.165042446677383,-41.100819546547591,-22.3251448944796,-84.010483675487748,4.5968304784907046,-8.7366811500553041,-36.47207675409981,18.815604658660966,71.417431032144094,0.13946777936481997,31.692874018224938,82.736221730176524,-1.832970096499301,-52.441043830582373,37.511739471837018,-34.705363418885113,-25.392431620089887,72.661187837648185,-25.434359555356018,-74.98802293622127,-7.0764136618208253,-64.985585346182617,76.550379135659739,51.284460973038172,83.923862268463481,-80.888926406028318,36.115128202484776,47.595215117400734,31.601351181102171,50.30053493415415
2600,-54100,2.0174494648685704,1000,191.65737166921645,703.89362009818399,71.920628431995965,157.638961867163,104.38106901598451,558.45888680202279,79.545276635085187,368.31785319773201,604.41739814761388,366.78157405431398,139.34986558021959,277.45424062950366,324.15170531696231,81.868891101412544,526.11745462751469,707.54159734151585,71.738963855644457,394.76267891765644,848.82903339068184,302.88398922100293,868.66910327437779,601.55615101164744,260.58893377223887,846.58122202803838,65.357385334893081,439.80330721964134,786.35042220708374,422.84655181628858,976.51150310564344,276.6229035253757,118.97835176249561,94.118726677118559,321.73762032239512,832.38946166636481,108.28905450692696,617.32997169246732,414.28929150000516,447.44953691766182,536.70898113191811,519.36138243335199,668.62094615260446,636.76471319422103,768.92904865740786,596.93103528440258,286.84640243207991,165.20171774790083,113.03336391295137,174.63071621416614,189.98173490271995,49.562389898351718,189.0445277062235,196.38453129786137,655.24869391078198,882.74906230481963,349.27782174304673,199.00400446284306,208.87434322995608,557.68460067720014,269.18282012973151,809.19614774974548,964.47179644074367,56.418666192479037,678.31196770160227,47.093081924659373,835.86678614307357,917.45810361511474,516.9270627625491,810.86148479615747,138.43819696214095,720.12839106097431,649.83027853005865,548.41116873541603,827.00222631129384,536.89786284651086,265.66987197528852,856.61783984006672,279.02587394009885,641.29088665246138,55.692958535991352,799.14067036677704,45.762409540094893,775.2421348960969,189.04987224933964,702.41681043577842,676.90441965084131,428.9304689675518,821.4548020335842,457.62839712034759,826.27411807051203,482.65706233005119,722.83724776922804,14.035333155517495,416.2971023341612,647.05088071096725,444.52071629281386,713.82882389517647,579.80367482084739,191.72086484776472,80.443155940150717,-24.639260334546403,-30.949871229371222,-45.028550521954998,-34.493429857779077,41.990613903378573,-57.167287422676033,13.914335215531224,57.641500724762174,31.145586233620094,-62.710336823345315,55.091574025717975,14.454145889858179,-42.367082850977376,18.376198184285844,-48.58565731514976,-56.863043105863611,-4.9686058632567578,67.816605802978941,-35.399646999623542,-62.082944759862031,-44.564007579157284,15.45187297264367,-82.692875409911906,-55.557460066146007,28.786891448625997,-69.633890248140574,-26.495718040620279,49.173941773792023,38.778513662438776,-17.79994499698816,-2.4785790489788804,52.753104975849645,75.041585487271988,55.010565937782061,-79.512555256275121,16.325268370100531,28.856009029636652,80.749642247492375,78.18012719401699,-61.917989680974834,-47.714410316978643,5.8095685894164015,5.2489444871772575,84.934740570416309,-25.823005205596125,-72.8639407202607,-9.0680246925342445,24.063302508338474,-83.190666071614942,17.486119527034482,28.223291469432908,57.64334535553575,35.154193750184376,27.408202223021295,11.96947565555875,16.179480020859216,-29.780317104310228,-10.888439319435335,50.867068147068316,-81.351469708812857,54.440762374377691,-80.218176283770021,-73.739951866954812,38.569431827870091,-62.555276038790886,-72.118111743444231,-26.367421519626127,33.178324123164657,-68.61681661241974,0.47867126779763036,46.876277649662391,23.223853078694525,68.184167705816932,-84.122766087201271,4.6533832474080965,-16.075620622760791,-35.692303388150279,-4.8472967072812727,81.441023861482918,14.643791658815584,28.953057576259269,80.70010615781618,-0.48205968732128568,-43.140456234500625,39.370911658708245,-28.969146875011717,-43.640976138830297,72.07659040067584,-24.750493588498649,-74.496160156452376,-3.0473334349247452,-56.17092440101748,77.031245932700259,51.513553747446608,84.445325806341273,-80.815510729061842,36.07094918182954,-22.162191183030949,-26.460728533988902,42.611431930955249
49000,-67600,2.0225526406972087,367.62988622459295,7.0711374870450525,305.11479016811455,66.490563242579071,193.25834589109147,156.73304093273487,755.27541496020194,134.40053720952608,374.29492791565906,602.45993004906302,379.59228114972677,283.20859717343535,328.49975045669407,317.21264188522395,84.348460303810953,609.67567019885223,482.97035985953403,112.92683653810676,389.16557919190751,858.65023349959461,548.70152807638556,909.19289619490314,563.5708729672599,269.50511186260059,844.03878543194855,85.034504843305925,443.17615412901176,31.215646266730591,692.05102365174344,955.94845005517152,697.86751679064378,782.69716639598516,946.19044984129255,294.51853795775332,832.78351165560798,530.64048155280079,861.73938995203594,354.03699380521141,411.54928979016597,460.39061843930068,485.82541969703976,699.47155818233909,412.84183985114811,372.68161378614758,597.23445292334281,272.43120507900528,193.27517339325084,343.3242619555183,178.36281292805501,70.479045665149926,47.243360629010027,827.57624055537701,200.38708380947804,657.28263093529074,626.4739504374204,359.72980295980943,233.27769117644507,949.67767752168959,869.50328299613216,274.14502135562657,769.14082137697517,84.798157506860122,188.18925364404066,459.71406096019575,758.22519088866238,897.94409744456607,530.73400286884362,487.50066987567737,635.97538927174458,76.376169914494881,747.09877040284073,936.49028215487567,514.90078916775428,828.51979655273124,199.39770520604489,271.522793155763,799.76351422065625,633.85960757971691,738.51343440990752,571.68955097611308,796.72217969296537,43.414144117582261,168.91535743251825,184.81656077588596,756.88783909642279,667.53867502627406,384.98716291503791,120.26316894802632,480.80213693903596,819.3653265729813,486.43686664960745,779.22556324525317,9.388072906574962,751.18458169899236,795.25623965795944,466.37417060973218,712.14573377100805,578.22281814594203,193.80284590354179,61.011411061427054,-31.408357205144284,-30.203595456539404,-38.83287948437161,-34.097682371383435,49.641732276662303,-74.630263943282927,-74.495135441256821,-7.0589791668158952,46.137587692180539,-68.75700037483297,57.672920892722303,7.1057615976750998,-43.013662580957977,27.373029759272491,-50.432498663559031,-1.1977751640461096,-12.697255140254343,67.446756939562675,68.795514920951092,34.016361712678552,60.526150912900079,-45.313989251460242,-81.176128675103726,-54.354184517423434,30.601298998450829,-74.213876876873798,-22.981235287660716,45.391774423620511,16.999535644405206,-8.4871646941177872,-2.2891150770431854,53.364700224585171,74.954298068817408,52.654370721143344,-77.299174157779689,17.189510416256653,22.111682092826722,80.536368254332302,-42.784573584892165,-58.237468523515034,-74.530393435577011,44.567881508161484,5.1910862277396763,-8.0084461545239698,-24.475645605521631,-76.482098285178395,58.834395454152727,13.744720513748181,-15.351790966643787,16.820629036126224,-6.6559924896697726,60.574942874316541,34.896980562720792,21.57567748976173,-0.58424260044579235,16.862814122021163,76.727124655982195,55.702457563732551,52.406847838397695,62.679748715581354,59.164198682940025,-15.551913734370061,-45.892947436222435,5.2245981297607553,-53.747042244710386,-66.882151110514712,43.418857664286257,-14.906074417680752,-68.619017363319514,-4.8636631329571829,45.071655513711463,29.541618175684079,59.063006787983682,-81.937010990999724,-17.040536466506254,-9.7133479585129798,-36.797202460221953,16.996649822961537,81.218055110146466,6.444811601588972,31.498116497200932,29.082103281404219,-2.1250394079273285,-50.22206125056104,40.764549356100211,-36.220701614838447,-43.916754318808998,68.252237163965674,-31.955173452869943,-76.208290631384429,-4.3172942236303857,-61.520637643063765,29.683041360319979,52.867387360784683,78.717353273753531,-77.259841405909214,37.108415087453778,-12.325512959971554,32.04837378707802,17.360951972096856
13900,-63800,2.0225653090760742,977.74173516758412,21.093534395751234,304.31087135483784,37.52582430757294,198.01050470439924,108.01216156635024,164.13129390569031,15.551124794978655,374.0976612195123,602.52170667078269,376.09689562794784,97.355782079496066,47.088583516281176,604.82005676279482,105.10452573430646,611.93022862269322,488.24809425539718,91.540205342536993,389.25799854563627,859.09831062369244,545.51484124571687,908.57280953956229,215.32323380210872,266.67900593082794,870.19431516982002,85.25062438676197,442.6412063011843,58.290953366345093,691.67788561584098,248.33924198952769,695.99487162422463,685.06006201162063,946.58076815662798,289.27230931301426,816.44188103544013,603.54988776078949,913.39202980529944,937.33312146615651,422.37033790008513,528.06664513138946,810.85703153045131,668.66490490673368,629.2451545777534,389.08380874253248,597.66422856951988,272.27206810724721,194.48058323092016,333.08663053116277,170.72266988642474,570.21572801962293,45.399799869929993,833.2803909466071,190.61572950859571,657.34062522245972,884.03697142671604,348.22341155615055,210.20660784653961,949.73396941257181,875.5556720075565,274.48731038974063,772.17149649181556,3.0928829380912695,626.73970188804378,293.31880641281316,138.85454020068545,821.96444540535288,913.01874628201801,488.18695638369348,768.62097682216051,138.41937799541762,750.65251147929553,633.28441079988102,460.72778563583893,828.0226433982474,553.53851520578473,280.38748643464317,799.10846488570189,290.29759959827982,642.14434591974873,579.95461543053716,796.68996541831427,43.08838063049356,41.470974755716298,189.00628025708878,740.34783051011027,667.70171138464082,384.75073988412896,132.57194826009996,455.81428217315624,887.06659549280369,486.4162226885,781.34250227278767,755.47876649217881,792.16019809030797,663.58796206680222,448.15052037298119,723.61818509190277,579.21763351505479,192.89533233839134,52.08058290866208,-31.401206248903335,-34.655153302281676,-37.632718860662031,-34.096444466913383,49.822812911849297,-74.359618304111208,-73.051464857934718,-5.0350768387531621,28.195217128017543,-76.702229660309015,-50.048580750585018,7.6021894732067636,-44.072315940768803,21.446456677065296,-50.390668895582387,-1.3966419887928154,32.354999347965332,64.764621247123713,-34.78428485038603,-1.4722936580085104,25.730343553411014,-45.708588819727922,-78.585605123608104,-55.395432934227131,29.105847291338044,-69.952831401721866,39.82007709194859,29.947704755253348,19.188734082354898,-17.670410004963269,-2.210946302129245,58.987345332121386,76.641313830301641,52.355443211116111,-77.224786515106331,16.819918737081185,28.239330745567191,80.681541129549899,84.276958927128575,-58.616135766158976,53.219823211772109,44.307047237697795,5.1931962977298776,-17.645376985109387,-48.791792594629172,-76.447976600943434,-21.76582504917911,27.781071277891762,-15.357382931223963,16.787792912446324,-6.6248287474909819,60.91679585142959,34.101710963799121,15.037975766820928,-0.52355113589815239,16.500061156956104,74.766113805063995,55.571697093044747,52.409291170318937,60.767172373846314,60.275299054488663,-36.747481853996796,-49.911618785055744,5.1282364022179046,-82.794052428615032,-66.646878975617923,41.866208110761569,36.170526036685359,-68.619715260884888,-1.1434446040904287,46.030118863967751,25.782329347962033,71.262514965985105,-81.991791859541323,5.2781207154676757,-8.2735792202686138,-53.086008891018338,17.427194384012608,81.213921931402467,34.46959112994378,29.897809609149693,28.510978690765,-2.9126253999490612,-51.888223585391557,40.850293541598035,-35.904858279287652,-44.405922618369445,71.559268878909322,-30.623164852492359,-69.07103359908271,-4.300874940449539,-69.914617415706431,33.739359288540783,51.282511914508625,76.050153281921538,-82.449968766082748,37.541384132953354,-12.147173852714358,-23.919321795334223,50.375318097421157
33500,-66000,2.0207335804435944,642.84661245569384,7.3145148473660981,734.40560383178286,58.884852514780526,127.8917661507711,138.74530449316183,773.04625819891862,335.549687432442,469.58784109557547,604.34845321251726,130.58789553524474,282.41907465186978,347.98056229824459,609.50103360641151,80.720134834923059,619.46555872568467,525.72368782408603,448.87290177947796,386.62486044195754,842.76926715213369,298.77990863053714,908.52483168552226,566.27896211907739,262.78054502257294,845.107498128565,865.15053364361802,445.39861561270743,983.51235874162899,780.86474923713536,934.4947427203914,179.67091945564383,784.04496173164068,915.84505396385487,332.84472176473912,719.36642259279881,521.03638281216649,406.99055519669878,1000,419.7814459162833,459.03479042969894,505.87728219745145,298.50661981621658,665.62924632545798,341.77691029087543,593.71363544443568,278.69189445946012,180.07697786848368,106.182544921632,164.60969720073086,195.3618235942092,37.707885357422903,801.60796227098558,190.40557939449334,656.79035134361254,633.52316707787645,351.51704899933213,235.23218326982371,780.73332836449981,532.31071126227266,258.20154714678944,789.7979961514252,891.47541662473486,17.883449146590578,391.82939099210694,795.7447570641383,898.24052127885147,955.74600566177185,488.43125692380045,646.17660210939891,140.47966250838763,748.53629749191043,926.85421062106707,458.6925066464463,825.61646754162041,182.43683992204672,275.60731190500928,858.222523332386,294.21147311381225,775.14824144860324,88.202622144331244,799.03669455704869,345.92790675572871,171.93462928754451,187.30144877174141,743.50639036795747,678.28884555334196,373.55486857860245,20.823972223085427,481.55222476024204,824.28198751948116,451.12389343237692,721.34106344539885,12.987258862550755,749.67638719301306,808.11748951848335,418.62789589873847,716.77435480059296,566.27531666859363,194.27041896063722,196.69511337914457,-31.326648908915047,-37.836561506578406,20.082558850035021,-34.294643665331549,40.804212125180925,1.0215507863415496,23.614675611068215,50.382614153813208,-13.446286988022663,-62.981282461516642,49.621024262496206,12.047218675769354,-43.770253239546669,19.410352515122817,-52.527631152576859,-0.89052988456251547,-10.963773512080142,67.831551783137712,-39.542088724720237,-77.339139749989414,26.395956119723667,6.3095481037435519,-84.855315680425988,-55.028540587260778,29.659191447664952,-74.485372448480433,-24.186292511736941,29.728765228432167,-51.560085486410912,-17.097692721619573,0.13975658680925473,52.612518201866621,76.947086732988723,49.461888815804102,-74.64942733144207,-13.461541267052034,21.770036080885511,80.561700527139521,84.937466755818249,-58.408535733024962,64.789461718722549,45.780341058325433,9.8771967904706361,77.043578565178024,-25.943137288003118,-15.797185884253974,-10.708016537937036,23.173977682927408,-83.413752858404351,16.972622512758178,-9.713734110174741,61.058217765549273,34.940952243852927,-76.374563430631966,-1.1360932770617387,16.819249013494037,6.7924673030870295,56.382710826436579,53.821666035355641,-81.060773408064762,60.165714110428404,-44.086328189846611,-53.379732226558708,32.823739315303577,-66.1554947640942,-70.923670199844665,79.936822214824517,-14.732464325755874,-68.605693745459988,-55.198591845564259,63.114270513635731,-41.942950907140606,63.69712461442262,-84.112029486153745,-15.82961757355541,-9.413935464349608,-35.384303678675835,-9.9348551570447565,83.853809171870196,6.0982157655755298,31.625379046909526,78.398931471535462,2.8344021982290286,-55.16635806571486,37.418228511091627,-28.309072791196545,-27.289981626720163,65.817510240253327,-31.479292157830795,-67.717040605091924,-7.1057503348016784,-60.429764946584783,85,48.290469706369066,68.977192732939443,-80.136677550346931,36.953642440628784,-49.700790216111699,-27.613706883467017,46.476478261728083
27200,-65200,2.0220606841756381,644.89018580773586,194.90385510146513,694.33784446871698,58.884601960027076,193.07252433313607,138.25550953923127,803.97989669232925,336.08818438122677,466.24254444793621,604.34094328983633,136.11281305860402,269.77248614558084,294.34877618564974,609.40877634835283,110.68791069515323,598.99492963346222,685.43635852472494,408.11009651434608,386.62325140258474,839.29730026220182,298.64796673909518,936.8004149335444,566.2695300635479,263.16512259237538,844.92173380613121,977.80642345540514,445.36565420613726,873.44910154292711,781.42314147672948,933.3825929839121,208.43626745997216,755.82636711557154,977.67196110267662,585.97822281456388,850.16971966309495,521.40613475718487,413.69540864885778,993.02189206569312,447.77254410305301,511.86953160401521,477.74734942752593,309.49003992668651,665.61541371539693,376.55513108324533,594.26961919932955,278.95410559080426,180.4737801840929,100.91027219528064,165.49198299636384,197.93347730149847,38.265659955800032,240.48137066630039,189.64345757671333,626.08222508086988,617.10619029022746,351.76553814576425,236.73295915410048,787.39923925470089,492.81524314803397,257.92174478570331,447.5024510833436,889.52738128115027,43.339398568786763,392.0135856047221,792.42190690788846,544.15921533518019,956.7927638377397,491.01785135333074,646.08102910552213,140.45914159334174,748.53982333794409,926.89595382360653,534.96233860071948,825.6174860671631,160.62248863167503,279.4821812735467,856.20957186717692,294.20282985501899,769.46630140626428,95.958122255323815,799.01750805801851,421.15224567458722,174.80406641543385,185.89506057838312,743.55767722731071,677.12356235173206,372.6845359795912,763.34562851570479,481.50135578320601,824.4280332674964,452.0593368168129,740.47949208974694,13.382609230968967,732.50494631603897,800.94115991433785,404.77718056525322,709.93144742376046,585.52569364191174,188.55136071998942,195.22891032111903,-31.356477268866456,-31.185024844818624,19.899404569818746,-69.676832185596908,42.252989684477363,-3.0095411935516498,-73.753961838192708,50.691049094631417,18.361046013338584,-62.213991833673802,49.68553141681334,15.860416614901865,-42.355307727691347,19.422495668581554,-52.564959121610215,-9.0023749355692289,-9.4029755364046288,67.866415414691417,-37.934009352036426,-77.426112920613235,26.0730735176219,6.3355388937534913,-83.432833664308532,-54.990806187762708,28.518111748596215,-75.585626855797898,-58.389175361820868,30.309815522096109,34.953615652856797,-17.079829773494314,-2.8501761613513166,55.513123447984569,77.037282136657254,49.460799353960851,-72.99176607937072,-19.233818566846328,21.511257082039343,80.58688250968487,84.936762972663374,-58.466922741942973,-61.474287528562193,45.008076129472755,9.964063162198034,77.555881185290303,-26.965859125731892,-15.806475520603884,-9.7018623348198627,25.316558898848456,-83.416048538424178,16.993028958669761,34.344867505925414,61.068278486543235,35.076588533705809,21.897821736973079,-4.9204962629545044,16.825957111621982,-16.729718170504388,66.471030264955814,53.753478401519814,-81.064888836464107,60.249227320738001,-43.848476804109893,-52.5664801521242,32.968794590142124,-66.862580940251661,-69.966305426900419,41.357480052857404,-15.323948655243692,-68.598606469845407,-58.789387865471681,63.09847704614419,-42.06090152175895,60.349204417162383,-84.212665647002851,4.0683970194537524,-9.4230444024960498,-35.40546936759911,19.343638692949842,83.758060451035746,1.1151155995811513,31.618533413654049,78.416892937420968,-36.47357007036728,-57.806609492653614,37.473587197286555,-29.103806976408432,-44.787003678224359,65.883156292970966,-28.605648958381821,-77.692093284929967,-1.1712569220117572,-60.417433911643506,85,51.254700096330588,84.580536108331529,-80.340020457273368,35.537242064720651,-49.633161703873895,-27.356594300255324,50.331184247715115
62200,-69300,2.0519441150345532,125.68310345468467,8.3908080819759796,340.51064424917581,59.103762058292894,225.13989306140769,160.44828810433404,768.26957879401562,356.4723197574865,385.73223019585089,617.87109939363791,383.8037640814448,312.60742943522024,347.34904276212694,82.070260296935828,103.72842388162366,505.4042754709663,709.81142820696812,64.982811813085533,382.60845309707673,803.01456118027579,305.26607918479863,872.04399470629039,562.19552038923132,261.77611034547925,845.5620352742128,927.17873116345936,430.68479874146129,51.666350099109025,930.88412688071207,920.54072899703419,234.46016573504534,819.86854753071339,970.32569901744625,503.35339879272965,819.75008336076314,582.4137101394158,557.92316802786502,1000,399.04643289673868,551.15955954521041,500.75119965526881,691.52941506472416,636.39549939587141,366.41141939780516,595.40556321666497,274.52626088550352,97.29387804128379,107.12498590748905,902.61792039996976,572.69948392156505,32.556888036561617,194.21144843152274,193.68357275080396,664.59769430869551,629.51836334598181,644.89080894579763,213.42846867383895,825.55072750612078,876.47237115270843,270.16321882096463,379.49098932957349,2.0515623364472049,591.89899458031118,249.03021188471126,137.69624562173055,833.56918987833876,848.2146047974868,530.17759903838726,768.61498067938953,139.85929530788013,747.7459057014438,929.16272115988886,445.70733005181904,815.21062981189618,566.43443856769613,260.47766035066275,860.19259131301317,280.91876792805039,759.78100811317984,600.80997144569085,801.90272399013634,280.13283260610194,168.66163761827329,186.93427881746024,765.25269589613583,671.2627497568086,334.47019484029249,126.86995549977274,458.19878195974286,818.58656164568913,468.31353374367984,721.60387055114529,12.955046780158362,760.42120216553781,812.18597630992895,460.12889801931686,725.19763702147338,589.43109946401535,192.80515989778843,57.165792030438872,-30.929560326771988,-29.884976413764079,24.244438009047485,-34.938323519742816,49.254257075554229,-64.634745209091534,9.750496744568018,54.41484370573697,31.629095665685725,12.009750857161603,54.776030350201516,10.279665379935718,-43.864008722999991,21.662327809929071,-49.711162357646593,-4.4313956256812874,-5.5921014099701942,67.750421582645643,67.005656830571596,-73.890267204305275,57.509965377789683,-40.555494370271433,-84.265992345080562,-55.635293902358541,34.685759070429064,-66.505042028057588,-66.707542456990438,40.42382902364924,36.879802319995065,-17.210879625217764,-0.46653115448020555,59.496544079707689,74.998679857595434,69.597927201899907,5.2427734028719559,-18.676290057036088,-8.2037488163200685,80.605794874441386,84.584914066766743,-58.45586205738531,-65.450176455808148,40.983890059528157,5.1147225482261627,83.251629045971399,-50.226317393829667,-55.840595895999385,52.094353160242861,22.967854289835536,-78.649174223742989,17.00682934401452,-4.3448866519259983,58.40526885757513,40.036520714651097,20.195965168624827,1.0494650752878789,20.925043287673823,73.903373981068611,55.047909354671845,51.994853575472668,-71.434081041612004,-26.178753875675447,-82.395568080829051,-48.807264775460872,33.295230064192737,-72.528930020506735,-65.388594190135791,50.241219905737481,-14.16488126525984,-68.583910952735081,-63.128441439533638,65.401987457438125,24.449768554856259,56.247157099392361,-81.60883682429693,5.3580852239379544,-9.408582201546853,-34.164253890962733,-10.454638024726028,82.115090643867703,0.1349749675704881,31.707454092542495,46.64944005586905,2.3931097426804637,-44.571954737444472,41.171047399909654,-35.937963348467498,-27.39196336261729,72.156091818791012,-32.211088667125118,-74.673010539201002,-4.0873157342979534,-62.126561504883384,24.3933810319269,48.612826666267516,81.797177756057764,-80.946942179758267,37.000308763410729,-10.300157772485001,-32.566378774867381,-84.164892919668688
62200,-69300,2.0519441150345532,125.68310345468467,8.3908080819759796,340.51064424917581,59.103762058292894,225.13989306140769,160.44828810433404,768.26957879401562,356.4723197574865,385.73223019585089,617.87109939363791,383.8037640814448,312.60742943522024,347.34904276212694,82.070260296935828,103.72842388162366,505.4042754709663,709.81142820696812,64.982811813085533,382.60845309707673,803.01456118027579,305.26607918479863,872.04399470629039,562.19552038923132,261.77611034547925,845.5620352742128,927.17873116345936,430.68479874146129,51.666350099109025,930.88412688071207,920.54072899703419,234.46016573504534,819.86854753071339,970.32569901744625,503.35339879272965,819.75008336076314,582.4137101394158,557.92316802786502,1000,399.04643289673868,551.15955954521041,500.75119965526881,691.52941506472416,636.39549939587141,366.41141939780516,595.40556321666497,274.52626088550352,97.29387804128379,107.12498590748905,902.61792039996976,572.69948392156505,32.556888036561617,194.21144843152274,193.68357275080396,664.59769430869551,629.51836334598181,644.89080894579763,213.42846867383895,825.55072750612078,876.47237115270843,270.16321882096463,379.49098932957349,2.0515623364472049,591.89899458031118,249.03021188471126,137.69624562173055,833.56918987833876,848.2146047974868,530.17759903838726,768.61498067938953,139.85929530788013,747.7459057014438,929.16272115988886,445.70733005181904,815.21062981189618,566.43443856769613,260.47766035066275,860.19259131301317,280.91876792805039,759.78100811317984,600.80997144569085,801.90272399013634,280.13283260610194,168.66163761827329,186.93427881746024,765.25269589613583,671.2627497568086,334.47019484029249,126.86995549977274,458.19878195974286,818.58656164568913,468.31353374367984,721.60387055114529,12.955046780158362,760.42120216553781,812.18597630992895,460.12889801931686,725.19763702147338,589.43109946401535,192.80515989778843,57.165792030438872,-30.929560326771988,-29.884976413764079,24.244438009047485,-34.938323519742816,49.254257075554229,-64.634745209091534,9.750496744568018,51.838111628687763,31.629095665685725,12.009750857161603,54.776030350201516,10.279665379935718,-43.864008722999991,21.662327809929071,-49.711162357646593,-4.4313956256812874,-5.5921014099701942,67.750421582645643,67.005656830571596,-73.890267204305275,57.509965377789683,-40.555494370271433,-84.265992345080562,-55.635293902358541,34.685759070429064,-66.505042028057588,-66.707542456990438,40.42382902364924,36.879802319995065,-17.210879625217764,-0.46653115448020555,59.496544079707689,74.998679857595434,69.597927201899907,5.2427734028719559,-18.676290057036088,-8.2037488163200685,80.605794874441386,84.584914066766743,-58.45586205738531,-65.450176455808148,40.983890059528157,5.1147225482261627,83.251629045971399,-50.226317393829667,-55.840595895999385,52.094353160242861,22.967854289835536,-78.649174223742989,17.00682934401452,-4.3448866519259983,58.40526885757513,40.036520714651097,20.195965168624827,1.0494650752878789,20.925043287673823,73.903373981068611,55.047909354671845,51.994853575472668,-71.434081041612004,-26.178753875675447,-82.395568080829051,-48.807264775460872,33.295230064192737,-72.528930020506735,-65.388594190135791,50.241219905737481,-14.16488126525984,-68.583910952735081,-63.128441439533638,65.401987457438125,24.449768554856259,56.247157099392361,-81.60883682429693,5.3580852239379544,-9.408582201546853,-34.164253890962733,-10.454638024726028,82.115090643867703,0.1349749675704881,31.707454092542495,46.64944005586905,2.3931097426804637,-44.571954737444472,41.171047399909654,-35.937963348467498,-27.39196336261729,72.156091818791012,-32.211088667125118,-74.673010539201002,-4.0873157342979534,-62.126561504883384,24.3933810319269,48.612826666267516,81.797177756057764,-80.946942179758267,37.000308763410729,-10.300157772485001,-32.566378774867381,-84.164892919668688
46000,-67500,2.0219540411627182,419.92653274870662,5.8044128882532675,318.22814659175299,66.558652174051659,153.57256543498173,131.8733055385913,753.17806188574627,33.344728900730878,374.68881381370784,602.84960143410126,155.84371170301043,164.66023091420084,320.33373062480729,617.70355050173191,111.32311136014137,524.96081105368387,708.0372887048585,88.500770126940239,388.89089376780811,858.47192097897016,311.50408840667109,909.37205994528165,564.00683928642047,267.8940609538347,870.75346053566022,44.782871142560225,429.4106245230202,803.06906181685645,699.5290160409528,957.2798055379468,241.13916335359946,782.09701382336493,968.10310043164338,319.08133354922757,832.37501583256062,479.06183530108137,459.90626174070042,351.83765644542137,411.52383807818569,668.14072234216962,815.38412386838672,689.71707211588296,637.17135276730232,759.2363791025366,593.67596123775866,272.56658867477114,212.60537908858072,116.8627878295374,175.30371896461148,90.347532751764732,43.90227935714239,860.66183060918411,196.38890194560409,627.85845509484921,623.82320400524043,348.84090006888471,183.75026094405791,60.108338489500454,881.3360148034227,269.15720080115972,512.63141030669192,84.490794992640062,10.700167736342166,466.83628078449328,786.87803044926068,814.06665184038968,517.40269067988584,487.67821279028681,796.22058888932713,139.4805368298056,748.48507219665396,932.354019816407,452.56028426978571,821.15896611889605,188.43355149838413,268.63299769412714,853.81957759081808,308.29287534470768,758.26104013781503,66.359837681335989,799.14388184561028,40.801378511664879,164.89380357356941,186.34856351199025,725.36087393518255,632.41989738292773,372.87402532733785,806.41144987625,455.16634313918331,820.80828441065285,484.87686147657826,721.25745149815214,3.7196737478871369,747.95953849566581,643.70033298576914,439.19909325263433,724.22297551187137,578.92618649274868,230.77263545632087,189.95921193409336,-31.303897372282094,-29.059971590097479,-34.647797876702704,-34.896744058996376,41.691399666613563,-64.266081609434138,20.431937832313572,-10.631301719897039,45.681435641156639,-61.702846071872749,66.678363690961561,9.032565028788575,-42.559671306800702,19.692835037826093,-51.687061537932237,-57.524955791609486,-12.416353111306776,67.451221034860239,-54.989067571930974,-69.591155052208819,25.853194109441951,-41.865030749060466,-84.925515091053001,-25.362422355682831,28.848050616698075,-70.203030333680275,-23.631199211136007,-23.308243142334263,-49.113784783785199,-17.640431507966174,-2.1320400058564823,60.966773195565153,74.886741146828683,53.477566474470443,-61.255249558136953,-19.752555914552801,28.816365330024311,80.669362798840467,72.00127379774473,-58.593180784345464,-54.96896370752205,44.530474891970123,4.9899720009695017,-6.4375919128157122,-24.452246600700452,-75.743651909419725,57.664650540605507,24.86791495471461,-15.614277787245733,17.13446358605901,28.374774926966079,61.561619009758928,35.01532341821094,22.786546705527606,-0.97173858915120448,16.861599305425781,74.324741850325353,-5.8391328255875656,53.420631786878097,-69.711654666580387,58.464808835584861,-80.415844056163891,-49.867450592485042,39.529501795446038,-53.697101925382839,-71.953734087214897,-14.848886787690702,-18.041849541608332,-68.585529951250891,-51.9299129090859,-12.786302076724219,17.765414153692443,64.185540724163474,-84.124485803018686,6.2659153651816748,-9.702398502047263,-36.777361229601894,16.354841844865849,81.475125573538747,1.9834171688140083,30.223039988184613,75.036650699227451,-2.0884823898342582,-44.12043033091183,37.539908090465048,-29.17804624055448,-26.567460535495385,72.009258281473592,-26.622693758368101,-74.69670564625622,-3.9982058950071089,-61.622497774906186,74.608925206498071,53.002989115715984,78.7464230748745,-73.228942508889332,37.015926802680269,-12.748215852100653,-27.463339514856827,47.993547274472512
37300,-66400,2.0170945098041702,574.95779491981796,7.2637811790451963,702.878331827034,59.32834830561319,181.22424974971028,133.8793331982987,752.70134973797963,120.93157689047756,373.47699536096957,603.77330490727661,359.28025709859673,38.542192042202437,315.51001126558958,257.67069402130323,80.982160032058729,589.43150638121119,708.96318672832012,468.61326588107136,390.83581551168078,826.73249497937775,319.10477378902647,921.37074677741907,562.6125088452136,267.77618165778739,843.76542855327727,150.42575768191341,468.78716720789458,989.40092328203229,779.27702502710224,979.31952472803425,222.96797354494959,792.24683113756032,917.18242696747416,637.65835203627648,832.31267917020807,482.06297433010502,585.86936901716388,427.88655029088966,455.75494364771015,525.36863502887991,493.66595951635821,689.11617457728198,662.95478933057723,329.15061889647353,598.28860721772639,278.03887870961319,230.73002907655277,345.77721007506068,164.1250383814851,204.99364672882095,28.533504586959314,251.68623199524103,189.02772342536295,624.71938132254854,631.87999684822887,346.2545111907848,236.97130090706321,897.45238608434727,579.79496832020391,265.98948341151674,443.11150217628528,133.35767889411909,19.934372320600744,414.30729774386555,72.980342989417863,828.82098451570346,910.41299243783101,545.34715748255019,639.15547630706374,140.71306577383049,727.20244037646,935.54819623188018,514.76211172727028,814.38643745978789,629.99103324789439,339.13696757162927,801.57070396537097,315.21054424455082,656.59132054367728,633.11974754080029,800.7001658741533,58.940971919987419,258.70656211789844,184.39783745440781,830.36689720870527,677.40230654466131,369.78706999289903,72.629418472541545,456.50946744257988,445.51938964681329,429.86865496115001,721.27501724150909,26.13620350886135,751.08782596716605,663.07138715643453,96.525065922955207,722.40892187584529,614.5551493393682,194.80346701552784,32.25996525405553,-31.403684679381556,-29.285228041305352,-36.232233760192798,-38.351469037251661,42.489322483973012,0.44741995642196386,-77.325436489664,61.394172966834731,48.762480715681662,-62.343415995034363,40.55331748231152,59.824803386641733,-43.814809626675093,21.565617875333142,-49.594204706441651,-60.544565198271812,-5.3054268521114896,64.697761899908187,62.233278760206794,-64.896539454706513,24.256561068480313,-50.211164478788639,36.940892710006722,-51.885116370153881,31.209523774196281,-75.269055191429601,-65.319706264546042,-32.702064308195894,34.19176757885019,-7.9846100111067662,-2.5680370307695517,-11.544092765579553,75.021259916575829,53.650053951944273,2.0816024229109451,-16.68965088933712,30.380319163107732,83.517419111551703,-52.93400765189071,-58.314314430174953,-75.388792971143246,0.36240978001708513,4.9150302789790006,-5.4352592860850351,-26.922390346497412,-68.246133014118456,56.301575245740253,25.667553781961836,-11.934557715014925,17.039225423193905,35.328970733017158,61.167425317103927,35.035429448812884,9.7009369720188445,-3.361175480869325,16.622194076508734,-8.6509625366945002,-10.776469119352836,53.337416042903648,-69.220201502946537,72.186198735370013,-77.191364845103507,-49.69854681383719,44.463398522553561,-73.891943331581487,-72.548330938715409,73.301753783600702,37.621168228529228,-68.624094203412525,-4.9022442024569388,46.154150426926002,-41.34581171610138,62.520852807254684,-84.845217764084083,-17.540633095607326,-10.080121516415293,-36.867440123049278,18.557802697808118,81.595091523256158,30.438773603312939,30.1610750847925,26.628339680738154,-2.9645116701999572,49.166087166863427,39.583078424417344,-35.271961018829479,-25.873255557459441,72.351109561870302,-25.443133011741857,-74.979076903571439,-7.0700064662675262,-65.626560820849136,23.064156120883077,48.824618133637067,82.696975443595207,-80.780196863266028,36.100641505998631,-12.769330981622772,24.962999292881083,16.583503634868837
500,-32600,2.0217853322705839,998.42323394328025,193.41835539406091,684.96178131424608,56.95442386697782,219.82511272421851,108.91148425743141,752.63906438625088,111.05325868280147,370.15529555339947,616.94679344193662,148.15611402011217,86.31189295911588,288.28756343572581,696.7025234060294,109.70769611821264,584.27644082974041,709.51578369595836,90.177451956246983,391.93586399562406,828.98811501606269,318.62035047119491,909.29159471392347,602.29558217208148,267.13211554204594,842.77653848257944,603.13570935475025,442.98037123883341,812.4927696186918,823.36372635264001,1000,246.00029850816003,722.62725459013836,926.61083506230204,341.20856083717428,809.53457136626423,553.4806148308968,605.98952195492404,408.39793204039978,451.27909002256121,536.79857180281567,432.51533960634026,683.94735482224826,664.42476782314873,317.5998372506175,594.2296151715982,272.37319650722748,230.04110913030999,116.56330774597279,163.99435876450383,185.27137932829285,45.389177714487964,243.32756410174338,189.68281441109681,618.12148459265188,659.07639590851988,347.54465738919299,196.21929911505333,72.58280708742916,563.13015971253162,269.00208365302723,524.20415600107856,967.11614490942986,517.55315291825389,453.42031826695154,822.31926099285249,924.35529987484279,916.67818546418255,511.1081591081068,769.72598124049728,149.43310908913267,739.44992727545889,628.93118550585086,457.73247108818379,787.51655843759329,596.51198603964031,313.00288569935009,853.6731034182435,290.16758358743124,646.3786341912446,761.47432308656334,801.61525129554582,419.47773336077535,804.30460774426479,184.16408508370341,734.43996087712935,676.77943099981394,380.36959627337927,810.42661277471507,458.18792389043722,824.7863467341989,448.14077273975516,720.26899448898257,124.6738248236712,829.09329208621966,801.92167135202089,105.51489351683402,724.25929030964096,647.25336715876267,226.5723555516397,72.840742112545371,-14.970666681569575,-29.273233220755742,28.253973905341969,-71.33989698839558,41.646714296248774,-64.342751328024306,-68.573643570499556,53.281254710910744,18.6528459987384,-61.254755225954767,39.380250818787538,7.1547328953501097,-43.987161019509628,18.21532694222628,-51.743828788471404,-61.016303571898007,-5.3863773750426693,67.408400493312314,-36.936840594444519,-62.337067521069969,-37.744597882168108,-50.072384920582536,-83.400373876958724,-31.030393856902215,28.580115989764195,-75.387642406147279,-62.234489884461226,-22.12195735991126,39.536463066288391,-17.142993117197843,-2.9503048460937524,52.073782614947035,76.514977832731731,53.65498368572365,4.7866970915725346,-20.375367305484602,22.05207957943189,81.117507891312755,79.406177270172464,-59.912032312873812,-56.346798464310439,1.9904295172561295,4.9185139597430725,77.867945170095268,-24.177753831088797,-79.711797470539324,-13.022502312028115,25.37761403212119,-17.088798148989355,16.908658642486824,33.213586858516059,60.395197708277195,30.068139182440991,-80.834855553168921,-4.786215503849145,16.761696543052672,-12.287331427530585,-11.079606876402401,52.08163212221401,-78.037535403244064,57.452121994249111,-78.875969749598724,-44.842272508438583,35.490192373105309,-68.921085030046157,-67.943105666356757,-15.692244350885808,22.318643573007478,-68.495508759552905,7.3180849783897166,45.434458369691257,24.378075026751787,69.51280172069383,-84.106301870690274,4.6059224291081344,-9.7395169493194054,-35.465176536194967,18.942269604166601,81.820712143997,-0.48800257067849673,30.372288843915442,82.085874785665879,-0.825470421096,47.140083762430649,37.457416690126173,-36.460929163538054,-26.744959002989582,65.543937745091867,-25.420169041153684,-77.794324804906097,-7.06430980402064,-57.195176620158563,74.780834698407276,49.395855981375192,82.710246499349182,-73.28617207831924,36.565470855617889,-8.4989020948913918,-30.820034845667479,50.736178754482587
29900,-65500,2.0220453801909843,683.93931432975853,32.130197033867475,298.05193153498362,58.194744090414019,232.41749616059607,138.23029111133667,201.69140097157327,326.65200119627104,461.15424197744051,604.03796517696787,126.88253508762162,151.31211086412225,325.07164245921808,608.93232239320741,109.77695964116637,510.37374803424098,530.89673620216433,401.2309229410132,386.65770433874502,836.22591433749244,328.85898615084062,936.50145126708401,566.21353180743301,270.655816111408,845.7026875884834,1000,468.83204856770107,874.09479451889297,697.41766398774519,60.15345761293878,258.07547868017986,743.33033255779139,979.19668780987945,274.94334341407694,828.82776551121856,957.08809291352065,952.78447988404423,951.76049243056104,409.63142882882363,508.70467421345336,494.1294853943042,305.68901679208977,634.72126204951564,377.88486096995024,597.1506192135837,278.92637598933663,194.06112633669431,345.40366635398567,170.63569215144616,169.03157287341176,38.323014212928697,240.5500022022002,189.60070440215745,654.8314550778141,877.37954086502964,350.8593784357854,211.75181887748167,895.25348488560826,489.29183220534674,274.99718293944619,447.52714183700192,896.52625149452979,51.939196164290074,378.84983799530931,782.33312486430282,546.58046844028422,954.87343383354767,490.8190014951129,646.74204733436886,140.41934691555306,748.11000285825332,926.92815758393726,534.61161812241755,812.13427000679303,507.66886648236277,10.799055683989167,794.35718343287397,296.66182780118788,739.7544541327984,765.53546649588668,801.58389899228325,24.294140900635426,174.8222617371741,186.19098358712083,743.52531371866655,668.21159258271302,380.68253943509347,734.37167685574786,456.13451450341046,826.20914016992765,428.2831293114715,740.96882894300472,4.5248272940053589,790.48997255709719,683.59147757200765,86.884065367611953,709.75762169321183,565.14133191879398,194.20695733302512,46.837946157157333,-31.354936649386488,-31.22488617293293,20.368375918985464,-69.723881885567607,42.530315306323246,-1.2593840211173197,-73.617020124607166,50.394449678645998,45.976270084068922,-66.158526616029491,50.728822995715248,71.414335880520937,-42.321444568058155,18.668454159960344,-50.645296446316259,-8.8225918126769294,-12.452729690809075,67.86178604380585,79.041633991620031,-82.409823283214337,25.472296213782588,-44.716770728817345,-82.530028300954072,-25.281843185202039,29.109635451396311,-75.522731542299226,-21.550706001651861,48.017151866777802,44.501155128394196,-16.893012682169665,-3.5000532596170864,59.073883223693912,76.911735272292006,53.087216703132206,-80.03674325740343,-15.799693672122942,21.465443214619011,82.592954016930619,85,-58.465352792715343,-61.468011685182994,44.962717247379942,9.88407218014828,75.126652666898138,-27.983955078110188,-72.814613667820652,-10.499780622897434,19.639454464212179,-83.432767088835448,17.001115037979897,34.09358105896446,60.344796108670785,39.54353164425379,12.643795973785753,-0.89600149550390418,20.990701720312671,-17.143751098106478,58.315153156337139,53.752201690981806,-81.155975050694948,60.22555275392611,-83.964700668568653,-52.646755724351728,32.989898014825684,-66.799429083317577,-69.97460831976683,45.407075481804803,42.171301366205817,-68.598140827344125,-58.771280912467773,63.175783026543151,24.542736575481502,70.440091310476092,-84.147588539862554,4.5246731410301546,-7.2538273353902305,-35.380474633559096,-8.6719072951718665,83.756313585361056,1.6675333362056719,29.856792578013636,77.281621953214483,-28.775440335847993,-57.851866543600664,37.473674939888973,-28.922391219573633,-45.967790631164746,67.154032115002167,-28.600662879303158,-78.018919943169522,-5.1678128449558081,-57.657373382887634,85,51.271375549596414,84.436477230845242,-82.800882614106925,35.51889838138014,-50.060564777269249,-27.372165341756698,50.33899274936519
13100,-63600,2.0196925977583153,995.07289101836909,8.8483675242352149,378.61357212549979,72.741236931555704,127.63300689685686,137.35388781800324,752.56376590232605,32.852729566217846,369.22171330154919,604.85026985521847,136.22458599761296,288.09265159337264,140.47211363121636,330.65233491981212,342.27002365793845,619.71487063448183,709.60825500935175,45.305803184875771,386.58512746033,843.47712467557278,295.05952790111911,870.71660628940504,568.65585460826276,267.66308883704448,843.41302641321408,63.028000446134115,455.47346656513923,854.43196358512296,868.93893608360941,949.7110969182819,663.80636852041016,753.04819760328678,863.48732875198198,342.09930238539425,811.80426070058206,546.46546810020186,553.35633246852126,1000,417.93621651154621,545.46790539373671,495.27891338453185,303.92862296040369,633.39453321025962,367.45290356693954,593.5347410285533,260.54617284061618,208.920177279591,108.91643448231275,167.66153380338454,564.19425327120211,50.894997760599139,267.47003365604195,188.93270102558657,664.76329426941959,637.72641076670561,339.33234681312922,213.48993693521925,773.69236820253116,900.4953942416106,258.48657922819484,787.37924613281098,24.48501308358702,58.178544248665737,232.14532759832076,148.92050851100151,895.31778653254776,951.70755696790161,527.31855945664722,647.74586116783053,139.46542242376111,747.72632660552426,923.86614789622661,459.4330421829863,814.21854594490765,138.23137789927586,311.52133162780063,855.16292253816312,313.35423891204562,765.91726977385997,568.89415708005765,799.21633127515327,345.88010671160089,260.14388703150252,186.64690298304117,758.21257650463087,678.4744972542386,421.25102343128719,808.21710093244474,482.01082234656394,825.35187891258624,447.74648992996163,721.40611681259804,9.1244314022853583,756.09777912162326,808.14504965138792,399.62228804608799,725.34246146526846,566.12160033571581,241.77345654434444,66.091723593334763,-31.117384073214872,-30.412295361921426,26.307150419400379,-36.250998052127514,50.774340377460604,6.8469640189877161,-78.701993285634501,54.436306606249609,30.024386687135415,-65.042153997602895,50.429119553462492,14.967790894377682,-44.041439041436711,18.087473083599257,-49.444412715764493,-55.497403892792775,-12.186771207743414,67.520238176703103,-26.127326654589407,-77.016502895221478,23.003804136289851,10.626973708422376,17.472133256251851,-55.616610050815922,30.142382762974943,-70.683899954370105,-24.097096906214073,-24.983833998505879,46.365585566563503,-17.108860853728462,-2.5875736833266849,52.125328232015647,76.535747074954173,49.65358818787589,-83.174547026809876,18.847575876917631,28.985769334827147,80.71483573041651,85,-61.584725877126196,61.451315383456325,45.788078494687902,4.687959349917465,-7.3749667427388195,-25.836265837022495,-19.928183661611381,-7.5502672851602526,24.507644650288853,-81.917730362393627,17.133572696440545,-1.5733498872793348,58.300506733124969,35.105581913744302,-74.116155149010524,16.245611610550647,16.765835334038368,7.174402732715933,28.624838485473187,53.836935247906737,-71.717982663461825,-22.100369224810162,-44.564985177126573,-48.790904456759641,32.824993042005261,-66.854489151011279,-70.471180686405816,80.516168250578801,37.438361277018224,-68.577150592673476,8.1865902331195812,63.159459917816179,24.592714674351662,63.638282482262156,-82.821000531004145,5.7975683245607081,-9.7098249205752349,-52.398268601906196,-6.9150828942405518,84.767411996560284,10.104341706123517,31.690865862641346,81.388527549363388,2.6391164896982025,-50.089386453733646,37.427582830142363,-28.923034146917864,-26.168607903320627,73.144176237562732,-31.305569462673514,-74.610674228234203,-4.1321904442820721,-60.447295429923869,83.917789500976355,48.294580671503866,81.899814131233001,-80.141294195244342,36.989916807498503,-49.647870167564115,27.315390519979978,38.388311860352424
700,-37100,2.0213878621024408,1000,193.54463007247227,676.26548112591149,72.444720484902774,151.84326987454924,101.76197019235096,758.71511450536536,31.466677418335998,368.25054906952988,617.7485305948112,178.97968414350512,30.038486098002316,286.77560425294411,684.74531451213454,113.6021805956547,507.47825691928995,697.43718024085342,477.28785483854324,388.88130728298631,828.21745321876881,314.502520239219,939.51681814530059,556.44088104258947,260.60506896590721,845.40157982890253,83.592600345619871,134.76265231255726,847.48781855716788,869.57162408564955,202.7492796521351,256.25970697047609,189.63280032811016,863.91109505542966,653.93719951474156,835.18027733005488,546.17830089507254,454.6951411937066,956.54405052162429,425.09178727225913,548.07541248612688,467.37349650871886,657.42540002725366,636.31879134332814,385.86492681824006,598.20001225183364,260.32241509669694,166.02630402157894,109.87199854550016,173.82816891018453,214.82615040849015,38.456773928315947,246.03432759680203,189.15648794989434,619.87272946425674,855.11071477353221,351.56357060228919,195.69460872184172,884.92029437183976,542.8867537049174,303.7830731852282,787.7155516887035,66.991924025712706,55.919462677519334,465.61365503274646,144.7820651090704,903.41065464877738,945.78284963050407,529.61529009710648,637.96247439852675,141.02935774297967,830.45436909113278,921.35150871456381,459.75936877049213,784.19147456213489,594.28348391223199,311.83583191884009,806.5351717838364,302.6119086526096,657.28520388974994,611.60604571750991,799.17695620158793,346.38677920930633,764.92049945391796,185.76479616739849,726.34779870612283,677.05633215931198,422.55375551643897,817.96413349020622,457.23633046788109,824.85464670896283,457.25390965032756,720.19461585132012,47.857318113575403,396.49519217188089,671.47470032442573,442.17562768028108,712.08786635111744,579.46206437538024,243.52227251706788,188.30327964714445,-17.279355070018052,-30.277560607208507,-40.893324544395853,-35.816057622899251,50.397607645625037,10.054832660547799,-73.371853799151538,57.243816605377113,26.860285031010044,-68.927214336695144,56.394041167513826,58.755282232433288,-42.567733050355521,22.045270943591433,-49.810718675576162,-61.397601189222001,-5.9142743718054227,67.580907847932636,-30.996279128791588,-65.631246128248449,24.964182165080381,8.6008163720487332,-84.720592287900985,-30.602253761289635,27.603176298129618,-74.15655733470453,-63.030504309562069,-21.48076304380551,40.778288593473583,-17.5776766896034,-2.7772966998091926,-14.853120278959953,76.534816879144913,49.659794281954973,-83.026004324039576,22.241475512816045,28.746967778711301,81.180084189698732,85,-61.939020806458473,-65.439136972194376,1.7337178722281266,4.5279562275433412,-7.9548724401551212,-48.920961484392308,-21.634559531220699,62.473798784393423,73.23631989612133,-79.194617418218044,17.111487061189514,5.1334834551968065,61.681956882605249,33.816666837815461,9.7639371565985602,15.075759382939626,16.773744901800406,-18.046161879598657,31.24913232450152,52.326860286402407,-67.822775717384459,-15.70640355893795,-73.417846322955072,-53.170439175640325,37.718804399148745,-70.983516206526133,-4.6639362100713839,41.033446646826306,32.809913580003858,-68.576513987759569,0.98599369948034088,65.349724954977304,-45.147840304270872,-31.389538087665528,-82.870337269381807,5.7411218605556229,-9.6966236785133422,-53.315408712669765,19.805371678697092,71.20551037166166,6.3590117543430917,30.24089764726137,29.117864828251779,-2.5430960170892294,-49.821037834555895,37.427681827961045,-29.141713045943952,-24.687786896878446,64.569248344079725,-25.513773346306795,-63.830891178186967,-4.0471337997677104,-65.005351853295238,76.721051384339333,52.982754878904259,84.056285798063669,-80.890968022104545,38.161942977147724,43.8081735926961,31.655763578677554,-71.764981062345214
3300,-56100,2.0176215492609906,999.99999913998488,193.84655861990194,676.58276513633723,72.768082193001902,215.14959688277133,158.03182450399856,757.14841265020027,320.00991024875884,368.46089355626071,602.67027199993186,368.06086753215874,248.02022701460766,289.66987862968813,318.44861202870038,103.12102497319626,526.83913257923075,491.41692797284077,92.065340417927004,388.89310572461142,857.14183248966208,322.12551129791444,872.25020608959881,599.66486750026479,267.67445516681209,806.42271038133197,63.702397121588263,455.69712338693597,849.35013874683455,863.17818673834438,990.39890482353599,270.45695875420898,119.84704499627026,865.71653343375249,341.64494966105281,811.95664786972065,555.23739042465536,584.00146169525317,407.25257197301295,403.16682682527556,544.97827061062787,880.74765499051443,700.45670299106052,665.80944042257067,803.78393598358332,598.210196929223,260.1460868511146,215.57350434705387,110.29318538287124,164.97232036631056,571.5579929328037,52.209665170850222,1000,196.94822218641048,657.50365004631942,629.60495820206586,348.99859364965243,210.73981964309854,207.82172980795383,891.56192744018438,302.47044051653347,787.61920260306101,946.07748180271301,54.696033886888245,666.63792168920952,804.48559649607819,973.79413228738599,837.0134541313106,517.69586660640869,623.73770562999584,146.58879660629938,748.31952150687869,629.13974151612865,499.07044949963392,813.23155193060836,127.3334708978249,310.78362397012137,856.49415513546285,296.6310803573511,767.29205932069681,84.490162176295343,801.61393873858856,285.65411032576037,265.49393168611567,186.65158091095199,680.17431258652334,676.88439070077641,422.16337866298426,808.95987520401502,457.69535730094918,855.00435993004896,448.79782409487814,719.61377950295491,7.3896968529582736,395.85528778405666,682.53361322451326,432.0893357185322,724.19029988955992,559.34688838591183,242.32158541571809,33.789974544612534,-25.591921268587299,-30.249755597406342,-41.383158504983257,-33.805307614546685,50.834780310149341,8.0953034860283104,-73.906797840527901,55.473906520351079,32.101660689000582,-76.501382104107492,62.185249985672144,14.392589535714091,-42.549315985889891,18.541219868531932,-48.62773864468987,-56.434750345899808,-5.7974594225656109,67.919117566891231,-26.408227510530377,-64.402539273823905,23.507514409976231,10.961035340475895,-84.763511097189607,-55.385873403243664,33.572934899205023,-69.863971122355565,-19.626785075242935,-31.097993932695445,47.718344676842875,-17.084812352730381,-2.4572944643832733,-3.9113568766727909,76.530970061137339,65.961840949887801,-83.345716072462011,16.404809854871317,28.909191825756697,80.744525444454695,85,-57.799899999636182,67.310802274868436,0.12336832521148722,4.6431545214860215,-7.4254547320833,-25.849917774089651,-70.912634716757495,-11.963114980647788,74.720243497230427,-79.176634322515355,17.47515344830579,33.40454013734022,61.787979264377761,35.061417942549639,5.9087690887968591,15.286305567948983,16.657596387998716,78.912811875061976,70.722898732600157,52.381613911355132,-70.340217698196639,62.873789702460243,51.20591775440095,-44.180962312548694,38.02930691774332,62.181188172846156,-70.301157789881174,-16.103240469434105,32.690935372103652,-68.580527358623328,3.7406561301809163,48.484496865516569,25.217187994635726,68.073504627040663,-84.214854209363367,5.2910016022825035,8.8539508148602852,-52.820809502003897,-10.995685887533766,72.893948476581926,-0.31530667376449184,31.68160089230145,17.987544261127823,-0.49675140912158255,-47.384356710369282,37.349694218593847,-28.815250357745203,-26.902807611094854,72.937057705276018,-34.410664913782639,-74.75597802140814,-7.0663777050793142,-61.414751035512595,76.436355287605721,49.435486647251381,79.904799494756858,-80.381931342792939,38.088126319739537,-22.381194270214895,25.415447828496845,-67.087551949246773
800,-37900,2.0213563086820887,1000,193.55014432976412,679.29819146016257,65.374582360157916,234.01109880183179,103.03048932521553,753.57175962476799,49.733496810793582,372.3244304276555,604.84525662071997,367.02605104873993,143.67493407005594,2.5469517278332603,700.262860444073,113.48692493437835,527.20675634715474,695.50286888107735,92.015391596027953,388.89632268131794,796.86106304180669,302.07492810702723,869.92259567222482,567.8276553368687,269.46239020589019,845.76951092787783,953.72481661874758,460.33806834101739,11.303598352307688,684.69172453549584,139.39763273535863,669.49652151678993,6.2613056206749249,909.91495875533508,389.58632626006238,832.80018448047554,546.82153642808339,900.39870356883227,414.81238591216953,447.64670139162041,537.76837226840564,805.51578712405615,303.27890153393753,663.78538314638092,361.71726875180741,597.01732276017492,270.50832324695199,228.40920754109413,41.667194198404943,171.71078861344893,190.0152304479729,82.145412674534185,263.09137354280244,189.1981693624748,655.62646933710937,881.332508451526,347.92981964544413,217.91654529682557,882.77358009661054,531.37777724773753,270.3000478916756,774.21825249776862,113.68043488405834,56.819657656370623,462.75587047666397,805.08530238512276,892.53481521345338,940.04646893058373,530.18047539674615,623.30712816285563,137.86612145741472,748.18373192790216,931.86407369088556,459.00575801468062,814.04004362584635,551.04197929134159,282.03477366515477,804.4145625586001,301.52445050622958,738.3311914921037,552.30226523328452,799.26650048471242,347.45374936773953,806.66172042256835,186.86480175269517,725.20599517967673,666.12671379614164,340.35801838784352,843.49631654032248,479.75083929358635,827.1108045852726,482.13814596045097,722.14506700069387,48.528857296014763,430.04132859657483,800.04691967119186,440.71686067789631,707.9683714855297,586.55125207682329,176.29669420998309,67.226515865395015,-17.670996052269189,-30.747080847708581,-40.879063328586469,-34.148962529823685,41.980259778730343,-66.312513517519122,-8.6430913052111649,54.435251464934183,31.951413103584297,-62.423238741907326,56.528336279110064,14.90881349958336,-42.35852639818124,21.666294695305261,-48.713910894521788,-70.093671119119264,-12.277024520366867,67.86591807820227,75.246871573702023,-65.587847486021857,71.49143959829189,6.4891803381112609,-82.721817170687487,-24.069737342648736,29.151106065440349,-70.722110465928012,-62.793442656402107,-24.711770045038449,29.276071331925991,-17.633577582886602,-2.8869904064988186,63.190762207166934,75.024270908412461,49.649334719970291,-77.08435953654427,-11.706143571036138,28.737188453251104,80.710715421112326,85,-62.735845904080833,-48.380473431966166,53.680911085438062,4.6405798497694235,-8.0794895365667401,-26.682815307154232,-21.774586635388573,-7.8871146653783555,22.238138420120258,-81.713713450422944,17.126035255020909,5.5955110556235148,57.6770534303622,33.48775678805481,-74.469392493820379,11.91899910314832,20.734069891250343,81.054651651902276,28.885329786241904,51.101765897203407,-69.61159210453151,-23.486192535433585,-82.605258881157766,-44.180510109537714,37.764888000005335,-61.310696885473114,-73.934203173884512,49.675204638437783,-2.5400134173366506,-68.57702355471605,8.4811743363329875,64.885955084113419,29.445961895725052,73.7425897441084,-82.812386116454192,5.5435654975796878,-9.7073478616776949,-37.573389071707695,17.668514994130618,81.319825074332954,14.823299564834716,30.492063245169287,85,-37.883612615008488,61.152594906974265,37.420038597495783,-37.482901264827333,-25.71812214472715,72.23781985033979,-4.7311103409276356,-70.206692554812292,-4.0279053082667398,-65.129205981471401,76.705670939485998,49.621341998871046,84.074860067019003,-81.000700180027366,67.947635014392773,-21.79467493974516,-26.420750218613705,49.605107175730389
4700,-59700,2.0171705091552252,1000,192.54101338840528,661.73370670195993,58.90717335131324,153.3465093726665,132.15955761100724,753.48285799914504,95.527045082713727,373.36319401632949,602.74157864941083,367.91704401536447,24.462295293598643,320.47773761072165,606.60936935552104,109.03193394740568,524.87178990055475,491.15139328255532,88.869668542829174,390.98280549313245,858.86340379885178,320.29504488792691,921.68227023245447,563.9119089583794,268.02951465746884,870.72357440124154,45.530302435305487,429.16956487674616,847.05900930648397,865.25314689617983,913.22555051107508,707.06385429598276,205.27908482072081,866.72232296687048,336.53412660388443,811.82867307068659,544.12406160459102,588.68320761674079,418.9844580833751,447.29512241288705,516.96319858351421,804.38015677874318,683.40169968930866,636.33072322732858,371.56174590209787,594.4717353932449,272.43490155515292,213.96550116781327,308.44676448205291,164.06718134997985,208.67888883206015,28.618656629326964,235.81398540192976,189.69586581642045,625.54569097339072,634.21331397164136,347.46871498056947,184.30710126538258,907.24088620228326,887.11079626708204,269.16077621253709,490.47202653409227,942.89573430145583,543.65480795930671,395.95320780684614,787.72569592793434,812.35251759941957,916.69396777971508,516.67931831719886,789.75544686135765,137.7015466767854,749.85534210579942,918.06902377467623,454.1223320047543,821.01869728113559,697.33222803471392,268.11175420041957,861.59349252144125,290.91084572699901,754.45907227712541,730.36111776647181,802.05013221010256,422.56981312658576,257.02188625233924,186.49615980702583,310.78993897379792,676.74324813482963,372.95997419587877,756.652895757122,455.21922836845624,825.18158558481775,431.09086463414707,721.98132312645873,4.2097384856455662,733.61874499592295,811.24815304841707,457.36893510697848,831.18182040074396,557.35919736050403,230.30544407556081,192.96625058664307,-27.822893560690776,-30.228145888752906,-43.345138522462406,-73.437652289634443,49.486321297523432,0.67375986150579337,-72.545473709402216,41.019879115591856,18.961097985617023,-77.679454277303222,66.568561666251199,15.050725834226336,-42.55670019308311,18.10240162944778,-51.650940252402776,-57.462284265593588,-12.317832830098498,67.653736318494737,58.335164503557387,-69.512711154105574,-43.807006293876448,14.147297274810235,-83.35390458164305,-23.719311449319779,28.547195836900315,-75.601751984128413,-61.931917185400835,-24.391830764317611,43.577206913969889,-27.582242862531089,-2.75655060171733,60.815519138371322,76.624263008335063,53.243240714795924,-78.330571680506949,-8.5240964357941031,28.774529052040048,80.710421496849619,78.744519205411621,-58.479958255864425,-55.184193090653082,2.7871266504584717,-11.318437629152513,84.827738200991803,-24.617076400067038,-67.659295843778594,57.255001415874951,73.965996341687344,-81.598269415336361,17.13102828488924,28.461769382352845,61.698359987290772,35.100852493002613,10.568857509361774,14.438331896532741,16.819527835986886,-12.225391168295165,33.560301599727325,51.831470857833374,-70.009753027175535,-15.258933874048815,-32.713596479351594,-50.080693768072415,38.098771363951052,45.595087190616503,-72.080051502642533,-14.571645679324138,-18.523613033552298,-68.628718418246592,-54.289414815422532,-13.531530846150986,15.867535328042466,73.59146987530724,-84.12334447795422,4.63121983080618,-9.9709988031151333,-37.017193971459513,16.826076877485118,82.738247046676122,-0.88504796801171315,31.651524798069541,75.362302488377637,-2.778972140369139,52.234689048337586,37.545979449620305,-29.200918152500737,-26.288202621175461,65.219924355489255,-26.530786039876663,-77.57858585272281,-7.2585637797838451,-65.682217132253626,75.883940505199789,52.877941755482638,84.899187941570347,-78.911290525128948,35.541087075939359,-12.328033446909886,31.477947105470221,49.626062869179471
1600,-47900,2.0180326953535443,1000,191.23549899189678,679.07466641020858,74.058249029381543,156.90869430395236,105.17101717003122,538.4114701359706,73.919167312079367,465.59831480515095,603.22260012462391,380.15821397400151,248.73326476684562,324.96338982581011,324.41041197438881,84.294847382386905,503.19279662880876,508.66227412374667,92.347942743977853,398.95332833254372,508.55975894674395,302.60554690453898,868.22509270829482,602.35650505713363,267.66848051114215,845.37119280129275,905.41966902576542,460.73639104537756,827.15119936121096,815.92971094662744,976.79649462840075,101.63935546956139,665.83164367882205,911.38807956412757,394.90424898249461,831.71161167083767,555.85126147608958,589.84862957196037,442.25369597922059,411.10964239573025,536.67073355185755,810.65370354723655,700.46617588834863,429.53258929859612,375.50188954183568,597.17451558301457,270.95808767697775,231.20183669463472,106.06841600179719,180.28738677113,197.23369206015661,81.540549145964448,246.56975070863359,196.47901822628319,624.96314642498294,890.17935111728616,349.29266751758098,199.11603465338089,50.075901581945828,548.94030373584587,269.19893190438825,805.07380329183673,7.7419111475683167,52.518141535250351,483.92398549366033,888.75786586484355,521.3403818243396,913.85636652896778,484.88167476999973,611.89851358592659,138.0814764604595,748.48212016895241,651.91094867777531,535.86452715024257,813.50951921187573,537.89563916758812,264.07683360829418,853.72771274652973,279.60209383545333,739.56932031113729,93.136390235329856,799.15356109435697,45.155869544218298,778.84145130258685,187.74314007674297,677.24753273423698,667.87719468901037,374.91060930052817,821.1762052890324,457.25299553152524,855.64781667469629,482.16640384550914,722.73635411561531,13.898359318327191,788.80721572611947,816.58513193424915,108.21016182175975,721.54593469109614,579.86053880350767,174.9146737459759,34.82466117104488,-21.977113474368476,-31.02906088697258,-42.555188473016116,-34.678308515687426,41.842218298401079,-66.876990002413422,-7.9529984995714686,57.782571098885555,32.636491133756508,-77.986108075140635,63.669578172213775,7.2252562703801555,-42.396236408904308,18.424754437134233,-48.589992371466693,-69.630709227227996,-4.1961689140442662,67.77124615892204,74.056804133775984,-64.250057826585063,74.482619616796597,14.945287297072545,-81.573913713161161,-55.878149460542836,28.593595999215683,-69.85548643580438,-64.959113435109387,-27.1167959487248,30.942527633855782,-17.116086316631808,-2.4802340324106118,-0.50303848784103522,75.035449463496207,49.131958540795935,8.4700485744736014,-12.21201532866619,28.9111540914082,80.773713337408267,85,-61.925930474334805,-63.355357825811474,2.861439381567211,5.0919260042195003,85,-28.120655961021125,-73.271824548305119,-11.296103740063643,24.008986107169036,-73.387579062637656,17.489930372352763,-1.2611291872958539,57.656266487737874,33.483875473551016,-84.988873647070932,16.179999527832244,16.750652743573106,78.667766093271467,-13.423905467702824,51.988835579668439,-78.792045498106319,-6.5643615482075042,-45.059140631150385,-74.500844869460465,38.413262401219825,66.136233213036761,-72.14114531205,44.93493961182628,-4.1135759513042274,-68.579159605842264,2.7308766812032497,64.639275793197626,31.721252665298032,65.493885260405079,-81.936789622063756,5.4585662725107458,-8.5860624934849472,-35.278188252693049,-4.5860982168159472,81.476138745819298,16.138370900757948,30.501573731381416,21.561296359026709,2.3042686793617455,-47.079033268524327,37.403597050513426,-28.900124985108882,-44.844788371785171,71.492177135021578,-24.838757023581067,-70.35160293397125,-7.0368475445291576,-65.272372686256702,78.196895831839484,49.570885180541012,82.702268981469132,-80.830557262721754,71.620810020668586,-21.90518488385392,-30.267234177089907,50.932374013213675
1600,-47900,2.0180326953535443,1000,191.23549899189678,679.07466641020858,74.058249029381543,156.90869430395236,105.17101717003122,538.4114701359706,73.919167312079367,465.59831480515095,603.22260012462391,380.15821397400151,248.73326476684562,324.96338982581011,324.41041197438881,84.294847382386905,503.19279662880876,508.66227412374667,92.347942743977853,398.95332833254372,508.55975894674395,302.60554690453898,868.22509270829482,602.35650505713363,267.66848051114215,845.37119280129275,905.41966902576542,460.73639104537756,827.15119936121096,815.92971094662744,976.79649462840075,101.63935546956139,665.83164367882205,911.38807956412757,394.90424898249461,831.71161167083767,555.85126147608958,589.84862957196037,442.25369597922059,411.10964239573025,536.67073355185755,810.65370354723655,700.46617588834863,429.53258929859612,375.50188954183568,597.17451558301457,270.95808767697775,231.20183669463472,106.06841600179719,180.28738677113,197.23369206015661,81.540549145964448,246.56975070863359,196.47901822628319,624.96314642498294,890.17935111728616,349.29266751758098,199.11603465338089,50.075901581945828,548.94030373584587,269.19893190438825,805.07380329183673,7.7419111475683167,52.518141535250351,483.92398549366033,888.75786586484355,521.3403818243396,913.85636652896778,484.88167476999973,611.89851358592659,138.0814764604595,748.48212016895241,651.91094867777531,535.86452715024257,813.50951921187573,537.89563916758812,264.07683360829418,853.72771274652973,279.60209383545333,739.56932031113729,93.136390235329856,799.15356109435697,45.155869544218298,778.84145130258685,187.74314007674297,677.24753273423698,667.87719468901037,374.91060930052817,821.1762052890324,457.25299553152524,855.64781667469629,482.16640384550914,722.73635411561531,13.898359318327191,788.80721572611947,816.58513193424915,108.21016182175975,721.54593469109614,579.86053880350767,174.9146737459759,34.82466117104488,-21.977113474368476,-31.02906088697258,-42.555188473016116,-34.678308515687426,41.842218298401079,-66.876990002413422,-7.9529984995714686,57.782571098885555,32.636491133756508,-82.000289494649863,63.669578172213775,7.2252562703801555,-42.396236408904308,18.424754437134233,-48.589992371466693,-69.630709227227996,-4.1961689140442662,67.77124615892204,74.056804133775984,-64.250057826585063,74.482619616796597,14.945287297072545,-81.573913713161161,-55.878149460542836,28.593595999215683,-69.85548643580438,-64.959113435109387,-27.1167959487248,30.942527633855782,-17.116086316631808,-2.4802340324106118,-0.50303848784103522,75.035449463496207,49.131958540795935,8.4700485744736014,-12.21201532866619,28.9111540914082,80.773713337408267,85,-61.925930474334805,-63.355357825811474,2.861439381567211,5.0919260042195003,85,-28.120655961021125,-73.271824548305119,-11.296103740063643,24.008986107169036,-73.387579062637656,17.489930372352763,-1.2611291872958539,57.656266487737874,33.483875473551016,-84.988873647070932,16.179999527832244,16.750652743573106,78.667766093271467,-13.423905467702824,51.988835579668439,-78.792045498106319,-6.5643615482075042,-45.059140631150385,-74.500844869460465,38.413262401219825,66.136233213036761,-72.14114531205,44.93493961182628,-4.1135759513042274,-68.579159605842264,2.7308766812032497,64.639275793197626,31.721252665298032,65.493885260405079,-81.936789622063756,12.202035835988863,-8.5860624934849472,-35.278188252693049,-4.5860982168159472,81.476138745819298,16.138370900757948,30.501573731381416,21.561296359026709,2.3042686793617455,-47.079033268524327,37.403597050513426,-28.900124985108882,-44.844788371785171,71.492177135021578,-24.838757023581067,-70.35160293397125,-7.0368475445291576,-65.272372686256702,78.196895831839484,49.570885180541012,82.702268981469132,-80.830557262721754,71.620810020668586,-21.90518488385392,-30.267234177089907,50.932374013213675
32700,-65700,2.0220356647258564,646.08728402391114,9.4672298876998582,384.23074606898354,70.174983040314146,192.70518961842075,136.27771241257614,803.81576799792765,116.28610530819935,385.22464687778017,604.32435396657218,138.50955005573326,269.71842998661384,293.27810982752777,630.63381939104715,324.45736987543154,601.78936858626423,718.81790836986045,59.676675210238329,386.27406737520732,840.27604249879562,490.50919990109287,937.10035808306611,548.39365345190333,261.82128428239702,844.91493210483156,977.24234248747837,445.11339429314381,901.25594963051117,792.42295082531803,934.50573272501629,234.53527564880707,755.76338103317062,939.54513688778366,585.21597606390924,820.42888854785474,545.71763360685634,417.03887200454471,993.07225114235075,418.19539961923414,514.41530352873997,553.88129656624585,311.03362876623635,636.22624071130872,376.28726636830544,594.27173004248482,278.87311037058163,92.955158683314181,309.76533471798541,175.26830110124013,578.65102662458457,39.028935175285191,197.55390892379137,189.64908882413772,625.71466462513331,629.61557555345667,374.2166798254155,213.47700359470699,828.37815901043678,500.21126060916305,273.7839914179325,718.54436962836508,58.829241540660746,191.34233024219165,391.22780216993988,757.07477805881967,560.560538443719,887.38866850339878,527.44597195142308,644.61999548406254,139.52273815544689,748.5329465801691,930.6742576578406,452.4865282773693,815.92739334357657,172.66856233436422,271.59420303966203,855.82008471518986,294.76402573690478,769.20412257311386,592.50612624794928,801.74001909098968,418.10264455977028,174.93638119629387,185.88008443210654,744.70472288974929,678.46539594820854,375.26553164827288,797.20566422947707,481.50324356777389,825.27461552600244,452.03647693707336,721.65044202414686,13.409723348141116,730.69905715718915,812.61392693794471,404.76589520832312,711.06650606058122,585.56050742209709,188.35444755631221,42.135234268071855,-30.929645066733666,-31.181564750045268,20.204139387931285,-35.158420454411271,42.267697749445688,-68.927464785016738,-73.756250738770561,50.716283951843998,18.27496771450577,12.094472707055285,49.611093422807073,11.594901191638725,-42.344585408081564,19.480790532712685,-52.524416592384348,-8.9132998230190186,-9.2958796635262395,67.858823879963225,66.807992968348742,-77.334943832428124,27.329729973816708,8.2686130184064019,-83.523002408819622,-55.62833944570108,28.368294105529905,-66.318240893701386,-57.508694630007781,30.308933173797108,32.350998328340495,-17.180791183813035,-2.850849099084904,55.510259220583592,77.25016118502937,50.127944482444548,-1.5126375347135621,-18.687753122158199,21.55575607258481,80.588097510615711,84.643001879349981,-61.617664799614921,-63.351971915580002,42.566723853953256,9.86709032198209,83.009636397509212,-49.588977229196907,-53.659543221099668,-9.6306962065991755,22.816765954580497,-83.520601682739112,17.020104540471579,-1.0658111208224224,60.946998341183814,34.74100283251434,20.04993468183314,1.213773842884097,21.349733439242073,-16.42931245261677,66.711901054388719,52.285521388034319,-80.878533448387003,-24.732920727651212,-44.218000530868423,-52.667027119179892,32.969478065376691,-72.325875780737078,-65.255867994523342,74.220340473648349,-14.625481975328157,-68.598542605685665,-58.443476323065333,65.371760334557891,28.26474850874855,56.221737564882098,-81.886244055814274,5.5593107777114295,-9.4226989297927446,-35.385951821087623,17.668365928158785,83.749355218215612,0.038220728446857644,29.56734806172835,78.546459350649926,1.0921881915248193,-44.477312659540615,37.614431298682391,-35.939208786834101,-43.971706854277393,65.874742355245758,-31.760086128625851,-77.844667857797447,-1.204591243322793,-62.010888870093837,85,51.293079805566883,84.62649647459034,-80.310625085735225,36.952720493764637,-10.111233595850631,-32.140453237867369,50.362515774926628
66800,-69800,2.0213404011135374,23.170321979931316,33.790598548118844,363.58995036393111,72.787683665860044,153.96484463640297,136.28034714876327,175.67234268069569,114.22662907086811,385.87512415515613,603.67436590142495,369.0025047226103,288.87289017466014,115.28213870387287,649.90872544239596,327.48358683206277,505.47018424675838,723.08456553375584,59.423854028694585,388.79501514465687,803.01607570389911,327.03400071034162,924.93700177541461,545.59549736763495,261.74329221176106,872.98587638594427,943.42770739346383,467.24713532668358,809.13634015756554,929.4108002293251,88.967113611339755,258.06013922868294,764.37331953774901,803.46110308452842,271.76241388943566,828.18057055994439,959.10675506490713,933.71659504461752,948.55017441537427,410.92783001961902,551.14481287397962,811.06064750359042,224.79083338748268,631.87549566321491,365.40217222260077,597.44601668317,274.81004340520866,90.686379638102437,348.12208980589895,199.25731971844471,549.28104087435747,31.384275353381554,193.12972916223342,193.54717081790096,656.40313679807559,874.79221615731194,671.35793415597846,213.34387992989923,925.72755895704904,879.48885307271416,274.92108785054995,437.80972866810669,743.66815553739252,53.478987902661729,240.82789635325148,12.912660673078975,912.36765202660831,886.19567016608028,530.29186445178289,768.73275089348112,139.72517538607283,748.08680126115394,926.10443740605763,532.45465497671557,815.74484485633775,163.42362548229491,266.97671835018514,797.67673243399554,296.39170767955414,745.97230385777516,757.2718475520943,801.5713818273091,274.31913356169139,164.65573307854669,186.84409722125378,740.81976207110654,665.64624394303746,375.37789444418365,804.22056592046317,482.18633614119938,826.1533697755176,446.32519090378258,720.54527404266503,4.6207111045535294,759.39925193011743,808.98796537227133,64.560753381330073,724.68146878813513,565.28797022357901,204.32513006510334,37.37344020393801,-31.203603198724107,-29.635886604214797,-38.38871057086395,-37.323961505150777,49.301413425989217,-65.629696763378519,-68.486517196223758,67.113243922733275,31.106137641923461,16.162958635879338,66.502821730654048,11.112595385648579,-43.901881484695721,18.691322617498159,0.74212120431167961,0.14093024635428719,-12.609177472358406,67.413248530314874,67.012529211662681,36.275538210984507,61.726177701172688,-44.908359485777758,40.999380451004157,-24.160716437223495,34.618976736196103,-66.37404944172043,-19.121643777854182,48.243468006712142,45.130526850269213,-16.897683177118608,-2.9207431479213946,60.608693730546271,74.95947002540143,69.118037210488964,-1.84692690248486,-18.752103688747088,28.976035897035771,80.286803963939803,-38.218203646504151,-58.478403010635674,-64.657849995783565,42.407172814030801,5.2236325181727308,-19.174821613601303,-28.485834725535042,-55.614532953844979,-10.557797763680878,22.882056723687452,-81.640608081844221,16.713201564500984,-2.3597378974455996,60.484844899169808,34.428806621870436,-82.662525470029991,1.0499979998549906,21.302089527650079,71.231892491950873,56.347293720860719,52.306936947199773,-71.406875723762582,78.529231186544294,-82.084994143695141,-48.884494691670106,32.336164742775765,-73.649083785984971,-65.441938146569868,44.532469266002479,36.723927042244171,-68.614066825720016,-59.931782844227577,65.325984801528051,25.807904632413337,57.04324980488348,-84.120204610237678,6.1968273116371702,-8.2059362765064012,-34.257755947743021,-9.031129555079028,81.902255629476045,36.017185218502291,29.570089388772274,26.9036415115363,-28.093478030516032,-44.274411270163114,41.156692108511692,-28.948850442147958,-29.502337642401212,67.097885503247696,-31.703733209183468,-69.631410158004229,-4.1163111077946413,-62.232671402984586,27.709723455593238,53.214168146921502,81.658786407109233,-82.698522325496555,36.989716041020856,-10.272188571897017,-32.067081958084316,49.102079299215141
40900,-66800,2.0219804920359792,407.04200632587066,173.30660696003645,662.60750682219032,73.318565392615795,197.49143965216791,132.01698826765113,749.45882408576153,89.699173356935148,373.59397128239408,602.97281229550822,356.15034840535969,152.25835611733442,307.8326139175573,607.32904905066141,110.94290003721565,503.15420843637759,706.85702320436906,88.634742970501591,391.05255211662791,860.80545455013203,309.29978778886749,867.46136221142729,564.02881223231986,267.99423470813417,872.45047156786075,885.11417692532132,519.03296215335376,822.82666941464447,798.98016689368126,957.65962549028018,687.81474615791603,747.44301724308798,897.07607743114386,348.13684499104534,832.03308369747811,600.64049758950955,911.17771134422878,392.43415737410157,431.66931370067192,563.32133560527859,802.73045558453566,707.9332869794813,635.67757464331032,754.67541645082804,598.90734374873989,272.38604144841514,210.3444887601475,115.98221059829409,164.99449267874257,84.621031064044246,43.681771031335693,165.79749718950632,193.04018556622381,658.98657921719087,627.51386243446302,652.98384702133512,209.17548753569938,58.108813404481197,891.96051867630354,274.31819244192809,508.868827295139,82.985747110838844,24.505381280074147,269.27528921497822,811.13559346687839,814.79731760102891,968.75509778212256,528.50622496581775,630.26774060351545,139.42506752971499,748.40966969469423,934.70654837396251,466.27232117493105,815.3188241290535,191.14935840306322,268.2724361568109,806.44710598532799,320.50570403074909,647.15997620015139,18.249297918612683,798.80368564746345,273.26126209406135,266.76073897751189,186.48029150956091,725.2635832806161,677.06969024495049,375.07961395886082,145.78827360537008,454.56848909576689,829.16065310561214,487.28130419862862,720.63664677582312,15.99973831838822,789.76821984580192,805.41035074972604,80.735383961251216,821.57657896824685,587.55630010465211,192.93917160406056,35.427768705772465,-31.370998253021298,-34.692545547388967,-43.457509871936601,-34.87862101136114,41.712147208418614,-65.017737966429991,11.075398883223421,57.286272109412138,30.083026555434241,-62.573440637389076,66.971792113833601,15.073233751801441,-42.564488242729674,21.54811644877892,-50.322374277734632,-1.9722498117090126,-6.6574350729823033,67.441626185977356,-30.786700769648927,-69.78716713715599,24.695962755677094,11.641228562524663,-84.671692750429671,-27.098335657527848,28.849307547735219,-70.178273443174874,-63.58876374838411,-24.627809180185281,17.48350851572328,-8.8807299431356199,-2.4010738738880879,61.022635875455443,76.660674731261096,53.192516589537007,-8.2101255011370284,-8.6378958092937772,28.668501953200188,80.660090745218611,70.57217500869443,-58.900438338959013,-49.309553028778474,41.941315720309611,-12.161289449694998,-5.2917617934228716,-49.387414914139555,-68.797698634726288,-14.164855452779889,23.084416137780888,-81.501368939987884,16.903875866665398,-1.2218941122428095,58.233431206402912,35.042228562449637,20.267394875532638,15.077552106270005,16.752853549004104,73.800391401366667,33.682497798817607,51.549649985406269,-71.141546714301384,-18.939450572366308,-20.437169957955593,-49.949285413916101,32.151831096801423,-54.87012166862722,-72.094075812122369,38.853351727688562,-4.4633403171020012,-68.57794742963334,-51.476300536970712,67.394481184769106,17.363812468403491,73.451925774480486,-81.905459194695965,5.5800132784535723,-15.979870759184706,-35.597291300784228,17.26803889341798,81.841578122647775,-3.7176723833636265,29.595907007764925,75.162860789429232,-5.3681678872115821,-44.214741401072608,37.535608135653987,-35.7968060784847,-45.904519757296555,65.177549477607229,-26.653971947110172,-69.310689902339661,-4.0951840904467858,-61.972212011717843,78.8001749931923,51.406330517668039,83.859684814139669,-81.195279643056622,34.268484418763087,-12.517986733679898,-30.414491873286856,52.155124781084169
7100,-63000,2.0223506983215183,1000,187.37233422770532,667.24513401758259,38.872524975039582,198.27470866304455,107.99203893666808,110.63452508531145,16.058057423728133,374.08543338970611,603.02553923293817,376.01919855658474,26.251102018736269,50.408519887776905,603.27192547386767,105.04518599193686,615.33296665717444,488.18643047320558,91.42672503725349,390.87925271913855,859.09513126103798,553.39164881818135,921.11279283497879,553.6531513958621,266.69363336822369,844.34156498299421,63.941435853339229,443.31503867458264,852.10898858308838,859.26942837929312,922.12556973630649,694.50701711516672,684.70724989499502,946.38121624724124,336.3330007668219,816.42735089606617,545.33978806535208,911.89026410701319,928.17841297401833,447.80990365398259,512.50421894589238,810.70296738834054,662.04126830082055,664.70523676819869,388.95384848671785,594.39634654887539,259.33384104973999,194.53551374996528,310.53612849321109,164.13653475450189,213.95239135953261,45.46238932434818,217.64677749101344,189.66258796091265,658.01162301685963,884.53539061342951,347.47313873148875,196.58526739580861,948.59319266276736,875.16386774971261,274.44084693043681,792.2829920490982,84.0928953419442,544.86008862233177,296.58204304667015,828.11618921299828,864.44032594047326,916.27283263952836,487.69150619635519,790.0401786783093,138.3936183691587,749.82112306474437,630.95210378308616,460.75775690835644,828.388278705316,669.24403693423903,279.85786683107091,865.76357587037899,290.30274232662623,642.13505936701722,726.93022760424606,801.84771488129513,430.72008858297977,761.16568446861334,184.21646091075272,743.14513410210907,675.90912566357724,384.61515934718568,784.21108304083964,455.81576181949532,887.41766896496688,433.98040084144861,740.46608386351329,133.12598545766389,792.37968135075425,806.82966156789485,85.621562906448702,723.5231101584684,567.44690278230178,192.73157028337505,32.485647868009643,-31.212964427382239,-34.561787441195314,-39.786681539437851,-71.62581372740317,49.662132156376707,0.88785853667653214,-73.048004217755036,41.150253183413483,27.342658688231158,-76.772484865407222,-46.565916408947537,13.554930775246318,-42.341673334583732,18.158064189748952,-50.392391985278877,-55.500567919610305,-6.2634402940643863,67.756299327485607,-31.253044601227746,-65.029648172545649,-50.571404675273961,-47.963751924835066,-78.655502788768175,-31.418103913474386,29.098382111162437,-75.357678854564057,-62.474006554195995,24.713264247550484,18.718619619023496,-17.705820692140573,-2.1892204929899792,60.030385022610965,76.621122897555054,52.370370309717025,2.9962940292027653,17.327669828965689,28.042013433449043,80.713772667606477,-33.955093690508917,-62.364594017765356,-72.01552799893453,42.651621481287258,4.9258100554978919,-19.332190182936774,-26.952579520543424,-65.84860039104781,-21.785043917528427,26.065192396831449,-14.755520679556405,16.787503913098654,34.392904156609269,61.662301437035509,35.129450556761405,10.324990688341927,-4.5911351636926536,16.828668424382208,-12.248643168026856,29.585827555755181,58.772966389386994,57.421268661557122,67.591385248002254,-31.899718979578441,-29.495716311211474,40.436013564165627,43.762039290531902,-73.970502578146608,-17.813526708868864,36.893217586353671,-68.6197458903045,-1.5243962926724901,62.640400501218188,-40.597711078255401,71.320086623092976,-84.004371190490474,5.3048766811020025,-8.2723970267381084,-36.659788567564206,20.64683914836651,81.266161375009077,34.858313636180654,29.887477449932902,27.682940354961211,-2.7749061024296982,-49.929032630860398,40.855416557596484,-36.456715316345004,-44.971229874431643,71.439735268093457,-26.771069994962602,-69.05783488411987,-4.2104850974584629,-65.465961201124259,34.097405357661842,51.27362758116324,75.974500546862458,-82.444163184944571,35.48735908673244,-12.312387683361774,-26.61558507350885,50.403213730828973
6900,-62500,2.0213677276943312,1000,193.9755011981668,349.20261669076064,67.209636295814533,189.65193233452402,103.59833590992744,792.84625787334528,313.68396628538915,368.19909204075282,615.79826487448418,366.74755427561252,138.10134589156067,285.46485181781418,323.46167445387982,82.861787332273408,525.90845244250409,705.70372924012258,93.848433196036112,388.88135988514057,858.46859424631532,320.12875457802392,872.374159255054,603.84121964320082,268.67154995221415,844.66416339915907,81.293239870933576,440.86978809525669,848.44946516934397,862.37098692270854,255.54234007114275,275.52227635383974,119.03096826015876,96.861415217675756,347.01018195963479,832.65595777643193,77.818082741234974,617.50979321006173,416.8218644751334,447.57501945577712,674.71717436421488,820.87853161662622,690.76587433804411,637.32738319198279,379.13369500885972,598.06126020463626,260.22002253916133,205.15764596200327,300.88489888699007,164.79446361210222,562.64044713484259,51.792390118390948,233.69493708370118,196.35074635213556,627.04586242039238,880.52593629803744,347.45419064172677,211.2191560965106,215.12587628271862,865.13018611039729,269.00564733854583,783.15138670773717,99.545044269095058,41.767099509094081,467.28848976619412,880.46542076784795,895.29793155977211,524.32311179061116,517.30474698955766,815.50813666535464,149.03049344155738,747.8638168431554,635.02798130065889,458.3371404465816,786.06712255318394,543.36772805617022,312.52197448366405,808.41979024251066,278.71812435121649,766.26235765762226,537.09904388159578,799.74676558544149,428.58751415522244,246.46454554408024,186.73612342230027,703.00431182632587,676.90653371226733,421.38964092858362,747.02666532213834,455.13140092983775,826.29031773978215,485.08834134032867,741.98114424686491,17.14563288528085,396.377873507647,648.06431944926078,439.51158576125505,711.64246170039723,587.85005505234096,244.92167890624705,80.828160240523488,-31.067243223919775,-30.968780061309456,-45.41296458571199,-34.464172052571563,42.191888185417639,-2.5143138944708197,15.811195897513752,57.587078434613112,31.044118779808102,-73.575589977362313,54.997107677187309,9.6186529237659464,-43.109044950198054,18.190550243679784,-48.734538522241948,-56.881666934033937,-9.5603719332660084,67.877437272953387,-35.404194070480081,-58.526723989148621,23.302486150776513,10.652275379427168,-82.681950138007323,-55.197594869272208,28.865077910935412,-70.861729474352657,-26.043328845880993,49.929677745178253,35.002171534265173,-17.560927258260445,-2.4836287174136147,50.890838815140469,74.827726063334453,55.128461301709024,-76.569553040552023,17.063185248954227,28.989590235626149,80.712537735925594,84.925960432027807,-59.910726428911339,55.878714052201154,52.793728705757445,4.8759499425283748,-7.3531309291748386,-25.673889069613033,-75.672342373450704,-9.2772341994032814,24.680471143938387,-83.0599696484568,17.12069037585826,-11.513695578343818,61.536814938493045,35.056516741106918,-74.858603753471115,11.642777440761961,16.78404665069413,78.547226270620058,-6.8197546515901104,57.923875577193101,-69.459192243393503,-15.469779277669364,-80.258959412487485,-71.370175502108069,38.235043009639483,47.704220443650925,-70.034368059964123,-13.66577895174175,32.803195232144795,-68.623698916264345,-55.407365415691466,65.143862819642294,23.214903539615463,64.942584384693745,-84.096434724125885,4.5583287443921918,-9.815711239031037,-37.114876264393452,17.718716703934597,81.654010752588903,-4.1376755286612639,28.924558365942136,80.355503751015192,-1.0704204242348949,-36.320458978248404,39.459264658094128,-28.894180865312524,-27.318262291279758,72.027509488457014,-53.607207809343429,-74.616867425091769,-1.3439912722113152,-65.21854417732024,76.426067137815764,49.551283860065411,83.896778638028508,-80.992938204514701,36.070928649539461,-6.4202014835373973,26.645813673216722,-72.353758478860982
56800,-68600,2.023022160756121,211.34493472722727,26.362005373062047,699.01636027976042,72.464444043862841,155.45217396137724,105.13652665957078,265.76538639497926,108.30370052805122,372.67671040401359,605.71076917577966,149.80445293498724,290.55347319401756,4.4355058323763039,348.75478927066206,313.69594260569488,508.44150713263912,510.23639540632939,474.16035082623705,423.92177262640143,509.81487120473719,284.31236634255515,906.94664392545906,599.78006252761725,267.93396706253662,843.84064133663333,47.674612080918621,534.25592659515974,76.725052504798896,694.09038404071111,71.125114793578859,281.41907250397583,808.97111152836862,898.76883491539945,349.41401721170246,833.19437364337045,482.20545935283269,465.6892839864762,432.28874540794072,424.70333142719034,471.19848392224981,517.77031978279388,690.6376174790264,636.31008877015165,362.64076096843525,631.86242976012954,259.11570379579149,164.49588242953402,333.65439147061397,177.69929295660219,72.028954005211801,50.725709843184333,806.75579773450079,202.90643700341124,654.2225232669806,890.45155814181066,351.45120397061612,212.55504744650415,861.86184395029431,523.30084618613682,274.13396173929937,489.47243052826826,938.01764616719458,55.590338044536502,461.14536569163459,793.69942187929587,817.92643583758775,511.60563867245924,487.97868239566179,649.00220564504559,137.4862627130228,749.78947436889291,929.23979967177218,454.11294167916202,825.33913391041506,536.90013979213768,191.34853621753626,802.49862185216011,279.74109125692542,744.21047242831162,125.82737899502189,798.85447161227194,286.076720807166,192.72545976484105,187.59189506760194,663.41235912266427,677.20238188165047,330.13150936337109,779.66402267549097,456.74739494994759,824.32662144643439,468.80294424261137,721.59270767127566,13.131384131067955,697.49538941297646,805.30902366823727,408.36108944361558,714.88408449742872,564.91123742426214,192.42260025498265,193.00370395102271,-31.566819271581206,-30.16916908169798,-36.484572384554724,-73.363798262697514,41.926136625217183,-64.02711164861374,11.435187638730266,49.758387755537647,25.986281306003512,-68.412628761687643,62.203069091910265,12.838344406970959,-33.085132558559387,18.342929722031528,-51.609839708804486,-12.939671918260341,-5.4637645802330805,67.622609381627498,68.757610946572697,32.614905381173699,65.181608486088265,9.8625857053717851,-84.747606288045588,-24.929705650683367,28.873179555000196,-74.84141471326852,-63.885668068103385,-23.068910461467745,35.604182956687026,-17.583374273968744,0.50260625456058072,-6.729316900175327,77.053066797206341,63.989235543427419,8.3123228630874806,-17.925561232476305,23.445449225148874,80.806406661526367,80.305620617418427,-61.742990101020091,-55.778674790401233,-2.8606344858238089,10.048663736343663,79.822543705000896,-26.223421172720606,-72.940427979737578,-9.0720769875346612,26.767064772111492,-72.319133229760041,14.538098273616228,-4.5887576346441659,61.120399172035327,34.433367673253969,17.041763851639942,13.076046703628226,20.899467612872382,0.2868132292393355,33.296816735715993,53.826964218319659,43.814590099160846,72.212985902364679,-17.35073906801874,-44.350351808064019,38.11710656698267,55.532718987383973,-69.827083443469022,51.71175522860257,32.214617089077095,-68.592616471652022,1.9319539944448225,64.345217222421425,-43.433465912166703,67.196111430117838,-84.077609620997407,1.3334045131188672,-15.646247025647643,-37.36742893764589,-4.9634074800204626,81.938773700670978,5.5405390927235976,29.104829787720707,81.401139438820593,-1.7887121411151092,-45.668707364985238,39.684846867332659,-39.255208409181279,-24.231663567125331,64.238321393785341,-26.866100542314747,-63.681547498383551,-7.2956001689979875,-65.236240014295561,26.677657046389534,48.86073384908358,73.66497960788503,-80.600254191447618,37.013371918834416,-44.103033354019082,-28.442623379411472,-75.46083219146756
16600,-63900,2.0175820354057059,934.28901674480778,14.09998224686872,675.22803292190144,72.734450801875099,225.49017147976559,156.29807036162518,757.29783218338309,75.359426855834357,372.54287027063458,618.52959580934908,351.59569318196958,78.500803046848645,3.5927398514722624,68.510040641994578,103.519952350501,534.66868630229919,692.10881936719386,71.860177412681082,303.49597530200066,795.71224340014976,303.93907634659257,915.00606697949581,564.30236852050552,269.47333544349704,807.80783773476662,95.734176829290277,459.69037276764726,45.713894719449627,679.63488961345661,973.9104533079925,274.19368927479547,20.959927610079834,912.27752763598346,339.27036369003895,833.28107391511242,569.49707772534691,468.58431837290021,415.19027761669804,423.65244250123465,538.41232438989834,824.23635336905147,705.90595348979286,666.02271833894474,781.30486729250401,597.05523266819762,271.04311929689322,231.38596187084065,41.355709001419129,171.68344880224856,198.48053756768061,47.461692507805751,185.86428720766708,197.63442748001313,623.4797845533202,605.17624736202561,349.48790502144715,217.98910744832182,901.5773490287429,542.38596798035132,302.27285376892979,754.79311251774868,952.33159732710146,52.019500744102317,663.94181027039588,805.19467149365153,884.81170234687204,914.38362797877005,545.88994105104177,635.76435754193858,146.49090515602654,748.17991480116018,929.42978017726921,498.93517644634699,814.93699620109362,163.01214036205903,281.55395036130585,855.37922476155234,316.59503742416939,742.90459990810336,572.43964038956642,801.66833446158216,275.34709700672443,821.09785245483556,186.85824747478023,681.10626821600033,676.99860159939067,373.92472432097736,713.26288671798807,480.32053529693923,782.90988654578757,448.38675825540929,719.87870203591035,12.980413319198245,720.68321356986689,678.40393510333683,89.008819258368192,724.70782445515806,587.36502159005488,176.9791344412383,34.80221425707429,-31.522998616360503,-29.875066578372156,-39.627792112047125,-33.859508507022873,41.647720488426721,-64.718355368030245,-8.8258161536777067,55.484405619627125,32.390843429779828,-61.611467021855425,54.826378181967037,14.388529504703891,-42.390104151441093,22.176177487596593,-48.710199176010434,-71.170573480682378,-5.6928180882722392,67.819980976007997,-27.303147913803919,3.2754896185835207,73.429007198127721,7.1687379079580715,-81.9234384700692,-55.537284082958976,33.803977436487664,-69.726900368698708,-61.098502464779152,-38.171370681604877,30.872197587286113,-18.035634659865188,-2.8674293887994344,-2.8352243858181794,76.265790553724344,72.076390573530048,-15.848235579847209,-13.461979521999918,21.095456580165873,80.745060975082438,-44.235551383799226,-58.246653133094981,-48.128223794252733,1.1017325227555721,10.322400617137118,-31.530791845916553,-25.826646572607874,-11.154645707753573,-10.015643232497775,24.041557373578605,-79.225048914821073,17.149987590971705,27.489825995458602,53.936203942829174,34.039531888983838,24.670104677887988,11.860645646313586,20.588456795099141,-26.554258118466791,-9.3386535516480897,51.1551402664101,-77.990919129403125,56.116281608463424,50.885420572321749,-44.4223165711227,38.044756037903973,-65.048484807531423,-74.057257808281761,40.776850918260678,41.153913889943908,-68.612537157990602,3.8239122853598784,65.828843655505011,29.48343256958092,65.449180678594288,-81.870267025503665,5.2925266490588756,-8.6356501020318994,-37.341538973060068,16.073176588378175,81.347823161421843,15.270296431124489,29.130537487680446,80.281961062707538,-37.731354931413335,63.883191612991659,37.332569792006836,-37.399670961663134,-24.940759203795452,31.772549865990214,-34.485093080137787,-74.9918055814599,-7.1879284425483529,-61.435100273660908,76.394697122715556,49.569661915388359,73.720397823242536,-80.56376258672428,69.759763091284128,-21.960726537637662,-27.223751090538038,-80.539511626084845
65300,-69500,2.0225078638249476,59.255096123169508,24.664006967500686,683.83951869917109,64.782552268149061,125.85545642245201,136.51941176714431,754.28723187777496,77.587556162949852,365.68046525380169,617.74000910958307,368.08663167723648,289.4100501013744,47.815342069917122,69.350470238203627,79.17713380849365,491.99564521920888,533.54562145964655,75.847496879356811,387.71560974354014,849.78216296423363,549.06260859707879,913.37130771390173,532.47626181223882,261.49283887188739,871.16862665773954,73.888408383996421,523.36842838063353,824.06213674363835,790.87146798091783,78.588105706913041,656.8435798621399,761.95094819413214,895.00385473435631,341.99636392345161,831.95243426087086,611.03634829801649,475.95106799290238,469.6423698025406,412.72651875464493,566.3355627764696,555.07410303223071,682.42880214389731,635.45956459025422,372.92019673561879,598.21731083579778,271.29249663529959,180.86586884493283,322.76670554237711,172.18930570579312,557.18383387544554,73.523714544977068,796.46669562202453,203.12633752299692,657.18845838468587,657.99497943247388,357.16432385482335,208.09221451952632,53.361232008981133,887.33636652451901,240.11722579975554,793.48756521659061,27.421300677188171,58.920825884248643,256.94199159616369,713.16003178583946,821.69240962970923,978.36543945798837,528.52611500444004,765.21574080347239,143.8527385280627,748.34600481062012,936.30220762446311,447.15810610108957,827.80180115705878,159.35433500761306,282.15743619807466,797.98150931803855,281.87893314805581,648.04275246195061,71.270904943455776,799.23605598329368,276.60488028666509,81.782918444546965,188.89573342706851,725.40503545694708,677.31566594857122,374.28116259770553,140.46947189809845,456.64460074062958,886.81351138183834,462.38440028317206,720.47945394273893,17.092287526715474,789.36780654951349,657.20493328912448,414.88802554020651,834.08520900682481,587.80378429393522,192.35040770576046,37.166020663631485,-31.374020857530908,-34.363109365399346,-29.838174504004925,-35.015945932490531,49.570777980458629,-58.253218410204852,9.8878071855801295,57.357125695533931,-30.3036557382278,-62.138096049348775,62.361952255561626,61.799076398060279,-43.778451199656388,27.318520188856187,-51.603201405600501,3.6844206794540444,-6.6209382384215161,67.484801844909512,-29.23578064860234,-74.632801396672733,41.933605036816601,13.389519294102577,-84.669190004226081,-54.235153040675705,28.853236944386857,-66.522764318389505,-24.254529571197377,-26.030029896236982,18.417194076555532,-17.054925985023935,-2.5317560762223694,51.062011720556768,76.43944038693742,49.347086237626257,3.2598045146403933,17.219195289486784,28.672410892184335,80.660399586767369,-47.351132078819319,-62.01430564833386,65.777772827282448,42.086482101287174,9.6986459169109356,-7.8832103642979261,-29.595053281299549,-69.871898667030081,-10.560415315309678,27.402356088906391,-80.888169156985199,16.888036306428067,-10.432890853726994,61.772052670251774,35.253264789159722,20.923263012344982,11.447251725557336,16.752662630388709,6.0599684447521085,53.762711787425289,51.036868751593694,66.754998118009738,-18.432245470476268,-18.00812815382001,-46.144163496436775,7.4322575200749839,57.253872461207465,-72.545890569928559,47.175057269806729,-5.0423144960985837,-68.567769739176782,-66.15351391391593,66.257477352318759,25.962756023718281,58.119174131965785,-82.969682465708544,4.8510841085950656,-15.72426812633787,-35.614055909275393,-6.7270008764986571,81.867625730270689,4.5782566590670228,29.964277543267542,46.074719878453806,-1.3389301091568058,-52.191496754821571,37.120468939890259,-36.348852933630766,-44.230241680723843,66.237548816539046,-31.72392967561613,-69.354289314719068,-7.3925746334178823,-61.942291382796149,78.660549244725104,51.374108108220881,74.8800916873017,-81.081909252731577,36.948753313159187,-10.27729641831786,25.916706037083422,-76.228859771352717
51400,-68000,2.0222837004079803,303.55796619607275,26.829690445861456,693.85486607280609,38.765127107654592,198.28557841153503,157.86074238670088,749.49359500439095,21.456517191875932,373.94402510647637,616.35180371651359,161.1895976707508,163.39790123547226,2.6787702572577956,702.39334756312292,82.778123870675969,502.23189114831723,708.94410899898003,507.39998386790688,389.4426396340055,860.51573195310527,551.8035953218274,864.40884047924339,524.13927686897546,269.88276886858063,872.59988801496513,883.5102940871086,455.32084859288767,96.774411865980539,890.66636026367985,986.80547849145864,257.30087818290554,787.60938383956739,939.18362648147854,345.38806153731565,832.96576600498565,199.56046783157396,897.92656899124222,390.08101950721851,419.71157511368529,474.52612677203672,529.62743895716665,707.73796210451144,655.31903650284869,364.11528107073968,598.57848964167363,272.37283315506875,166.43078470620401,309.84936477920616,166.57737329812846,573.65978553403829,44.225740828467323,169.69943988904549,193.11950762715227,656.76475059587983,627.99373868992279,651.94371638379016,209.63379675176847,204.43803587118356,527.97666567328201,274.89026878769442,430.09768871713112,28.23395389938905,186.28760044383094,276.51390500698585,147.27103471447521,912.17878081959191,430.51274587725504,528.82363594655249,638.83912254112067,73.785467503044515,719.67484655486828,643.24280715293639,466.20121832847252,816.18744871375532,132.11090354783013,276.76363222795209,806.66375523811928,639.43404252042626,738.93760664329307,616.84549872073762,798.82555563695132,277.84302531785033,176.63751647605767,186.86285601117336,738.99936398611237,668.02702047230241,425.85906734931979,143.15524694098491,454.76282175149368,817.16644510047183,487.14704610898531,739.59725157917683,13.255858949378357,760.44739360059771,670.08918426099558,69.561777614591307,821.12392166999518,579.83818883438289,193.72084009811698,61.102032787650387,-31.16107012867861,-29.613274687210989,-42.713388570814672,-31.052466612889166,49.667561787695917,-64.807444053160438,-77.336990281466058,51.138749669451691,28.484275925408507,13.436559325981918,54.353608850952661,12.771343476583851,-44.085867511563407,18.218634900753916,-50.323584442777261,-1.7480601888247316,-10.706775075881982,67.891059327035563,72.288849866371251,-76.062011844181512,-52.454278043119899,-56.383942620832578,-73.628943901987881,-57.050156606606713,28.934099108052202,-70.730155665380011,33.835086001888087,47.967134318175184,39.316494490930765,-18.040753210218533,-0.16186018273908265,61.062445642498076,77.111826613093498,51.498053375092951,-77.511495475118551,-17.384801630815026,28.330499719885903,80.940682596195217,-52.311592670290935,-58.905112968705097,50.738840385070176,45.660481989730513,5.0700143037310337,-5.9526696984084539,-49.530671952819638,-56.04921045573672,-12.269889989842573,22.718711130461482,-72.29241924336209,16.752673923692644,-1.6438775542544395,58.03003351615758,34.414075649998459,7.9712370683667615,12.804333874489977,16.754908704249804,74.782686834104737,-7.3390009986876414,53.530362244296889,59.914574802752036,56.600674941506391,-18.860150810579029,-44.19409748475907,31.744037869789253,-70.778017086586829,-66.497790408938016,39.799986379544578,40.347354004918152,-68.610356778322199,0.52908758185882476,67.623348132788252,21.292935953973629,65.023672152736523,-81.911432632085521,-15.061748628704924,-8.5546742644752864,-34.686149563281319,17.320262218038181,81.339067709975367,9.7563431724164644,29.589943995211264,29.439407711101083,-38.767741293162999,52.865686735466809,39.640240500710007,-28.154704158203895,-27.60547144680158,67.348196460711293,-26.936487246112986,-62.289960541810018,-7.2575730297205672,-62.173776939580172,31.128762072192718,51.341585875972171,83.962081337447415,-80.242676132213603,34.245502908384623,-6.8289939392179813,-27.712597112617715,46.218210766897101
3500,-57600,2.0176221765172118,999.99999972818682,193.38864892704885,703.54223494600149,58.91381936223577,233.14614630637038,155.3269348528313,764.24379866128675,114.35722028699362,368.16924629063686,602.509768074156,367.03921150328364,41.552132786254489,286.77222497967421,697.07208454016882,102.99366644815288,527.25779178020753,699.99053890426069,93.138657472893229,390.91125007211218,794.94188045676685,304.29555820076263,870.62198099391674,595.28537056553216,268.72487863980092,809.75090777564992,981.36233602977313,455.70170179346604,820.04290243194259,698.05836288005025,998.42146349715324,286.84750076452116,194.4930594259622,909.83510307346296,650.35282865120189,832.81840809487915,552.73816754880716,592.87796967015129,408.44071848206289,446.52941129456673,537.98999310861109,880.43166739174376,667.88913854760426,663.70516989719613,376.76816796814774,597.01235444469285,258.92939644614472,216.00506861814199,109.99244875075931,171.68991789039143,217.66418328039211,38.242311285639438,1000,188.98612893054101,652.71217037661756,843.67338349109093,348.65268074986653,196.5037319265482,207.80203615981907,535.93390760505565,304.24195813552632,771.89504391987771,975.59454788859364,56.816484576119215,665.03862538485055,803.34261011320757,535.15062617956926,942.42754095096393,517.02735905637667,623.75972524873612,140.98431564597138,748.15913856228792,923.25067865252822,498.17424425771799,785.17903695710959,627.61572350422125,279.91864902251001,855.74058376505013,301.92264888729471,661.11781262496527,563.31971280017046,798.78307655873346,344.700942540749,809.14509047378942,186.89901168152389,680.17041684549235,677.33749067982319,343.28887896895884,818.45172674490709,476.86544606612341,856.38948407017585,417.59929077085832,720.86774522942108,10.184800516793924,430.40912616145221,681.2713268017211,93.826371908003495,724.16934183659112,586.82618697383623,194.47378124830391,37.194988108414094,-26.101946106211887,-31.100727694846338,-41.372486988983994,-34.244023804830093,42.429104978548871,9.6366136969044049,-7.0775239265056911,57.224082522958469,31.949908790958094,-62.20780187514017,56.016953309608972,11.002314961309356,-42.35534068445137,18.447175531468961,-49.764003545185574,-61.377744318350665,-5.7082005269907192,67.681071532882186,62.526314698587242,-64.384792479837444,25.40559804713131,8.8886015992713521,-82.782886288473165,-30.778882861917999,28.440814654362768,-69.883765602242306,-19.166607542298539,-30.935186796106478,30.632678678992562,-17.075490609626954,-2.8751477196841817,64.818545407949898,76.555511127191934,49.950418880030767,-81.240868961483443,20.642588396369614,29.196787534528497,80.743331232655635,-35.967503647106611,-59.897272305784547,-48.151942671976279,1.0389106984433853,4.8738729949399193,-9.1584899243275117,-26.969590668236226,-73.759698004407255,-12.220888962805912,23.812518757193097,-79.209950276019725,17.131019996321864,33.005945946607497,61.59017588066137,33.778687050868562,9.0695512166365369,11.938845359649978,20.642127476519057,-14.84886572768869,67.719128798853859,51.121756955697016,-70.339104569108997,55.122059517267935,47.682696077155484,-53.706038379495865,38.02748313823551,-77.120516216837601,-3.3014473879718764,41.889330323533855,-3.6050467560133299,-68.580361488713507,8.4006415927562816,48.038585847986901,27.721843751987411,-21.543155314120053,-84.010509011414726,5.3182632204757239,-8.6391678950825561,-37.077015814872397,17.570869410064567,71.299291389997393,0.11558001748669255,31.695970077770795,22.683985404978653,-1.7174669705723851,65.610336240163946,37.33009110953234,-34.492299753989698,-25.393971328276645,72.673595483459479,-34.359918921768141,-74.777549831802503,-7.0547025077199725,-63.588522358077768,76.548748014540323,49.441304841471897,83.72155845333964,-80.902963110284261,37.73846793891606,-23.629578382234872,-32.197144330164605,50.087253272182352
