f0,f1,g0,g1,g2,g3,g4,g5,g6,g7,g8,g9,g10,g11,g12,g13,g14,g15,g16,g17,g18,g19,g20,g21,g22,g23,g24,g25,g26,g27,g28,g29,g30,g31,g32,g33,g34,g35,g36,g37,g38,g39,g40,g41,g42,g43,g44,g45,g46,g47,g48,g49,g50,g51,g52,g53,g54,g55,g56,g57,g58,g59,g60,g61,g62,g63,g64,g65,g66,g67,g68,g69,g70,g71,g72,g73,g74,g75,g76,g77,g78,g79,g80,g81,g82,g83,g84,g85,g86,g87,g88,g89,g90,g91,g92,g93,g94,g95,g96,g97,g98,g99,g100,g101,g102,g103,g104,g105,g106,g107,g108,g109,g110,g111,g112,g113,g114,g115,g116,g117,g118,g119,g120,g121,g122,g123,g124,g125,g126,g127,g128,g129,g130,g131,g132,g133,g134,g135,g136,g137,g138,g139,g140,g141,g142,g143,g144,g145,g146,g147,g148,g149,g150,g151,g152,g153,g154,g155,g156,g157,g158,g159,g160,g161,g162,g163,g164,g165,g166,g167,g168,g169,g170,g171,g172,g173,g174,g175,g176,g177,g178,g179,g180,g181,g182,g183,g184,g185,g186,g187,g188,g189,g190,g191,g192,g193,g194,g195,g196,g197,g198,g199,g200
65000,-69500,2.0024427349834855,84.002331735606788,2.0197320052427461,687.19966038113978,52.223887147382527,207.889223388038,134.67363347775819,827.76669063906695,108.44497421140898,479.47834155345487,602.94634677746637,391.45810613490033,287.88123372467862,323.48663139958899,239.55009625083551,346.36988546890882,605.53335231363417,718.39697209252563,152.17556830868159,395.23159323050908,791.65342024374183,544.75510375546776,924.12214004013094,566.31056857857504,270.25974018325593,846.45886131017505,116.01620667556242,466.29220445994719,23.598456546445526,809.32711074839949,129.24638962023874,630.01773767659654,260.56944685308827,119.24011043047381,586.75284087089449,814.30851279986439,1000,947.24008962073106,455.46868202839812,145.21760072175283,486.40092893156259,810.59048230264784,652.16473097700123,616.94518897040768,407.99012691036006,593.82313362017044,275.60293973608327,196.04751100570806,329.94727505255622,174.19314170053806,585.91351106818536,683.88445225668409,832.459263835672,156.41646013482926,660.5703273738626,646.56058599116648,347.40273427656228,205.70848622172883,360.0807042384609,990.3336415007592,299.41863473602598,693.14487395941046,22.423122880811519,30.907326548269225,658.31794282469173,840.628312408434,903.66594442262578,536.62674418787503,487.47107481256057,629.5077882856699,140.47626770862641,726.37355282292924,928.12622563232776,533.50060112864412,584.70381094808442,541.15428302424539,260.28516046987016,818.58685217183483,308.10963533142706,763.66486697206005,576.86240088338025,799.54206672005023,298.63699959727364,283.06046340024773,153.05986176414234,739.84890464573039,671.10999584176056,384.9857458896501,30.669177874941276,486.91065289911359,841.46929693718789,103.48901535244975,741.70626929140894,3.5090682658504591,878.30597718224658,808.47060560151829,463.02026969822498,712.38642894232737,580.01701478317523,192.23003671582697,45.793811983284513,-30.736445925935449,-39.75849843993629,-33.962080338891496,-34.331788468959815,42.118606524769959,-65.096490335029941,-81.463244756299503,-12.936199392826122,28.249186890215672,-77.397127581201531,56.10021966036016,3.0167197181531975,-43.820700053237459,16.779473923099474,-50.160241418858014,-65.375251740470176,-9.5722010391270107,64.75684990790144,-33.053935123690387,4.2881360045589112,26.935463194054446,-43.422090846827828,-84.900327653667347,-27.060225408587758,24.934861634444015,-67.073891552605787,-27.102570342474699,39.264676721618152,-24.372196660898314,-16.891455982978727,-9.8302433246312084,59.859027735036747,74.964481018878558,58.40430065175407,3.4531050332934896,-12.67422425168615,29.120551136893319,83.567832117822704,-24.319131657790351,-62.22596766340898,-77.555180795315465,46.317653663365199,9.5453129087735196,84.278548473744223,-24.761045736257692,-56.71332424087467,-11.099269790451228,27.151411717979805,-19.210070701536832,14.428679224220698,23.40311854493951,60.902273584429892,35.201607096128008,21.400758751300305,-0.73808259806311882,20.993876368021553,77.603502159312114,62.251598704266904,52.494734064273267,-82.070562620126395,40.319831124409951,-33.669051178777025,-52.934055046877006,36.56066353303288,-66.820454092470101,-70.710017163310496,42.040189666194038,-10.453319849627571,-68.573851914130202,13.077291353130377,62.694864305221515,-71.938090408621193,-22.978209542976956,-84.106908174165682,0.47696663760140812,-7.7223051176493804,-37.18224964465697,-4.656311494114437,84.589704592727244,34.99362479967786,29.81629143609544,47.038030861165993,-2.2184852886099016,51.367527601892604,39.782021697644751,-36.101829402122945,-26.320499886818066,34.228821769926462,-32.511196820901745,-70.215676605278958,-4.377384802503637,-65.396035595045575,30.122854160035846,49.550729777987179,-55.089676147964227,-80.506238376360059,37.610791179021717,-11.029719104533452,29.475072592228514,49.296750557441996
65000,-69500,2.0024427349834855,84.002331735606788,2.0197320052427461,687.19966038113978,52.223887147382527,207.889223388038,134.67363347775819,827.76669063906695,108.44497421140898,479.47834155345487,602.94634677746637,391.45810613490033,287.88123372467862,323.48663139958899,239.55009625083551,346.36988546890882,605.53335231363417,718.39697209252563,152.17556830868159,395.23159323050908,791.65342024374183,544.75510375546776,924.12214004013094,566.31056857857504,270.25974018325593,846.45886131017505,116.01620667556242,466.29220445994719,23.598456546445526,809.32711074839949,129.24638962023874,630.01773767659654,260.56944685308827,119.24011043047381,586.75284087089449,814.30851279986439,1000,947.24008962073106,455.46868202839812,145.21760072175283,486.40092893156259,810.59048230264784,652.16473097700123,616.94518897040768,407.99012691036006,593.82313362017044,275.60293973608327,196.04751100570806,329.94727505255622,174.19314170053806,585.91351106818536,683.88445225668409,832.459263835672,156.41646013482926,660.5703273738626,646.56058599116648,347.40273427656228,205.70848622172883,360.0807042384609,990.3336415007592,299.41863473602598,693.14487395941046,22.423122880811519,30.907326548269225,658.31794282469173,840.628312408434,903.66594442262578,536.62674418787503,487.47107481256057,629.5077882856699,140.47626770862641,726.37355282292924,928.12622563232776,533.50060112864412,584.70381094808442,554.34262615782393,260.28516046987016,818.58685217183483,308.10963533142706,763.66486697206005,576.86240088338025,799.54206672005023,298.63699959727364,283.06046340024773,153.05986176414234,739.84890464573039,671.10999584176056,384.9857458896501,30.669177874941276,486.91065289911359,841.46929693718789,103.48901535244975,741.70626929140894,3.5090682658504591,878.30597718224658,808.47060560151829,463.02026969822498,712.38642894232737,580.01701478317523,192.23003671582697,45.793811983284513,-30.736445925935449,-39.75849843993629,-33.962080338891496,-34.331788468959815,42.118606524769959,-65.096490335029941,-81.463244756299503,-12.936199392826122,28.249186890215672,-77.397127581201531,56.10021966036016,3.0167197181531975,-43.820700053237459,16.779473923099474,-50.160241418858014,-65.375251740470176,-9.5722010391270107,64.75684990790144,-33.053935123690387,4.2881360045589112,26.935463194054446,-43.422090846827828,-84.900327653667347,-27.060225408587758,24.934861634444015,-67.073891552605787,-27.102570342474699,39.264676721618152,-24.372196660898314,-16.891455982978727,-9.8302433246312084,59.859027735036747,74.964481018878558,58.40430065175407,3.4531050332934896,-12.67422425168615,29.120551136893319,83.567832117822704,-24.319131657790351,-62.22596766340898,-77.555180795315465,46.317653663365199,9.5453129087735196,84.278548473744223,-24.761045736257692,-56.71332424087467,-11.099269790451228,27.151411717979805,-19.210070701536832,14.428679224220698,23.40311854493951,60.902273584429892,35.201607096128008,21.400758751300305,-0.73808259806311882,20.993876368021553,77.603502159312114,62.251598704266904,52.494734064273267,-82.070562620126395,40.319831124409951,-33.669051178777025,-52.934055046877006,36.56066353303288,-66.820454092470101,-70.710017163310496,42.040189666194038,-10.453319849627571,-68.573851914130202,13.077291353130377,62.694864305221515,-71.938090408621193,-22.978209542976956,-84.106908174165682,0.47696663760140812,-7.7223051176493804,-37.18224964465697,-4.656311494114437,84.589704592727244,34.99362479967786,29.81629143609544,47.038030861165993,-2.2184852886099016,51.367527601892604,39.782021697644751,-36.101829402122945,-26.320499886818066,34.228821769926462,-32.511196820901745,-70.215676605278958,-4.377384802503637,-65.396035595045575,30.122854160035846,49.550729777987179,-55.089676147964227,-80.506238376360059,37.610791179021717,-11.029719104533452,29.475072592228514,49.296750557441996
46200,-64900,2.0007737683909474,320.32046465743878,176.03468211585263,285.13772676230917,59.415428034142117,768.93457550686094,104.36033819501105,548.82615914930284,131.26841801229671,375.90158855367383,602.49434397581729,364.98020242864845,278.86319729035404,44.710119413821644,594.46866283357417,338.41498170455037,519.70436524124807,701.85963220748795,99.08180720361517,395.38067281576207,827.0215952843987,550.11195530448003,434.33874890512806,591.02228961289165,262.02823287154496,870.40115321118583,110.4408070801354,392.58189319425753,901.09924869132465,827.52722770182288,132.48533416229995,628.02765400641647,818.14907435363398,812.99305279480814,358.4983249534157,818.83064635669257,556.69109218401547,395.30475931374696,418.81941921730225,427.62104618582754,513.13006813588561,508.11556448987142,650.56727585903172,379.40331160575897,401.66586080581169,598.26213243464144,339.4175504122482,209.14506346883582,316.8228804274334,175.11099628975336,582.55087445592676,33.518921140768768,786.75312581046228,195.92524663701519,626.64753441088624,878.50743010002873,645.51037689044699,428.88872849588904,48.532911445213031,479.00881208776298,639.78269882448319,151.84465270487945,697.89296025239094,831.14448419571841,285.68602861193278,90.48651833017135,909.62268501382596,963.2236701893288,537.01086254725772,639.99413187231517,142.21545587665995,720.84287567809145,16.008118561538367,530.96428360141397,843.67281602169305,561.05264006703851,275.61156335687718,802.86359644563311,176.53861897554395,761.60107626552053,72.898800507885554,800.15418892002845,299.31178949779996,283.06149383918904,149.43791473493383,735.48986006473501,632.0691878792652,378.45006285465962,754.89754299713354,457.11623567864189,456.61664977179515,71.855578198167876,723.5197675219905,650.4965519917198,809.38680272016984,810.98832549152087,450.8621763538053,718.96813080505535,579.52967615833234,195.70283742705902,51.650550419314861,-31.087613254898603,-40.468230906799413,-18.329902429513488,-33.6825793949968,50.145665051163178,-61.129956082539834,-74.506162168369528,52.36982017715421,-30.370927501326801,19.415886836891865,-78.163878650108956,66.875412880369041,-12.140338419348655,21.404507435384929,-50.432850721353233,-12.911532879075548,-11.426366184861456,64.893397482892652,-7.5700490095688053,-11.399345992885131,78.572891520604429,16.220389080096922,-84.720728704450821,-26.457191684696575,29.825282786377073,9.6626684389325845,-21.129041026147455,-31.92669997039885,-52.314708893006035,-16.740905087014973,0.66888888492763332,-15.192035586891313,77.099595299622976,11.657263119873312,4.4642890351726194,-16.191343989331962,28.951444321566829,83.105304849009158,84.591120044234714,-61.984355360283587,-50.11415733361256,46.159104448563909,4.9848372706446931,81.53796227862847,-25.684025181050711,-8.7140729709676208,-6.8699166818015911,74.408112275380148,-75.039157198870157,16.923763114472052,-6.5599616718855378,61.113718570164963,35.936824157144081,-81.189067117853952,10.006191183417164,20.827837790556362,-26.856518018731038,-22.651053588599307,52.389745878938406,-83.067312890849294,57.787134045003398,-14.351099867293842,-49.143976838709747,-27.877152200672363,48.687866930490351,-33.028136677875381,41.509171409953225,40.552248759207892,-68.611597595572476,-63.45996007301278,61.892786106940576,-71.059418759344325,-20.790681202440425,-82.049479214890468,-17.91993822855023,-8.7105027822221199,-36.495961157299902,-68.068489381310243,79.195184960268918,51.401029523640958,31.596770963533078,82.020571183800243,5.2269202652503557,-64.986301638927458,37.788655897304395,-35.229342177009634,-27.165613090541811,69.900759762592173,-24.453983491175016,-74.703665994273891,-4.8000919128320607,-70.587221600208039,-8.783106966117634,49.537773053967584,83.450668158985408,-80.306706849201802,37.026419904073791,-51.702721719545067,31.089033978344364,-84.263602160906586
16400,-64000,2.0329362927581238,952.32322019140054,4.0800721998971952,255.04001277123248,348.28949250509481,267.07916311202104,106.28619386516687,821.06173570037356,262.74791101839327,373.23624135917038,616.5615699337925,108.90037153358736,302.89816125727378,38.428805110167808,3.7591279838780451,79.871619384345351,540.89735077881778,528.29614173627647,78.327826248846208,95.816646741352173,855.82101204801279,540.30912127967395,906.08265207209092,580.69983796641509,266.25224310906106,865.84962712221227,1000,434.19565495639603,859.81244833828271,691.4329003451561,76.463656335312123,639.50229249815595,816.58995801441642,193.58118892711093,360.0816044123668,818.76295956290835,562.76535667352323,399.97346702790787,417.10639397481043,464.58532371891317,35.126471639014653,880.83163974491629,268.35367909469898,381.75045655088348,732.15908175846653,599.01654853223386,402.66678170972443,182.48541981716329,302.11093910320244,155.32622319564493,61.575390493163084,390.37549981682116,239.74827743687163,196.03409553139505,661.01627892729846,625.60531950316204,358.70787961185869,178.26013960555773,914.38897515899941,972.26927884544466,288.33863765342477,416.82945318633261,63.281172942703563,635.68690474635878,269.43098475542303,820.50811891970352,620.52417119492634,103.99944748985678,483.35156598872874,645.96552251077082,184.36429998720848,734.4063852978561,942.63736648583381,526.41977280775359,810.79550757586151,540.37195107437742,272.4271831876859,143.33077964132087,176.10439928543261,653.45516606104957,82.349278636000918,800.63494664420796,301.92020523102269,703.89479057490132,173.53912747272506,256.74247145270931,607.37796515479681,391.06972407176352,812.85316722561254,461.44794592361956,444.16312553845876,85.434366713353896,722.43333066693913,16.306855788572268,330.71742707614771,663.88152225532303,452.43852154165847,717.8950100541557,617.11662129522085,200.34646215554361,55.178632541978345,-31.676130823123469,-49.945600073937946,-36.887473981151167,-71.21603690466948,43.538766425736277,35.26571498005201,33.53869860966585,-46.926124612470019,44.782630142966966,-74.307519238533757,-50.236850668966909,8.7060534800773759,-21.729515554596336,74.326543864994079,-1.5237053848425894,-6.048569172040807,35.149256073718924,67.350618417029793,76.743936088842219,54.85204549310248,74.359369021369744,10.473487095867592,-80.055474077177323,-27.424751549328519,34.694607266043,-79.379378172736466,52.55017823255551,-29.750104156751931,31.945577263679791,-19.770244507139203,-0.15183875027312504,48.894033002447912,71.615440050564033,8.2414072106604124,2.9054174342945984,15.1772808430892,22.296822896206034,80.857615224436628,80.279094246627679,-61.551014454777459,-49.797525851370295,42.492932366950058,5.8715709818478832,-4.05731745577528,-25.829820961834535,-4.937076201785036,53.04176762765843,28.67932194088575,-82.683357879206255,14.567572021896069,-6.981151593301532,57.787798253332319,34.65341390531632,20.608800608341035,9.5221637496350855,21.810687787546204,75.231027119484807,33.192070148769844,52.426568219857835,-78.514617996695407,61.046958858829001,61.756209080696031,-54.23434471250696,43.556253122704987,-76.768246927674554,-33.8560375369631,-29.079477274236933,34.631645528208402,-68.619114687927592,-61.290834117185682,61.359818876965221,-74.355650438039191,-10.381673995818481,-83.993565294437502,-18.920314640576802,-12.271720268001456,-37.208113948333498,-3.5968430944543606,81.278536101847948,51.602975693504888,24.895877705678359,84.253713436883601,-28.290904990823218,-51.400837193395105,39.165241265893783,13.670466809567944,-28.325771599337376,69.70109352177856,-28.18843300967783,49.425571652427323,-4.8452945731170143,35.468658349242659,79.451829417560589,49.063721567675195,72.826698352548959,-81.026575098224441,36.793930375561999,85,29.5960149061724,55.481656512236043
1100,-42500,2.060933862807977,999.76838695249069,170.95311523953529,684.65500281229743,66.758522380372796,185.25613740846623,134.94856770596323,808.36263906158626,338.25538473388201,472.8775651275181,604.44089238829065,362.61307247200716,274.95286693122455,13.046069034675753,687.96646779057369,79.509455175266226,509.64144574136151,706.70077590597941,77.218322791840251,386.72687186369353,512.52649885887115,344.87544282938194,899.61768208519482,579.64295873776621,267.21103298042817,872.00135126235386,976.2993111646457,105.98076932550981,852.47395616996312,833.16441796388062,1000,633.83225388853691,217.10538074796955,123.85159201703254,326.42267251482195,559.34156663690305,991.92959901927054,893.65271770757647,419.30385343992475,460.2949867768707,543.43055921713574,491.78531137787473,673.77188793955293,379.0706335384329,366.928485601619,598.34646748764396,262.53173599111375,209.76771106056651,130.35193714685386,174.7321088508476,570.7718746625502,42.555744891679673,257.07682795290657,196.03071752069897,627.75489350953376,389.01099333627246,348.98912023649302,498.73496062286904,422.7137859638184,907.53469099729898,273.56827839416815,703.5751622903615,942.34813461302042,26.081742116714157,654.54560575607525,48.259738918235982,826.03564388538598,902.22012058627774,517.31736398053852,774.42845230786418,138.38509412940735,735.69174600061581,970.84698819052198,471.83848662510843,834.07884252716769,553.07898108242296,260.36618360203721,821.79822581362248,283.21449185630865,756.85286239861364,73.886047755797648,801.16920194326929,35.013882745914778,289.83721662804902,188.92152141675203,750.9902375966733,677.15352278718501,384.84304601390926,776.81947025296688,480.30923779101806,825.22378364584279,461.72959181875478,741.58219510598462,23.121042435407134,356.80836161185732,675.94184871646848,477.42140729160639,712.84843196246743,579.13803113105701,192.88566315364108,54.93912576214526,-20.517752745677491,-22.360009771938003,-34.029398424683073,-34.043813242879864,50.189262108631304,-64.768779197400363,23.760419998165418,54.88989403114023,28.132822006134145,-77.344799324789577,-61.556496424393899,62.731140513144261,-42.346932360654854,21.646807908578491,-2.4869990864450635,-60.926776251367066,35.800549059122886,64.857441737164876,71.437682616188624,-71.355329626739533,26.801366604944935,10.057339038888426,-84.920250225101213,-26.632904079260925,28.54523473476344,-80.421114917266905,-26.081702048410627,-28.357314179127915,34.863277437663207,-17.17869196683856,-0.17881358070522496,59.148904792697387,74.981437119732817,-30.928168653368456,-18.638179937866411,-20.688867559323285,29.049160633343845,82.822863984620327,80.592394835708717,-61.720228353245481,-79.779883100653407,-0.6684495210173651,9.1407111284569318,83.37440749817624,-24.838096030603566,-8.1915222876558822,50.629800902527755,25.099630959064832,-12.908367876073607,14.80626235801857,-6.5841278793796834,57.784409856239634,34.889377328480144,-71.193003326942431,12.093278347763489,20.88823820843557,-17.127579969146758,-18.017303970987317,52.199043720466456,-82.082566418663006,-17.42388146204711,-38.437351239304618,-49.126453666194699,38.554800182331434,45.466364824649865,-15.612856699112342,42.066733548002631,38.526179418918964,-68.575442110951002,2.3785929206322933,60.956152299606622,-38.778040443029454,72.005948126291742,-82.225266329149221,5.1522496755880152,-15.74478365314773,-35.641851003043293,-1.9353445408586447,80.330489861396799,32.408842273076779,31.485744786784565,24.699842725981696,-2.7508705027471558,45.708914756189174,37.402261360226383,-37.507437182872557,-26.826988537281885,65.846481924212696,-28.59356050489076,-70.214270472207048,-7.0863928338272864,-65.232544731609352,29.096332191743599,51.23148012611189,83.068192139921621,-81.705739601926737,37.134609831985152,36.913312752801119,-29.933574488452805,46.453187242637654
5700,-58500,2.0560969550023995,999.77208670792709,171.71388443499447,688.80950177611044,66.554017317111828,210.0690556824494,155.75221243852403,809.44739829608591,337.82939495605353,477.55535374478126,604.31509186231551,367.90672805320651,273.98909816478266,333.81949265431291,665.90923302591204,79.622162202656639,515.49064751907997,699.87409180817303,86.993955934204251,386.70764105450581,831.50063004201968,548.38844252121362,901.30324735909539,582.28735901911182,261.90168217380761,872.08212013779689,75.328875780775775,106.97843204580172,852.95502252318568,687.34880139863105,879.54469256259461,647.7191894605802,214.34286750330563,126.63833737247398,334.06518477335197,559.12871457981498,567.82947035013865,906.69905815773473,492.0714033033197,460.52790361261469,513.60364850659209,488.16880607100802,689.34040110425724,383.7525555412933,377.85514002213438,598.2866808530481,268.13817229606997,209.68916568249327,114.61753036003944,377.93666488817689,593.82933012212152,42.589181009018432,766.78596048566078,193.35112924214593,633.33089353122352,627.84614323227686,360.40810680016529,479.98414030796062,376.00995681456806,920.54588157365663,295.14019778487256,714.61197499906098,945.72246217279371,635.39148797135317,653.17358596996417,46.316073942631022,911.26835915022775,911.4420361973057,488.02485926745032,778.20839132511412,138.35679973374857,735.69668237769497,943.32130228809967,466.63647866276119,812.03682583474142,552.13193291573634,260.35063246760461,821.85519063746108,322.71236908632807,653.61097228604774,80.937230319241053,800.63402053266975,297.5506452590555,291.77151913985648,194.1978737643382,747.86819499155297,678.74848730534404,384.90541301644538,140.23457326502859,457.44596669937386,837.91525467991858,453.27691259223752,750.32983722173299,13.317599293100979,818.81604865751376,803.59399175595513,458.77887015215498,712.05069409373755,579.0552597692797,198.47187574349351,53.79459649169965,-29.263711262520445,-21.907596987958716,-33.695954871422636,-34.070474255333949,50.349312152278571,12.122885025714453,-81.554926005738665,55.017557117864698,28.127049843979339,-77.297041770882529,70.869678047523507,69.684448716146193,-42.342426630592065,21.676518919323591,-49.8586236976533,3.1596083441662088,-11.190963572217171,64.85162632318503,71.43708580714808,-63.428303175236692,29.496250120036319,13.735523775529369,-79.955290680066909,-26.632504528400254,29.703198410501258,-79.78174820678619,-26.774896665781341,38.77726177338554,-25.841724668676672,-17.088408763786884,-0.15048577633805349,59.196092894089006,75.085014918083075,-31.692307350378595,-74.559284455355368,-15.835403401888657,-8.1295673986524601,82.874608940026093,80.596446721438411,-61.977403781020655,-79.922125254984849,45.882132854026622,4.5841193627376642,-0.71772044728216144,-47.589649060251077,-8.8002390350671114,53.643898191123505,30.531874633159127,-13.122380411585844,15.232596815448762,-6.7397873690216832,59.017305078913004,34.848218478657294,-69.475401653302896,13.009806892083564,-35.37153247669314,-26.797083336694133,-17.731348086067136,52.202343886364027,-82.076339393616735,-17.55492259154903,-35.465621350335368,-49.144814013375985,83.723278254103619,41.319019314933684,-15.653932214687591,-21.978702747207592,-6.5550706451693657,-68.620771084781694,-57.091151918570844,-16.200859509583147,-37.969757450764234,-21.237565754384359,-81.973243957795347,4.8957689003524774,-15.922013295501115,-35.639361095967395,-3.7275139388850294,80.29098752872541,32.455999730629209,74.385565610207706,85,-2.2125932422299091,49.671651910110157,37.528677699024513,-36.391120341085944,-27.304109779071297,65.848337923436546,-28.598835715608118,-72.834902955743019,-7.0344640602490713,-65.241311689363741,29.010017343901772,53.892686856390277,72.652900162340202,-80.983043461520637,36.799494698863541,-46.703654365226207,32.835323357934598,46.173307271992741
4000,-45400,2.0334364133332135,948.79935116873173,216.60465461243268,681.41105645734467,72.092035417392765,808.37398998891854,143.95610631130208,781.37445833118841,333.08745834729763,369.18280761859751,604.73931734189955,370.13442584515957,286.19931846888579,324.34054839989182,615.04764218821549,79.668612558518333,518.90494196142436,727.73087851180662,585.82300758064207,65.203523765788049,796.9959959230506,148.40686969296306,362.76425270707261,579.63715193401322,262.14071033769613,767.66604995565513,106.66274146794012,105.3969654044166,848.7465478856659,201.78329500351589,75.555337792970818,697.55149096422622,223.28588884549384,127.92391081966207,362.44031102843024,818.78442969896321,559.12946418116633,379.91673589805669,419.48894759265505,460.28002630068943,117.15984419527499,487.12301532381258,674.32096363694632,649.84557627102913,747.35921922195303,312.16996151503531,274.30059967252146,200.97907438081518,75.120774695363778,153.30146661396051,44.774128231112343,44.433745082561728,215.27628029011996,195.82690227436458,327.42908246998195,647.93318918268176,347.24296195791294,475.39313331567536,329.26345741982135,874.05778722554169,286.81937126966693,705.36203532900936,705.41396479594357,55.860273297628083,654.30842445900669,837.55120277948936,910.66748382309379,897.01089197265583,524.7357207335582,787.09149495609142,165.7608005190437,735.61697173015659,16.026480151284957,489.46357867436222,834.28247930590931,528.59342840809848,273.11318029200163,833.38350735950928,313.60415801156785,757.63503495795544,60.541198716981157,800.53937947268116,46.056378490189886,285.21560633048455,197.04905147500369,739.75942023807124,675.91063839526885,415.48109639785253,760.68999484381652,182.74654547973284,842.64575217375,454.96394339979543,741.58948963381886,13.953781350874646,769.54937926274147,804.86977261683728,120.58544635337441,725.8706530674541,885.51986563876403,196.97004813077396,220.41406077834807,-21.392823528127735,-24.280298919818378,-33.703534815488382,-34.063585301651869,50.342210923628791,-57.349996170261697,-48.946586217588575,51.72622921590105,28.872513018145934,-77.386872473471129,-56.887822068207939,61.312277480487552,-31.368698194910209,73.840090671426907,-70.89860705323261,-60.65533871740503,35.78975720342342,64.834288713864083,71.332150190617739,-74.622590550814039,27.030329239060482,9.9422307357303872,-84.666847452886969,-26.647887894150251,61.081917655021655,-79.640848415279294,-26.106930277586521,39.091968941335047,32.326343865328582,-17.184087882835396,-0.11325764220759396,58.399212411778372,74.70029750346383,50.843175050717022,-72.099328365359071,-20.21180781776868,-5.15939916424648,82.88843358125041,78.511353553006799,-65.691286809131626,-73.814446375050636,0.26921927782161525,5.8279670875305225,77.576018682652219,-24.801939803131965,-6.4513818094024451,-5.2303953083845975,82.027698507714092,-78.421770502611878,16.268528705529221,-5.9729914587545236,57.784137266009168,-7.694367936692899,21.656837002248338,-2.7077693381250683,20.998560203260702,-26.454995576092266,-31.539297236876031,52.420272159701177,-81.960701760767364,-18.115439649957331,-40.036074651481393,-49.140495689911063,38.331413957795647,46.43528461557419,62.907470336937976,-24.029677369029962,39.036602225812132,-68.491305823215868,-71.023831006946267,62.816719326036164,25.259646372063429,75.593946538241241,-81.97297848513999,4.9345990960504569,-12.1950444859154,-35.632322574895255,-3.2191486767911321,81.239079245986076,1.5162651858526885,31.559508688472778,81.459516354125981,-1.8239168114989406,-0.40289012121250778,39.739881597130811,-36.314806038661708,-27.315648663545339,65.693316648255333,-28.07751658187123,49.336653557512264,-4.9287984955787572,38.477369241962634,20.094617199399856,49.54645458989831,57.930213049056036,-81.703208254373706,37.237724120605279,-50.905203656288059,-29.846018525986107,45.714698564430762
49200,-65200,2.0218802011459593,266.10489290284107,165.80424262238483,316.35518165993585,48.215063235492835,143.09570394204403,104.34505931854909,822.08475258924977,111.47512886201592,479.45370126101164,602.68327887123257,364.27638812412755,119.33853060267074,30.326522614245569,594.05791132961804,341.02930807408467,560.46851121875602,711.51583305922577,153.58532741244642,395.17681241247317,835.9488067179816,328.37166743043213,928.21512792751787,566.05242573286114,270.141960243695,873.82776094914732,665.98602872312995,450.60384021358641,879.22780176921719,266.32098011291151,163.82428483106571,641.23204332126807,799.09094919311281,135.62790502091212,356.08206771456253,813.5727043351917,254.20540863934849,382.10973241837371,456.79998995034538,464.39069213405094,492.1886824624147,875.18291261130685,701.78873613661312,388.74079044774811,401.15970857574553,595.38360149815981,333.50545417722537,377.12825270498917,329.57800898110128,176.59032860857201,582.6190045173546,49.973756540561801,845.89540587286444,188.6422894329923,657.58537286623095,876.85089326482398,345.44784849197339,209.65256570712339,54.917037140928727,940.64221603249439,275.81862391307834,233.32214645969935,72.214054727961411,624.79873030798558,375.12624263852365,65.962365547881006,910.17599875738017,493.85713086398522,443.38400702679149,636.83941133186408,139.85913985243499,736.26789354651203,549.67891659302791,533.27508524730069,253.4850724869151,208.13053972344136,277.84680833868407,800.86912656057564,171.09505195618163,637.0034114316818,63.378192460996047,799.32240575333628,306.32488025324784,500.22546889319432,172.20015565325048,738.15051762783685,671.02979971252796,384.86413709241072,36.44395394932377,459.06140480864224,839.77446308459832,103.02176758929483,723.41357467183923,634.37069144113411,769.8069993425222,803.72639932737411,462.30099229733287,717.77474474962094,580.04576924855826,195.06398741713366,192.12071236462296,-30.280006849757399,-39.685776926464449,23.726195397825684,-34.388202818867896,49.794108331032156,-71.242441261900936,-81.934089859310603,-48.001824343488252,-28.111639242503593,-69.547628919014997,54.172523785545323,8.6576699327537607,-43.843567396187609,17.756958454747892,0.92470877148461739,-3.3615690934310756,-10.293971448887611,67.636924543531748,-33.425536501012594,1.2512943109228627,75.582826368382641,-41.294154947054949,-83.445716109547888,-25.325753620158746,27.944288242874912,-79.43215246108312,-26.781358512057029,-33.227162471214598,36.889731929824919,-17.173139932034573,-0.023054494409390003,60.017122644265882,77.005155811500202,-33.861638517546979,-76.855685982754466,-17.413579020215611,21.527526983678197,83.594299300877836,-21.281153056982728,-61.868800871282701,-78.973710454808227,46.187368200830626,9.286905920286344,84.762009142996263,-25.71630713272366,-8.5409655555569373,45.028735702649008,-52.482409339047052,-74.615846356630783,14.480262605325107,-7.5493637295112697,61.008103167010617,35.272667191281812,-69.248891253245233,9.6890899111690825,16.88547368661105,76.990019292288963,28.302656100731514,52.493546384428143,-79.333436123079167,64.426657929562722,-45.606027980917432,-52.951181239515108,79.241248626429964,-70.263332307124287,-69.795674635075443,39.759542504556549,-7.8124950867677825,-68.611104136605391,-9.4215176011697395,54.040749707952067,-38.998880714754485,-15.316732897479739,-84.11121894647809,-0.077052051851765779,-8.485592533842059,-37.21426791831194,-5.1057800025946669,78.89608601053105,0.51593804087542949,31.435887437581982,81.557711305066562,-26.496405290822583,-51.605440589136876,37.888644131915314,-34.311630260583392,-26.431058791352974,68.698964904543359,-32.080748716258491,-74.741425508266687,-4.3590392829463198,-71.500725742059529,81.218778081896318,48.951705710760443,-60.884611274741303,-80.605195274887194,37.027280135665151,-16.101039142734187,30.698855299294685,-81.157616705578363
50300,-67600,2.0019486569955127,345.02298571400763,5.1107679312426173,338.99804986024481,75.366154600053861,831.84767676196805,105.78479981756877,821.0842766588338,323.06453467055007,376.00573635299907,615.32439713568692,107.17421241327369,319.4392325598846,26.714601819609523,54.90806863601621,79.422523680527036,541.01675522118796,702.00105521896455,78.795757933681472,395.57013520799723,796.62911874301744,527.62127304098078,398.71715249072224,595.08413408153865,262.0292062712536,869.99825675352747,184.06279130535808,406.7968313735542,855.91863673758314,678.74329540765484,920.8585251516256,649.47083103893146,822.70089573854534,967.86038291188277,347.40768589880867,819.63944800415356,547.01252470389488,394.8204342872873,400.16994342629448,463.33465596728792,497.7449282334012,899.00502543296136,284.15794401537028,381.44424238964666,400.39249068646302,596.85814608902058,275.91186043333909,182.13082936324918,314.84980147212605,155.26006612206615,38.661504620318112,34.409219870309784,818.91438250173883,188.48343772086298,660.96205159851525,876.58026100243876,564.35078001952547,448.76226989162376,48.22770841728471,968.28494871360647,249.01152351812638,399.97161904891891,912.73824528019441,852.13293893884418,261.0192600813885,81.558256798327022,630.17079315640945,962.74167824115273,539.01724277744177,647.26898339889647,136.22478981283118,717.89336771165165,540.23128516323709,530.71482580367956,810.87517994684254,509.38835394400371,275.57934585030534,823.20687643077088,617.21287409321576,639.45075925508786,550.97340792109424,800.39315119706816,325.90308663967744,301.63905307482332,149.56557093371526,778.2489730007253,670.25014064795175,487.59807892303235,746.46994645258917,457.11311498247665,386.73740429326011,70.570852691742203,743.50772039021911,16.368218885148874,902.19832458611631,799.65644476767648,412.69499508024853,716.56178116726005,578.10505551734707,187.60242992864389,51.720643455373192,-31.14600774857529,-49.107177522693796,-17.590377114486117,-34.742547991335748,49.271417566803628,-81.361509424847156,-75.427040164313922,-50.075880386546238,44.847364479617241,21.258028407547151,57.241381072861891,6.7452626714813144,-43.86921530459508,25.011677503297996,-49.294130699475382,-3.3654263697685418,-11.002106456790248,67.582830688636591,-2.5760550314251773,1.8140782575016643,79.227516452073118,11.99637483919085,-80.068595087381084,-53.402983890447913,29.84730016182079,2.9698014442379339,-21.269107968684828,-31.665536779592827,-51.687269962903223,-17.063951733222829,-0.20734091572406804,60.498657324769646,71.28448670160418,8.0821657616930906,3.1786848565986929,13.013957416473573,22.598226114942921,79.275407193483602,84.511595637893194,-61.748657655304818,-47.966043094660002,46.456331364260251,4.9941951331908321,-6.7438803492971005,-25.685202052488965,-12.682012315717095,53.21260452288368,-55.466479052130879,-74.51955681806615,-21.800683414449143,-6.7019822335581978,61.031227668683478,36.030385684748744,-80.06480384162009,9.7843309070164199,15.69623982788724,-34.052764726029032,27.898079560385813,52.398947622576308,-80.609058956474271,60.210297126915172,-75.726797062339074,-49.838852328058394,85,-75.443706987229888,-32.457850286367474,82.640506609285978,34.988434952659432,-68.616440584131581,-61.362675176869971,67.977679067799798,-38.237417082004605,-12.914771283965282,-84.887228056202318,-17.912174287519239,-8.7501280233495624,-35.365772040544798,-59.202313834917256,83.974694012429779,51.629652398401383,31.622324288038282,75.938055406659814,5.8156071112331063,-69.46589533577864,39.683618996705306,-35.03334085345498,-27.160662615804156,69.449619336255225,-48.871302293504328,-72.706334609718212,-4.8003693911783332,-61.858004008662228,-9.2416363650139672,48.852103224983992,75.582038276139016,-80.462983911876293,36.773465285734069,74.373055585534814,30.570162235355589,-80.588220358566502
9300,-61800,2.0610124062322983,962.15233206123708,217.22378407705219,342.19708401425322,365.17237151946142,297.16220405853119,107.25561346744263,815.81592563664776,318.03790529752138,371.89462011463854,605.17088010316445,133.81710165827721,674.4154414404918,319.33723313460393,63.581238164102899,74.958783256034309,528.70240531122306,514.64999027266299,37.688928023019969,389.34523836658269,502.10286453347152,730.05577428240736,929.32012607903357,212.2064328646012,262.75656987036189,843.93814883204777,620.85476325314085,414.15811765734668,903.52482341117411,702.37490357587728,732.35212774091531,625.11417013214464,27.216525918842581,882.34714427953998,559.70431259774102,813.73578955943822,514.81739886145306,170.21365949652682,472.11853333929992,413.05662457818181,480.36896904315478,890.16387392336503,295.0869186599121,656.18258476087863,715.77462249221605,584.15647770431747,276.4064030315256,398.02025358357679,56.549453016942266,139.72345541933066,44.879448458372394,19.132279231690347,190.48940168953504,188.46664676968135,334.62076201804155,360.3124064198484,580.46642907880357,208.90595575801927,953.91846526554878,489.96861917335383,266.86724617571343,149.08924553731248,7.0118347634689826,675.49915944468353,374.01001862177981,93.979391681514244,894.48191312201675,52.810025170275651,516.29647056470367,124.18688817498192,184.53689820864773,758.25903844515801,586.66291038138183,483.74479819316804,842.04442853296166,554.33496879277823,287.11851313591615,841.35967941309809,170.68749677826659,630.70527390423672,553.29254836484324,849.28294337247348,293.57605239560019,503.2509076746897,685.65113574375403,738.77770491520448,661.11260223769079,387.60071495826844,85.320848146910294,457.55346255566315,839.92771483528668,115.91527215654915,750.44461504119568,784.0407423203485,316.83461651460027,631.59111083329151,459.18164578873228,723.83872330600457,608.35262722259654,197.56449115258627,184.18706930709428,-31.35841096498481,-39.076380990879898,31.572423484072505,-58.3721147156146,43.422799764928392,-69.355445583953752,-76.474063858054464,50.989216594436087,26.344792876880238,-75.788314212957545,-47.59478158907072,5.8493202634076971,-45.172319288049117,84.202745576305887,-9.0110851483927981,1.5407561780730861,-11.268490818754159,70.723998020171607,-10.131664469079343,62.831334926246122,76.259209854938916,-42.547246968387284,-66.961276198717485,-58.246641422628812,30.188485351469318,-65.956143966078884,-25.724070587573429,43.211795647272638,37.695682908227845,-17.178674185878641,-6.9737529232976181,-7.0299028120768146,14.422949726916944,50.454597954553279,3.1531310985772203,-21.477476289026505,29.062823090315554,81.159819997245094,84.786752402860088,-62.042299521579565,-49.625923007790853,44.833932869510249,4.9568627044847178,75.982028944932352,-24.675845584357667,-8.6674080328108829,-8.1163140911214935,79.597349393394168,-76.601592976479367,13.993727897048304,-28.265983307359608,60.944682237046649,34.591406304864272,-70.798900100390554,-2.8213755061513233,18.385207681548,85,58.013471904118298,34.969580628862218,54.773069074375194,57.03451818251154,-80.572425817477722,-53.351579016056725,-27.337675753015539,42.646681411969581,-65.197333450977212,-26.775064982012637,35.222114553247586,-68.682625079429272,-59.28361156874594,47.686676521970433,-68.540622936324525,72.689988127429075,-80.78383988769157,-14.927829293975998,-9.5829961438142401,-51.82821172973803,13.921559474882441,70.978386522500301,0.70182994296668788,31.51387621579255,78.979370738267519,-29.144680435879533,-70.675137767450735,36.089293651557128,-7.2182109340856773,-32.051547843987009,70.852709111587117,-32.515760214842921,-69.918555645838879,-4.2456876015671927,24.022664301374419,-13.133481986211061,49.401247552877017,-66.312370279865803,-83.059803406824571,36.992261839810268,-12.809677926720845,26.978601640611824,50.01044243394611
3500,-44700,2.057441143706316,959.73230309632856,220.17578934813599,682.47449197129322,365.75778291387411,281.20355347595614,107.65924059176211,810.11000893989603,339.31160676591094,363.1556398900795,604.00657401327294,363.66088705317804,273.92319419545748,315.70745656744384,659.7517279260511,79.487120127797397,515.13033924303488,722.37008241626017,622.1354085791304,94.582207521046087,524.34725195764338,526.61726228465977,900.68651797989992,624.88157415815499,262.15867652169356,765.57208253471458,615.60246322639296,92.418014592263575,850.59516794663909,820.90268783932299,908.74967570684669,620.46711639535158,126.97349779638634,78.433874848724216,328.72181868962298,490.78478718633221,550.5324921252892,593.5852470248376,419.19910497583157,418.13150311194772,666.1688693218764,483.54633230502532,268.24285908376316,385.49846458376851,736.8000394062675,598.33243090133101,276.87769423054135,209.63473669384237,306.72423040352368,382.00162559836264,197.33384012266069,42.658811294489901,255.31155651973035,195.74273056942928,626.76149757421354,627.29122159679537,356.06544219494378,151.65064322464917,398.72274564307486,973.83522456953619,269.89497595972182,383.01833030228585,662.3170943533222,671.56428983718365,486.1496870531908,69.556435404200727,930.44897403356458,902.22468078245504,489.60011080632711,660.55876286950877,139.63107938715567,688.42311156955668,48.733947246972093,536.49355436728297,834.43378985000948,553.36119868514834,261.35913435044995,822.15419753505807,316.64360661612648,649.22387072366519,74.590760292241157,799.13664293236468,49.250337030552259,292.48686190727386,195.70272020547981,751.99208275842989,681.98790080971855,918.76474962092698,749.50556646524376,458.20879090349399,827.27541430000542,484.64318175827611,741.47192997670902,89.702323605305168,798.77446300708993,801.20545272954746,445.5101957206449,712.06156242804479,579.77703177024421,696.45867627789335,53.847145712330189,-21.746094509509689,-21.328364845209272,27.289521952843248,-33.609532032161077,49.166567344256144,36.628970649206842,22.866634363456772,50.122377233588118,25.345234913361942,-77.555040985419922,-61.300927735247754,6.2137593127516055,-42.343019824288319,26.539957348949518,-1.4433165206694518,-61.076098820864402,-9.1066856322497962,82.491739473183145,-37.909779499484372,2.8469773924957664,25.437599440846586,10.665373353598417,-84.831118819221217,-54.364765810023229,28.556343192881705,-80.675528599763439,55.846671572813079,38.607583527413446,-26.790069593570351,-19.557908214214535,-0.11289634729056559,59.245511483038065,75.95909919905769,7.4101042862427686,-70.164778598170386,13.617292262137987,23.05078038771569,82.866854461369016,80.549384830517269,-65.786374044299023,-50.869293382165921,47.771603525968089,5.9968646461680652,-7.4682593963893353,-48.321470669665949,-5.8667610080821664,52.42636388490449,25.273989340435218,-12.946011352006479,15.812519698300884,-6.5919318967385623,61.026814040464338,34.737361262206953,-69.428897653084647,12.069382118682157,18.905763570079191,21.786388404605919,-18.038110547262949,52.162229992031399,-82.031072168705506,-22.620444460336074,-11.194619847931532,11.683305802848494,38.01521344670671,-72.539734580575555,-68.302026802096222,37.190294464925984,38.529593410673343,-68.617757684738223,-60.741095728898657,-2.5535777577088083,-37.554917839233717,74.940974950957568,-82.013836662592979,-18.533865083569289,-9.0073899930166341,-35.643934718320075,-1.9366052709955119,80.926650094013652,29.328288320437114,31.71525399892359,84.915537614423144,-2.269497575194702,44.964369669966395,37.533627090776712,-27.828898887042552,-26.82971553830496,24.673634337225337,-28.656937941786428,-66.835253259058291,-7.1154784054600571,-64.930602834277039,81.728864565912886,53.850957382464507,56.734136840735175,-80.57345309964596,36.789039694466318,-46.646957431555961,30.278049120913849,46.445394722585128
1300,-43800,2.0592438025889646,999.76829880042271,171.86683667300034,679.43283178447189,66.758509706408532,209.19494664552886,156.1926157233346,809.65425208861006,126.92412062775901,477.55999186276557,604.4183418579953,362.54051194362245,273.95443431637403,324.06388816450925,658.9399141876587,79.532996915902999,509.64081550780469,706.71124763505827,579.66880160747746,386.72677468826316,798.19701312350037,548.38915339125015,900.86946999290637,579.6436208424675,261.90191330295846,872.00286478690259,85.146450257926347,106.94723129490406,852.95508266939089,832.35050244797367,76.675521201193277,620.46784988220361,216.39971625465142,124.53628967453163,326.42419503534722,559.24262346019987,992.44931990323153,907.13719652657699,418.40421623953017,460.27888955240689,513.64685320528247,488.32956283654227,673.7897660604109,378.99352362349038,366.92854048158279,598.34373684828427,272.07045798475167,209.68057172353795,114.65820652077942,174.80736574860714,570.59868419155237,42.635060740531458,255.44430671359206,195.90458542227796,627.80666227466611,627.8677061419628,347.36367469971242,491.034366841924,401.37817492944811,907.55728562607999,297.56953059132337,705.72549618234109,937.983808448937,26.08174675497045,654.53497742822401,48.753008694042364,911.2088371826369,902.40748829166057,489.42578886657594,778.16381539832037,138.35789539206499,735.69176965585143,968.69329097348941,469.87166509748658,834.15057167675423,553.07587438903749,260.36595310473717,821.798112982014,311.63156761362706,756.86306129563377,73.880249851686159,800.63203431852173,46.248165002915862,292.1564959822071,191.19714088545254,751.07135926489241,677.27887103603996,384.91665700890366,749.8006361923326,457.44161937185561,827.21591045479602,460.25765478091182,741.36935864942291,13.251677331394278,798.69188218374268,804.86943721745274,463.28169484391719,712.05036049505077,579.04333311748883,192.88453830727943,53.790253106982249,-21.127862079864375,-22.341206237688592,-33.700378197234222,-34.063560515841885,50.345146669242233,-65.028428964462748,22.875123518880407,55.01756430512215,28.127591842856503,-77.364590702753475,-61.402935391421131,62.731025094481062,-42.344642098680097,21.639615261438564,-49.615361744580774,-62.489004871153966,35.799953779792695,64.858188362789363,71.43756927090844,-71.359078072140022,27.009372607921435,10.058328323570731,-84.918046034630152,-26.632971108097049,28.559234081390851,-80.312732749287093,-26.063167874109048,38.705063901328479,-25.45353433272896,-17.178595412394127,-0.11430324762531954,59.195236356915323,75.075498996103292,-31.6782802065757,-74.715873950308236,-15.835885933772852,29.048419461852326,82.875010401464323,80.592586981789736,-65.707819878110897,-79.781821448902363,-0.83620544396115559,4.9352924018619975,83.374496404900356,-24.86462539841413,-8.799969923446735,53.625887847167633,25.190374388121459,-12.947870529966215,14.829185789548985,-6.5856040543418146,57.784483807151048,34.846263019372763,-69.497920681579657,12.094131792014437,20.920118830847958,-26.61584513923583,-18.037388913732634,52.202491371070593,-82.082570100258764,-17.506725686118418,-38.301858455741908,-49.132197180416746,38.577318142378253,45.48753628332755,-15.652244896285245,39.616832494350575,38.525009245671129,-68.618124091978217,-0.82866310179690883,62.893346193842753,-37.522307700323751,72.011537928261589,-81.978631297282874,5.1522491866833802,-15.921476062712225,-35.639381505905405,-1.9062258243797385,80.3309962685247,32.438839181748513,31.480749581166922,84.077296683204906,-2.2380184234306193,51.278089537540119,37.545979829267537,-36.331416744280183,-27.303166261324417,65.848557308054765,-28.588026498091203,-70.21306255863783,-7.0714227546060622,-65.232988634252877,29.009907024103303,53.801355025612175,82.624627827937161,-81.703595311548838,36.798822807238963,-46.202685282638477,-29.937165516555293,46.44029020593274
6300,-60500,2.0216030207565479,999.97775816714091,222.90441104550104,316.58725910446941,349.9577971948259,267.25569524684511,135.28374663656118,817.84091846186061,112.65795849559595,379.06911261862308,602.47869897106546,121.37514788289656,120.10554637905223,292.92758702048309,265.7484399640565,352.69211936966474,528.01793389191687,708.08725434179348,70.339045149514902,389.01431143970927,825.99959099655644,318.30526442798902,869.48427508734892,221.89938085536181,270.54964977491835,872.36467253042281,42.872757664159522,455.20577409491187,963.38247241228305,849.75399492502038,958.75283352057784,239.841466072831,45.654348593966645,105.54096176862065,879.11118443042301,813.96430524924335,555.19189352119031,366.87105804848767,345.17613508289162,416.31032064255692,534.58743528651678,811.59373612521608,673.53358424156977,618.89253744806103,379.77686792458007,597.31317970073417,282.67781713742301,178.1999594547695,317.32997955429659,148.00090450780999,27.370866588232559,788.42591668326543,709.22260596434103,193.30955463025188,661.91633309525355,642.29380877514564,342.7971183333874,208.43460912729603,309.76856872332263,502.92233751331122,296.73323296059476,429.62745314485278,829.20426248041133,53.877851470240557,628.46894362626188,181.49290014137011,571.45438520787388,7.1612058908048084,513.12806974623959,627.18823415071597,193.21634679165365,750.06458835181309,602.71751956850665,532.27189816899374,869.07553745717746,175.08826882252146,8.782194861708561,819.93001015404229,285.16332353949241,757.27486423448261,92.204866279868043,801.51358683023739,297.75393806517212,516.21843698287194,135.12412443294997,274.07443316038035,668.20747701628852,388.68872360278033,50.233209243388913,480.88594449394589,848.33319764704504,96.311171046106608,778.7917883553597,41.579497157728724,376.56177406351253,664.96797962282517,457.62347788128477,715.05644517943824,587.1508983731236,193.09153293731174,216.81723438014868,-30.180853335665233,-38.850916302700185,30.135934730835256,-34.984095542079828,43.427483642748186,-68.134119345953181,-5.3983625829524513,-11.80464751073384,-27.131502630007247,-75.944248576748663,55.174122620230534,59.448892076215628,-44.053706267805779,83.169930917269781,-71.057525193712593,-6.0511315354929129,-9.2762453776545133,64.814321451689807,-11.148520341383307,33.617724946063568,-45.992271531751122,-42.609092825994807,29.477400390089233,-30.333775274054599,34.759015447732601,-69.46571049109626,-65.206030133091204,30.321183394245836,38.750128423170878,-17.100045621929652,0.69987073010191159,57.005657837071482,71.917070106493583,50.080333409437522,3.204662934604805,-17.563544931990492,29.195108117672589,83.569093044444813,85,-60.718882434226032,-55.11705735020081,46.197321683866562,5.0517250011657939,77.086704742709102,-26.491560853849002,-55.428696767178231,-11.909717583974837,73.852446110624442,-80.747806113967258,17.445817474497343,-7.5361480077198362,61.669906174556075,-10.623646465554145,23.073971078669338,-3.4603054848889809,21.423612081660565,77.890086358071301,62.679873085151186,34.249843624052161,53.691226602653316,65.306332586312479,-59.056669988201982,-43.710648917739455,36.591875174950786,37.833821932664968,-70.218817492679733,-20.752160268630401,35.22148451994849,-68.586755417180342,-62.939334463566993,47.122355061107136,-72.055230788902335,65.042558724361939,-81.976242937462672,5.2091134744408807,-9.6999913549378185,-52.20553197597593,-6.6946481622695666,81.250320749746294,0.24173108852861602,29.642288880805701,25.969022588717824,-29.127360275174791,-77.973079678146021,38.656689438105225,-35.432821578994606,-42.459004862915549,71.756857751954314,-26.64626916909943,-71.008335727617975,-4.5565585495306902,25.938309606495046,29.853159236270109,49.543487708583775,-66.857146169665668,-82.778940960386038,37.007088975447708,-9.1882177171931758,29.275439501471677,49.714974243420038
53600,-68200,2.0005704077299549,288.76874357341666,4.0719851146951198,298.5769016207056,77.748214021785671,209.34682272050205,105.42491497355454,821.47961994967159,263.61407881666946,386.19403593843498,614.80926018289824,97.800450186364714,111.78136009222115,45.477876382646173,603.32561011167286,80.508619542150896,996.4835818120572,514.75928292572075,156.09184907694922,397.32846090782982,901.70227107351934,527.58104384069907,908.5448638454144,553.86350445941036,360.34653866320861,864.02438519186273,984.20911183808687,435.4189390733431,26.928424066121352,182.95404095577001,907.54707768694561,661.4947136321797,783.72684636299368,816.31553285258951,358.31217602610485,819.5514308779874,563.3783081451669,394.8804551141618,960.19968940615013,142.14567175813067,663.00623028605992,812.83892254074499,692.56234989490656,524.26669222485418,405.92586378521082,598.03461227101002,383.01704537082526,182.0841747268334,312.93856237406652,163.8949201736433,209.08508854674295,54.368802460016731,269.65373490462849,221.83085120659112,635.67685780834006,871.40055733812574,741.37344028833741,223.84555513385769,14.73662535178045,466.97547336374021,254.61398406167041,192.13613368776711,17.570344751578261,640.16707405463967,269.57245512695908,74.493374524352021,628.9290647438761,71.646948125084521,514.90432511361973,647.31487642933018,136.30189838424198,868.15525526599185,942.53158355934818,462.42939944324672,814.31285704949482,185.63570301104292,192.17243342795956,952.67044170790041,635.35786930727477,650.70712720779022,565.48004032856068,800.45461654731332,314.70361739649132,700.81114844540241,193.29913601552954,779.73040552222858,631.32999549765941,383.71878492684118,748.92053603172019,485.98524841494975,838.66824738613207,90.280368577814329,734.89922498784222,21.366171921300122,328.13391453828797,779.89698505135425,442.92483826655194,722.84911690628815,582.58390973780092,327.28991607863492,203.5945959274066,-31.116326916736416,-49.232515317594725,-34.920278843334465,-34.72847691212295,49.278969849849723,-79.903059418148231,-43.821907856095656,-49.642912145027786,39.708036179880928,-74.232609806498274,60.937750539149029,5.8889642507199254,-44.099440616480805,17.505137964348226,-49.455415198485589,-3.3895644733290098,-14.141131534840225,67.561142871276573,65.119301061314658,2.3541998306571053,71.360447869524506,-42.168773221796471,-80.558018722675939,-53.29185233201499,34.405028422198583,2.9555310302677711,-60.521970370196144,-30.134878714610611,38.221153344140589,-16.122554993784185,-8.3158233124979386,59.42654175793372,10.904633101628754,49.908613329112626,-75.398805154102774,16.737625904042655,20.510225863561612,83.083388392491131,80.410445158604645,-61.869657782966449,-49.969239608539667,46.723919293020202,3.002490663908544,45.407803414608736,-25.560188053873489,-4.6998225602436898,-6.8736038988731778,40.606542651818302,-82.719965766423826,15.490226469332839,-17.889811081108355,58.572825005653925,30.409924830291505,-84.716354210673899,9.7856276707644003,19.35081497510572,19.038583722065432,28.508222243876496,58.582303746285746,-80.385756555597226,62.158867902708707,-75.78823444892403,-51.405263068734911,-30.051205590575378,64.570209246148735,-64.171614178391707,34.762445844126802,34.969903356060698,-68.495141697690784,-60.314885731511012,61.370830523663784,-42.046963977083095,-16.700065829262279,-75.121360725253879,7.0948018013538867,-8.7146818041523595,-35.420898499445194,-1.5204913707362628,83.540447984209962,51.947030260005107,31.689359594663543,78.559747264035281,54.468354173873038,-52.37321647273194,38.393892971402494,-30.41738235282142,-42.883752675434714,16.893860357361923,-32.677687129078343,-75.274247577588881,-73.804660866290732,-70.671038557489481,-12.805606388482976,49.181014130241358,38.885217083198185,-82.316741747097026,37.703916793693004,38.241433703332035,26.914407294022453,55.659328726374582
58600,-68700,2.0223024214992313,199.05623194111638,3.8131388377136592,213.22399806056211,80.666571622743831,267.63333836880298,133.09529934139596,821.31964726612068,319.41516309064076,382.35375675286139,602.5624074934359,133.60155856054305,297.89951738490532,38.716483408557963,63.895458517725359,81.334836666351777,599.84448563024239,735.83615470983284,95.133682448304114,421.97477107971713,81.883950291694703,329.33631354991093,434.47765166199355,581.88878612219537,266.8679563917886,844.75122950466221,1000,433.59729775065961,354.02421033374731,232.04994822361846,915.86997467194897,390.41593216123533,801.63212919706575,881.43418573585745,839.01399805638528,583.69497826311965,537.60913367735577,391.65966563094605,960.16694432355087,634.28500503719624,500.21596074632333,907.8723599145701,295.60059390966552,654.34087169087672,373.82102032625954,597.1111790223797,275.61723358764385,410.14555037366387,74.480716957995782,155.32193585904184,59.307732258378437,743.72558665356632,800.15710805882179,195.63653700664108,665.33103558642438,894.40584935514482,568.29255614884573,197.20053291489444,26.405970216387033,973.50812172764404,647.62995213755528,403.36358417141594,862.70553447023667,676.17151842561839,261.9562362416325,801.2391318302773,900.80101937273002,864.80591471390585,513.27239194694175,639.96060430694354,186.80627675685523,718.5389890005606,537.66582788395181,44.948253810378247,538.90917905145932,172.47173217807432,275.78400962682969,861.18116524136906,144.10000908803227,640.36280980087474,570.58968097161562,799.09870392317487,301.73556735284524,90.193668408931188,654.93502828659678,778.58931455764355,630.81525006359595,416.07517238512861,744.09081036526516,460.54023614487301,366.92842064519158,79.241701181097199,749.18029420391429,16.775099784785688,924.39881897702026,789.98518784646819,474.2705106648624,727.37575927772855,581.00261585548867,200.61325161104838,185.71581984457998,-31.140796317450288,-55.291656589274382,-40.664181791677663,-34.724508230866377,49.262029427043409,17.502933477943358,-76.859709076738227,65.082405170858934,45.191524562239728,-65.161405492005699,62.696321946267894,8.592052100523544,-43.774325236456143,18.013163476865053,-70.689717044765885,-3.61925517470018,-11.463893989128183,67.469646909231585,67.439521353183864,2.9275787742974728,-45.931899539292594,9.9735803855880718,48.868867214211463,-59.923566964590528,34.64187650405097,-83.125897009542044,-22.598624360648977,-29.676104721180742,37.947088518376169,-17.08245944537757,-8.9105648708702141,61.671037059727745,76.561656687806462,54.608384075119915,-10.48450764663257,-20.780330213027007,22.516672427441137,32.048378811484177,84.530764825772096,-25.039738946615373,-44.232635219765406,44.742416206766407,6.0924433242126206,-10.612419868324931,-24.758500422705236,-69.288292116195848,-7.8929266639651914,22.42880645664275,-11.037835413821112,-16.079821695606618,-6.765859824240076,58.698558641218639,35.304376362868879,33.947709121222267,10.320979338397269,18.072613020328763,79.337437596212084,59.450383018797872,52.626516096394255,-48.03145055980427,61.275816210001885,-15.343429065164003,13.219392438663171,85,-69.718983227714148,-63.068006066256125,-25.980868533868801,37.091321347716793,-68.618693968910023,-65.019083709950891,60.602792315132014,-70.285097563956796,8.8377230040440917,-84.803117147843381,-15.968579818552072,-8.7454325210823143,-36.244767682176786,-7.1138291648677097,82.363348418940461,52.7438845896949,29.978592415020241,28.108026713132208,0.98663153523939684,-51.317230380752569,39.70968971440734,-34.737940422757802,-27.303648974983464,70.166106972952122,-32.405074991212317,-72.752950038264729,-4.7641740692533148,-68.722660849049632,78.734216116110858,49.697699218847241,83.342073054287042,-80.504122298194403,36.976924503565073,-14.17222961832298,29.280516303673807,46.731285066350296
7400,-61500,2.056656314525958,1000,208.12242195322705,298.24437520399056,63.165328609235303,138.11675206476247,107.09163183301493,472.00181030478501,263.33813644578163,369.9080198240971,600.88035043790387,115.17627246179242,648.71890293479555,335.4877407014572,64.383232523115907,80.794865772363977,541.69436697933054,518.41590038689583,499.46617687928267,381.87658331348405,51.379452246641904,717.24593306700217,903.8186429969154,208.44194471046734,261.67791308549829,863.92249085238473,639.80156618577939,432.2156388297895,846.22830388953764,694.31164842270152,158.33999613030514,629.63447464215608,783.21537536304299,999.57560546251977,355.89560361709556,813.29474500373703,511.10776943320371,588.88552489046128,417.15191429762058,411.35283531747598,521.54871072543472,872.67661049001845,252.33604667756654,379.05950266945445,773.83554734852839,597.71702451626322,383.98865603647721,390.64963912431216,117.55091042111182,154.13728590887774,572.81669351348705,24.800140746053728,246.43845355111554,154.08017244022381,627.87535217520713,867.55904833070531,359.40756024697032,177.20829014145787,913.11399068206345,507.27629603796299,259.99764687343014,161.09711357604598,70.563741605402654,643.12188034769645,379.81315009115661,834.61082917597196,912.9170263043859,518.15960217931797,532.11259869540277,646.76359171065667,138.46996625015677,750.31840026343775,918.76512660113406,458.86461517694227,810.43604620574615,480.89835981219181,289.7242442808141,843.70277492679043,168.70097769932835,778.37036211130282,561.03239008491926,847.40387245486488,323.84484024341941,649.24470597118363,194.17302551611931,713.04708654658305,629.04698652559387,409.79685264882812,123.74703753020003,333.62738755053329,838.35693432838184,457.5493571976732,737.37629443624212,17.721816797327566,804.77531831682995,667.20989756325901,442.51256312645228,666.33752487340416,579.62538490625889,200.6127436914592,47.151638035758637,-31.56789120058226,-39.481156393396518,-32.350058336367219,-34.248932603185715,40.39979121602417,-71.223881744369336,-75.177467117666808,-8.858854660450767,25.507294757520711,-77.343041152521138,62.013735617905368,9.3020781117582931,-43.732327650079675,24.742688768190312,-46.877956907374177,-6.1165027086394019,-11.04697141190556,70.618179347813708,74.20560696966723,29.96201687218209,70.966403850494032,-45.762656456500679,-83.265533467609728,-53.695628598621298,29.421505208735681,-74.815596876193382,-27.185743162246432,40.104803991692997,-21.950087160126461,-17.177464658954577,51.125966274796284,-4.2312312988235909,76.698838817291588,50.397913883307751,4.5795287934733402,14.141633875164539,22.026915879862592,83.630873884312365,83.382875035349485,-61.600913662450253,-50.952534230443376,45.602298249427378,5.2368221411964964,-6.4055935746529897,-28.457613475434037,-74.052307546652884,-8.4028739220899027,-55.471128476751588,-11.054574779418772,17.255893450917846,21.821789910992159,57.854669295679294,35.132278694434497,-70.414361829284118,-0.10584565810725977,18.221235714436094,84.636677850902515,29.313439668435496,51.932577928573608,-72.610422685494697,-18.056507401261911,-33.561749179259138,-54.204914322614101,85,-58.061089554785084,-63.732594486661739,-21.289458971050475,-11.351981429100398,-68.858634830121105,-59.161426101852484,54.285878503891453,-70.104294000603815,-22.535224395075325,-84.092842811254314,-1.0947922036487512,-7.7372117021252969,-53.771717737302907,18.242840609375158,81.314908855673636,32.930633599328416,31.510129456965977,81.550837036004125,83.685150929560209,-75.946471950757882,37.258797141466729,-6.4009816814803049,-19.123508590827548,22.174413944741765,-32.581151379216493,-72.559269225783609,-4.3006072028321851,-62.012325443076257,-9.0260041508086175,48.921731587390269,79.548736661910979,-75.819229167541366,37.27157606381666,-8.6591175255899273,31.04505244074155,48.897365014963498
59300,-68900,2.0224133433564195,185.93687894585645,3.8136004142866824,214.83265857642436,80.449069608639121,295.49001643507165,133.4157910327082,820.06570122791413,318.53353036803765,376.3303760237992,603.06935403433761,133.60592306861287,124.67680570427981,56.876486691972815,263.85310814959587,81.361244858076475,604.76744996480647,731.68573252519229,451.681945937563,421.95964334325015,834.3480954633385,321.37835534805532,939.41420088100517,556.83577308354552,266.93398436552349,845.41844845883384,1000,447.57658700643748,356.01146214095729,226.66824386180255,170.95485128166064,248.17284011377987,265.18716174444194,881.49995446965499,877.78265981756613,582.97380589447653,537.35058649642372,594.56592469352461,937.71982304092876,643.69548800329358,501.27722560718576,907.15085049093875,295.14049390276818,654.3030390359977,374.1948167377916,597.11114052723303,275.61772147221046,406.20935116544979,74.890828477614676,169.84744952270981,59.001856147764848,743.94058146703276,800.2504578528567,189.40725584827467,665.33070889637463,894.33971212459664,663.83246287983854,197.36452546819368,256.85342904407185,516.74342205764651,647.68575101058104,419.27128246889612,861.68557982292759,676.90745572338722,261.95728361440854,801.58958812404171,910.28622468247943,21.326887970361653,513.7323193037588,639.97036590057473,186.45656215221786,707.75109767305935,537.44233014008853,524.66532121540877,543.79386668521488,172.91360766054305,275.78172863121523,821.29817316238677,171.29951563598354,764.70173403258741,609.24542194523474,798.96627426671625,305.83978937547982,44.313714642808691,650.62067224452494,771.03591795419857,660.86284156300997,416.82713297985595,731.86757099154352,461.09727279373374,366.60938896656614,78.829382742191768,750.4695855236871,89.814847149376931,359.71644455645463,792.16553156711439,473.26737433114863,727.69130381673324,562.68026999985557,194.72775895499382,184.61917441400075,-31.336764158990821,-55.072146474751598,32.854317742652938,-34.724125532251662,49.16005066889381,-68.249052603648877,-7.1783454652899295,60.674450216804168,-29.544958713163542,-64.867852561522795,-82.372958028088547,5.6889488414424356,-43.775927263304695,18.000430655459681,-71.381286125103486,-6.3307032627158648,-10.083944424850493,67.469955579125681,-31.084673044819695,75.786448045999833,-51.597025830304943,-35.370848195044402,46.396451408254066,-58.988682310812763,32.211669557948092,-70.0956505873407,-22.530291141771531,-46.299132856557705,37.949332745618037,-17.070399755156583,-8.8893127141342774,61.702825372256335,76.560055506440861,54.881807697432919,4.6318848714789222,-20.770217696530825,28.187093930113885,30.600153004953622,84.53080894687416,-59.2967825802466,-44.366992554765638,44.908043576027787,6.0920634367283348,-6.4333761889387402,-24.687235445406149,-54.864068111946736,-7.6790740881674342,22.426469894122082,-15.761873008303363,16.205663846559297,-6.765792119530821,61.888304669777966,35.3091580201855,-82.30729395715359,-1.0868415537692089,16.012705845189021,78.104735468432594,58.710646521960207,52.625667683873999,-48.07031697325742,63.954858584075502,-15.174513550772108,13.489108709257916,-28.516595222395431,-69.797669561865817,-65.077741627254525,-25.295332942635042,36.909518310021291,-68.623816509962055,-65.024562588925676,-10.80430621243848,-70.526718563228215,10.552351704318168,-84.801232084541027,-16.119700716320228,-9.5921422104276708,-36.297742180360714,-7.2199681648165912,82.313264972808227,52.750776625905445,29.931964521406222,26.918493295836775,-29.578932708322768,-52.411586993504315,39.709817296207994,-35.380588434458808,-27.304570676244566,71.120179011972411,-32.389367490581783,-70.154511596481782,-4.8197061720431149,-68.528398856417425,77.741090644266905,49.704461975335398,83.198145253834724,-80.508485806316571,36.986865864039643,-14.643344329058394,29.309484354146207,48.397914988797503
64400,-69400,2.0216166310486066,97.143473647794167,0.69046322333362298,346.95029378941047,66.325701058432315,136.70297482850157,134.68235565751161,788.4074711609353,333.67438660211155,476.21554408623365,602.96621835616804,115.09069723031847,120.09754227022876,14.309729945690634,73.582910589989069,79.96676793681624,602.92721106313581,571.83463242799132,72.308421865154372,386.22516430896712,516.71236123183053,324.92556540046667,410.71296446849624,576.95703164378835,266.86279748465728,845.33267238956466,648.63305205388656,460.31591316533155,56.278680875759051,846.96084862627913,955.33279562547773,647.28176395292462,265.05994093550527,980.08563158563175,328.82582379991459,814.02750964227187,512.14730901682731,892.85540898938655,352.47762505513981,155.01560477711413,528.87914950905952,906.29186017285895,269.50158141921071,620.37385055017035,407.95694036855991,593.82253512435284,275.36531034329806,196.37525779358077,334.63819254463226,178.33274269502658,574.00120509114754,698.76882619577702,835.87364572137312,193.17947091086441,658.60267738012885,636.89385920511688,346.39868278581099,223.77352865630121,932.6644003845837,860.05162695287788,275.40831046499335,409.54995724452669,18.226245188744688,640.28059119624197,389.66579677502546,823.34902174029503,899.9218874960909,542.70878243953177,489.16526800011542,635.24218003043984,194.6564423615892,751.11367130419262,928.40443567077239,530.40042913943387,833.16509813849018,561.74221693145819,267.25364964671741,818.58426123354934,664.19085290473743,762.17251373428348,605.85674277725263,799.47928008260465,18.056492311336001,85.453879720208107,152.08454615564153,764.57365397627223,679.75559951776722,387.75411785675209,230.12676219044681,479.25424790414212,846.15662201479699,135.00560185657341,723.51287853318092,1.934454155356832,367.97134264086992,668.08608490261315,148.79823327751461,712.05652784426775,588.47583376339298,192.27661540092723,173.95920199100595,-30.701520091794922,-39.737164342967937,-27.049312534601569,-70.269100069070561,41.994055955254055,-55.932186185497379,-80.608544841990195,-14.381722292927702,29.031887052706363,-79.947948279197206,57.994939072046598,8.1790592105316104,-43.825519771379589,21.777599435797683,-47.873856501702122,-0.76527007007810255,-10.603612062652573,64.75495843365546,-33.864333485948066,38.187968152576154,72.725848602498019,-43.504393759434137,-83.471964171049066,-27.486620084054582,35.371375775365699,8.9388219104386621,-27.100031428183534,-32.700541106549096,36.05660857645033,-17.149827295338135,-9.0435707351838222,64.990323837143251,71.966775234030649,51.470008420373311,-16.614762054661519,-12.829892900491224,29.185886560634902,84.992725478086456,-23.061917495397935,-61.769956336150074,-73.737436849110537,44.166371806524062,9.326469197855042,-5.7124102173880402,-46.867347281427918,-7.3792982293371949,52.026725541107197,27.051759716642522,-75.324996756434942,15.92215562352181,23.515848756160842,60.931652160593408,34.889389193404313,29.378877744908312,-1.277230111179865,15.95274844787029,80.858731519448909,26.594623530765414,52.433860286331111,-78.774486129723556,39.772933364131916,48.165347023976835,-52.958031618721591,81.285029925910266,-65.023909930908246,-69.866260157054199,37.001475962139146,-11.846962980424658,-68.577936672624958,-62.785725984465671,48.402134327653826,-70.431999343730396,-18.893799774668679,-83.638163159948277,-0.0063766944524934477,-9.5770902262866979,-37.056859003538555,-4.8105890656281076,81.260232239363972,0.77307821547271161,28.566052188054215,82.899155435720417,-7.5125365375702486,45.490191381704335,38.671003006455294,-9.0832275993738705,-26.841950406957682,68.739117379161328,-26.421826779774872,-74.40886240402439,-6.8510966479644839,28.170120283316134,29.04871395584761,49.560841740396263,-53.950602920780241,-81.023289806721863,37.165684987423262,35.636962902808378,29.369838523523534,56.212604253057094
7100,-61200,2.0620145547871744,999.99953467528496,230.66392154356771,342.83662966683715,369.52661020425654,774.08402977408173,135.29056463632165,819.84080742589504,108.58142779544312,383.22601487822192,602.54026913348719,121.25108386360017,125.07482666233061,1.7826709784519039,659.81465334941095,68.053660915906789,608.82026702401834,595.8838144358366,68.374206362228392,396.54328138087948,832.91782123793109,325.04930772494907,941.18170538852257,569.77471426293505,266.90804075423176,885.96375327847329,95.974876765509904,455.17340994956879,7.3553309315868205,678.44068086017842,142.34724076858231,235.11307111884145,27.329323066568964,98.884396259323083,339.98275170097099,814.96435058903671,512.09818646496694,894.71916975320141,473.98555971498797,649.40204953170951,127.69126475597344,878.56802466032582,295.82460830084369,617.53065127700108,705.10181070825888,594.16725606792272,396.70649271185135,201.85425699606594,318.70650352965987,177.18131145926873,592.26201288149127,771.6206895040699,210.60328659377831,188.77079773521771,648.94396384101924,334.57605843952052,662.58382278327917,223.92116178618301,963.50329376396257,488.87606748337072,296.24493457360921,432.67465125813146,829.74644472695525,670.51239807514366,385.54494308558088,87.968013684995697,903.43537008868611,908.88240977372777,517.96662247444397,630.30406923711962,183.60874594620512,742.74414246008189,989.88775469443965,529.00258371692769,561.05862692540745,553.18255070660689,20.291898312956121,819.60204476358967,303.28071254347213,634.11201063086276,52.146042082346177,830.80526751220361,53.076370225685821,278.93957754323975,207.84108413179368,928.73980275343797,667.7338104244518,417.60164614457983,58.329302557522681,458.95532077034545,423.81760128019516,131.95189481938633,748.64865525224252,802.26365466387188,348.14253508403795,800.52651800976378,457.68866714243791,716.15410965968204,564.03344669737783,197.23717870846247,216.48362365751572,-31.369373163042013,-39.051393146466694,31.794964097329686,-34.352249995248499,40.287296284115001,-67.759656300580858,-81.516103590238515,57.45973248499412,27.536227995543037,-79.779084235141198,54.928299829558753,6.5778525896538831,-44.573635850323171,20.84076119340294,-68.116195385249114,1.0728540771363768,-9.512624685456144,64.817583215164461,-26.845823531942489,62.216527418330024,-47.980333500088413,-39.729107460484144,-79.885308712331323,-57.229808142699625,29.782297003188226,-69.073917381482588,-23.594641550685068,-26.613993631932509,37.537024115780085,-17.123884133119326,0.71409927375366999,60.047152585278354,73.014654740106124,-35.006923093285629,9.2432554995390763,-17.597023974667131,29.170787257451849,84.568130280765487,84.97329954712211,-61.612852365546956,-75.203854388857565,44.381336115628898,5.0463287432285409,-10.006674072639086,-24.731752699077681,-54.007233172496733,-10.769682063088633,25.851679020677405,-80.68511111527188,17.39760891530187,-6.6962127070348547,61.752470528705004,32.017400379904949,-61.619374484639003,-3.4624380860097408,21.238713034678533,81.947760981536248,27.416263410442692,53.210167990463063,-77.527810099450008,64.366920521776066,42.526357070847403,-43.109671495627971,-30.370379180364665,-68.72493952275363,-65.314376799518328,-21.162803195935293,35.06168506363187,-69.027272570310203,-3.330246323654773,59.767854022980309,-70.559991371701059,-10.854336235446315,-34.455305003031135,5.0277544988701406,-9.6984580571645758,-51.7056391293373,-7.1092127375784804,70.415966920100715,-0.54820292175112184,31.574052909215972,78.155668275170939,-3.3901670079400539,44.439737625765972,35.899115399431643,-9.8645138100406928,-43.284943236307782,68.122385927809702,-32.152738376854067,-69.87831488041536,-4.6241110400554799,-65.928441232909023,-12.129641818233956,49.587470938293414,-53.555636256926874,-78.351159756962389,36.994272124227543,-11.103962722104999,30.172829293795122,55.709698996377661
51800,-68000,2.059172551541852,317.21356658870104,4.0481203787413333,292.72135919527108,59.715870350413176,259.45321657502154,57.857613949072551,548.39392399666372,131.72434041386447,375.86915980672131,615.62196462616009,106.24965158746653,372.39180681924256,40.598082407872241,594.63457809099123,84.71673290114073,570.020977066922,698.06568753086435,69.183702019387738,386.98892144881171,797.60194725293093,506.90769218552521,922.49515988787755,581.6957152427151,262.02896663110482,843.92149244656434,162.95458051421602,407.07968071517183,857.60627781334074,830.63736832930067,128.67155571171276,628.59411072148919,835.16867478749816,826.09329720988023,871.32419580094597,818.60589414388858,547.04967254421626,391.2529374434597,486.58375935257033,458.55807839167682,513.56208640730597,805.87891856361432,233.58000854167918,526.18226949140876,250.36938275432885,595.28127344279028,341.80985514572325,181.43885463646725,324.50624604632975,169.45808034957537,565.66668655675903,35.134052179537811,813.33940543880726,189.31370546868166,659.44863806307069,874.87632110002153,663.29730857453683,430.19515791842531,68.700253275156726,501.45020248187632,663.78373879727189,428.88184233208466,7.7664039675741456,677.02013061943126,247.70618644403211,808.60147042442031,653.28496651347223,963.99806213905629,445.87923370960857,640.07706934317707,163.05964879516242,718.56760666695084,532.94487942854551,530.85495232561573,834.36020307384626,523.38578097699781,275.31607330727599,822.19386863138777,161.06825284840789,640.51167948960006,73.596673123167108,796.23774215949186,295.05560887261021,274.67540627279277,151.60913375492765,841.04115697509701,633.87326790405461,378.72871867717276,749.74101327857136,456.87403016770799,448.46849184512047,454.66703029112426,722.97851696108273,23.032469101922004,811.70943206541335,810.81104587602408,450.07265250894699,717.27298641559628,579.15371690378561,340.0062931537766,53.842091136302606,-31.085200286156507,-54.960954537766412,-32.572015594946578,-33.685477487924807,50.212505259425235,-60.596672952102736,-77.326427371791823,-48.082436188310353,-31.140310392048349,15.345423290567521,-78.120214372812029,5.2094343217616501,-43.723153289547,25.365873826515326,-51.258358273695038,-10.404903738706073,-11.469699213679085,64.965025619199778,71.153814111208504,1.5124387655285516,79.095611553788544,14.58719121779786,-84.897790290173589,-26.43877964963691,31.089999992594244,3.9674164720503811,-22.550594065344125,-32.131724598337186,-53.149707760381617,-17.072280058616411,0.68583337461189031,-15.186493348626524,77.024623694510382,-31.976133551090239,1.6126108877977359,-21.037156024505173,29.330305092044288,82.096736526468533,73.035660817413827,-61.69611897948058,-48.7574251257494,-2.0851504468481217,5.1239128066994954,-8.8654244974823531,-25.692805160070673,-15.665324933060141,-6.9187376449730289,77.827815040541054,-73.745482950242035,17.062070654399665,-6.3661607695156066,61.280833182719164,35.934550224803857,-79.970731485718076,9.8784353510828939,16.052485937216531,-34.109973606943448,29.89252515450756,52.382311072163731,-80.525655869471279,62.657009983248564,-12.739271556718954,-49.604891226948496,-35.61259378146007,-78.132973727534477,-32.468611882783605,75.970783593128843,40.612095790039035,-68.611681880925374,-63.327513521785349,-12.967609381821632,-71.239308566585393,-20.905676854685044,-84.871135795943331,-17.43772428515431,-8.7545446629554569,-34.283726410626535,-4.0373343842390987,84.232468200017109,29.260606753094645,31.606166141100076,75.694170979237867,-28.724424873279894,-51.416918361757823,39.716744298002901,-34.994963617509917,-27.271529131566254,69.456207072827183,-24.692253276484784,-72.354295010084869,-4.8013643466725542,-62.1595998968386,-9.8129314336795925,48.848265249783537,75.854154133277547,-80.524467928496918,37.022675652295888,-45.442051952468518,29.636968455837017,45.403759989946082
61100,-69000,2.0018608248243139,156.48286753570665,2.144877165372141,299.7796770040207,73.687358612020972,769.96750987212215,105.39447421783359,542.18414749183876,325.18231961068591,373.00681539702418,603.02077456887469,121.99354642400827,639.2236973789918,25.733928737378307,288.55792124598179,80.748030247373151,606.17762575941708,709.41914087569978,65.964674023481308,395.5347719870125,842.66552978934533,91.749042053633801,910.33664917259807,544.33718884268296,262.43471711135601,847.43134110282733,152.49036119980281,406.95326140270618,859.43398857420937,196.91806691177254,169.41976243724423,230.07474318327169,265.13064706226567,961.83724462057626,346.08595794958546,819.74459144715229,553.60269965295083,925.922441715074,400.87758672900765,427.20293696610497,515.2456817730133,904.27436877187972,312.02063020870236,619.38788288887486,375.53335457535746,598.26992057622545,272.12706904311216,207.15422075628882,325.34919271040559,137.47200096377787,587.44296202651253,4.9241879399330628,200.17077188878915,151.53816054985268,662.00694504270837,647.27834342593178,630.02723561849962,229.85825708498862,85.800125011888667,979.32995275323185,170.09647450577688,436.0063709438856,25.865630454430516,655.39249955358218,515.47243963590881,793.25712944028407,649.45236539696361,950.14589440559826,537.21394379403409,634.4806850543921,144.6400930656531,750.60080582829289,933.39691980179259,528.71407927918494,572.90800059091123,502.3763098738998,42.166753063637429,819.71464482701413,172.81686470654631,633.45786804673207,66.207003540288312,825.93185911996738,293.44498384784362,270.6493374147488,214.68959510507267,755.29534601884382,680.15822279058784,421.07750886487207,750.51015353511752,456.65494129127256,821.07527428867445,531.78472998015855,723.98606383805793,34.88672990459154,873.44117000303049,799.91491495629441,414.4329631183694,718.45446714215689,607.12266698690473,188.87329432786663,51.849067816038229,-31.102526277417891,-53.14072723880804,-25.089649281982581,-59.400155505720122,39.875716207550788,32.630949018257141,-74.296429645431672,56.263424303358008,26.874629518087161,-66.122444714724622,-79.501165852790521,6.6375743053216265,-43.284449910918909,20.458879701450019,-52.924553643493098,-0.69137815109077216,-11.179842405425767,67.533480502420545,64.43871641632316,-1.4670041720081688,-44.082109283603117,-43.182746897490652,-80.817724265910755,-27.464776778820113,53.482691963148817,12.685557765152392,-27.084615392644828,34.122697619922185,-55.841051939915118,-15.662800953970057,-2.5410131976278807,-19.10426032458367,73.129355641570456,58.880373109493974,4.9440085899742279,-14.571809976039301,20.991279621217814,83.597218837232646,85,-29.742152864986203,-78.594246918171351,44.910684347630806,4.9921617576323509,-2.1018730941862884,-25.683205836518937,-12.325839328997166,-0.099601645817248841,76.296158816089445,-81.866906030012984,-24.024262713258075,-4.6164965245441287,60.821135790434141,36.067819544978178,-80.062561838891511,-1.5199472130810259,18.489780833182465,-42.408253273049496,62.899156179686116,52.460714182033037,-45.681381767370809,59.859258627528227,-35.396106073083487,-49.603163177878315,4.2160761984304287,69.159198122071103,-32.736754371765571,78.661540529965791,40.970039188193553,-68.61722019193958,-63.638473782846674,68.723997015575065,19.58514604082292,-21.181026532665019,-84.04237900235141,-1.8000071517335601,-9.6188529368898834,-36.356655808697873,-61.32682965086272,83.936038940098712,1.8046149014535722,31.626088862203606,49.11343233764687,6.2194952327829265,-70.822495668142949,36.343454094156236,-72.190302985057443,-27.477445864250864,69.991221453282307,-31.922763784986763,-69.979325785028038,-4.6062473504478296,-62.081443032880898,-13.218381155827075,48.835636184624718,63.555134010048114,-78.295302701539043,37.329697518657021,-16.889885986469537,28.341980932340352,49.539827745631847
1100,-42500,2.0608381981017136,999.76321972179642,170.97089316956215,684.51790379223792,66.821960052036872,185.78725999802515,135.43848753053291,808.26306830295675,337.71330034727009,472.77175636593188,603.8275481446143,361.13358113457787,114.96558116486614,13.256781356554569,687.41468159773046,80.287425311869171,509.58600059320804,703.00461814533571,100.89324502469628,386.74846418835034,512.03703884435959,339.60984313771939,917.77054631232295,579.61097294606782,267.0776580232025,872.16821206849863,976.4847296536318,105.98540998890721,852.47981645618768,858.20842795928377,976.73434401092993,633.38989273693198,51.871359991195391,123.84401524079516,326.45802227586773,819.25745632654116,973.65494767692121,894.22735209846371,346.84110064195261,456.77845032312291,543.65903283527484,491.7918823070865,672.49114688046279,379.06983752302068,366.92971721496218,598.30330366197097,395.28361308702216,180.81727807954064,130.33163161739432,178.10539633947977,559.01956949934413,51.175810863185959,693.41183011247665,192.93055937520563,627.7560133476353,387.43148603951011,348.97966587545989,222.58702425187744,928.17694870551782,905.88726737247521,274.87444029812946,396.46971285119611,942.37417237898046,26.078350978813322,654.54586691455415,56.069977408017969,827.40895608970789,902.22519256200428,517.60159216371278,774.41469590450913,137.6271235246349,735.69079283135079,944.14999315440105,532.16892943425432,824.78993385499405,552.96060796372149,260.38920335858234,821.81901455052412,283.27269688416811,756.61487640136249,73.510451256426634,801.16677423695069,34.663955781930426,289.82545903683234,188.95247089660748,769.374714481973,677.15412647664755,386.83739049234919,777.53991923944977,480.22336888539661,825.23800375300016,122.59722933364384,749.59362905301577,22.943197332360395,368.92802459947927,681.11039362659619,124.86357117055306,712.85638561605185,588.36538933358099,192.78553237628304,54.944498853103241,-20.525213953558687,-22.745387736625425,-34.01552843213608,-33.438787947145336,41.838766836689089,-64.769176580290448,23.812992288208275,54.889070907758736,27.446285117518393,-77.344818087340727,59.389065960548081,62.956253479425229,-42.445096501264061,21.646557034066987,-3.1098326659911493,-60.974475670621452,35.800564906409448,64.767513199356912,71.503096496689963,-73.089674780853798,66.734178174169827,10.006717435162807,-84.727482449053966,-26.637866018236288,35.052896424599467,-80.419440794797254,-26.83867199722566,-29.579076261372663,34.935231271983461,-17.141299723759044,-0.18000410209412721,64.730100053895541,72.040885316202576,53.92739270254269,-18.090920297204029,-20.665279709615003,29.049183948600916,82.820601314134734,80.588907852703059,-61.760275055949819,-79.723676708853574,43.447442514312627,9.3733255120252785,83.381916565603333,-24.838300167511942,-8.1733778956833341,50.72773042307098,25.099255833127273,-14.407880997018399,15.946807132153383,-6.5840497682541024,57.777825093746358,34.888934010979845,-71.136098765729855,12.192874380850414,15.902731087038143,-16.488968313802133,-18.339478684043087,52.432228352777116,-82.081931922602465,-17.42888407568811,46.519978815200183,-49.126491242608253,36.124784744557992,37.269701584742769,-13.708856334189424,42.016466024695639,38.448574423434849,-68.577416831028756,2.3193167417794243,61.088962931962975,25.322154839748425,74.894155099439558,-82.221563075322564,5.159906070238228,-15.747067215141755,-36.04848612707432,-1.9366710301406687,80.324571080421975,31.302359308550077,31.699923842628582,26.511723552768494,-2.7124890777516804,45.511639108361763,37.392430535955107,-37.566115121771041,-26.825329170360444,65.66616704959236,-28.593734980016659,-70.176983580919966,-7.0869841555661628,-65.215034917741292,29.092274022870622,51.320094461659018,-52.826957512129482,-80.971910297964897,37.134838637102547,37.707851716333522,-32.898781549651133,55.610083530650705
56200,-68500,2.0040350471247077,240.43575595459964,3.1527892382195564,218.77332025115123,51.691219887147682,260.15120989444472,134.35082642048201,835.19188685529036,329.71629625416375,459.69451870273502,602.80997922958841,121.68043625069852,613.58643502986695,296.50478953028738,63.40347589539877,84.672469181718441,520.13885242880519,722.32414315897404,23.834161676528367,396.68608253866029,829.97345909339913,108.52616687580878,923.04110743790409,545.08151544078589,270.48080751724694,846.53826691093354,681.42588905540083,812.60429627713984,975.85639827527916,195.97747593261639,148.58408446931298,243.96717780363653,14.006564884284572,877.78327103068932,349.81805671295967,819.56617494629666,575.71402486108377,925.86760819121082,402.92665135057672,450.91267999181002,48.354253268666781,909.90714830887259,270.4426163162388,385.75120198282389,372.11781119897319,593.81712759253139,274.50486774829386,210.84848599771414,320.58266140974661,171.83633954845467,204.27943320801182,37.729806028973201,189.08803009354912,187.64283651303208,659.74789835665888,639.70961906787113,337.60817918301711,476.40078089265506,907.39652553777455,520.92392415774236,158.46671556804461,721.00532372854104,695.22366286345596,55.812565155703908,264.45219781334885,846.36532771368127,821.82464886581954,949.68937157772575,528.76070604404345,636.79015188805249,181.82010044534667,756.55887779321279,928.629817128181,531.04824504114879,801.76818627106979,505.3871702949279,275.32003131945112,821.99272145087014,296.92693569048527,629.41193016012778,584.66784302405631,799.58524052923542,813.27446801871315,80.988573802936386,146.49496695776949,755.11516845728772,680.07147300559143,389.10504809884429,45.057173436005428,488.12369052690542,839.5977068387283,473.75541663915527,751.00496722413868,20.384975745397469,861.63124544193158,663.00947244664337,413.28537311826676,717.86465741269637,562.80724873775364,193.12531054735891,43.654871608887461,-30.957153711976385,-40.04049783773565,21.856552740273131,-35.212044661313783,42.933678469330744,10.462512656459925,-74.063408912886104,56.727901056903129,28.828257332177333,-77.14351467595273,55.167900308340748,2.655643150177454,-44.081702795400069,20.53056065043382,-48.633319468530246,-4.3446049205951276,-10.466257936022124,71.413379559982147,63.420336769894938,-71.227220358747246,-47.688003854555497,-43.128752149393726,-83.440456572471632,-27.636332628152942,56.203368520409086,-74.452765251849726,-27.103714884533673,34.137633607585528,-21.194775825612105,-17.24290894414295,-8.7744467163901856,47.915043161862258,76.869686669940265,-28.326098741194166,4.11480417593061,-17.149605759978293,53.620825544484283,83.165765390887302,-18.367398614338089,-61.684692455719244,-41.838290763590116,46.357258622684213,5.8879445166768702,-7.88907948885719,-26.622966994914698,-58.180486018729269,-0.32582072827686837,25.227492338326357,-10.381971280454625,14.506790826122611,-6.4467175870123796,60.87120620615439,34.770632162229205,-76.871944696615671,-0.56844950202346989,22.30606164459979,76.144257438855092,-23.853416101789609,65.325558636398682,64.057648370301322,59.897504564258611,-10.738109628142739,-43.228834638592197,2.3274281231776324,60.037106180701223,-68.567677038126561,41.590739313317222,38.1868863522213,-68.583591053179944,-61.734369387596061,54.347360586026973,-76.425403848950509,-15.22550749036408,-84.649777713637249,3.3984479618732513,-9.683185770925947,-37.182386377960277,33.951912397615772,82.183256766033665,1.964226119034022,29.945161315113456,84.966695756408683,-2.3907169686125771,46.77580832159947,37.160944716349569,-72.929702861119893,-22.375968025381766,71.846530898164048,-31.919589493818652,-68.255156335948044,-4.3992121878028048,-61.765917593212393,31.661041565229983,49.57133521547766,70.390552221736982,-78.269977583426794,36.992478440646266,-10.621745645024077,30.072275759432799,48.847586220069836
56700,-68600,2.0055711690834119,231.59406013682417,4.0942016799033967,302.44945677890342,60.836213679520064,246.81022806431616,105.86700150251949,537.5414796369829,328.74541628905905,372.91190543428223,603.18237361529589,74.674012545158178,377.19955790500762,40.559516428469891,282.47990873598246,79.73527266088189,500.25537114460087,524.22208016490879,58.02502976086037,389.98411480903479,827.72766495691474,325.36664035188733,919.51596741752508,573.42964638966123,262.36423118364951,845.09231290559876,969.47001480135259,407.14650833573245,353.1337574006464,709.07928991973108,184.34608483558137,643.96079912759626,141.58765444310995,953.70527919208246,875.24255660277743,818.22789126910334,539.06045334616294,379.75504729536141,487.72651263515911,458.84096082001599,511.51690569795363,811.39038436916155,270.38795211232429,655.00583474511609,381.81172622403858,595.48072043130423,394.02054864687483,184.77343074540275,325.4235558545351,871.9983491407188,211.45861088359334,35.261638450988585,254.97132682306665,189.39933078651558,625.31769151190065,645.70367324397193,660.95912322809795,213.71415532247897,69.701954852860993,960.37623500123823,631.43922899841004,427.78008679396464,7.9860671020339948,680.0822227211263,511.6972583597763,793.00948235714907,911.04289089882423,953.0500870469516,532.35456186611225,634.74246338011073,163.87249777276128,723.03258866887541,585.89490857969031,528.8747498716773,832.49197642089791,205.34772082864831,277.88650875591077,819.14380323337912,171.1148421755137,638.28523685021878,65.367253647800666,796.3946283191533,293.30417921039435,276.46790572898772,173.90633829352981,844.84213703886849,681.88276568003698,394.62376613939523,753.37223754309184,457.94302132044436,825.66649326044023,460.20613163862316,721.45951669386307,34.94709799095255,890.35168652425386,798.7968546741173,370.78184346269205,716.83434174869308,579.81308000034437,341.21552377313901,52.637491416197697,-31.100157238692034,-54.964359008761051,20.118504076221448,-59.525464365721191,43.033523789173103,28.827662774928982,-75.268248642784627,-55.977978467693767,43.726343900392784,-71.665013214698234,-77.604145374816781,6.7854098373842833,-43.292705195969212,21.321464342098558,-51.329528167345629,-6.6773745905386228,-13.087685402959975,67.57781430856663,73.070863383289009,-2.6926341653038941,74.029865400312701,13.359943626987844,-77.407098922374161,-26.073715274231557,31.070979755660463,1.636494914032907,53.222578818023024,-31.73508062684752,-56.424907499703728,-17.075488380757392,0.44890978862324227,-9.326412202921663,77.664589202015449,47.615724233787979,2.980268597184601,-20.673878157326826,22.724302537799829,81.979869139076797,84.917906024355901,-28.799138502083533,-49.282471126148756,44.875214638303852,4.9629194577313189,-8.9972525312079306,-25.69416211206784,-68.893876705373344,-1.4986969229264715,26.631138663552406,-80.156729788788184,18.383277667206677,-6.4081687463691095,61.259415229921203,36.037722795923145,-80.058325228181673,9.9901156473556316,18.716426046923434,-21.279361975262059,27.863891120300359,52.381141049464468,18.68351618854765,60.52466799517746,-34.32707800616889,-49.611687636179724,1.3479611264386051,-76.611224427343473,-32.068648549687069,76.003764589889556,39.676546965581863,-68.618610942557112,-63.658063562771723,-9.6133787684959131,-73.179632066692392,-21.049430659989778,-84.462200168484401,-2.0694610661093504,-8.6303278606522014,-34.163378443749686,-4.6094359615919132,83.930239948727589,51.278141912847495,31.545445646880964,48.832585161025222,-27.937396247998201,-52.262829596838763,36.380249186602114,-36.926834164337798,-27.273813120566057,69.998663997839927,-48.012674538294192,-74.573211481275933,-4.5944065569931922,-62.357910314239973,29.362100155165098,48.829948171944487,-63.059428325189025,-80.531225667487945,37.324391816455496,60.01084373932153,27.787195798255752,53.805787059524981
15300,-63900,2.0029485026819449,967.22224818156917,4.8071775846558822,345.54898900357642,387.39805126529774,152.34209276522557,134.761370123246,221.71873450396652,107.82346114468706,473.64962276220348,602.69132395620875,115.11006376974393,303.97355926040751,289.12297440325597,64.030241522846296,82.364390539785845,606.9105115491958,520.76322873522133,64.097082807899739,376.88267255708706,826.35153266533791,322.93017778590632,911.8247150265687,543.92821265508462,270.29609663441465,870.43558519962903,616.88717802167048,440.16098288019435,77.710714769387607,205.91555667442276,912.25680468608789,648.77765795438802,266.55233051902258,861.35985141494632,586.9223365650148,821.37825732239571,527.75337750798792,954.96602316946951,455.01124915995126,143.47667799374869,461.14771916971824,816.32898577052515,269.48563506182415,655.15807811878881,372.02464771945347,593.86421483619426,276.58909696401093,195.83468725274616,79.128303998242799,172.14573061113808,577.1954552791118,705.84346946017104,846.96377254217043,155.22362726747565,656.33120261181193,631.42340587523722,570.06462641304392,204.96418634272948,913.68905821868429,1000,277.03584244663557,403.80127870540787,17.012712171265832,129.67380791015069,386.52597141271599,854.71847603044046,905.22464189215111,525.22041216401817,537.74064327103781,646.63646460712562,140.2519607867078,25.467625978036665,928.39342094909239,520.55190775178028,827.60568794671974,175.08412817434836,301.90918673105148,800.4867325437109,163.40935004229308,636.88293983622623,588.94743198528829,799.53746737058407,310.40599145136628,169.34904877432166,152.29426417412449,752.99423264312236,678.06032735669942,985.38216102430522,57.951917979788121,481.49522494974917,841.38230149840592,96.241907713424894,724.20075525010145,883.44947404622803,850.08738832757956,667.79668632477762,462.20277606640326,723.47573804398394,566.08376874431133,204.6260193684239,199.814833868807,-31.403286488244355,-50.834116526952315,29.222819692458692,-33.020726909579764,47.766990901329962,8.2889945143152524,-81.310692536576283,-13.829551990787888,27.743978481646472,-74.99572427542742,55.129530151026898,2.5645834033149137,-43.529157515642176,21.652738866532069,-2.0698463132071794,-5.9883290999309313,-11.190786287399272,70.238385426358178,-33.041547398078933,29.081169496410606,76.776827375106848,-43.505881473471078,44.116426157182076,-27.500020590870378,33.617455278255285,-75.509297533578717,-25.716828542865397,35.003829225521258,42.121928893153019,-17.614017925357537,-3.7159853485119534,59.573791532084968,76.968627021631946,53.250731155964509,4.8543323722166534,-17.929961578322452,28.354121687213748,80.658047218548262,85,-60.673630951706009,63.533411560517997,44.700529839322321,9.3738950810594321,-11.232962320887196,-47.578089590862824,-3.9366830585440873,-7.8260971879556083,27.648877858504537,-16.318008710774098,15.611906217177884,-6.7368997276886855,60.975535187452031,35.961550945824527,23.181309544958776,-1.388208387434301,16.381933688472614,19.710401369318937,61.776508277972937,34.97966944402944,59.794847874592769,-21.98383496680043,-13.30130974325149,-52.830757462830938,-16.095027889994086,-71.207800411466252,-69.930128370713362,-20.799061302224409,36.242392506466288,-68.586269913335258,-8.529619352946586,54.693893983167087,26.944688154533473,-21.635783971428037,-83.984102177826415,-17.169347523751881,-9.6925060545028767,-37.183683827777124,15.174243342350685,84.777142149871722,0.81610517979092667,29.872007450292219,85,-5.3101406669494455,49.897640764110861,39.025805794820819,-7.4123219893714705,-26.048642358013733,65.766621011928919,-25.001725104798933,21.047127220213902,-4.4752488478834547,21.932036911654944,30.455108053765123,48.910405987451782,-54.672154193299818,-72.71397276243458,37.607424466882037,-22.867453605720669,29.389635329699473,49.137299538839621
4000,-45400,2.0334364133332135,948.79935116873173,216.60465461243268,681.41105645734467,72.092035417392765,808.37398998891854,143.95610631130208,781.37445833118841,333.08745834729763,369.18280761859751,604.73931734189955,370.13442584515957,286.19931846888579,324.34054839989182,615.04764218821549,79.668612558518333,518.90494196142436,727.73087851180662,585.82300758064207,65.203523765788049,796.9959959230506,148.40686969296306,362.76425270707261,579.63715193401322,262.14071033769613,767.66604995565513,106.66274146794012,105.3969654044166,848.7465478856659,201.78329500351589,75.555337792970818,697.55149096422622,223.28588884549384,127.92391081966207,362.44031102843024,818.78442969896321,559.12946418116633,379.91673589805669,419.48894759265505,460.28002630068943,117.15984419527499,487.12301532381258,674.32096363694632,649.84557627102913,747.35921922195303,312.16996151503531,274.30059967252146,200.97907438081518,75.120774695363778,153.30146661396051,44.774128231112343,44.433745082561728,215.27628029011996,195.82690227436458,327.42908246998195,647.93318918268176,347.24296195791294,475.39313331567536,329.26345741982135,874.05778722554169,286.81937126966693,705.36203532900936,705.41396479594357,55.860273297628083,654.30842445900669,837.55120277948936,910.66748382309379,897.01089197265583,524.7357207335582,529.27748220951935,165.7608005190437,735.61697173015659,16.026480151284957,489.46357867436222,834.28247930590931,528.59342840809848,273.11318029200163,833.38350735950928,313.60415801156785,757.63503495795544,60.541198716981157,800.53937947268116,46.056378490189886,285.21560633048455,197.04905147500369,739.75942023807124,675.91063839526885,415.48109639785253,760.68999484381652,182.74654547973284,842.64575217375,454.96394339979543,741.58948963381886,13.953781350874646,769.54937926274147,804.86977261683728,120.58544635337441,725.8706530674541,885.51986563876403,196.97004813077396,220.41406077834807,-21.392823528127735,-24.280298919818378,-33.703534815488382,-34.063585301651869,50.342210923628791,-57.349996170261697,-48.946586217588575,51.72622921590105,28.872513018145934,-77.386872473471129,-56.887822068207939,61.312277480487552,-31.368698194910209,73.840090671426907,-70.89860705323261,-60.65533871740503,28.043289030219466,64.834288713864083,71.332150190617739,-74.622590550814039,27.030329239060482,9.9422307357303872,-84.666847452886969,-26.647887894150251,61.081917655021655,-79.640848415279294,-26.106930277586521,39.091968941335047,32.326343865328582,-17.184087882835396,-0.11325764220759396,58.399212411778372,74.70029750346383,50.843175050717022,-72.099328365359071,-20.21180781776868,-5.15939916424648,82.88843358125041,78.511353553006799,-65.691286809131626,-73.814446375050636,0.26921927782161525,5.8279670875305225,77.576018682652219,-24.801939803131965,-6.4513818094024451,-5.2303953083845975,82.027698507714092,-78.421770502611878,16.268528705529221,-5.9729914587545236,57.784137266009168,-7.694367936692899,21.656837002248338,-2.7077693381250683,20.998560203260702,-26.454995576092266,-31.539297236876031,52.420272159701177,-81.960701760767364,-18.115439649957331,-40.036074651481393,-49.140495689911063,38.331413957795647,46.43528461557419,62.907470336937976,-24.029677369029962,39.036602225812132,-68.491305823215868,-71.023831006946267,62.816719326036164,25.259646372063429,75.593946538241241,-81.97297848513999,4.9345990960504569,-12.1950444859154,-35.632322574895255,-3.2191486767911321,81.239079245986076,1.5162651858526885,31.559508688472778,81.459516354125981,-1.8239168114989406,-0.40289012121250778,39.739881597130811,-36.314806038661708,-27.315648663545339,65.693316648255333,-28.07751658187123,49.336653557512264,-4.9287984955787572,38.477369241962634,20.094617199399856,49.54645458989831,57.930213049056036,-81.703208254373706,37.237724120605279,-50.905203656288059,-29.846018525986107,45.714698564430762
13200,-63600,2.0005228352290101,1000,4.0657688645925276,341.06228287606774,76.092752128202221,267.04230594967657,105.75715285071297,821.07195934424419,261.84647037829063,382.96574849519595,615.16296586404712,93.212176850198233,323.20883983172735,38.423760679657633,52.777162991235627,79.880898315450835,541.33891019409168,711.17946587123174,78.378930805908112,397.32688041792341,68.194796525021644,527.96267260986633,413.40527372979142,582.80149429277242,261.92169626139304,863.83908037387835,1000,434.15740223066285,853.5861026601317,684.49980771911464,907.82210735048318,642.94548036415881,789.25679788330535,967.12259181819422,359.01670903027298,819.49365181070186,563.0985929101829,394.68053828632844,417.21715423737032,463.58927029301384,666.26549492175491,888.034956727397,283.96244526273051,379.74170303468787,401.02649965139392,596.8298568558256,402.02070902828103,182.208829427203,314.91692673225901,155.29947544724692,61.140097172311641,45.471861208590923,264.80140424603553,195.78809459430582,660.87612449215658,869.2612577000516,564.37731686494749,178.17306760197181,63.946699672358392,967.05110676108313,259.24916628938047,403.72160844172242,906.45260413919164,642.12361941077734,269.62611412781865,86.653348200973298,629.65338031308261,897.96675348211761,485.93067475773967,647.36137529670862,136.33803285300462,734.44604151593285,942.63736503247139,529.76587236939497,811.1470525032363,186.22541954097079,258.26586357374106,800.27883798665005,623.89442794133038,653.28185952554975,570.91854153104714,800.4783810011603,325.4664443213432,699.52068147077853,194.01850557399302,778.72341901801633,631.10760897891225,383.7876559132589,746.75016005878979,457.06348204554467,387.46454387727266,95.820821716889583,749.20484971956341,16.357783467792842,328.78598111768036,666.55923546480153,442.92207835193585,717.92516174532989,577.84137742056009,200.42231350667925,54.664560315671963,-31.142579158501118,-49.099925791360739,-34.300474848274803,-34.727980728501606,49.256100142878388,-80.859485167203914,-75.170359712174204,-50.082507771616328,44.737763378754281,-74.20897806641419,64.303533366249553,8.7042679154479572,-43.848076100682874,17.773000393579881,-49.47029367109397,-3.4018720311089932,-11.027253773168717,67.603219434920518,75.695490026119316,1.2340067971161743,74.308348773560567,10.473735776568533,-80.055015449039686,-53.273693823891108,34.749674551705908,2.8652404673459628,-22.600793410186004,-29.886199220988427,34.140227486921241,-17.082214416506758,-0.15262955505958214,59.775991703129151,71.632463028562242,8.1261344217046894,-73.884325174560814,14.011796558479643,22.294011237079488,83.078048587005767,80.313769826598062,-61.744675592319325,-49.939140416312732,44.750637436171004,5.134929071960955,-3.7910521313898045,-26.110262810632289,-4.378800376109039,53.269404012161431,-56.003096013592909,-74.450803168798558,15.48307387313516,-6.7184663203768844,58.55895707194064,34.858346820089345,36.620204204829307,9.7833004600826978,21.473549824061028,22.112807424667508,27.90771712478881,52.394972972872331,-80.610883684425673,61.431842189161344,-75.650602456317827,-54.426842491074808,85,-75.48093774208013,-32.115888846243372,-28.944581651080121,34.843099271835932,-68.618639232923897,-61.321372270082712,60.999396558465833,-38.712580567829619,-12.913587794868008,-84.181592506000811,-15.852766366198566,-8.6918776416882881,-35.322647132951268,-59.150084243686152,81.462873073071918,51.652037232361835,31.621995195601226,81.68961851146436,84.318332963343863,-51.395364523006471,38.701211351216273,-30.461033215991979,-27.658469113819773,69.195314842585134,-32.802166664588682,-72.713878761383384,-4.7702828866266938,-71.139170801236929,-9.2507617505828446,48.960599972590309,73.066627773050868,-80.977401139439436,36.784741755842624,85,30.656535797094854,55.633057116174328
51800,-68000,2.059172551541852,317.21356658870104,4.0481203787413333,292.72135919527108,59.715870350413176,259.45321657502154,57.857613949072551,548.39392399666372,131.72434041386447,375.86915980672131,615.62196462616009,106.24965158746653,372.39180681924256,40.598082407872241,594.63457809099123,84.71673290114073,570.020977066922,698.06568753086435,69.183702019387738,386.98892144881171,797.60194725293093,506.90769218552521,922.49515988787755,581.6957152427151,262.02896663110482,843.92149244656434,162.95458051421602,407.07968071517183,857.60627781334074,830.63736832930067,128.67155571171276,628.59411072148919,835.16867478749816,826.09329720988023,871.32419580094597,818.60589414388858,547.04967254421626,391.2529374434597,486.58375935257033,458.55807839167682,513.56208640730597,805.87891856361432,233.58000854167918,526.18226949140876,250.36938275432885,595.28127344279028,341.80985514572325,181.43885463646725,324.50624604632975,169.45808034957537,565.66668655675903,35.134052179537811,813.33940543880726,189.31370546868166,659.44863806307069,874.87632110002153,663.29730857453683,430.19515791842531,68.700253275156726,501.45020248187632,663.78373879727189,428.88184233208466,7.7664039675741456,677.02013061943126,247.70618644403211,808.60147042442031,653.28496651347223,963.99806213905629,445.87923370960857,640.07706934317707,163.05964879516242,718.56760666695084,532.94487942854551,530.85495232561573,834.36020307384626,523.38578097699781,275.31607330727599,822.19386863138777,161.06825284840789,640.51167948960006,73.596673123167108,796.23774215949186,295.05560887261021,274.67540627279277,151.60913375492765,841.04115697509701,633.87326790405461,378.72871867717276,749.74101327857136,456.87403016770799,448.46849184512047,454.66703029112426,722.97851696108273,23.032469101922004,811.70943206541335,810.81104587602408,450.07265250894699,717.27298641559628,579.15371690378561,340.0062931537766,53.842091136302606,-31.085200286156507,-54.960954537766412,-32.572015594946578,-33.685477487924807,50.212505259425235,-60.596672952102736,-77.326427371791823,-48.082436188310353,-31.140310392048349,15.345423290567521,-78.120214372812029,5.2094343217616501,-43.723153289547,25.365873826515326,-51.258358273695038,-10.404903738706073,-11.469699213679085,64.965025619199778,71.153814111208504,1.5124387655285516,79.095611553788544,14.58719121779786,-84.897790290173589,-26.43877964963691,31.089999992594244,3.9674164720503811,-22.550594065344125,-32.131724598337186,-53.149707760381617,-17.072280058616411,0.68583337461189031,-15.186493348626524,77.024623694510382,-31.976133551090239,1.6126108877977359,-21.037156024505173,29.330305092044288,82.096736526468533,73.035660817413827,-61.69611897948058,-48.7574251257494,-2.0851504468481217,5.1239128066994954,-8.8654244974823531,-25.692805160070673,-15.665324933060141,-6.9187376449730289,77.827815040541054,-73.745482950242035,17.062070654399665,-6.3661607695156066,61.280833182719164,35.934550224803857,-79.970731485718076,9.8784353510828939,16.052485937216531,-34.109973606943448,29.89252515450756,52.382311072163731,-80.525655869471279,62.657009983248564,-12.739271556718954,-49.604891226948496,-35.61259378146007,-78.132973727534477,-32.468611882783605,75.970783593128843,40.612095790039035,-68.611681880925374,-63.327513521785349,-12.967609381821632,-71.239308566585393,-20.905676854685044,-84.871135795943331,-17.43772428515431,-8.7545446629554569,-34.283726410626535,-4.0373343842390987,84.232468200017109,29.260606753094645,31.606166141100076,75.694170979237867,-28.724424873279894,-51.416918361757823,39.716744298002901,-34.994963617509917,-27.271529131566254,69.456207072827183,-24.692253276484784,-72.354295010084869,-4.8013643466725542,-62.1595998968386,-9.8129314336795925,48.848265249783537,75.854154133277547,-80.524467928496918,37.022675652295888,-45.442051952468518,29.636968455837017,45.403759989946082
6300,-60500,2.0225341905918213,1000,223.44808319966774,316.99961425960191,369.1619751313176,769.27157732865476,135.29060284616173,817.84866761486046,112.69637429944267,383.20516624652367,602.5392243939167,121.25123533713089,120.10618571361175,4.1981384414058311,663.69506159377784,79.48183506442075,605.12043856721289,584.77977056641794,70.34649599617336,396.36808648820568,826.6064398002826,324.84516927773274,871.61019351985669,577.25762951312709,266.92741899816059,886.09053008789238,42.951945948101411,455.17304321794813,54.960969947714489,851.54814702614692,953.24652102273399,239.86029213908716,45.273699632282337,105.33775760432798,346.10107591017527,814.97447569790234,511.91579459737284,883.8311663219705,346.95706952586454,653.22700338746517,533.52392919793999,876.6904491344485,289.08697273937014,618.82073149537825,381.60179609093069,594.11646792395186,402.7723826800335,179.33471534163573,317.32778856357572,178.13593551822521,570.67391031051784,788.85293041782575,729.45960063876123,193.43704407989287,661.71605581329732,334.63526005642916,654.20373627659455,223.77129638550525,965.45288327320748,502.15067320233504,296.74234447636076,432.57872662175242,829.77150774394295,75.492148149279771,638.7240008822489,181.99735539984385,903.99463904835511,907.60677469879079,517.83430914989344,627.25823437302734,193.45906240814134,749.99926866237411,995.28366579666579,532.2725662838792,574.58437858961361,559.25047757086872,20.142140197440085,819.93089811130778,304.62103127041786,760.21226631831121,52.127013135862072,801.37148742504201,38.385802102223096,506.28485581829307,136.7313833819878,284.99986102424793,668.20152524272464,418.00374689406613,50.416200787760815,480.73558403025294,423.78069864819525,97.592474958359119,778.00755168408114,32.797478031325198,377.50671631385171,673.22538459260818,457.68902627099692,716.16242676694878,588.56591183302851,192.94004063317681,216.50095213820939,-30.190654838187179,-38.851785480113229,31.823776912363634,-34.348585368147539,40.311534088009282,-67.762664352985595,-81.272845676436248,57.671594249241807,-25.905477250009163,-79.922464645909571,55.182101577679063,8.2899548130177116,-44.052642960248562,21.781432297995003,-68.159977201827473,-6.0140259082013365,-9.2724554456422403,64.814388638850161,-27.261598532170993,32.993784227489812,-47.990956903410847,-39.765966479544588,-75.282283245245623,-29.272177658467371,34.784956349181755,-69.065262949795382,-64.639347581051709,-28.889535925737523,38.776403326004704,-17.122717999069277,0.71364884524735039,59.909056778957336,71.919536279416235,48.904102963675342,9.3410045165080131,-17.597045935025115,29.19524626875943,83.583360003224286,85,-61.628207154185745,-74.466346010732863,44.261278310341659,5.0516970939158998,81.178899874890575,-26.539045558895815,-55.420527872373,-11.910080216076867,27.237709777655294,-80.747714328660109,17.396927264918666,-7.526408302275061,61.665487142101874,30.422921331225968,26.035340747029078,-3.462526280500029,21.424147732511415,82.061392423689071,27.100133229483095,52.435120143720852,-80.265099345867753,64.384205141438969,45.14624816294679,-43.059154262852125,34.391317797684167,37.717727063140345,-70.370774727455427,-20.759844726324648,35.060287189194177,-68.583372550010537,-3.1611572105355528,59.034775016261868,-72.068948659518142,-12.966824188051183,-34.663576841973651,5.2079789574617177,-9.6984603042577948,-52.202010144019248,-7.1139339263522476,81.200785361227076,-0.53492891264583342,29.741132344841478,27.186999891344303,-3.0447360320532546,45.503719295759815,38.649323666939075,-36.533782899177119,-43.310450766808394,68.122274658896757,-26.922375921291646,-71.008735129752267,-4.5541514504407177,-63.773668427430941,29.165671917550096,49.588217280725232,-53.926928869124019,-78.362202241992918,37.007085606436618,-9.2340944396344806,30.13558119105695,55.724454862796222
61300,-69100,2.0029478887234089,152.1538624272759,2.1634704756983894,344.97175898286582,389.79944322976962,768.88660219719077,134.22122737568714,822.35849213712936,108.40561473615018,345.20413060516285,602.9265852230476,121.27211233973482,639.39402407461193,337.953488900487,283.51724951093701,86.288867610459008,605.41406339423736,719.57157447471695,66.045953443125953,382.04522820170132,842.46509429544142,99.075114752502841,924.65532653671494,544.86290608676961,270.27082542262718,846.56852780609472,170.34151544169978,450.40343148682058,50.231523941230762,199.67473721923966,169.53918157712113,234.47346197180767,265.48189832299602,102.42501746818954,346.45596815498777,819.5989179224706,553.68643780547313,927.33598401143479,472.61501329328411,139.17248603073227,95.723391984542445,912.87083634996372,311.17148469905442,619.31871364076653,375.50170365605328,598.20282931509075,275.67933489526115,205.61042334618369,320.55811144794689,153.21646120693089,586.09093640066351,710.38236530224401,199.84589234051674,152.11334298317041,661.6281060933477,634.89522075853529,353.2147613736347,207.58362005203961,907.40882201768568,981.5552783450554,165.04223150944645,437.63136233187385,836.25406108354002,655.46337445705831,258.88375082901428,866.14771089127566,903.68828930592974,542.69096724217047,513.1147451767057,640.11191011574135,181.7707630785608,749.91373219746174,927.95027166062744,530.45728462746843,567.93599545550546,504.07527165911688,38.376263094527715,821.98489310034699,305.46510317379796,633.66300774089063,65.948697495928513,831.00079628379945,281.64328373517043,84.320400811414544,214.62608848171863,755.93389978115124,680.13890301741367,420.82689761963076,180.61087991897455,487.25285282724485,841.32692363077877,465.99336195846047,723.9169718987531,21.534613950255164,872.96936348747818,804.83643241034861,413.83638388733755,717.82988718398803,562.75843507698585,192.28565976090005,45.146747632725308,-30.996412273438953,-55.239205785556877,-25.166766478803705,-33.450350390710184,39.941154532111653,-68.713519257890852,-74.320668414110173,56.214025511329332,26.813468415878418,-77.357772375069729,55.151341568620488,2.6715582302920566,-43.791828123001181,20.373542514702461,-47.605842762965295,-1.0196247160820739,-11.179832798222211,64.773121208709441,63.570578069279897,31.990610828774248,-48.094888622714969,-43.186263674029028,-80.802297303750422,-27.508138665357123,56.173714211818293,10.086605515303106,-27.102599033781168,38.631763387405776,-19.345421718853263,-15.705603594631407,-2.6525569127254087,59.911810836412691,73.113772766725859,59.229823974562628,4.8697017279192165,-12.65525125870399,55.917885992887669,83.608680244995227,-18.293362172462068,-61.611141316554082,-78.170881526965971,46.851528143804394,5.0967802977540542,80.863160893788233,-26.654859239898116,-56.804492471915864,-0.12026117739894104,16.177505195499755,-81.859304241273577,15.589441879235453,21.489492825081022,60.821947772498547,33.600920119606897,-79.988595547439928,-1.2219484099870892,22.254103565735686,76.073487285128948,62.202961834928331,52.459668525736248,-45.516039355776989,38.680985630174384,-57.507969641337247,-43.289754326382564,1.4645459106168399,65.069959035323407,-68.299664628617194,42.125567749318911,34.969500408664622,-68.475639788644699,-60.580178444362446,54.908346094982363,26.857173339821074,-22.540887511583406,-84.043384356180297,5.1221262861097756,-9.6094152674404629,-36.56447871688264,36.123679567293252,83.822202334369734,1.9164515849095718,29.748650976899757,85,-5.8157020610510273,47.27406572607201,37.24740134176438,-72.643133436071693,-27.502814968930082,70.19766640537226,-31.954864477097043,-70.042371086963129,-4.3904951531086516,29.029331844553049,32.19180896973014,49.537691749657334,63.360505989292889,-78.310549874697884,37.613962242715111,-17.195170054377591,29.407485725270622,49.520485304869908
54900,-68400,2.0055261937945295,264.88262449381114,4.0584251085975431,327.31167712184998,60.3873792071605,294.99121158233686,108.37421640966238,548.85198437378574,334.85025003327888,497.41693513409786,603.18384754739259,108.65682431008929,372.98755351225583,40.849860471934115,70.191931340956401,85.551103543145928,1000,514.94810128064591,74.846835775841015,393.43383218732333,821.79437864012596,509.81038384669608,919.61124223715979,581.57210764393869,261.91925185007449,847.41091487199651,621.97214211402263,437.47863399203698,9.6998580278882116,849.34623750230378,197.29167689211334,637.60874950347124,232.3049933072403,839.09224611766751,346.82378564923511,817.05672891794825,266.7048163194296,414.89623567984916,965.86392712718782,458.97067945061286,531.62728669439969,484.54073393779709,290.18516723417343,522.20036708924567,372.31381810118631,595.36137711012759,395.07063311457591,181.4048235992185,328.42398201074741,177.64899448709087,230.29579418089438,37.784468238524759,814.18477041340702,200.3981449158523,658.79258052406522,874.79164410116198,662.71194048865539,234.22845922377263,800.49602632213578,515.82421402317709,639.31249698787292,439.14551552168996,8.0069375983797411,670.55355153795631,260.43574868809776,797.70604627440457,909.99513018869618,979.16545199225629,481.04800759719342,640.05477674917131,163.952832854191,754.32437450019881,539.24880455841333,523.60382624609986,831.33110157214912,523.23084416079553,276.66769248349539,822.03033697690273,157.79808436724105,638.30075758751855,34.039167247065912,796.74653537677852,303.4281107811214,283.12434999673133,147.95178993767684,739.60184184192951,631.85554042501622,378.91400338378139,62.96733253097085,476.39622012088114,293.9049785682696,505.97417912326154,722.99404135283226,28.508675131589449,384.08995832894396,659.08252343231266,450.70030632641902,802.80153069170046,567.32984798651057,340.23261534771933,204.83739921623987,-31.089401352625938,-54.948082750427297,19.818503924175772,-33.334450558373888,50.105775940236676,12.131820376426642,-73.880867241816148,-55.701465065415434,47.789706292617183,15.105601752176721,-79.76244490820217,5.6516650874278129,-43.475728196543884,17.715797290652112,33.671753734614768,-6.2374263129998857,-10.526976195384309,67.589168662172128,73.575414592640698,1.4019141129792734,74.059777150436787,10.737918761776127,-81.321657998152205,-27.046043605107609,32.083387765918609,-83.73222397464815,-22.530844001325278,-35.007240646070407,-52.819047156149082,-17.664160444587221,0.81330596637883779,-9.2345097775875047,77.012737449911626,51.0018547306369,3.0286845748472011,-20.972367928732318,52.392924298082434,82.060765578003114,84.480018841829477,-61.631456304118643,-41.772759584891979,40.65641191528178,4.990311057126422,-10.695587340505554,-25.686900652017979,-71.488120595338145,-1.6011960535154506,21.089058942969583,-9.6387275435757473,18.975664023389037,-5.6216436098092935,61.26100125752955,34.804903349933205,-79.960901303001876,9.8979280371593816,-53.893880759346104,81.791068731424986,27.596550068830204,51.992872867835487,16.991960408455938,59.153961967688311,-38.047980706122097,-51.21603061280409,3.100645232363437,-80.751082266709503,-54.372374406564688,-18.654737478149503,38.057816133287183,-68.618408063222361,-63.646339561181591,62.400162446785558,17.765876995387188,-15.420830462373438,-27.198934534323449,-17.225942757754691,-8.7141602474514102,-37.141602532562786,-5.2300564003611321,81.359032986156208,0.87926848209193764,31.600053431296082,-74.637467539517274,-37.68601913486286,47.46824227349196,39.739281635970208,-34.755463892731754,-27.368633166009605,23.516059277519936,-47.901713637943637,-71.859086905898778,11.232986203029991,-61.886949166620113,-10.524898908321127,48.838924849791219,65.619163440652983,-80.222088477157541,37.000417458897772,-48.061774434543345,29.641836671846544,-80.310104219143042
3600,-45300,2.0015104139288789,958.81940280678054,207.131908214643,338.60586835649207,72.776564995934109,281.22469528914758,108.82618630806056,764.26830958292248,329.43866212475126,369.8982076336448,601.29911184292689,124.88268363599387,658.96956578422999,324.78421788435645,621.2222935781615,84.157980496867864,512.12777370576725,719.59335700289898,468.98301050914677,396.91509533216174,486.94611055621681,524.03195456701235,905.77105035368322,181.38190446306271,262.5477120970553,764.14967095208272,971.33907633743218,439.90633404598253,842.1464149702449,205.03800500463879,905.10677762210253,629.4448876664718,766.6118840278175,70.810829366025672,550.10575056878918,811.36875363207935,546.95456811003396,593.54174693155517,489.28204112451112,411.67369581257265,514.33416391314552,856.02243061603315,671.19703767129943,621.20955544222193,763.71520684595498,597.70790946964485,385.54898517010849,214.69472361997654,310.90396592537684,119.00626304023444,601.60412069945448,23.094871840570136,245.32740709669585,192.47947772269197,627.36218170397899,618.34637771848315,574.38424751379785,190.05609201010259,323.05586939569974,471.58168809264492,265.55713128032261,389.26532116448345,34.123479433223793,664.47425532968623,488.10254716730122,856.76636942695905,913.8937135111828,948.41736191747032,493.69324223382125,662.29164055029185,464.20994912711228,689.88905890790238,15.060905426398335,460.28095012665807,810.54590126851463,555.11501034830735,300.81705676889089,858.18768252533209,674.43285183847797,653.64512477640619,597.3634425464453,846.3215981316597,281.8519170388231,297.85593567125647,196.18881765462666,780.88225340570318,682.09478597412442,910.93938142255979,735.69956504365632,480.26968480248689,839.93084957943461,455.04439916990276,741.36844590254873,90.996281149469098,803.31428208654654,661.43961546077594,816.04050348395083,665.31484778064851,607.91257618601446,685.88835807010605,188.65868142793255,-21.766446922234177,-22.231083106205102,27.145704215624647,-72.225609675452432,48.992537454240761,42.232778603896364,21.682907385371703,50.131014559682733,25.477678345573207,-73.882488133828758,-53.57333809518456,5.8730251301319081,-43.078234657313828,24.285263623330028,-1.0196963023001921,-6.002967004491488,-10.428292493678793,71.539548111269056,-32.010962463411616,0.68757497823693825,17.146981534064352,-37.9713363797973,-70.571665433871999,-54.18376201946149,28.488230707083311,-80.425580938597875,41.668810876090475,38.208727901839715,49.990221376871496,-19.464254891964334,-2.0622887932373857,-5.781591185258538,20.708569919454153,51.54541167890514,4.0665545635952469,10.010600307558017,29.428402550242467,80.965244671903193,73.740106332713694,-61.69973244651942,-51.002824122924473,45.475437918914487,5.972845322950521,-9.2682900886650472,-47.500236011381929,-6.833169648172607,-8.4002153662582799,26.086233196678517,-13.341346638113363,16.899230366027282,-6.6861612730484588,57.852805755894479,34.735330070542069,-76.447846741809201,11.471868577992661,18.818804379668506,22.5543225318056,-20.079296999291078,52.163171296597717,-80.416394833118233,-17.762381792806814,-14.414399338424939,11.392703291436213,32.305873620238835,-77.423699307544013,-68.289476668739894,-26.920181499628356,38.447605718048621,-68.525339223248295,-61.909607849042345,-4.6015874146444418,-68.511601540960683,-24.629487350602375,-80.533940561366478,6.8483972677681351,-7.7635651698931571,-53.589084594689027,13.621766869785706,80.54373750146523,32.926243277316054,25.68222912291149,10.938751863061313,58.038383846650262,-50.967005037079119,39.200555189519932,-7.9721444675787367,-17.655609376409423,22.077679316318104,-29.118204536369262,-70.264616265111556,-4.8308394180895897,-64.914197344187286,83.857616657374706,48.945052644959574,56.821058409208753,-80.446148106781095,37.322432087350172,85,29.157206759675947,38.609585766374011
1300,-43800,2.0592438025889646,999.76829880042271,171.86683667300034,679.43283178447189,66.758509706408532,209.19494664552886,156.1926157233346,809.65425208861006,126.92412062775901,477.55999186276557,604.4183418579953,362.54051194362245,273.95443431637403,324.06388816450925,658.9399141876587,79.532996915902999,509.64081550780469,706.71124763505827,579.66880160747746,386.72677468826316,798.19701312350037,548.38915339125015,900.86946999290637,579.6436208424675,261.90191330295846,872.00286478690259,85.146450257926347,106.94723129490406,852.95508266939089,832.35050244797367,76.675521201193277,620.46784988220361,216.39971625465142,124.53628967453163,326.42419503534722,559.24262346019987,992.44931990323153,907.13719652657699,418.40421623953017,460.27888955240689,513.64685320528247,488.32956283654227,673.7897660604109,378.99352362349038,366.92854048158279,598.34373684828427,272.07045798475167,209.68057172353795,114.65820652077942,174.80736574860714,570.59868419155237,42.635060740531458,255.44430671359206,195.90458542227796,627.80666227466611,627.8677061419628,347.36367469971242,491.034366841924,401.37817492944811,907.55728562607999,297.56953059132337,705.72549618234109,937.983808448937,26.08174675497045,654.53497742822401,48.753008694042364,911.2088371826369,902.40748829166057,489.42578886657594,778.16381539832037,138.35789539206499,735.69176965585143,968.69329097348941,469.87166509748658,834.15057167675423,553.07587438903749,260.36595310473717,821.798112982014,311.63156761362706,756.86306129563377,73.880249851686159,800.63203431852173,46.248165002915862,292.1564959822071,191.19714088545254,751.07135926489241,677.27887103603996,384.91665700890366,749.8006361923326,457.44161937185561,827.21591045479602,460.25765478091182,741.36935864942291,13.251677331394278,798.69188218374268,804.86943721745274,463.28169484391719,712.05036049505077,579.04333311748883,192.88453830727943,53.790253106982249,-21.127862079864375,-22.341206237688592,-33.700378197234222,-34.063560515841885,50.345146669242233,-65.028428964462748,22.875123518880407,55.01756430512215,28.127591842856503,-77.364590702753475,-61.402935391421131,62.731025094481062,-42.344642098680097,21.639615261438564,-49.615361744580774,-62.489004871153966,35.799953779792695,64.858188362789363,71.43756927090844,-71.359078072140022,27.009372607921435,10.058328323570731,-84.918046034630152,-26.632971108097049,28.559234081390851,-80.312732749287093,-26.063167874109048,38.705063901328479,-25.45353433272896,-17.178595412394127,-0.11430324762531954,59.195236356915323,75.075498996103292,-31.6782802065757,-74.715873950308236,-15.835885933772852,29.048419461852326,82.875010401464323,80.592586981789736,-65.707819878110897,-79.781821448902363,-0.83620544396115559,4.9352924018619975,83.374496404900356,-24.86462539841413,-8.799969923446735,53.625887847167633,25.190374388121459,-12.947870529966215,14.829185789548985,-6.5856040543418146,57.784483807151048,34.846263019372763,-69.497920681579657,12.094131792014437,20.920118830847958,-26.61584513923583,-18.037388913732634,52.202491371070593,-82.082570100258764,-17.506725686118418,-38.301858455741908,-49.132197180416746,38.577318142378253,45.48753628332755,-15.652244896285245,39.616832494350575,38.525009245671129,-68.618124091978217,-0.82866310179690883,62.893346193842753,-37.522307700323751,72.011537928261589,-81.978631297282874,5.1522491866833802,-15.921476062712225,-35.639381505905405,-1.9062258243797385,80.3309962685247,32.438839181748513,31.480749581166922,84.077296683204906,-2.2380184234306193,51.278089537540119,37.545979829267537,-36.331416744280183,-27.303166261324417,65.848557308054765,-28.588026498091203,-70.21306255863783,-7.0714227546060622,-65.232988634252877,29.009907024103303,53.801355025612175,82.624627827937161,-81.703595311548838,36.798822807238963,-46.202685282638477,-29.937165516555293,46.44029020593274
11900,-62600,2.0216150576548553,995.93704124295323,23.832247404352934,356.56805319409125,384.18202702465169,149.25633605912506,135.01071848060462,822.03974822737962,108.76205393219277,477.82925765253691,604.37601769368564,112.44707715710581,114.59694460653914,335.43542521404584,676.04215663411924,85.687929890481058,551.54927625614278,719.55116321713467,152.78368036637153,381.86398003914536,828.88627892748048,324.30690596769739,901.17999458795293,544.18978224415503,270.14389147162859,872.0108235084499,610.36310629841159,450.29344824679475,50.268063397631728,208.06657936479172,167.30218322009415,646.90981035725565,19.284544387725987,48.069191273842371,576.76950166450979,818.7014250516919,545.66143306153231,395.90884234658949,452.96715006275929,406.37137669028078,101.98858432163095,907.92870007055149,268.14582573050006,619.39828905150182,769.90644604947784,598.41563640119557,270.44616007725153,210.64455324290893,330.30446964689514,172.18359783908917,579.55125747787713,57.070073163513825,835.23896208875806,188.0696320785255,662.18427653258129,635.98853892282625,353.190256291759,201.3454853356921,910.96855201508129,495.12867383860851,162.26448442414517,410.06233460935982,15.847799405037309,637.69626348799363,396.97324787533739,866.17719621486674,905.30039892621232,542.7970203604981,489.44085816282893,640.50885401620212,137.43825665445539,752.33895955252524,923.19888072372737,530.2273507253044,845.29557233188905,121.45755718442351,267.1118579836878,818.47738490031452,305.76784986481448,762.14567638889162,614.75053893829397,799.31806865955957,36.777649334043275,85.688543823221863,138.45764265874021,755.20665106798936,679.71457581173581,387.7716868958808,54.22996676622909,459.10038849485926,839.54158990591782,82.680733351290101,724.26543182716728,345.08532711024759,797.40167146282943,666.68501724635018,465.22639329007632,722.69314698413621,580.41434624144654,192.90899942801454,47.550069657973495,-30.231011575811031,-40.297627657626194,-26.399827520351877,-34.055235322587407,39.888363923745374,-68.626373818321625,20.02523240813505,50.845274619098817,26.895442251225784,-77.38237424015783,-51.303238269829272,59.439038904696915,-44.153157532641359,20.354438424561472,-47.650526096353722,-5.1829481140050291,-11.114794363530359,64.876692317314777,-32.525530277800364,31.54349070594429,72.715979232742256,12.265633434190564,-83.435081664062039,-58.774120428122146,57.674060951852681,5.5446940608796922,-26.826138132337981,36.591260161071524,-28.033558613498098,-16.851233693176809,1.2899303523083789,59.909940699741583,76.917628449472488,-33.201250157070177,-70.823545694535511,-17.408710713248809,28.348236505159697,83.562207404063614,-18.391529555465752,-61.668929778046149,-79.142594651833662,46.8513554916589,4.7497521527258986,-9.333617673961605,-24.800921880178869,-51.285938633394125,0.032765029130509937,27.627157756503166,-18.531030009453755,15.65242714409781,-8.1382870717235036,60.973957975023652,35.268690082214995,-68.373619161862891,-0.74520937520087671,17.323162791215545,-26.482095152239374,63.17271207490095,52.49371903349671,-79.018813725512018,-17.550103964428601,-33.86384226114825,-52.839232998416833,84.769290861988026,-59.548257665108004,-16.009914225934171,41.627662638452819,37.875995930788022,-68.49624232575168,-8.3068831480909697,54.771431548873863,-71.265587643515389,-16.096174384334503,-84.111719132162619,4.8459984737433652,-9.6304483044793336,-37.339679921032818,37.332694773013742,70.405311882128316,1.0359501627816954,29.871469495009904,85,-5.5138459826484354,47.427967500714445,37.173070810465902,-8.4709767658238491,-27.270312409083427,34.20519889306491,-32.380547561088676,-70.04321923151835,-4.366800211452035,22.255884096329215,29.745391199527145,49.550677269898948,-60.559131827839835,-80.471786698744367,37.029696252401905,-17.162063395911375,28.216298304808475,49.331204610121105
14700,-63800,2.0004066303881345,974.46688728145523,3.9883473855996949,335.75521327910019,74.910261378282158,267.52288727230285,105.73556385042481,540.92656361735771,260.65582567347803,382.27904164298917,615.28034849065534,132.87532376489662,298.14259689025937,38.38014889613649,63.890940084939963,79.876644622135856,1000,735.89857581750175,101.74520253186117,422.34688979028385,47.694042025187912,523.68733178953369,444.44775747687288,582.83948757390715,264.34796562418444,864.30313662340711,1000,433.26342688348234,860.93562828362622,648.86926236791714,909.68455150714885,387.04587425257967,788.01011414851951,876.29973887645497,839.26734913846121,583.68740404920322,550.35408106666375,392.38175448505029,959.57175476007819,463.57053144034052,500.29028653326338,887.83545851467807,284.38754649272278,656.54590739006335,401.28508417916828,596.83149766913823,275.83910421242007,181.38382580367409,326.82226674567733,155.31139557196838,72.464110968227004,34.327460085395849,800.16056330807942,195.70348852769357,665.28265510136737,867.41397167265154,567.40999442150166,403.98086595747225,28.653905959579433,967.04973016474821,684.7626337243845,403.71927835815734,12.227644470150494,641.17498498926216,262.23978340769298,815.50581026800751,640.05179858418478,860.68169008961127,535.84703024739554,640.51153685598865,186.80331731468758,718.5854224725756,525.44764551089906,45.686263535524063,812.07974615112516,187.18077135577278,275.61763471573175,860.37941616266153,144.03900336814735,636.81053488798079,569.78612579789922,797.36217894476385,301.3149177397201,88.68808763814485,194.03421550367281,778.57418352153252,630.64813416722711,379.57423026202338,743.77023190123452,460.54119549940503,387.76263737280772,95.18562767190376,749.14916914287903,17.519349566987344,893.8728845592284,650.68255645539057,442.03278451732581,727.37157687332626,580.76235960756014,200.41031814225076,52.701405003436953,-31.140787822799936,-49.165972104093882,-35.136503217588135,-34.810251532744054,49.265857710677047,16.502398427232833,-75.082424855854526,65.170071037022694,45.578477333868257,-65.161666608674452,62.685929971179576,8.5858136701095695,-43.851433744424085,17.764740325638336,-49.452829936065093,-3.4435490758317915,-11.459895972945406,67.604044205536553,75.781658604036181,2.8138102244224328,74.222275008779562,9.4932245881751811,-80.021258841280726,-25.137739245423496,34.778359781287719,-83.172564953447335,-22.600807645774243,-29.440059531829291,37.416016815775954,-17.082515342467392,-0.12399371195307474,61.67180506655663,71.769328123383232,8.5565444249297506,-10.387849740288999,-18.470934997866518,22.287161199750702,32.063586208132193,84.528740493125085,-23.856534431880807,-47.994212384658312,44.748732381572822,5.9846628971967197,-10.525162177044582,-26.114510921876281,-68.993343768640031,54.376880741203593,22.118462843338605,-10.925190475218074,-16.737850586291128,-6.7167901677102568,58.699328401006532,35.304314500049294,36.68376643556276,9.7711499725010462,18.081254803741825,19.711099391753336,59.455998856833617,52.385749532207839,-82.195385009063543,61.478893484314632,-75.808100506100516,13.214172437485516,84.307092197723705,-78.142499394611477,-63.065157463938604,-25.976755017951131,37.092925677468287,-68.618637300535298,-65.108014982223509,60.679558911726531,-37.328772179884268,8.8383300514381951,-84.134381331264791,-15.972977328138493,-8.6901286013240551,-35.343368638656088,-4.1014647091657324,80.993765276855811,53.034428016660392,31.618414416020155,74.56325677021006,1.8647756781616494,-51.405943996601664,39.704056333547058,-34.735085647773687,-27.470814471307957,70.155921913679663,-32.404857332688451,-72.814860849991888,-4.7647729128093426,-71.349380422414228,-9.2421864554917832,49.697727829400257,79.819488671825098,-80.986138791937833,36.800620776654128,85,30.693446885876888,-74.09518982536116
14300,-63700,2.0022436531570995,983.41883984023252,5.0757533642106596,342.34046917912053,76.083004727721047,266.02708014536341,134.99651031987401,804.04703295571562,188.73040692119599,474.58315871358133,605.4179291774642,93.267755866319163,320.19321332823608,314.9900527956359,59.056652830270934,79.865769708170333,574.22729882582007,720.50176422310983,78.953004891760742,396.78382996945197,58.451435479776194,309.22509312226589,424.10936941720399,583.02649208625678,263.70366733852433,846.84679221817453,113.25268855396496,402.16933357351633,842.87714157364326,679.10156253107709,864.50268080783781,642.74651521784597,274.05063039578249,964.42600753302668,405.23134089499746,821.20448613100973,512.86478940517065,390.44757742035949,415.74269626100539,437.05095011466449,638.45198746692313,888.2174814117252,284.32707753517047,371.89910269029895,732.19511659196451,596.83059129292019,402.6607015268786,195.43534466948432,98.24142585188595,155.18286668761664,66.94434597749796,45.805625995358547,264.8343643738055,195.23083966399835,660.38972389748653,381.18103455109895,554.22317549242325,177.46336206234909,64.014417717686655,997.88345746835023,136.50340500450955,400.18749198399587,895.1237839987748,775.57620825833237,259.06735390349922,863.83690909647396,933.14899846194885,920.54335610686439,486.47039368228519,631.80644705327097,141.8100059829724,711.93512571667407,937.51662803466809,529.56374054834191,881.09078632591377,170.49002147575843,254.87551994746963,808.76287904043579,276.28404307343999,764.79604391115697,71.026716310723174,801.78290967357373,92.061536010323366,289.38051583764093,696.52588457936827,737.83837921678571,687.31344774415015,378.80289096721708,772.54210713656596,456.63286976680411,393.53153966631305,509.15310667367794,108.61282037328391,767.42506480792895,356.05032569758998,678.52046167973799,444.29870276664309,848.26322236348938,578.27883591593445,201.26206522755643,51.122763129432016,-31.144418579414147,-42.685110606178348,-34.333607762903064,-34.451969844466454,49.257188744912035,50.734528414214836,-74.938788552319139,-15.941384087730519,44.809958814043661,-68.110301645941306,64.255106569300324,8.7863387692449599,-43.842640525737139,17.772189375517581,-48.123591592656531,-0.49217025373634704,-11.071763473206802,64.786792778179787,0.90132074383427607,57.557102988315535,-57.184976782457113,11.10027328192545,28.480952355548865,-57.865915679156352,1.5111651460705815,13.553844134529015,-22.434282892128795,-35.488970029767252,34.171444665119523,-17.028289123228809,-0.52094414976689629,-13.389755024118088,72.185966491147894,8.2399228018797928,-7.9057772920872083,-24.424958246200998,22.301972379369563,82.367399597626346,82.352757834798254,-65.326432438759596,-51.395243139612035,44.768510204585994,5.1446057403858738,-8.2453602915167679,-26.126578496435044,-4.3886886549772699,52.554943241293209,-59.384561245152284,-74.360284380265114,15.968199518235281,-6.8602430888330286,59.248913111809628,34.633298905987914,41.478770429448765,10.057637724430966,-48.883961496067585,22.246966879942782,56.935623968307631,52.386070654751435,59.577904414143482,38.28041966817689,-40.989090468305051,-54.453409553332733,79.700257304598438,-77.245501611772241,-32.122821697023539,-29.510570105102271,34.840811771969967,-62.948680276392516,-9.7000637340433826,48.138948886369732,28.061693531645144,75.529721214911319,-83.661730227346965,-15.958051270737114,-7.6156042864908251,-36.666627534939614,-61.622048117277842,81.472253917126224,42.8460098735803,29.893712669441172,-75.338567216341573,84.163552665773963,-1.9157313602456583,38.695284476818557,-8.7025320897750191,-27.042668051235374,72.514878519815682,-26.489215650285253,26.29353306123177,-0.48746700564132794,-49.618736389144388,-9.2478962402533202,48.960829841856217,72.912863411855497,-2.1992539309362797,36.741061093629689,85,30.729725562153988,46.415922647284475
12000,-62800,2.0210984692455711,1000,23.689934075458144,698.40549480751406,48.460887222504731,207.48304468190651,135.00765596432203,827.54943489274126,108.76685891666298,479.47243173444684,604.40166460856938,388.97315732492274,279.74903511786783,323.43103274953694,648.92264215361888,342.82817733407211,552.12006647102646,718.41655939877546,152.17923449729318,395.30429496804436,791.54045314397536,544.04876874113086,901.36708195537074,566.0480782476078,270.14367036387472,872.00768886726473,88.383644678999985,466.37695423973264,23.636688511685179,819.20143386679797,127.00796280017261,630.0625533153916,19.328825104841286,121.37302008180717,576.8622373624587,818.90524984968511,979.55902307992619,374.78080852617074,452.98643207214434,409.52348415534004,491.29675077758441,811.26281562108363,650.81595058151788,617.03039890038019,769.76209047743146,598.41817347391031,270.58873777105032,210.4550672631155,330.29945816297374,174.21189873328413,579.58745218930574,42.708275517303846,832.45978366673648,188.64470699482115,662.19378819286794,647.98157136703958,347.25047725292455,201.30488196915633,357.50572297973468,500.08127397656375,296.5929781084472,698.10833412281443,22.458913599683228,22.380322700723525,668.91142200991771,840.16261487442762,905.30332334380603,536.65087836450095,487.45325256827857,629.87703131744843,137.39898546093312,726.90722882952741,923.01689117638921,533.2980981144218,846.31351771047321,158.1657595226641,260.34199276847289,818.47449186561596,308.08061135476487,763.70350330401061,575.11673655215645,799.31135706332839,31.033049332156878,286.13619983249475,138.45400869395587,739.41908535088953,670.99056850067575,385.01790136832881,54.84924375269344,459.00864519942047,839.6619808771195,83.049842617943426,741.47958684776017,347.16993850512563,795.27633859535433,807.34505734498759,465.15570666640207,712.16866359419305,580.01697487649051,192.88859796041007,47.550090242329574,-30.743390728243696,-40.328722595239043,-34.068955776148648,-34.057730335159157,42.121569511087444,-65.02609571305382,19.889172707367287,51.737925253701903,26.985328693875413,-77.398429467028024,-50.328814507607149,59.925530104872891,-44.153419518790031,16.712960301314393,-50.139062633526706,-66.067058637052142,-9.5229671038010419,64.878638389434869,-32.539259756828578,4.138372921182814,26.825864194239735,12.377202037969685,-84.904021417937955,-58.335706579360078,26.915210923167351,-69.470507826541436,-26.824823182770611,39.267419351991848,-28.196359878837757,-16.892655246480874,0.5541738967034453,59.910304750509887,74.925635139474238,-33.668838422328378,-72.245904546953909,-17.427676092356457,29.145990634273844,83.562274563214942,-24.551520583710936,-62.298285964815086,-77.52703638621584,46.317147187034479,4.9705251935912216,83.787349164603313,-24.760710129979437,-51.194631430246105,-10.593481895693426,26.836821253834511,-18.543917951365138,14.47165594724823,-7.5471886284351584,60.973960178737087,35.267137298603231,-70.328608924875539,-0.74514963332643458,20.970425094713132,-26.08132770660518,63.21629028700449,52.493733818417439,-82.074484253507279,-17.204995348730673,-33.864737678291256,-52.932934906220552,39.344480967197256,-67.187670597563155,-16.811077956861162,41.623998396796821,38.854874290040627,-68.487169649900807,-0.77567930481765224,62.550942909268805,-71.959292566309514,-16.377179936675823,-84.106959880343851,5.3358775718539571,-7.7231559007208661,-37.33904699939869,-4.3149250077022732,70.43723225889191,35.352231100889803,29.815491252488854,47.819691641713433,-2.158625839384344,51.367337607464876,39.731324583229856,-36.152302064336205,-27.277679482696279,34.205170673028817,-32.380404939774643,-70.212438876512081,-4.3773942895817761,-70.900857729861215,29.764863141100889,49.55067719972898,-60.775167163423653,-80.505717625397281,37.01136759836151,-11.005425854095432,28.283967121843343,49.295718112609755
54600,-68300,2.0022912256580443,272.18758341364918,5.0819696143132518,299.85508792375833,77.738466621304497,208.33159691618894,134.66427244271557,804.45469356114302,190.49801535957482,477.81144615682041,605.06422349631521,97.856029202485644,108.76573358872986,322.04416849862446,609.60509995070811,80.493490934870394,999.58882943428193,524.08158127759884,156.66592316280185,396.78541045935845,891.95891002827398,308.84346435309868,919.24895953282703,554.08850225289461,362.12850974033995,847.03209703615892,97.461800392051742,403.43087041619663,16.219462979632908,177.55579576773249,864.22765114430013,661.29574848586685,268.52067887547082,813.61894856742197,404.52680789082933,821.26226519829527,513.14450464015476,390.6474942481928,958.72523142978514,115.60735157978132,635.19272283122814,813.02144722507308,692.92698216734652,516.42409188046531,737.09448072578141,598.03534670810461,383.65703786942288,195.31068996911469,96.263061493693442,163.77831141401305,214.88933735192927,54.702567246784355,269.6866950323984,221.27359627628363,635.19045721367002,383.32033418917314,731.21929891581317,223.13584959423497,14.80434339710871,497.8078240710073,131.86822277679948,188.60201723004059,6.241524611161358,763.16436482575136,259.0136949026396,851.67693541985273,932.42468289274234,94.223550749831247,515.44404403816532,631.75994818589254,141.77387151420976,845.64433946673296,937.41084656154476,462.22726762219372,884.25659087217241,169.90030494583058,188.7820898016881,961.15448276168615,287.74748443938432,762.22131159339733,65.588215108236682,801.75914521972663,81.298709085471515,290.67098281226481,695.80651502090484,738.84536572099796,687.5358342628972,378.73401998079942,774.71248310949636,485.55463613620918,844.73524317517251,503.61265353460271,94.307195641562714,772.43345326143628,355.39825911819764,791.8582112662906,444.30146268125912,853.18717752444763,583.02136823317528,328.12966779951211,200.05279874116667,-31.118166337649445,-42.817700132412327,-34.953411757962733,-34.452466028087798,49.280058451883363,51.690954163270519,-43.590336696240591,-15.501788461141974,39.780231615170308,-68.133933386025404,60.889323742199807,5.971035104516929,-44.094005041535077,17.504326946285929,-48.108713120048144,-0.47986269595636344,-14.185641234878311,64.744716214535842,-9.6748682209703851,58.677296021856463,-60.132877686493181,-41.542235716439549,27.977949081912612,-57.884074187280234,1.1665190165632568,13.644134697450824,-60.355459852138935,-35.737649523389436,38.252370522338872,-16.068629700506239,-8.6841379072052529,-13.739204969313519,11.458136564214406,50.022401709287728,-9.4202572716291755,-21.699128900637984,20.51818700585169,82.372739403111723,82.449433166804852,-65.451414629406713,-51.425342331838969,46.741792061435184,3.0121673323334628,40.953495254481773,-25.576503739676241,-4.7097108391119207,-7.5880646697413994,37.225077420258927,-82.629446977890382,15.975352114432962,-18.031587849564499,59.262781045522907,30.184876916190074,-79.857787986054447,10.059964935112667,-51.006696345022888,19.172743177340706,57.536129087395317,58.57340142816485,59.803031542971922,39.00744538172426,-41.126722460911253,-51.431830130992836,-35.350948285976941,62.805645376456631,-64.178547029171881,34.196457390104655,34.967615856194726,-62.825182741159402,-8.6935771954716827,48.510382851567684,24.727310122391664,71.743243180517041,-74.601498446600033,6.9895168968153394,-7.6384084489548956,-36.764878901433548,-3.9924552443279566,83.549828828264282,43.141002901223573,29.961077068503485,-78.468438463770653,54.313573876303145,-2.8935833099711239,38.387966097004771,-8.6588812266044624,-42.267951612850318,20.213424034592457,-26.364736114774914,23.73316424502627,-69.521844985305378,-49.15060414539694,-12.802740878153454,49.181243999507259,38.731452722002814,-3.5385945385938697,37.660236131480062,38.844084472197821,26.987597059081587,46.442194257484722
12600,-63000,2.060505985757497,998.59671056206457,17.727954895376016,299.35924684349533,11.962006457263907,192.8527844414125,130.78446772533368,534.26890814532317,325.06281598964068,371.62645794728689,602.55998449456422,118.5282506629151,658.13806769720281,284.99179368540911,265.05058685031253,351.52630575944488,495.93174337260808,721.51457003012615,533.60757241895612,395.38114746202058,506.42766846330875,311.78216838292178,938.18623746841672,213.00078652434371,270.34897245134607,844.87025125975651,961.64223568097577,454.94259960904776,894.4792196350586,689.96561093681282,694.84977626828652,252.40114091433608,27.051628337305939,386.31791133693116,894.09186299113537,813.49205092462125,536.00131291426032,609.56132983864234,463.72092721095476,412.44493774315077,492.5382266690014,821.46964002585548,254.52597678136843,622.0625390652915,749.12196405193674,597.74965269739482,274.7955962978171,388.13299337500399,713.88945461751052,147.2265311348329,601.45502145805256,771.84488683822292,245.84099870969334,188.46546552489679,351.11805185085746,393.78987612243174,578.88605962182066,223.98950591356271,914.44436973574852,489.66052467396827,264.88749318022889,805.76817982214493,875.38511242911511,855.39226835222075,377.25676373215862,843.14159521193278,586.1304537826968,31.292017846434302,516.77369370253905,135.7681337261694,142.45575616734911,742.81854364321634,593.9926994171326,518.05881903643228,850.56664548508036,174.42245147650118,277.23244861484693,819.85777225445122,175.69110024629182,779.33856552409134,562.69569353890483,833.41867084287583,312.34626559614765,759.1836718651416,675.34485143045151,738.34209649818706,686.24876972741856,387.72499455250716,61.428515545608434,457.40721939198636,847.43986778787985,463.65340153809507,750.14760088585285,790.29904003481124,348.40306160363241,793.80787808730622,474.67636630794738,664.59304126438087,563.1829941006938,188.61276779675356,199.22622469907137,-30.940601859008598,-43.687911657158082,30.169816186672445,-35.051938433507971,43.217988231042817,-69.961409323206084,-8.8516977836165864,-12.791189402493426,25.438579428026937,-74.627265159025228,51.653429697636781,6.353191758763324,-43.790201248719264,25.330057100024366,-67.487609546712406,0.95880673359561619,-11.518927420884197,64.552749700774129,-10.021159455881826,63.714917528213952,75.506737402524664,-42.58348935046034,50.270922276889301,-25.509475391313259,29.643544651420939,-69.595545031635439,-23.715987906100715,-54.149740847352291,37.348285903499907,-17.106532932818681,-8.7015442057377062,-2.5876191427892317,71.242445074300264,50.502940588588089,3.1781760503280188,10.615802234989955,29.086695874640291,84.511086979500405,82.562320230890634,-60.702223174730094,-56.269654982686625,46.331964098547658,6.1263522641089621,-10.134761331711587,-27.604916516333354,-54.30571902194967,-8.0121421277727354,72.381284848951807,-80.739868024968473,-19.741024307666265,-6.6874072109920899,60.943899686612909,35.679671045804376,-76.679230448710072,13.578593700146126,15.906005723894662,77.913679174336494,27.442312554785865,52.113094366706576,60.181486458839792,65.523565561642457,-62.209005887678821,-53.199163019651699,66.908786388462744,-69.037284076818324,-65.177924036597247,-21.522399262596494,34.871684485654832,-68.681427644236692,-59.417965564486792,54.169038405624669,17.171170723270315,69.512541294508964,-81.615718336888833,5.5642218068615268,-7.6699890517549667,-53.286659323224754,15.189469919027809,75.957114967362514,2.9870593684408107,31.490876662101563,79.886710640726434,54.257713774975088,-68.955573226974138,36.115936948920179,-7.1903608958041136,-17.781985935183599,70.788218637506404,-32.336536843719792,-64.922160979234562,0.48423981043718278,-63.032713234693162,-10.491832435290258,49.542173261289996,-55.167156158829656,-78.268492287233656,37.30274317088616,-53.078531154671133,29.308168686855144,18.165617083945957
56700,-68600,2.0055882929751028,231.89274953042997,4.0964699728391381,302.41517068307098,59.556842891092401,263.59766518618619,106.32387884674608,548.37334909514993,328.72995344222994,375.86844938812692,603.18348389232131,108.60810722955557,374.17113925504492,40.869197238447079,282.52692225202151,84.673686034278973,574.41271457218409,516.47171690330151,67.600676998428767,390.03843102627627,827.72610166063748,510.17358926275381,919.58595954683506,581.66900220685523,262.02678902488486,845.42766566005798,162.67649235024066,407.14509449888629,382.26746977789355,861.51160370198659,128.565319970818,394.75469768771995,834.55455289313318,873.69950490679275,861.51033180163722,827.28028552180638,539.17254753335453,391.24312680001196,486.46558133441238,458.74223826839989,501.75481536157668,805.97692706816076,270.9830525579257,654.38798899712515,387.39172258061222,595.27749100925405,394.9595216950031,181.43817364555636,324.48675214331274,169.52082110016971,212.90612912839123,34.466478627065896,805.08045803706909,189.41923554505331,659.01356066634287,874.79228408537824,661.78464916413679,415.92185141536896,47.8772091325215,965.88383215237593,639.13672091931596,436.50923762140621,7.9560161108414666,678.6644184609861,262.07414720563213,806.27144926380049,910.0438249360044,964.03200917602055,532.46951897140536,640.09950312916033,163.70062840275349,718.57746793391959,539.21744383427631,530.85285145228022,831.70143031133352,522.79484058315177,275.70305637587091,822.1942193708951,171.11188873100642,638.27532304531144,65.274698041837212,796.39066334510198,302.27406288624661,283.16565613107736,151.34566909518429,842.06561664847993,681.46561995051252,378.86198841677327,753.34218671117856,457.87088908481405,452.09423450944246,456.13588411933495,722.99400657518743,29.324036259503941,891.10468098072317,809.62620734372661,412.31515443337781,717.27449480436439,579.15180108185064,340.23626097917918,52.688640099166356,-31.083235662735799,-54.943106420680991,19.824428754483634,-33.670852802079885,50.143893092165641,-64.594347466901581,-75.320416900824881,-55.846257535428904,-31.684683470116447,15.779320899921537,-81.182982050227878,6.7858313336348264,-43.515825858598326,21.557005560430447,-51.274389976886944,-6.2322311078528472,-13.311153514804481,67.584355880672874,73.829864843766856,1.5118396910913283,74.059901537561771,11.406029145062252,-77.954858516854799,-26.091436165639895,31.083107114708586,1.6025742390730784,-22.552670070528855,-31.65665580062501,-52.796919662399546,-17.070506504573515,0.69354953892062365,-9.3621521381667314,77.043155981808056,10.947914656482979,3.0073786689668021,-20.957382878265307,22.728311296941712,82.072956304408706,84.495505081236871,-61.695089443522427,-47.877531300037795,46.478037418250068,4.9638161948462303,-8.9880683226769218,-25.683589708323638,-69.778099602361436,-6.3642128165512517,24.668781238298983,-14.61328034012066,18.919208091992157,-6.3697430441721279,61.260643409159094,36.011227013173794,-79.957868406447929,9.8784606719301475,16.200526114337919,-21.757571460218358,27.857909177900364,52.382167499205011,-83.763388135656854,60.225522633845515,-12.473786899369616,-49.611379372948079,1.618943346775179,-78.133608203016337,-32.468177447523701,76.044918017463402,39.534060855373042,-68.618621064568401,-63.648061293593585,-10.725554359366058,-72.279435896106676,-20.846166780829556,-84.879364223990919,-18.41607381844107,-8.7539578847734933,-34.298452833776921,-4.1606714056554948,84.072146572905666,51.266106633904691,31.546056499020597,75.777488714573522,-29.75357861846901,-52.297007230894309,39.715895367540561,-35.000206573004007,-27.271847657957977,69.459784875963521,-48.017324915841257,-72.303757364007666,-4.7948244817287105,-62.236117687753378,30.305580096621739,48.856642518907904,79.79661104092726,-80.525694789535223,37.036402403412104,73.842932980707332,27.779915457140284,-80.524325806601439
13000,-63300,2.0042420917574417,1000,4.1160962595772039,299.2040707605849,50.610861826408225,193.63489728621641,106.33175947160551,522.40455670808126,329.59654177672991,375.77248264675177,603.25933415363852,109.88806827543915,392.8455770624289,315.15401198651386,64.178446753290487,83.619551757124029,574.0465764893969,516.90243241941675,73.201787789497047,390.10637156312015,518.4876745695974,725.18974012179808,928.49418962115033,215.31337315349876,262.51692378262067,844.91077446440249,196.12074901848706,407.40430814450815,928.96358133477497,704.19476140938536,694.17405872494714,640.42741220554853,836.31218287845172,870.83989619535589,574.89668204232987,827.24163371280622,517.68757480779766,580.62533931113114,463.80870162329097,413.77518958593356,492.24408297269588,891.17909584764584,270.96355267888856,620.49102811755961,722.03187968818384,595.3449358112199,394.74021024422103,187.32958806872773,752.53811915561164,139.77120363618167,607.6072369759097,33.781198041933138,285.12128928108206,188.45257061904667,345.82032933877247,360.36708002169354,658.78630640717211,223.58187435739308,10.957189564888097,979.71917025716414,265.2159004081368,431.4892372310868,7.8523726198940995,675.73839049405967,373.79034790737705,848.92255544765362,910.075542355739,952.36748365723065,532.53598526341739,130.80137526224618,163.77776252043088,759.37528129688917,587.12486449623589,532.0250353983015,841.69661042307246,555.69705934348121,277.6520981654437,822.32154248869119,170.94657641344472,635.74089835815357,550.6587429174383,847.11211305183213,302.33894493652735,285.48048708245335,652.53606052999601,740.63661781675808,686.2062626840908,387.74724322822658,793.01640560758892,457.87894344749122,447.35818872419225,456.18202699585868,722.75756870772739,793.61775086111743,850.4334767633577,635.93460113430626,527.50072062429274,716.92211369742517,607.78279934722434,340.24194756897862,202.68895715496495,-30.935506773854925,-54.533867318154442,30.854513168288179,-33.835130031306228,42.929322091968544,-64.388129721208131,-79.787436249218189,-56.386852424944109,-32.484421879943518,-76.064128437518221,-81.511479767368087,6.7779680791177164,-45.183689564283043,24.83160464570097,-4.6653101681935603,-6.2759411840040489,-13.317397110091427,70.716742600385047,-19.8031548179355,-0.49046109022594919,74.19857707494134,11.519567009124222,-77.386213462199734,-26.105494648820287,31.099880093571695,-70.72150964620829,-23.691196685809363,-31.400353097126651,-51.038495974243475,-17.176160254425088,-8.5175151760582715,-7.0006641253531097,75.495246178186349,51.575826963343161,3.1684012926918554,-23.917315785207023,29.292670716006548,81.096055684505757,84.519029995584773,-62.02658036369337,-47.873430551814373,46.488347864276349,4.9449924514100507,-17.740356936148657,-25.737213837489733,-5.4686921612341735,-6.3737736895824249,78.622692578192186,-15.969662955080118,-20.558820945041028,-6.6755530755346948,61.267372495395463,34.596927612431713,-76.409898287624856,14.242906646443572,18.397866387310984,-21.967453879633887,28.453092171989102,52.381524265895798,59.566451722759908,60.210740538972658,-15.553461002052128,-53.204988920171061,1.455739600910519,-78.206681496332266,-65.786748117379616,-21.477382576165944,34.879874975782826,-68.619369263077331,-63.456319228618419,-14.080510247433047,-76.534073521402689,-21.127970742203463,-84.890567234082411,6.9672999180613679,-7.694948024533792,-53.274463761334694,19.317587588027049,75.933109560860714,1.5992119316805571,31.545547168834659,75.807943157443404,-30.893033984075139,-71.649561099770764,39.687417876546235,-6.5303312676685277,-26.686090063752474,69.467229278237269,-32.929006791658161,-72.298244481875031,-4.7815184876578787,-62.80110930518174,-9.9237293044459935,48.858742073981787,78.84851597398341,-80.438608713966957,37.037497697758759,-52.099323848420489,27.772292037243322,53.47792262046945
12800,-63200,2.0610024032340561,998.92204286684648,10.103139878599549,299.33083926735782,51.032623004624142,193.1513795324006,107.52777849402305,522.96641388424939,318.34911420094858,371.89728493154797,605.25107912334818,134.35265954692065,657.66621294310926,319.39205053450894,68.444322933936846,83.549826496477323,496.21563161352833,516.96411663907259,500.7379276232424,395.43882870356401,506.44982808788563,724.02805919505533,928.64169173004848,213.03271990715828,262.5428061874249,844.89445752894812,972.45876485779854,414.10967692466181,904.11092028004873,702.37216901970646,695.4340420120227,629.29073761088171,27.052567689971383,386.87671854754439,575.72791406564534,813.48872976066934,514.24598926781573,589.41005575907764,463.6415595888235,413.07874542204559,492.0764723998214,891.41861365208626,254.68291117571036,621.82756968502088,747.59189664355199,597.71751036256831,274.61117714480378,388.359707855343,726.29068566137562,139.69436855851723,603.84394602442728,20.016968595028402,246.07528776566187,188.46664850420819,351.00653197554459,360.09480018483657,578.81834155773049,224.3125090239291,952.77454020613391,489.96671991945357,264.90677253147362,143.50325413398048,36.920626812521988,856.23615101392136,374.19583443147593,849.6215260085005,891.6037848087883,52.415010280699619,516.78088387517664,124.32701086041033,143.19407149725635,758.28082421388081,586.69706490658814,484.11256381390791,841.29698040612277,555.21639273184928,277.65896429098154,841.60450552139298,175.70029779266548,777.77338485524604,562.78007654502699,849.36603736025495,293.60803230815492,762.61708980927733,685.63517398382169,738.77598269205544,686.25733188038464,387.60143909481673,62.737308061557428,457.40625762051491,840.11557520548752,448.63047502971358,750.45248494568159,790.10127447855848,317.59604461689179,632.72429981744006,459.7875572264104,664.52363075944254,608.08523605621826,188.61860832221328,199.39879097206239,-30.929678806832847,-43.714832459421281,31.568757489686732,-58.439400152161419,43.205561573283049,-69.969856295178573,-79.688533179365777,50.639850736996515,25.461574755005984,-74.642150690422142,-50.855610170958983,6.3534705564113221,-45.183410138976669,24.691038567664805,-5.4984567497886063,1.5290248318109882,-11.254919975897582,70.712874431641964,-10.021747470645348,62.846002386923168,76.279252212705288,-42.547757188539514,-68.168973356099713,-25.950427905817683,30.184527393008644,-69.547142708788471,-23.69056239439259,42.714191692111768,37.697294799166052,-17.176884225665304,-8.6986356469782642,-7.004147588155317,14.015549139602459,50.453808120954918,3.1791757766907849,9.8983730796987253,29.086725553936688,81.161010204738233,84.93629657207552,-62.031663796814406,-50.097470852773512,44.857067705922901,6.0938729845289297,79.955651135712117,-27.604314252830545,-8.943669947085791,-8.1193089217661871,79.272810404970002,-76.614051652203059,-21.110598114733719,-6.6871890407626307,60.944670226439612,34.585112259910517,-76.546554562107616,14.129763575336908,18.402270904528699,85,28.413613861304583,52.286597409066822,60.112620727681175,57.245124295317765,-80.598745215906547,-53.208294487746905,65.811827247337405,-76.556021851779988,-65.197432876727476,-21.477123105215142,34.870173876596169,-68.682606888820033,-59.283288526480938,54.094171966858269,18.2627014591652,72.638192527950707,-80.779318682980076,7.1148448797611303,-7.7047769357805977,-53.289722888404569,13.9276558878113,76.030281798020368,3.0856201143502888,31.514838983911122,79.898502598168278,55.8269620867204,-70.677895003819287,36.115712016301771,-7.2180723052080324,-17.61965069535972,70.854384912005784,-32.515435099316036,-70.016492494975324,-4.3337520473450901,-62.821046858783703,-10.512071558544317,49.400582668672413,-66.232502393429982,-78.552774564929265,37.301109713009275,-50.56786970376946,26.97376957888293,49.762715484107858
14300,-63700,2.0022436531570995,983.41883984023252,5.0757533642106596,342.34046917912053,76.083004727721047,266.02708014536341,134.99651031987401,804.04703295571562,188.73040692119599,474.58315871358133,605.4179291774642,93.267755866319163,320.19321332823608,314.9900527956359,59.056652830270934,79.865769708170333,574.22729882582007,720.50176422310983,78.953004891760742,396.78382996945197,58.451435479776194,309.22509312226589,424.10936941720399,583.02649208625678,263.70366733852433,846.84679221817453,113.25268855396496,402.16933357351633,842.87714157364326,679.10156253107709,864.50268080783781,642.74651521784597,274.05063039578249,964.42600753302668,405.23134089499746,821.20448613100973,512.86478940517065,390.44757742035949,415.74269626100539,437.05095011466449,638.45198746692313,888.2174814117252,284.32707753517047,371.89910269029895,732.19511659196451,596.83059129292019,402.6607015268786,195.43534466948432,98.24142585188595,155.18286668761664,66.94434597749796,45.805625995358547,264.8343643738055,195.23083966399835,660.38972389748653,381.18103455109895,554.22317549242325,177.46336206234909,64.014417717686655,997.88345746835023,136.50340500450955,400.18749198399587,895.1237839987748,775.57620825833237,259.06735390349922,863.83690909647396,933.14899846194885,920.54335610686439,486.47039368228519,631.80644705327097,141.8100059829724,711.93512571667407,911.41572179916147,529.56374054834191,881.09078632591377,170.49002147575843,158.06505684616803,808.76287904043579,276.28404307343999,764.79604391115697,71.026716310723174,801.78290967357373,92.061536010323366,289.38051583764093,696.52588457936827,737.83837921678571,687.31344774415015,378.80289096721708,772.54210713656596,456.63286976680411,393.53153966631305,509.15310667367794,108.61282037328391,767.42506480792895,356.05032569758998,678.52046167973799,444.29870276664309,848.26322236348938,578.27883591593445,201.26206522755643,51.122763129432016,-31.144418579414147,-42.685110606178348,-34.333607762903064,-34.451969844466454,49.257188744912035,50.734528414214836,-74.938788552319139,-15.941384087730519,44.809958814043661,-68.110301645941306,64.255106569300324,8.7863387692449599,-43.842640525737139,17.772189375517581,-48.123591592656531,-0.49217025373634704,-11.071763473206802,64.786792778179787,0.90132074383427607,57.557102988315535,-57.184976782457113,15.156067808053397,28.480952355548865,-57.865915679156352,1.5111651460705815,13.553844134529015,-22.434282892128795,-35.488970029767252,34.171444665119523,-17.028289123228809,-0.52094414976689629,-13.389755024118088,72.185966491147894,8.2399228018797928,-7.9057772920872083,-24.424958246200998,22.301972379369563,82.367399597626346,82.352757834798254,-65.326432438759596,-51.395243139612035,44.768510204585994,5.1446057403858738,-8.2453602915167679,-26.126578496435044,-4.3886886549772699,52.554943241293209,-59.384561245152284,-74.360284380265114,15.968199518235281,-6.8602430888330286,59.248913111809628,34.633298905987914,41.478770429448765,10.057637724430966,-48.883961496067585,22.246966879942782,56.935623968307631,52.386070654751435,59.577904414143482,38.28041966817689,-40.989090468305051,-54.453409553332733,79.700257304598438,-77.245501611772241,-32.122821697023539,-29.510570105102271,34.840811771969967,-62.948680276392516,-9.7000637340433826,48.138948886369732,28.061693531645144,75.529721214911319,-83.661730227346965,-15.958051270737114,-7.6156042864908251,-36.666627534939614,-61.622048117277842,81.472253917126224,42.8460098735803,29.893712669441172,-75.338567216341573,84.163552665773963,-1.9157313602456583,38.695284476818557,-8.7025320897750191,-27.042668051235374,72.514878519815682,-26.489215650285253,26.29353306123177,-0.48746700564132794,-49.618736389144388,-9.2478962402533202,48.960829841856217,72.912863411855497,-2.1992539309362797,36.741061093629689,85,30.729725562153988,46.415922647284475
10200,-62000,2.0218627093960797,999.31748441558011,79.394051264388779,732.87542949041892,48.460476171319158,140.66223554228017,134.2551917077586,822.18371449198116,108.67799505614279,479.47235330651853,604.38977664091863,363.31382042231877,118.82484409302718,345.42679674295653,593.91634471198176,341.01187664797624,552.11687271657092,711.65717949784892,153.5972682214057,395.17222335089082,791.25795800860749,554.67517992543412,928.28527676464091,566.04813157380124,270.14369430190726,872.0158051517883,87.155884384495778,450.99157752042589,37.687923334933771,258.90432406629009,163.80483153019912,629.98781997960816,804.15588949426092,121.54740596793468,584.76047157668575,813.93351821038175,237.29831686890395,374.79160591964239,456.81265497130573,409.73356899866667,492.19441576396906,876.44390965261573,700.73756496658928,397.27183872070867,404.73436145828202,598.4296483329814,333.95695793390581,373.24275751091301,330.34249335458833,176.61572167829524,579.5440057297094,49.675537336834665,832.84798272339538,188.64225559689555,662.14329666320464,655.05824371674362,347.17419903861474,209.37158498351343,361.42585084987559,496.64194897530712,276.38979341289598,693.80059488685833,21.419543432531,9.16977862790975,669.85868405805161,860.5268982314235,910.27470463768555,492.80255845886467,489.69423188437867,636.72058946363518,139.84868653844748,726.95122098973923,552.07662091173268,533.29705043095657,288.80582887260022,158.36740328714964,277.79961972595754,817.98156936577709,172.84545066676463,764.16148387214048,623.86114107210528,799.31155335359495,30.678082231101286,297.1715945126723,171.92398967481469,739.42141732248001,671.03495845942768,384.86742751253308,54.371237251913421,459.06677016823392,839.77712747115311,82.91516640252982,742.29233722997401,364.53977058025202,767.85867787195252,807.38945523925941,462.2170308314054,717.71828089161227,580.04445443678321,192.89684174708256,193.7683003453223,-30.726722963360029,-39.701479000698939,24.532212478898764,-34.04727701328094,41.384808143667364,-71.33060631250757,-81.321198809386814,51.434977994903619,24.258022561185136,-69.497084792111679,-58.883391950907843,59.732016223699191,-43.844520222676927,16.586736332473027,-51.184455070245711,0.45310733109468515,-10.288006322743994,64.904795192654262,-33.434832418191874,1.2648639173299416,25.310545923313345,-41.869840093312277,-83.446990458181034,-58.370815303055316,26.8697663034791,-69.535212202652588,-26.78285154360676,37.063056750002545,-28.141063025894852,-17.176453581057658,0.536321430500172,60.017188138561885,77.130026751732203,-33.856572548520766,-76.766718839525737,-17.413398692657434,20.735631867298821,83.594253220375393,-24.245160894055878,-61.858461905223855,-77.527145700058483,46.323452701296965,5.0076726268257552,84.734506579661456,-25.719420823947576,-50.425725745939545,-8.4294538535161863,-54.037285337400313,-19.988704093537407,14.48049813662532,-7.5493084610735206,61.008196609481168,35.273114481587719,-69.313059550150911,-1.130832874555991,16.904307583319756,-20.573985229374983,29.044956140292065,52.493726437339632,-79.214349004206369,63.536564625991552,-34.125148066201653,-52.951176863673254,78.29251206486191,-70.417704336124643,-68.213258170110791,39.718143213505243,-10.373417756702906,-68.612321033344443,-1.0568589900480312,53.713503076584374,-70.83486830020064,-15.316487705838471,-84.111299061034742,-0.079686831895870558,-8.498521513908079,-37.339085301132563,-4.3036037551888979,78.927711130857858,35.764946298507887,29.736401085255377,81.506840536884042,-26.785895372385745,45.898039745368663,39.745709372980627,-34.343000270625652,-27.266880109740629,35.278394978769398,-32.096837162537604,-70.112849695934869,-4.3767903638621464,-70.889588669895943,83.003365216327225,48.97664918302371,-60.879012689237548,-80.508333716056853,37.026419928138459,-11.063169487827716,28.317621560094619,-73.101262618455237
2200,-44600,2.0609931952193143,999.51436200357796,171.80704219070458,687.17819111547726,70.824398350454203,210.04905223228491,156.41775958296716,815.74333000341949,317.79183552678626,374.19454842472283,605.15749198358571,351.79113236917459,271.18118207135416,323.91906045793183,59.31778184172822,74.920527185443348,509.67309439394444,511.42134287668455,582.34990947480014,389.31615534340978,791.66518098027404,730.50545347977766,928.88643374695118,564.8555135526276,262.71373934197817,872.84449439660102,100.70503214597034,435.05493738943056,903.0486873084468,833.20476735305238,72.628714957709803,625.19991954065699,211.09935959030838,127.98925398533123,558.14111127342517,558.09783662765835,508.98540728276089,172.03720842129195,418.30171218666408,461.04474394854719,513.5357088489136,882.76452117709073,651.61192731919959,374.59189905678977,360.2391218669963,598.3248515648321,276.54046141329962,208.87708358108881,115.12852237572477,140.2008841090219,579.2739759544595,18.740135449040022,189.66462425227425,195.92988152192476,622.0904145711562,357.25081466325827,582.09501195171913,207.85193048275084,947.11204730552845,493.37373291367396,266.47068972591262,198.78563420260014,865.10915571734563,654.61842113582054,375.23869676592608,92.911038902278477,894.6189887090942,910.32819905511747,489.843024761903,783.27590825878883,137.23443424503137,735.59607653507373,576.38560316669464,469.78368420902825,834.0309690810202,554.32634216043141,259.75355251280916,840.66165806011395,172.41835379285931,757.09783770828824,559.94698739579542,850.00514039555731,277.73253148938079,293.95461548837096,685.13128441873846,738.87901707274716,677.60655688495967,387.75870474037089,709.69546990291383,457.54553958035933,840.11328557905154,463.46414083943807,741.41411543176469,15.854769352795131,304.43726985812168,809.51691915008564,463.15451344281678,712.07414051938213,609.30097857689134,192.87620378477166,54.312517132483165,-21.333572841759104,-39.18489627117961,-33.494633636541558,-58.447729105383743,43.660228354125415,-64.880815309127911,23.550485234672539,55.019935293205435,28.016532420484985,-77.388685972535384,-61.858781821704184,5.5124783573681171,-45.172055986385345,85,-48.940384336307247,4.2279118325511753,-8.9362500441562922,70.621374239367611,-12.23272818580687,-71.469725947656158,27.681719472412375,-42.363943496481909,-84.682611363340428,-26.377632553249537,28.609679931107305,-66.44395831096125,-26.070315779721227,42.981077158309162,-26.135123235047807,-17.178672891439415,0.18655279866989183,60.293321060738577,78.426875438039275,-31.50449442243961,-1.4634385571099173,-15.847293800597424,29.048386618114037,82.843593062187878,80.592077481489298,-65.708250577296496,-80.732354169021505,0.2580095169967791,4.9572806833534173,75.887366488945332,-24.867865534377106,-8.6658851498339402,-7.8340193732052086,76.209955312682169,-15.546380527110234,14.77989762309387,-28.13396981748933,57.871695676187805,34.599698530355589,-69.437539713701625,12.26123783307882,20.969065496887428,-23.070142435562246,54.620685016311619,51.452533138789931,-80.976400308377407,-18.268195990946111,-40.131465034498575,-49.142286996044092,-31.470632246028863,45.537655645114569,-12.681925264084658,39.944761196141769,38.476552730247882,-68.618556843745111,-0.70263693714261066,62.05425488400882,-67.972905988490609,72.027192739725521,-81.925775283207045,-14.94689154336805,-9.2033513893821297,-52.116060054178945,-1.8544142229696616,80.477367422347228,0.6441420147265724,31.480068654354532,83.99075699455021,-3.5246408409975647,-70.406084310924129,37.531321137337812,-33.840542983689417,-27.293748783261194,65.370651957416797,-28.630942828321629,-70.224092935657509,-4.3092070113944301,23.733369071028456,-12.439151674858806,53.808799932230045,85,-81.718809222991254,36.797128343853302,-45.647968116255662,-29.83387175975756,46.402186782856695
62500,-69200,2.0018522542674604,131.17190245976553,2.2008771608623761,298.58297177728713,62.920756598823068,774.73411115430463,107.08687398961531,542.18811794183534,261.91675807521722,373.10352885067812,603.08677867869267,115.54187920252683,280.29706776636817,348.02228861785375,288.75317648317218,80.801805786832062,1000,736.73298815385579,79.593941851185662,396.40561596884072,836.25706034739312,361.24161634557311,382.58112238676119,545.29436604823422,261.72629964860414,845.531657530752,154.4720406333935,447.36219186177885,361.31222756128705,200.86451538029354,141.51855270811649,222.59556942025546,257.5619513745138,985.02342510466133,809.38237801912271,816.78002956759201,561.10876631870667,895.37145178021717,941.22766775045284,443.19613183932626,499.8311399180925,904.27346223141546,311.18248328946044,376.36297662894572,374.32941382638285,597.2356073486086,272.09894164493346,207.03530618437793,325.34844327952521,137.18865071346394,104.20281189695089,2.9549075995819862,200.9139754675445,187.88257581517314,662.00078923808246,862.06177374161575,631.75946755487485,232.21517942998116,86.516236204249907,986.28282895149516,651.71269268287597,404.62166610364818,9.4285965428128709,655.43523645252856,259.91016363241511,794.28953461255446,899.17596246359221,950.10124112253857,536.83615338786251,647.28671976177498,145.2369988775047,718.50666298716283,908.40605453822513,27.04069749698661,821.03093341918157,493.88039806760651,280.13236571342691,819.2340148990146,172.8225454326458,625.58988791288334,32.585152735361248,798.00821299113386,302.5101287568807,277.74399629560304,194.08320610190609,779.01614160667339,627.91103269247662,421.27002325869546,750.83980572371411,488.62794419082172,821.05214067631493,551.42745528666796,722.00731876722568,16.962576794308703,867.3880443607585,799.65297036409913,414.43639645395734,727.50995487503565,608.39936702771615,189.11496733530191,52.625473788706358,-31.107176078527026,-38.958782890439807,-25.462481459288878,-58.198674748255002,39.272589894069199,35.643878158709299,-74.28991550097588,-9.1348497136264193,29.507293837717928,-66.093287047508056,-79.515533953744509,6.8364415918233927,-43.728021225357253,23.8165803312733,-47.541520745814481,-0.69810432494851349,-11.035119435687067,67.681909745785717,64.152026057020677,-0.73752334059916436,-43.140562170924973,-45.202048057694775,-78.228516525722469,-56.858213319216247,57.031363057752152,11.905423071393379,-22.19118073560826,44.210135527597096,-53.859390049771591,-15.65132638490482,-2.5534972574616095,-18.31436070690453,73.114311567808045,58.847400193101855,4.9438478000789727,-14.61983959349983,20.999634686441233,83.602103923841597,85,-29.915575156195835,-79.793125674586094,44.905980433071981,5.0009591479666451,-2.5371722009920092,-24.819213596511723,-13.096132264173271,-2.3803040512774158,22.134169147612109,-75.743168208043627,-24.308938082253523,20.568875497630636,60.82341713458063,36.077762099509542,-80.076954757463128,-0.082572930404549383,17.276363837827972,-39.028901536576242,61.19166324588614,52.458389576699965,-39.613382885952696,59.45669881919212,-15.174464441131681,16.720317195499337,3.8867811872855356,-56.269867625029804,-32.770840254521531,-25.404709495213091,40.943661672222731,-68.619199989082048,-63.609402081323992,59.497643343668926,-42.430430211298614,9.788607112789542,-84.12005197897345,-1.8034228068784504,-9.6217844420162972,-34.184208648941109,-2.4653919330165763,83.951818803998037,50.182187986435821,29.933207410407171,49.042466164645894,4.9768514728461675,45.755992677201213,39.73334809249706,-35.754810590443469,-27.491529472663856,67.059866937262697,-32.364888339368541,-70.017204984482817,-4.6063476244046058,-62.133359583169927,-13.22377922431169,48.856517096629389,78.909470371097143,-80.951142729921315,37.33271567983131,84.43776693739818,30.727540464497565,49.867857386751034
61100,-69000,2.0006102712841627,156.21342534336748,2.1449480706472723,345.52267816121338,73.546134401115495,133.0623452338769,105.39867460959003,551.92779730170923,323.84709411462256,375.81126761081225,603.0182718557802,121.89418279380841,657.84346173537142,15.64565123122955,54.180893625426819,89.188107378074591,589.62204520659725,707.782030573268,441.98574962941649,419.85366920065417,842.26859694009693,91.331233732235205,932.16649892089583,583.08978366890324,262.41455171272969,847.43979558838237,636.3725407204131,406.69450387574915,865.05818233984814,682.24600910899858,167.51103280062205,674.29524460448465,265.39030146437574,962.80712804353766,344.96352467774807,819.66027082938444,554.39094050907727,446.18300933111607,420.24607275777879,427.29102115424661,514.88850851478878,909.26868918787079,270.73568807265696,623.07958349138335,375.46985864452165,598.18884569703994,274.52681981300123,196.82621054892928,326.67457086955653,170.21527714721438,566.81937842336833,738.45526362217856,248.05112684567615,151.55633852255698,660.86945777361439,645.85278575382313,349.32999811918546,175.49113441782822,15.724560405021087,979.42787663256456,162.49475892510401,436.44948637087043,26.162373945867714,678.04761829276651,515.13098779298696,823.9038846654214,660.69378518779445,13.355956779218275,537.21504017871064,634.12387097319697,253.82079690723296,749.18088949002708,933.53810732989814,527.5380191864748,583.44971338723371,145.39277913446708,37.904826347822919,861.5048530568846,172.264343363839,633.50023756704718,607.5454330354703,825.20407364809398,293.16509846659005,68.616961067281196,215.43465269398402,756.99806812052532,681.31782244004887,383.70104032371432,541.80280001999017,456.22571140054015,827.61399144743802,78.027194309720386,744.2808055159561,34.674747620011289,873.3530553406448,792.4461889627961,412.48076979324236,718.23762280446249,579.54400603981071,200.34398561856631,51.868819056231828,-31.34378139348528,-53.315582459348093,-25.108385443421295,-35.501464269319968,51.719010189091577,-71.883238064547001,-75.14108735746585,56.489298520581528,26.923082166091088,-64.373945257723051,-81.700836441089237,9.0118841875402822,-43.341561384027841,20.424341418376478,-52.997927359732344,-3.2442670521735639,-11.180104667757893,67.538341153482136,64.422161659029953,31.485028243741443,73.584586973715687,-43.211274663643344,-80.738006669350611,-23.01891282043438,53.514467843466697,-83.867849480193797,-27.194303687506345,34.146553354645413,-55.940922525166684,-17.081213977452791,-0.10944153375948229,59.080864818046528,77.089086487669874,54.796763703969795,4.5312530154637338,-21.713719345205039,22.723175326758245,83.733337715721277,85,-61.283511770506784,-46.794743196330813,44.910561217435422,5.9741833011056382,-10.206102370601336,-25.708994618932131,-69.360572204803788,-0.2628291326995289,76.961489737340727,-81.846559446144866,-16.55177878967832,-4.6402684956292592,60.993285926730614,35.28675134108191,-80.512797179628947,-1.4872818244111969,18.495732388815405,77.152237835535388,62.93063088432438,52.620791586778445,45.81939676633035,40.134472416628135,-35.200011542197693,-50.030328528921942,85,66.168039361073667,-31.006633549099632,76.990016618287001,35.886070722575383,-68.617310933873583,-65.216451570434771,68.321534487897893,20.130374050593456,-20.639238889451264,-84.042682139699323,-1.206794307604482,-8.8520529270772155,-36.478407788441444,-62.608238295232496,81.384686914388908,1.8549941872892397,31.580645298983974,74.399647389979606,6.2476905910159495,-64.082430073768933,36.322093638615549,-71.445188142037608,-27.477564369613688,22.797688503623561,-31.943075037338865,-72.783780213555815,-4.827447470167618,-71.10512798941545,-9.7503355960775639,49.669919310484232,63.48660670330181,-78.320392088668513,36.697034869186169,-16.587265024179004,28.300909984822184,49.540455140076837
16400,-64000,2.0329362927581238,952.32322019140054,4.0800721998971952,255.04001277123248,348.28949250509481,267.07916311202104,106.28619386516687,821.06173570037356,262.74791101839327,373.23624135917038,616.5615699337925,108.90037153358736,302.89816125727378,38.428805110167808,3.7591279838780451,79.871619384345351,540.89735077881778,528.29614173627647,78.327826248846208,95.816646741352173,855.82101204801279,540.30912127967395,906.08265207209092,580.69983796641509,266.25224310906106,865.84962712221227,1000,434.19565495639603,859.81244833828271,691.4329003451561,76.463656335312123,639.50229249815595,816.58995801441642,193.58118892711093,360.0816044123668,818.76295956290835,562.76535667352323,399.97346702790787,417.10639397481043,464.58532371891317,35.126471639014653,880.83163974491629,268.35367909469898,381.75045655088348,732.15908175846653,599.01654853223386,402.66678170972443,172.05903499541566,302.11093910320244,155.32622319564493,61.575390493163084,390.37549981682116,239.74827743687163,196.03409553139505,661.01627892729846,625.60531950316204,358.70787961185869,178.26013960555773,914.38897515899941,972.26927884544466,288.33863765342477,416.82945318633261,63.281172942703563,635.68690474635878,269.43098475542303,820.50811891970352,620.52417119492634,103.99944748985678,483.35156598872874,645.96552251077082,184.36429998720848,734.4063852978561,942.63736648583381,526.41977280775359,810.79550757586151,540.37195107437742,272.4271831876859,143.33077964132087,176.10439928543261,653.45516606104957,82.349278636000918,800.63494664420796,301.92020523102269,703.89479057490132,173.53912747272506,256.74247145270931,607.37796515479681,391.06972407176352,812.85316722561254,461.44794592361956,444.16312553845876,85.434366713353896,722.43333066693913,16.306855788572268,330.71742707614771,663.88152225532303,452.43852154165847,717.8950100541557,617.11662129522085,200.34646215554361,55.178632541978345,-31.676130823123469,-49.945600073937946,-36.887473981151167,-71.21603690466948,43.538766425736277,35.26571498005201,33.53869860966585,-46.926124612470019,44.782630142966966,-74.307519238533757,-50.236850668966909,8.7060534800773759,-21.729515554596336,74.326543864994079,-1.5237053848425894,-6.048569172040807,35.149256073718924,67.350618417029793,76.743936088842219,54.85204549310248,74.359369021369744,10.473487095867592,-80.055474077177323,-27.424751549328519,34.694607266043,-79.379378172736466,52.55017823255551,-29.750104156751931,31.945577263679791,-19.770244507139203,-0.15183875027312504,48.894033002447912,71.615440050564033,8.2414072106604124,2.9054174342945984,15.1772808430892,22.296822896206034,80.857615224436628,80.279094246627679,-61.551014454777459,-49.797525851370295,42.492932366950058,5.8715709818478832,-4.05731745577528,-25.829820961834535,-4.937076201785036,53.04176762765843,28.67932194088575,-82.683357879206255,14.567572021896069,-6.981151593301532,57.787798253332319,34.65341390531632,20.608800608341035,9.5221637496350855,21.810687787546204,75.231027119484807,33.192070148769844,52.426568219857835,-78.514617996695407,61.046958858829001,61.756209080696031,-54.23434471250696,43.556253122704987,-76.768246927674554,-33.8560375369631,-29.079477274236933,34.631645528208402,-68.619114687927592,-61.290834117185682,61.359818876965221,-74.355650438039191,-10.381673995818481,-83.993565294437502,-12.543129783863797,-12.271720268001456,-37.208113948333498,-3.5968430944543606,81.278536101847948,51.602975693504888,24.895877705678359,84.253713436883601,-28.290904990823218,-51.400837193395105,39.165241265893783,13.670466809567944,-28.325771599337376,69.70109352177856,-28.18843300967783,49.425571652427323,-4.8452945731170143,35.468658349242659,79.451829417560589,49.063721567675195,72.826698352548959,-81.026575098224441,36.793930375561999,85,29.5960149061724,55.481656512236043
13000,-63300,2.0042420917574417,1000,4.1160962595772039,299.2040707605849,50.610861826408225,193.63489728621641,106.33175947160551,522.40455670808126,329.59654177672991,375.77248264675177,603.25933415363852,109.88806827543915,392.8455770624289,315.15401198651386,64.178446753290487,83.619551757124029,574.0465764893969,516.90243241941675,73.201787789497047,390.10637156312015,518.4876745695974,725.18974012179808,928.49418962115033,215.31337315349876,262.51692378262067,844.91077446440249,196.12074901848706,407.40430814450815,928.96358133477497,704.19476140938536,694.17405872494714,640.42741220554853,836.31218287845172,870.83989619535589,574.89668204232987,827.24163371280622,517.68757480779766,580.62533931113114,463.80870162329097,413.77518958593356,492.24408297269588,891.17909584764584,270.96355267888856,620.49102811755961,722.03187968818384,595.3449358112199,394.74021024422103,187.32958806872773,752.53811915561164,139.77120363618167,607.6072369759097,33.781198041933138,285.12128928108206,188.45257061904667,345.82032933877247,360.36708002169354,658.78630640717211,223.58187435739308,10.957189564888097,979.71917025716414,265.2159004081368,431.4892372310868,7.8523726198940995,675.73839049405967,373.79034790737705,848.92255544765362,910.075542355739,952.36748365723065,532.53598526341739,130.80137526224618,163.77776252043088,759.37528129688917,587.12486449623589,532.0250353983015,841.69661042307246,555.69705934348121,277.6520981654437,822.32154248869119,170.94657641344472,635.74089835815357,550.6587429174383,847.11211305183213,302.33894493652735,285.48048708245335,652.53606052999601,740.63661781675808,686.2062626840908,387.74724322822658,793.01640560758892,457.87894344749122,447.35818872419225,456.18202699585868,722.75756870772739,793.61775086111743,850.4334767633577,635.93460113430626,527.50072062429274,716.92211369742517,607.78279934722434,340.24194756897862,202.68895715496495,-30.935506773854925,-54.533867318154442,30.854513168288179,-33.835130031306228,42.929322091968544,-64.388129721208131,-79.787436249218189,-56.386852424944109,-32.484421879943518,-76.064128437518221,-81.511479767368087,6.7779680791177164,-45.183689564283043,24.83160464570097,-4.6653101681935603,-6.2759411840040489,-13.317397110091427,70.716742600385047,-19.8031548179355,-0.49046109022594919,74.19857707494134,11.519567009124222,-77.386213462199734,-26.105494648820287,31.099880093571695,-70.72150964620829,-23.691196685809363,-31.400353097126651,-51.038495974243475,-17.176160254425088,-8.5175151760582715,-7.0006641253531097,75.495246178186349,51.575826963343161,3.1684012926918554,-23.917315785207023,29.292670716006548,81.096055684505757,84.519029995584773,-62.02658036369337,-47.873430551814373,46.488347864276349,4.9449924514100507,-17.740356936148657,-25.737213837489733,-5.4686921612341735,-6.3737736895824249,78.622692578192186,-15.969662955080118,-20.558820945041028,-6.6755530755346948,61.267372495395463,34.596927612431713,-76.409898287624856,14.242906646443572,18.397866387310984,-21.967453879633887,28.453092171989102,52.381524265895798,59.566451722759908,60.210740538972658,-15.553461002052128,-53.204988920171061,1.455739600910519,-78.206681496332266,-65.786748117379616,-21.477382576165944,34.879874975782826,-68.619369263077331,-63.456319228618419,-14.080510247433047,-76.534073521402689,-21.127970742203463,-84.890567234082411,6.9672999180613679,-7.694948024533792,-53.274463761334694,19.317587588027049,75.933109560860714,1.5992119316805571,31.545547168834659,75.807943157443404,-30.893033984075139,-71.649561099770764,39.687417876546235,-6.5303312676685277,-26.686090063752474,69.467229278237269,-32.929006791658161,-72.298244481875031,-4.7815184876578787,-62.80110930518174,-9.9237293044459935,48.858742073981787,78.84851597398341,-80.438608713966957,37.037497697758759,-52.099323848420489,27.772292037243322,53.47792262046945
300,-22000,2.0600036831803572,1000,219.38036694169213,284.44166602421944,353.30472274108882,209.72772351962385,104.49318032124755,552.67382130087901,133.1985177577923,376.00076029843217,616.57833494805607,365.54026455131748,278.93299288388766,298.351702037601,582.30110245082619,82.639275793818328,982.39718382750482,720.38734298113616,98.883438587743584,394.91833533731693,42.725342214948114,554.08514910253632,450.06641629361059,591.5909096514431,262.15931168856127,849.72744551677943,58.101371579535396,413.70587390081494,848.65852565643786,829.71394334232946,135.68957331133447,628.24524464271735,119.63134603068158,407.34052605488682,356.68383374833411,846.07659038096074,512.59180499418596,594.9224551581234,416.62913098784827,428.48347316877852,668.76726238204674,499.55983998446806,255.22172370232181,658.80935130108799,409.10249938238098,598.24965100639156,339.01041328688098,373.24487852169693,325.42478517048539,392.49661947992871,193.16952028030622,36.91552615128267,276.77308361660613,195.42885436552467,626.64987838866261,878.46259793980232,353.15015420902256,223.96230095447248,32.748002915971085,1000,252.65202733957585,151.83285617384686,697.76874631199451,835.58937185510865,377.04076010639398,103.51823565496557,650.02403690971141,927.15295582016381,542.68243151879221,639.1902307078783,142.70070729471774,753.58218515088618,624.69170288835676,530.95414574214919,843.8294534194448,561.33893726992505,276.20575223011753,803.08035865475267,178.03154536114903,761.2798449199189,572.0094067759668,801.09123133601054,325.93107818472265,769.18097656442546,154.77915842375845,736.0367634132449,688.59448641864697,872.17610869010105,763.35346351075589,451.86115721531939,838.05315777038686,92.995792901878815,737.52428147699914,10.802635765611399,801.55238548405407,632.6111940042025,457.29026441256883,719.27475646348876,579.51141560283611,229.26601925500802,56.990147423015493,-11.250768812039281,-40.473645611467354,-27.205671820593501,-30.290159376608528,42.305305193154034,-61.227579939562439,-74.458325023693078,52.350518762747996,26.151533823186121,-77.700981067079894,-77.608306853683814,64.54763696647359,-44.949173954418256,21.42041400682071,-50.239991480296055,-62.884779948647079,-9.6413385803601663,80.559763723845606,76.042821472249614,-75.712864057637645,74.378587660328407,-38.554813464770504,-69.425747144188449,-26.446152006391415,29.944531026389495,6.6585974402010777,-21.266091818568036,34.849680400647202,37.288366584276339,-16.731320291462453,54.287053527647799,-16.160197864969458,72.438110818188164,11.710692935360804,-73.252210697566568,-15.516460168594957,28.895587155738568,84.187136974956999,84.581926627493189,-61.854948172640334,-50.126462479314498,46.157960388604899,4.9790871579428719,81.572794874814036,-28.268997132736136,-72.224691521352355,-8.2426664810779613,81.077478705747154,-73.472462256599712,-23.110659848114366,-6.445195383069402,61.113818654048735,35.129432450035786,-69.86670551164157,10.011316413732324,18.123953870093622,-18.570282018975782,31.617662415671163,52.408302254336398,-72.375562715451579,60.173927684746232,-14.452222285144856,-48.976301949270137,-26.084074410005552,-81.631619849240479,-63.104456554101148,42.018740266670825,40.594978996190044,-68.608239224085906,-59.542880280191845,62.136308465805158,-71.594363720306887,-20.906634261988593,-82.099531254292415,-17.935758560917208,-8.7109085292424435,-36.503339743458582,-1.7436132295075595,76.173044699446692,51.583740602300502,31.59440015840368,78.618436985017624,-34.034404876086974,-71.792366177489981,37.786287308990218,-35.188495075674503,-44.365451417320571,79.230094548229914,-24.731201015382698,-74.575762754855205,-4.2686867973164286,-62.851329287467173,-8.1848965122463397,49.696420468347725,72.918493833898623,-75.559715467007408,36.604904314184196,-15.991507275804805,31.22270637998837,-84.94800204727153
67800,-69800,2.0030820401680467,35.532941966549004,5.5678832921839785,679.78256551310915,63.634171694527488,137.10662182402066,105.80783824197076,825.36266167677661,99.056481590199496,369.84968486013287,602.94193453278297,374.54137054984682,650.48346103744302,337.67281124145472,65.382542534151469,348.28133517824403,540.96824634910945,508.59271275572883,481.32785632629054,395.43243993118324,807.84150830161491,537.2794238135117,905.03969571227935,208.23608693522027,270.4694644326741,847.39593975218952,123.14067429284461,432.03448906380947,859.55740878378197,696.78069967968179,159.09241314287917,630.03303491716918,780.80788852767023,978.79830341608749,594.91076172638589,813.32547549988305,980.14550331498049,960.34513927526041,455.61477430103241,145.83175319925397,523.0570233779215,811.56511914982184,253.14384250821305,386.14845441934904,767.65127044719202,594.0529359833771,270.63072518645447,195.18291833470488,117.41625666483668,154.0458569596567,586.07907539391238,699.67708600715548,826.70309768841912,156.43455444193205,627.06816540492582,649.76247256876616,358.43257297748517,179.11553920827987,339.04742112229758,480.15629997703871,298.43188287613356,146.46193435671296,22.612202825007195,661.54531863885973,658.51874441353084,840.63731930636527,903.6905767606039,534.5882927117209,488.02903066156023,646.85495224827753,138.49908140458172,726.98846313733486,928.35583452554351,533.77544249175264,580.4171158600825,479.6838871299085,289.81493868582066,818.51530369742136,308.80289359923955,762.92458770179098,576.66854451909114,799.07902171300498,322.1817092968779,647.30541696840896,153.0803995374057,713.31602270061137,629.34036129377785,409.3587513524551,118.09534364416766,499.00888022744834,841.72518635737333,103.19634848245767,737.39183948250877,17.726013248024689,876.47666716760716,813.62208151739401,441.11903043860491,663.64287422859559,579.63035674620357,192.15163746935241,47.180139688267019,-30.692649164994094,-39.760641025989095,-33.921585279921345,-34.246523964909542,42.116324589565835,-71.044905074811169,-81.602718780858424,-8.7499521198934094,28.182956763168136,-77.342389673105842,56.301845994859079,9.359720531499045,-43.815051960099012,24.874205577963512,-46.726487536102105,-6.1460364994917285,-11.042931281863783,70.631839013465864,-37.709784314323201,3.6502962372842251,26.898801972790991,-43.57967670192896,-83.36495441280978,-28.914730877791381,29.24290619282873,-74.76626407751138,-27.189468391167345,39.285346633908773,-21.941606867333199,-17.182545040061871,-7.7680685524532436,-3.9717018456636914,66.854698643698271,58.276593991219571,3.4698751164070121,-12.108129119450298,28.982653549181627,83.630929200382255,85,-62.205045341896209,-77.594754180272389,45.615462530471461,5.4033052400904769,-6.156141101396841,-28.461120948166364,-56.467409883888195,-8.3069661127301604,-55.589927611309463,-11.094578777039917,17.254487100807712,21.945859249876289,57.750988472886583,35.127022929059727,-69.963059573448675,-0.72697200045661159,21.214154430331067,77.653600631206999,30.625975540328543,51.939123423343339,-72.218068088458494,-17.497639915904134,-33.669540444929048,-54.236591664745646,85,-66.830442188441324,-70.953804061683044,-22.209423288029434,-11.366835234054951,-68.862960051191919,14.447062101989658,54.303261033886038,-71.934050583099193,-22.532228525136055,-84.106214299872846,0.42364654578799643,-7.7373717816748471,-37.729682502694587,19.307599570072725,84.557244322185326,35.023497376803221,31.47274155184143,47.348479241720128,76.184643086802112,-76.683219253219903,39.741297191103826,-36.673358384903722,-26.61650640277124,22.087583849499254,-32.578657892205364,-70.346298523178845,-4.3784547393368989,-65.531974992201228,31.299542938537144,49.566777881812293,85,-80.445007517489898,37.25064786592808,-8.7804779376126856,29.502195783714122,48.8946671872256
100,-16600,2.0174565452247308,1000,223.33551859874345,298.58577370012631,88.489321908153016,802.42554769985259,133.14629015217582,857.20859273003987,119.06758089036883,372.00398914002074,605.75839433344811,354.89661872414655,171.54315313423021,334.83017903980175,64.797033171248799,96.180920961823645,491.07750631817203,710.29316915303809,48.634020060226675,26.981086777765825,803.02449055010891,333.28670263178196,938.4472290908659,215.20855205092943,261.47707179664201,840.60068013285343,987.9619051611686,419.74778567484231,855.99444688298138,340.55533971173668,120.50619625632271,664.9584856838876,87.672932064276722,892.64006868722277,355.80592728869448,817.03915393476461,509.5266103666616,216.16967464729754,417.12654031859398,471.55575997684429,515.48553068507522,860.91527499244569,247.93481342085033,379.03106694867171,378.20786091846492,597.47736942849167,237.52844048246681,390.70405904018327,117.53589455859859,165.32560427396422,81.339428728357632,394.54586518576548,247.05084623879878,156.09855004639638,299.89350552217439,878.52035515589807,300.65967050121475,177.07597095952235,296.03894029076054,856.1841854262093,270.41441687441602,401.37337220359541,49.349543990147325,686.49745163079228,379.58266973842262,873.03506429070853,905.4352454856953,988.54334735211921,519.90954955909194,646.86510971662938,169.19967937280066,750.84307839809776,919.1672330402024,525.99222327922689,810.88588651379064,483.2472680813263,289.52028518649433,841.565103516411,170.06631304463303,778.38550690778902,34.296905016323592,833.58907037165432,311.18672330157676,630.0006180010173,196.64202014857102,318.25240466619823,629.13271129937868,415.13981519879428,739.74678533405381,326.27236456251092,836.12608723770938,503.13348480783969,737.59951845791068,756.59733896907198,353.1956383302919,660.17769928937093,474.82011080629115,722.14877533468666,579.92149994498709,220.12457989453421,44.085137850912204,-8.7657927154607744,-39.498012059612918,29.046791791939775,-34.26047479517775,41.943724351916366,49.137567926819784,-75.284287342448209,-9.0053130422316912,28.226859799597715,-68.555434416197272,67.926305854859308,10.489890393860573,-45.378034887338679,79.110028696583228,-50.227259897495372,-6.1152832252451095,-10.654137321447269,64.649039297940917,69.00313841558706,31.152402103697941,-42.044056808026035,-45.700053054235326,-83.14697926446965,-53.710826674519453,60.803619250616848,-69.75277070669901,-27.539641378374597,40.094554589867613,-23.188224695101425,-17.177948843295379,-0.5530316339551149,-19.599015335141878,77.068607619142128,50.738072596409935,4.399931891525954,14.843320837365194,22.257048662497098,83.6063566022179,78.191661741421441,-61.830007084865741,-74.001703705081113,44.871868100065683,5.1385993884683527,-6.4876886463462959,-24.581077288734225,-5.859920976343524,-9.1792324195415596,-54.585743447602013,-11.071363310535915,15.808109478260647,20.799058348284589,62.048194945048458,35.457434044784051,-69.555282658248373,-2.1347102420227673,20.059091063810229,-22.45499193170096,29.976339151164915,52.4124035480869,-72.70768305530477,-17.040608611738357,-61.272011805301517,-51.24559080823181,-33.201078070541357,-57.953613781340209,-66.935799267369617,-23.315673237362297,31.691317235713448,-68.861056091279323,-0.35886270257578445,59.338037314205224,-77.625285122178596,-10.929661308471974,-82.620910928049128,-1.1778740431140085,-7.5036887661796206,-54.525755662624633,-57.577659046098077,75.705509683357647,-0.14338257146988553,31.369291756220647,-0.048059092446067098,82.194128014848957,45.932584686167495,37.274903201987243,-2.47234790156707,-19.508256548392307,22.473202451071302,-33.034990454848995,-72.556176912878726,-3.2732088104684065,33.487688729401718,-9.0027195870159993,49.35699374298941,78.912446116493157,-81.703099052913672,37.26609312328354,-44.354220631053337,31.010188000981017,18.658615705475356
53300,-68100,2.0012420318770165,292.413046695486,4.0736441656507303,302.12394028951246,80.694550322295072,265.30534074570539,132.79529866038183,821.47965410711504,264.2266354226432,386.16986767769208,614.571161431674,96.875996853622567,291.26890270671288,45.533194680530663,96.093875850456698,81.325801103803812,977.32800742451514,728.95568395271164,98.14001946954366,420.97982929033589,73.121719476893304,335.36889244246123,926.84848515343106,554.24704352004505,268.43146068145109,845.20597660701526,1000,414.89251496173461,31.081958400670089,231.7759204605498,906.72947926716017,389.66460445062927,783.78794901323556,882.38798378344302,843.26606194016415,822.6388583352682,562.62820566945857,395.01987740010401,960.16669180563542,139.3799203793811,663.78698129955228,812.42803847021844,345.72374069097248,519.34832062962664,407.18776398291112,598.04473204163628,270.22439333609032,410.58494170742847,317.25195346183165,164.37536184382387,52.118720799118961,738.46323380014564,276.41327964925307,197.7958447869695,666.61311625594044,894.79020437421684,745.20409006654177,197.91732068650421,26.403950272852676,467.44075564197834,259.00577059561039,412.12332476993322,9.5846226846715581,674.34300720690578,262.03787452972909,779.31452333775724,900.81054529885046,71.015887053440849,514.87773763883399,647.43390485999009,185.39638442369798,720.09123408310643,989.39140908247077,474.56849064334938,545.39724661574337,172.92601656327057,273.69643937533431,861.76821654869389,142.36170745173408,640.00098426341424,565.62810186464367,800.48825291765274,314.75553219102414,695.62233845941637,195.23200746685455,779.69274839168747,631.3400416728025,415.02654300433045,748.80033227722743,459.40139869366953,376.90989073623155,79.167396597289823,748.86462904746429,21.477671661814405,327.2195370159028,790.00893290129966,477.01225507347937,727.41865873972301,582.66545660236659,199.88229445633135,203.57980720854962,-31.140885082882381,-54.979710604026593,-40.654728690825777,-34.724497857817617,49.278714494689027,17.542886455620625,-74.851852114807869,65.593957749825037,45.167020231124361,-64.64482496076775,60.951957214370701,5.8897714984944436,-44.102249914120286,17.546072692583024,-70.828287526203781,-3.3973289175255226,-14.144528295324372,67.469678365276977,67.351801438931545,2.3563359948135378,69.710663336609841,11.328934435703879,-78.038169042584684,-53.299463009974332,34.406911691571899,1.4683418264005823,-23.108182790948455,-30.137697384845858,38.223443613829815,-17.107213272917825,-8.910064650056178,61.624754193761781,77.550319522676745,54.567034782103363,-75.689451613536406,16.886039074818534,22.485176900707199,82.247862596352306,84.530987483370268,-26.565020477434576,-50.090531793376634,44.692141427575557,3.0856289834729367,45.127902690224715,-25.565475469167829,-71.03506707470882,-7.9310747689895109,41.106464614436334,-82.466132366369308,-18.294929524553343,-6.558293597809266,58.555699230722738,35.3599264122387,33.071312491932758,10.328070842749407,19.371107074797365,18.56150212507189,28.655237029296504,58.596780687184371,-47.758872649479237,62.156659194140822,-74.344467354149558,-50.463632219642783,-32.728140128185004,-72.471910269067507,-64.140978511616765,36.322367602762363,34.929951185068639,-68.495568905114467,-60.268886300646862,61.37169873565783,-41.190332124575363,8.8505214393252452,-75.083821054958491,7.6650214393530094,-8.7149313113993596,-36.238993946394203,-1.2160222449559277,83.540321482363566,51.874604804811646,31.726423996162055,26.494512164998312,-0.2938750246637909,-51.384941700414061,38.392758261278438,-30.388577062374615,-42.522334331442032,66.241480997798874,-32.392338175517992,-75.338934416257104,-73.695420335767992,-70.631543531901016,85,49.199193369128608,84.06852204159695,-80.492683943259408,36.973707316149948,39.169283133922121,11.998222597407114,46.476581724096093
51700,-67800,2.0199847256219172,316.95112197028647,6.9445866111901893,293.12645850316255,60.12565432458787,260.60217830571588,107.9999957255545,819.42691154673798,111.58821913762287,377.59947556558348,602.94480472260545,97.039584345668516,112.41846929243286,28.775688225482654,594.06154683896614,82.158146754187442,560.14376812460739,710.82531035323359,155.66416261051901,387.00213104080308,797.69045733870848,503.08209472905287,928.1450166404901,566.29554409141792,262.71986118830358,844.05921916858256,124.70868150090837,450.54268478308046,878.92835733988602,256.04263357025036,128.72311860035978,640.70176893166558,834.26245360019493,858.55209483867566,892.61331422918954,818.68889657622992,551.56102247157969,391.43531049945079,455.94878873953013,458.71905261512148,514.13758442344192,807.19317259031618,231.20445358515019,519.07684619104032,242.76993509267936,595.38363750049132,333.03453211549311,175.26329297365535,324.5613810718246,176.54422082819661,582.70449619180454,35.131918746616627,846.08835441325448,188.64046408453814,659.42135564566581,876.74526594539168,338.27434895398488,428.45476496362949,54.632116990683855,934.64180546523926,273.91050621719347,430.40384595158878,68.532540922575137,623.99460481193785,254.24556643728314,808.33428826687452,638.08919436770577,487.19914651727584,445.77916584642134,640.06309409322978,163.65970699936787,718.51494914177999,549.11044740803311,533.16041304645375,860.35906822168886,205.23566994479597,277.70958455342696,801.88885728875664,170.56193932347247,640.49794082380868,62.22784812555912,799.05933335487703,306.01928128577953,249.8725764613547,151.31111080145877,735.92802601605172,633.58975905563534,385.26612505928819,36.282941267511944,456.85809427535963,438.64304469458796,102.27011915432746,722.97397488314834,25.439593245087735,769.93926713086637,803.98621882210966,462.18537804478859,717.79176687161646,580.11892827758686,335.31990573714711,192.62280446078785,-30.264406296656141,-40.035720235672002,24.117857243225568,-34.393238013815257,50.238445954677474,-60.933061920275009,-77.136601653988805,-48.001618580706115,-28.158885817261893,10.978848871378304,57.324945369162158,5.330153892542981,-43.721740082948749,17.742450898886396,1.2820694174200362,-10.282476145776233,-11.518416284859498,67.631661587217835,-37.185422836589382,1.5140331242258622,79.148421912212328,-40.476909772075892,-84.865986814958191,-26.461611095602528,28.018052477030771,-78.759356970795778,-22.542940023951935,-33.26857512467609,37.363358028429808,-17.066997529478797,0.0040557070226510117,-17.198379131413681,77.005205885101219,-32.081702885372486,0.6373632962907223,-20.857473352975141,21.618814195999292,83.653931485570055,71.344407312334042,-61.866219157123084,-78.179193610559864,43.615815566853883,5.1144216298467526,84.792323271504614,-25.715723626345017,-15.540690845854131,43.186235285237039,-54.651436329887929,-74.591358046838323,14.304391812301997,-6.3764246480475961,61.001353638637667,35.213507503994755,-80.403616086140403,9.6999249300178523,16.839339423124905,76.75032917863598,29.894002410648632,52.383226034495749,-80.525505762515664,62.649944145347831,-45.934971765602924,-49.60835624072304,-31.509593893904817,-70.279031534478833,-70.37592684259215,39.224958427463875,-10.878172126638813,-68.611100930663127,-63.615757250563064,-10.880244664698289,-72.799972038700133,-20.744002607958919,-84.880828970583011,-17.359448027750581,-8.463750352718419,-34.240684291685639,-5.1079581931805489,84.156699811884423,-2.2959588130815085,31.597404137448247,75.501840534480408,-28.692091540910749,-51.600859594689567,37.869857085547487,-34.342499472079304,-27.278627504564366,68.708808642568101,-24.902629211603433,-74.910383870984859,-4.3691674383041965,-72.086757119497861,81.647965321056432,48.849679778097553,76.625567976900101,-80.520011838940221,37.027302454499733,-16.372199144181742,29.648890560504924,-83.485331782316408
1900,-44200,2.0582661297198501,999.97903787013922,173.48862992542294,320.3468087167272,350.87413120780582,211.48735617805522,135.19763902979889,809.03157959493387,112.74687881705442,380.3557678704156,604.43044217327645,366.85749116176578,277.69740302760295,292.58920379778112,273.09166044277606,66.897348309176806,528.3726645102447,706.73161555032755,69.688797552625346,389.02635918821568,825.36895836243627,558.29494081187886,869.06492535727148,542.46406031026879,262.06933140637409,872.36268147429109,44.773733331334668,105.14003114234001,957.51359168868862,832.9234418441049,70.205127888867025,257.88724894659606,217.57482662288214,124.61808780583431,866.34917705338682,554.56878333867894,992.85107075607471,895.22003271624658,423.18430320871397,459.44716797187334,513.3107889470034,865.39339455400238,673.52970143926359,384.76356819747593,379.63192686499912,598.42733240291693,272.29044212923378,180.0870235757192,106.30158828712183,174.61568405654859,568.98861219272635,44.377328778942001,251.65222368382874,193.36363901266461,660.68405115191808,628.0117395741654,342.80734100866886,489.92392278503689,311.97714929308444,497.89943390717292,296.72520353666494,431.72753313753992,945.75885748875942,25.24380010108716,628.3669963693311,46.625079811990858,573.30333746993415,27.904349688778325,513.1763435404539,631.06165694804884,199.69211619499231,735.79095449325746,971.81050679519046,531.92409801563906,837.19238960528844,565.66820497413448,263.11090910999792,819.96867825430445,285.78197085918617,757.26991321655646,73.895005975096836,801.54533255527792,292.59495037231522,284.13147765226262,137.60398692688992,293.58862446481351,668.57704081801842,388.67563934510588,41.032154392899884,457.37098427157787,827.19521265418052,111.79226890938719,741.89515916007315,12.884026761219189,786.69274742399932,675.88511707105795,457.65545985657332,715.18646929081581,578.82453587092652,193.08583237131202,49.831890997842834,-20.952696838522272,-38.685414421181108,-33.937842569801987,-34.984598197484033,43.375110899096867,-68.174904698819944,-4.8310721613653094,51.263713374417947,-27.737377980646531,-77.321629213306494,-68.579373939460794,62.665451499458186,-42.411816171061083,82.819178333720174,-70.321478844860437,-4.3814768577412941,-9.1779221684520884,64.815105511058206,73.72241992463232,-71.420901484480765,30.975207790137222,9.3627965283060313,-83.446363727008176,-30.263649863672757,28.391159866461074,-80.476956386326492,-65.601554149798375,38.626113181086673,38.981868235175462,-17.101001852024641,0.66537598486745664,57.067655932547879,75.044525401840318,50.385689120704612,1.8824109462639314,-15.775188085189397,29.195954769460027,82.875467513803073,80.449831686532249,-60.800002838778227,-55.208098726063028,46.859870900318725,5.0522341686037731,77.347129024457033,-24.802802830620969,-56.100852405084197,53.934185125683676,72.562738611120068,-12.062313629151383,17.446317250856602,-7.5565305641639293,57.870311321888252,34.047063768673844,22.708183534449272,-4.0794260343426725,20.911299837528212,76.338866005886047,-18.013338440709898,34.568125488344492,54.284247096098341,68.143539622194652,-39.110919754499939,-44.088575290812884,36.632822585613965,37.713978721370971,-16.187953945185832,41.670774387197902,35.057773493909302,-68.586188470827025,0.28069007042151384,47.20954463728512,-38.387072983095678,72.219365042472617,-81.978514742189162,5.1543647481812815,-9.5936740051746074,-35.939160202419558,-6.7655466599742677,81.224384869819687,30.975369557646296,29.614816526227408,29.40613370175566,-0.85574877867853516,49.714223987935668,37.537042782162537,-35.439871379247151,-42.369569140901177,71.55641536295596,-28.56934663056164,-71.024359942871584,-7.0712587005911249,29.977209936056017,29.866964704294592,53.843782672203147,85,-82.719021552967874,36.798135457966879,-7.5484544360604708,28.429127821886517,49.752926880441493
