f0,f1,g0,g1,g2,g3,g4,g5,g6,g7,g8,g9,g10,g11,g12,g13,g14,g15,g16,g17,g18,g19,g20,g21,g22,g23,g24,g25,g26,g27,g28,g29,g30,g31,g32,g33,g34,g35,g36,g37,g38,g39,g40,g41,g42,g43,g44,g45,g46,g47,g48,g49,g50,g51,g52,g53,g54,g55,g56,g57,g58,g59,g60,g61,g62,g63,g64,g65,g66,g67,g68,g69,g70,g71,g72,g73,g74,g75,g76,g77,g78,g79,g80,g81,g82,g83,g84,g85,g86,g87,g88,g89,g90,g91,g92,g93,g94,g95,g96,g97,g98,g99,g100,g101,g102,g103,g104,g105,g106,g107,g108,g109,g110,g111,g112,g113,g114,g115,g116,g117,g118,g119,g120,g121,g122,g123,g124,g125,g126,g127,g128,g129,g130,g131,g132,g133,g134,g135,g136,g137,g138,g139,g140,g141,g142,g143,g144,g145,g146,g147,g148,g149,g150,g151,g152,g153,g154,g155,g156,g157,g158,g159,g160,g161,g162,g163,g164,g165,g166,g167,g168,g169,g170,g171,g172,g173,g174,g175,g176,g177,g178,g179,g180,g181,g182,g183,g184,g185,g186,g187,g188,g189,g190,g191,g192,g193,g194,g195,g196,g197,g198,g199,g200
100,-21300,2.0173567120264067,999.99998279963677,221.58837776898557,693.51224883347675,72.527604826665836,220.58034036350006,105.91397425200233,550.9452087341167,329.66374053592244,373.24000240725115,604.90056171322396,380.6199799757423,80.20874375390477,45.712843701384401,693.92671702356904,110.082649839106,503.93743133415853,707.89524755593845,72.411123304221491,394.66793516026883,510.03607564537322,308.02445002130503,872.71843993083496,600.03210674163131,267.79129481934046,845.49324387600154,903.1276966980754,99.902545277128752,974.39787052471661,817.43867836251979,981.35505471935608,248.57027848875956,43.919902934314337,71.243868486225438,319.43979041963291,811.82159887252112,479.25483912164378,590.19352357499747,421.36580226416748,426.11346354625965,536.91020838302404,512.70694582275621,684.4525163259068,635.68965643132731,368.12665524609145,598.13713536366367,286.25154459560792,209.76001985328926,106.12427025884307,174.29057741766903,196.18701036614894,29.230600618838359,236.80901584587227,196.34242542610738,654.51312106112618,644.41437657171116,351.58272850033768,199.27467431168441,51.110328843098998,539.50781762431245,273.81654286330183,138.49626365910919,928.37588531641359,55.582476229775708,479.21472757710154,56.149893123605501,917.16954071242674,921.55838703962138,516.94537148191523,796.82967347360704,138.23744730382859,749.76432154124029,632.42605572716866,456.57762406894693,813.71107079871558,158.08281290398199,260.98040442528008,853.66794343324307,297.92436164563992,774.89446127039309,90.662970879552688,801.68768592511913,420.33036188361018,770.8599411568099,185.8233248594222,741.87384926566619,677.34406282804707,374.44884487824328,826.48880603071643,479.22452917913739,824.28408265647761,451.40456381446825,740.33317581006168,13.85323559326635,787.57452536477319,664.87259984271418,165.87725513235009,711.73219342199729,586.70670003048963,193.1300696022135,33.150155951519523,-10.005661942077406,-23.805657439535501,-43.848973911077536,-70.877280780737237,41.656230425113975,-68.452590867781723,-74.338720917251266,53.222275253523762,33.244463517963275,-62.485519266976944,51.833872644251464,58.968371089585183,-42.448072974821059,18.308160771452158,-49.689366602230173,-9.6900903097365187,-5.6290167402568683,67.673724523908675,74.948733670108567,-62.419615229511493,25.750849978018202,8.524126595485388,-82.553759536193738,-29.988297740947147,33.745241820332431,-66.267995262113729,-62.068637444835346,-21.544798502813158,42.797518860798299,-17.658121832016633,-2.9159832844388358,52.036802370149175,74.999349852972657,53.935968945389398,9.51020625245161,17.443701208801958,29.220973218099232,81.12254425418233,82.493787494966597,-58.316734715539027,-64.653973368987423,-5.6838637569228965,10.352030571681338,83.322553615674778,-28.151616498167549,-54.392788625894738,-17.561176780656425,25.643909555329472,-15.079080152590961,17.503935001051559,25.776385496167237,57.933527700804291,-6.0586177227859963,28.525975424795924,-3.4564838505338802,20.855395434473142,-11.336904104174142,65.66797707894878,53.707262776555083,-82.155980953988447,55.279421776745075,-80.498588046619417,-49.302178273779319,38.545898999600304,-74.800212402765268,-72.124378643814865,40.337349010799251,-4.2766026086516185,-68.582679591339044,0.69709602550030425,46.610936115529128,-36.308755678415189,65.178981104896735,-81.936437338367611,5.2806477777064664,-8.7131994246318492,-35.561261833422961,16.617320190166001,81.474439954523703,13.691988859928918,31.656706876290158,24.146238763635473,-35.20677700121221,46.398795334742232,37.466036428088103,-35.165989524703583,-45.598013401605741,65.954176461793992,-28.50541141112619,-70.418349847143588,-7.2064617304149614,-64.538050249969103,77.773828795498787,51.334146719094619,82.75194064580532,-81.065882629963994,69.980669706945037,-8.4317025375070198,-30.482864675609882,51.016910495806989
68400,-70000,2.0525920196740532,20.298363782068414,7.0084024532348845,361.82916663902125,60.779617988267091,158.39467196514056,136.58975141868626,212.64550849107366,107.90033099044065,392.63626215198838,616.27998395187603,364.68517888295736,142.25680584372054,126.31064113209824,243.142653898709,72.792067924233706,591.87330289806141,521.57524526370139,64.980781199854817,390.72768001963709,803.07306991841585,527.25663227076075,870.87050524146684,564.16773575654133,267.55277222675033,843.08348358276874,92.608056081202903,468.41856564802725,52.716997731815411,848.41026634862499,59.293416585830116,260.26715885981559,187.23194730648862,856.31081132909992,605.94234908674616,819.46988475267267,580.00501121073171,877.34187840789161,988.85095488604657,467.17358699713191,458.35055636868537,542.25834477829926,692.66735032627537,637.19533793321841,378.94274477221649,594.16965320044312,277.49791738316378,93.913083122904084,310.81697616243565,164.96352247943335,596.24671461713353,38.386008349494084,204.19463433189077,192.77722984715484,665.12889934481416,814.1768855943285,353.59390101184079,214.70496817893519,887.06004077118325,898.34050244829257,264.25801120919851,415.54258571780611,956.97569141210647,183.8322624208821,383.99040558063558,861.64523364695913,887.45330520968241,519.89601041109074,542.79937985874187,773.98755755021443,138.33742503969728,738.14399242433205,642.87356153582391,455.31755840303668,787.51480900182287,576.38148558493197,270.75134318373466,802.49761015606725,320.25990900364729,651.13655649897134,610.41891693365415,799.72755490860402,317.69179390204488,298.67332157561498,183.68728191789853,734.34501791841933,681.69005033716257,374.94127625761365,799.43140142969435,457.22060871220577,824.97295550317017,155.69226018375889,741.45046316531898,0.96575222006407047,759.62776959881194,813.15950389833097,410.08431521763725,814.09616834984763,563.3624364201446,194.32671715250609,57.573499667350305,-30.816616021435671,-39.466239503881212,28.619474842529748,-36.313914658626011,49.532820640840868,-67.581713491185326,-73.710654386622096,56.368450572488513,27.804290230389203,-59.850591718616471,46.610569397281481,10.404802134460397,-43.988698564895707,21.741098089463566,-49.477986765441209,-6.2903193182461603,-12.653442545799402,64.476746620785548,71.965638932487039,39.20556935577477,62.366084026181667,-43.100342160470099,46.596712075810082,-52.60978176694821,32.173819032270288,4.1561793155587523,-25.577542613240649,40.096517763711141,37.326509709358703,-15.684369751380029,-2.7931633221174348,60.802724687456049,74.961649454563926,49.993946373013571,-59.86195452786037,-12.885250493873997,23.731883411343329,80.38846749566703,-48.082316374204723,-61.802316147683698,-63.294037261783131,44.421156673971332,4.5753874920381481,-7.2626655198388761,-25.774435991892009,-12.033372822674561,48.352022221274069,26.929729127284446,-80.480566889882539,14.59651027269922,-3.3327357926298458,60.766187373833688,34.315203136922541,22.525079322386176,-1.0257959603128786,21.254680375899596,80.99728617196196,30.179241913201054,52.309132368536652,-79.37372669830242,-23.369899271849498,-12.048863563735686,-49.250521136144386,42.839746770078833,38.491046600091799,-67.82191729775532,42.295654500428633,-13.690352037482208,-68.579550042371466,-0.76873090473348715,60.876411367162063,25.825909287490013,76.430939473743081,-84.206656426414838,-17.112085993624785,-8.3381736829053157,-34.286174521191846,16.970053222688534,84.039922039894321,-4.0676766028808249,29.615867071870134,81.209021567917503,-2.2073868213277552,-46.947292171103477,37.633210172956645,-36.68952548368182,-26.115432965811504,65.016479839991433,-51.458852356785123,-70.144466309338696,-7.1785444529454292,-57.775201865946926,29.741217815734846,48.872808437030059,82.208406651131128,-80.72643945531415,36.012123466145496,-10.390827497067704,26.239141564510888,48.634208822840066
100,-21300,2.0217069261478211,999.99949033455857,223.43022848241239,693.5565139523768,72.493429675817055,189.25942108127475,134.40024856236417,760.35773812485559,329.67814563713887,377.02373537828112,605.46387992970335,111.36455179751732,260.0406672069484,2.9383060046676732,693.07355901472351,110.14099289329927,507.89696630611337,707.8885837721416,72.416969146940374,394.55771930643272,504.14196909418803,505.76764442327357,872.58341169647667,601.28558893434433,270.58723932578874,845.52718682387967,903.63412410290186,100.72934624263854,990.02362947457152,863.66253682291563,981.3533036738379,658.06980914042686,43.313039328664971,383.42032013751577,606.44432599132756,811.48483621990408,551.54145456670699,602.21618014179569,421.70662870339009,426.03718474108791,541.36955960954128,809.06533642735587,668.34602119802878,635.84388923022414,806.44370182011494,598.13829978954686,286.25232728652549,211.70864693088737,304.79226221930588,174.36433901643275,177.9371295250408,36.357545057022719,230.09243213257031,196.35405564012129,655.91254896575629,658.75359001007155,351.55908842353836,199.05495384226566,255.70321608834081,903.92685095319541,273.84575148747354,382.15244459999957,928.25176326333656,53.8900914929824,477.75383979371355,119.76474557449248,921.75376284076719,921.63717806124453,517.65958641277723,796.99604372501824,139.97894803880939,749.67729207494278,626.2932240458772,530.86908350062345,814.57030576128659,143.92613164165795,264.75792834822136,853.6455102773258,298.51233153850023,772.41112552956565,88.728798995092362,801.57795835104105,420.75502350053011,814.51096597290052,185.85418958741511,746.53801942449354,677.32808515801537,374.45130549372402,821.52999679218783,479.21234775551852,824.33419225847274,465.53749729651122,740.05896192249656,12.668655366364913,379.28660033954162,664.372685016785,165.48398310056888,712.02615164400265,586.87065611570392,193.40953756209555,84.343698454218043,-10.014368466075851,-23.95653930022096,-43.066795227843812,-34.996519544350491,41.655547230413951,-68.251254465984246,-74.371425225084138,53.22759748069614,33.250394911369185,-61.173558583777925,51.882317357713049,58.969865309265735,-42.446457285235525,18.403045474528362,-71.049234208240875,-10.501381790374225,-5.6229696232360551,67.702566676753577,74.91603476978969,-57.655401168877816,-46.105168491105424,8.5247119215498675,-82.629001643269149,-30.06000853446708,30.101901669520096,-69.633620480016063,-64.10686753139143,-20.753680482831061,42.809780913128073,-17.477813913744725,-2.8542759100250903,-12.213252214335323,74.989083013102274,53.931798766570836,-78.941064577651105,17.564855795254132,29.043205892077381,81.122681621725206,85,-58.425025486210473,-64.707499959659216,35.217890946094599,10.334317685509765,82.130752065241737,-28.138613563861593,-71.727267663386968,-17.620994382762582,29.979889588457436,-16.739566237667162,17.50872852085881,25.178024340216865,61.899819640025228,-10.292662224641337,28.686697109633002,-4.4990567405184976,20.888655184413935,-14.308967290780053,66.475735784669837,53.332214048520406,-82.176949461513587,53.980740424695384,-80.829708477572936,-48.875668067969158,38.554115934873899,-70.472232385768265,-73.991841703986637,36.290676776949226,-4.3462641991604567,-68.582679559426168,1.0235743195614975,46.84177656982591,26.388942889673352,65.180608568261107,-83.986014520122353,5.2774274640899153,-8.7083416441563575,-35.513572733579124,16.357980082827936,81.751815442463055,13.756264421649377,29.162121965161628,23.882207033311772,-2.4859400915640038,-47.029808958743047,37.467442402657987,-35.194950844817292,-45.287688013151389,71.861691365280521,-25.445701748258038,-74.214966489461062,-4.3975206472455888,22.617252953175075,29.265179634234652,51.291702835900914,84.981700833898373,-73.533051633293439,70.684370774378948,35.962802768329098,-29.274799732519025,51.020261687884094
68400,-70000,2.0171512348265184,21.93726253613363,6.9557292401651889,323.42842562342133,59.437889726853733,157.98487055102964,136.6069751656371,214.82746229156788,108.0602571781418,471.11789135677628,603.38121861767297,153.06725833202938,146.40179036253087,126.59735414917689,331.51126535366188,73.377871659801755,592.52949147501954,526.31412613787802,74.212921116076444,386.66262888207962,802.65529903965853,371.14994861971712,909.88331852380668,564.16250718819026,267.62580472328261,843.01275500257987,58.37948057123873,468.42196731811663,27.945823623744335,861.571748544971,71.197087582499464,183.7093094978384,779.46626659091032,862.15575688124147,281.28206215410603,832.80449495191533,579.7258756171808,416.03233952278157,965.60433698348447,397.04412760959593,458.38546839521871,505.68462497683856,693.16606688540935,637.30691906103743,371.33743928902715,594.16907194571161,277.59797170837436,170.87028941185918,310.05052475057948,170.69568181314884,604.36971471159166,37.062237192006776,200.83867461700251,193.19017907448583,656.14149535309514,816.70517995498074,356.35108157657078,211.75238780544953,939.48527008012525,897.86063087209993,264.34466918553329,781.19829118189739,192.43320545580917,206.53107706045927,419.11852271448305,794.41850955856785,888.05604174130497,963.87630860635147,543.17207824586137,775.84205783401183,153.74202241703532,738.55110937310303,642.60985267772048,17.130357009274036,788.0149897413354,175.22960460482491,294.15936077352308,802.53660552641793,323.15883831428243,651.32885401453382,138.21695875056633,799.05989141204873,316.74896464325803,302.76596344440162,187.24243246598439,734.33011767854907,678.0205566855891,375.34224913699018,798.06406982185433,457.04100139221475,824.89386660707135,155.95398829393872,720.78743172390136,1.2456281098331985,759.76894497880721,800.6229405554393,402.14585147341586,816.72146998636697,566.15990026991062,194.29022816275361,50.604607109045034,-30.789845278190157,-39.471060500291266,-32.886647691991591,-36.342737261173646,48.423999507513848,-67.775882190209344,-74.485392439525668,56.365416624649413,27.772848812114233,-59.979831491458455,46.02121233420695,12.08873029060562,-43.879643637708433,21.741506812651902,-51.427953851011509,-1.2289071922413264,-10.955058030831164,67.898053993670928,71.997844320593714,38.501745002426873,62.398056361670847,4.8352807973563223,47.424030303118826,-52.478675932387802,37.481214005149965,-73.556091885914157,-65.177099829632766,40.128982945098961,34.955183361871455,-17.451765543185061,-3.6078622285402928,60.776199895973427,76.548846432956921,63.300540685386416,-59.933421723532362,-12.777535041602579,21.37946967319105,80.398242242568443,85,-61.816241473603867,63.823467716126245,44.422946083735901,4.4725330167803357,-7.4723950385816167,-25.750830016729012,-10.431153522671799,48.199450643308651,26.933140791456786,-19.572828882107544,14.659041026067969,-3.1996503393599722,58.372972861716171,35.015703589771135,-73.355328442018816,-0.99108639397329978,21.25081064963965,80.357169602083687,31.312986839833226,52.301381489782237,-79.398749743070397,58.911358081288341,-40.375956663111253,-53.210885725767518,4.5175430854728127,40.447571828548497,-72.003598369652977,80.944570912640032,-12.505095136850869,-68.581347962565175,-55.19408897023623,-7.1998954662042998,-42.891561151501939,76.036947180400858,-84.003990623287109,5.2585059424610847,-9.6438075626306841,-34.317424283531324,18.428813592567941,83.969423650896857,0.70187288838739392,29.630767495551584,81.211812804444961,-2.1718896959184857,-46.990127918665856,37.491146965778761,-39.114510026288606,-25.978929750815723,37.609972573603542,-51.829879324746663,-70.239260120211142,-6.7361245148625057,-57.781145927522701,28.359139003564874,48.902984038733429,85,-78.721970290235248,37.038681921408369,-10.050834667358981,28.194889086342258,48.607817801502506
1000,-41000,2.0173494379117103,1000,193.02089501971969,693.09109631742058,72.456505690643453,189.66391307691305,104.66665245140734,561.39190518569035,309.5531158587371,368.60864670159145,604.4082178398445,123.62593114827715,274.79768993798865,0.65324540193041614,620.67980926186385,112.22590081954581,503.91560524876473,708.04195691472967,73.030364162381645,387.04556059141515,479.82227741306684,320.1551375631999,872.76943139290563,564.01960346709598,267.7796855557707,845.58123755593272,947.91953468190252,463.18379857602486,822.01520073524614,853.0684209091778,976.62867746136283,694.85303090652178,120.38212511559323,886.23022543623688,320.01469990066317,828.54588837967242,477.01399676682178,864.98360146635139,406.26914860110145,428.00234755063792,667.19156554758865,513.84774686404558,661.36872105301848,636.59692084459493,761.55833488411122,598.13322429326888,285.27656364441992,209.82993424226169,112.88721418668729,175.25201231276765,573.64589820753451,28.716750796033654,236.8004876257979,196.35533757275755,655.5609646482169,616.13273030431185,351.58292799176712,182.71463301692995,49.46912758654193,879.10069380746211,268.95069588265545,446.82909515858495,22.848778253829607,52.655230698749847,481.06030396579979,66.243352557284524,527.16331097951968,930.34015751742515,543.62747046922436,797.63822504474069,138.3577925303546,749.75614191041711,641.217767385863,455.40655842597369,813.5321264011734,169.28974168153294,260.9173742464543,854.16192460747129,297.91357534185039,758.58883752387317,73.545636312468915,801.68755421421292,426.57114752827499,759.48662647350795,186.93518083845279,337.97046924003837,677.04152190679758,423.21660652685023,810.82347951002134,456.48004881851614,825.20255611811251,442.43057750151564,721.51841073479432,13.816228954154898,389.99141719428758,665.46783105060933,439.21707335493033,711.64662200423822,579.59617670322325,192.88536207014846,81.936511002299298,-19.581765696856557,-23.707251485908657,-37.761857543209636,-34.904924971218868,50.534320546581569,-0.14317704099948969,19.229959165749275,56.724627712444956,33.705567693193657,-61.854245522065654,62.106699389739923,15.015214768011511,-42.538667038922782,18.51944796924273,-49.854270410257946,-59.797577455373599,-9.4663787221432028,67.833242689686301,-35.814203127467394,-65.447665848909452,25.183227390068154,10.300707165261386,-82.501538397398178,-25.144678065172268,28.852429222191358,-75.019647942974288,-24.943849020182196,-23.404273011359379,40.984610364395465,-18.098394508143752,-2.5168940717446575,65.448444087276556,75.000265615280796,53.88021460201589,-62.243364027299123,17.581219846122821,28.875698817552376,80.706709894970345,84.801023986089191,-58.59311300626419,-53.148339575527594,-10.820919707582071,5.2222450120072281,73.612407374762086,-25.755027825991974,-69.230717881235677,-11.737324989431633,24.028357674169037,-16.921174252061835,17.1367183738157,27.860817241526096,60.571012816331347,35.829257666652353,21.168025804290817,15.221448321447927,16.786951574772932,20.005823319083841,31.615284516727531,51.238088548490666,-69.800924341330543,57.391594681487078,-83.028364587998439,-49.45156985677783,37.961384475372071,-76.477310022750103,-72.011742402515878,40.311414806992168,-6.8734767978617519,-68.609500541563634,-1.6527016224732165,64.54654826446982,19.239301145497155,68.499205324268232,-84.124560644111114,5.5629406178146787,-10.026359034959714,-36.89999414643448,16.548018598322912,81.711734797428448,15.050187971048334,29.237432341428775,73.386269536462692,-38.213557014113427,-37.818100435603128,37.466038798337749,-28.917708904312466,-26.251224714877221,72.080421609372053,-26.427843931287072,-70.480638972499449,-7.3095494875375842,-65.347551965479539,76.028638662891879,49.289149895865705,82.689541040618877,-81.04197052252654,33.264386250614642,-7.3014494467641189,-29.379794065999182,47.90511088056796
22200,-64400,2.0526053707565444,832.23455705919082,7.0918594621179167,353.98506235458615,58.911284813400101,187.35555454451219,160.80392617588276,812.10483928239933,357.88259488358921,386.24287150369304,604.60214711273363,383.16908303936032,77.475089243429665,123.50587083451998,712.03134105338836,73.535620215309208,505.31603037488668,692.38708746569148,64.783402642356364,382.66248218554244,803.10189115152639,527.70015477975244,938.46547463790102,562.32496748929407,267.61951275952265,845.50081444175635,923.43169996846268,443.9838256523264,52.479820831751738,180.74570570384441,932.80967389774639,234.46877944531383,790.0783553501193,980.82200877543164,503.39217747646364,819.35155679096329,582.04677950979999,870.86520126292226,1000,400.20452262385606,526.78751066557561,824.93472593768297,691.7296407864369,637.41434370804018,378.39772727635238,593.69046209617477,274.95262637735408,95.78056743020953,103.35604687234371,164.23245602370037,573.40048643633281,5.5300753187398826,195.67814725991832,192.44405698998375,664.58081372941285,847.84048946243752,372.724084452829,213.46993971711618,915.67855462687612,901.754174762042,246.4203702016099,381.27631992113766,740.87403992471536,593.01702674203921,393.1129843573168,137.76563727528861,832.01102617756783,86.09708567447035,542.55943864713561,783.14334657394443,139.85554481335728,748.28928247161571,618.62417904297308,531.87320236990774,815.89337154624263,582.2067629399138,23.295508776557057,801.66749804677238,278.48930577622747,759.71663529230227,613.4577095466251,840.37500713020142,303.06458489577784,21.201663980236191,186.58885644736998,654.5318268162431,678.56794546619346,332.61728201955208,738.2565195065331,458.65607158305528,824.94007448402124,126.36727484285113,721.63271009572793,8.4336151683896219,760.38441306635286,812.34817724086543,459.14092789975894,725.31659946237392,588.56861154814919,229.08289808512347,56.713476147438541,-30.920791391611623,-25.457253341561383,-36.224889658243505,-37.678545852241953,42.015420509229614,-64.847121449041808,9.5177789674917364,56.396700688556379,-25.459898316415483,-60.363681329748353,52.090343159587007,10.282207405926973,-44.082727833677154,21.601000268898442,-49.420819909786374,-4.9667851382860047,-11.387352283029349,67.924398162168913,66.791206642495567,-73.929931985807144,61.894062284428912,-44.395321270978741,-84.487034611989827,-55.506870350217,29.384578672688125,6.6659358897554313,-71.569441272903561,40.4215849556603,36.939916845665088,-17.199939272512704,-0.42026588911770163,59.537442258162244,74.9906179401776,64.89698883698928,4.852886458082196,-13.392547499107373,23.589748904194987,80.387969555177449,85,-58.456559187895927,-65.386800368257809,3.0218695570598695,5.8517578776122559,81.898329277509603,-49.941183008846217,-55.905311378966907,50.00070990530007,22.973211395797382,-81.012766660868721,16.978498454671911,-4.3461660206492798,58.3451108730398,28.831797224248508,-75.890123231248538,-3.3864173510423301,20.878027891073536,80.927497024193784,61.918590259998886,51.983134179828866,63.522953804039119,-26.163081325171888,50.371814727239702,-52.885610161904069,43.554244740212738,-72.524158199120947,-66.02943274916008,50.289406251429078,36.206597225335351,-68.582440712490367,1.6500615883449576,63.296204080205754,21.190059223761711,70.030725191693932,-84.888283263317987,6.4519171641585782,-10.068734720099709,-34.244244366819544,16.764934496375517,81.954715799679903,0.64933976615851829,30.454862633937466,29.348993972845378,2.3920511289181103,32.232390747804573,37.645635138278109,-35.907368715919972,-44.223377789390895,72.118415418962883,-32.149440348569101,-67.677882633467718,-4.1319806640925547,-57.046252153254677,24.403316185251214,48.873721324670704,81.860959411397886,-72.929085745678293,37.018733171420934,-10.343610678590007,-31.88219701791488,45.518811238608436
44800,-67300,2.0220198705613956,441.05132581964102,6.9385456296654455,329.44672095329548,57.816621634367785,755.76085022346047,134.43047557291621,759.74959853125563,94.016149123589273,374.37946088475547,602.9368846002086,141.69497781431843,281.41614469059402,108.47173638247064,321.67525332503897,80.756414775570718,609.79127002573216,704.57208712270051,472.72995933369691,388.89129430800426,807.82515626819168,315.75127308091612,921.11292775576965,513.65076006955485,266.56418295263114,845.45446761603046,626.39453833828929,428.97488868910813,82.049100950900026,698.24829321062396,959.62455255988925,248.54556690201932,838.80354554601718,932.28323383216866,295.78631762879161,813.71410957706848,530.48165111137439,589.73083035372952,361.55225482304144,411.37704697940592,532.27852542115397,515.63384859412815,689.4915844462613,658.43426673921749,341.21910004876366,598.08518165199848,272.48439390226105,191.03948504811646,343.48321850196464,175.77459691455979,72.568773727431392,43.31788013586219,824.09341329999484,188.63371169460009,657.27066972276805,629.4647632748862,359.61038770390405,234.30859237840178,843.93676230279425,900.03300276505274,279.41666426115654,769.65708502064172,51.157286700673922,10.913303795132471,384.71002255780047,848.6115167253987,898.49828623761834,962.96819648161284,486.6724145727357,649.59523527914803,139.49948494845665,748.41232315503919,932.10163867937672,514.81878960519168,821.70085965450937,187.43163555893841,271.38830073037849,799.33445271833955,303.14669100293372,646.97011690012278,630.77800195828058,801.60200873678696,51.243125345407371,168.97328832780141,187.46596226770907,720.75420431345378,667.03034979569713,372.82012160079199,79.254279996538102,481.08507376783524,820.87120029116215,485.97595880472426,721.26386882125553,3.8635170830872059,750.69676094822864,643.75636573781867,421.70185932375364,724.43911620816061,578.66970789703032,183.06292151179184,207.35702004307757,-31.343235770404704,-29.084431820940676,-32.33907077589555,-34.085666789536667,49.621318451182951,-70.33894254673578,-73.842526303930569,-8.3334965786707809,46.480323741309334,-61.204796535314344,66.492054698894691,8.9400793688080178,-43.026861455416942,19.690698342929792,-50.359277722279799,-1.2701166960045414,-12.360316485696144,67.444827516348454,-51.220196057116368,-63.677057456040842,60.599650505337095,-40.40499944325996,-84.994844571467752,-27.129334705280627,30.489669570233652,-74.725382636007538,-63.843588596016374,-32.099846476974967,-49.783435485964418,-9.6798790294867629,-3.0721692720518323,63.496144304264263,74.953290758501865,52.733747022914798,-81.230838769422547,-17.20785883181593,28.904608972175335,83.454384761437524,-32.376076312571357,-58.304978003862274,-74.685261144184238,44.93816283050171,5.1221753828240528,-7.9335816010324649,-24.708193534472105,-74.720781647223248,58.783866795785606,13.969227723653006,-15.561416949345876,17.057561655167248,29.168403115671712,60.596540816540426,35.033491063321378,19.662989541141975,-1.1278693020910229,16.916986814197518,74.982363745594256,55.273865306884524,53.409736875526789,-73.759094332080906,59.187337052511097,-79.527496891035696,-53.07885592934921,3.1207100166025561,-71.799553450865247,-66.508436142420862,-18.818815642628618,-15.089253030123933,-68.599122268313295,-4.8331127510191987,-8.9475391523664491,-46.226907943825964,9.8498792466669176,-84.001835105300259,-17.905311400535588,-9.6752628859657097,-36.755683978094744,-6.0854422336059457,74.761890449675633,6.4300864745462318,30.216113860961581,80.795779186262649,-1.9815153525862945,-38.736562586961973,39.572283650369606,-36.353938026501424,-24.685560969922307,65.62051176989111,-31.679872404176976,-74.583870741629127,-7.0108504608711106,-61.953475945839699,29.72145178309659,53.191736302629174,83.274129596660387,-73.311241517548552,37.870967140843945,-19.774319881876224,28.419976466867823,-83.896848549990807
1100,-44300,2.017564429188424,1000,192.85799900044032,678.495588740058,65.788117051437894,189.76203365500416,135.08059844125495,756.59624496571871,31.963218741723338,373.12046587832953,604.87104349242702,369.71196312934364,164.32075910713849,0.78794020366499296,618.34077531936555,112.74437295698287,528.29296762643446,705.89445000587216,92.476439170355306,388.90050955826752,829.76817257870505,321.14315331948558,871.32788033599309,564.71160322396656,270.56964830565232,871.5040561059692,947.70384006986944,455.68303091807024,1.3851546457317454,702.26124155206981,976.59731077343304,667.01697918501679,758.63883239013353,365.03276086436409,318.65273598266754,811.92026065744199,557.79312967819783,851.5936704356526,416.52049303445347,415.06807730109688,529.43250057572197,525.93166338394326,696.89008188936225,628.64786005266478,777.19059187695404,597.00063837124367,260.50273974015278,213.2624141849291,112.93885559846143,171.86595083857893,582.97225896981581,49.469367306857855,252.90618102949358,196.72262834661265,627.9634866861112,867.00946360645401,348.86752649754482,183.74836533794468,252.31193593250595,911.92738370062978,269.33912928191171,492.91544179912142,967.58753308305916,2.821726711421352,466.39197304097706,775.98939509706611,808.12519434860997,519.63664987953939,543.38757426159646,772.88719539835449,138.30618668996203,749.15895083992166,946.87611064928399,542.81659773253068,826.59509234484722,557.01413994681263,313.67729193565759,853.62020662560803,216.74510234375623,778.54667334297505,80.014698293231362,798.98281902485314,48.010615726931547,820.83029884662938,186.30460644098713,716.08277157545945,677.02463921387766,376.77449421159366,775.24948494652676,479.35865057006231,826.24954662421635,449.8748314455371,721.70982333407619,10.79067579318704,664.4717692141071,677.42519946755976,450.65354604889507,711.67122361606448,587.22377319662064,229.7230614187462,81.171378528344647,-20.462125233876147,-30.261616292367446,33.309982021917989,-34.979213214933097,41.887994579329735,19.437440677188906,19.705014049563687,57.913944296565774,20.398988241666295,-61.626668873941227,58.764053282283143,15.054603148069987,-43.887158551376231,22.449892614320433,-5.6922431154903714,-10.209707909041839,-14.441571591458182,64.453005455149736,-30.822101383474784,-62.380268095906168,-38.305043815333811,-47.196351265204193,-84.754646139976785,-25.160419083231449,29.425688107706453,-69.99584261119405,-62.789672434177206,-25.933029552055757,-51.708489174647248,-9.7434529445033355,-2.4080043233472614,-11.484912899085224,74.884511967460924,49.917767821573726,-76.461633012294811,15.25659213950291,28.876901003036142,80.710873361278061,80.579789943541954,-58.527348407097335,50.270613006302575,49.415075952631256,4.8998119128280546,75.047566195970575,-28.397038572981614,-69.179117982250432,-20.416715110421798,24.060116339266546,-83.145727542467142,17.142803188238592,27.957852164326074,61.659553529465185,35.373336229758912,23.050786762056838,13.47935898988769,16.858314506077932,22.204933806844931,-6.2074575299863977,51.594164061884705,35.273963859925118,-15.169199294115367,-38.535069582258132,-44.115284724491538,37.970158679199606,47.825766704590151,-73.98952631647343,-15.529949968686493,33.681907773860374,-68.620983126648881,-56.318553891037446,64.424216165185882,28.846027820306702,65.374865112952165,-84.122440200711125,5.1093929830418645,-9.702153566238108,-37.062218701478116,-2.6875462773122436,81.729638553917951,2.4158132546861104,28.99408139295948,75.178062718134484,-2.4291806145474499,-43.257679655000381,37.466636010944583,-37.51552269557034,-46.540079013891308,71.915048815295535,-26.473798391120674,-66.501632393230267,-4.1250051213848966,-69.696444127831157,77.106835497249719,49.494112580912464,84.200475406293251,-80.842568761888018,36.075786024396571,37.09609934245286,-30.036201410831406,47.921141677377349
4900,-60200,2.0173672507077551,1000,193.49156002008289,679.31000497856394,37.034077942987977,221.29324267350057,133.60797520162907,799.30176078481168,342.69603374245145,378.06046795066101,604.6048754166909,107.27581412815363,270.28731186533548,11.714562633966194,625.00128181266859,110.38401230738195,499.57937093110377,693.39473253073754,92.140882260834729,388.84534368022196,804.62033998350103,524.21950086479853,938.13771138432185,600.36962371490984,270.8323657598944,846.92564975004598,961.42880938224937,452.49540715563455,825.28587211747504,694.96430665197408,932.79794988237359,252.54154612404042,706.00038235577574,940.7825441131555,504.76848035810178,831.75805110809131,603.39200506320356,218.66302975026932,486.44350552199319,447.62461836948211,531.57361217087566,513.87387163604819,696.12761365012977,663.37964576219952,396.86222055863794,594.18645959283697,262.03787041507422,196.83711048877848,97.546393865406543,164.75776138984617,216.86208138473819,1.9364780973778757,239.19930392730328,190.87787962551445,627.95540328181801,618.27294494801936,348.12485832884158,212.37167145356003,774.93460230124583,927.99498800470178,269.85198718311835,771.04188507188735,937.26114898847277,591.51952167914214,652.34949425571949,52.380903036245506,951.52860731068392,909.89669144276706,517.9043372347586,792.04446591492297,149.9017770880676,748.82209238952169,941.24482518929904,535.42978733373855,826.45323238268293,202.71918467162374,270.83812463686019,856.00728564677991,290.76576720230048,774.2156383701182,75.564710076785445,837.84517051596811,272.1791969659352,190.06221281194985,187.89219624081591,316.87319241039717,677.05542565733856,340.43367693245125,784.29586822521799,478.18719330905452,825.33489758962355,419.92394418989005,722.42100156807305,54.90405836453084,414.46542772815383,663.97857241579493,450.93556000566701,724.55955241035781,587.18452471596868,192.90089360588013,77.919971640333173,-28.130333316912729,-31.161932773313961,34.404984352990837,-34.28780665224042,42.705098638523239,-1.5743927865437257,-79.102271874794369,53.344199758516268,18.91100933925593,-62.232243851385014,49.674871120942584,69.183801851969122,-43.841669309363034,18.388083300018582,-51.445116938246706,-57.469071922485256,-10.735685949133499,67.843057268075938,-34.988256245057528,-64.810037780884144,-44.923996773895425,6.8132403653889355,-83.390756612254791,-53.928095264941653,28.786765752291924,-70.61724194584562,-22.471848979092904,-20.880118043795406,34.086088781923522,-17.239877768138697,-0.41538737690775474,67.423149641887221,76.497053832354666,66.036352223034697,7.9230066032143043,-18.064847386432003,28.791805005797663,81.134968255373764,82.506653826400068,-61.928973892922301,-82.871737472673288,3.7543446041135526,-0.56145430469789392,77.62371226321801,-49.732033691773069,-10.691086089014625,-20.571662932965353,23.810309847550936,-17.091655968069787,16.83068730503426,-8.799227040358911,62.487925170403749,33.93222658528817,-77.885726024971703,11.834409800768844,16.302745570649666,65.159639387846852,-4.5051233919542391,31.805516641209955,-70.978471554412849,66.977073835994716,-40.928968280184471,-53.146338798490063,37.740492774175458,-58.613846020509875,-10.896015435794219,-16.550132693825383,-8.3228143917036412,-68.494167922314048,-59.285366661305019,64.541856291872051,23.288289471096988,-23.265605503551384,-84.001490881758343,5.5501112224742553,-16.410724972390611,-36.962433488524468,-11.307804250897984,81.964254927116755,0.99626861214894658,28.979695583848226,28.803375440035598,-37.012502353374515,-44.000805020940085,37.468418004317904,-38.030030921936117,-44.524732216789118,65.25222929670069,-32.833000443270372,-69.663582750961424,-40.383020995992496,-57.029523343352309,76.227677027723786,49.816155575176545,83.214067916670132,-80.547144444285493,37.019912522829095,-20.515510980376654,-23.663057038221456,48.036802537137817
4100,-58600,2.0168956532571269,999.99996583779318,193.85984769240946,702.91657951819968,74.489827353965879,156.81768786726175,105.28580250702589,758.39980071487594,320.88494038160309,378.42924642141492,604.40773145770368,111.37717450105858,264.53204562949793,3.1667699739567485,620.62823965107316,110.38618729988778,506.75808212088612,695.91858389747006,92.191386591446502,389.55996298752126,513.81486928950972,503.27075251265381,874.19176561060726,600.09139076291308,261.91673160831471,837.88691144809411,903.63564840588606,451.69483586636738,976.57329328437834,681.71634633655196,981.26117066926543,653.48515134581385,702.51917252753606,833.59619525802066,617.05101131966433,812.43601458828766,482.63046049402288,591.82201422000367,983.62862157595646,447.31316695486424,534.98655765985484,528.74106081498394,685.8219840729015,634.09279038486284,770.55644583565118,598.11921681581555,261.89130393099492,197.89778965332729,112.28987474409918,164.93132853495831,178.54081322514156,21.259564320310485,230.16601795839924,196.34733399346825,656.13565575600683,864.46995626615524,348.0957030440228,190.24823957051211,763.78911250918156,512.39985120021231,268.59002311390873,441.8519944814077,927.88136109631068,53.779164405857159,475.28328608576913,50.932468261189733,950.68782009353117,926.64807857555991,516.94582792552058,635.86573257244015,326.55604207059434,740.27870118210456,640.14582709581452,442.65346463445354,826.70780006178586,549.22442319733432,304.60328832281101,855.40690452812828,314.17753730868071,772.42953195626069,72.623017754724358,801.6774719291036,272.03525851896637,827.20251077099169,185.8957786434342,736.24388355897668,677.31263086841807,374.1824158006728,810.47592281546315,456.89687873617873,823.47524764732543,467.09375091952217,723.94716745033907,13.815516779141596,420.41241896607363,682.69940035790296,459.86584063106818,724.50422533952872,579.71295375993918,200.02058538667575,83.910636135228501,-26.816124219431742,-31.129874285494118,-38.756519561614937,-34.989853085018908,42.077478998343068,-66.965502860101964,-76.017664890123072,53.543447640762629,20.232664165054736,-62.431954771174304,-51.20454287572916,14.336177481076401,-42.354001620060345,18.540247945336795,-70.139191203578036,-10.924639817071245,-9.4169498883817706,67.86144388624561,72.489489366096308,-64.847160868724515,-48.708439734499457,7.8785752077660902,-84.746068145007825,-56.091521432472824,29.378016430517278,-69.676827512114755,-22.184624989995879,-20.935476135319888,-22.408489392614708,-16.711593912900785,-2.5448711082713387,65.426823266837616,74.967487008423632,66.557387112416961,-79.118934201566489,17.16667994744056,28.899724725676588,80.492829400424114,82.600393774127625,-58.581860806445555,-53.576057526677189,34.961641438680935,10.392746364622745,81.997871711059688,-25.683455059821924,-72.328769894538183,-30.661244423080902,23.787887376924491,-9.6153002641321876,17.518345225192864,-5.7734834348417534,60.67070408855276,35.642422443498965,-79.301325987922183,12.575143902793728,16.90615001474259,63.754674554205302,-4.7891127457021341,53.355103195199433,-69.373704789657296,57.340720224962148,-82.592247423606125,-49.279305136297765,34.287503500367414,-61.102167559932738,-72.023789786915572,32.395262007445538,-5.7473421060586585,-68.494673802108196,-57.930643679098772,64.296079020193133,25.335650531015755,-23.764809595461102,-84.091762718136096,-15.849466841846741,-16.431776496230295,-37.009509480901094,16.366819071593724,81.455365192798553,13.596312076449305,29.048348149750943,83.489187242738495,-37.089205645962018,-43.061981469501625,37.466753078335486,-35.128758517057854,-25.019813724541365,72.020465470970592,-26.553131698880176,-70.645999391908305,-4.0574041077273,-56.706726613952114,27.568752237292582,51.238244628080551,84.943129389615351,-81.043456519539632,72.344308805048172,-19.45975649305305,-30.493557642638493,51.173008998118036
1500,-46900,2.0208342028751218,1000,192.71586618188348,693.67527050915658,72.703213542830994,156.55968616493766,135.63164460952331,825.65328663123057,353.42830831436066,469.09326909765298,602.02998002037316,351.12623870591813,81.12492556193763,300.21119995849301,625.98466647537748,80.111621411834847,500.16384137017707,692.92376360353001,93.253604621248542,387.01302853047849,801.97847735412563,327.62405266806013,876.12773641226568,564.14940636818744,270.51058399677294,845.1170330792354,608.33921299793042,434.16541998557307,873.57684837261627,876.8557695545237,977.58156544989356,233.49960587794462,695.76238537241693,859.90139506753189,334.8508442728799,828.02581964838703,466.6567164331392,184.67126576081495,384.24862275379866,420.35435425063241,526.15687025152101,523.20543824527249,681.10580137064278,635.75737084970137,781.31055050241969,598.14763244286155,265.62513306536209,196.44810153551231,111.04200803145022,165.42111373145545,125.3144838636438,18.387200853982321,243.21513981832101,191.34459041938376,655.9290372274321,634.33069934350488,351.52522258540881,199.33001575713254,53.724591941603563,513.56718465795711,307.57643576899477,443.82473246228938,944.13798786652046,54.649421762749519,471.23747849237429,66.437685867781255,911.02431654346674,840.8103790558423,516.90314768377345,776.05349515309388,139.46858159598361,747.72381434134854,933.36807055971963,534.22329880589837,814.72845417453584,523.125031327584,303.24218183397375,854.10813077970931,289.16105628396878,764.19899672219549,757.10517020317707,801.69680407633302,419.98819537801762,175.35298000551194,186.64847059175793,714.92762576719258,674.71834648311949,373.66168358252463,783.32770751713417,479.27559693899815,824.71997179617858,145.14345816454178,740.35563953364442,755.71206504480188,723.71161798660046,681.88185736511309,457.95101869647249,710.27278647379399,587.89644639405674,189.53243984755744,44.935385304043365,-21.620409644885829,-29.632931053858968,-38.448664201879041,-68.375916040566636,50.329387442657065,-1.0960414126942908,-74.272728209765106,56.823129297072505,34.215608427814061,-61.914999682155425,61.558970814896185,67.382849144594744,-42.507592927798285,26.43049441351177,-49.942396005051222,-9.9081445273535103,-9.3541039733045341,67.637595757050136,71.658084809705699,-64.95350234491994,25.734727548598098,-45.045356523809794,-83.447969547355356,-23.461729636855061,56.960675842924331,-75.161159741686348,-19.815702916736928,30.550810135663479,35.359961496347047,-16.92066590964258,-2.776833263559062,54.90156629816591,74.988443228812301,49.339905666284942,-60.713303681000134,-15.606801846443361,28.87830861441866,81.150541453118777,82.594865492901093,-58.218766099120373,-64.726760418541318,50.401339883525893,-0.22515115233598415,83.271930539781579,-26.828992053107864,-8.6407949479368256,-9.7391525039865883,23.867313381814196,-83.296810070149775,16.840395698663066,22.969064155425404,60.435761306089908,33.949796547934511,-78.934251336577645,-1.6537295618006542,21.248688508263228,71.282711136592468,31.061330900070974,58.083864147947367,-82.089916381224498,62.415522481423949,-83.412863681158058,-26.330085666658114,38.061824262998257,51.97185140446372,-70.10077212912239,40.289473033777632,-8.0480291963568522,-68.612074722834265,-58.646922928315831,63.314959389866779,23.216945402121087,67.712791334573467,-84.071058782148853,5.0288446368250241,-10.225000150401751,-35.843532818254033,-9.4465927648982806,81.922145278872165,-0.72331755234790873,30.442415128126925,49.338891737609174,-27.561415174328495,-44.290497055501618,37.466573345653174,-29.141244358440016,-26.249606418336043,65.940106258001279,-28.683458633289803,-77.690907342942836,-38.366300874017043,-63.273217134935685,77.90820034123827,49.282724803913482,75.328044317393235,-73.268344346673047,35.542928791281795,-6.5408472360051988,-28.554011527605464,48.676952412428946
3400,-57000,2.0173506060701523,1000,193.88994044643195,678.66573649077338,74.482174553025487,223.84099031298405,105.06229252793004,800.17137766731082,41.523025871917909,378.42240679786028,604.59127692795516,108.668167130212,265.30500633211147,1.0692100837950278,694.65574865188751,110.38919783658005,506.74171960403476,709.5387851772349,92.140959860802539,389.52097483111987,804.68191449783649,317.22757980137158,868.81599805462474,600.08766136635177,261.90228170048522,809.50744291693343,944.24439013891754,451.67495764258962,825.28652734930256,685.41187896727672,976.75667414177155,676.66536682692549,704.28890910828522,940.90628186517733,324.98567293825596,831.48775866971016,556.3635109291115,411.80110561260409,995.34847176352525,447.74275951539562,531.56669819536216,513.86755924568081,685.82706820467638,663.55852133050098,770.7338285276511,594.04566566602432,261.8917928615997,167.7799279767749,112.60384280482926,164.75153108263763,216.69805031625538,3.4848334829634897,239.35869935813878,196.74919345962618,655.60787234683016,868.41635854114327,348.1130830475081,212.33623641611871,780.73453450033162,560.20486466481839,268.85254791435744,789.57613640258182,968.97949092327599,53.922859845381069,652.06441925050331,51.976462820808678,950.50412529893424,917.59710357103518,517.86734088009064,622.21966366885567,328.20459381862594,740.07837363837075,935.54067639074879,444.59526091969349,826.5997461175233,549.60831610670118,328.33650119344509,855.41366164654687,300.55424906989111,774.2657933486546,72.530673598115456,798.95798432692391,272.04060529988755,826.87569954098331,186.96404014473347,316.41781099042004,677.04476202728381,426.84193284832332,810.47936284876448,456.90038028046052,825.1747139527879,432.28197961947023,724.48689532547394,42.393550089632335,419.68084498409041,665.41381147713798,450.92055521379996,724.55878574844473,579.6991388608227,192.92184901259904,81.154102430954595,-25.861415553036331,-31.166540754929073,34.588560863582273,-34.896390227845501,42.052665848879769,-66.979498610027022,-75.968707139465479,53.624001487898482,20.296396412144897,-62.433680529080121,54.994570807792272,14.34813351688496,-42.354381977134928,18.540371595533433,-51.693648105560186,-59.123899064247681,-5.5870081421800082,67.847406663849242,-33.682839391272083,-64.809516261588954,-47.725064947998256,6.7131061418342108,-84.725011314870144,-55.97930945213237,29.379953630634724,-73.709146167039762,-24.308537319141863,-20.852106309050637,-22.132102059117337,-16.693258608907367,-2.5539834440340776,65.410114823079113,76.496303799711214,66.462484489372827,-76.160143483047179,-17.545953788955252,28.785398239032894,80.488128895764447,82.510146060608932,-58.593465019178133,-53.617999201691411,3.6344030708690163,4.9864747036855075,77.655643523471952,-25.791164266371926,-69.62874159888564,-10.323037234262358,25.817200265699455,-81.405246431501567,17.131080298903292,-5.9354331216825429,58.275446305666485,36.62455809262552,-77.874730346060602,12.453030583040945,16.923968439814917,65.215301707910513,-5.2862625886335692,51.105493435507924,-69.693443673612705,-14.439404537111855,-41.086126745506448,-53.167927927212709,34.872036987429723,-57.777858959250793,-72.023704663250541,-16.05654725481277,-5.7887319919508737,-68.495764999660693,-57.707083849357915,64.549724739659567,-32.70759282235187,-23.698997936238907,-84.090942687431536,4.8202531953285161,-16.279133538801378,-36.965741396363029,16.944834617760247,81.448457872627699,0.95274694354553002,29.048242074740624,81.797730401145614,-37.13672937172138,-43.211258889217888,37.466743979872916,-37.969261960944181,-25.733241847065763,72.021321105647573,-26.51525211560433,-66.551036344669569,-4.0708292601107026,-56.494548494128551,76.143064781722984,49.598184700428028,73.631303911490193,-80.815682736872589,36.060293740107582,-19.505861575919848,-27.54502833041526,58.21329045431267
53800,-68300,2.0581611270088378,280.35200615273203,6.8657655741325314,669.13960593594118,60.037770004430229,235.17161847842587,158.1776826309798,763.16805067960172,330.18271415566346,370.27239551183027,603.18326476014249,368.93058091680444,141.7581928034123,49.285168300001629,627.04379280917919,106.85035623641801,522.38470093091564,702.39275232520947,92.736120841207949,387.11161518551035,809.00608404056209,514.78048175250592,922.93013872110294,578.94580325698587,266.69571377892026,845.03724728048167,620.29289465235956,436.15460056155246,4.8726202522612994,714.78866101941799,178.96513618513444,447.46971434528854,71.358028895257519,937.43046399454249,337.81932574110613,851.18353574849414,457.32279505596239,865.15700469143019,980.04031516306281,424.35809211308043,453.21470424969368,910.17290533839218,680.97198878738868,632.21106186007648,376.10544665110717,593.32850338760022,286.95104167273553,192.41563540207065,119.90809849416839,175.56792496090793,136.91311921367864,54.358456262606147,752.50865335389517,190.45941162966449,656.57938187371417,612.33353773325553,348.28301382963855,199.25454099011111,73.861581826827887,491.5176537694191,272.14231378634332,783.41022217460227,22.041396224888729,56.353123251014367,351.53798500836859,815.23027183317299,955.6004259442924,503.8260818357162,490.24679156189382,772.07681309002487,138.07002403852431,749.72429808813558,922.79428891462203,527.76398468518767,821.66106143044078,179.80993541525189,299.38843666300187,859.89331449067538,300.09540665439351,634.69110551886899,67.416214739592107,801.63211765352548,27.639620707308296,171.39760729715184,285.83691763702103,737.64347301329985,680.29310933762588,375.66176014753444,17.930672984721298,459.57385754450098,824.4074167408944,491.79602516502786,721.40140547549959,14.463411600704394,343.28528426770049,809.40743648241335,817.42369987346433,724.22254595378524,587.72437647158438,193.37986188273973,176.06753318301045,-31.153130333290921,-38.984206177975388,-37.349199393072141,-34.288751347781165,50.407675424707755,15.146844358963158,-79.626716298706896,-12.186869951784026,47.090115001683998,-59.945565415044761,66.14532677495437,8.5448005117463843,-43.05349904462858,21.780373838079711,-49.822669088558342,-0.97765991850140876,-10.580612287321346,67.484256771539393,59.171823137944322,-1.5447082283830476,25.317735018410808,11.876360851615996,-78.67451680983784,-54.166489730958475,32.149460204826518,-74.74625006406616,-67.598599932338132,46.501937514052223,-51.512804449245074,-9.777146835765663,-2.7824187364520259,64.880206558767625,75.003880578699651,-11.685421868824765,-76.224617842881102,-13.68825092610356,57.681259465010797,80.63629497980854,80.756884937329858,-58.016165104461457,-64.835311432605579,45.865866239504435,12.64708352846068,77.197151208600275,-25.716386324211438,-6.2941905264576761,-10.172164110906101,-39.147304230559179,-15.890849481155573,16.912493787720241,-5.3991859873849819,60.106018939002325,34.852428264063555,15.05602909446587,14.888502656716508,21.450487240791155,81.424134105721734,60.010129512259695,51.88565614776676,58.77870010572358,-9.6240147134098706,-83.402426567002777,-45.709242246407818,6.9996011177463906,57.633920977363999,-72.06240496016369,48.510413816373955,39.569527641338418,-68.624375677547661,4.3453528469458416,60.114005992170071,-33.108852391412796,-20.379622835135763,-84.069628535509821,-16.764314781774164,-7.8807764728605267,-35.856302584528571,17.959207057731007,71.964093800159233,-2.0607608861183544,29.912777665423192,83.130078089292027,4.5145691371312768,45.98698803905129,39.701706673959713,-52.08644198813365,-44.945055904230408,67.122322945457057,-47.229939286094726,-70.099591566868554,-4.560755401229482,-62.451674340284121,71.682113927862176,53.897489469987967,73.526730762472539,-80.999265419775199,36.703216003727192,37.99759365699569,28.425509998290035,51.04879935462543
2100,-52000,2.0172553223569776,1000,193.15624832534959,685.841460867568,66.55766694765569,730.5411511946952,103.74242151454143,498.19488144147624,107.50616700435333,372.35578740021401,616.59560801327314,372.14492117657744,158.04125826447887,98.989597685588393,635.3388999865216,111.29869439537964,591.42070107765471,694.23642699319851,480.31902489989125,388.74697993165245,804.40048369201327,325.28925320481534,921.96810499691151,562.74382808943392,262.7214224003265,874.29999195523169,627.26837219859738,454.78169872512882,53.951623844525884,687.73550239544136,167.08924105252305,187.19416468157533,756.20395463886518,868.98002633916053,326.71235593189658,826.99974633497948,555.72239968375277,859.00070202251413,977.255155210167,448.59156948435219,459.64725095702471,874.21211707676719,673.83510673654575,625.70493705510978,735.60536577059315,594.16807092547981,277.26811398443692,208.97213032837647,310.73130385199431,165.35450483756227,592.26196147435996,38.635260929242001,221.50289227874003,196.34366979401713,656.47574107705202,653.67114238599288,349.10166435238159,235.66846562864868,879.3588875047999,522.50033425846254,322.75196907648836,415.33463444612471,968.86481660242112,150.0340337237559,397.06277932038165,787.365000528255,516.01974690705731,538.04878265943626,533.80562550046272,635.03162402368343,138.04509258330691,750.37639863477602,949.29670271443626,528.50298996847653,787.81074215658077,148.18490975053527,309.73316437658889,859.77942429996608,295.19371875196106,778.50884388838529,62.060298398124644,799.13137430796621,301.25830961567374,314.17052473667218,186.96191433100273,734.8966554933595,667.54489272693684,376.64456135688891,819.96895192168267,478.83950012089576,826.37540564727681,458.62671907387863,741.39682782596287,41.958795357697412,761.09380792124171,674.87739199508223,413.84480740533553,595.52795676219534,581.73277105852355,192.43401409464383,70.127922263554439,-23.703460658900191,-31.1136405522583,-36.904738897742284,-36.568057772312685,41.881246101480308,-65.049908984764386,-72.549882844063475,56.47447074125995,19.739795100414991,-63.137978715316855,53.10852959029534,14.99137580986665,-44.079724879788337,21.845558610658017,-50.080112973473931,-60.514279668247021,-14.545602668521322,64.393428937193676,77.44791358268111,36.7360337964165,72.165087146590793,-46.918565928694107,41.356301068039507,-26.575704080538348,27.923601152274856,-69.301591902759625,-66.454147175914997,-23.240037537035576,36.135833772935079,-15.980380443044984,-2.4183272438820467,61.26774931240756,76.544884193884158,53.768228691626739,-59.251353990209417,-21.565876091553825,28.444738945974503,85,-48.048011864525726,-62.052726915105559,-59.908788519921401,5.4068164873822404,9.9300382910237666,76.796555589692787,-25.900843209403099,-8.400585236724126,48.735067090978646,24.479677583772641,-74.043400453466589,16.886722369736052,30.858324553026229,60.913529577612564,35.426988945155266,22.732813859358345,12.782451576053949,16.803514445851505,84.856896047782456,30.861674200238618,51.967084478349783,36.641706894642269,-21.839174658668099,-81.843060487071767,-52.148314030556953,33.224319742339667,48.48910259681535,-67.688308910436106,40.534947258917597,33.347749108307319,-68.599515904045987,-54.663772471140852,65.904722912986017,17.225215528692178,67.898834353129971,-84.024519449373287,-18.1647480227983,-9.5400875947818076,-34.315089063299602,17.148912412884883,81.559194849581502,-3.7381120687903766,31.623150629859659,25.254347644857564,3.710895143953608,-41.674243696359156,37.466525965305124,-38.711174129275165,-26.283938472603232,72.32901644619885,-49.878890157270327,-66.285841911795814,-4.2025231560187644,-57.783468397202945,77.3543263843479,48.376960164108581,80.590482235685158,-80.730554324240131,36.10174882132052,39.090838197176637,-31.113492032461814,48.877488211009023
5900,-61700,2.0173936005807933,1000,222.80924474896352,347.2447908800749,59.126510448531164,196.81161782331839,158.52765477417447,810.07331906742661,97.016622154394071,469.65373879944491,604.92471765850109,384.79701388255432,281.79104693697769,92.524174256965821,630.22067705057157,110.72462676803917,596.23666101443598,712.22819463632209,75.76524380629435,389.10108760920707,851.3097627300051,361.84010902783581,898.70740073073614,564.11243013354976,262.41053979805992,872.41526128591636,903.41493241429225,452.76732210757297,70.7216240520616,861.99426099774018,984.74944401031701,667.69369022127557,754.6399231520985,976.52763310633713,307.07046684574902,834.29697001362547,516.34024411381802,382.69311407616624,994.33310153356149,449.32712986171083,677.16369436056107,882.19081940887509,691.48184895594147,635.69106725385063,796.91610311707427,598.29826077635869,274.48491553072478,213.87449851144328,307.63279918665921,164.47900860893205,180.01632598630349,4.0974917296797262,780.87202532193999,189.71514087299533,664.82364644784764,645.79868184404631,374.22647041007571,211.01341130529244,772.2796824873983,908.21189708655083,268.16864487199223,814.18467871239,934.89106352091176,184.196472601208,386.69189204766889,798.39903561015103,541.91354401553076,920.29291033501318,532.2740560994821,639.93410400627306,138.42351743297368,748.48616123272689,618.82080135201238,524.49761517948332,813.07755610999106,182.59766818645721,278.7258954555839,819.64464176898298,288.71972034851871,771.53616163647234,111.84217975347222,801.79582389240693,277.02828403248952,60.266848105990505,185.80701490042162,726.16405492268325,678.52684152047107,375.84590530148995,736.18230948819689,453.20970163060105,824.4214955971305,448.35725981915118,724.400530926427,13.475115156250782,394.71900762252091,802.85443463608044,401.92652044880219,724.35828413523427,579.27785079323553,193.20447278367158,194.81018007493023,-29.631922899862271,-33.105535558075957,-43.527724388673143,-33.569931843446483,42.090903636618826,-70.831196984461641,-74.899232663490253,53.626873169620353,23.039976828708649,-61.577260868776108,56.169222489082578,12.051453186746794,-42.380785032479238,18.253628282526218,-6.395962559891025,-2.6763318402873719,-10.896775184106342,60.314961993272227,68.784327724490481,38.265413003672819,-43.492307809688363,6.7296902804155563,-84.629540409863438,-55.126873035460406,29.6584150435488,-73.463846543145848,-66.356319368704447,29.449028453949502,-23.166285622493721,-17.599432105033294,-3.6263933354785629,-7.6236852288229002,76.500230219585404,54.209248708224422,-76.206884568307075,14.726280446458931,21.30144488211668,81.112012398284222,79.54009995480267,-58.377455188130064,60.86179748595022,44.262511300243652,10.086104611052633,73.382711781977079,-28.112769958517031,-75.56460502771867,-21.173883078476059,25.40259176427908,-82.406080279352125,16.965286518124334,3.068658727346484,61.527123728751384,35.047722376010825,26.052338743714159,-2.2564528486428186,16.907166854066595,69.29464258422226,-7.4183195548958167,51.493038691596936,-82.425210850900328,55.342416632804536,-40.703832351093688,-43.891965015232891,37.928317868591435,52.200112059520897,-72.189066940682054,82.324376491208596,36.879040112829387,-68.491131909964096,-60.288184062710997,63.317994519524767,-66.709962031821803,64.272172247623772,-84.05574904165691,5.3465052079617008,-8.7017636435169656,-37.01423201519453,18.409783980438384,81.752750060910245,1.8704574525671869,29.961598997921367,74.003304658776557,3.5184487416854342,-42.9955700024028,37.477846960506348,-29.525278982919623,-43.599373948454343,34.606044014866754,-26.449890688830532,-67.534861618273595,-7.0147270756171025,-54.214608878199627,29.776858392445217,49.657844524460124,85,-78.689926924137609,36.293153172411721,41.141015089690384,-27.379539562751127,-74.231880179720207
8400,-63200,2.0579887606333482,977.84354992432168,213.05833497998168,325.54294205537218,37.712087764189206,196.51201853834698,133.14907230768182,178.44542448286288,14.901228570167689,377.53416581220688,604.83527166380077,352.96504099862403,93.599434123954779,64.032882478673528,605.39450425370319,105.12505458627891,611.0034707651954,488.56753440252612,91.53666254593135,388.98673099099483,846.70742733792895,549.2621406414205,901.19066955662709,207.96999819290423,270.28777149456789,843.87556698010917,81.549607606182462,457.3192212886965,67.368636391018995,199.16103497026563,173.65344769590308,695.49736614462722,784.92106186374474,941.8079917624035,559.24296320449491,816.47147442022151,609.22814412923026,1000,479.55725499522964,630.70047146579338,528.12565925433796,810.84277868071126,676.10910703135323,557.22306622513042,368.91108114033699,597.68023644231448,272.15736931883941,193.02549573298413,334.07186578195456,170.7187930721808,570.30814641086124,74.645624140797679,824.32430396499876,190.54304604614919,657.46859680828584,655.64296792413359,348.220014099276,220.95956631531459,948.99415298553436,459.83016954489887,255.95073608012498,764.46809003421083,10.616646389633331,611.30632548825315,293.7627020882785,881.21761502778304,899.61714594712123,911.74749844846451,519.77813895502902,768.25233245978814,138.42446205307365,748.67243049169599,626.21026642739537,461.37242529972008,828.07566785332006,566.86629299216156,274.4696176435159,799.20571987222274,148.29984665239584,641.99713035531727,588.10527181089424,796.66094307087633,36.777995245196522,270.37200145034603,186.65132729179763,723.29051215810875,667.7011640713913,384.33905198394802,132.59659780843504,480.79955323926407,888.07888384932744,486.36038872375792,740.70803802533374,752.52953266915949,789.55464025286494,795.33896400884203,421.34452678700961,723.74717694187802,562.25608543031308,192.98482898478258,207.01872515590259,-31.401348196620479,-34.868767370635055,-37.631794473816164,-33.85386224882437,49.810829733897961,-74.488694991612334,-70.88220587408837,-4.985037542148568,28.178613809188814,-76.71481536138208,66.255094787898813,8.2721605429794653,-44.075333623882798,17.718309048224299,-49.949374559441658,-0.94220879685662173,-10.29936916276715,64.697516251650427,69.886568205364924,-1.3962202907422636,74.774134863554607,-43.542517147072445,-78.611021949216649,-55.084687146968903,36.703184323677306,-70.086880342951844,-64.717954011287262,41.313711435249502,32.941855320815002,-17.636910049089021,-2.2125862802761187,67.407103661591833,75.091703664432302,-32.444711306490049,-77.154012733884016,-17.163771629502541,28.756550502805837,80.682452176716723,-39.900758739192419,-58.382647123128734,-56.249693128908284,45.963689489628798,4.9923390138567818,-13.334022383251103,-48.972295395975166,-5.1663449609949552,-21.438414331505076,13.822056218284468,-24.949330943608963,16.808609088167319,-6.7077879655662844,60.906738203009553,34.100605595097342,-84.698613863009527,-1.1438200206759053,16.277737566130387,74.753662111055618,55.547834400854043,53.488132350725394,62.739860094639766,60.25628915427135,-37.073649719172344,-52.866740888012465,4.5208183927904537,-58.492695307255872,-70.141991440805242,-28.362929603613431,36.067861909345858,-68.566513309579193,-0.94382641581327098,66.747891453139715,19.079821886882012,67.90170513361943,-84.020792721454782,-1.4198525622332969,-8.2626986571609375,-53.933810018617748,17.380679788453104,81.755812189216726,31.944268260079795,29.897259591599191,81.087341254879703,-0.76698480603276309,-51.703914078667836,40.853431899553456,-35.901722016426767,-29.033641486283077,71.580520967067471,-26.666233060842636,16.928693556257006,-4.3872901873131305,-62.250521174772217,28.808373029270321,49.630294341722241,76.354410864005615,-80.292463943842691,37.531185512366918,-12.957139426929157,29.194362977728154,49.889382637443873
28000,-65100,2.0199927571502032,630.59601900042651,187.4453784592223,710.11333556785542,59.241062470600404,155.15727143751994,134.22191905992301,549.53809926245094,109.30769874750587,372.67220404247342,600.27532417048781,109.80861346331542,282.48896621773918,64.393833962377585,590.41679507550407,326.12843633361456,511.24413715356741,523.55092144083335,495.04576871927543,425.1313140611793,843.66847893748275,325.97909659022287,919.05686370996466,524.71537083492797,262.16957722205103,845.59637784807978,603.43129768734525,434.38054002859968,980.31366437720988,855.39142342662444,129.87778782762956,205.01045261576385,795.42498630433602,861.9494563366776,334.47796907325346,813.66682732807283,542.35703162143636,428.41918422415921,993.49817286948519,476.99782326914942,536.91202768782966,523.09313484132531,690.9322776006594,656.99346902142372,341.88254607925353,598.31776459390096,259.05354696446284,180.87910411764415,328.00251093861414,177.6588129707726,60.471108276649403,35.088175448062941,799.83461314098633,202.8272004978588,656.3031321936445,625.02271370001415,351.48144153042688,233.99223065549285,97.617311036051149,540.35564160098829,259.41572924460462,451.02586515744008,36.300502033228256,54.761399489153661,259.19255178672847,776.20003268605603,912.02001477990325,521.25489407208511,532.16893766104909,637.86301910546206,164.27834719439454,748.50461356205551,929.47314134207818,467.96386928280339,825.30041145917346,516.54304089839877,275.75487040731747,800.80199759970333,169.49418732591027,778.74035855896443,621.99601761042345,799.04310000294993,288.79434227291819,188.68441476190461,186.94993345295268,660.13798696682557,681.17465143055665,424.71825300777277,104.41942755603668,454.83798282805407,824.32735346868037,454.18594136776568,724.71133233102216,7.0701351116104627,716.20028243998968,660.06081989197867,406.21525764506032,717.16455975716963,565.86037247545732,199.04522841789398,198.79936201593682,-31.093378247943672,-31.07051705791919,-28.425218883091638,-33.558939098953481,40.798611650943577,23.626855947204099,-74.38233087775447,59.585598667337571,27.638416257095813,-60.874191350147129,57.170238399477981,10.347031650441554,-42.541881022266701,24.476456574249461,-52.481124149801659,-12.138032284686926,-11.211313952667963,67.605786904939151,-33.192626373220676,-61.691358243543462,74.127283116087554,-40.854372240204405,-84.595781524362067,-55.468812377551238,27.890956265857312,-74.790215382911242,-24.64080417432459,-23.098978830106802,-49.283447114510601,-17.57924910686296,-9.0446251714727968,-14.818224604862174,76.968524340833696,50.169344175964682,-73.445860262336282,-18.981088502497862,28.202981634510536,83.737760987131082,82.667021129907909,-61.887053016058211,68.764731669835683,46.046961705374606,10.08106447411105,-9.410524113369382,-24.035618823702542,-76.343616186570529,-8.9443023053653263,26.273429715094586,-83.59513180401359,16.892313344941918,-4.8393001785469227,61.107186061316291,34.722591693039234,24.266698854126034,10.518838472896277,16.743423822688399,8.1829833109214292,62.980992677541437,53.80995593208462,-82.083647498654699,54.666875808595314,-79.661429171650965,-53.06452064882464,2.781860926738962,-66.696776575284332,-69.847370327822645,-15.787434726826472,-11.448464074253661,-68.59909482251102,-56.691795762485732,66.699945348523926,-43.422953333405566,62.591811250671043,-83.984225889135388,1.0372654260753298,-9.6919981678047389,-37.301411869516144,-4.8071212808004447,83.860989031714567,5.7320580574755944,31.659886843080773,81.394712835762036,2.4500448003255211,-55.511346912288488,37.25019923616756,-34.569487454780521,-24.458208928831095,35.2250901674985,-27.873704853010068,-63.693451304148077,-7.1915688553850252,-60.374039152473657,84.338070552887785,48.29542301548404,-57.35389633861616,-80.26326653825582,37.955391312837996,-49.265930427231076,-27.532090998116221,46.699720591685782
2600,-53400,2.0225344138360253,1000,219.28945153371129,694.09688120560327,68.048220405795718,188.64477920677533,133.13676259006718,547.81946967950921,354.3326830414926,385.71065881621121,604.54812669253897,122.9940049030179,291.1551954950624,284.19620958152359,696.9544072823071,76.428366491672634,507.80075988262206,708.80476251362131,92.756621458336312,383.33916118862226,515.18924049948839,315.28706810258041,932.05317592115443,599.74140249556604,270.82204311637781,845.2165495553603,620.20005067637555,412.50200539196612,808.35982579490292,819.74043798642253,977.10245839268669,250.08873558908618,25.763912604521522,63.217362865489633,322.62141616142367,829.29534810535188,1000,600.56811310094213,422.62086818670502,425.67473687697827,534.2751424523077,807.42387080441415,695.76382930355896,631.21368241815787,384.06393216213468,598.20807454287444,286.48708846406799,197.28726898363692,106.87207366165487,163.8904369629266,50.428603526095998,37.01588031738288,263.58234445790316,198.54222657539776,654.84014994965787,660.17708830134711,351.55086506995383,189.56367317134527,307.15781714506335,920.7589312137361,274.79241045602942,365.85241424409821,927.56434694717495,178.14280308751887,451.80990930767115,83.247857634740143,842.87025411941522,914.46925020186632,517.25920901952725,782.84536356014087,99.140017646621672,739.27876303795131,107.90229493517529,536.20522631553388,812.59671247781205,160.46592087675205,261.03455868913272,818.38054332172146,286.51147828626665,657.34587896794858,701.59053207873762,801.47650331351326,274.29546800048922,827.84443913349378,188.54277994400599,317.47003565905999,677.3440621008732,386.22054263562524,822.19884014107788,478.16923293782821,824.36152280397357,462.55236965371512,740.37131096174119,124.77071930246558,351.75607846288563,664.95013696057583,462.28346309262912,711.62632519382885,586.39861200559767,230.93930732261563,44.197187700812776,-24.526768146474712,-29.820547409166608,-40.261695747440299,-71.177229967010703,42.052445205958783,-69.545725904728229,-80.870144533403632,49.607678783884772,34.798969322362041,-61.231372880945784,51.880387010380332,59.648294205354055,-42.427784206482499,18.815069601608123,-49.951270269360776,-2.5543135751944277,-11.776149256249909,64.665565281198695,69.055524627703107,-64.55289238766774,25.722686396112756,-49.190279567174017,-83.327700064578721,-29.908073014275764,34.646591790840354,-75.391344262080068,-62.352820437850845,-20.759967159502416,-57.611308487349355,-17.115030003934159,-2.9596805905938774,52.156365267038545,76.311518063165977,53.641573346681184,5.7359034226192902,14.403405675375989,29.209412353430576,81.116919038199285,82.467914469654914,-61.93741599063231,-83.430070127649572,43.716928680964955,5.3073365105128625,81.835865755835499,-25.960397039637126,-12.220258376093387,-12.498216155694433,68.825864490689241,-15.018683407726478,17.502588998899768,34.717258556027161,57.996573419657111,33.420876501028403,18.756075932872967,-4.7062036691269675,20.807904016936053,-20.490615548679571,66.014969001711904,52.58256375528218,-78.157546224609746,66.338955370761084,-33.769933184849883,-52.102458621569575,38.318041196136612,-59.36872493122879,-73.839870795438515,36.710151206516883,36.272956470139832,-68.581713635270191,0.82027818988825896,46.826231310545879,21.716726973319375,65.197587728985951,-81.937549564032352,4.8461263435514716,-8.6703988426786687,-35.687578952487016,-2.1343057947972133,81.721074473682847,13.539940442164527,31.649310668633046,74.868544374215048,-3.6686000283069387,41.675162349094414,39.537406712493677,-36.324320622402254,-43.691360626943471,66.091877280540103,-25.56721560585769,-74.0001302496741,-7.181767285848224,27.164549603378809,78.52309412990607,51.343663173942097,85,-71.699200330692477,71.439279763627951,-8.8415382411786965,-27.6630854881513,53.880419753477412
500,-30900,2.0167695858896058,999.97973201458194,192.43400488952673,694.73662292269682,66.162595930764425,714.28160965349866,104.53792018435998,505.14783230587818,19.164389243742676,376.8084416813773,604.24941963113884,119.7163850768804,47.716334971000258,273.48210529959431,693.02063473005569,109.21380029232043,506.7387901073991,491.26077064386629,94.052392164330627,388.79811139809584,792.99196568738591,319.23046502399922,871.4970104723543,601.75013926362976,266.68676800837125,868.90830286213884,899.57737055542111,114.86611803124194,846.55906345204608,862.43127179181897,980.90640425736194,184.65853464138428,758.77999254125257,1000,618.41470467810268,830.6505128626319,496.25826549312131,599.62171953039342,409.96769199257733,449.71480495051895,459.86304128683821,520.86904334242661,668.79957946911622,637.41014576002851,806.07266981820806,593.99319367305054,273.68551428487075,195.75338931397985,111.42236585739386,174.36698377384971,179.05387763244758,33.492880887003061,865.13124345407778,195.50801289394258,629.19946094194438,874.49618716856116,349.05661805558617,183.98565223213475,263.66589898385934,909.88485226293278,321.01604901624069,397.32399136269601,966.84449589221572,153.54607095156123,247.85626018545057,113.90631583783339,820.6497479206073,954.59462113943448,544.17186448511154,773.38432307281357,139.98291151878936,750.24144775663433,906.18711174618102,529.24093247346127,814.55508228550536,142.70611372494665,301.32030148626791,843.82444144886529,283.91786904244265,763.91678405294829,70.721603615517054,799.06834054548062,300.72106252708664,822.86696271904827,187.723208727893,690.47885214084022,678.41253616232359,319.93291911325133,773.90206964390052,480.42521110629974,825.75652411699923,141.77550353786219,725.13513427724411,42.53291886572844,357.6299274215379,663.47513831203287,481.03178168951047,601.65953736053314,581.57538174760521,193.27723673983812,84.341602999271515,-14.245135726419367,-23.991469981972386,-36.90776431394444,-34.150169892873571,42.102788078569866,-0.79131676464941414,12.775599422735326,54.320837036144134,27.868424552344294,-63.045380772888279,54.722100658636947,60.838758170529978,-42.577625703316976,22.274362224240384,-49.3803548747143,-59.767172700224748,-5.9200717076926983,67.879172390916906,77.179827031811712,-58.076871607199294,-39.685877650572884,-46.756982727990327,-84.876562114880542,-31.477286285858696,29.721532738598341,-69.82431456171777,-65.146201614793014,-22.22550008252999,-17.19735075647915,-17.032342635855404,-2.5774051804323816,-14.297993713510486,76.573497634141432,53.857436723702563,-75.806751678972844,-18.961586692645113,28.458501962698875,80.962768432928456,84.952414673711061,-58.471936176398962,-72.601883334222663,5.3135825006371054,5.0411507596112406,75.517555956441598,-50.833533258852299,-71.726538257686641,-12.274516708455273,29.842447909967987,-73.882189366970309,16.888801507923958,26.374607515549464,62.300154611211497,-9.906738089878715,23.133104658292435,-2.1387163182474387,17.074796682951099,78.635899924381903,-7.0253726999714399,52.315041638208136,-76.018014593625708,-15.140880112590805,-14.3590617150208,-52.259668103109917,33.726144885315847,-71.785061256894295,-73.930004568427705,38.727423780710794,32.883589400030026,-68.62432602153018,-62.579871529167562,47.847423123550911,29.427640680502751,67.844745923830274,-83.894840955008704,4.8556930887198888,-9.6834387571442022,-38.238051932669052,18.782157931312355,81.678354662050907,-3.6740408315222544,29.202347087784158,25.205551827472739,-2.5065214229080186,-45.187867845018772,37.446109392765777,-28.783402151906028,-25.926084106386551,63.211162397181013,-26.544217376298153,-61.167202984671491,-4.1810703511725729,-70.152739392810389,27.703677596734266,48.623929444213623,81.010264385142321,-80.955914878138785,36.853320856687205,-7.9845225468522933,-26.619868932702293,48.597994353282829
51800,-68000,2.059172551541852,317.21356658870104,4.0481203787413333,292.72135919527108,59.715870350413176,259.45321657502154,57.857613949072551,548.39392399666372,131.72434041386447,375.86915980672131,615.62196462616009,106.24965158746653,372.39180681924256,40.598082407872241,594.63457809099123,84.71673290114073,570.020977066922,714.89392135210642,69.183702019387738,386.98892144881171,797.60194725293093,506.90769218552521,922.49515988787755,581.6957152427151,262.02896663110482,843.92149244656434,162.95458051421602,407.07968071517183,857.60627781334074,830.63736832930067,128.67155571171276,628.59411072148919,835.16867478749816,826.09329720988023,871.32419580094597,818.60589414388858,547.04967254421626,391.2529374434597,486.58375935257033,458.55807839167682,513.56208640730597,805.87891856361432,233.58000854167918,526.18226949140876,250.36938275432885,595.28127344279028,341.80985514572325,181.43885463646725,324.50624604632975,169.45808034957537,565.66668655675903,35.134052179537811,813.33940543880726,189.31370546868166,659.44863806307069,874.87632110002153,663.29730857453683,430.19515791842531,68.700253275156726,501.45020248187632,663.78373879727189,428.88184233208466,7.7664039675741456,677.02013061943126,247.70618644403211,808.60147042442031,653.28496651347223,963.99806213905629,445.87923370960857,640.07706934317707,163.05964879516242,718.56760666695084,532.94487942854551,530.85495232561573,834.36020307384626,523.38578097699781,275.31607330727599,822.19386863138777,161.06825284840789,640.51167948960006,73.596673123167108,796.23774215949186,295.05560887261021,274.67540627279277,151.60913375492765,841.04115697509701,633.87326790405461,378.72871867717276,749.74101327857136,456.87403016770799,448.46849184512047,454.66703029112426,722.97851696108273,23.032469101922004,811.70943206541335,810.81104587602408,450.07265250894699,717.27298641559628,579.15371690378561,340.0062931537766,53.842091136302606,-31.085200286156507,-54.960954537766412,-32.572015594946578,-33.685477487924807,50.212505259425235,-60.596672952102736,-77.326427371791823,-48.082436188310353,-31.140310392048349,15.345423290567521,-78.120214372812029,5.2094343217616501,-43.723153289547,25.365873826515326,-51.258358273695038,-10.404903738706073,-11.469699213679085,64.965025619199778,71.153814111208504,1.5124387655285516,79.095611553788544,14.58719121779786,-84.897790290173589,-26.43877964963691,31.089999992594244,3.9674164720503811,-22.550594065344125,-32.131724598337186,-53.149707760381617,-17.072280058616411,0.68583337461189031,-15.186493348626524,77.024623694510382,-31.976133551090239,1.6126108877977359,-21.037156024505173,29.330305092044288,82.096736526468533,73.035660817413827,-61.69611897948058,-48.7574251257494,-2.0851504468481217,5.1239128066994954,-8.8654244974823531,-25.692805160070673,-15.665324933060141,-6.9187376449730289,77.827815040541054,-73.745482950242035,17.062070654399665,-6.3661607695156066,61.280833182719164,35.934550224803857,-79.970731485718076,9.8784353510828939,16.052485937216531,-34.109973606943448,29.89252515450756,52.382311072163731,-80.525655869471279,62.657009983248564,-12.739271556718954,-49.604891226948496,-35.61259378146007,-78.132973727534477,-32.468611882783605,75.970783593128843,40.612095790039035,-68.611681880925374,-63.327513521785349,-12.967609381821632,-71.239308566585393,-20.905676854685044,-84.871135795943331,-17.43772428515431,-8.7545446629554569,-34.283726410626535,-4.0373343842390987,84.232468200017109,29.260606753094645,31.606166141100076,75.694170979237867,-28.724424873279894,-51.416918361757823,39.716744298002901,-34.994963617509917,-27.271529131566254,69.456207072827183,-24.692253276484784,-72.354295010084869,-4.8013643466725542,-62.1595998968386,-9.8129314336795925,48.848265249783537,75.854154133277547,-80.524467928496918,37.022675652295888,-45.442051952468518,29.636968455837017,45.403759989946082
40500,-66800,2.0200722160664135,519.59507397887171,3.668321819645799,331.69326173833008,47.052506501533273,271.61567461828986,108.34176678187181,924.28728314516604,333.65076329806402,375.77751150339685,602.98440714820561,159.96823061621467,284.59620895354766,322.58436565540546,293.52252364514129,80.628292187727666,575.49627837059188,530.76075810693146,79.413956412628167,396.5670952584511,847.85572058343917,547.18818518994487,908.78663625800834,565.73638112209085,266.63476124313456,875.50819480334019,157.10239624974787,89.553637455240988,54.263902168202705,701.61315870618773,143.7994741361772,219.950169869501,745.34364973522031,426.09704456782754,311.70178774413313,813.52153830836664,547.84495822178928,459.16238182999336,336.51777350996463,421.26534708409417,507.72954763865386,910.54663311814352,686.57561135931724,611.4400044028888,375.66447252194388,595.23000943910483,385.82005541117081,171.71135880799901,332.63667403984249,170.36103741159855,591.30442452346006,35.414439249837969,694.96543591622606,196.72771227157696,657.14579717199194,834.04101336469398,362.02009948154682,211.70927608636927,931.54726265585805,450.04589987227587,296.11818015049846,784.39098763916081,84.869088274254977,706.16806894653701,412.19223467352123,37.966801641297252,897.91396428980352,955.40225755380993,533.98994679309203,648.4572726276931,139.50670220462661,667.40194045592705,951.53423547871705,432.9463109479841,828.19450235043382,193.9872022214918,294.4748884252495,820.36113625561609,131.0185202783922,766.92581002795089,79.17337126880318,799.00149762505373,315.48967327025048,178.11290871904345,222.83478501596804,742.18057934039166,681.17570519091203,375.03420063425,772.41335417924995,480.28954359285007,821.48111533980534,454.62449336943735,721.35612574143806,24.7966698776562,753.12259216575171,659.4582626409001,450.13760897675257,722.93852182642627,580.26627332484509,194.09214285370601,196.55480839098936,-31.364023404845728,-29.438110793431179,-35.409904176542561,-34.217839058695397,47.736256011014646,-67.044506816971051,-74.419254755799031,-46.611161462499034,-31.90094164919433,19.598428896403565,66.676048707864524,61.929612389480141,-43.844057646045883,19.11829606013282,-51.654811202737086,-61.148665941626632,-9.3629194531469491,67.412561756601932,72.171316294599393,33.91996478882642,75.394749365727677,13.255521257747514,-79.935599609766669,-54.511745730277802,36.802493029151378,-74.628235543025625,-24.84315271023198,40.062966578789954,-53.103635288227522,-17.602934580229796,-2.1564208981503348,62.578885032039423,71.612740337405896,50.900477923672874,-78.428659946720373,-12.032503922492261,-9.3214007649063166,80.820538276110653,-45.667622327820339,-60.452066724346444,-54.800212440976686,45.850469412980793,4.9223487867675511,-2.0339265189976183,-26.982855938153687,-75.141119137807351,-15.391158556384831,26.814709266358079,-15.534377108910828,15.248427894212318,22.852429924009776,61.026532180727081,34.870309679587912,17.567701505637679,-0.7292478646244378,21.441844118433568,76.303776086633945,62.497073805589629,53.567749304594656,-77.554170861264879,58.26882226320447,-14.554049474239017,-49.674816942594525,3.6794730628676695,-54.728763490302299,-76.62421598979391,43.798685010259526,41.037848516915709,-68.611608284882607,2.5446475447867343,58.400873673394273,-37.843124416742924,-26.419907206592352,-84.003687078600095,4.8216800925696255,-9.7188084206374405,-34.737583280328053,22.256376536503421,82.009467665464456,2.9022874720128997,29.851576818181236,74.683100989096744,-3.6754671925495828,-49.628781992187143,39.581836420423897,-35.064380424083467,-27.280701240046064,67.116351091968951,-31.849069567674938,-71.14789000376112,-7.2144508551785176,-61.5377835393273,28.397322520072318,48.876854292180596,78.810592625315735,-72.842943921282398,37.126295393846583,39.4266429422172,29.289517062348075,22.481542407379543
200,-24800,2.017398189612269,1000,220.80439413834407,695.02779915583278,58.776136334386926,221.28484502556216,158.98597890620312,812.42609112167315,100.0756844931507,378.47521142305209,602.55322787566729,108.59384820467645,74.835174519911888,95.717365737271052,694.75089096045269,110.35559333687443,502.51164595020447,709.50667961942304,72.55973708193288,389.42449803009839,805.25526667624445,362.82768767711718,868.81200778321465,599.35446633068955,262.4952479946113,809.954251107593,944.31548115082205,451.71526716773315,858.15776125726006,816.24183509388365,981.37850906391282,184.31122064678792,34.364500009786752,82.517880864052074,324.99844571625914,831.37931621858684,487.99426416971465,413.68452567629043,990.25070212036599,416.88856051622207,532.95204773007436,511.05079807150702,685.0546114429377,627.53687759395279,371.62583725356717,594.02649212429094,286.06785411504273,191.93555968144668,94.199505599668868,164.74491551551407,190.83070223988545,3.5570810500930108,239.30993271440337,189.43521771311308,655.60850516375979,868.41953843639499,348.11376305766112,210.49422697970826,764.65160445631545,559.89875639784111,268.08273445305508,777.85131194553242,950.84701991004272,201.57060852772437,652.06832877432964,51.468752888290169,948.70445301356119,914.21329842128205,517.09278188457972,775.76213171426991,322.46879693967486,739.8217128017958,618.12486435218727,51.565885251199745,821.2533965469861,573.00987723170078,11.977910132229368,780.3855184447026,288.66878614473842,774.51167303004797,90.575943597737648,799.07815390757503,280.14404538644362,66.556634268131688,187.68544379712819,283.16415308391424,678.65891387538568,374.85777177833955,733.53708166575382,454.36523211181321,824.38224360967968,114.11709692948079,724.46924192741346,41.854479276443548,746.15277954258579,669.90484629236994,105.7716839567301,724.49678177224348,586.5652396534133,191.31537684643359,208.00645138297378,-11.617020697640832,-24.246251488572568,33.78486468890727,-33.446163735177876,42.049579957046632,-67.926874566934956,-77.198353952502998,53.65784842250779,22.9055083240283,-62.516142612719086,55.097764263632669,58.552650014205632,-42.35552611961532,21.614644261735936,-51.401485620316421,-59.494191503133003,-5.823755626257002,67.846875555109833,68.44004923373403,34.593741501334137,27.823020416224924,6.7482773726528942,-82.553966444222311,-55.297058169385444,33.340189598317671,-73.709727383386195,-62.028025543687541,29.755550332451826,-21.505822655926568,-17.289266919403666,0.14242017588005962,65.440089206564124,76.488025557346489,65.175211213580369,-65.337476761161497,-17.54628379223405,21.268598225548338,80.484217203076383,82.562704021872392,-58.543738254453366,-53.61145415019071,3.1960126542804659,4.9872021748807231,77.51719996739449,-27.171913682501014,-54.884107339030152,-10.307222287318908,25.663722580153511,-76.71184397454499,17.124826465661876,-5.4860876628141249,58.286037024335144,-6.5650865426209428,-75.422546733411352,0.19382718514339436,16.91767413430145,68.14857586475074,-7.1789151032962204,37.392249635374043,-74.996413240516318,64.114421780133938,-38.50261603628978,-53.077489751259208,3.4546333379510301,46.118104996564945,-72.091595490157218,-20.618136707749876,36.333173258546232,-68.492339966387959,-58.244936299974853,63.07598359615919,-33.411997333422462,67.918157287596927,-84.027930230471696,4.8202399551862483,-16.094390140589862,-35.488172148074149,-1.8337448421868157,81.460710766052344,0.59989735324115279,30.014005402327811,81.769102351924644,-36.98336155826582,-37.809852851357121,37.480976554477778,-37.536574489225131,-45.605957448895651,67.277273766271762,-28.515129065977796,-70.3468812733325,-6.7422076064649294,-56.587742279423246,79.940849849007506,49.654080817725273,73.541512136607963,-80.885809266629579,36.171094017090702,-15.09597499942339,-27.539662270802637,58.410185144510322
43100,-66900,2.0220734676989625,470.58802971388792,6.5580831586803994,344.22763009647372,67.302100453915486,260.46768957604172,158.30243342690196,817.96789508353277,101.6347517565691,373.18113490528077,603.03105054281548,148.26864858627636,162.91818199413058,50.164087887674725,323.05809108242414,117.96465377101522,586.01448889470771,518.56438808228529,84.411848293730372,389.44622832398949,846.30711439856691,319.75264022564147,910.08814902457914,537.03464845009228,262.45076359626017,845.01815755055816,963.76739284655787,447.3447103312555,859.97245425663266,862.11965959800114,143.9349307888196,452.74646198212668,17.647361058946174,997.16980737517599,293.19169588276691,813.5843470302367,499.67479574424465,437.25809917463766,328.21021851776163,399.05748483249528,467.32880289147488,876.51789206637113,300.41376518726634,423.97803896273041,373.50647616191213,597.15800222024791,275.03945596047851,185.13540513772833,305.64130508878191,180.63606748420543,63.445713383954057,43.514070442370901,703.69399346655302,188.98343525592728,630.58951664660106,637.1023257647289,368.24198377752055,198.61057896458178,895.37339399009363,511.19068918475978,294.30104866487125,388.39103723462699,750.87124695046282,179.04752175655938,344.93431052098583,823.94071835023283,940.54233412218275,516.76146579710451,531.97295082492928,660.39400946633862,139.04497279469763,748.35862112499137,647.90282679803124,17.730018194791384,787.99354200151731,198.61145233673096,277.71523875393905,800.24348668261803,150.55273178929045,749.56820896948045,111.71661834559475,798.98411678979664,286.85061589360146,178.91943777351042,218.93005595818903,755.40712158813517,682.10586099568002,388.79594557568419,749.82366320938263,482.10741859691632,372.02466930733033,121.38438019449239,724.36413277982456,4.222112060311531,867.25369306762843,804.80404842953601,56.56819747002848,717.15725741023812,579.09198942697651,176.59367751211528,50.358686179336999,-31.140166452775773,-38.417510015051491,21.929876140143293,-34.104207932100074,49.841651381397128,-66.930452004347885,-73.956701009920337,83.37397801817464,23.893088302531869,-63.443902312566649,51.155694707914307,14.290461613216893,-43.87487774884567,21.659010169741975,-49.473965550967456,-0.65624293404174949,-11.210772400703446,65.543801435288941,73.380930722657226,32.529277828157312,74.057996516004565,-41.104182016707284,-81.136740511662396,-26.935879839942356,28.088712898210019,-75.926973191865528,-27.521353004482915,43.947559406528867,-21.42021651724896,-17.099081453440142,-3.5468365339868759,65.448520624697522,71.42638087633857,59.538233658409794,-81.448241826615032,-16.218332817941398,25.981333141654297,82.582792993432435,78.876806159620429,-60.631495200318007,61.262434395974168,44.685972680703046,5.0257980947573326,-16.637171279053405,-25.687594625558546,-70.314323821177325,-1.075289696104047,69.767829947856484,-9.6555464887600753,17.024375881886169,-3.7618069677882451,60.655171964724985,34.857819565825636,-75.531003621276568,0.16817729260150138,15.827556713680849,76.637724398369571,30.824600643327052,52.395189533994078,-80.863035476191854,61.949315229874649,-12.844315950646827,-43.758934354262578,-31.931800322812862,-64.834328009254861,-75.091180234928203,74.218370711385916,39.41077042174193,-68.599378569959129,-61.177783179978682,47.123629751661213,-40.191459900784984,-25.287512575865076,-83.986059370337315,-17.972483145428619,-9.6554882490087639,-53.789409571390486,18.276310429524255,80.244808133999669,5.6641906818118244,31.533896542965902,85,3.1134446356299823,51.536315725542792,39.595845171587605,-36.343804849387219,-44.872199179264499,38.121616251634279,-51.088079282176523,-70.201561356777304,-6.7340110046993988,-62.335040263332644,24.29656643216363,53.197397552209878,83.417294968514,-76.270712173387835,37.576485506893306,-9.3163315272306377,24.924241963747765,-79.450839388402017
1000,-41000,2.0173494379117103,1000,193.02089501971969,693.09109631742058,72.456505690643453,189.66391307691305,104.66665245140734,561.39190518569035,309.5531158587371,368.60864670159145,604.4082178398445,123.62593114827715,274.79768993798865,0.65324540193041614,620.67980926186385,112.22590081954581,503.91560524876473,708.04195691472967,73.030364162381645,387.04556059141515,479.82227741306684,320.1551375631999,872.76943139290563,564.01960346709598,267.7796855557707,845.58123755593272,947.91953468190252,463.18379857602486,822.01520073524614,853.0684209091778,976.62867746136283,694.85303090652178,120.38212511559323,886.23022543623688,320.01469990066317,828.54588837967242,477.01399676682178,864.98360146635139,406.26914860110145,428.00234755063792,667.19156554758865,513.84774686404558,661.36872105301848,636.59692084459493,761.55833488411122,598.13322429326888,285.27656364441992,209.82993424226169,112.88721418668729,175.25201231276765,573.64589820753451,28.716750796033654,236.8004876257979,196.35533757275755,655.5609646482169,616.13273030431185,351.58292799176712,182.71463301692995,49.46912758654193,879.10069380746211,268.95069588265545,446.82909515858495,22.848778253829607,52.655230698749847,481.06030396579979,66.243352557284524,527.16331097951968,930.34015751742515,543.62747046922436,797.63822504474069,138.3577925303546,749.75614191041711,641.217767385863,455.40655842597369,813.5321264011734,169.28974168153294,260.9173742464543,854.16192460747129,297.91357534185039,758.58883752387317,73.545636312468915,801.68755421421292,426.57114752827499,759.48662647350795,186.93518083845279,337.97046924003837,677.04152190679758,423.21660652685023,810.82347951002134,456.48004881851614,825.20255611811251,442.43057750151564,721.51841073479432,13.816228954154898,389.99141719428758,665.46783105060933,439.21707335493033,711.64662200423822,579.59617670322325,192.88536207014846,81.936511002299298,-19.581765696856557,-23.707251485908657,-37.761857543209636,-34.904924971218868,50.534320546581569,-0.14317704099948969,19.229959165749275,56.724627712444956,33.705567693193657,-61.854245522065654,62.106699389739923,15.015214768011511,-42.538667038922782,18.51944796924273,-49.854270410257946,-59.797577455373599,-9.4663787221432028,67.833242689686301,-35.814203127467394,-65.447665848909452,25.183227390068154,10.300707165261386,-82.501538397398178,-25.144678065172268,28.852429222191358,-75.019647942974288,-24.943849020182196,-23.404273011359379,40.984610364395465,-18.098394508143752,-2.5168940717446575,65.448444087276556,75.000265615280796,53.88021460201589,-62.243364027299123,17.581219846122821,28.875698817552376,80.706709894970345,84.801023986089191,-58.59311300626419,-53.148339575527594,-10.820919707582071,5.2222450120072281,73.612407374762086,-25.755027825991974,-69.230717881235677,-11.737324989431633,24.028357674169037,-16.921174252061835,17.1367183738157,27.860817241526096,60.571012816331347,35.829257666652353,21.168025804290817,15.221448321447927,16.786951574772932,20.005823319083841,31.615284516727531,51.238088548490666,-69.800924341330543,57.391594681487078,-83.028364587998439,-49.45156985677783,37.961384475372071,-76.477310022750103,-72.011742402515878,40.311414806992168,-6.8734767978617519,-68.609500541563634,-1.6527016224732165,64.54654826446982,19.239301145497155,68.499205324268232,-84.124560644111114,5.5629406178146787,-10.026359034959714,-36.89999414643448,16.548018598322912,81.711734797428448,15.050187971048334,29.237432341428775,73.386269536462692,-38.213557014113427,-37.818100435603128,37.466038798337749,-28.917708904312466,-26.251224714877221,72.080421609372053,-26.427843931287072,-70.480638972499449,-7.3095494875375842,-65.347551965479539,76.028638662891879,49.289149895865705,82.689541040618877,-81.04197052252654,33.264386250614642,-7.3014494467641189,-29.379794065999182,47.90511088056796
49400,-67800,2.02210869219522,358.87793710782489,6.9605327251608493,324.45212911779629,66.584002973885831,161.8367203525205,134.93057330357854,216.00045633291646,131.13631473983295,375.59670896078592,602.99531973512012,159.03738762523076,283.80060278133737,325.75836763772179,265.06124510368204,80.613400324931021,605.32552491834406,530.78460930450728,74.297824519263088,388.96227235348169,849.3825801337041,547.18633294173935,909.07679155490166,564.91671127304267,266.57819088971235,844.12756552515964,64.787133731421335,465.8454703253758,27.21278562395743,694.22010609762924,76.482021385218445,219.56682985882657,781.21759709584853,932.43848085100637,312.46867053377667,833.31471507811966,553.42969787187906,460.16767896457378,983.89157459354146,401.51969432977785,460.96101343013754,812.69873135475893,682.26517775857826,658.49448069570769,371.39956152470705,593.97317194830748,273.89603922447174,169.77483054521147,332.34035067365483,170.67615134158333,183.74450815749361,36.355973057953648,695.10953709924536,188.99254206443879,656.96192144792633,630.69573023336602,356.50074910700846,211.70333979712973,931.58728368930053,894.92263671181172,274.02366465508004,770.52076903002114,84.620325565498433,10.411468551404976,420.36838315587255,793.30033739053431,897.75915768824848,518.19327537753907,487.35060538139601,648.46832069724519,139.48009987233104,748.48261110110707,957.30977883152252,473.86947316819169,828.06105327536375,189.56251953845467,294.89236500031888,799.75710352813996,131.42532857612409,741.90740266767614,567.08168963673177,798.9997499325508,39.990968818729641,168.93861781582413,187.29781749540865,735.07791057273812,632.78335322088674,388.46996713306208,772.72419723585631,480.78689153957077,821.38834629821906,484.0771071638348,721.2899737286973,30.114905910899061,751.4285808921768,659.42726687189804,434.36786393167637,723.53886866046662,566.142255657021,193.7808773021479,194.46934177636683,-31.407929063491906,-29.406076678485153,-33.774390299889795,-34.215999406428139,47.823589452097622,-64.160492082525096,-74.490638447213314,68.379142404978694,18.819103496504482,-68.740869969549408,66.683930407323089,10.387123402257075,-43.843784695060748,19.111032476050269,-51.645890894795052,-1.1894294797684908,-10.425114255595538,67.44990787380614,73.530010355217428,38.603279643425388,68.554818711007144,-42.603240523955037,51.805152997613249,-54.475422626155677,37.073989075994895,-74.635335603623361,-65.308912814836987,47.004612896398214,-52.991334047902008,-17.599515092084523,-2.144577791299211,65.037678908801624,75.114494930588464,63.145069621919646,-77.265974652425058,-16.185657546501382,28.206468099274989,80.804383965117367,-48.570521714678272,-60.515573871298358,-54.478754336111386,44.555817058035331,4.9938766623375495,-2.0736224664983443,-27.023216589985498,-75.88707335426507,-15.313557885566045,5.7153738324487762,-20.644414986839784,17.137167011089776,-6.7339744440203102,58.317278647684134,34.994539822958757,17.408540941463453,-1.1638871520444944,21.441154305240339,76.553447505026924,32.147302947242935,53.525455612984246,-78.201829560665786,59.112740861160795,-14.537750929002385,-53.128395566650468,5.0767727646074396,-54.687727554273962,-74.374610199100587,77.71202836644494,39.563775333645772,-68.585153582266784,-1.6333411242094753,-8.0525374513960255,-40.426105264209568,-18.107034660251372,-84.002719410719948,4.8403493884196003,-9.7258792048939764,-36.775438853839702,17.355522498038031,81.911489536395933,4.8134248295015176,30.204820447525336,74.906653000924322,-2.1161679126019819,-44.332741026027406,39.614829723571681,-38.989462182304273,-26.078239633080788,67.111634851512576,-31.953789680456289,-71.160423628129834,-7.0665970522119359,-61.533171340018214,28.398661459074447,48.900151621385568,78.810383975486928,-72.551625141947454,37.118308081690309,-12.493884840150697,29.377306940134897,17.406959274067958
34800,-66100,2.0166142065333963,617.18624884751443,6.5578049061791539,349.0354845084027,59.127389010015023,197.25017544939647,159.25659145158272,808.39697706206391,98.224267706455578,470.76389729390962,603.00022569336613,110.99511802622172,281.66709855983675,94.030629062214231,329.70762745662142,81.134004559399301,598.26693246925777,711.79645667522414,75.880575235933733,386.42484421749822,802.1004133297248,364.55729783147603,898.55671202411145,564.08724975820894,262.37422810791145,845.17092100053162,878.71903010857943,451.0997120066088,57.914812542178822,862.14249047179464,984.78443115464529,179.74400208399786,755.10430583162815,969.26131435253012,307.27627336508414,834.29050779347699,520.83626777632924,412.11404743119903,328.871731482141,396.47531934711196,457.4112717269025,873.13933109573111,691.53094225723146,627.36301519153733,371.78518625930724,593.87537506206866,274.54528842416391,192.2470712680323,305.92534857279594,164.58349843177771,52.307098033563918,3.7095265557948274,754.82514188442519,189.52426353093097,656.35406890026991,866.5781004412172,373.79728439841347,211.17547045691038,768.0462573605638,854.11052198519633,268.15358093016789,783.05721363660462,742.49520303249562,201.49759262893008,390.72524428088184,796.01933873654286,943.27797529541203,960.4353655971363,531.4281541124177,646.69151940068696,153.64589047635386,748.51061558270237,618.71368166021489,37.994648590061985,821.23325529637316,182.98025234872875,278.13458513375366,819.98390382217053,288.67852455807076,771.53704305310123,112.3252224285519,799.08072976390065,280.12644433320986,50.531542479625742,187.32913928445583,663.01974653230729,678.5659722616241,330.30092997620858,737.40284911254048,455.18084000635304,824.4052362653598,113.98212471650461,724.45967295141656,5.0388944750463258,748.14322727974093,802.91852342701418,401.73431544584275,724.47895649926988,565.38602737266228,193.20311822783506,193.85797136472019,-31.130475704280631,-37.72930772676645,-36.181382742109214,-33.614476512101469,42.10059715437869,-67.216613321587531,-74.895354758520966,58.909772821266927,22.819672192338981,-62.9771021582822,56.154766537955332,12.079503615323086,-43.880588355239055,21.64488649398286,-51.430899440022834,-2.5340069136629175,-10.96660834242871,67.800375460239337,59.428113293051098,32.601675649254304,70.711832392710107,6.7401853369314253,-84.684636109100268,-55.365104637647775,29.555937284832723,-73.580394305478123,-26.524280545800067,29.545061317871749,-21.799630716335514,-17.600238397988377,-3.5844046118401733,65.359251030843978,76.530430134658218,64.632196299122597,-75.983763096609493,-17.954235121280608,21.476867277326377,80.489042640919905,79.554257674217254,-58.526903791186911,60.852087848686566,44.263082170388813,4.5108222568065814,77.978974590099895,-24.585407196794254,-75.877693323296995,-10.302975753697718,27.697461310814653,-82.408950728624845,16.974221565791243,3.2384049180429058,58.311041691000128,34.944174783300902,-75.523312657577193,0.14227873991034212,16.883554890867892,68.522236653996245,-7.187427244868573,51.492439368933375,69.097295334903123,63.859139989873519,-40.948365620688378,-52.894607513157958,4.4706594540628544,55.677183213802266,-71.93367823304726,80.653055763977505,35.288453877196417,-68.490115827332332,-57.800402949958617,63.180609216141931,-66.976560715424696,8.4909285034834543,-84.112206916181577,5.3504521942694536,-8.5567973910949373,-35.485899231174763,18.437411129242374,81.151522825788447,0.60934886915318387,30.02389338821007,81.799083970407622,3.1371767708575931,-43.802567406055978,37.481091187854467,-34.1951250623828,-43.689364302974447,37.049226636356877,-26.441323574989596,-67.608796501843443,-6.7390232611104564,-56.484816890011651,24.366777718329391,49.652635254224137,-52.393502482446948,-78.681860321833014,37.020033320466155,-15.101359094628796,-27.539799388631813,-72.989961538137663
25600,-64700,2.0564345733199327,667.36908319823306,208.11290193411642,322.88369627591965,61.165103360714681,160.70284703399255,133.15633779569907,862.49943295472906,89.650277937489761,376.29372678674099,603.75080439513806,367.59056404352305,141.35625936375959,296.06276861940432,319.21576711020333,104.61278642656883,591.18894641825932,483.31661952132237,65.164394184119288,390.83195276270936,803.0443550580386,527.94021843073892,870.8860263007366,564.22796483882496,262.97121155567356,843.88047231957682,596.34552681759078,469.17046649829791,52.675192486016066,819.26593030710603,179.36453805600291,697.94538474876435,186.61052344186504,858.38606668931834,797.6539842825772,819.66206818218609,548.22421603804139,878.32761883121134,474.84804502152019,467.21353221299813,452.85642040903178,889.72575861243865,294.25039294028272,658.55649994514738,378.47694166919018,593.39638520449159,277.51518251072287,204.24662327145501,307.4475850185043,165.14855690898079,595.8135929607123,38.028496949249231,224.80686764513257,192.78792832972107,624.71600570182068,655.36255037371461,374.93358706906582,220.8961391526901,918.61227131427938,462.6847563631411,263.90378249784436,748.7079361095889,959.68648362541444,179.35366148726496,386.53006761718575,797.92245824608028,887.56317334818573,914.31220509649381,543.15263160800907,767.66452138926491,155.19334600999056,747.95018065213242,642.09990178594001,455.23696928829361,787.89019501100404,208.15437318751526,286.65953161031598,803.84725366608052,320.35505576249528,642.1768099665162,596.14638514646526,799.76286071532184,10.968988511872425,271.67105428342791,183.60176267536221,734.12215256291915,680.11749493036029,375.00688171943528,740.03864450097808,457.2853759659925,825.26621718576268,482.1464380791565,740.74918793224492,9.3013356150620439,764.98782132880842,812.13391038418683,63.458107714144433,818.15544705015111,561.10991060700087,194.32191125004459,66.936856358790152,-30.811250785798332,-35.081080660110416,-37.390080454881456,-33.833780671057568,49.8224852548488,-67.546326554387676,-73.798609903031277,56.978376912838421,27.800147050214065,-77.048902685521341,46.724732869213753,8.2760368052416418,-43.052604741619731,21.71793717250479,-49.49993675833479,-0.70673914634325197,-12.756409863411307,64.580605367704621,-27.290075592832913,39.11337260798399,62.126897745680893,-43.129298766398612,-84.905583670267575,-52.608894522266716,27.972124713568668,-75.045893248562948,-25.578286261323818,40.063939203298048,36.892344909139794,-15.752494334989951,-3.4527657753088286,60.793777238065047,74.961429578169231,50.767171323764828,-79.368576732945399,-12.939052835682343,23.851710289778008,80.386520235239885,78.191512928976067,-61.78341911633126,-63.975311670146866,44.423475370676762,11.901234473254304,-13.652082701791425,-26.072752011219038,-15.754685372267108,-19.921707743388797,26.433517575055632,-82.753803239599165,16.988736714392704,-3.2790000970747011,60.766391601115792,33.941179193411116,-74.531907093966453,-1.0258040375514783,20.757785399319545,81.017970821085683,29.913902967488006,52.300418613015658,-82.914261989548379,-24.374000287843657,-75.391245498095614,-49.168795967291004,4.7881723560774141,57.435345038621115,-68.399575687691637,39.714180500744078,-13.506012143680657,-68.579286672312605,-56.41850215950582,60.884495567776391,25.677664802675014,76.515815565139306,-84.205882420895335,-1.5717033918012158,-8.3354542935749389,-34.638581093302328,16.981228475366535,83.876325465291927,-4.1169271598083288,29.610715247742288,81.177534440171954,-2.258001225346955,-49.785747520232484,37.396381290733416,-36.660514822861366,-26.167369576903479,64.933472458647017,-26.106432562403086,-60.55375865678706,-4.3800504691631348,-56.41683433686115,29.7580567739221,48.85080201934835,76.414204807220614,-80.659596493481544,35.993959404446294,-13.195049261768242,26.218004871657651,-75.924464822393659
400,-30200,2.0174209823084555,999.99990109457417,221.71090109683399,694.63390426174715,72.857130110721727,220.56640153940654,133.24311953842027,766.31569475024833,347.73177402340718,373.28823733950935,618.49657916999797,377.954816129238,46.18485102720085,262.69101821327331,692.99338570275972,109.20464566762242,503.92793835791832,709.09286695648791,72.410432548739877,394.7704921228767,792.37655330424082,308.26929561882548,872.69541202779885,600.06785595687904,267.65999985551116,867.78733661808769,902.83204472902219,99.869194153633984,983.82265720654686,817.62328700909939,981.35324130374431,683.05684499035362,789.08829919856009,961.76300091905512,622.51582155057793,812.69775391032158,494.66833907578126,588.63183850894438,416.57254269867394,425.900179130163,536.10583973340124,514.56458448506555,685.33950644959168,637.36900898939075,804.03727728708873,598.14201783546798,286.24802336545991,209.71150153548214,110.18638347576416,174.28959129203687,196.35117939983957,29.182087381700644,236.42453147704768,196.37233945408292,628.31497239681266,642.29771051999876,351.59857857161546,184.05315246114276,46.216514759367485,542.82583498377289,273.79885272299612,383.7487831984426,930.4729955767956,586.12631628140934,486.94769104793829,113.22316042124537,917.56157049718854,916.69499440325171,544.30542654730539,797.31003295717164,139.92004681353043,725.76676903539135,626.715190138151,451.42977266109727,813.7340512310526,158.94157153934589,24.312298883773394,843.60323876375094,298.01136405663198,774.56012530465887,103.39639643648975,801.6848611901919,273.26421411893222,793.44057640082644,185.8199867201181,692.02263407155067,677.36372358983567,373.74990525830066,728.85014161975425,479.24727353421878,825.7186673100407,451.6964098300881,725.55389592648476,14.080925333787633,769.10860212689249,664.88087107503759,165.55946642773654,711.82673465037681,586.71665951273349,193.13519541965707,30.664265870326062,-13.964018391997593,-23.80323812445863,-36.179525621503387,-33.930100451576138,42.10555012800598,-68.446602957597193,-4.4039681666289781,54.342581995831551,33.256454037603461,-62.461123035441993,54.825583675012041,60.755336937133606,-42.448386491709158,18.200892291192023,-49.699642171176315,-4.7219647047524225,-5.5981610368734964,64.528433401181772,72.288623566191191,-57.929501626395123,-42.744186734432681,-39.765769622825232,-83.366941919932543,-55.340067434375698,33.778635961529417,-66.247785586690696,-67.598347388150231,44.432515750829154,-49.845805062061132,-17.642893259086634,-2.9549308549971567,-15.484919275321126,76.600201331173793,53.923934116574486,-75.91046747182628,-16.880920746015242,29.050321162878411,81.122305313150122,82.469319185339359,-61.781175122211963,-75.376411918564244,-5.7777775934019875,4.9144034510513848,83.290429633639775,-50.362900402278946,-54.109376630742496,-17.447439573589087,30.135535746215005,-14.28798638335676,17.494121060583549,25.596331702725919,61.165004711806368,-10.38719643057928,10.887754423715011,-3.4656731280646689,17.113215736688396,78.661516629912427,-8.6600003987166581,53.708101246629482,-78.597375003688043,-14.127999471739546,-79.457114150480152,-48.989319750316305,37.811197388402455,-74.763823858545322,-73.962755593755986,44.335444680573971,37.2240543768851,-68.625159476386841,0.69725890382405797,48.039199851387501,-34.371996443299537,65.01672198528891,-83.841928567069914,5.2809964785067178,-9.6565025688463137,-35.224086791242208,-3.8582831844746988,81.583360506450759,2.3553991113828534,31.653365140715341,25.517479251861847,-35.201665484889304,-43.035380510897241,37.465483876359578,-35.168712268068717,-45.613082634717998,65.917755832664056,-28.693873793128155,-61.50982870852593,-4.1774255439356214,47.205589876034793,28.224565181818598,51.357835176889814,82.772287857572209,-80.870478311073583,36.038651115362399,-7.1889755425325275,31.226922173902924,51.078464985498591
58900,-68900,2.0230549715947528,185.12627114063065,10.741950757488354,703.07632688212254,73.852830137808283,124.14444430171449,156.2145499940965,761.82630241020695,342.02710890751109,365.73589899346609,617.62653543828731,352.7196575640283,311.03848288430373,349.61091183658039,70.046903504863735,100.02527787604954,529.18140168953096,704.39078265062949,93.792104697457063,387.64985335493407,811.49472771036494,541.84303377782408,923.2102896777161,563.52660592428344,265.11447724471373,847.17270752711647,99.362671825480561,434.19512631198182,736.33871555927271,379.20739424543689,935.04970927758086,232.44392277758135,253.39632121147278,919.54222160180211,341.4638129939845,839.00455532656508,185.75358092772817,871.81943488659908,448.68646859598516,419.79971383650673,509.19916012071241,514.57707749333474,281.90840569900161,655.05340623939367,375.9592540926443,598.2115812113733,270.63539370544959,180.27106944333781,107.17521034414887,879.04177156205321,549.97801114927609,69.781792942622317,798.45059665978965,200.72836122706354,656.78919110165828,625.30899441335998,349.60339726012069,208.08385370759675,41.099472890637202,509.24452934980832,270.41445866120432,446.70137414149877,30.972007860342373,703.8823895537621,471.64000724960272,64.243151854804125,911.17687476436083,852.94126975817676,529.8499371226859,635.06610723792028,139.61136055102097,719.34017244323502,942.3589606929803,445.4451805607905,815.20278533665055,176.07959117013931,274.68712944092613,859.63615955223202,638.3461110582947,739.41381577455525,122.0198737331251,802.07238904186113,344.63509647595703,175.55073139528804,155.42458692434599,740.15331081720672,671.16255381070584,374.62461515383524,728.32821235428924,454.64047635499657,822.43192235506933,462.77681749160809,721.61229931431274,13.064137160125235,759.3239757311627,790.54535545818874,469.18174551791378,711.89161376254503,587.96000846823279,194.27945695726001,44.642966409967393,-31.32158575018947,-30.164223788373192,22.735234599959163,-35.161215561611016,49.719230770455447,-56.871725318212071,-78.245380381148337,54.430513191456235,-26.40087500662537,16.380702406037141,60.364816444532799,11.695491942487489,-43.821600695132609,26.506840719935798,-49.569887562042489,-0.9679536421695849,-10.52850813604258,67.647041214293168,-27.48523077480338,-76.676075874564901,25.28805857460571,-40.472973096097562,-84.780978343597766,-24.091423483254406,25.450306944156637,-83.619740469203776,-23.27333385268766,40.731398841820351,-51.416593023244268,-17.056437230101295,-2.6791526276020976,53.486090033737561,77.10212441638383,9.4876660851189172,-17.95889951981734,-18.668331252782203,28.793705362613803,80.612963029202064,72.122408941071569,-62.239029756231233,-73.053360058138153,46.361327368068494,9.5712029675802466,83.122992493531953,-25.778093682791123,-14.076193151718751,-8.9536849056340237,23.427743664246954,-83.147655312271752,16.385010525984576,-10.324663731788863,60.585003784758221,35.278177831279862,9.6249283732420103,14.738994633111782,16.22041326368792,-33.236208148682771,56.153695750242569,52.381717763666806,-81.541054783277986,62.472414118981057,-82.145557274189059,-46.32594531594512,33.204833844262026,-76.252366419554178,-70.839391669600403,50.577721786460963,-10.419762975796667,-68.617207007366218,-63.527873001005389,65.318255809888129,26.129029753760872,57.776498874901904,-82.819880281112376,-16.217683603311279,-9.4222954001284069,-35.444366250545784,-10.239269660018927,72.197373730245147,-0.66232037133680488,31.717129755304665,47.451066606360861,2.2333595928901104,45.456964746090044,37.482627150538029,-28.688823593729722,-27.0694793523264,31.556745918447838,-33.308123284643585,-77.343883053233512,-3.2923478132430084,-62.158903933354154,26.34532790754794,49.849663532569494,73.74668345778764,-80.509271976319482,36.8128521282202,-46.294520797527454,28.499464093064955,-81.983018381386472
38000,-66300,2.0584514443762179,561.83281684747942,4.0581717357590517,391.81645236114736,58.536801485014756,185.97144058436757,57.045392048407436,832.80972581284141,131.35579322241205,376.11663209200356,604.74438110067763,106.70364236604792,68.2454967900116,35.33386119454596,689.867579995759,110.34048059305647,570.65211036567337,714.85441250990539,69.667146896477789,387.04283868789815,800.83443785462964,519.77150650594501,937.90288969926553,605.11258726801111,262.08702975307204,844.60218087906503,147.23687678639959,447.99346984057257,857.34987448440279,776.29203803260236,955.47857925484141,248.75207719979952,785.76105859630604,346.67031090951514,859.14983676496513,811.63128275428585,499.36078598876907,587.84676466997041,486.62287457549786,459.22694704674643,513.52354357397928,819.13873907900449,690.87733325322222,528.17966145090122,257.70500949301845,595.27593078464895,277.68256069526774,181.7328931676665,324.48667219699485,169.43469433471142,577.4016619148249,34.560967190603286,813.73039050440661,189.30659296960636,629.65697456101043,621.86738847973197,336.07068196986052,192.71840175918169,64.748720829672067,501.39131062281314,664.31942605087329,429.20811398210884,745.48603090105894,672.39657420339518,248.05268231130327,126.07289782690884,652.74105821894909,934.76418649480479,543.09335772103202,641.27164592135773,163.18648737073693,727.19631881672956,532.94938347470804,538.27265649529443,814.42776048000917,523.58195033146114,18.704956921702632,822.50882936461699,159.26710875818637,655.29289874802021,675.14224203613253,839.87570095124022,294.85769848957199,292.90505902204268,184.87076877820496,838.00037497536209,633.59391901084609,430.75767584773212,749.76705267921693,456.51008376505291,442.69479221233382,454.53660496430444,722.91104130885685,23.590422707462007,817.02666741658936,810.36650825779941,450.26179132279321,724.47658724431585,588.4825020116333,229.39413349936171,50.277426850630555,-31.089169639697797,-24.540176856188438,-37.865743124102082,-37.666544643620213,50.1421238675225,-2.6426609911754149,-77.304819877652577,-49.683887513086191,-31.137979601172304,15.749384367743112,-71.501629960325104,3.8411591582343378,-43.735275589214034,21.43738689588195,-51.25728600698865,-3.6031403990703539,-11.468144818401166,65.007842739075144,66.596746228271257,0.88354106184535652,64.160731462980038,17.196735393896841,-84.649605106561182,-25.986653500096491,31.083711101258949,6.8396216617203578,-24.505452984294365,-45.13082492502685,-56.982146799241207,-17.244886105279079,-0.35242975714073899,-15.189294553845681,77.011766398962664,-36.299714208933082,1.6129972034972804,-21.121350273096116,30.597113343055348,81.129828935248526,84.748666736589911,-61.696601738836904,-76.240915834721633,-2.0241966941520513,5.1356219004965089,-19.63824955515684,-26.055608190050521,-17.166341868047354,-20.365220048324662,24.887740681254993,-73.719490082436565,17.079901028524294,-3.8561335478150358,61.06078665096463,35.737852181611409,-80.103783819981814,10.228434971639617,20.892509559820709,75.748820059501838,29.858612755974804,35.296882065842283,-77.78334147451659,62.939204697943417,50.465340755310194,-49.646919008359959,35.60303785587805,-78.062460939801539,-32.422606716608584,75.989284683746149,36.949026656557493,-68.585586526920167,2.3014834834990268,50.391349424268341,-47.073348096780194,-24.616980931251803,-84.871038642767559,-15.902392156585638,-7.6437127695490492,-37.106984522177228,-3.9231160649974299,81.705760100644227,28.56304282864323,30.442293867002931,75.503844342607152,-29.437279096312025,36.564117071800517,37.701128402467134,-34.995555507761686,-43.128736278084148,69.447835315007453,-24.771761338778486,-72.265013938967968,-4.7891481097818849,37.559575493819167,-9.7419077102724643,48.73155361307019,81.067243331608694,-80.717244128693807,37.0217445430347,-8.4952081313484236,-32.33217945994032,45.391057626265308
13200,-63700,2.0165922370880982,1000,6.4519916165038751,707.18727065955159,35.787564593762994,197.25517011761306,158.94260841397485,825.13456428825839,91.497333252893753,472.64510711064622,604.89931987395573,382.7216423520785,77.763807651601866,14.648916098796605,330.48699240156361,81.680827104231824,499.7068271837727,692.9399437831014,92.023381856827783,388.92632414331865,802.24761687353862,513.93942922985593,898.71069933675028,558.49695070662688,270.69784648347627,845.1659144620819,878.146649368059,451.83601072910579,921.70675888881522,182.96174549669774,933.78440313069348,234.64392914896973,754.9092785324101,969.99590181232929,511.74339413356159,834.26322757676394,526.60139985172611,411.29320697033279,331.32107584374529,399.53049804878873,528.59661997425951,862.15739564878982,691.71480883434788,636.86198030243793,381.86441579509858,593.68794745712967,274.91485578775752,192.24836588282253,102.74070558152781,164.55900853197681,174.29586303907581,4.7954679924379739,245.91609290988225,189.5186941129729,626.8576116389163,849.06365282883701,372.78988831648292,210.50858177918278,279.2371650495827,910.00706463131235,269.86314319234197,782.17172594219471,934.32179058123415,593.00931562470521,391.62147989817629,768.80994995910078,943.23353893475587,954.43765523023364,531.77975607341261,783.15590874371651,138.36752329886457,748.66721943092296,618.77001740523951,534.66689635858677,821.36610738149363,182.62980522059127,278.13734759428888,819.59731241406382,288.54700849527751,763.62754960781524,686.26434174009592,839.12951701629652,280.1477792068988,49.981916323490864,139.79236704279299,652.38766863160072,678.56546185378375,334.24665032130679,738.25741534360509,478.92686875682671,824.37828548353104,123.33976592289974,722.34275906782386,771.41699465535419,788.99541819266415,802.90899213860826,455.89665680999315,724.47662445851006,565.93292156731991,193.22567629191431,194.00788980498658,-31.164396063569768,-37.401793314510613,-36.224763550575872,-33.976767294362624,42.097572438787545,-72.100290655982633,14.309465127008483,58.584695476333593,-26.17632180898638,-62.897857352803889,53.653313838364632,12.450316583756162,-44.081040805644179,21.601352997250473,-49.362510634638056,-4.982577432609248,-10.96325399346995,67.798520576734717,66.807702735781064,33.847582157280513,71.577989826303579,8.3239295816867802,-84.673513674438382,-55.322611436438528,29.564367022374221,-70.588855450020418,-26.456903488182551,29.545406771663718,36.656050907618294,-17.227553980131521,-0.98886050854390728,67.459752018768512,76.531660271925261,64.701124519729561,-73.841969506335545,-17.955220193166554,28.670248106537361,80.481957042510587,79.572707853700649,-58.532607617511097,59.942989326978186,2.9930498251297095,-0.66328151646078992,81.872767187301633,-49.282620479601945,-78.170472115902072,-20.120123494990857,27.792704219056638,-80.680787618400714,16.972670266285036,1.5117581645777172,58.347409429722617,33.927833771467377,-75.696606651834273,-2.1404237851124561,16.241623524000538,77.011151807240154,62.470181163372764,51.817354956810142,69.106527042232031,63.844024424529131,-38.753382616330668,-52.906726599907948,5.1287430249508272,-68.163482223147554,-72.389989919617307,80.962847024803324,-7.9362573868638755,-68.492335552064247,-57.833404012524724,63.180266684056235,20.848691030078712,70.029260813178652,-84.116542321407081,5.3430828974792783,-9.9344361060107804,-37.682723166206188,-7.380952986721157,81.959730983431768,0.64955603065081358,30.444715556705912,82.036573468077677,2.2895541608705656,-43.98008959601858,37.404462518798162,-35.926671041253016,-43.691694633118438,36.069164633839819,-32.163610142974434,-67.619695889305618,-6.2215521990046732,-57.046217955307647,24.39389590650056,49.646518400237341,-76.393952981209168,-72.929592712764702,37.019636296799092,-7.9760973120548568,-25.894395753917586,-68.102686679031095
200,-24800,2.0174053088865898,999.98063506531696,221.63029346903468,679.47321249480285,65.995546338301239,219.9708119507809,104.85799880065599,558.76311916817531,347.30270578485602,373.27098131623768,616.96159990201272,383.90378755664403,81.549540233052824,46.11618673692471,693.91731851739382,110.08177984651202,503.96617395777633,709.50357527285792,72.609993117560521,389.26711059441942,510.02719377844284,304.02649410149405,868.52013620793184,600.0388672339318,267.76346068469951,809.26187088188908,944.44402087061678,443.82320587435737,831.61826122790092,817.18066014331089,981.41828213650365,256.86596708264028,30.276294079077541,67.472247830282043,325.18288324513969,831.48144499504906,488.00903018102252,590.57827156216865,999.65917356077739,416.52425599638832,536.97943325283882,514.34028685272585,685.1167536222332,662.15776293979422,369.12316904459749,598.20758140540056,286.06556847597227,167.75961898550889,96.058890848289636,174.29074515584344,198.00032810828776,29.198793557918563,237.23968026575614,193.25194513737134,627.51169882159979,644.37759862956409,349.25799039663218,184.06181031081718,59.055542670873194,558.06220651340743,274.77552559959258,138.09073020327179,949.4265748207132,180.76606508275276,647.214809732719,51.58471045900189,573.36421023450475,914.22826604499085,516.95448658180464,772.69999255022151,138.22986948768124,739.39504266491156,632.99506361909107,458.8923459652994,813.71530579756086,582.05356868628292,14.634237942713526,780.52175560471358,280.27540444889144,659.93479111729903,90.663436325870336,799.44454111247671,281.47071849387703,772.41630305885951,187.68058646518639,281.48051526328595,677.48515427745167,374.7107657434243,733.77151018948462,480.33376455459097,826.1338885421394,121.57806128136951,720.66271169623951,41.911025300890401,782.58309775464113,672.0416989361961,103.65194368732189,724.14856188306283,586.70572485346884,228.36755169454565,33.725924697912163,-11.677946403759925,-23.807617035932033,31.482985077459173,-70.081607667285311,42.047216924997095,-57.80260372446196,-5.9257063402581736,53.767240082987776,20.304341677869839,-62.567415199379859,55.095468326527921,59.553251090605109,-42.397924268925934,22.292965560530099,-49.063337628602426,-60.831970845879923,-5.8129263673708218,64.632038860362911,68.783435977995879,-62.373592476801477,31.571570603249022,8.3251512909788605,-82.555848103176388,-55.296511697433111,33.290601165331836,-66.446195118710605,-62.127965724152219,43.493019970023838,35.670040853466155,-7.6082013994357842,-0.022061765905648345,50.103550532621924,74.906451773150266,53.797385101003769,11.070775103736402,15.717314932580727,29.221616590507487,81.119989442622028,82.480885963215641,-61.805673893043746,-54.253218734924204,2.8468911843973608,4.9857705229696645,83.318047543507433,-27.133946489795672,-54.486352120057575,-11.875517936778813,25.689021965322898,-76.699454444419018,17.127537613439308,-5.9769270343108474,57.664219500225542,-6.1235364946830302,22.919096728669874,-3.4600789510200376,16.917711693779168,85,-7.7682650485287823,37.042503780985406,-78.64212964129014,-13.278475015358428,47.04542051708728,-49.378392723530411,38.35363104830801,46.210397397722076,-72.08334463148887,-20.249915056942879,36.308060782401121,-68.582660167296723,0.69975874997247489,46.600997995454264,-33.180185650628047,65.090165440716476,-81.932439151428639,4.8468177101203684,-9.6828281819571078,-36.797520723054106,-1.9324946080457028,81.463862144982556,2.1780343147833774,31.661834135351693,75.621226875891523,-35.262672290385268,48.101678291395586,37.437988299135803,-37.5408114447984,-45.589987397317422,66.033526873239069,-28.519140680995342,-70.400732239529901,-7.0242694573861684,-62.086048548343065,77.931565246043547,49.550225398274641,82.770239811906947,-80.875018650853491,36.151544677212428,-8.285828661521208,-30.441621753437783,51.844154016660404
300,-27800,2.0178371473452836,999.98320408731877,221.54117430036439,684.70265867580667,72.52062388266323,223.37306103221744,133.38396546505675,797.12691908951524,329.54955930704426,465.10886403493589,604.91378962704005,380.63210907968318,249.16278752680265,46.041682378755482,691.30852981951705,103.91970434371197,528.08284528079184,708.04333601704798,71.365510049072427,388.88133473566484,494.68593692434212,516.18551664651977,871.72668357688735,555.45610466025391,270.82874848475348,845.36790836089085,903.3201926994991,134.61068645650801,854.48354957821846,808.01314750509243,954.59274186420498,89.029069055201347,44.43159377267817,911.30178712432996,396.73297313101301,811.85627715034923,479.62599598699728,604.10984087556881,422.37706299665768,426.02813966774471,497.28660468573116,506.76185787638252,672.79669754987333,635.8872832138436,368.29642227232335,598.2118314794244,272.63365545271904,209.74996563948324,107.37874898171353,174.29053349088278,196.81685491318592,69.294254723500586,264.89710444959542,188.97120853080187,654.53373245349587,634.07565389836793,351.59265646050801,218.11245523214674,58.925454977081387,539.75995130617389,273.81024188972725,147.88520409665688,920.85718962313445,55.584333055205974,487.36423734936534,55.81498009094333,524.72291844162964,904.05628710143196,516.98345792415546,772.71257708237954,138.23754263249927,748.58220614055847,630.72981487918321,535.85679574127118,813.7030848806063,157.99030494372514,274.66458109092554,855.78738818906072,291.23149109093293,760.52733831324338,90.668525393491265,801.67562982854952,297.13502059890209,774.87620727849946,185.72703442434729,673.1634061127221,678.89895456525608,331.92682708990566,843.89379403527232,479.0619735140055,836.63776887796746,449.17483032642883,720.24603632670471,46.583534734313119,789.63055424152446,664.75308060001191,460.97373735125439,719.24714084093137,586.67729006939817,235.85105964450372,34.690626631725195,-12.917424198688424,-23.810965086616935,-43.544713507865289,-70.914412002859237,42.04989408786421,-66.855912688826976,-9.110062566498673,55.529105550474164,32.84459835586231,-62.476072079961654,-52.030931891502121,59.153528468932514,-42.447348742234624,18.299868756009491,-50.142337008439107,-59.204985593751076,-5.6583424631982604,64.506534713115016,74.747651542323922,-62.346863433442486,25.730593949934971,8.5188001802045434,-82.559634805519494,-55.943701888483005,33.759238356734571,-82.844179884521097,-61.181156731442172,-21.504900324253516,44.277935461020618,-17.637704504936909,-2.8296208988416494,68.256791732055007,75.009584722916728,53.955375766068236,9.5759639382000827,-13.77483266696045,28.910445776655319,81.116943864873093,84.718965253592984,-58.930538806646553,-64.587952877811617,0.1544716736389562,10.385365143180458,83.327921659881298,-28.151710966873495,-56.020330411715435,64.034990965403665,23.840265868327812,-15.221013684639003,17.462071391777418,-6.3470801440601896,57.778254315884439,-6.0142346506113249,28.466801500130309,-3.457717973057151,16.07807046490619,78.316355687487629,65.620704278440371,52.03976185710011,44.181480608880825,55.38135486229973,49.918794217978672,-49.303117076568647,37.708622265759999,-74.801024822503265,-73.742066104894533,46.443035106190052,-4.3333713258540465,-68.579463239064509,0.72378615578823102,47.37906380353548,18.204709136166766,68.54614419216972,-81.936759444332694,5.2898482598558489,-8.7108916777477621,-52.029885512282512,16.213555172749757,81.481120392205796,-1.8461477641121897,32.232316352678311,22.578511775769726,3.1856910975962087,49.534187292536977,37.368301092645282,-35.215878969144612,-43.048113682452843,65.219189368169864,-28.579723119740756,-70.402127714015208,-7.0723247074822089,-61.398909876514985,84.858450067808278,53.180346540647065,80.170507246189487,-81.088862975443291,70.426513283571921,-7.2839365315517384,30.652133174104762,50.95010578466011
18500,-64300,2.0579607233796597,909.14732917448669,6.2976385296899906,342.82722853034551,56.797585047918119,796.04504682779827,138.52775898084315,497.13939057483788,335.69813647733628,469.80588680484061,604.37854660448852,369.48445621534739,157.18683165836032,96.808648365359105,329.79749543701388,80.869838376745236,620.22441248774601,521.06507096754513,75.246785880630384,386.61807571987993,848.40790460909557,507.26201702419166,909.06522135099806,566.24466365173123,262.78102484475608,845.14075050528209,873.87023585216753,112.58356859112831,24.708768023423701,787.56993920578236,999.20253511583621,178.63763259270064,781.33549614483525,936.3381775494496,304.55324198291646,848.55410753928766,520.89170123796202,412.2982514218902,984.37420610954177,416.98113065929834,458.40527511726401,874.63973924052993,680.28883988694679,665.60963287908737,344.91915888290026,593.83153575726351,278.10838612281213,191.8364487841167,98.541864012999241,164.75702199758859,190.99398058155711,36.512686219517931,752.39489579311476,190.43808359828773,656.52847491015973,633.53761101956036,364.874580149488,211.20597610918395,764.68522798844833,875.67496760955555,267.66155702355127,783.25041432433329,891.09268543839084,14.292055779033774,393.15132233391046,796.13065862470262,898.47041472634351,953.33993894916262,490.30680797066418,646.71457332824968,140.10968849609915,748.4973400671048,633.57665122640435,458.89563193761825,812.36898818131658,182.78731252817786,301.76365701962823,820.09937826345003,291.24414280137051,775.15105739416163,88.924608085740658,799.07832806721945,280.50065937954514,171.97414537963994,187.30655637381855,743.39838003387342,678.43051299896615,330.43557512637551,24.798397131679046,480.78121728739364,824.39384128207519,103.49516767664448,721.38644119048877,3.8305535856605957,749.37134712778413,802.84186599248062,418.92687143196747,724.48684728288163,547.82039150703577,193.78536512553839,194.96385862301037,-31.390227104885636,-37.714643137270855,-36.121640677680325,-34.272897263535626,42.146166205141114,-0.083821106964677483,23.33268439872009,50.302517121102021,22.782098361379727,-62.991638847437862,49.795122541626924,12.03855878619675,-43.717523293653016,19.452482775317407,-49.322656073001717,-1.0297748296768501,-10.963600529389051,67.833463978830054,-39.386428000272275,-60.611851908565569,29.275894549219732,6.3872309311552407,-84.854658734987538,-55.441637683683936,29.664563404489755,-74.473691461976415,-64.44874427499316,29.246489477439383,-51.053757520516463,-17.600782955050573,0.062707093924119439,67.513154711459691,76.510149136837711,64.738358634349936,-75.96394324706138,-17.828170705019993,22.147921398389947,80.596460459059003,85,-58.440669006291216,60.850687999167853,0.37307235131831362,4.4661328931969813,78.114315000986437,-24.594378212038748,-75.878351264045165,-10.67571742110341,28.046076093766231,-79.149498021551921,16.974107447640083,3.3045086853355237,58.299183014537192,34.944592087965638,-76.923503708189969,-1.1175671100794604,16.829683426137951,74.083327074103082,-7.9480747074447358,53.823091064116667,66.411517238092983,-14.432813742694471,-41.440818311338866,-53.101356372744242,6.7857039581032152,-66.160302584022716,-71.885712190601765,80.899709678483617,39.666726349051906,-68.483161139949516,2.0490781775319262,63.182624922733879,-66.323858266843231,9.1201709470759695,-84.114968091831471,5.4091912969642637,-8.5033628084380251,-35.864058319751905,17.321085148912491,81.264082068648122,0.69328671906328232,30.795086704133741,81.698389986207644,-33.532333022378936,-43.786286323362688,37.414199010509137,-38.671507745953555,-27.336306856257348,67.027958281348745,-31.465182248824682,-67.634945364009909,-4.5076492340502003,-61.065431575983069,29.823403381831419,48.895579293429542,74.756402581203417,-72.619227189615415,37.023922590371143,37.711527861677439,-28.872216561819464,49.422659741380102
63000,-69300,2.017192063220802,120.61398204635441,8.5126584628522437,315.76082693806654,72.553498628496115,220.24742397884503,133.23627130748457,767.14688344108083,312.88911411744107,373.17597589495807,618.37773076327619,376.82919738292651,47.839131954701642,253.92259367947423,305.81295802170757,322.8185996780748,503.31311886844793,709.47171152749786,75.024006664675028,395.95553339593692,809.90801238035056,308.482812151666,872.8873990982778,546.15312282878688,261.71423733924479,867.73874449723996,631.07163678552513,431.3825151642942,982.67701913879887,815.3650164084695,75.505598846049679,683.55103099701648,809.64297404962076,970.04076760221778,807.93664417516402,832.82338547568429,544.83534395867218,582.09003674686062,425.26555325272705,425.95829541122805,551.40999989875263,871.06440124062442,677.81150806095047,636.9720195469373,366.47480900759211,595.39482540013546,283.80732855975629,210.41787892035788,110.41488617907576,172.49383178255121,181.46460010529677,30.215345711183875,224.8318444680624,193.52724724719366,652.54676895394857,641.44632633626327,665.28107663730793,188.663126016825,830.94565731944931,895.6522669134705,273.65524901634484,709.26058629946874,9.3932462687947123,582.47040035932912,256.98910454898896,130.23282655830405,889.01034358711399,918.06702080451635,487.25116824888767,769.17937154213689,139.45911388594922,753.24593003490554,927.10682893473859,451.63957618385825,812.89853119621444,159.75748795519061,15.969786844444371,855.95468214277764,131.25603196836067,772.9044444781623,103.34157822837672,801.67133522827885,276.94613094082376,169.5271339532311,186.41005105295162,756.64152282148564,677.42681442770674,373.73973560921951,96.808401940082206,458.16238548250601,338.84212466622421,454.14722360234691,725.55373262951048,14.059027274030756,757.73597704858889,657.86417622884744,158.82034841157767,711.81976659969746,567.71274035861063,204.95768118925747,35.333454702454944,-30.978937400509707,-39.906706264885301,-36.275451145413619,-33.928248994458066,42.064987161381104,5.2500916964468232,-2.398164130038964,53.681094917982485,33.326063122890346,11.097647450295749,54.788643500192698,60.302183917469492,-43.874978884340713,18.233128385520278,-49.709904764113773,-4.6762519468181702,-5.7442238448784551,64.467077884926326,72.407558937907012,27.830688044503205,-62.048638382637904,-44.967998343271461,31.229612550402866,-55.32159876675852,34.626741611525631,-66.133502152575701,-69.393688227055208,-32.170242057461181,-54.255731249304056,-17.642607685272186,-2.9661985206717514,-16.17722079560146,76.621945436554185,4.0862838600837925,-75.790593137431586,-14.426482786590583,-6.4342850368392099,81.14005125729139,82.446013368774558,-61.783494871023635,-75.383284161976746,42.562462803138033,4.8749512842503737,83.270052948415497,-26.041953855109874,-54.299991404075449,-17.35785279830527,28.989722283503916,-14.114544418671652,17.114220478675257,-2.438169662671287,61.602407800805594,40.348915653913032,16.178699697469558,-2.8001606270807455,20.846464667662797,72.261189862734909,-8.4804119484766805,53.405843863318481,-78.597742066940086,-13.906018886658739,-79.499325319995918,-48.898351972955098,82.197653814333762,-74.58054323746282,-74.068449352650219,44.487122085757861,37.370556546177703,-68.625037707075293,0.76139460661747194,64.465044140515687,24.450000662997279,15.853603716210454,-81.571704774575181,4.3615021803042389,-9.6520566995049037,-36.69175123880823,-4.0873856116831311,81.506996930944666,0.18552708499287762,31.667726560707518,80.66447073196862,-34.876516516221713,-42.684694698176713,41.002990892253493,-35.267872777645749,-27.423545377826105,65.975523510717963,-28.587650193998403,-74.521560027974431,-4.1451449185151947,-68.363880285867481,28.23974011671125,48.611735984438795,82.902618611554615,-81.093677733376822,35.924035090709225,-2.6992915129562398,31.224115246275169,49.914973654370257
12100,-63400,2.0222200061802127,1000,23.878638923300656,304.596475055734,65.823466637484671,816.60448656948847,107.93293646103575,755.00529065259889,103.97898637591187,374.14517584485975,602.51583478653492,376.69511459773992,281.18627324419884,323.51136491105365,264.96619233257337,109.36396771003628,508.84892310033518,535.40745761115784,91.057340951021104,389.25082568582951,500.81709484896987,545.47135578071766,909.17915887307333,565.64458210119483,266.68597050169751,872.19250414645035,85.244226174190302,79.711853658158475,826.06844793344408,694.89297961160128,998.68088057049476,258.10451493453661,693.51446018023182,803.17130214947656,284.97032599919874,816.62144686455099,939.9179240119571,915.55635327204038,936.6035034440356,410.97762467460973,509.21593488456847,811.55849419931371,219.24052093153685,629.76023369132179,389.27226427500727,597.11369407874099,274.70658248497375,231.18646225177523,333.14734443301592,170.4913850109503,527.25293764215724,45.078600346673923,673.15692016415153,198.44331248865089,627.66362556717957,870.29707506670968,350.6367445865182,210.29615037034182,905.15231851795477,891.32349110817552,274.94783187438594,772.0946487910212,3.2733059858416595,53.060913793386803,677.51640696860022,28.314455669146071,822.77479423654654,913.02389219068573,486.7673461308886,650.47367839624735,138.23129089498281,735.38986371153544,910.42533015045058,543.2597218338102,826.6225363316513,553.19283721368993,13.833706065611636,799.10722994360458,290.1097796444451,642.14182104355359,80.091822570127206,801.75921649619386,43.294495720350092,42.675612543603748,189.10922089507017,740.31305791660793,667.91138327656347,425.19900848390125,118.91724890504037,457.22760793526123,826.22882687834965,484.9831337939529,780.71852615728642,16.398886032039798,792.19453668260371,665.33154969404995,447.22876596991603,723.62297350196866,580.07102474594376,192.89151204854352,49.81963964726021,-31.157610597971395,-38.99575883924139,-33.747018558178119,-34.084213099649865,42.190565801681323,-67.104136048269353,19.047455604840014,-19.239411294071179,27.315255925593398,-78.048605766314012,-49.409442071071915,64.862100891419615,-43.909039903630735,21.635568023337875,-3.1650417998719718,-69.633466993851385,31.914040960689277,64.763204411522324,-38.578476892467265,34.031340067383169,25.661708891200881,12.782580238548505,-81.61899500279678,-26.555140178327786,29.06340072631647,-80.099742500491018,43.274990247748363,29.615133178836693,-61.261652421753148,-16.337091866770415,-2.2710423459131497,59.327356602676502,76.6239497165665,55.018999226481078,-80.079777800423173,17.419550547975845,28.240243639818157,80.748916377484193,82.123192032019773,-60.961235758104749,54.838943006145072,44.245138827213935,5.196250850656245,-17.900062478245996,-27.016531397395088,-77.957944944775733,-10.69386882626632,26.711883692517123,-15.576380770990575,17.135300583091734,-6.6289728864079329,60.916631874982748,34.99727404931285,16.574398056292086,-0.51894823395164646,21.460092568812961,75.632615266409772,57.362092670979109,52.399122578897035,-77.367088827796792,60.554867152519911,-36.767715319124598,-49.665861445692087,39.184010875214966,-82.070009454527181,-66.492293986598852,44.788989833371993,41.391701813725803,-68.620039828488956,-1.1436929416604771,46.848956305337104,25.908164784669285,-25.769467001584616,-81.997382154841191,5.1950257324362745,-7.3451901206252774,-37.810714970610235,-1.3617204789859731,81.21112753157027,34.539086440985415,29.985788702823896,28.300368546554818,-2.9642387480820389,-46.029954979003556,39.614624136964849,-36.198469004654903,-44.417409667623666,67.115792973757962,-30.667282443240477,-69.900245618972235,-4.3034294255773258,-69.702191158695811,33.264353445234576,51.294282270865381,85,-82.449947571644799,37.002500536387977,39.431110348170883,-24.42389361451243,38.546129630993356
1400,-45800,2.0206825076996058,999.76941768670804,193.25677964582292,394.89470358462108,58.787015980197573,188.10125900056215,135.62976509923101,825.61607360697428,353.36713302404149,467.44595019556152,602.05575954751066,344.35180908021169,66.960836352717124,30.885203216923742,627.97221595008307,109.67553294436613,500.16472806371144,710.17522899448193,93.197116433942725,383.33669848267033,800.76139423022778,325.17984257950286,874.40672492434294,564.94035016856628,270.51056156386784,871.25440977832272,994.70379526884767,434.37736866991992,873.68087030749416,777.07295534503828,978.14893077062811,233.09071794621016,787.31263030814318,846.71571939660407,335.00641476369714,827.80160246960406,499.91363845752795,602.18251180399534,383.49636105004106,415.64818948537402,533.51394307510429,819.17112810517813,697.36844967338266,661.29978415020105,375.09052631489419,598.14280853403727,266.78220329977529,195.69494058213036,322.83988607690793,165.39461758231917,162.18284030750229,34.401600547415654,825.1839666850608,191.26666448113568,629.29860074611554,634.67693996569483,351.93266719524848,199.14866186120415,50.604769122703132,525.38192486556579,244.98807035912532,381.45817162727559,749.78889876489541,599.84522443714832,471.75848053294982,79.874955885934597,911.01257180327229,804.66871875415745,543.2183447355028,775.79847740990613,139.463865385427,726.20493996081063,533.66480658049113,56.276693286013824,814.60666720255199,510.13053544475531,297.90175048972088,854.453247908393,289.38778042235134,764.39606172535548,684.60475691815384,801.94836253136941,421.35374191198457,181.01590748633322,185.00175056012213,733.27537642550681,678.7742295424946,374.72140989643816,732.47352281398173,478.16571151250986,824.70124093871766,147.79757797326124,724.73162668469388,765.49372038724641,361.71778790548763,662.59100489669015,456.28305614635252,710.2970426603755,588.34890834111434,228.14962863868416,44.881212432287448,-21.181896575214459,-29.420428178434548,-37.862916558001295,-37.829984035202685,41.889195706539027,-1.2542338740242347,-79.499050653058973,56.285897272475637,33.866942498570097,-61.864211641451263,-70.451208281707707,3.9128454066329077,-42.503919558001115,26.345030546214673,-49.957152902912789,-9.6780735368414437,-9.3617879660394223,67.596311581120176,71.636257240064808,-77.694244933144006,25.637864016231216,-44.503452682157736,-74.913893880623277,-25.84769929981362,56.772659240289933,-70.803217263685355,-69.336299469390099,31.18283228193625,35.388245374288722,-16.918622876644388,-2.7477689594589112,54.229989309139924,76.462161200879294,49.394490712892647,-61.985959066137539,-18.175284617162191,30.611049642864092,81.129703102272146,84.886112555199432,-58.145166384002906,-64.489831977674513,50.450709746205476,-0.41464724098484185,81.670160794934759,-27.766067586667184,-55.74533486900151,-19.699223161507177,23.248902885847869,-83.565559800318781,16.840376473430339,35.560946505596071,60.430130336427318,33.136916581529711,-74.64868850527067,-3.3752427712356528,20.91111370658901,75.662217702741074,-3.3538453030685851,59.51898990215841,-77.707904343269178,62.941578753839146,-80.590929499999078,-44.827984518190384,37.850813840694528,61.430607278630241,-29.225213595016616,40.476864670568645,-9.2656029893230922,-68.584410782864111,-0.42332806210177765,45.652467109739575,25.065143768092142,68.689466563804288,-84.880532164776184,5.02867541437233,-7.7030447231035826,-35.867056746538104,-9.2353001233846186,81.544915659951826,-1.0938546757664924,30.483499816321405,49.57253011326226,-4.5258556292781762,31.741192672032298,37.634693799599226,-34.988457974479708,-43.751583870763405,65.685934895887627,-25.34488258367421,-66.292255419828479,-39.437266703080283,47.320394515168779,23.200062035983446,53.82207153686241,81.034369549744156,-72.76761923910469,36.966231333838145,-8.2377036088329003,-30.044511879035028,44.251535022109266
600,-33700,2.0177864547168647,999.98221661931996,223.32972378997877,693.36253007122878,72.461373655696661,22.644404323985995,134.39143535335921,756.47548224038519,324.93680146456649,377.0397610715986,605.46282252359265,102.90342434866099,283.87883912186709,0.010321683983370633,699.11027559028514,82.814886784018114,528.1915180190191,701.42832547971648,72.146553656775367,388.9642155863105,843.57312242157741,526.19682445527519,864.10135241561909,603.1453567285331,267.32870783214383,845.35165174626945,904.34808169315454,112.55639655650714,906.92440965522621,863.36897363644016,982.46848106231721,280.33994558747224,35.516464432458285,881.62950681813118,606.40113232444844,815.11881930646609,498.75235679267485,598.1192023368958,424.62742223906184,412.60116263731101,539.15954136195967,814.40860412601478,668.44990199914821,668.91024031226209,698.84130898068838,597.71694728485409,286.45465136858638,210.069551985164,38.629788098032208,174.39592353821035,167.41383537663518,36.356492395928619,920.90667994765181,196.46474534219951,656.25569256661163,634.45888844537694,351.60646193776319,232.92276641973973,287.8358925806333,959.75354770570982,274.8091542913412,434.44359151677713,928.83032378424241,544.09844768406469,383.21190416777347,120.9095717180891,909.32100166595478,835.57288151041405,517.6905403965601,774.14689606617105,290.97882633161652,748.57767583342104,659.80034235154324,532.00653619541913,814.87349821158557,156.11359752779532,264.48997277034437,852.54776243211484,298.53297061780984,759.62125801439458,147.20872050737393,801.57781113910482,425.59915203226456,812.9042036971905,185.83394557609083,741.40337133765195,677.3863811696699,380.70312651347075,834.58644098553407,480.33596076324483,824.93749427915907,121.27846120125565,736.99176534634103,12.722630376803179,378.365866800248,800.91653415686164,167.03588040680211,712.04276081779949,587.21784025391389,193.72876939608986,45.779533923062303,-15.996317959513325,-23.992841063019398,-26.51704961607189,-70.258167168669488,42.113075839021015,-67.688046112901816,-79.481543898432022,50.487951302089819,26.514226805392489,-61.252490575415635,51.034335121595007,58.873218970945899,-42.423346101802018,18.145440485120115,-71.694968707383794,-3.7353023525236537,-3.0836728963022919,67.727237132110858,66.242309341668047,-74.605655657312482,68.07588715932549,8.3900870604076641,-82.659235022388216,-30.863305930783159,30.036590808046686,-69.645475625836383,-26.354225322608041,-20.992516339848002,43.615895194278494,-17.475778880596145,-2.6635565532431431,60.9993122869705,76.514817145294785,52.226694480607406,6.418496610454234,-17.11104267232507,29.036450969679908,84.63437581393346,85,-60.153630703482214,-54.93465554534697,45.581478861837219,10.066876642354813,84.990674040100615,-27.632681022247937,-71.74489956620026,-6.4130913800020393,24.054495378674467,-73.013016377894203,15.275102283603566,34.386440518823427,61.103302306343267,-9.0165870061013198,28.849790169449342,-2.1780917045547286,20.836987749396478,-15.509349778300887,67.091064710349954,52.754225165275031,-81.636927442962786,55.568066252962225,-82.552740219453881,-49.189039884153509,38.095962203360862,-70.598544966946307,-74.018996553457285,42.258919701644565,-4.1257162636522295,-68.618102186244755,1.0235435909868007,49.143128002675454,25.227048634347575,65.230129863964933,-83.896680969854614,-0.26961229592019986,-8.6747012480459347,-36.714973445577776,-3.1484711636517009,81.805506653763416,13.728581106723208,29.064707250649924,23.87659609827783,-0.51734667451068617,-44.402337443372488,38.729953294454894,-37.713803811669024,-43.372316999314812,71.755669041571593,-34.303428278128862,-74.381558272727716,-4.4131343034757293,24.662499300486484,30.364505071997588,49.37603119231801,85,-73.37704330975312,71.172654343518587,46.19932553520421,31.936295408427632,-84.830958528513989
1900,-49600,2.0182831794227098,999.99955181614303,193.29519089748143,694.74029629477866,74.574753419780919,189.87945900396568,136.30913734868213,784.22895020250178,42.138433265772818,372.99503639260047,603.10770783689566,368.68467460809637,57.937184238693639,257.93920987355955,700.76306736287461,112.78730398189275,527.24654232825526,738.29980837639368,92.5289861860402,394.20764785725027,500.39810404138393,320.95913931719593,936.37972711399209,602.63534139262197,271.03619985355482,871.69160047604896,946.1153930263846,74.268179673732448,55.583886036722618,691.02366256142045,976.44452257567605,455.12888060342993,771.49624221404997,850.42010753513478,318.75140843312619,813.12564537318565,976.1932263784023,624.11589249090957,412.07667446361847,414.98700004011465,534.63251892323228,518.23253854855955,672.11221362820152,644.95760684709376,768.60398599196742,596.95207960734569,278.48304412127749,211.37338561918452,105.02662098899344,164.7709707600562,199.56042974313951,28.830423260274141,252.90280550192873,196.63246096557774,627.46408519276974,634.64049241200564,348.90456947330046,183.33471555601801,946.69853120275138,540.89667793374497,251.00028815214736,493.00171767874252,12.475321042140649,653.91132137656473,404.07760150976452,19.358164455607053,816.0051880464639,30.836276621231775,543.24549759812101,624.02057443526996,132.68383070787749,753.63677375599866,962.04618967116323,457.78778578216327,823.64790813883178,166.17303820057109,22.07121320738662,853.72364189121072,299.8568213244364,758.30008628907751,680.53561062569349,801.76170234909569,309.03087977826942,769.30069373084939,185.57689453634356,329.61033731590834,671.30025006729363,330.61976303907323,841.49476399176831,457.35690132718196,856.06790524431869,118.240388706673,721.30930218210176,10.289821130798725,700.02444261154983,659.27727374860615,455.74366559337136,715.5870924487042,587.13414297549741,228.15069431085263,82.528593135058557,-22.888451592528323,-29.213161548633323,-37.041905020179982,-34.974675769062465,41.888808679466919,13.704000331731645,-81.778882351838433,51.79771007123972,24.396140957835211,-77.571146356030113,63.669114682223444,67.00759029760556,-43.888387526940036,18.636682495569669,-50.476455418138144,-59.75199098397912,-10.419881708618995,64.417737010613266,-34.665606663342984,33.493309140186405,-33.495220957214357,16.944480389964667,-79.457631243889566,-27.308421182231662,62.846948015037825,-66.939780249398723,-26.47574363877327,-34.182457196001124,-65.653563494298993,-17.126808360503766,-0.63577872039425587,-10.832730549999248,74.894003459438423,49.46918289364622,-72.105279278681181,-17.976082096878777,28.876880663822462,80.730676791071886,84.809060127587472,-61.606901081923084,-57.754979783082973,2.0422405599427975,4.6249801969828273,75.054089911432584,-27.51324172162456,-8.4169090765573031,-16.862486048298216,-43.934422556291871,-81.88959024124955,-19.569324921037975,30.639731283421753,61.016651976922574,37.303565481591491,24.26550025011781,-2.7404581849420504,16.791754638192888,79.743830577844903,-5.0594092523314913,51.1497644765413,-63.353336943662164,75.363105116194191,-39.058856960109843,-43.616890436055506,30.770057373761489,-75.722883795297108,-16.213729920208579,49.458655700152718,34.683459309441474,-68.581467489718747,-63.475966462632101,64.158868731428214,23.955925887113388,9.7002152300048596,-83.909983272336845,5.1104528503142719,-9.7063786273516826,-36.745167560300096,-6.7142700554165149,81.585230488878878,15.618219320424911,28.979473922790906,73.9350582898022,-33.31040511827031,-52.775963013473159,39.454404842050145,-37.499745982841205,-27.230986131067525,72.992213479790763,-26.484211135927495,-70.555783046085921,-6.7376124171034224,-65.311539503191483,77.38757246855306,49.629954177300029,76.53413967958943,-80.804123996467979,36.07530765954958,36.258054474759973,-34.6009147464395,52.940156782791206
66100,-69400,2.0526187480036224,60.072982557525421,7.0576509185426035,362.05235434384042,60.756928189627843,187.20043619356997,135.21631009446381,214.40682893934837,351.52292043171229,385.79548618267557,604.6081435981672,361.3358558200589,140.89888224658893,122.6577985365258,709.08899823197567,73.323342087261295,589.44436671070059,525.82301398068205,64.963408901189325,382.95242786439326,803.10953057292033,527.36511519812359,937.01826259610459,562.24490456607123,267.46192284972506,845.48947220450157,923.45881138988352,444.29098227759727,60.543601711962197,850.34252230630705,1000,239.20423050379543,790.48595159211277,361.0115140849249,332.81157373032613,819.46775180501481,582.41012612654697,880.48495036059057,989.3432936098593,467.74945721104484,454.22571569614217,827.43273221501011,692.54793242431424,637.41786108004385,378.46263704268972,594.01133669451053,279.14728059059274,94.11016945043221,310.88651779387561,164.21926949455306,577.49799318921498,38.456546239592029,194.89857429551023,192.78062453545806,663.78642012496368,817.77949016006596,346.07832386916766,213.40392031851908,901.03805354040946,901.83632159334616,243.96006872631165,381.83923930345082,745.04057285677993,590.75092759409108,458.19502387336297,76.722749279371214,830.6411125761083,64.050833085329856,542.81456066129635,771.59662209579847,139.82649383239516,727.1908035105439,538.39584221460802,62.252736058352696,815.73222201857402,575.47367378755916,18.78813067270309,801.66496677123359,279.11046531020679,655.69643741740686,613.08719799981338,800.21145171208263,303.12840391926261,286.19580872482305,184.94885842924089,734.34912789706902,678.33160662047817,434.97410679354476,734.39558668774146,457.51534657868842,824.94282610775554,126.4076739319832,741.27656575198068,0.76950351168567721,760.09874025593911,812.21684774179596,408.71606138672172,725.2912384456364,588.60948069042502,227.90586165549468,50.354328957618065,-30.919417311981686,-25.635743332190177,-36.202878572353974,-37.586423402455551,42.012253288858759,-64.903500826504455,-79.838899048961665,56.367937277112958,20.260976549796332,-60.37500137321323,-71.414457535331792,10.270518299189524,-43.993269965378829,21.746756062317491,-52.321316924654845,-3.30293724541092,-11.383465078752359,64.477134903445474,71.934382424141745,-77.773186447397393,62.278721588323933,-44.435306890436628,49.137967321694063,-52.422271204811317,33.54611891184971,4.7158259235207396,-71.148182183875946,40.437775130673685,36.93794597745994,-15.620387807135907,-0.4128446330824409,59.581315754964244,74.983995360415989,49.993350347626084,6.3555207617193155,-12.894498317097071,23.618371441945257,80.387230362108482,85,-61.879037121792592,-63.830389482392071,-1.445216092231739,5.8241020959766878,82.727558568444181,-49.957966165610991,-56.070449167755541,49.465529219872721,22.974051416871092,-72.68194924905751,14.694197255579418,-4.1441100548232157,61.059328824351624,33.14272562940257,20.316345310919061,-3.3897491748213118,20.944122264947566,80.986079813695511,30.423077163839324,35.008024658132939,-79.341520302166387,-25.045645131286118,51.902011229963946,-49.175305767652503,42.939227337572611,-72.580981369343633,-66.245298010947863,51.329055885297571,36.75683939517338,-68.583620183257324,1.867000502796258,47.954995042962118,21.191738770895061,68.830701336452506,-84.902951761293437,-16.717137707537702,-7.6303625023703825,-34.2823248792009,17.028239277619548,81.537311946067433,-1.0943098113911445,29.624396939406907,29.567978211035207,-2.2137334914082629,33.06279260198724,37.641303241241268,-35.048783612873841,-26.21239071181558,71.930478567205881,-26.264640028323601,-66.160068763528272,-4.1041920366971949,-58.574974112458591,23.946707595526302,48.866485280100513,82.336042442659462,-72.946087066719031,36.969830296071244,-10.351396832892416,-31.815189273924389,44.28748562073141
31200,-65400,2.0565086349333033,664.71541379769656,27.049408969193557,358.52701190793971,72.837671959886109,235.93733487208576,136.16106279283443,771.72061498101743,91.36494672799931,368.85242863074961,618.19573476397011,367.6366536761526,141.74822594911296,292.08520621918183,282.54880064762392,79.242437389432837,620.30726604106735,702.31952470814804,92.796968159065827,387.00254443455759,809.06649132879829,507.40929091852422,922.75947307533681,565.34779439769272,262.84590940082495,845.0517258160188,617.89474336878527,468.94254981057884,71.661764681004911,820.8655120407509,940.9128843182483,231.28301275539567,47.168930371460419,938.28987546157862,829.97340417924124,834.37671877168407,544.56147031646208,853.15354686856028,961.89139265654069,466.36704693859053,664.58599011220701,879.47891990832375,292.07550179273642,659.44935138654159,372.58059580090719,593.35909254674436,277.52949473505987,192.4705055316918,354.92047328794087,175.85093622501532,121.79908336107965,72.207169480056436,753.48424102230808,193.0369836743792,626.35987190203446,639.66570303878734,374.609663882902,221.82309469946168,920.68289913452008,933.80616052458993,271.91350120347892,458.59962997927607,753.40896783843027,12.102145697747194,464.95239734480236,801.32881376610499,884.35213728760425,923.70888029779871,541.90872658962712,640.52037637506191,154.28035337004076,747.12991330441207,926.44043605155457,464.57802819781091,812.27331481329531,200.08464443753005,286.28003487903533,860.10972486164246,318.2461885715245,649.51511007597833,112.27573298589374,802.0290144468546,9.7383806566660667,174.78949955443539,222.85525130584747,722.925392211705,680.2322498495455,375.11477877294391,733.22902423868004,454.01333278158245,824.36523641033898,427.07511468237868,739.55075072116574,4.8805606543208668,872.25093510930208,799.96267649143476,43.639927014559191,719.18537265884629,587.66813199702676,193.01186562861665,206.59687226967282,-31.134579706181206,-39.570381706494508,-35.493703211812473,-35.007298941529555,49.763679870622553,-68.270524771175502,-74.847825615895871,-16.821792102356245,30.744251757895178,-66.229332212627668,65.491047348191401,8.5563412607767475,-43.042422034773175,18.96987382999842,-51.506675659651293,-0.89807011526719549,-12.586235086216417,67.568300723981281,-25.137590914012442,38.617969143271544,25.444856857794619,-44.740100156259828,-77.411189949318356,-54.307407106472333,28.022191437164871,-74.495118193808707,-24.946939887979251,46.649310938091133,-51.529087191480578,-16.854097145109986,-3.4964405424972025,62.729210338669269,74.994791596609403,-8.4717142051307732,-79.958816465552005,-13.963300384318719,28.314322486323679,82.611223540991659,79.510524732902766,-60.62104173195543,-83.785394841496711,44.815150900446987,12.189412448207914,-20.719237443406694,-25.915557437464233,-75.593784971647096,-5.9210226907044099,19.232664945237854,-83.075502979138705,16.881427993575098,23.8485321578803,60.55308333825846,39.371776239942008,19.657421540937953,14.875334635128542,20.821764651132462,68.609774476478691,56.833167103481706,52.413022230384485,-80.909004892912947,-10.536059457138556,-74.712709342158931,-45.570583759084833,32.529809366906576,57.453867177883012,-10.886322292705923,66.981524716472265,37.01533122789067,-68.598353534830892,-57.100998840681925,-15.549347107244579,23.238716406147333,62.13441108601296,-84.097898036711797,-23.087287316417829,-8.2741235555222179,-36.60693556133954,16.890466533688311,83.731704434336379,-1.1777364202778262,29.918249404498042,85,-28.237966175086466,46.258009931865281,37.490436729164884,-29.019865977191039,-29.613543304305942,67.595815170673717,-25.500169341169745,-70.103628290570612,-6.5196037986694968,-56.367397671102637,29.550987675505691,53.260357327273177,73.186038804534348,-78.685777779559956,36.997544990765363,-13.216030257513422,-29.311417687787433,-75.759073957843611
1900,-49600,2.0182831794227098,999.99955181614303,193.29519089748143,694.74029629477866,74.574753419780919,189.87945900396568,136.30913734868213,784.22895020250178,42.138433265772818,372.99503639260047,603.10770783689566,368.68467460809637,57.937184238693639,257.93920987355955,700.76306736287461,112.78730398189275,527.24654232825526,738.29980837639368,92.5289861860402,394.20764785725027,500.39810404138393,320.95913931719593,936.37972711399209,602.63534139262197,271.03619985355482,871.69160047604896,946.1153930263846,74.268179673732448,55.583886036722618,691.02366256142045,976.44452257567605,455.12888060342993,771.49624221404997,850.42010753513478,318.75140843312619,813.12564537318565,976.1932263784023,624.11589249090957,412.07667446361847,414.98700004011465,534.63251892323228,518.23253854855955,672.11221362820152,644.95760684709376,768.60398599196742,596.95207960734569,278.48304412127749,211.37338561918452,105.02662098899344,164.7709707600562,199.56042974313951,28.830423260274141,252.90280550192873,196.63246096557774,627.46408519276974,634.64049241200564,348.90456947330046,183.33471555601801,946.69853120275138,540.89667793374497,251.00028815214736,493.00171767874252,12.475321042140649,653.91132137656473,404.07760150976452,19.358164455607053,816.0051880464639,30.836276621231775,543.24549759812101,624.02057443526996,132.68383070787749,753.63677375599866,962.04618967116323,457.78778578216327,823.64790813883178,166.17303820057109,22.07121320738662,853.72364189121072,299.8568213244364,758.30008628907751,680.53561062569349,801.76170234909569,309.03087977826942,769.30069373084939,185.57689453634356,329.61033731590834,671.30025006729363,330.61976303907323,841.49476399176831,457.35690132718196,856.06790524431869,118.240388706673,721.30930218210176,10.289821130798725,700.02444261154983,659.27727374860615,455.74366559337136,715.5870924487042,587.13414297549741,228.15069431085263,82.528593135058557,-22.888451592528323,-29.213161548633323,-37.041905020179982,-34.974675769062465,41.888808679466919,13.704000331731645,-81.778882351838433,51.79771007123972,24.396140957835211,-77.571146356030113,63.669114682223444,67.00759029760556,-43.888387526940036,18.636682495569669,-50.476455418138144,-59.75199098397912,-10.419881708618995,64.417737010613266,-34.665606663342984,33.493309140186405,-33.495220957214357,16.944480389964667,-79.457631243889566,-27.308421182231662,61.239126117662146,-66.939780249398723,-26.47574363877327,-34.182457196001124,-65.653563494298993,-17.126808360503766,-0.63577872039425587,-10.832730549999248,74.894003459438423,49.46918289364622,-72.105279278681181,-17.976082096878777,28.876880663822462,80.730676791071886,84.809060127587472,-61.606901081923084,-57.754979783082973,2.0422405599427975,4.6249801969828273,75.054089911432584,-27.51324172162456,-8.4169090765573031,-16.862486048298216,-43.934422556291871,-81.88959024124955,-19.569324921037975,30.639731283421753,61.016651976922574,37.303565481591491,24.26550025011781,-2.7404581849420504,16.791754638192888,79.743830577844903,-5.0594092523314913,51.1497644765413,-63.353336943662164,75.363105116194191,-39.058856960109843,-43.616890436055506,30.770057373761489,-75.722883795297108,-16.213729920208579,49.458655700152718,34.683459309441474,-68.581467489718747,-63.475966462632101,64.158868731428214,23.955925887113388,9.7002152300048596,-83.909983272336845,5.1104528503142719,-9.7063786273516826,-36.745167560300096,-6.7142700554165149,81.585230488878878,15.618219320424911,28.979473922790906,73.9350582898022,-33.31040511827031,-52.775963013473159,39.454404842050145,-37.499745982841205,-27.230986131067525,72.992213479790763,-26.484211135927495,-70.555783046085921,-6.7376124171034224,-65.311539503191483,77.38757246855306,49.629954177300029,76.53413967958943,-80.804123996467979,36.07530765954958,36.258054474759973,-34.6009147464395,47.895780002890618
63000,-69300,2.017192063220802,120.61398204635441,8.5126584628522437,315.76082693806654,72.553498628496115,220.24742397884503,133.23627130748457,767.14688344108083,312.88911411744107,373.17597589495807,618.37773076327619,376.82919738292651,47.839131954701642,253.92259367947423,305.81295802170757,322.8185996780748,503.31311886844793,709.47171152749786,75.024006664675028,395.95553339593692,809.90801238035056,308.482812151666,872.8873990982778,546.15312282878688,261.71423733924479,867.73874449723996,631.07163678552513,431.3825151642942,982.67701913879887,815.3650164084695,75.505598846049679,683.55103099701648,809.64297404962076,970.04076760221778,807.93664417516402,832.82338547568429,544.83534395867218,582.09003674686062,425.26555325272705,425.95829541122805,551.40999989875263,871.06440124062442,677.81150806095047,636.9720195469373,366.47480900759211,595.39482540013546,283.80732855975629,210.41787892035788,110.41488617907576,172.49383178255121,181.46460010529677,30.215345711183875,224.8318444680624,193.52724724719366,652.54676895394857,641.44632633626327,665.28107663730793,188.663126016825,830.94565731944931,895.6522669134705,273.65524901634484,709.26058629946874,9.3932462687947123,582.47040035932912,256.98910454898896,130.23282655830405,889.01034358711399,918.06702080451635,487.25116824888767,769.17937154213689,139.45911388594922,753.24593003490554,927.10682893473859,451.63957618385825,812.89853119621444,159.75748795519061,15.969786844444371,855.95468214277764,131.25603196836067,772.9044444781623,103.34157822837672,801.67133522827885,276.94613094082376,169.5271339532311,186.41005105295162,756.64152282148564,677.42681442770674,373.73973560921951,96.808401940082206,458.16238548250601,338.84212466622421,454.14722360234691,725.55373262951048,14.059027274030756,757.73597704858889,657.86417622884744,158.82034841157767,711.81976659969746,567.71274035861063,204.95768118925747,35.333454702454944,-30.978937400509707,-39.906706264885301,-36.275451145413619,-33.928248994458066,42.064987161381104,5.2500916964468232,-2.398164130038964,53.681094917982485,33.326063122890346,11.097647450295749,54.788643500192698,60.302183917469492,-43.874978884340713,18.233128385520278,-49.709904764113773,-4.6762519468181702,-5.7442238448784551,64.467077884926326,72.407558937907012,27.830688044503205,-62.048638382637904,-44.967998343271461,31.229612550402866,-55.32159876675852,34.626741611525631,-66.133502152575701,-69.393688227055208,-32.170242057461181,-54.255731249304056,-17.642607685272186,-2.9661985206717514,-16.17722079560146,76.621945436554185,4.0862838600837925,-75.790593137431586,-14.426482786590583,-6.4342850368392099,81.14005125729139,82.446013368774558,-61.783494871023635,-75.383284161976746,42.562462803138033,4.8749512842503737,83.270052948415497,-26.041953855109874,-54.299991404075449,-4.4988761630065355,28.989722283503916,-14.114544418671652,17.114220478675257,-2.438169662671287,61.602407800805594,40.348915653913032,16.178699697469558,-2.8001606270807455,20.846464667662797,72.261189862734909,-8.4804119484766805,53.405843863318481,-78.597742066940086,-13.906018886658739,-79.499325319995918,-48.898351972955098,82.197653814333762,-74.58054323746282,-74.068449352650219,44.487122085757861,37.370556546177703,-68.625037707075293,0.76139460661747194,64.465044140515687,24.450000662997279,15.853603716210454,-81.571704774575181,4.3615021803042389,-9.6520566995049037,-36.69175123880823,-4.0873856116831311,81.506996930944666,0.18552708499287762,31.667726560707518,80.66447073196862,-34.876516516221713,-42.684694698176713,41.002990892253493,-35.267872777645749,-27.423545377826105,65.975523510717963,-28.587650193998403,-74.521560027974431,-4.1451449185151947,-68.363880285867481,28.23974011671125,48.611735984438795,82.902618611554615,-81.093677733376822,35.924035090709225,-2.6992915129562398,31.224115246275169,49.914973654370257
56800,-68500,2.0228188108433467,211.64811650911938,20.589670718342436,324.12676368664745,66.191433099697718,158.16182119987783,134.94680731650763,217.8463372770737,107.29106810629935,375.49444730490535,616.45025971706912,157.19888678196338,156.51946653404326,326.72750803892848,241.90902400850081,81.867575397603815,605.24598922629241,531.54482997552418,473.17196073629071,388.8758867818529,849.20619623745711,547.491294061345,908.94202089628266,565.66907583117018,262.61337643499934,844.13319714153442,83.064717744097209,438.71277924804008,52.251897255621337,694.05016615114596,76.958335238119787,260.21752487524788,83.345179185282007,928.20027223232114,612.41476559073499,833.17848889027516,552.92066171725071,460.08882600477199,984.04336286244109,424.92280229555354,459.57112218793912,807.11162395078486,682.3183093215647,657.20870282794624,342.56528643824811,593.98681180762833,277.20542740016714,168.48438633895066,332.36196087267973,165.10571535457535,207.15155007620743,38.433839702491731,704.74773124719809,189.01151727148334,656.51385331402776,652.03493827011994,356.47555304480511,210.81351640218421,882.11457013693507,522.15347823337561,274.05676065750561,780.01872743690899,54.165154242452388,10.520492381416549,384.26453756378419,794.29303449240592,897.78994293613687,522.59543718442978,485.63310524506562,648.29634301201077,163.01726166043287,748.50254388369797,948.38879243100394,473.13317452603894,829.18152121949504,189.64718900706174,295.18937414326638,802.37291279923431,297.1478922793267,742.34064514484396,565.78417315942704,799.77496460789996,322.2183844896187,303.18565688702881,183.7789082279107,735.07448290011905,633.94935680686672,377.94580844655582,773.73904164751877,456.69677103426852,824.34363443457437,457.41850249539687,720.93795140212171,1.0028280346600109,760.82938816092746,662.42056576573407,436.90463417954862,722.46808999864174,565.9523471085829,193.77876860774694,65.658590023658817,-31.196608734214298,-29.400406590850224,-36.354743042522728,-34.193510151037799,47.774296609096908,-63.932429881746835,-74.492886756398448,68.484099515866021,46.735386105586663,-68.681458139851273,66.883934988966857,10.385785369556677,-32.572610510805973,21.770977700472336,-51.658015643825152,0.67233514412950401,-11.14346720319228,64.485065055308084,73.556531697175416,37.059051389584411,68.535741547779921,-41.787161435543872,43.495393045799887,-24.762259418689581,36.981533761896138,-74.584213122711816,-10.451974029419366,-22.376420703630551,40.862631259892808,-15.964078043475208,-2.1867218458581914,64.952604137748466,74.96081304739181,50.339635778974696,-59.110784648716503,-21.503130611838291,23.33492960471219,80.824040677539102,-48.556863514316177,-62.065774870937531,-54.527703865928345,46.16180804155583,5.0480625544809881,-9.0863770900962511,-48.574868124705489,-72.980648892723309,-17.309147974866448,29.870110355457363,-84.308309244987271,14.60897852640379,-3.4640001308956876,60.967967775305439,35.002822567993654,-81.475348993651394,12.99718391630039,21.214330581270623,84.978813376441892,32.12687105600088,51.999738620589525,42.061220837045795,72.845595576399177,-16.013683938239993,-53.136624860110814,5.1074580777639484,-53.086545465560334,-74.711981280788407,41.993841717940384,39.207364790269651,-68.57898647442255,1.4918430623890739,64.832153616483581,-40.526591488446762,-17.387469320690155,-84.204901962179051,-19.064271233749764,-8.3133488635549391,-34.320920200452953,-4.1409420332009859,81.930128979807591,4.5532747773681415,30.208741267182084,75.059307009598669,-2.1665692479104726,-44.323454965128036,39.594622079725376,-38.992536834170728,-26.07350771405229,64.856715740268939,-32.012764363964486,-71.156094985489787,-7.1737640075466516,-57.753753696831168,26.429960820583052,53.4579706912658,-51.683059627702391,-72.577979891538646,37.107813235611154,-10.951953823154589,28.739636332153108,49.393393828544689
300,-27800,2.0178371473452836,999.98320408731877,221.54117430036439,684.70265867580667,72.52062388266323,223.37306103221744,133.38396546505675,797.12691908951524,329.54955930704426,465.10886403493589,604.91378962704005,380.63210907968318,249.16278752680265,46.041682378755482,691.30852981951705,103.91970434371197,528.08284528079184,708.04333601704798,71.365510049072427,388.88133473566484,494.68593692434212,516.18551664651977,871.72668357688735,555.45610466025391,270.82874848475348,845.36790836089085,903.3201926994991,134.61068645650801,854.48354957821846,808.01314750509243,954.59274186420498,89.029069055201347,44.43159377267817,911.30178712432996,396.73297313101301,811.85627715034923,479.62599598699728,604.10984087556881,422.37706299665768,426.02813966774471,497.28660468573116,506.76185787638252,672.79669754987333,635.8872832138436,368.29642227232335,598.2118314794244,272.63365545271904,209.74996563948324,107.37874898171353,174.29053349088278,196.81685491318592,69.294254723500586,264.89710444959542,188.97120853080187,654.53373245349587,634.07565389836793,351.59265646050801,218.11245523214674,58.925454977081387,539.75995130617389,273.81024188972725,147.88520409665688,920.85718962313445,55.584333055205974,487.36423734936534,55.81498009094333,524.72291844162964,904.05628710143196,516.98345792415546,772.71257708237954,138.23754263249927,748.58220614055847,630.72981487918321,535.85679574127118,813.7030848806063,157.99030494372514,274.66458109092554,855.78738818906072,291.23149109093293,760.52733831324338,90.668525393491265,801.67562982854952,297.13502059890209,774.87620727849946,185.72703442434729,673.1634061127221,678.89895456525608,331.92682708990566,843.89379403527232,479.0619735140055,836.63776887796746,449.17483032642883,720.24603632670471,46.583534734313119,789.63055424152446,664.75308060001191,460.97373735125439,719.24714084093137,586.67729006939817,235.85105964450372,34.690626631725195,-12.917424198688424,-23.810965086616935,-43.544713507865289,-70.914412002859237,42.04989408786421,-66.855912688826976,-9.110062566498673,55.529105550474164,32.84459835586231,-62.476072079961654,-52.030931891502121,59.153528468932514,-42.447348742234624,18.299868756009491,-50.142337008439107,-59.204985593751076,-5.6583424631982604,64.506534713115016,74.747651542323922,-62.346863433442486,25.730593949934971,8.5188001802045434,-82.559634805519494,-55.943701888483005,33.759238356734571,-82.844179884521097,-61.181156731442172,-21.504900324253516,44.277935461020618,-17.637704504936909,-2.8296208988416494,68.256791732055007,75.009584722916728,53.955375766068236,9.5759639382000827,-13.77483266696045,28.910445776655319,81.116943864873093,84.718965253592984,-58.930538806646553,-64.587952877811617,0.1544716736389562,10.385365143180458,83.327921659881298,-28.151710966873495,-56.020330411715435,64.034990965403665,23.840265868327812,-15.221013684639003,17.462071391777418,-6.3470801440601896,57.778254315884439,-6.0142346506113249,28.466801500130309,-3.457717973057151,16.07807046490619,78.316355687487629,65.620704278440371,52.03976185710011,44.181480608880825,55.38135486229973,49.918794217978672,-49.303117076568647,37.708622265759999,-74.801024822503265,-73.742066104894533,46.443035106190052,-4.3333713258540465,-68.579463239064509,0.72378615578823102,47.37906380353548,18.204709136166766,68.54614419216972,-81.936759444332694,5.2898482598558489,-8.7108916777477621,-52.029885512282512,16.213555172749757,81.481120392205796,-1.8461477641121897,32.232316352678311,22.578511775769726,3.1856910975962087,49.534187292536977,37.368301092645282,-35.215878969144612,-43.048113682452843,65.219189368169864,-28.579723119740756,-70.402127714015208,-7.0723247074822089,-61.398909876514985,84.858450067808278,53.180346540647065,80.170507246189487,-81.088862975443291,70.426513283571921,-7.2839365315517384,30.652133174104762,50.95010578466011
38600,-66500,2.027217621360073,551.93640232995904,4.8646656454000237,689.64076098053624,72.436319211140997,156.55397069909509,135.17340339925022,829.40283281676682,347.19878360632612,387.60655774531619,604.65440046354934,113.47840591332459,80.901261468051459,304.82276556366963,690.42291564099867,80.138229111140788,497.18356740943068,692.30789684503372,92.149115772512161,387.07214822323357,802.04986976286978,521.54826715162733,939.56381834689148,606.11955028645684,270.5150867212563,845.05250898433678,611.32091364520693,444.29352034809875,870.39988482300873,877.85500960506693,998.97463300020877,239.22693628228203,695.42218474555841,385.31909440778691,329.44867804520442,811.55363486360204,464.73428457688891,180.57519051627057,486.09724952113447,420.4809109900184,526.4391496997863,523.37388958870986,680.99471500415689,635.81152438955996,777.12182989359496,598.32040928542926,278.00824114082008,182.48903284113374,112.18658589450717,178.45874996133452,540.85788779367613,18.529866176251332,219.61639975396139,193.33049052807834,657.63096565798003,621.80853845316165,345.60719766262451,189.39508553922744,290.28976728452494,513.6130646688249,306.63831037439729,444.03081294570205,936.97344477360627,50.632157388094129,461.42074311896573,66.397634083685105,831.82553010886295,67.762590236735889,517.4166717746325,771.95571320070007,139.81510333625064,748.57628913329881,934.76061117823588,527.30550546564427,814.72551326392409,522.37255529791366,24.727491614484393,842.05420501644471,277.08238947718843,655.54001289242262,755.97559392670439,839.55555224693762,301.17079419412562,787.19681036560587,186.64874716455185,715.04796368511541,674.30532086841185,431.94761865136962,782.99183022753266,479.31143643736442,825.79308021648137,487.7592313290163,740.85221659445813,36.496282454213485,735.4764686616578,683.65001193505611,457.93185749363982,724.37741874992787,587.88877878783819,189.77869809072317,50.393752524428059,-31.361428496158986,-25.01601114646477,-38.444676113186183,-68.131458811215495,50.257020279787426,-1.1062222142684017,-74.456219730005913,53.752497235196088,19.464157195474407,-60.417814334386307,60.646883194651693,67.323011042935221,-43.739047495380163,21.687478122332735,-52.177656657648946,-3.5881463568887404,-11.380318642745024,64.512725432504737,66.238045001695312,-64.652959717561743,64.844066308118443,-44.972108827701668,-83.331648028407358,-23.594765362835766,33.716753382666575,-75.20315027143036,-19.605566914215025,-45.669990843535125,36.895585423074827,-17.241192218385553,-0.43289727515935428,-16.791147104345427,75.025555105504381,49.975807550771364,11.655203101245693,-15.611688176883639,28.858980253457656,81.151261400443133,82.660017451823805,-61.949883201302967,-76.658159190055457,1.3929924212735152,6.0008934823311328,83.279291409984751,-49.482490828131468,-8.838411290744002,-10.189635296472689,23.893807731958965,-72.085481518891569,16.851870567001761,22.597436475500867,61.069027288691437,33.945918995834184,-78.837696269896824,-1.6677409944893093,21.250897147411916,71.365212472383078,31.669334793641607,34.15748870046626,-82.355167608021674,62.422954579279114,47.661470880752745,-25.457254251746328,38.060928917766589,-83.009252961785705,-69.890874592606806,50.955788624720157,38.135328270125278,-68.611331647212822,-56.401161020952344,48.983195436400692,-47.578612705856699,67.676433363540283,-84.090084227531321,5.4908625567284322,-10.133554369800452,-37.042406704285533,-2.3914641268513934,81.919610024806317,-0.74011700429135086,30.441717668598258,28.445631198083458,-25.859308093640134,-42.792885684802755,37.473323712005346,-29.204402012716688,-25.992232622484288,72.038861555695277,-29.013204802561301,-77.594301406128665,-3.1078128932715892,-67.771383966060142,78.595965924571445,49.20692539558155,75.438777165027034,-73.276016530664904,35.547201081973178,-6.4599707512657689,-28.582417666415509,48.711641724452207
49400,-67800,2.0220197106573496,360.78196124546093,6.9604217235968076,324.44736017131271,66.534325195605959,152.70422761385879,134.42969523136071,754.85769267719729,131.5128795920956,374.36793749717293,602.9363091168866,158.54217320055957,283.84067557906974,325.86172141542556,265.12307019289744,80.753287316077376,609.68402889208471,707.68775573216863,474.10924357778003,388.89009920175459,849.56285878553672,311.56284566448187,909.20360303659083,563.59821892601622,266.57900963272749,844.12652028705031,64.729455060396219,428.6283864378417,31.405900896031213,698.21195952905725,956.80380411781766,222.62601679698435,781.53418489169405,940.3554672236819,295.58381708575155,832.78468225668018,530.88002074937299,460.31198174881501,354.38211432767935,411.39956665738418,532.53632783537842,818.03341489900208,689.6378833843529,658.48923127366083,370.50296042721072,593.71314220788486,272.48043935800428,193.26765913197551,343.51969901927703,170.6345751216426,77.279428471401815,43.598746829431882,826.77423356728127,188.65367031207907,657.28045752688843,630.68871991490698,359.6701715826826,233.46814726215615,848.67109026715707,894.97944544366158,274.13156819297876,769.65280343258644,84.459439473149217,10.421077596503858,419.74352048916239,793.20024542699707,897.76058459148157,517.368939664045,486.73295326755584,648.44972418563066,139.50014004271529,748.48805782555678,932.43435215691795,514.76874026583698,821.145039912122,187.39979014021711,271.57589024958787,799.77257209345828,307.92552239456779,739.60000783328724,630.84148798036892,799.1447281539879,40.741495328788538,168.93870580256819,187.46214658790967,735.09667678868868,632.29895053183736,372.7292827504524,91.060192372021561,480.78232681908082,820.8729926686716,485.9292504733387,721.26198418894603,3.6135486822492027,751.43083114795866,643.94799616575665,432.9378666233049,724.44006254725571,578.81284832111862,193.80906509274794,194.40100381873918,-31.408443115739587,-29.068732803562146,-33.76449254582819,-34.216364799525607,49.632663706693577,-64.334742091686067,-74.488961084065949,-9.3565841328138326,45.860027862388002,-68.837623383083411,66.687467128821353,8.9262042316330774,-43.000568431034026,19.700322394497821,-51.673396695390636,-1.1895706253902669,-12.394760368642963,67.444742362879722,-54.922165581891846,33.961752118460112,60.471896216907865,-42.499725068945231,-84.927579347488503,-54.359873777113947,30.581855915994119,-74.634722284070904,-65.278822081667499,-31.596603394897816,-49.80900051429478,-8.4757558124645076,-2.1531039826939518,63.486705039588223,74.954557802142006,53.249257122368284,-77.291737910303169,-17.203076421843356,20.341645783370794,83.441736119794726,-48.527826154060897,-58.313745048896891,-74.620176541523989,44.559177930453991,4.9909334750907375,-7.9697919428488424,-24.61502634522466,-75.912399323435125,56.195438107253089,13.827105503689463,-15.55067184088035,17.13448871111785,-5.6201867992332843,60.410908811459159,35.030594309584423,17.413803532363332,-1.1299250491580857,16.867230880186685,75.038533411013788,54.320345245224672,53.409180883411437,-73.787401371305506,59.188336929388633,-15.545397897724804,-53.129302536402164,5.2249324230661145,-54.053174227723424,-66.863267397817594,73.52671896740469,-15.222720642474371,-68.585276477613021,-4.805748064458049,-8.1020795413460718,-46.144481512303287,11.282955632035655,-84.00185228860056,-17.868593796007708,-9.7248882216268235,-36.775432853840783,-7.3111889549520068,74.015382677401163,6.5238164608371649,30.204782177006781,75.039028252005778,-2.11785216402984,-44.116271936927284,39.615633793152647,-36.33353368287527,-26.133601173112901,65.583306485233066,-31.953399301117773,-74.671769857247753,-7.0684451103569339,-61.533187925923194,29.713318313335893,53.01027854992553,78.690258372307412,-73.294332111209187,37.110262416428995,-12.405023904066356,29.368881306802244,16.125981316676345
18200,-64200,2.0223408330238368,911.59491081880083,7.3268537485371859,325.48913158543945,66.071379310511546,796.64050329703628,134.7057103980182,770.35450960647972,108.22579836160938,374.3868544731464,603.10994009518436,150.77883910627781,157.70405323587161,7.407649770518784,265.74655927706868,80.363412253398536,510.85118255199296,700.15696844692513,91.576698949124292,389.36976742787823,480.02361384340276,547.0093049513589,909.04638809104858,578.93323513622181,266.45336177661773,872.34637284695668,73.00583300078226,113.158574859986,28.552652954598329,805.94722322242376,136.03044849521814,219.13500527309787,698.44615248728837,938.38321614630831,297.0519432197442,833.5866696781585,544.65761104796513,458.50535287322208,979.38794641505501,411.80503887488783,459.5065887656707,810.78507726762632,671.83198408685348,657.99276588653242,789.36295401323514,598.72343486155717,261.83231258886855,209.50663037054332,333.11414346332845,170.47591915593242,539.68277912150211,52.45626039563107,829.1569124368981,143.55043183420216,658.01414017163393,654.01097736441568,364.26163316190502,210.41147103547468,792.17111716705847,440.20958388015003,274.29714836387575,784.37204615298526,92.273986895140723,10.269422192964257,289.3193120426634,879.53912607712846,895.925721701611,952.2084516223299,490.39561607373963,643.59265973890751,138.38369959598384,735.84264347563806,634.7838120314542,458.7910653147091,828.33294242610964,195.96456166445557,13.754836695035806,798.97634840568412,155.9594985779961,765.15382402456851,79.875993370445315,801.84822325859284,37.588344125896754,168.98874224126942,188.68967384129269,722.91526220556045,667.38046971226242,383.90221783722359,133.32969904827064,480.79964651804283,821.74745481812931,484.82559685654724,721.4075328531062,5.1295939788086891,749.50895491429628,802.25947329353573,424.65436565696234,723.84862523694608,578.48102392219209,193.77118322592784,60.65759031312092,-31.165014616894229,-37.64697381553475,-37.568510518632529,-34.211040228733729,50.145809561308646,4.0506530109344396,-73.470784193590617,54.713686322756999,23.050936829117241,-63.107805398604739,67.123609375909837,61.937341078875619,-43.065827121695058,19.369293363717865,-50.076198610519384,3.693862700854992,33.92398633518026,67.730862985480911,-39.064629019781378,37.48071571292752,65.81785266758348,10.246135971688217,-78.521068577572677,-29.48178121851015,36.826043122199138,-74.631085739417045,-62.625219831578889,-33.345442453957425,-53.007304436834183,-8.4700927254805229,-2.1843122875280212,67.400378179713542,75.073096659693576,-24.108633088673148,-77.133999626532372,17.210339114510283,28.987403247109537,80.821418698212184,-39.280785448716649,-58.398589355730735,64.881850928759718,46.165022191933744,11.313175290553,-13.903269832971816,-49.010691671192681,-78.322086098862655,-9.8560720637489574,13.185315753234864,-23.178796642074275,16.96703543827735,-6.6813473833479309,58.279974253016185,34.998670116569052,-82.434832042673435,13.45409301325661,16.640572456483177,75.2223706627897,57.432771369653864,52.38063074374395,54.549240128969728,60.412227456389715,-36.737439305142452,-53.113328809774373,6.7933714565712684,-68.941359031692826,-66.551526073355433,76.846099519679271,35.018490067638076,-68.583874630374083,-0.96681614699167928,67.525816350250196,25.72023153853771,12.736422742636911,-84.008871105859484,5.2963289050868188,-8.927496230078301,-36.675416433736046,-2.363872638933703,81.267692289663941,-3.3090319240751072,29.985176362721749,25.448760214153115,-1.2375981469214627,-45.800744136883438,39.632773351625943,-39.087761521906486,-43.947865131518981,67.054590002661925,-31.471997735534497,-70.064279875931206,-4.4571912977159869,-61.963123814796759,28.29577637485264,48.901247870682873,78.793301180590902,-80.532974759698618,37.117437023886069,-12.710549942605116,28.306529202009223,51.47546865842645
7000,-62500,2.0200055151448901,1000,184.46335278534332,314.31998129917582,65.906749676305282,189.39727229157148,133.81173679177041,755.34911069909072,109.11015422252906,374.19370953005932,602.41707318156193,379.52099073815862,282.63800748658088,66.043495753921121,253.54443243254809,127.68315837777808,508.83325205637664,535.69612714303025,491.4563085506071,389.87788352780876,503.69874613709641,320.48033865645675,909.00596531020005,523.88813363948441,266.63189620753184,872.40540270675422,658.2475878100696,439.51483389681096,975.08121643603135,698.3587306944105,1000,201.08223945923237,793.50620979677331,867.1888324832646,334.41391436924044,813.62584556457261,925.0283789157221,922.85664462788191,937.29377029138914,477.64937770473296,509.28069197782384,523.50810044235277,232.42895738176918,657.21895688220047,342.62935159905606,597.12612902067087,274.25165021750462,179.54342355103142,327.96673234128156,177.73549218354026,47.541002454874814,44.974920454900385,674.37343656429971,198.47590484046307,656.34558832888274,889.00477823211031,351.49034947046158,234.04062734932728,945.18873800922142,533.97999224149999,259.1293213025005,473.53403396220358,2.6662943278131586,53.050054032857609,262.88956452853245,789.21404221951389,908.64319803014087,525.23345584203048,531.49215361785093,650.47107415324331,138.84097547864411,748.84664188102363,910.35880510105153,542.46799410095593,825.28395197489965,549.82115222414257,267.85845259129849,800.80897611117189,290.02434592713973,642.63670053385329,88.156101903319438,799.04662505298973,44.537485852425817,186.22297210824257,186.92233078522042,666.77311947332089,681.28672298274012,424.71841665886319,119.23641416443229,454.85608046600146,824.33727559765271,455.02987593245945,781.83999431418454,16.244334332964812,793.42398900172429,660.07085391173064,405.08547379196341,717.99166639677901,579.95623146559308,192.85895188591326,47.461698730060149,-31.093696165912913,-31.053046802696485,-33.890098524305088,-34.084490753273066,42.184709077315013,-61.291618364119287,-72.482266827091991,-18.613251030774968,27.659413024721761,-61.033278123142935,-50.048196904093174,63.193307655206254,-43.945351828457433,21.636110415760346,-52.693864391139641,-12.380715506767125,29.689279322257782,67.500788344743526,-33.282877220534175,-61.843716390438395,74.331917259413956,-41.471308509051077,-81.534588142995901,-26.258579629159939,27.903695346389256,-79.929380354624143,-25.205438875934426,-22.671851499123481,-48.36729275122488,-16.336712030665222,-8.8571186648973885,-11.228002312584781,76.64196023215689,50.147041551015079,-73.384196829874142,-18.871707463111207,28.202971103498417,80.738065921105772,82.689742660126157,-61.875321118784598,68.221087820262952,44.244682742807669,5.1737014566517292,-9.2821408018671967,-24.159462126088968,-77.886169790261889,-8.8538569836790497,26.27457258657962,-79.51772992747108,17.148722040651542,-6.6398627961384253,61.107985221593538,34.727586402369859,16.958072168948121,0.28584474015203565,16.554050695833585,10.461021086094181,56.907336758147551,53.777369436220162,-77.522911008320193,60.816992009611447,-36.271585269426431,-53.006444506683692,39.339623281469642,-81.873453536029274,-69.841544442827313,43.455413945397588,37.614745103219306,-68.620256450905813,-57.299531979443614,46.399976940143397,25.711919697818047,62.07201657623694,-81.969132124245789,1.0403836210575608,-9.7219056240946831,-37.82701432086246,-1.4086561966540005,83.805857578855438,5.2117580712655727,31.546928813470601,81.735743261843055,-2.9296652655979285,-45.954087381503648,37.17840168532549,-36.1674592956794,-24.49371704686116,66.926505540998789,-27.84336514211644,-63.186127977886414,-7.2933631740205733,-69.729829329814422,29.362893740406509,51.150351873938938,-60.800300655592167,-80.055151647460889,37.970373532073431,-54.833030285606768,-24.487788645012017,46.943967659693563
4900,-60200,2.0173672507077551,1000,193.49156002008289,679.31000497856394,37.034077942987977,221.29324267350057,133.60797520162907,799.30176078481168,342.69603374245145,378.06046795066101,604.6048754166909,107.27581412815363,270.28731186533548,11.714562633966194,625.00128181266859,110.38401230738195,499.57937093110377,693.39473253073754,92.140882260834729,388.84534368022196,804.62033998350103,524.21950086479853,990.66583382541648,600.36962371490984,270.8323657598944,846.92564975004598,961.42880938224937,452.49540715563455,825.28587211747504,694.96430665197408,932.79794988237359,252.54154612404042,706.00038235577574,940.7825441131555,504.76848035810178,831.75805110809131,603.39200506320356,218.66302975026932,486.44350552199319,447.62461836948211,531.57361217087566,513.87387163604819,696.12761365012977,663.37964576219952,396.86222055863794,594.18645959283697,262.03787041507422,196.83711048877848,97.546393865406543,164.75776138984617,216.86208138473819,1.9364780973778757,239.19930392730328,190.87787962551445,627.95540328181801,618.27294494801936,348.12485832884158,212.37167145356003,774.93460230124583,927.99498800470178,269.85198718311835,771.04188507188735,937.26114898847277,591.51952167914214,652.34949425571949,52.380903036245506,951.52860731068392,909.89669144276706,517.9043372347586,792.04446591492297,149.9017770880676,748.82209238952169,941.24482518929904,535.42978733373855,826.45323238268293,202.71918467162374,270.83812463686019,856.00728564677991,290.76576720230048,774.2156383701182,75.564710076785445,837.84517051596811,272.1791969659352,190.06221281194985,187.89219624081591,316.87319241039717,677.05542565733856,340.43367693245125,784.29586822521799,478.18719330905452,825.33489758962355,419.92394418989005,722.42100156807305,54.90405836453084,414.46542772815383,663.97857241579493,450.93556000566701,724.55955241035781,587.18452471596868,192.90089360588013,77.919971640333173,-28.130333316912729,-31.161932773313961,34.404984352990837,-34.28780665224042,42.705098638523239,-1.5743927865437257,-79.102271874794369,53.344199758516268,18.91100933925593,-62.232243851385014,49.674871120942584,69.183801851969122,-43.841669309363034,18.388083300018582,-51.445116938246706,-57.469071922485256,-10.735685949133499,67.843057268075938,-34.988256245057528,-64.810037780884144,-44.923996773895425,6.8132403653889355,-83.390756612254791,-53.928095264941653,28.786765752291924,-70.61724194584562,-22.471848979092904,-20.880118043795406,34.086088781923522,-17.239877768138697,-0.41538737690775474,67.423149641887221,76.497053832354666,66.036352223034697,7.9230066032143043,-18.064847386432003,28.791805005797663,81.134968255373764,82.506653826400068,-61.928973892922301,-82.871737472673288,3.7543446041135526,-0.56145430469789392,77.62371226321801,-49.732033691773069,-10.691086089014625,-20.571662932965353,23.810309847550936,-17.091655968069787,16.83068730503426,-8.799227040358911,62.487925170403749,33.93222658528817,-77.885726024971703,11.834409800768844,16.302745570649666,65.159639387846852,-4.5051233919542391,31.805516641209955,-70.978471554412849,66.977073835994716,-40.928968280184471,-53.146338798490063,37.740492774175458,-58.613846020509875,-10.896015435794219,-16.550132693825383,-8.3228143917036412,-68.494167922314048,-59.285366661305019,64.541856291872051,23.288289471096988,-23.265605503551384,-84.001490881758343,5.5501112224742553,-16.410724972390611,-36.962433488524468,-11.307804250897984,81.964254927116755,0.99626861214894658,28.979695583848226,28.803375440035598,-37.012502353374515,-44.000805020940085,37.468418004317904,-38.030030921936117,-44.524732216789118,65.25222929670069,-32.833000443270372,-69.663582750961424,-40.383020995992496,-57.029523343352309,76.227677027723786,49.816155575176545,83.214067916670132,-80.547144444285493,37.019912522829095,-20.515510980376654,-23.663057038221456,48.036802537137817
1600,-47500,2.0207810341578347,1000,194.72476926776079,296.18473322837065,72.70837781757885,142.27862684740961,138.89454335004461,825.7806138174484,371.4143174170581,479.07987230491074,602.51582017604903,375.80384020782662,91.405844895263371,325.43821647271562,624.51281950883003,82.936875247655294,508.53877616943583,532.88413393191968,91.052061208515894,386.9103807961655,804.09933503037826,330.96770284412662,909.50704044947975,565.61997596837568,270.42256552507558,871.27037519783642,75.975705912291517,432.97743878743802,825.82219011786196,695.15841524312293,978.45217628263435,258.16216725127316,695.62965796120113,802.90807951181978,285.42075410983193,828.20390150335777,939.38285381707203,929.24106868404738,949.37619953085459,410.98746649698916,509.24956973269502,841.89795956322178,226.23142443372475,629.65725195353934,387.51549877463628,597.13655661804376,265.68350348026974,231.48196431402937,346.19135140077702,170.56410204523172,531.16652309768187,47.088544146972076,245.62221002128771,191.31692188332752,656.3831165946383,868.39823801843909,350.64972064726049,210.31194172228584,909.74477122766552,904.40526325260566,274.90560885726143,445.77454409531583,13.613068172604812,53.036070482802621,470.00123423136745,30.298982606191839,911.63911968478476,910.78113539282765,486.41695774739458,780.85875876580485,139.46041611413054,748.09016549949649,910.85476508013119,534.20862429567512,826.56129918340002,523.31482735715861,19.238254797831445,797.36624512917695,290.14397958664534,768.70615309682933,746.41438580934482,801.6944730902826,45.719035485229398,176.23640285201736,189.11457968896028,740.68025553790301,667.96218332191245,425.85024431353219,764.10992691433898,457.18763403982905,826.22118571271744,475.14217126169046,780.44774281590969,22.399325626345103,790.93449934240857,681.68641284402975,458.05242942793529,722.52270467548465,580.12994538526607,189.46954221212988,49.76996033192215,-21.867248883777545,-29.62973506414918,-38.402117738714701,-70.163823762798955,42.178966536506984,-0.40653818204103231,14.352217099547126,-22.034355244663566,34.255275360965705,-77.748417917261321,68.047618459533282,67.239804351068827,-43.90271852567696,26.455638718269405,-1.182741138283518,-69.538539252472646,31.357129829131281,67.731141916308687,75.334640151479562,-58.607258078247582,25.665607322424687,-47.858780345121772,-81.577622549389488,-26.535331617940027,29.117289129942748,-80.024582965287905,-19.196222328072949,30.546050908002503,28.49100787461613,-16.314787390317004,-2.7466024293064915,59.374826451629438,75.027329635639518,54.18751861419134,-79.927642020628184,-15.868081262254329,28.984312411940014,81.152453110500289,82.582200884101823,-58.226498088491901,-65.007689787883251,50.638519815976615,0.19958182430655524,-18.778960050741603,-27.018085961789108,-74.688639289531835,-10.670723154108524,26.76743355739989,-84.70480647821671,17.134948398150119,22.77783540088279,60.437555320607672,33.970812939646322,-80.214986810212167,-0.56140717694171716,21.238970793810815,71.176365872896909,58.147656703006426,52.334948422236643,-77.448265443146951,62.312889397482166,-82.90141360263749,-25.958574755287394,39.175377300227623,52.025409531045582,-66.521658130142526,44.97922659449452,41.822037206645795,-68.612123818348067,0.5134674578939169,45.432061413326089,23.217461098742422,70.770033122213476,-81.952636968461718,5.0256014974483083,-7.2885611602257292,-35.850011569552052,-9.0721060223662207,81.26346485760368,36.098494854837469,30.438963777722968,28.592411563746321,-2.5835354858372135,-44.265180424307474,37.510265310743698,-28.948226886553471,-44.772506157827138,67.114181820402948,-30.752094753106132,-69.803202052193342,-4.9026110033791568,-63.241126742856608,77.525979794278797,49.390179484502042,75.466855546254379,-82.198625577955895,35.558023352262317,-8.7412670197252211,-28.54580406699495,48.927972525000392
1200,-44700,2.0175870146444255,999.99999958370154,193.09089494340549,694.89103428919884,72.747608777002895,219.2378166344663,134.9952144157495,766.38660284239688,30.83365365769663,373.28654242084326,605.07413913128732,377.96110675989843,165.31847518723526,263.23459811038811,611.89415716583312,112.75120477874084,503.947027406617,705.9253352230844,92.771399339114751,389.12620439433385,793.24908471881827,308.70867680346475,872.82021602551288,565.89046274066413,267.55840811372741,871.41633969924442,903.51436524724966,434.70035358526991,976.12497221937906,701.83955803550043,981.6501340221979,667.1469971722222,757.8866614989679,965.3974540710467,311.85683715801781,812.69248290145015,494.40154361239928,579.47305850033877,416.52018287333715,425.74987150059542,536.05896003492398,525.85920495361586,696.91844187677759,628.83781309159417,804.21889714210522,597.0374208939038,286.73086984292138,209.69983370459681,110.21366149528214,174.18226125835679,190.88215578756603,49.929550889150846,236.50737109217204,196.73773944781814,628.32636088839683,869.17045861669976,351.69443212980968,183.74843916618889,244.64461671922896,512.61823688551817,269.35722939313752,381.53889366653573,929.99903725337231,577.97512289146414,486.59357880410198,765.41511322064457,807.82213719782828,517.69000855929096,544.30832913458812,772.34808579561729,138.35530104304001,749.94715443318466,945.03417888924832,450.36600754930885,813.54044781288837,559.24036965161554,315.12341275731944,843.04185900346022,301.96830498036417,774.59523519402364,80.037743072927924,799.03511013528146,52.799358482367467,793.44330479270911,185.81535816983532,693.52007430128663,677.36095768866858,373.72629592015318,735.94215383356834,479.24820084507996,825.73687600143865,451.70867509991518,725.56807560206028,14.06716597819864,657.5692984653374,664.69318491739739,478.21504164330747,711.67623602948038,587.22427363479892,190.57759460284058,30.474246132483767,-20.652440210516083,-30.607324884826109,35.06429356652626,-33.920387131304089,42.111908081519729,-69.584186579083365,-4.3899715351329345,54.159899856876358,32.831815819351192,-61.642603840559175,55.182429019439212,16.69740801148383,-42.419904860438876,22.38200923127647,-48.553141352070938,-10.255180993791683,-6.0165117820094389,64.455711131840189,-29.789530955228109,-57.99981154337739,-42.766874773318911,-39.477786258870175,-83.337067830091883,-55.736252938974808,29.391196284706648,-69.820155152951088,-62.78219766696516,-26.879380678070078,-49.806018804776677,-17.260254136937238,-2.9980156267949454,-11.631635184466665,76.617229797724434,53.957530728395149,-75.912697654676407,15.475076006384464,29.056031172179026,81.125708376292962,80.706768685491824,-61.83075030673286,-74.961901505556142,-5.5567147983510097,4.8995603454675738,75.422142031794039,-28.165109326522277,-69.938960674175519,-20.44750190453675,24.181308062237402,-83.14268763752122,17.137022871470435,25.579132365573084,61.647530016613338,-12.95453710267449,9.9522035984056529,13.668116438011845,17.123683342214843,21.603117422628213,-6.2545144541030702,51.645792663922926,-76.862454111942967,-15.110931205713236,-38.709517495022283,-48.921337762448253,37.972248131323241,-77.537300308554876,-73.962404963279283,47.56690079861653,33.564957308499984,-68.62515545789401,1.170824479527564,47.615670668836387,25.446885115887895,65.02186374526903,-83.846875266963693,5.1106273573216905,-9.655335754482202,-37.070897682885281,-3.867835680763609,81.586583031664574,2.4141751563582816,28.807964713419594,75.718072925731889,-35.594865883997528,-43.25186473422454,37.466649183009842,-35.102932443193588,-45.583769715191082,71.577864009151313,-26.400047707172714,-61.129866952710699,-4.1773591195551818,-74.605279764291012,26.992062207547111,51.364473319049253,84.193285532934866,-80.870696503173392,36.076799254376368,35.541788178163628,33.454326489388933,47.908720765737236
31300,-65600,2.0165324068311978,660.96705248358705,28.393378464435301,718.23991534871004,35.426643401583071,196.29428600410449,158.27729158056559,822.91536543090604,91.356694514766275,358.9370741052486,618.45245947643423,382.69374666813934,143.89438769807515,12.859392725753764,284.10739239576463,79.246456484003872,503.3543242372624,693.40559495406228,92.047269828207945,388.89260404332384,802.34022113802939,507.33469810305036,924.30718542143211,558.6774031597447,263.04258553891208,845.04776480689077,893.85832285885726,469.50472251589775,952.505854097466,179.15288642678638,934.20825599685634,234.69411333288897,35.765849177387622,969.70554210970329,842.3905829267037,834.37970432304064,527.00028641086305,439.12802160085118,357.0441239241448,468.86574989660596,667.40993209866849,879.11883286175612,297.80408015510915,659.29939167311443,372.63066035963777,593.35855639979172,274.87256587370229,192.4709272976624,102.12450832383819,164.66124737290946,121.43640498016775,71.056243777793483,242.49572846320586,192.8055093294135,626.35944199459527,851.22084212479592,374.71053943076436,221.6142920814973,287.83152531431153,933.41080842172062,271.84209246990429,781.79773067711392,928.12820510319796,599.12913695604789,389.10803770825663,803.15580358796819,889.3218804197661,954.02585168416442,541.75686375953512,775.56823276606235,153.97902851254366,747.19875299954322,928.53352483996991,465.16351262172282,811.15266418244232,182.62125463181607,286.66652858908333,859.80451659603443,318.94537550229501,650.04265554738902,114.83057420185725,801.67295552183873,278.34738943659067,175.04297599380214,222.51156942062977,721.83600535001165,678.69658499702541,334.735754015042,733.17428025605011,452.08841412752207,824.37797992440994,450.48606501916436,722.09188801101629,0.39182657741253024,793.20685254911223,802.9432605108326,449.83164109119917,719.1625399402119,587.13164048892827,193.22679121419415,206.55944011167722,-31.16459461672823,-37.363889979945561,-35.494628232129159,-35.00815598746491,42.268700191287657,-72.139703369258882,17.865259224515704,55.433616719770797,30.901053800964711,-66.293994014512222,53.667717001266496,12.216923714843084,-44.071040695979249,18.94430919977842,-49.441692673256966,-5.1056229082215498,-12.604877513447315,67.793531226266893,63.476739509070441,33.417134651341954,72.057362117056698,-43.708706147263314,-77.180136251983413,-54.35932583451649,28.08383133945981,-70.658149954233522,-26.396313995688104,46.50258455374032,-49.973178845094679,-17.22902535009316,-3.2860588090673368,62.227660055346476,76.531995103558017,65.052414472805637,-79.926118652167233,-13.913660824672206,28.282965002914427,82.632954331639937,79.57404448659797,-60.64748582173678,43.795214371539245,42.584549875713492,-0.78158492674352509,75.267597565999552,-27.806855801549759,-75.597463592416162,-6.1618534442240271,19.335962979399746,-80.506821663738478,16.879039854235206,23.727780988789831,60.563225552327992,33.874787030733735,20.400669232143091,14.804957968912685,20.934037986778606,68.650132995206093,56.858110118091588,51.822913112561039,-81.164278208684436,63.962970052607915,-38.692747459419522,-41.742262310486353,5.1365514453610768,-64.941968900007424,-10.758902461854014,66.512408671723136,-10.439709086841722,-68.594257031883586,-57.799516053982437,-15.866483844545964,20.906395415233831,70.177750162044575,-84.116622463241029,4.5563734690648836,-8.1729558261794377,-36.621592125615273,-8.0876686479778144,83.86087639016614,0.69259373707656557,29.972737982321419,82.043234788268137,1.906082721742461,-44.829506745854154,37.489314481809444,-35.807002871403355,-43.382117905297328,35.672903939315972,-32.32718705013977,-67.757295266623004,-6.5102793194472124,-57.036173393197267,29.531292121524299,49.628425626400137,72.829750113761577,-78.69337021118244,36.997519042413934,-13.075726875075899,-29.512901821075257,-67.826177618504445
51800,-68000,2.0591727723317916,317.21444535409552,4.0577582871816178,293.23847841178383,59.737309458283697,260.039362674637,57.80660007492871,833.73216153160445,131.72144218113382,375.88316049647,615.49012722485679,106.24702030016758,359.47573758169233,40.749315820789448,595.29550413769687,84.805885447820728,570.01893972868834,714.85612560550669,69.656211513413467,387.0405576810648,797.74863736901432,520.32568388993764,938.37450076230186,582.08422844097481,262.08507981783754,844.57176641885587,147.16604107487686,447.83277339260826,857.36506581695107,773.33868849248074,975.93970580475934,244.96596119500921,786.28942572006372,800.74437188461911,858.86523365994231,818.70179628836479,499.20452978918848,586.61749996929086,486.62507281230279,458.56204745612018,513.56199053996181,805.90813969971043,688.50921478323392,526.14333094558935,249.99790352084531,595.28101764070516,342.979906513326,181.43399907847638,324.50645866177888,169.45824082611901,577.42538850025687,35.124765030145333,813.34918823394423,189.30673697548008,631.21687643471978,618.72516244218161,325.52893376456063,180.53688471122589,64.775947115547694,501.45240688113432,664.31951320834867,428.87674336982144,735.18561788537795,677.18957810387099,247.70116801527084,136.20089640589174,653.25443913231561,965.66853123649287,543.26772052966385,641.25868451405768,163.18615627264441,718.92500261881673,532.94944857393432,531.18760612354299,834.7074502360507,523.37947549146497,278.65947118750614,822.49509355135785,161.11736464716606,640.76403627481693,72.730841058874773,839.61269532715971,294.86169127377673,274.85545450538473,151.60092094757107,841.04077086255904,633.88245179764647,429.71479070591499,749.7403029083614,456.87732082999759,448.54578057459224,454.54099969439505,722.97760112164974,23.029584405972557,811.62604397423627,810.78589516640909,450.26243373532748,717.29060883296086,579.28432956216875,231.21842261585405,50.304711454312447,-31.085108934415526,-54.366259620892485,-32.534221452728389,-37.73452955488245,50.213964612192775,-3.8058551039588266,-77.304596287066346,-49.653585776801144,-31.140326177221034,15.337487704794333,-78.047955600756922,5.1112450567260419,-43.725407343461555,21.445961575989408,-51.257282437030199,-9.9922406951934679,-11.468157371075872,64.96421770592508,71.252850147095216,1.4938976681468168,78.94211413939496,14.582225583058486,-84.89725219657214,-26.431559690640405,31.090231652915609,6.8475651593478615,-24.51284879720572,-31.969681691466697,-57.02262052885213,-17.074373464803593,0.67820078143284368,-15.18932214801869,77.024637959870191,-32.084945400791902,1.6129883034839139,-21.036803000428147,29.345261836919683,82.143949130007115,84.842176807541279,-61.696122322621221,-48.445067867008106,-2.025403134168366,5.1243353463520114,-19.801597704406866,-26.099335248972988,-17.190211228324518,-20.513118054103337,77.573831852380323,-73.746197048066819,17.081060299502205,-6.4507994110293909,61.063272882967247,41.329140517620026,-79.970717232900412,10.22011187443348,15.618516627537751,-25.492664487339592,29.851783343605025,35.351311729369115,-80.343152350843766,62.932224703267856,-18.328192339135224,-49.644943867264764,40.048207963269832,-78.133326598668063,-32.471979870246422,75.989354810855573,37.09725560194039,-68.611908356468234,-62.758658118727283,-13.887253960118031,-70.132139980709496,-21.003608263786571,-84.871135251149539,-17.434062014091435,-7.6633519318238932,-34.301216967474183,-3.9238659738342281,81.737911791427635,28.611996062081023,31.677459986280056,75.709004693297629,-28.691638083717557,-51.730820188765819,39.685050491541325,-34.9955656537796,-27.12876020204305,69.447805707138329,-24.689819595217756,-72.357454317357437,-4.7889081024127371,37.024309788439922,-9.8080627360611192,48.851649235794426,75.869092627181985,-80.711001153409086,37.021777036506464,-44.787070220147754,-30.909884534544538,45.391358328074254
38000,-66300,2.0584512235862782,561.831938082085,4.0485338273187663,391.2993331446346,58.515362377144235,185.38529448475208,57.096405922551284,547.47148827790068,131.35869145514269,376.10263140225487,604.87621850198082,106.70627365334687,81.161566027561832,35.182627781628753,689.20665394905325,110.25132804637646,570.65414770390703,714.89220825650511,69.194637402452059,386.99120245564507,800.68774773854614,506.35351480153258,922.02354882484121,604.7240740697514,262.03091656633939,843.95190690677339,163.02541622573878,407.24037716313615,857.59108648079246,833.59071786942241,108.21042916179471,632.38022672627949,834.64030766374049,372.01923623477632,871.6087989059688,811.53538060980952,547.2059287437969,392.48220214413931,486.5815611157654,459.22297798230301,513.52363944132355,819.10951794290838,235.94812701166748,528.21859999672063,258.07648872650202,595.27618658673418,276.51250932766504,181.73774872565738,324.48645958154566,169.43453385816778,565.64295997132706,34.570254339995763,813.72060770926964,189.31356146280797,657.88873618936123,878.018547137572,673.83905677983671,442.37667496638119,68.673026989281084,501.38910622355519,663.78365163979663,429.21321294437206,18.06681698325508,672.22712671895545,248.05770074006452,798.47347184543742,652.77158560010571,933.0937173973681,445.70487090097674,640.09003075047713,163.0599798932549,726.83892286486366,532.94481432931923,537.94000269736716,814.08051331780473,523.58825581699398,15.361559041472475,822.20760444464679,159.21799695942818,655.04054196280333,676.00807410042489,796.50074778357236,295.05161608840547,292.72501078945072,184.87898158556158,838.00076108790006,633.58473511725413,379.77160381898989,749.767763049427,456.50679310276331,442.61750348286211,454.66263556103365,722.91195714828996,23.593307403411458,817.11005550776656,810.39165896741429,450.07201009641267,724.45896482695127,588.35188935325004,338.18200403728423,53.814806532620715,-31.089260991438781,-25.134871773062365,-37.903537266320271,-33.617492576662578,50.140664514754967,-59.433478839319328,-77.326650962378068,-48.1127379245954,-31.137963815999619,15.7573199535163,-71.573888732380198,3.9393484232699469,-43.733021535299471,25.357299146407868,-51.258361843653489,-4.0158034425829587,-11.469686661004378,65.008650652349843,66.497710192384545,0.90208215922709134,64.314228877373637,17.201701028636215,-84.650143200162631,-25.993873459092995,31.083479440937584,3.9594729744228774,-22.543198252432774,-45.292867831897347,-53.109234030770693,-17.2427926990919,-0.34479716396169241,-15.186465754453515,77.011752133602855,-36.190902359231423,1.6126197878111024,-21.121703297173145,30.582156598179957,81.082616331709943,72.94215074646246,-61.69659839569627,-76.553273093462934,-2.0839440068318069,5.1351993608439921,-8.7020763482323247,-25.649078101148209,-15.641455572782979,-6.7708396391943548,25.141723869415735,-73.718775984611767,17.060911383421754,-3.7714949063012524,61.278346950716546,35.739932462544211,-80.103798072799478,9.8867584482890312,21.326478869499489,67.131510939897979,29.899354566877339,52.327881408636898,-77.965844993144103,62.663989977924125,56.054261537726461,-49.60686636804369,-40.057763888851852,-78.062108068667968,-32.419238729145768,75.970713466019433,40.463866844656138,-68.585360051377307,1.7326280804409606,51.31099400256474,-48.180516682656091,-24.519049522150272,-84.871039187561351,-15.906054427648517,-8.7349055006806147,-37.089493965329574,-4.0365844754023001,84.200316509233701,29.211653519656853,30.371000021822951,75.489010628547391,-29.470065885874362,36.878018898808506,37.732822208928717,-34.994953471492003,-43.271505207607348,69.456236680696307,-24.774195020045511,-72.261854631695385,-4.8016043540417019,-61.624334191459354,-9.7467764078909394,48.728169627059302,81.052304837704256,-80.530710903781653,37.022643158824124,-9.150189863669187,28.214673530441232,45.403459288137135
100,-21300,2.0217069261478211,999.99949033455857,223.43022848241239,693.5565139523768,72.493429675817055,189.25942108127475,134.40024856236417,760.35773812485559,329.67814563713887,377.02373537828112,605.46387992970335,111.36455179751732,260.0406672069484,2.9383060046676732,693.07355901472351,110.14099289329927,507.89696630611337,707.8885837721416,72.416969146940374,394.55771930643272,504.14196909418803,505.76764442327357,872.58341169647667,601.28558893434433,270.58723932578874,845.52718682387967,903.63412410290186,100.72934624263854,990.02362947457152,863.66253682291563,981.3533036738379,658.06980914042686,43.313039328664971,383.42032013751577,606.44432599132756,811.48483621990408,551.54145456670699,602.21618014179569,421.70662870339009,426.03718474108791,541.36955960954128,809.06533642735587,668.34602119802878,635.84388923022414,806.44370182011494,598.13829978954686,286.25232728652549,211.70864693088737,304.79226221930588,174.36433901643275,177.9371295250408,36.357545057022719,230.09243213257031,196.35405564012129,655.91254896575629,658.75359001007155,351.55908842353836,199.05495384226566,255.70321608834081,903.92685095319541,273.84575148747354,382.15244459999957,928.25176326333656,53.8900914929824,477.75383979371355,119.76474557449248,921.75376284076719,921.63717806124453,517.65958641277723,796.99604372501824,139.97894803880939,749.67729207494278,626.2932240458772,530.86908350062345,814.57030576128659,143.92613164165795,264.75792834822136,853.6455102773258,298.51233153850023,772.41112552956565,88.728798995092362,801.57795835104105,420.75502350053011,814.51096597290052,185.85418958741511,746.53801942449354,677.32808515801537,374.45130549372402,821.52999679218783,479.21234775551852,824.33419225847274,465.53749729651122,740.05896192249656,12.668655366364913,379.28660033954162,664.372685016785,165.48398310056888,712.02615164400265,586.87065611570392,193.40953756209555,84.343698454218043,-10.014368466075851,-23.95653930022096,-43.066795227843812,-34.996519544350491,41.655547230413951,-68.251254465984246,-74.371425225084138,53.22759748069614,33.250394911369185,-61.173558583777925,51.882317357713049,58.969865309265735,-42.446457285235525,18.403045474528362,-71.049234208240875,-10.501381790374225,-5.6229696232360551,67.702566676753577,74.91603476978969,-57.655401168877816,-46.105168491105424,8.5247119215498675,-82.629001643269149,-30.06000853446708,30.101901669520096,-69.633620480016063,-64.10686753139143,-20.753680482831061,42.809780913128073,-17.477813913744725,-2.8542759100250903,-12.213252214335323,74.989083013102274,53.931798766570836,-78.941064577651105,17.564855795254132,29.043205892077381,81.122681621725206,85,-58.425025486210473,-64.707499959659216,35.217890946094599,10.334317685509765,82.130752065241737,-28.138613563861593,-71.727267663386968,-17.620994382762582,29.979889588457436,-16.739566237667162,17.50872852085881,25.178024340216865,61.899819640025228,-10.292662224641337,28.686697109633002,-4.4990567405184976,20.888655184413935,-14.308967290780053,66.475735784669837,53.332214048520406,-82.176949461513587,53.980740424695384,-80.829708477572936,-48.875668067969158,38.554115934873899,-70.472232385768265,-73.991841703986637,36.290676776949226,-4.3462641991604567,-68.582679559426168,1.0235743195614975,46.84177656982591,26.388942889673352,65.180608568261107,-83.986014520122353,5.2774274640899153,-8.7083416441563575,-35.513572733579124,16.357980082827936,81.751815442463055,13.756264421649377,29.162121965161628,23.882207033311772,-2.4859400915640038,-47.029808958743047,37.467442402657987,-35.194950844817292,-45.287688013151389,71.861691365280521,-25.445701748258038,-68.366156311942802,-4.3975206472455888,22.617252953175075,29.265179634234652,51.291702835900914,84.981700833898373,-73.533051633293439,70.684370774378948,35.962802768329098,-29.274799732519025,51.020261687884094
22200,-64400,2.0526053707565444,832.23455705919082,7.0918594621179167,353.98506235458615,58.911284813400101,187.35555454451219,160.80392617588276,812.10483928239933,357.88259488358921,386.24287150369304,604.60214711273363,383.16908303936032,77.475089243429665,123.50587083451998,712.03134105338836,73.535620215309208,505.31603037488668,692.38708746569148,64.783402642356364,382.66248218554244,803.10189115152639,527.70015477975244,938.46547463790102,562.32496748929407,267.61951275952265,845.50081444175635,923.43169996846268,443.9838256523264,52.479820831751738,180.74570570384441,932.80967389774639,234.46877944531383,790.0783553501193,980.82200877543164,503.39217747646364,881.27088297464661,582.04677950979999,870.86520126292226,1000,400.20452262385606,526.78751066557561,824.93472593768297,691.7296407864369,637.41434370804018,378.39772727635238,593.69046209617477,274.95262637735408,95.78056743020953,103.35604687234371,164.23245602370037,573.40048643633281,5.5300753187398826,195.67814725991832,192.44405698998375,664.58081372941285,847.84048946243752,372.724084452829,213.46993971711618,915.67855462687612,901.754174762042,246.4203702016099,381.27631992113766,740.87403992471536,593.01702674203921,393.1129843573168,137.76563727528861,832.01102617756783,86.09708567447035,542.55943864713561,783.14334657394443,139.85554481335728,748.28928247161571,618.62417904297308,531.87320236990774,815.89337154624263,582.2067629399138,23.295508776557057,801.66749804677238,278.48930577622747,759.71663529230227,613.4577095466251,840.37500713020142,303.06458489577784,21.201663980236191,186.58885644736998,654.5318268162431,678.56794546619346,332.61728201955208,738.2565195065331,458.65607158305528,824.94007448402124,126.36727484285113,721.63271009572793,8.4336151683896219,760.38441306635286,812.34817724086543,459.14092789975894,725.31659946237392,588.56861154814919,229.08289808512347,56.713476147438541,-30.920791391611623,-25.457253341561383,-36.224889658243505,-37.678545852241953,42.015420509229614,-64.847121449041808,9.5177789674917364,56.396700688556379,-25.459898316415483,-60.363681329748353,52.090343159587007,10.282207405926973,-44.082727833677154,21.601000268898442,-49.420819909786374,-4.9667851382860047,-11.387352283029349,67.924398162168913,66.791206642495567,-73.929931985807144,61.894062284428912,-44.395321270978741,-84.487034611989827,-55.506870350217,29.384578672688125,6.6659358897554313,-71.569441272903561,40.4215849556603,36.939916845665088,-17.199939272512704,-0.42026588911770163,59.537442258162244,74.9906179401776,64.89698883698928,4.852886458082196,-13.392547499107373,23.589748904194987,80.387969555177449,85,-58.456559187895927,-65.386800368257809,3.0218695570598695,5.8517578776122559,81.898329277509603,-49.941183008846217,-55.905311378966907,50.00070990530007,22.973211395797382,-81.012766660868721,16.978498454671911,-4.3461660206492798,58.3451108730398,28.831797224248508,-75.890123231248538,-3.3864173510423301,20.878027891073536,80.927497024193784,61.918590259998886,51.983134179828866,63.522953804039119,-26.163081325171888,50.371814727239702,-52.885610161904069,43.554244740212738,-72.524158199120947,-66.02943274916008,50.289406251429078,36.206597225335351,-68.582440712490367,1.6500615883449576,63.296204080205754,21.190059223761711,70.030725191693932,-84.888283263317987,6.4519171641585782,-10.068734720099709,-34.244244366819544,16.764934496375517,81.954715799679903,0.64933976615851829,30.454862633937466,29.348993972845378,2.3920511289181103,32.232390747804573,37.645635138278109,-35.907368715919972,-44.223377789390895,72.118415418962883,-32.149440348569101,-67.677882633467718,-4.1319806640925547,-57.046252153254677,24.403316185251214,48.873721324670704,81.860959411397886,-72.929085745678293,37.018733171420934,-10.343610678590007,-31.88219701791488,45.518811238608436
2000,-51000,2.0220997461230947,1000,192.79614329184162,685.82349652079267,66.526927310957177,195.08920613908731,132.57422127111442,535.22591050791812,115.12588874186238,372.40175492834402,604.40901152162678,372.24963533603233,157.53002753422493,99.600276200304137,631.18993485503779,109.71904440607433,588.98616612240676,699.41103772981432,490.20394171356679,389.29232703614207,836.15701590838535,325.29588299656632,921.02297264106085,562.42348242107573,262.79629095258315,875.10950667120733,602.52540304446461,112.48969476771831,815.59079566078617,826.34002849754916,153.74582384033442,247.26721881975541,741.03281446892811,859.20464082637807,342.27312701881306,829.82678370511667,996.14200554087552,605.72397580396762,989.65500751219702,450.9680438987088,506.33491899212538,887.21721583261478,673.82761628705032,632.77811370636141,309.78080680744711,594.2588790795096,277.26721385981347,230.81706430560359,311.32697405338604,164.06274450433801,493.13970970130396,38.636109730742511,222.61697793605168,188.12935227940397,657.22694612122018,654.88819995005088,351.51868716902294,236.28131516494332,240.14994890252802,946.19766627504544,274.52292861761543,415.57105641652646,965.95732098991209,41.751617039123559,453.06963122881405,786.01378349076344,826.39322859925664,916.68603675946929,517.03044349197512,634.83492334157518,277.60278639482829,739.44350275365946,143.29653216075474,544.31495015806649,787.70888104624589,148.37224021231981,313.7017715001341,860.13315575171077,295.36920634585425,654.59047247566002,62.586347767449652,799.04321364232464,301.29443679096772,802.54976918464808,184.30153871068265,735.02580931244574,667.82191632294109,381.04782646417823,185.0477353130936,458.083830181976,824.10101837626394,458.63094630473273,740.35927245918037,123.55527824958368,744.67367931640422,663.52558919613216,413.77341535036828,724.6470286371748,586.12648279021187,229.08197351164844,71.425710086764312,-23.530206147115635,-29.362341059893083,-37.104328384195163,-36.136338317679588,42.187010759864705,-69.441796950805738,-72.584848479708384,56.664987455613193,19.663878213046459,-61.215522341922885,53.109533118497303,59.742868575319918,-43.953201225461243,21.775754408596043,-50.09168053535587,-5.2072070305990117,-14.521664720591556,64.399198411180592,77.504599029222803,-64.159642682895196,24.706612230511794,-50.622072248614977,-75.529385686533146,-26.09010411112703,34.729565441531534,-75.378986440115341,-66.412131568238578,-24.289755625676406,39.673453706974087,-17.123893767715497,-2.3991395276530261,52.075636780374367,76.540752708822993,53.652490843070588,3.7613369830476309,-23.23501689342184,28.440273341934862,85,-50.721879915819287,-59.827239193727145,-84.546719807297478,4.831152789424948,4.8164109301285132,81.84127250752266,-25.910773357189484,-8.6219666935386599,-15.775163083650238,24.537081556620944,-13.509401763644632,16.911071442666241,34.631289684806639,60.949794194294277,33.422307526306149,18.501524177481166,-4.7873267542907456,16.434559593249695,85,63.884530747573372,51.990179387081625,-77.66969828693567,-25.008387527780393,-27.660415347877898,-52.148528449701722,38.098752755354226,50.534929842108696,-67.857032540913835,40.47200458226996,36.514537117388372,-68.59975751034878,0.90794493698622247,46.439123421753557,17.264230984623598,65.354281639790187,-83.958250988005631,4.5942254446705117,-9.4526799289401655,-34.368037041661076,-2.3959079216061792,81.5522932987095,11.639954339882729,31.664675190694034,26.841568510956613,-2.7860291107083826,-42.762174618186478,39.549871010462567,-36.269437750634062,-25.835474780256728,72.274477973324707,-25.472836028911743,-66.348331191558742,-4.2029404577249538,-69.886680267380299,77.881939714804986,48.455085071048067,85,-80.743390941434882,37.056297731169053,45.287710923837238,-30.931995145156915,54.102718501483373
900,-36100,2.0590824176119935,991.91768592505355,208.26806537958862,693.03542982208262,59.600129179918966,257.26583525187914,128.61852715145102,548.66562167011409,128.12457109962565,376.69437732568383,605.38036876418937,128.01718439186243,283.89428630402165,330.45148594553291,595.34723629192069,110.52060468558935,506.61260960588299,699.81412284784312,91.535410336619449,386.98620937975807,837.84466130870396,505.94993119268008,870.36012101928861,555.62857362652505,262.78379932306802,844.25701915967443,201.27553307485493,120.33337606625091,855.96757668976193,819.53139321873289,128.34916493966745,219.84770989997364,18.62674357577697,823.25064360099873,864.17202552998435,829.54730597642549,557.29492933102347,390.41817983225684,424.44151986533751,459.38673477664759,510.54160201246236,427.17365959462535,685.99440587767833,527.53692989836429,383.00229837249964,598.21811774506114,278.62335256349064,230.81893194195771,324.40465209425014,169.47982405484811,565.31342823441662,35.102607387823028,815.0337097148356,189.32503730937827,626.34006564124479,881.26781497238892,351.50263858188055,169.97165016612846,239.90621372075799,500.7952176979411,275.06970674900288,363.37932258385928,3.9554589288066495,71.356234051161096,246.78199444009897,74.057266686586331,834.51647361864798,912.78964390771728,512.33079692259946,657.23392917817387,164.0444830425817,739.26241358763275,102.06398047712085,545.36965791066871,834.4824694001644,522.70474944709952,17.426777218915419,818.243094109754,162.06983217037822,640.08270406256372,73.1411115136289,796.14535915115425,303.27486167688448,816.5916108908059,183.12432456924827,841.65216297794348,667.7436396728599,378.7404145251686,766.04324566886385,456.88070619884502,439.29613058790716,460.24211133815237,739.74689624935331,127.62600523471859,358.20428445435624,809.48430413379424,449.91416838539641,724.81971823342292,579.3169705586098,341.15130961413956,44.24258073195962,-16.656027294065261,-29.079272783409593,-32.6119019939064,-33.831164118285201,42.573367748553792,-69.434478934293253,-77.178658375138255,-54.306147682242297,-31.413028147308982,13.83858290142846,52.92276719142216,2.3633433901206438,-42.387971935451283,25.475320608261576,-51.230078556654433,-10.515337527255252,-12.114906405885137,64.762191709179646,68.974958497431814,1.1738935167844495,80.68345983429316,15.314624765127727,-83.351317058734338,-15.709722798366526,31.117504458036993,-74.908597850201929,-61.421703643906319,-24.250410555441569,-52.352845013861526,-17.072610967818463,0.45162363392694371,45.557038266104328,76.553426759816091,54.251934035539755,4.4623187772119373,-19.589377244588587,29.329669672019925,82.076918349782773,73.215431817089126,-59.925854118598544,-84.927496550775473,-2.6382820438442671,5.1238959107040305,-9.4642135223929884,-26.948171386600929,-15.168954828192769,-6.889503233769295,72.146352407424288,-72.380272311810614,17.034635663438873,36.031322708546256,61.281921618214447,33.428405183839388,18.177074285970939,9.7560006998450106,16.044083182939083,-34.050625416369783,63.178397466598824,52.391084579608254,-78.149911634254266,55.385770887055763,-28.517386189590592,-52.152182248045563,35.055621927399407,-81.276564882384349,-33.511490355650473,45.270215625296856,36.477032585071953,-68.609639918384914,-61.981591912718798,-12.724920661550101,21.011920708236836,-23.207514685591455,-84.940356479065201,-17.600716917068041,-8.7582015927436085,-35.629795961116876,-4.0148590870330976,81.70572105635307,11.094700621093706,31.665961546605313,24.740190567149412,-1.0986486568401261,-51.806395621667704,39.596997540436433,-35.00045179681765,-43.644820850503869,69.556444456432587,-24.692811087136118,-72.39746454734221,-4.1688155504435818,-70.231416472513004,31.466100938989143,51.338053755214247,75.997001546971873,-80.540401891685335,37.066895817860896,42.880359186024968,-28.065213282519636,45.443264526082828
13800,-63800,2.0579607248696496,975.906393791185,26.590104999368108,342.85353532707637,56.88639718901257,217.23091125465595,138.36783892181026,179.09173014620012,16.268436275550414,474.47613035705217,604.37063192350899,369.1736593425216,95.19067101536946,64.167775673444481,327.22843848427027,79.473187642988563,610.82966490043077,521.64010696119817,90.878093677997384,388.8898961015741,848.36516727478613,551.99928863983769,909.07022123279569,568.31454108559205,269.74281744141621,843.87430013059679,63.786860066779582,113.68915457180066,63.886329277778529,787.9344396353514,169.10847730551433,676.97151706375712,785.06224505318926,941.8400414042103,568.33487272554873,847.91513777396801,607.1614247686947,999.36706623516511,984.70760992813871,423.67378336097846,529.03304454190697,811.16142983949339,680.29426275879268,666.68035109191965,369.89388669590255,597.85027586394767,272.21169149338999,191.84330719975614,90.14377733024898,170.80544606111215,562.73413600850381,35.854711980029506,823.63240178985586,190.54668748377495,657.47315952890403,633.52729218441527,348.33072567929645,221.79193620357862,951.30038829435318,491.88670119892066,268.45476502208811,763.75474758517373,887.91364502810143,599.35337120699455,293.5267606493818,793.02667335891249,898.43173495547046,952.09426685890526,517.89371288210043,770.71375937836206,139.96961946810862,748.50347744148382,633.44001611178282,458.94805956692886,828.00306406492575,563.87066669461956,301.62843533244313,798.29175191647334,297.66001594148133,779.57754038452128,84.33942173298999,796.68594886600783,31.896059061308122,171.78028373117721,186.69380905339773,743.82626037764373,667.92211223721506,321.87536574287822,134.99035550757398,480.78037708792357,824.61374254784596,483.83285594349093,739.75597770147374,7.354741071221838,789.1753483691167,794.71319326043022,419.05501689987597,724.52851929782423,562.23951904104877,193.78350837536874,194.16655150741968,-31.401036343086719,-34.811912488658024,-36.104720327852561,-33.848064731500322,42.144323086682206,0.74654684607823896,21.936528363155276,-5.7109399912371863,28.000548922308845,-76.917917176895486,49.441681934369804,8.4085423050801413,-44.080884571572625,17.721594573296279,-49.315437468830709,-1.0279369153904134,-10.945113942179352,64.536056286944628,-36.990042888088155,-2.0750224030681572,74.631942085764791,5.8882742229229592,-84.885019829738454,-55.45042719337988,29.804721747236755,-69.981335709168619,-64.459956942808645,41.149429612713035,-49.484610568098248,-17.599785446367019,0.066691337785129035,67.5079651376236,76.44098270357081,65.298981621164103,-75.954698287703025,-17.18207837473345,22.153715553331139,80.591700710724183,-43.979663915382304,-58.441120603767942,-54.88511447585271,47.410236262733264,4.9656474170493468,72.425223579262422,-25.61973518422748,-3.3809220789892009,-10.588530836231509,27.660379044992759,-24.881285796654396,16.807059677094884,3.4145330030956167,60.946550571247293,34.033566917696376,-84.497031826947321,-1.1440184705935392,16.807548204328882,74.070666960720644,-6.9675942834782525,53.481459917657389,66.428006932534331,-14.602628187825729,-36.959599272864054,-53.107675359263148,7.0566843639547869,-66.435761777530175,-71.903873149385902,-29.916416795614904,36.002656135422647,-68.565839688333014,2.0621106928152964,66.719370580930899,-70.673888047202837,70.180566795146291,-84.107786674716905,5.4042349387122943,-8.4851466778883111,-53.279533775475841,17.381039254858166,81.284348017025479,32.380641800749487,29.918411295205182,81.103619279803013,-0.94283100221984029,-51.441454341127759,40.877944871028028,-38.563615027326698,-27.262293962746103,71.462089669708774,-26.841336909858097,18.432952842679256,-4.3882987225622996,-62.231630598093687,29.792413786932446,49.598717143373598,74.703327377179349,-80.207361362940134,37.533580731484683,38.316870828959402,-30.406503872367342,49.892047302064526
700,-35300,2.0220964426062089,999.99999099683021,192.68805223772642,693.65661655326232,72.665779997673738,156.06480142726497,132.69287464709325,525.30557134812238,319.8223505513489,372.35007546241724,602.04863040015118,373.59962629764271,269.47449506926455,299.38281863244526,625.81164539395104,81.295189837727932,507.73482272955931,692.99746905037978,91.04326967785309,389.2744933563618,838.63013907143068,314.80794823390499,869.0980594158226,555.55935717848308,270.50433005283134,844.9426541815501,975.53797283651636,110.32133632209073,870.59432052543946,877.69404542878851,997.35986857455725,250.07691778998756,719.7438602513613,849.2987012094892,591.51970220316366,829.64681229898054,464.62902789077015,613.75155130834435,423.03796592176457,425.64842033236113,510.80226225144344,480.75409839268684,687.41107958477107,632.6294390172867,783.90080790837555,598.14753824201671,265.36068814370196,231.90484960191955,111.07686855198642,165.48397611513616,488.95795579556318,37.039913281682033,242.82052614279456,191.24984886739227,625.56484213540205,636.47259232476711,344.00649495105398,199.54107056962786,60.436369103869467,534.42682268006331,305.67070811186318,445.45896843483899,947.99575271400806,33.144244781600783,471.005361797175,66.510321704330508,909.28326692667349,910.74855153744636,516.90335827322599,650.65854813199292,142.25903097909409,739.30192272321062,48.177012316141486,544.31864757983112,814.36017678919347,160.56701308288504,301.48025578376598,819.46546080470728,290.36015389494429,653.54579855233931,742.2240929832144,801.70547302997784,416.1499494601502,836.37168798865855,184.31922477738041,794.47410875537491,675.55457160775518,380.8945023116118,181.36700485930334,478.63708947627617,823.99401433339472,461.25297051970597,740.35559891526486,110.17935062689986,736.29028935178235,663.54011573518312,454.94864607805454,710.15979365943701,586.29738561196825,188.42672301899256,44.945617559074336,-16.361433640580994,-29.390362455954122,-24.9564772623248,-71.286272276152772,42.162529501011477,-1.8906199774274839,-74.541077271265834,41.561918449792365,34.195434902652643,-61.908049501770805,61.500377186160499,59.989552880306988,-42.506905310122605,18.708493172171888,-49.930038070641167,-4.8203300769846136,-9.3571740837498538,67.659153040924508,68.877414993445782,-64.93859656074909,25.91383350329372,-45.490830371845206,-83.44842163475117,-23.819484324964588,57.407509777328769,-75.45522257399243,-61.926020758294442,28.053820865018629,34.720546805538547,-16.91869171970805,-2.7761789109738624,54.899616265775919,74.967313173600601,53.309222792395104,-61.703440529783926,-16.432044337447017,28.885749680194301,81.152445015928336,82.594592474857521,-59.934457615675832,-65.012428141264238,50.655251273235692,5.1265598816944262,81.78006977017418,-26.961081774148131,-8.5436638388583503,-9.7993162009912265,24.03798476083168,-83.024837000233219,15.336326649829985,34.737177708206104,60.434820772589347,33.437710235955294,-78.025962497348772,-4.7570019195050923,21.289350105592856,-16.698662347716784,63.850708799144861,58.028437420486263,-78.05904051156061,62.237504936450172,-32.436402194779049,-27.1857906729999,38.325040472184483,51.981965444343921,-70.215748101884245,40.493067845585514,35.908918331736785,-68.612666615191614,3.5236962732409474,62.748282776176623,23.258471679176793,-26.328854403937591,-81.952146886283572,4.8473173587102467,-8.6229589729365941,-35.846006987869252,-2.2468621114924643,81.919166303609245,-1.0083038895010743,31.660734228599424,27.322828711066684,-28.269194323925525,38.179936946341101,37.458004256815428,-29.150455234670265,-26.414030100959422,66.048029829838356,-28.687215137670048,-77.654836103303793,-1.1260861697623206,-70.364081225109913,28.968049169563422,51.269338170408929,84.794117899727127,-73.096401750024995,35.587578908139498,-10.221746739561894,-27.696545762737284,53.992854655115437
4900,-60200,2.01739269175118,1000,192.55672226068879,350.95922610719737,58.587775730553304,196.42009502806201,157.94169542676136,798.92997299580247,102.39289132612834,471.16363049630354,604.91653476240765,114.20853251971079,270.57176784799344,91.728584092941105,624.92598274080888,110.37844422522737,599.00404448312429,693.67631047662758,75.226342999703064,388.84641458699315,848.92560292513076,522.74093350379076,937.86148742852208,563.33112360031987,271.51975059577347,848.228853976241,961.6201139894373,452.51429450698163,815.30554690965653,696.41406073177836,981.85584368833543,665.44091162721202,756.09666954443082,976.71638995124306,505.78100047770778,834.29306424857134,611.48589541157708,382.5130130085667,491.80284439830677,447.51861368527977,678.33704080545601,883.08246103782449,691.53958414054341,663.56486309065338,395.46435618910999,594.42954233159901,274.88583863741434,197.30785682018774,302.88587771991371,164.74592850013642,180.49300654947001,1.8595317220401417,242.66598835256372,189.72434578921354,628.10744564413869,617.28971174657283,347.45691055340694,210.98565545297814,774.88780936754677,908.17907075996141,269.93710793741349,811.28606782576674,934.88910088909381,578.04343719736175,388.06383553181922,793.43257765868782,552.58051097203452,908.49255783860667,516.87956329816723,639.98351093225699,149.27601578256863,748.48571817033246,933.57374773605306,535.26411719557916,826.17913177157425,201.49982559674379,279.35797490211417,857.30340393856352,288.76893702415106,774.32914075545318,73.478224939493487,801.58390259801945,272.42504543753415,194.79130146053387,185.9039478080102,324.69410355658511,677.14801130411615,340.60739517746413,782.75899355306012,477.98434098969881,824.45150284619092,419.33631971763145,724.35246746023745,55.995641237679095,395.02332082341724,800.76690088741884,402.90531872537019,724.55677190970403,580.18794703145556,192.91423249925305,190.53121306853188,-28.106629280261174,-31.131055580869013,35.002490796231982,-33.583667235656087,42.090565153275037,-78.666444957809418,-74.751875584551499,53.343067169964577,19.155449923955146,-62.221290578508764,56.143931643477956,66.798201850509599,-42.322179271937436,18.379578047549625,-6.8665151714463377,-58.883570585330929,-10.736274250441898,67.87227185526433,-36.265340564438759,-60.677138753201099,-43.507841367244644,6.8156892165294689,-83.381962170490809,-53.920649976849447,29.626930259450763,-70.65594993550819,-21.099334499692613,-19.510148154587934,-24.333954723165206,-17.573311449795312,-3.6521285892734268,66.122206380216042,76.500222690904394,53.519132834089469,3.8550891169722021,14.675044378967335,21.427758451196695,81.13359836496501,79.449884647238562,-62.186231362649877,-84.329859357116277,3.4821053027084687,-0.57667396125855941,77.59862400043184,-28.243769126573724,-12.621159845163785,-20.582140533519979,25.403892077378483,-82.118165568517739,16.965499247166452,-9.2222050283401984,61.522929706287272,35.039478532189065,25.964762090527465,-2.4494617865713,16.892836085922923,69.191645067948812,-7.3487943914357157,52.154123308273526,-82.143128162050374,55.436937370120113,-40.690654877791829,-43.884469682225969,37.740103267935645,-59.007185351090307,-11.820085615797897,-16.870686857372284,35.838794171454431,-68.494236658874044,-60.255479180408635,64.547243871722259,29.071956017411367,-22.581201173798235,-84.055420685901268,5.3417941481161,-8.2609356871252064,-37.018131244964614,18.453336043517879,81.754898248554312,0.95273192633279125,28.917400975177205,73.064427142404867,-35.980892582313771,-43.968709976804504,37.478019050896798,-29.545183599539087,-44.531415107726453,65.880256296265543,-26.520574514464371,-69.607710245556731,-40.420254903757296,-57.022624149428523,75.537044173900483,49.655416853836456,85,-78.709344306341123,37.00754933429176,-17.738114963988036,-27.362082322376871,50.435670745538857
1100,-44300,2.017564429188424,1000,192.85799900044032,678.495588740058,65.788117051437894,189.76203365500416,135.08059844125495,756.59624496571871,31.963218741723338,373.12046587832953,604.87104349242702,369.71196312934364,164.32075910713849,0.78794020366499296,618.34077531936555,112.74437295698287,528.29296762643446,705.89445000587216,92.476439170355306,388.90050955826752,829.76817257870505,321.14315331948558,871.32788033599309,564.71160322396656,270.56964830565232,871.5040561059692,947.70384006986944,455.68303091807024,1.3851546457317454,702.26124155206981,976.59731077343304,667.01697918501679,758.63883239013353,365.03276086436409,318.65273598266754,811.92026065744199,557.79312967819783,851.5936704356526,416.52049303445347,415.06807730109688,529.43250057572197,525.93166338394326,696.89008188936225,628.64786005266478,777.19059187695404,597.00063837124367,260.50273974015278,213.2624141849291,112.93885559846143,171.86595083857893,582.97225896981581,49.469367306857855,252.90618102949358,196.72262834661265,627.9634866861112,867.00946360645401,348.86752649754482,183.74836533794468,252.31193593250595,911.92738370062978,269.33912928191171,492.91544179912142,967.58753308305916,2.821726711421352,466.39197304097706,775.98939509706611,808.12519434860997,519.63664987953939,543.38757426159646,772.88719539835449,138.30618668996203,749.15895083992166,946.87611064928399,542.81659773253068,826.59509234484722,557.01413994681263,313.67729193565759,853.62020662560803,216.74510234375623,778.54667334297505,80.014698293231362,798.98281902485314,48.010615726931547,820.83029884662938,186.30460644098713,716.08277157545945,677.02463921387766,376.77449421159366,775.24948494652676,479.35865057006231,826.24954662421635,449.8748314455371,721.70982333407619,10.79067579318704,664.4717692141071,677.42519946755976,450.65354604889507,711.67122361606448,587.22377319662064,229.7230614187462,81.171378528344647,-20.462125233876147,-30.261616292367446,33.309982021917989,-34.979213214933097,41.887994579329735,19.437440677188906,19.705014049563687,57.913944296565774,20.398988241666295,-61.626668873941227,58.764053282283143,15.054603148069987,-43.887158551376231,22.449892614320433,-5.6922431154903714,-10.209707909041839,-14.441571591458182,64.453005455149736,-30.822101383474784,-62.380268095906168,-38.305043815333811,-47.196351265204193,-84.754646139976785,-25.160419083231449,29.425688107706453,-69.99584261119405,-62.789672434177206,-25.933029552055757,-51.708489174647248,-9.7434529445033355,-2.4080043233472614,-11.484912899085224,74.884511967460924,49.917767821573726,-76.461633012294811,15.25659213950291,28.876901003036142,80.710873361278061,80.579789943541954,-58.527348407097335,50.270613006302575,49.415075952631256,4.8998119128280546,75.047566195970575,-28.397038572981614,-69.179117982250432,-20.416715110421798,24.060116339266546,-83.145727542467142,17.142803188238592,27.957852164326074,61.659553529465185,35.373336229758912,23.050786762056838,13.47935898988769,16.858314506077932,22.204933806844931,-6.2074575299863977,51.594164061884705,35.273963859925118,-15.169199294115367,-38.535069582258132,-44.115284724491538,37.970158679199606,47.825766704590151,-73.98952631647343,-15.529949968686493,33.681907773860374,-68.620983126648881,-56.318553891037446,64.424216165185882,28.846027820306702,65.374865112952165,-84.122440200711125,5.1093929830418645,-9.702153566238108,-37.062218701478116,-2.6875462773122436,81.729638553917951,2.4158132546861104,28.99408139295948,75.178062718134484,-2.4291806145474499,-43.257679655000381,37.466636010944583,-37.51552269557034,-46.540079013891308,71.915048815295535,-26.473798391120674,-66.501632393230267,-4.1250051213848966,-69.696444127831157,77.106835497249719,49.494112580912464,84.200475406293251,-80.842568761888018,36.075786024396571,37.09609934245286,-30.036201410831406,47.921141677377349
2100,-52000,2.0172553223569776,1000,193.15624832534959,685.841460867568,66.55766694765569,730.5411511946952,103.74242151454143,498.19488144147624,107.50616700435333,372.35578740021401,616.59560801327314,372.14492117657744,158.04125826447887,98.989597685588393,635.3388999865216,111.29869439537964,591.42070107765471,694.23642699319851,480.31902489989125,388.74697993165245,804.40048369201327,325.28925320481534,921.96810499691151,562.74382808943392,262.7214224003265,874.29999195523169,627.26837219859738,454.78169872512882,53.951623844525884,687.73550239544136,167.08924105252305,187.19416468157533,756.20395463886518,868.98002633916053,326.71235593189658,826.99974633497948,555.72239968375277,859.00070202251413,977.255155210167,448.59156948435219,459.64725095702471,874.21211707676719,673.83510673654575,625.70493705510978,735.60536577059315,594.16807092547981,277.26811398443692,208.97213032837647,310.73130385199431,165.35450483756227,592.26196147435996,38.635260929242001,221.50289227874003,196.34366979401713,656.47574107705202,653.67114238599288,349.10166435238159,235.66846562864868,879.3588875047999,522.50033425846254,322.75196907648836,415.33463444612471,968.86481660242112,150.0340337237559,397.06277932038165,787.365000528255,516.01974690705731,538.04878265943626,533.80562550046272,635.03162402368343,138.04509258330691,750.37639863477602,949.29670271443626,528.50298996847653,787.81074215658077,148.18490975053527,309.73316437658889,859.77942429996608,295.19371875196106,778.50884388838529,62.060298398124644,799.13137430796621,301.25830961567374,314.17052473667218,186.96191433100273,734.8966554933595,667.54489272693684,376.64456135688891,819.96895192168267,478.83950012089576,826.37540564727681,458.62671907387863,741.39682782596287,41.958795357697412,761.09380792124171,674.87739199508223,413.84480740533553,595.52795676219534,581.73277105852355,192.43401409464383,70.127922263554439,-23.703460658900191,-31.1136405522583,-36.904738897742284,-36.568057772312685,41.881246101480308,-65.049908984764386,-72.549882844063475,56.47447074125995,19.739795100414991,-63.137978715316855,53.10852959029534,14.99137580986665,-44.079724879788337,21.845558610658017,-50.080112973473931,-60.514279668247021,-14.545602668521322,64.393428937193676,77.44791358268111,36.7360337964165,72.165087146590793,-46.918565928694107,41.356301068039507,-26.575704080538348,27.923601152274856,-69.301591902759625,-66.454147175914997,-23.240037537035576,36.135833772935079,-15.980380443044984,-2.4183272438820467,61.26774931240756,76.544884193884158,53.768228691626739,-59.251353990209417,-21.565876091553825,28.444738945974503,85,-48.048011864525726,-62.052726915105559,-59.908788519921401,5.4068164873822404,9.9300382910237666,76.796555589692787,-25.900843209403099,-8.400585236724126,48.735067090978646,24.479677583772641,-74.043400453466589,16.886722369736052,30.858324553026229,60.913529577612564,35.426988945155266,22.732813859358345,12.782451576053949,16.803514445851505,84.856896047782456,30.861674200238618,51.967084478349783,36.641706894642269,-21.839174658668099,-81.843060487071767,-52.148314030556953,33.224319742339667,48.48910259681535,-67.688308910436106,40.534947258917597,33.347749108307319,-68.599515904045987,-54.663772471140852,65.904722912986017,17.225215528692178,67.898834353129971,-84.024519449373287,-18.1647480227983,-9.5400875947818076,-34.315089063299602,17.148912412884883,81.559194849581502,-3.7381120687903766,31.623150629859659,25.254347644857564,3.710895143953608,-41.674243696359156,37.466525965305124,-38.711174129275165,-26.283938472603232,72.32901644619885,-49.878890157270327,-66.285841911795814,-4.2025231560187644,-57.783468397202945,77.3543263843479,48.376960164108581,80.590482235685158,-80.730554324240131,36.10174882132052,39.090838197176637,-31.113492032461814,48.877488211009023
