f0,f1,g0,g1,g2,g3,g4,g5,g6,g7,g8,g9,g10,g11,g12,g13,g14,g15,g16,g17,g18,g19,g20,g21,g22,g23,g24,g25,g26,g27,g28,g29,g30,g31,g32,g33,g34,g35,g36,g37,g38,g39,g40,g41,g42,g43,g44,g45,g46,g47,g48,g49,g50,g51,g52,g53,g54,g55,g56,g57,g58,g59,g60,g61,g62,g63,g64,g65,g66,g67,g68,g69,g70,g71,g72,g73,g74,g75,g76,g77,g78,g79,g80,g81,g82,g83,g84,g85,g86,g87,g88,g89,g90,g91,g92,g93,g94,g95,g96,g97,g98,g99,g100,g101,g102,g103,g104,g105,g106,g107,g108,g109,g110,g111,g112,g113,g114,g115,g116,g117,g118,g119,g120,g121,g122,g123,g124,g125,g126,g127,g128,g129,g130,g131,g132,g133,g134,g135,g136,g137,g138,g139,g140,g141,g142,g143,g144,g145,g146,g147,g148,g149,g150,g151,g152,g153,g154,g155,g156,g157,g158,g159,g160,g161,g162,g163,g164,g165,g166,g167,g168,g169,g170,g171,g172,g173,g174,g175,g176,g177,g178,g179,g180,g181,g182,g183,g184,g185,g186,g187,g188,g189,g190,g191,g192,g193,g194,g195,g196,g197,g198,g199,g200
100,-21300,2.0173567120264067,999.99998279963677,221.58837776898557,693.51224883347675,72.527604826665836,220.58034036350006,105.91397425200233,550.9452087341167,329.66374053592244,373.24000240725115,604.90056171322396,380.6199799757423,80.20874375390477,45.712843701384401,693.92671702356904,110.082649839106,503.93743133415853,707.89524755593845,72.411123304221491,394.66793516026883,510.03607564537322,308.02445002130503,872.71843993083496,600.03210674163131,267.79129481934046,845.49324387600154,903.1276966980754,99.902545277128752,974.39787052471661,817.43867836251979,981.35505471935608,248.57027848875956,43.919902934314337,71.243868486225438,319.43979041963291,811.82159887252112,479.25483912164378,590.19352357499747,421.36580226416748,426.11346354625965,536.91020838302404,512.70694582275621,684.4525163259068,635.68965643132731,368.12665524609145,598.13713536366367,286.25154459560792,209.76001985328926,106.12427025884307,174.29057741766903,196.18701036614894,29.230600618838359,236.80901584587227,196.34242542610738,654.51312106112618,644.41437657171116,351.58272850033768,199.27467431168441,51.110328843098998,539.50781762431245,273.81654286330183,138.49626365910919,928.37588531641359,55.582476229775708,479.21472757710154,56.149893123605501,917.16954071242674,921.55838703962138,516.94537148191523,796.82967347360704,138.23744730382859,749.76432154124029,632.42605572716866,456.57762406894693,813.71107079871558,158.08281290398199,260.98040442528008,853.66794343324307,297.92436164563992,774.89446127039309,90.662970879552688,801.68768592511913,420.33036188361018,770.8599411568099,185.8233248594222,741.87384926566619,677.34406282804707,374.44884487824328,826.48880603071643,479.22452917913739,824.28408265647761,451.40456381446825,740.33317581006168,13.85323559326635,787.57452536477319,664.87259984271418,165.87725513235009,711.73219342199729,586.70670003048963,193.1300696022135,33.150155951519523,-10.005661942077406,-23.805657439535501,-43.848973911077536,-70.877280780737237,41.656230425113975,-68.452590867781723,-74.338720917251266,53.222275253523762,33.244463517963275,-62.485519266976944,51.833872644251464,58.968371089585183,-42.448072974821059,18.308160771452158,-49.689366602230173,-9.6900903097365187,-5.6290167402568683,67.673724523908675,74.948733670108567,-62.419615229511493,25.750849978018202,8.524126595485388,-82.553759536193738,-29.988297740947147,33.745241820332431,-66.267995262113729,-62.068637444835346,-21.544798502813158,42.797518860798299,-17.658121832016633,-2.9159832844388358,52.036802370149175,74.999349852972657,53.935968945389398,9.51020625245161,17.443701208801958,29.220973218099232,81.12254425418233,82.493787494966597,-58.316734715539027,-64.653973368987423,-5.6838637569228965,10.352030571681338,83.322553615674778,-28.151616498167549,-54.392788625894738,-17.561176780656425,25.643909555329472,-15.079080152590961,17.503935001051559,25.776385496167237,57.933527700804291,-6.0586177227859963,28.525975424795924,-3.4564838505338802,20.855395434473142,-11.336904104174142,65.66797707894878,53.707262776555083,-82.155980953988447,55.279421776745075,-80.498588046619417,-49.302178273779319,38.545898999600304,-74.800212402765268,-72.124378643814865,40.337349010799251,-4.2766026086516185,-68.582679591339044,0.69709602550030425,46.610936115529128,-36.308755678415189,65.178981104896735,-81.936437338367611,5.2806477777064664,-8.7131994246318492,-35.561261833422961,16.617320190166001,81.474439954523703,13.691988859928918,31.656706876290158,24.146238763635473,-35.20677700121221,46.398795334742232,37.466036428088103,-35.165989524703583,-45.598013401605741,65.954176461793992,-28.50541141112619,-70.418349847143588,-7.2064617304149614,-64.538050249969103,77.773828795498787,51.334146719094619,82.75194064580532,-81.065882629963994,69.980669706945037,-8.4317025375070198,-30.482864675609882,51.016910495806989
68400,-70000,2.0525920196740532,20.298363782068414,7.0084024532348845,361.82916663902125,60.779617988267091,158.39467196514056,136.58975141868626,212.64550849107366,107.90033099044065,392.63626215198838,616.27998395187603,364.68517888295736,142.25680584372054,126.31064113209824,243.142653898709,72.792067924233706,591.87330289806141,521.57524526370139,64.980781199854817,390.72768001963709,803.07306991841585,527.25663227076075,870.87050524146684,564.16773575654133,267.55277222675033,843.08348358276874,92.608056081202903,468.41856564802725,52.716997731815411,848.41026634862499,59.293416585830116,260.26715885981559,187.23194730648862,856.31081132909992,605.94234908674616,819.46988475267267,580.00501121073171,877.34187840789161,988.85095488604657,467.17358699713191,458.35055636868537,542.25834477829926,692.66735032627537,637.19533793321841,378.94274477221649,594.16965320044312,277.49791738316378,93.913083122904084,310.81697616243565,164.96352247943335,596.24671461713353,38.386008349494084,204.19463433189077,192.77722984715484,665.12889934481416,814.1768855943285,353.59390101184079,214.70496817893519,887.06004077118325,898.34050244829257,264.25801120919851,415.54258571780611,956.97569141210647,183.8322624208821,383.99040558063558,861.64523364695913,887.45330520968241,519.89601041109074,542.79937985874187,773.98755755021443,138.33742503969728,738.14399242433205,642.87356153582391,455.31755840303668,787.51480900182287,576.38148558493197,270.75134318373466,802.49761015606725,320.25990900364729,651.13655649897134,610.41891693365415,799.72755490860402,317.69179390204488,298.67332157561498,183.68728191789853,734.34501791841933,681.69005033716257,374.94127625761365,799.43140142969435,457.22060871220577,824.97295550317017,155.69226018375889,741.45046316531898,0.96575222006407047,759.62776959881194,813.15950389833097,410.08431521763725,814.09616834984763,563.3624364201446,194.32671715250609,57.573499667350305,-30.816616021435671,-39.466239503881212,28.619474842529748,-36.313914658626011,49.532820640840868,-67.581713491185326,-73.710654386622096,56.368450572488513,27.804290230389203,-59.850591718616471,46.610569397281481,10.404802134460397,-43.988698564895707,21.741098089463566,-49.477986765441209,-6.2903193182461603,-12.653442545799402,64.476746620785548,71.965638932487039,39.20556935577477,62.366084026181667,-43.100342160470099,46.596712075810082,-52.60978176694821,32.173819032270288,4.1561793155587523,-25.577542613240649,40.096517763711141,37.326509709358703,-15.684369751380029,-2.7931633221174348,60.802724687456049,74.961649454563926,49.993946373013571,-59.86195452786037,-12.885250493873997,23.731883411343329,80.38846749566703,-48.082316374204723,-61.802316147683698,-63.294037261783131,44.421156673971332,4.5753874920381481,-7.2626655198388761,-25.774435991892009,-12.033372822674561,48.352022221274069,26.929729127284446,-80.480566889882539,14.59651027269922,-3.3327357926298458,60.766187373833688,34.315203136922541,22.525079322386176,-1.0257959603128786,21.254680375899596,80.99728617196196,30.179241913201054,52.309132368536652,-79.37372669830242,-23.369899271849498,-12.048863563735686,-49.250521136144386,42.839746770078833,38.491046600091799,-67.82191729775532,42.295654500428633,-13.690352037482208,-68.579550042371466,-0.76873090473348715,60.876411367162063,25.825909287490013,76.430939473743081,-84.206656426414838,-17.112085993624785,-8.3381736829053157,-34.286174521191846,16.970053222688534,84.039922039894321,-4.0676766028808249,29.615867071870134,81.209021567917503,-2.2073868213277552,-46.947292171103477,37.633210172956645,-36.68952548368182,-26.115432965811504,65.016479839991433,-51.458852356785123,-70.144466309338696,-7.1785444529454292,-57.775201865946926,29.741217815734846,48.872808437030059,82.208406651131128,-80.72643945531415,36.012123466145496,-10.390827497067704,26.239141564510888,48.634208822840066
100,-21300,2.0173567120264067,999.99998279963677,221.58837776898557,693.51224883347675,72.527604826665836,220.58034036350006,105.91397425200233,550.9452087341167,329.66374053592244,373.24000240725115,604.90056171322396,380.6199799757423,80.20874375390477,45.712843701384401,693.92671702356904,110.082649839106,503.93743133415853,707.89524755593845,72.411123304221491,394.66793516026883,510.03607564537322,308.02445002130503,872.71843993083496,600.03210674163131,267.79129481934046,845.49324387600154,903.1276966980754,99.902545277128752,974.39787052471661,817.43867836251979,981.35505471935608,248.57027848875956,43.919902934314337,71.243868486225438,319.43979041963291,811.82159887252112,479.25483912164378,590.19352357499747,421.36580226416748,426.11346354625965,536.91020838302404,512.70694582275621,684.4525163259068,635.68965643132731,368.12665524609145,598.13713536366367,286.25154459560792,209.76001985328926,106.12427025884307,174.29057741766903,196.18701036614894,29.230600618838359,236.80901584587227,196.34242542610738,654.51312106112618,644.41437657171116,351.58272850033768,199.27467431168441,51.110328843098998,539.50781762431245,273.81654286330183,138.49626365910919,928.37588531641359,55.582476229775708,479.21472757710154,56.149893123605501,917.16954071242674,921.55838703962138,516.94537148191523,796.82967347360704,138.23744730382859,749.76432154124029,632.42605572716866,456.57762406894693,813.71107079871558,158.08281290398199,260.98040442528008,853.66794343324307,297.92436164563992,774.89446127039309,90.662970879552688,801.68768592511913,420.33036188361018,770.8599411568099,185.8233248594222,741.87384926566619,677.34406282804707,374.44884487824328,826.48880603071643,479.22452917913739,824.28408265647761,451.40456381446825,740.33317581006168,13.85323559326635,787.57452536477319,664.87259984271418,165.87725513235009,711.73219342199729,586.70670003048963,193.1300696022135,33.150155951519523,-10.005661942077406,-23.805657439535501,-43.848973911077536,-70.877280780737237,41.656230425113975,-68.452590867781723,-74.338720917251266,53.222275253523762,33.244463517963275,-62.485519266976944,51.833872644251464,58.968371089585183,-42.448072974821059,18.308160771452158,-49.689366602230173,-9.6900903097365187,-5.6290167402568683,67.673724523908675,74.948733670108567,-62.419615229511493,25.750849978018202,8.524126595485388,-82.553759536193738,-29.988297740947147,33.745241820332431,-66.267995262113729,-62.068637444835346,-21.544798502813158,42.797518860798299,-17.658121832016633,-2.9159832844388358,52.036802370149175,74.999349852972657,53.935968945389398,9.51020625245161,17.443701208801958,29.220973218099232,81.12254425418233,82.493787494966597,-58.316734715539027,-64.653973368987423,-5.6838637569228965,10.352030571681338,83.322553615674778,-28.151616498167549,-54.392788625894738,-17.561176780656425,25.643909555329472,-15.079080152590961,17.503935001051559,25.776385496167237,57.933527700804291,-6.0586177227859963,28.525975424795924,-3.4564838505338802,20.855395434473142,-11.336904104174142,65.66797707894878,53.707262776555083,-82.155980953988447,55.279421776745075,-80.498588046619417,-49.302178273779319,38.545898999600304,-74.800212402765268,-72.124378643814865,40.337349010799251,-4.2766026086516185,-68.582679591339044,0.69709602550030425,46.610936115529128,-36.308755678415189,65.178981104896735,-81.936437338367611,5.2806477777064664,-8.7131994246318492,-35.561261833422961,16.617320190166001,81.474439954523703,13.691988859928918,31.656706876290158,24.146238763635473,-35.20677700121221,46.398795334742232,37.466036428088103,-35.165989524703583,-45.598013401605741,65.954176461793992,-28.50541141112619,-70.418349847143588,-7.2064617304149614,-64.538050249969103,77.773828795498787,51.334146719094619,82.75194064580532,-81.065882629963994,69.980669706945037,-8.4317025375070198,-30.482864675609882,51.016910495806989
700,-34200,2.0178140579119885,999.98182359023565,224.41566627175538,695.03170666740391,70.575528690054455,220.92487382097482,133.49732886222094,813.01108914605936,343.69077739574419,385.86936021708306,604.59596874587953,376.9549174586702,63.621975488553929,265.3018400586638,695.80262135701719,103.63285917104591,528.57432527388357,699.79765132786576,91.27489319627739,388.92404651285426,495.11920942794063,520.00898361155305,869.216411494255,602.15595400795098,270.88437108172911,870.20557822496687,903.32657355136826,112.90660091958927,870.50614303520217,806.22011141698226,952.95936380808621,263.36138882357153,37.748274205495818,878.18114257869786,328.79213745926597,813.0265174059333,497.61271132628895,603.99065913771221,423.86570146215433,412.75503095938649,535.35948039701429,516.00207826145731,672.29746676524303,669.88074249317401,382.75942496843561,597.7172948479207,279.04200408989101,195.91697062263262,107.54635803127937,175.48445210072322,176.63045996491235,36.094104160659711,262.85952413991242,188.07745690529879,629.88826904500297,634.51498715878711,348.96909450855929,189.75886667917891,291.36912141646826,540.74012939134718,274.86246258288344,391.03434182310008,739.51950434758385,574.10582362673063,393.5079430451878,19.076820217108612,840.05376018490199,28.749113507234089,516.75780569652159,770.89485672642252,138.25313203468517,748.83848314798081,655.79827890685158,456.01396131968642,814.29649027301571,146.30802071134397,274.27985322117183,819.6912431542728,291.18740870311859,759.25477674363788,715.92740311446823,802.31258869851149,284.46594854720934,793.8390806910744,184.18062892545197,737.53094370865404,678.4291250590552,332.16589340775448,835.22077438986275,478.25859982381138,836.18284390755207,127.17255062823736,720.36087100837176,47.275439684211207,357.14388000393171,664.16528906006215,455.95089687433284,715.55354040202587,587.13326838315504,190.918152396354,45.794320954745473,-16.288043493822631,-23.960109016039095,-39.698864291683336,-67.834063193276535,42.093534081694763,-65.003775027880977,-79.565643793637733,52.024256944926954,26.385058126763504,-62.891037719006043,-68.067797005848419,68.105790347560557,-42.463806585793002,21.595104802156204,-50.19063679548578,-60.387219818780203,-11.587334386873312,64.471372473534799,66.213784421609546,-73.867405716255618,-39.827505213531957,13.271778092684745,-83.99154137476043,-53.701983044938949,33.377114124790381,-70.963576989695838,-26.084892022512225,30.050428617655008,-49.771153211002819,-17.234698868894419,-2.7402511277206223,-11.589364536903027,76.530842120719839,53.316706310372744,8.5386069952335415,-18.131978641462656,28.857595110366855,81.139367745263144,84.760938991214942,-61.754215323220528,-57.692969431655257,0.19659792728732067,5.8313569325612473,81.801844358120064,-49.707249048799838,-14.18509253320082,-17.34576226752278,23.355246072626226,-10.579959623583287,15.798401178521861,35.051021660633268,61.07753527500315,35.157538528487017,11.865439592994489,-2.1893764339457311,16.345804564668331,77.764795277968972,60.63163688977027,52.751196003321944,39.397958739003343,56.002861318816301,-39.36084044235281,-49.280214318650408,38.06661361562594,-73.849925349559101,-73.815949585257769,47.937912481854745,-8.4622550209155207,-68.579228148640468,0.74106913989084799,48.415965622843927,18.908869889335474,68.525686239875327,-83.898382026359755,4.8337655599869205,-9.6129380031597513,-51.896247657400615,-2.1846316449648211,81.582190198539166,-1.7088944527765051,32.290472339327273,22.071325874703049,-2.9464976207695832,42.499130710500332,39.48993180290433,-37.599994635191038,-43.449712080699975,65.098404183572697,-33.955301907638152,-70.64242386529817,-7.1295039964276761,-60.830703016630963,30.401789532753185,53.170823948447655,78.427086873538173,-82.410992332192663,37.010478453577846,42.235333807601819,32.331815424450753,48.505673978988106
1100,-44300,2.0207263780801603,1000,193.4252197521472,693.67950383371476,72.523613918244436,156.44604074454671,135.44128274506974,762.65744883001491,330.01403240045323,469.26663740384703,604.4152845119545,351.12987376074011,81.864769721039963,45.153675160711259,619.96047994687774,112.20042907374292,503.02580903228653,704.64558963392119,92.514668319293989,387.00981133845045,808.49649285622149,320.7374988650173,872.69503753156971,564.2438042214003,267.78251025807032,845.58952816410533,608.34894771213203,434.06544206778716,974.190259300256,850.70511822302194,976.68843483971739,247.86759527143101,698.49798960967132,865.03000241482562,334.99509930269295,828.08993394613606,465.99300730197251,861.37858271051016,381.32550662143564,426.58715555282117,534.65024215561527,523.43230489231587,684.57364009064338,635.79506675341736,777.2048075145774,598.13428891556225,260.44799998516811,209.67139348938289,112.94132011463958,175.57613267328639,580.83597447660895,51.744756729800081,237.24179852551865,196.34725546555794,655.92358274786989,637.7443313378061,351.57350922693178,199.32593072599101,51.171947948986372,512.44603373770326,306.75936573322173,443.80578402764417,28.907329733318591,54.777489041967101,468.94068810925023,66.720979980920447,911.0312694149444,521.89382908917071,516.95120524783272,776.04635137069511,138.13227780992585,749.13818522048439,922.97585875707796,455.48145647520465,813.70856681453427,526.27325199940867,303.10589928656822,854.16678314573494,298.02652594840708,776.14096098597247,73.428082041085574,801.68216092112993,420.35354242706518,175.57248275908722,186.96214125694993,711.15613525999447,676.88931041128251,374.45141280816699,775.63851298040333,479.19959275398458,824.32827546815793,455.52822046831147,740.32846611011291,13.807764204009082,722.51592091153395,675.67582377433052,440.86000113549176,711.72712354027499,588.69532401645608,192.84803457484335,54.27534605836474,-20.503760909473034,-30.219313315007291,-38.363445266971404,-34.978882101196483,50.317414222188852,-68.455468329097314,-74.407843321603195,56.753367570028018,33.271545636754993,-61.919735928684048,62.333496137649085,9.725184432345678,-42.54543974037572,24.336584755526225,-49.941382938591786,-9.633568715748293,-9.3818675771460214,67.634115260409686,-31.23414944788022,-62.575931013055524,25.736244995976687,-45.017742953461472,-84.781992814984463,-25.031905265275821,30.65079148312968,-75.122309303788271,-63.107287417805495,-23.538140228643968,-51.49049329666817,-9.6177980728351322,-2.7505677447460468,55.506114157672009,75.011375707465561,49.498523053579213,-60.638365930750474,-18.196443539650794,28.878309458681212,80.694762212760196,82.568571334499651,-58.200808371724975,-64.181156031369781,45.835151337996855,10.350382995244306,83.281232302204302,-25.790082396759534,-8.4491369275170207,-10.55562414163856,23.765759536289739,-83.075794762765511,16.841716604680428,28.289985735155167,60.531908913257176,35.38555614656179,-73.023060798354422,14.516079687695809,21.259317247785042,71.298609735757466,30.84490372734766,53.728449448204159,-82.07143775225417,55.285522591024495,-83.420707136914046,-49.175033870856609,37.966137993027978,40.228313655828281,-72.010646869954783,40.326010406752957,-8.0357824184081785,-68.612012694741935,-58.869082550364638,64.512414836600144,23.21905552098448,66.867711452562077,-83.972848063061292,-17.305313657136615,-8.7176547412999117,-35.829993866062146,17.039232581425679,78.878665709798014,-0.76393953867045417,31.77804518491952,24.145088502624734,-28.114130766086177,44.456983068954912,37.466462119400674,-29.215589535529418,-26.274220246869756,65.9508725534603,-28.554387754713588,-70.379173478741151,-7.193183078066486,-63.406567713019165,76.469086044501964,49.273053964070165,75.370316019192373,-81.041047212612355,72.258735542621338,34.730387118484757,-30.472824025288709,48.6443352995501
400,-29800,2.0225007988723473,999.99689628625026,173.27919333529951,694.91922394961307,73.512720676473705,219.77478180205054,133.84291580451517,830.28757467415267,354.84497514871924,385.60929690999143,604.78291107781104,365.7426295140815,66.24336960053887,263.30651945651294,695.81130226770972,81.952531109755114,498.24753036379644,700.1721464470578,91.573998613889273,383.47241560729771,797.40360409912307,519.86109747556941,934.95897652848828,602.11416610178537,270.53827311398896,870.7878557551976,896.92129095433631,111.80149495787748,870.71307621714448,772.06629008513482,976.49796487391882,233.06155019156981,797.33478420043934,969.54135939550508,330.65733816238071,812.1067594503362,497.80828216791707,588.75198917754278,423.913257927833,412.75389124109984,535.30130126818972,516.01242134700169,695.3214313858258,636.98596605866328,382.86707511718993,597.7179837233806,279.23306792907368,196.32818454593661,109.91887138823364,175.46296644048451,176.3227493239217,35.19825727961058,262.86285326231706,149.20572170451837,630.97810875531172,613.06741190441278,348.79097287050894,189.29481766945219,292.24540242043742,540.76941010638211,274.84769047696409,392.57397310354054,739.64283118512594,597.6581650126825,457.32707595471436,81.141375058754733,841.55211854157324,24.029743567411771,543.7401002904196,782.9912285810949,138.19197700448899,726.74374869805513,655.75747194396126,454.18412422319716,812.55901400972323,146.51697910470247,252.8905105027159,819.69059350468603,285.35800779757994,764.45813862552529,693.5155419112599,839.3562982192301,301.52391035936614,794.03171388353644,184.94446966418815,736.0539686416314,678.41144069512757,386.97187998807607,835.40515445844676,478.22397144430033,825.75443005619798,151.8732199009483,725.12078292395563,26.678832844855151,361.3632468472988,664.16082088656117,455.88755566663809,715.90216922713114,587.19041601307617,193.24311922111502,49.549362161889306,-13.818176860938426,-23.959669511478687,-37.629143762929068,-37.657768592256339,42.091768356493795,-1.3107126258808997,-79.739430749175227,54.348215009688232,27.920637947128228,-62.896049141624758,-68.928909004933359,68.266134827245338,-42.695251699479371,21.594403983045449,-48.86840234007947,-4.498040786396416,-11.577786922766009,64.469817961571891,66.214101670906615,-73.364906725482527,-41.041790399071459,-44.190147909214957,-83.384562101983221,-54.03778504661566,33.374843919562679,-70.520551024891404,-67.819256335071415,30.056166858949862,-49.795426662843198,-17.23473572263407,-0.43469703624841882,-14.419079376313913,76.510125995034699,53.849479713264138,8.5184535353861008,-18.07882676646863,28.859178731918472,81.14045499880045,84.951182511276329,-61.828317671901956,-81.998485649972167,0.50306799361572674,5.8100083136007825,81.799917036160593,-50.422353021799552,-56.218711914030663,-20.274751082497364,23.365090502408567,-17.098624582416402,16.855300742053362,33.675866966539829,61.077501750422115,33.549052894713391,11.757975723088101,-2.2264681600015357,20.914770581883673,76.81102012041103,62.481804520813114,52.775368545608828,-77.993486529294017,62.947754306510831,-38.134647837395661,-52.17527074332066,37.856993770037185,-73.511112031702936,-73.81636409042973,47.96672274202421,36.937514846068019,-68.624121269625007,0.88958864103465563,48.056965843504528,21.654764051589872,65.027231951513812,-83.891008551443704,4.8653133921363398,-9.6166218243055663,-51.934863837059424,-2.1615331493750438,81.584321948296179,-1.1104099343435514,30.474615109051754,24.752503635719993,-2.8202926263952648,41.773120445430493,39.484451604976172,-34.755141665111097,-43.516293522967295,63.412905978088823,-33.599259685963098,-66.252234629380894,-4.1835746408440571,43.622161885943754,30.293851274337978,53.789750862752044,80.97544073481582,-72.782716358468136,37.028329339937891,-8.0557765880257861,30.736654969560245,48.515530551315003
18500,-64300,2.0579607233796597,909.14732917448669,6.2976385296899906,342.82722853034551,56.797585047918119,796.04504682779827,138.52775898084315,497.13939057483788,335.69813647733628,469.80588680484061,604.37854660448852,369.48445621534739,157.18683165836032,96.808648365359105,329.79749543701388,80.869838376745236,620.22441248774601,521.06507096754513,75.246785880630384,386.61807571987993,848.40790460909557,507.26201702419166,909.06522135099806,566.24466365173123,262.78102484475608,845.14075050528209,873.87023585216753,112.58356859112831,24.708768023423701,787.56993920578236,999.20253511583621,178.63763259270064,781.33549614483525,936.3381775494496,304.55324198291646,848.55410753928766,520.89170123796202,412.2982514218902,984.37420610954177,416.98113065929834,458.40527511726401,874.63973924052993,680.28883988694679,665.60963287908737,344.91915888290026,593.83153575726351,278.10838612281213,191.8364487841167,98.541864012999241,164.75702199758859,190.99398058155711,36.512686219517931,752.39489579311476,190.43808359828773,656.52847491015973,633.53761101956036,364.874580149488,211.20597610918395,764.68522798844833,875.67496760955555,267.66155702355127,783.25041432433329,891.09268543839084,14.292055779033774,393.15132233391046,796.13065862470262,898.47041472634351,953.33993894916262,490.30680797066418,646.71457332824968,140.10968849609915,748.4973400671048,633.57665122640435,458.89563193761825,812.36898818131658,182.78731252817786,301.76365701962823,820.09937826345003,291.24414280137051,775.15105739416163,88.924608085740658,799.07832806721945,280.50065937954514,171.97414537963994,187.30655637381855,743.39838003387342,678.43051299896615,330.43557512637551,24.798397131679046,480.78121728739364,824.39384128207519,103.49516767664448,721.38644119048877,3.8305535856605957,749.37134712778413,802.84186599248062,418.92687143196747,724.48684728288163,547.82039150703577,193.78536512553839,194.96385862301037,-31.390227104885636,-37.714643137270855,-36.121640677680325,-34.272897263535626,42.146166205141114,-0.083821106964677483,23.33268439872009,50.302517121102021,22.782098361379727,-62.991638847437862,49.795122541626924,12.03855878619675,-43.717523293653016,19.452482775317407,-49.322656073001717,-1.0297748296768501,-10.963600529389051,67.833463978830054,-39.386428000272275,-60.611851908565569,29.275894549219732,6.3872309311552407,-84.854658734987538,-55.441637683683936,29.664563404489755,-74.473691461976415,-64.44874427499316,29.246489477439383,-51.053757520516463,-17.600782955050573,0.062707093924119439,67.513154711459691,76.510149136837711,64.738358634349936,-75.96394324706138,-17.828170705019993,22.147921398389947,80.596460459059003,85,-58.440669006291216,60.850687999167853,0.37307235131831362,4.4661328931969813,78.114315000986437,-24.594378212038748,-75.878351264045165,-10.67571742110341,28.046076093766231,-79.149498021551921,16.974107447640083,-6.6810403604788711,58.299183014537192,34.944592087965638,-76.923503708189969,-1.1175671100794604,16.829683426137951,74.083327074103082,-7.9480747074447358,53.823091064116667,66.411517238092983,-14.432813742694471,-41.440818311338866,-53.101356372744242,6.7857039581032152,-66.160302584022716,-71.885712190601765,80.899709678483617,39.666726349051906,-68.483161139949516,2.0490781775319262,63.182624922733879,-66.323858266843231,9.1201709470759695,-84.114968091831471,5.4091912969642637,-8.5033628084380251,-35.864058319751905,17.321085148912491,81.264082068648122,0.69328671906328232,30.795086704133741,81.698389986207644,-33.532333022378936,-43.786286323362688,37.414199010509137,-38.671507745953555,-27.336306856257348,67.027958281348745,-31.465182248824682,-67.634945364009909,-4.5076492340502003,-61.065431575983069,29.823403381831419,48.895579293429542,74.756402581203417,-72.619227189615415,37.023922590371143,37.711527861677439,-28.872216561819464,49.422659741380102
2600,-52800,2.0212077819657592,1000,165.82107132825109,681.52400935606977,67.815245314279366,154.40771266585188,134.55641616660401,827.70339265052576,351.55934966540224,389.83318747664265,600.32022703881887,124.42177237114352,286.57054671856156,274.72421843297735,628.82273762342379,76.74790261397213,495.72974682592087,508.1291721354217,93.03122516375754,389.12317315957154,802.18356242182108,311.36022271738761,935.62033383480809,181.89930532074661,270.80402456130457,844.18258478325367,622.15238633490333,424.04511303385067,809.94712376191842,819.50008123240787,953.99284621270237,666.25222972230665,694.00855981551263,931.69630081517903,321.73517289967316,829.28730975886299,999.77224461879757,601.12841393874248,412.3041729958037,123.71571107772644,545.20270827932256,764.47127952960454,680.84213379938228,630.75129364049758,334.04344000618971,598.20679036489742,291.30853949739941,197.20905104627056,329.06629945892348,164.28884647053792,56.120966594907941,37.04874812370894,263.68616594428823,142.09084470231622,628.39293283426662,635.22549357087041,348.95234704616371,221.7438361683306,993.10274162924316,884.6356026301321,269.66362139910188,727.46938285852389,864.9939511059581,146.1079555485166,474.46859728722615,67.755624139102892,846.70676262792335,908.50678313364733,516.39141090038368,787.49460666177788,139.51228282743631,735.64428257195414,89.707614640244685,536.27188866543565,811.5540909054879,183.53474612767053,259.71226764244989,819.28718370141371,131.40083388278916,777.39844432194616,49.646359314858159,799.5626313949258,271.65055146228519,245.94363171429916,188.43578954652551,712.40892358063081,677.34411664002994,386.44788980160854,688.12678463174677,478.34462052833402,824.29706341165559,467.70005708549229,725.15656572348178,115.09923216412619,718.18747006562387,667.57525336819617,460.20431636675505,711.50890256740934,586.39570365398379,193.04204665127477,200.7325097946721,-24.025105913255409,-29.90228786439862,32.106301337397014,-73.90240738388934,43.170782974017257,-69.619775132209412,-80.833967809598448,-16.984633667603084,23.357838444075014,-78.711257472216587,50.754206151058384,11.200022801078365,-43.875677324734212,18.790859813370165,-44.934097907948335,-2.777361902039484,-12.441129864273833,64.38150609279144,-11.332331599673946,-65.16150765686416,57.17963923141896,-47.412643140982574,-83.323736860119567,-27.322308905745309,34.662117518457634,-75.355872493594816,-25.51382941618634,-27.417774865128607,-48.241016106171429,-17.260186542078742,-3.0187594834161233,62.075848908413199,76.30709104864124,49.077276762166598,5.7067506883720043,-18.102743836071365,29.040272478050998,80.991640571155315,84.763779014401493,-58.550329990036943,69.493543043994052,-0.3141227532613553,5.1455465267420388,84.978487823111379,-25.853385926828842,-9.5399632076195058,59.589693268365046,70.188857768651516,-13.757104462078557,16.953895330214383,-4.7097079961544432,57.820924999786143,33.995891628128092,18.700816199455403,-4.7176275231617302,21.215649517977305,78.078895754800641,31.703999203788769,52.435131626591847,-78.206466908025178,65.998134423778879,-37.344859825390039,-49.217102465429626,-2.0865533176343938,-62.488376043142345,-71.808307230062042,-22.049726241532934,-8.6933505099613981,-68.618172978044043,-3.3928096570990087,63.208302354333483,24.586830562829654,68.562716314628659,-84.054951679779023,4.4398869393897913,-7.4580831070470825,-37.66490942321871,-11.427088337063864,75.642655963337234,-4.0043631504221082,30.828907494601911,18.743851910257732,-28.613484625822494,45.258855764076877,39.598975115588345,-36.255130647466537,-45.954498728802413,65.479890931404242,-25.485088903437553,-70.222231621387905,-7.067760640389106,20.634937406100008,30.394911294085325,53.682054835107316,82.14212369123733,-71.870576805423184,36.976016671726612,43.133117530288253,-30.206269609394425,37.798143924291878
49400,-67800,2.02210869219522,358.87793710782489,6.9605327251608493,324.45212911779629,66.584002973885831,161.8367203525205,134.93057330357854,216.00045633291646,131.13631473983295,375.59670896078592,602.99531973512012,159.03738762523076,283.80060278133737,325.75836763772179,265.06124510368204,80.613400324931021,605.32552491834406,530.78460930450728,74.297824519263088,388.96227235348169,849.3825801337041,547.18633294173935,909.07679155490166,564.91671127304267,266.57819088971235,844.12756552515964,64.787133731421335,465.8454703253758,27.21278562395743,694.22010609762924,76.482021385218445,219.56682985882657,781.21759709584853,932.43848085100637,312.46867053377667,833.31471507811966,553.42969787187906,460.16767896457378,983.89157459354146,401.51969432977785,460.96101343013754,812.69873135475893,682.26517775857826,658.49448069570769,371.39956152470705,593.97317194830748,273.89603922447174,169.77483054521147,332.34035067365483,170.67615134158333,183.74450815749361,36.355973057953648,695.10953709924536,188.99254206443879,656.96192144792633,630.69573023336602,356.50074910700846,211.70333979712973,931.58728368930053,894.92263671181172,274.02366465508004,770.52076903002114,84.620325565498433,10.411468551404976,420.36838315587255,793.30033739053431,897.75915768824848,518.19327537753907,487.35060538139601,648.46832069724519,139.48009987233104,748.48261110110707,957.30977883152252,473.86947316819169,828.06105327536375,189.56251953845467,294.89236500031888,799.75710352813996,131.42532857612409,741.90740266767614,567.08168963673177,798.9997499325508,39.990968818729641,168.93861781582413,187.29781749540865,735.07791057273812,632.78335322088674,388.46996713306208,772.72419723585631,480.78689153957077,821.38834629821906,484.0771071638348,721.2899737286973,30.114905910899061,751.4285808921768,659.42726687189804,434.36786393167637,723.53886866046662,566.142255657021,193.7808773021479,194.46934177636683,-31.407929063491906,-29.406076678485153,-33.774390299889795,-34.215999406428139,47.823589452097622,-64.160492082525096,-74.490638447213314,68.379142404978694,18.819103496504482,-68.740869969549408,66.683930407323089,10.387123402257075,-43.843784695060748,19.111032476050269,-51.645890894795052,-1.1894294797684908,-10.425114255595538,67.44990787380614,73.530010355217428,38.603279643425388,68.554818711007144,-42.603240523955037,51.805152997613249,-54.475422626155677,37.073989075994895,-74.635335603623361,-65.308912814836987,47.004612896398214,-52.991334047902008,-17.599515092084523,-2.144577791299211,65.037678908801624,75.114494930588464,63.145069621919646,-77.265974652425058,-16.185657546501382,28.206468099274989,80.804383965117367,-48.570521714678272,-60.515573871298358,-54.478754336111386,44.555817058035331,4.9938766623375495,-2.0736224664983443,-27.023216589985498,-75.88707335426507,-15.313557885566045,5.7153738324487762,-20.644414986839784,17.137167011089776,-6.7339744440203102,58.317278647684134,34.994539822958757,17.408540941463453,-1.1638871520444944,21.441154305240339,76.553447505026924,32.147302947242935,53.525455612984246,-78.201829560665786,59.112740861160795,-14.537750929002385,-53.128395566650468,5.0767727646074396,-54.687727554273962,-74.374610199100587,77.71202836644494,39.563775333645772,-68.585153582266784,-1.6333411242094753,-8.0525374513960255,-40.426105264209568,-18.107034660251372,-84.002719410719948,4.8403493884196003,-9.7258792048939764,-36.775438853839702,17.355522498038031,81.911489536395933,4.8134248295015176,30.204820447525336,74.906653000924322,-2.1161679126019819,-44.332741026027406,39.614829723571681,-38.989462182304273,-26.078239633080788,67.111634851512576,-31.953789680456289,-71.160423628129834,-7.0665970522119359,-61.533171340018214,28.398661459074447,48.900151621385568,78.810383975486928,-72.551625141947454,37.118308081690309,-12.493884840150697,29.377306940134897,17.406959274067958
2000,-51200,2.0172142185671036,1000,201.9297353678142,340.78471088656272,55.022162528394091,733.74740913526921,104.70830574780095,496.91015880750473,351.50568329755811,470.2252562512881,604.11578754198695,370.93535315653691,152.32928401422996,101.08189191021401,630.20441656543449,109.80638395245481,618.40052724224984,488.19376106639146,97.224877557889982,394.51402980995357,489.26424078222919,511.32114972390076,911.8740929099996,601.16104513354446,266.45091459408275,868.84394775403177,608.7334016765758,397.754861428754,36.341032787328345,685.96014714891589,984.23735246822559,187.547440030535,781.69568953490511,42.392031846067482,315.03284688979392,849.18103679114552,528.37018790251898,857.38880588575785,978.60214816248663,616.87839088160365,458.93385005958419,875.88674038598458,681.23423271572608,644.91825507200099,371.52261293698422,593.62619689648454,273.03005047225548,191.87576609587538,341.07967726342952,175.50204757334603,86.856815264863144,72.147320035360764,845.96827875031158,150.62064481741604,656.79472774394287,645.31027132847794,349.06743133385322,210.40682689184663,19.140279373121871,507.91789117301039,324.5091687665867,150.2452510286285,950.60781317199894,146.29234258697539,264.90004742865779,78.676023460028432,896.67115627853036,949.83725723686541,519.94748151687634,643.91575828037753,140.10931992372119,750.39588342579566,915.34949887547566,532.306076972494,812.03067713081498,175.33652681283439,273.6196946371233,799.5689818182201,285.23552683103406,775.94962812554832,74.572789109772714,799.0659050532023,300.9147593744957,168.60116873004517,188.48245535137463,747.10062069907747,678.31195667346174,329.04835139040557,58.763433965905435,478.01945507146024,826.52612414591363,108.99070723105521,737.94804771479187,43.656441615660341,794.1734789424296,796.27357332442341,422.09084427884244,724.04769821842308,581.65643607656671,192.27444727516357,36.546464422173514,-23.621739418910256,-35.004961309001132,29.194839686407107,-34.352594126842988,41.880697865480826,-0.16352611346294796,-80.812129915163993,54.867277332467509,-25.446340756226384,-63.08316211022828,53.152023912796651,14.716716573702875,-44.081380836455644,19.524867279424747,-49.038224549545866,-61.680334964271175,-10.959587062673021,67.806474779882663,76.950403352339038,-62.676251864941435,27.295607381888257,-44.538315674856754,-84.857824314958705,-31.763869144305751,34.434318076295369,-75.076560484499367,-21.438966993040001,30.8024734034395,-18.444839725467602,-17.597082016100696,-0.58287119627036699,-21.312941804917937,76.578169322224142,53.806543306532816,-78.025631210333003,-17.833952955279766,28.414392549588236,80.678445123165275,84.999616883195571,-61.454218555395997,63.110468246500176,4.4758228884049682,5.0380339570307981,75.663347017206277,-49.044013279295058,-55.052661452706054,-10.705364279475084,-40.939242869184383,-73.811618069677849,16.894363749525429,-4.6726441975866591,62.265161334246621,35.552381230123288,18.592587527560568,-4.4163575254785199,16.802442991426037,76.669180318098483,32.577904659621339,52.269267055741977,66.426158507922338,-12.066092526047061,-15.131030123600668,-52.120404696586412,33.883167610746142,-58.63033924074481,-71.851004326705038,-25.955736202383935,34.84953039064731,-68.60044181000579,1.915928819048194,49.144773052998239,26.684522276086412,9.279765377381004,-84.127451745484578,5.4190503506992416,-9.5542827760304672,-37.591918149756268,-10.00596580557553,81.679132907270144,-3.8850437462033582,30.779346464026446,25.181535652174095,-33.566861767820853,-47.123932359193446,37.348878302068215,-38.749023983238423,-26.812654222694434,72.33821006574415,-31.66294372631026,-74.176144174945762,-4.4976180803803771,22.132349461965141,85,48.849014292691521,78.313403506088505,-72.391687575833885,37.022132271100425,37.324763453660836,-30.470730612510398,48.866017116579876
8400,-63200,2.0579887606333482,977.84354992432168,213.05833497998168,325.54294205537218,37.712087764189206,196.51201853834698,133.14907230768182,178.44542448286288,14.901228570167689,377.53416581220688,604.83527166380077,352.96504099862403,93.599434123954779,64.032882478673528,605.39450425370319,105.12505458627891,611.0034707651954,488.56753440252612,91.53666254593135,388.98673099099483,846.70742733792895,549.2621406414205,901.19066955662709,207.96999819290423,270.28777149456789,843.87556698010917,81.549607606182462,457.3192212886965,67.368636391018995,199.16103497026563,173.65344769590308,695.49736614462722,784.92106186374474,941.8079917624035,559.24296320449491,833.32378604716757,609.22814412923026,1000,479.55725499522964,630.70047146579338,528.12565925433796,810.84277868071126,676.10910703135323,658.63321844484005,368.91108114033699,597.68023644231448,272.15736931883941,193.02549573298413,334.07186578195456,170.7187930721808,570.30814641086124,35.977068178206466,824.32430396499876,190.54304604614919,657.46859680828584,655.64296792413359,348.220014099276,220.95956631531459,948.99415298553436,459.83016954489887,255.95073608012498,764.46809003421083,10.616646389633331,611.30632548825315,293.7627020882785,881.21761502778304,899.61714594712123,911.74749844846451,519.77813895502902,768.25233245978814,138.42446205307365,748.67243049169599,626.21026642739537,461.37242529972008,828.07566785332006,566.86629299216156,274.4696176435159,799.20571987222274,148.29984665239584,641.99713035531727,588.10527181089424,796.66094307087633,36.777995245196522,270.37200145034603,186.65132729179763,723.29051215810875,667.7011640713913,384.33905198394802,132.59659780843504,480.79955323926407,888.07888384932744,486.36038872375792,740.70803802533374,752.52953266915949,789.55464025286494,795.33896400884203,421.34452678700961,723.74717694187802,562.25608543031308,192.98482898478258,207.01872515590259,-31.401348196620479,-34.868767370635055,-37.631794473816164,-33.85386224882437,49.810829733897961,-67.417101123032793,-70.88220587408837,-4.985037542148568,28.178613809188814,-76.71481536138208,66.255094787898813,8.2721605429794653,-44.075333623882798,17.718309048224299,-49.949374559441658,-0.94220879685662173,-10.29936916276715,64.697516251650427,69.886568205364924,-1.3962202907422636,74.774134863554607,-43.542517147072445,-78.611021949216649,-55.084687146968903,36.703184323677306,-70.086880342951844,-64.717954011287262,41.313711435249502,32.941855320815002,-17.636910049089021,-2.2125862802761187,67.407103661591833,75.091703664432302,-32.444711306490049,-77.154012733884016,-17.163771629502541,28.756550502805837,80.682452176716723,-39.900758739192419,-58.382647123128734,-56.249693128908284,45.963689489628798,4.9923390138567818,-13.334022383251103,-48.972295395975166,-5.1663449609949552,-21.438414331505076,13.822056218284468,-24.949330943608963,16.808609088167319,-6.7077879655662844,60.906738203009553,34.100605595097342,-83.465797065326797,-1.1438200206759053,16.277737566130387,74.753662111055618,55.547834400854043,53.488132350725394,62.739860094639766,60.25628915427135,-37.073649719172344,-52.866740888012465,4.5208183927904537,-58.492695307255872,-70.141991440805242,-28.362929603613431,36.067861909345858,-68.566513309579193,-0.94382641581327098,66.747891453139715,19.079821886882012,67.90170513361943,-84.020792721454782,-1.4198525622332969,-8.2626986571609375,-53.933810018617748,17.380679788453104,81.755812189216726,31.944268260079795,29.897259591599191,81.087341254879703,-0.76698480603276309,-51.703914078667836,40.853431899553456,-35.901722016426767,-29.033641486283077,71.580520967067471,-26.666233060842636,16.928693556257006,-4.3872901873131305,-62.250521174772217,28.808373029270321,49.630294341722241,78.308656185086647,-80.292463943842691,37.531185512366918,-12.957139426929157,29.194362977728154,49.889382637443873
6000,-61700,2.0217515849475607,1000,210.80107464992915,678.28028264923921,65.969211507653583,189.58002050245312,134.16964539457626,768.20851088809763,22.527840244913733,374.09194319311695,604.76615560398307,136.10088524848044,260.64067662993739,3.3292192195423169,636.14621413233692,79.252083129919583,507.9524248127168,517.07474649074175,92.11340214900936,388.98400055688865,848.55849033797256,500.951775578754,908.77975769579666,573.94974176217215,266.48998890279944,872.22626166714076,945.46464761229402,455.94210959338238,4.1126439619234247,703.90258393349518,958.93976482722678,666.44794225546741,758.15556799203046,377.36752003166453,602.16618257660105,830.8931780967589,560.80043592977313,380.95441337655024,1000,448.08963491044517,657.83990349639964,821.91661409211974,696.51380240072024,662.46599228023047,811.04109132645181,598.41080719772197,260.50840680658962,169.717114975502,138.93864529606202,171.59260419160393,179.91479394666595,36.757016022957089,768.66520089067046,146.85809871360445,665.24773813156753,864.35444922382692,348.96031869754756,183.80585304320644,264.61012957250171,916.75353164635487,268.6118931836159,384.31510954261296,949.31699288414552,182.35947478169112,389.25010386681896,797.10595584952443,556.44146084272973,912.16374351020454,542.32414596730712,770.94315488184202,138.36271513554345,749.15414641430311,642.077918769147,526.29682908694963,826.96180575432334,559.33048095431286,24.893281682825418,841.47645578476534,281.09428409255537,656.85455113051489,118.74874645600156,799.3165620493736,281.78058469778034,816.48788429250408,188.46638872982311,284.7213303707432,682.04776368130388,425.93942845608535,731.65762913026163,480.7194199601027,825.25748745511294,108.40422132151366,720.94941828868809,10.833504236849379,384.83963005374562,790.59158395488294,86.172758272762366,724.40847387783379,579.85197413089907,193.77556036692846,82.591710909808995,-29.977552255422403,-35.14048771986058,-39.877141739442827,-33.791927395404251,42.046145468575538,19.572354389699321,22.815977651395258,58.906728305281646,20.240577300199025,-61.626078442031222,55.260952268354721,8.5223012926405275,-43.847353900904061,22.383031313648459,-4.5530366070937234,-5.755397591443713,-14.212845050917872,64.660426147176651,68.847450653665931,-57.719175958239674,-42.208551474768967,-46.999465043209192,-84.031385493961011,-55.579144814354869,29.555765648099257,-69.811135279146725,-65.981403392925145,44.353139053729194,-26.958116332360667,-7.9388549060634945,0.048135386776821498,-7.3485612377050273,74.893279529689181,49.913907633034064,-75.9774637934146,15.839776887799733,29.0442365127344,81.119946343640265,80.571483775728211,-61.913088058918255,59.116054198454542,43.364452684694911,4.9820665075400674,73.416414285744466,-27.098108773583071,-72.423126570500926,-20.62025394299873,30.064932172312226,-81.345628322519019,17.146203872300504,-6.666922495608862,61.625247027210278,34.107860187096826,24.031782810622285,13.471963702825883,16.777610445770836,21.54824370427874,-7.0071525168808257,51.591407354391265,42.949307780316104,-12.727291375888129,-36.334950692920856,-44.084308003976169,38.043843737733702,48.28471894763841,-69.921922390436862,-18.309968617717342,-6.8606660970103599,-68.588452819638007,2.2803588754433752,65.637515114065792,-68.042749571029276,64.547955505327096,-84.019973028931318,5.4983794725567519,-9.955755536607839,-37.047334246564105,15.32952282537261,81.740546101632546,2.6206810657394213,29.071340750661097,74.040478470018215,-2.4556778384906703,-44.693601713012754,37.301089614095424,-35.992022662345043,-26.118988284565773,71.847656546837158,-26.464521854619793,-66.639135238232882,-4.2145515492260017,25.004172742306189,29.419975044647824,49.496381513518777,83.876814347277872,-72.729357069162404,36.84987709753748,37.13401645923809,28.192976732633571,38.700750190221733
63600,-69300,2.0581717591115627,110.28714980971097,2.9976600423130448,325.91888120333982,57.758706033878752,316.71465684438476,136.40070681880121,818.70623794009032,314.78463205632823,383.0211777586494,603.24782575141387,361.94718210855518,85.19313789284196,42.648719400347503,310.00820453118342,318.68045511115184,609.60281982634569,715.26624510309671,101.63343926633061,396.03141322740657,810.78079525352894,323.8014184552992,876.98952179120283,546.56486213122139,261.62793407058973,869.34309273746555,625.76961774175652,432.64020468791324,915.85569364923003,686.59829492255051,32.236482103569358,249.14694654424537,810.19032676340521,86.009044798703826,812.46820880911719,832.92955116527037,545.02245907586553,403.03900019755395,425.15091604893502,408.95145134550296,551.24330282665176,873.38365525091422,677.78685732044516,659.23219881200691,368.9976799302637,595.15724748676655,283.96956482238022,179.90656635275906,133.94224071591162,172.65515272197766,181.74487655873997,68.215555835448725,982.90070999648242,193.39540365237741,653.57691584302404,663.5587788157693,677.06360545247333,439.46295985600767,816.60514081116719,896.00040236112648,279.64729966434282,696.63629147240999,61.887767812827121,779.20850805925966,279.28975114623444,795.9367400574987,889.98084345518578,918.02524788415701,487.51829514712819,769.8210619040608,139.44950550839309,753.51263347477084,926.85001963998047,463.29894851840533,836.33203015475101,177.2996193343599,271.61576943286809,855.8309474900592,128.09752326959949,645.47950716508342,96.957592061999975,798.11444419011866,55.775822902394253,169.36064300568819,149.46488214956696,755.64290126766639,679.88251322963811,374.72804788273237,124.56423531653365,457.80016613766639,351.20058492708586,454.15739444706696,725.54768181602753,1.5936239271718591,757.67965205970586,657.79489088059472,441.12750618091115,711.92685516567258,568.53929891231155,204.39136935816759,192.90687179871429,-30.867886101031679,-39.6497824498733,-40.316516963973619,-33.417299327361825,49.879705083450972,7.2945538738494946,-74.43415469013091,-20.054590267003643,27.25731538368488,14.204212258102388,60.483773460947575,9.0666658006481633,-43.825847458497385,19.678114796163381,-45.773255253332245,-1.2826902565920797,-12.50941192397257,67.490750002682205,65.771379970077575,27.20324434960996,-62.218059084868884,-44.885272130982251,39.445015995608664,-53.920174493343829,57.075608346587799,-71.685980005225076,-17.059510102772496,-31.807238459273883,-54.115736442042376,-17.078541319595889,6.6918473262458047,66.407623444669653,75.089677101669636,4.8707533992617122,-71.487534801269518,-14.357317497562228,-6.8587163993237041,83.691759184984804,85,-58.352442584992048,-74.963345993997478,44.130260679842785,9.4678223255473082,79.646658302487452,-24.378599591525809,-74.847489698201528,-10.011667486432668,28.96766203257674,-74.301346024794952,17.116177643399894,-3.3321687447932229,48.002700162988717,38.902536898772986,16.116079485085123,9.5116356046186361,20.835527191569554,72.330045132342278,25.280675806374553,53.391828016820995,-77.249154516308664,-13.905853500136843,-81.433434230362394,-53.126734068293217,81.955189390808982,-69.327528636761542,-70.499769670962152,84.132511663668851,33.021949906981412,-68.615048336926463,-4.4877822709077053,64.387718728596866,23.610332077611382,11.48283830195281,-81.652025138535379,-17.294632259444857,-9.5532636384415692,-36.755394547283451,19.002853713433772,81.509304238383294,0.1293865946914905,31.667919011960755,80.868173721226682,-4.0760789555581818,41.121174932664424,40.983914360247717,-37.141917343989064,-27.324653381968933,65.973874816309802,-22.529620634050509,-74.472246432601764,-6.8447200295502224,-66.630391831057935,28.772988796906237,48.880179261502562,71.341960907613981,-72.38568949189694,37.045689049627171,-2.6947827015878936,30.518224825509705,-83.805785603913705
46300,-67400,2.0580465218018515,395.05388904362115,27.019737758292095,671.64693897952918,72.892603771011267,236.46275401727638,138.35727890178509,761.16662854846595,332.7441945194941,367.84032547107688,603.17111618024558,367.62107170974161,141.79956042873425,290.31223760525415,628.48121838667669,80.839585751689668,521.5916935454145,702.7030238329678,92.734980617657214,387.06385472090943,809.01738509383028,509.17406925987831,923.20872834681859,566.02175296745315,262.83723333099897,845.04990203668615,623.91445747715193,436.15376092270554,979.38790260647818,715.18135875113728,940.84657432326037,231.81048252255601,784.60524112309156,937.5939290881272,335.29703511703934,850.99952693140187,545.37112390736866,865.25146959385927,962.23208818658736,418.80297994032156,661.25216037125733,879.38603201021738,681.15887468542041,632.11678397241951,376.2408826880561,593.33170299658741,286.09910733995531,191.91985720265492,355.16413138581606,175.86315684011103,113.47268295247375,51.934673206166835,751.55565957610145,190.44213268882285,656.57907659939235,634.92043508609947,348.65380716010202,199.25428895123233,60.197837071503955,933.9597591003934,270.37591884554797,452.56793430295619,875.51944304316999,55.65802402605371,468.40021012282864,35.851119888209837,824.17109214445793,950.53261607876573,490.34772347851737,775.8368281065575,140.12973630230971,749.57316619876258,922.90791430196896,458.82870694298174,812.14011680500846,179.68996099817673,299.41816982908432,860.04511255489865,296.51902662142692,776.59922269247829,72.835058273110789,802.04152663182151,25.928942171228172,173.21182807093624,286.50961271558612,723.61671233150969,680.28378040926384,375.68978199904006,23.497857664305059,453.96781416946726,824.40347855400773,491.90533885138615,721.40170817843011,14.408974053376234,723.66513995654532,802.0503029036945,789.14073939731452,724.93805660117971,588.1022334024027,193.37176446589325,177.59507206728031,-31.308266000436724,-30.206756715285216,-39.063105577043316,-34.998373111710045,49.892524716798164,-4.0417035614455514,-69.562841224878611,54.505435212051644,-27.743845960549756,-61.877029183040122,65.447528851102675,8.5669733365590375,-43.05447333363454,19.024312366210218,-49.568066711227317,-0.90020606476770337,-12.584343885451007,67.634292265917153,-27.126124428853469,-56.509229239014374,25.739648681943695,-44.71269559269097,-78.81753889330642,-54.320431900767304,37.158653084246033,-74.487328311923065,-67.648320526077839,46.545185614265783,-51.273055640657176,-16.865137265200417,-2.749185981031081,54.936666130606824,75.004117560413107,-11.879835223465911,-76.162744439690087,-17.212381223667279,28.939786426978213,80.633252146202167,78.714581919936109,-58.427823590407691,62.093449306752376,48.16596146614102,12.127540181340606,77.71139968184184,-25.807955589641725,-75.615472225065517,-10.143526432857218,28.324356882369738,-83.069237522660785,16.873424364342704,-6.4630907936487256,60.547223089800404,34.854416491003235,14.696264528423242,14.616242767991491,21.465063556115371,69.183132314892475,56.765855665184262,53.421520947408226,67.114548152024511,-10.219659444475656,-82.874469000884531,-45.713334944641431,32.746564783835808,42.325176816146808,-66.333626856406127,48.62418918071063,37.097341416114503,-68.624198150901464,4.4563690976217032,-11.966906025934673,23.423508372274107,60.914361087505881,-84.070522155972938,-16.453868584469099,-8.2716846534865009,-35.623356644818251,16.904777490655938,80.360176042002294,-0.76265706949937484,29.920013616579553,49.088163520283146,-28.457879156659075,44.628220547012489,37.458432336788064,-28.836602165871913,-44.832280305840456,67.142859189323104,-31.369400807677053,-67.270015162332001,-4.5638811802215891,-62.419926071437459,30.346993148804692,53.401108511492126,73.66083952369371,-82.154153357341968,36.992935579203767,-13.236124561884509,-28.982269207302526,49.860660042318756
53800,-68300,2.0151987398932034,281.6373789108942,7.2111738168392634,329.13299991830979,60.014738623509182,131.40354910784353,159.41382096287433,763.13417695700355,7.7614537791591331,370.3152145673717,604.79010087508857,109.4199368888948,159.24576342019839,44.385289121080042,322.33054474116307,105.77698806638028,597.09354407311321,706.78443280186377,92.604596953320652,388.74440384737181,808.65188474985973,320.59532770312569,897.29928720652413,578.18368155385849,266.67399480096475,845.45434868420512,620.35016642473329,437.41340826148729,11.638274087577997,701.36819097367834,177.32350434480776,434.31289062391306,101.57511977280137,932.87853466587774,337.90027668540142,834.69981261920873,466.16565742696281,854.96106294395463,329.15048252414863,424.28345583072087,456.2245581882147,910.67465767786666,661.36423743752255,626.39212990436488,345.14163926642175,593.6403320219232,272.36389378433273,208.28530561995478,115.7091212968886,175.56642854811696,543.19344424961901,54.393944881372107,852.29216644414521,189.06591868590297,656.3655077789391,610.56379270184743,355.65076878185789,199.28265020588452,899.62120933760389,512.74004666591918,307.20579643673017,778.90105170322192,17.214555924867025,163.18901940462001,351.60967439638853,791.53395015209514,951.39635718529075,499.9811127954132,537.89110879279042,771.87680439076382,138.07131810265253,749.71756422052204,919.90377374411742,531.30958602880673,821.51934696134424,195.71439937305465,302.90504224129512,799.89518578726188,300.22730871120029,640.90558649026673,67.254079271882119,801.63387926116627,302.16890826807997,277.5044507445491,151.08504238276601,738.17620273711623,670.65632453642093,374.45424093782776,745.20501976358196,459.32999353513645,823.86947362621879,487.18239007081519,721.36484787120219,5.190317941627149,349.7927378341185,809.24916882074479,85.975201296858984,796.48898211652454,579.71819666319766,192.73910904990763,55.934925733353637,-31.156476451651894,-39.036517645913094,20.166678423329614,-34.289225915937628,50.403277728191931,-78.522448334598749,-80.507676934657496,-11.828746635604965,47.244077993715976,7.6417542096309319,56.684876279680566,11.331713754579145,-43.871635154812388,21.787150110045353,-49.825008093536425,0.84778165499482139,-10.526975491883521,67.483268345377695,58.537550083809677,0.27903408292933918,73.729008279123676,12.512649879079184,-81.227855527588233,-26.438266039321341,31.985422771467981,-74.744001915116968,-65.491436457958656,41.562410797798265,-23.48394730483907,-9.7433812694400928,-3.5313535425904603,64.758524269794123,75.071613417395398,4.5876575800579538,-62.46040736183835,-13.850499685247918,53.397227255256311,80.573985373290839,80.821925125929312,-58.028713199889161,-63.139711230339813,45.843944116170825,4.9727467805645293,-17.477175778987238,-27.203023188545849,-5.0836794852824099,-10.481062781411978,-47.125455430997739,-9.9408133610940794,14.473169984974426,29.373425194279228,47.197983026671089,35.328753321893643,-76.341837368653358,0.014532360283784129,20.688903121256232,81.260737197342053,60.045518089184995,51.90652356671697,-82.502575017040556,62.591425188200255,-20.174144516860711,-43.09992828367362,5.2596347522018325,58.3700652474676,-72.158200350414532,74.490946439829244,-7.4597211407641781,-68.598948118190194,-2.4342667300215126,58.928595982061637,-32.46486804369524,-18.602460674421412,-83.970377300179138,-0.54269062541726731,-7.894317347760178,-35.860630741391262,17.929430053206715,72.426865290357327,-1.9902158768355114,31.555465195407312,85,3.6382408794900809,-42.298960235076891,39.716254324647466,-51.79553718677878,-27.326864506998799,37.199741910809315,-47.673990409137247,-70.049742594692916,-6.8316936962451624,-63.444428470006088,71.782156813025438,53.894334518645771,79.261504041961956,-80.946214639400566,36.722310328780374,37.034585739832885,29.472388388365655,51.118644975444731
5000,-59900,2.0212482003557373,1000,173.29498037590812,694.84666147424275,37.029560855148659,153.97914037506706,134.65470955058177,825.60148023402019,354.71409272940883,385.69079578148052,604.91999866839569,365.8113869658863,77.397454146547062,11.690456380390451,626.0855898619933,105.47540376170157,499.68310729553565,693.186379388624,91.830937551199284,388.87355650588006,802.24546146015894,519.75655508921295,934.9953303228516,558.68263339993769,270.53175091509269,846.69085088878251,645.10157543201763,421.87603396516676,870.79405770488779,185.40834664704903,933.86257281891903,232.94640282579485,785.13836797938836,859.829343848794,508.57320171176957,847.6846062294012,604.12831559843335,221.22313287200541,467.78168810031008,466.08248837231065,527.22765491636028,516.59603325653597,695.38263842052322,637.026107007674,382.87253569080548,597.73052188272061,401.86130340898529,196.2321242772052,97.140207804754368,164.55891674101176,175.92685003822385,34.921125415928273,248.12793862805194,190.63513043736768,628.14940526804446,612.99787532672929,348.86479108113775,188.36472953119821,292.1786753515363,910.87404004756161,269.85724291640213,398.5164279813315,936.51736888673554,595.71647088854877,456.89770126510655,16.320300968503748,846.24588429247615,542.59242520344674,543.66409197298799,781.03359512815791,139.52746431485988,748.67000840065282,634.92694391347243,536.1139559398905,812.55701565403888,190.28694844077137,274.40039344975952,819.57441914224319,290.71162297371728,763.48670599469915,690.23897196322673,839.35183305555017,283.65853497157974,182.25910735693873,140.54400391687744,316.85016983687279,678.58879268611315,334.43796542977384,784.02331765732174,478.23304439539157,835.62781040906304,123.38314008683926,722.37335976338238,767.98546488061675,789.15982820509828,801.09529468660423,456.36006959620073,724.52328804286412,587.12097835069108,193.79251973548205,204.74586751654468,-28.100869721367498,-29.643589864685104,-34.403477185957151,-67.455406562049461,42.721633921922887,-0.51151246601527589,20.043470328622199,53.345576179382661,-26.082670355918903,-75.183774794648031,-60.530665101050225,68.124001806120106,-44.07332484124823,21.597202043523517,-49.416598545659156,-4.9000716588830322,-10.830641995201654,67.679774313736601,66.250328463936782,-64.936508259365297,29.769804271511212,-44.292417528934941,-83.39129897188333,-54.039202471601172,60.89879332843789,-70.578434554345179,-22.361520327864248,29.498543376052652,36.421067661063113,-17.234689710208212,-0.39019611490290801,67.504154992764342,76.565795520087306,53.394610772638188,8.5336905681610915,-18.073924212256522,28.865948219386915,81.141680867258529,84.951110912570883,-61.895894392203424,-82.746779105466601,0.50404265483860655,-0.53345143659175021,81.814336981278203,-50.342751139277318,-8.8461459522789312,-20.26056192013364,23.836330222090677,-17.108095354397385,16.843127258042777,32.93237902366171,62.338876458959483,33.927055842086077,-79.378108095777236,-2.2159585474969901,16.280687458920568,76.81962357528667,61.850687394764108,31.408959776848334,46.896153981281934,62.908708894110262,-38.71415063038414,-51.927546503218331,37.692582628377892,-68.660968403970486,-13.312269431439233,48.0500586393551,-8.1996896880467105,-68.573190124897835,-1.2618362077445333,63.261773590124605,22.364772640996865,67.614044757255598,-84.004157189146824,5.5648633286964273,-9.9554636580428824,-37.863115369825238,-8.3319124547038683,81.956825490925809,2.6048346077011701,30.438546096483424,28.158523521494875,-32.256402479925384,-43.97046963710708,37.400327957851481,-35.859576316454906,-43.49673970793102,65.084713976826933,-32.819500814498795,-69.672878177276829,-38.622820557602097,-57.036891720462656,30.205627721997942,49.81350603868254,83.061939790395741,-72.757062242259451,37.029031914878857,-7.7741673272723304,28.662575876862508,48.52058381614804
43100,-66900,2.0220734676989625,470.58802971388792,6.5580831586803994,344.22763009647372,67.302100453915486,260.46768957604172,158.30243342690196,817.96789508353277,101.6347517565691,373.18113490528077,603.03105054281548,148.26864858627636,162.91818199413058,50.164087887674725,323.05809108242414,117.96465377101522,586.01448889470771,518.56438808228529,84.411848293730372,389.44622832398949,846.30711439856691,319.75264022564147,910.08814902457914,537.03464845009228,262.45076359626017,845.01815755055816,963.76739284655787,447.3447103312555,859.97245425663266,862.11965959800114,143.9349307888196,452.74646198212668,17.647361058946174,997.16980737517599,293.19169588276691,813.5843470302367,499.67479574424465,437.25809917463766,328.21021851776163,399.05748483249528,467.32880289147488,876.51789206637113,300.41376518726634,423.97803896273041,373.50647616191213,597.15800222024791,275.03945596047851,185.13540513772833,305.64130508878191,180.63606748420543,63.445713383954057,43.514070442370901,703.69399346655302,188.98343525592728,630.58951664660106,637.1023257647289,368.24198377752055,198.61057896458178,895.37339399009363,511.19068918475978,294.30104866487125,388.39103723462699,750.87124695046282,179.04752175655938,344.93431052098583,823.94071835023283,940.54233412218275,516.76146579710451,531.97295082492928,660.39400946633862,139.04497279469763,748.35862112499137,647.90282679803124,17.730018194791384,787.99354200151731,198.61145233673096,277.71523875393905,800.24348668261803,150.55273178929045,749.56820896948045,111.71661834559475,798.98411678979664,286.85061589360146,178.91943777351042,218.93005595818903,755.40712158813517,682.10586099568002,388.79594557568419,749.82366320938263,482.10741859691632,372.02466930733033,121.38438019449239,724.36413277982456,4.222112060311531,867.25369306762843,804.80404842953601,56.56819747002848,717.15725741023812,579.09198942697651,176.59367751211528,50.358686179336999,-31.140166452775773,-38.417510015051491,21.929876140143293,-34.104207932100074,49.841651381397128,-66.930452004347885,-73.956701009920337,83.37397801817464,23.893088302531869,-63.443902312566649,51.155694707914307,14.290461613216893,-43.87487774884567,21.659010169741975,-49.473965550967456,-0.65624293404174949,-11.210772400703446,65.543801435288941,73.380930722657226,32.529277828157312,74.057996516004565,-41.104182016707284,-81.136740511662396,-26.935879839942356,28.088712898210019,-75.926973191865528,-27.521353004482915,43.947559406528867,-21.42021651724896,-17.099081453440142,-3.5468365339868759,65.448520624697522,71.42638087633857,59.538233658409794,-81.448241826615032,-16.218332817941398,25.981333141654297,82.582792993432435,78.876806159620429,-60.631495200318007,61.262434395974168,44.685972680703046,5.0257980947573326,-16.637171279053405,-25.687594625558546,-70.314323821177325,-1.075289696104047,69.767829947856484,-9.6555464887600753,17.024375881886169,-3.7618069677882451,60.655171964724985,34.857819565825636,-75.531003621276568,0.16817729260150138,15.827556713680849,76.637724398369571,30.824600643327052,52.395189533994078,-80.863035476191854,61.949315229874649,-12.844315950646827,-43.758934354262578,-31.931800322812862,-64.834328009254861,-75.091180234928203,74.218370711385916,39.41077042174193,-68.599378569959129,-61.177783179978682,47.123629751661213,-40.191459900784984,-25.287512575865076,-83.986059370337315,-17.972483145428619,-9.6554882490087639,-53.789409571390486,18.276310429524255,80.244808133999669,5.6641906818118244,31.533896542965902,85,3.1134446356299823,51.536315725542792,39.595845171587605,-36.343804849387219,-44.872199179264499,38.121616251634279,-51.088079282176523,-70.201561356777304,-6.7340110046993988,-62.335040263332644,24.29656643216363,53.197397552209878,83.417294968514,-76.270712173387835,37.576485506893306,-9.3163315272306377,24.924241963747765,-79.450839388402017
28000,-65100,2.0199927571502032,630.59601900042651,187.4453784592223,710.11333556785542,59.241062470600404,155.15727143751994,134.22191905992301,549.53809926245094,109.30769874750587,372.67220404247342,600.27532417048781,109.80861346331542,282.48896621773918,64.393833962377585,590.41679507550407,326.12843633361456,511.24413715356741,523.55092144083335,495.04576871927543,425.1313140611793,843.66847893748275,325.97909659022287,919.05686370996466,524.71537083492797,262.16957722205103,845.59637784807978,603.43129768734525,434.38054002859968,980.31366437720988,855.39142342662444,129.87778782762956,205.01045261576385,795.42498630433602,861.9494563366776,334.47796907325346,813.66682732807283,542.35703162143636,428.41918422415921,993.49817286948519,476.99782326914942,536.91202768782966,523.09313484132531,690.9322776006594,656.99346902142372,341.88254607925353,598.31776459390096,259.05354696446284,180.87910411764415,328.00251093861414,177.6588129707726,60.471108276649403,35.088175448062941,799.83461314098633,202.8272004978588,656.3031321936445,625.02271370001415,351.48144153042688,233.99223065549285,97.617311036051149,540.35564160098829,259.41572924460462,451.02586515744008,36.300502033228256,54.761399489153661,259.19255178672847,776.20003268605603,912.02001477990325,521.25489407208511,532.16893766104909,637.86301910546206,164.27834719439454,748.50461356205551,929.47314134207818,467.96386928280339,825.30041145917346,516.54304089839877,275.75487040731747,800.80199759970333,169.49418732591027,778.74035855896443,621.99601761042345,799.04310000294993,288.79434227291819,188.68441476190461,186.94993345295268,660.13798696682557,681.17465143055665,424.71825300777277,104.41942755603668,454.83798282805407,824.32735346868037,454.18594136776568,724.71133233102216,7.0701351116104627,716.20028243998968,660.06081989197867,406.21525764506032,717.16455975716963,565.86037247545732,199.04522841789398,198.79936201593682,-31.093378247943672,-31.07051705791919,-28.425218883091638,-33.558939098953481,40.798611650943577,23.626855947204099,-74.38233087775447,59.585598667337571,27.638416257095813,-60.874191350147129,57.170238399477981,10.347031650441554,-42.541881022266701,24.476456574249461,-52.481124149801659,-12.138032284686926,-11.211313952667963,67.605786904939151,-33.192626373220676,-61.691358243543462,74.127283116087554,-40.854372240204405,-84.595781524362067,-55.468812377551238,27.890956265857312,-74.790215382911242,-24.64080417432459,-23.098978830106802,-49.283447114510601,-17.57924910686296,-9.0446251714727968,-14.818224604862174,76.968524340833696,50.169344175964682,-73.445860262336282,-18.981088502497862,28.202981634510536,83.737760987131082,82.667021129907909,-61.887053016058211,68.764731669835683,46.046961705374606,10.08106447411105,-9.410524113369382,-24.035618823702542,-76.343616186570529,-8.9443023053653263,26.273429715094586,-83.59513180401359,16.892313344941918,-4.8393001785469227,61.107186061316291,34.722591693039234,24.266698854126034,10.518838472896277,16.743423822688399,8.1829833109214292,62.980992677541437,53.80995593208462,-82.083647498654699,54.666875808595314,-79.661429171650965,-53.06452064882464,2.781860926738962,-66.696776575284332,-69.847370327822645,-15.787434726826472,-11.448464074253661,-68.59909482251102,-56.691795762485732,66.699945348523926,-43.422953333405566,62.591811250671043,-83.984225889135388,1.0372654260753298,-9.6919981678047389,-37.301411869516144,-4.8071212808004447,83.860989031714567,5.7320580574755944,31.659886843080773,81.394712835762036,2.4500448003255211,-55.511346912288488,37.25019923616756,-34.569487454780521,-24.458208928831095,35.2250901674985,-27.873704853010068,-63.693451304148077,-7.1915688553850252,-60.374039152473657,84.338070552887785,48.29542301548404,-57.35389633861616,-80.26326653825582,37.955391312837996,-48.030542580544598,-27.532090998116221,46.699720591685782
35000,-66100,2.0153790862443044,613.22044637960221,6.5579431329574129,349.14913668211932,59.467299583712574,189.45039745338468,159.44528721986666,818.07994664599164,105.54156760106233,373.17371397445044,602.94552523054165,110.47980090557483,282.29388381039058,49.650824982874326,322.04961167169671,107.51434184412852,999.90717941941011,710.48514306662162,75.882971827155586,389.43122327942655,802.08348080368887,361.43111218133618,898.07860842254934,523.93808657422846,262.37146881784196,845.1713760373317,177.51840573481741,447.36594674299982,912.51888638658681,864.21975961035344,145.46796515249008,207.02057290862155,110.4689535789922,968.89390828420369,816.88791951873191,834.42315921234353,524.27568123144124,431.92180003680153,329.50052272124509,396.71037329101694,467.32619163430115,926.85840417735528,300.32936108568333,626.59165385225003,372.50282504155246,596.91309780671543,274.88815104581056,192.24251982449815,306.74883165656303,178.93360758906678,63.975082214633474,4.0698619910207938,815.66466064529504,189.52608121800188,626.93619239652185,857.43575259408772,373.57233314201386,198.65395570748115,895.41280535392787,514.23583986916776,295.4656606271115,763.50510258454131,742.30277787220257,199.10795982967016,345.10020233184434,791.98164961724228,940.24304413193306,521.79407795879672,532.06600211637772,635.89474048605018,153.64443294605368,748.51061013696676,618.53054329304075,19.004822927537433,821.64467933957349,200.76448463526134,277.80710101844966,800.39160358993786,150.58101351102562,640.99431803918208,111.74471616036027,798.98874034473909,287.06766261617724,50.383964088261166,185.1510235247014,657.8869213274462,681.74435899987486,388.94676295490206,749.4817221686186,456.15936120776979,823.25749853842126,484.76884197597929,724.36516530425945,4.983827443429707,867.25514287515819,806.51618988907649,62.951183151862153,717.11137456090671,565.39041988042084,193.18206665440238,62.134859251385102,-31.139933723243566,-39.562392139104347,-33.43212190249038,-33.59001281637881,43.170431647946621,-66.897255307026995,-73.955317967732924,59.137910078463449,27.157183395703669,-63.755697259438492,56.423313816636195,10.336973201278463,-43.874705492040626,21.680028027657038,-51.440614067859364,-58.947296767543932,-11.206919991716573,65.60842620953602,60.59280417399615,32.715573333702793,71.543378411270737,-41.080960149832421,-78.864295779409574,-26.952191223305121,28.104375597401859,-74.797645905410391,-27.488154318219102,46.343484417090892,-21.286871931238778,-17.106929580702669,-3.6313137259279493,65.259608937815273,75.566782754299169,59.385738623752964,-79.777195026569927,-13.936212418119876,-9.0889873413510536,82.622740375401506,79.552547205645368,-60.557703419697106,59.433860881293221,44.669607815163197,5.1862787339173195,-19.596811164318474,-24.333870290871459,-75.899430448875705,-5.6034601037061211,19.224686342418263,-82.519248704935336,17.024205034000744,-3.76160701997942,60.815388943414376,34.746220117840529,-75.498397446589976,0.16227615817258623,20.59040446265967,9.1771636204820055,60.639084564664657,51.480852387257094,-80.758284848689073,61.964575966820057,-17.154163776647287,-43.147499941691898,4.5316400756883368,57.135327584813496,-69.367299072738135,73.740161911288752,-2.771718914220255,-68.598790392749393,-57.369159081149562,58.663790495093096,-43.229233113584712,-25.290863868741997,-83.984566490420519,-0.60271635220612652,-9.656050480227421,-53.320484983593552,18.489660795854263,83.810879636301905,5.6552278072089681,30.012155995445312,85,3.0005342538224102,-38.625563042933351,39.606375587853286,-34.300328899269445,-43.825161641480612,37.165612423950904,-26.368582883298757,-70.202216893662339,-6.7442105462667472,-56.398182604972817,24.339199213022049,53.195864928708346,-56.589182848018616,-78.687889359393537,37.557942883643506,-14.584198509373064,-27.591472343072766,-75.81900043678769
200,-24800,2.0173468608843477,999.9794298616298,223.46412333581262,679.48543100889492,71.577693547078127,219.48569370411744,104.19357714449939,555.76874843549479,344.0550141643842,376.95951273297464,616.98521642543085,369.50420883233619,124.09949798283351,4.6544805028537173,694.41945866148603,110.12508988967153,527.92577370332367,707.86292826018291,70.905142727852066,394.65901925656254,508.99357196959443,545.72529329025292,869.74908613422804,600.51905915562554,270.64238054044165,873.38211406555456,896.79659977573601,133.9475432520955,853.38131132169553,858.75221348664832,981.27236026528919,248.63386297686492,35.628250179780203,49.96983110073819,392.72860686539815,813.30885615925706,483.33332207322189,595.18383560708412,422.10556876357589,416.1008629960653,536.89694769039386,513.02650473200981,670.28779075978741,645.91157280439938,366.57200029654615,598.20641707726111,286.51345141634448,209.758752356043,292.80039810613243,174.31809627460464,188.17685604359804,28.321405560809978,248.16678119471518,195.55270267131246,629.90183671481464,648.61988213570203,349.23288020624835,209.73582632795342,49.803367359319779,536.11559212990323,274.61084792017238,142.29823421006554,948.37953051377986,1.3815686368840012,650.15900333168054,57.448121024941585,577.51147972323599,914.31657964550095,517.37949595772739,627.00730749795912,140.14885778696245,750.15189763273327,627.48306311360136,533.18535794194065,814.08060395416578,159.74242337782931,274.82979987448641,802.91338171420682,288.67896997280087,756.54569503169262,90.897640894663013,801.16066538714381,301.78857233383451,782.383691286371,143.56627339728107,286.06302977062796,677.36750500575795,375.05140809466315,827.8409438813012,480.29841098740872,826.21336401786743,135.33182581921207,737.14165866655242,41.348296281534729,787.24045328015484,665.86552915619689,463.64434497511348,718.99840128305675,586.89223747176015,228.54925016318415,34.87321109644104,-11.515287016813527,-23.812338980390876,31.896899793659319,-35.843162761772156,42.057360119272431,-61.635266659767701,-6.9674646180233424,53.779443919812962,25.785787279113364,-77.362103537625757,51.438239163430907,59.601349774303628,-42.44841724532008,18.391073115472164,-69.802540911450933,-60.31914749083036,-5.4919930200487954,64.818528821414773,76.192082915262986,-73.670562342325979,28.638659237122564,8.8227797663183765,-82.591228740309276,-30.235435220088583,34.570937296704159,-66.643146448721396,-22.061758644959397,31.142424732821738,38.749745236252785,-17.085493250373599,-0.29354505709570622,-14.530839884521292,74.601571867716984,53.856561516842106,9.5957090899724093,16.040224406371159,29.211170443121187,81.314257214221058,85,-61.743671171747422,-55.053606231726036,-7.27597327143366,10.73950717170119,82.533630818000518,-28.152393113635352,-54.895122644395386,-11.594821071808937,25.639113852652216,-15.184950379341657,17.465565480328326,-6.5751106917857758,61.086011788585736,-10.382757462508673,24.065961129641078,-4.0823842582827341,21.474447297727327,79.238617389407878,65.037619537861048,35.064861707984193,-78.805028748253847,55.964228479443349,47.603222169674694,-49.037260509094075,38.370737731532628,-82.255000288515731,-73.745977841885875,46.919218054351028,35.658940115408512,-68.582641907274649,0.96665901803197585,46.923573911926411,17.855285725578234,65.080197087534572,-81.964222444341672,4.8341305332803035,-9.6780822105469131,-52.342369465340589,-2.2710568192814038,80.863921721649689,51.319044019587778,31.659791247496027,23.595543803292511,-34.471559242430104,-71.340460654827751,37.446746174563494,-37.558627402808114,-45.356621005072888,71.940272815170658,-25.456620125339072,-74.574796683631746,-4.2555712628089948,-66.561652949524188,30.855274853639692,51.369612957212496,-67.336170717979144,-82.252946469594477,37.012948230880149,-9.7442327123812706,-29.355485571576615,51.947368157953875
40500,-66800,2.0200722160664135,519.59507397887171,3.668321819645799,331.69326173833008,47.052506501533273,271.61567461828986,108.34176678187181,924.28728314516604,333.65076329806402,375.77751150339685,602.98440714820561,159.96823061621467,284.59620895354766,322.58436565540546,293.52252364514129,80.628292187727666,575.49627837059188,530.76075810693146,79.413956412628167,396.5670952584511,847.85572058343917,547.18818518994487,908.78663625800834,565.73638112209085,266.63476124313456,875.50819480334019,157.10239624974787,89.553637455240988,54.263902168202705,701.61315870618773,143.7994741361772,219.950169869501,745.34364973522031,426.09704456782754,311.70178774413313,813.52153830836664,547.84495822178928,459.16238182999336,336.51777350996463,421.26534708409417,507.72954763865386,910.54663311814352,686.57561135931724,611.4400044028888,375.66447252194388,595.23000943910483,385.82005541117081,171.71135880799901,332.63667403984249,170.36103741159855,591.30442452346006,35.414439249837969,694.96543591622606,196.72771227157696,657.14579717199194,834.04101336469398,362.02009948154682,211.70927608636927,931.54726265585805,450.04589987227587,296.11818015049846,784.39098763916081,84.869088274254977,706.16806894653701,412.19223467352123,37.966801641297252,897.91396428980352,955.40225755380993,533.98994679309203,648.4572726276931,139.50670220462661,667.40194045592705,951.53423547871705,432.9463109479841,828.19450235043382,193.9872022214918,294.4748884252495,820.36113625561609,131.0185202783922,766.92581002795089,79.17337126880318,799.00149762505373,315.48967327025048,178.11290871904345,222.83478501596804,742.18057934039166,681.17570519091203,375.03420063425,772.41335417924995,480.28954359285007,821.48111533980534,454.62449336943735,721.35612574143806,24.7966698776562,753.12259216575171,659.4582626409001,450.13760897675257,722.93852182642627,580.26627332484509,194.09214285370601,196.55480839098936,-31.364023404845728,-29.438110793431179,-35.409904176542561,-34.217839058695397,47.736256011014646,-67.044506816971051,-74.419254755799031,-46.611161462499034,-31.90094164919433,19.598428896403565,66.676048707864524,61.929612389480141,-43.844057646045883,19.11829606013282,-51.654811202737086,-61.148665941626632,-9.3629194531469491,67.412561756601932,72.171316294599393,33.91996478882642,75.394749365727677,13.255521257747514,-79.935599609766669,-54.511745730277802,36.802493029151378,-74.628235543025625,-24.84315271023198,40.062966578789954,-53.103635288227522,-17.602934580229796,-2.1564208981503348,62.578885032039423,71.612740337405896,50.900477923672874,-78.428659946720373,-12.032503922492261,-9.3214007649063166,80.820538276110653,-45.667622327820339,-60.452066724346444,-54.800212440976686,45.850469412980793,4.9223487867675511,-2.0339265189976183,-26.982855938153687,-75.141119137807351,-15.391158556384831,26.814709266358079,-15.534377108910828,17.138999321575888,22.852429924009776,61.026532180727081,34.870309679587912,17.567701505637679,-0.7292478646244378,21.441844118433568,76.303776086633945,62.497073805589629,53.567749304594656,-77.554170861264879,58.26882226320447,-14.554049474239017,-49.674816942594525,3.6794730628676695,-54.728763490302299,-76.62421598979391,43.798685010259526,41.037848516915709,-68.611608284882607,2.5446475447867343,58.400873673394273,-37.843124416742924,-26.419907206592352,-84.003687078600095,4.8216800925696255,-9.7188084206374405,-34.737583280328053,22.256376536503421,82.009467665464456,2.9022874720128997,29.851576818181236,74.683100989096744,-3.6754671925495828,-49.628781992187143,39.581836420423897,-35.064380424083467,-27.280701240046064,67.116351091968951,-31.849069567674938,-71.14789000376112,-7.2144508551785176,-61.5377835393273,28.397322520072318,48.876854292180596,78.810592625315735,-72.842943921282398,37.126295393846583,39.4266429422172,29.289517062348075,22.481542407379543
12100,-63400,2.0222200061802127,1000,23.878638923300656,304.596475055734,65.823466637484671,816.60448656948847,107.93293646103575,755.00529065259889,103.97898637591187,374.14517584485975,602.51583478653492,376.69511459773992,281.18627324419884,323.51136491105365,264.96619233257337,109.36396771003628,508.84892310033518,535.40745761115784,91.057340951021104,389.25082568582951,500.81709484896987,545.47135578071766,909.17915887307333,565.64458210119483,266.68597050169751,872.19250414645035,85.244226174190302,79.711853658158475,826.06844793344408,694.89297961160128,998.68088057049476,258.10451493453661,693.51446018023182,803.17130214947656,284.97032599919874,816.62144686455099,939.9179240119571,915.55635327204038,936.6035034440356,410.97762467460973,509.21593488456847,811.55849419931371,219.24052093153685,629.76023369132179,389.27226427500727,597.11369407874099,274.70658248497375,231.18646225177523,333.14734443301592,170.4913850109503,527.25293764215724,45.078600346673923,673.15692016415153,198.44331248865089,627.66362556717957,870.29707506670968,350.6367445865182,210.29615037034182,905.15231851795477,891.32349110817552,274.94783187438594,772.0946487910212,3.2733059858416595,53.060913793386803,677.51640696860022,28.314455669146071,822.77479423654654,913.02389219068573,486.7673461308886,650.47367839624735,138.23129089498281,735.38986371153544,910.42533015045058,543.2597218338102,826.6225363316513,553.19283721368993,13.833706065611636,799.10722994360458,290.1097796444451,642.14182104355359,80.091822570127206,801.75921649619386,43.294495720350092,42.675612543603748,189.10922089507017,740.31305791660793,667.91138327656347,425.19900848390125,118.91724890504037,457.22760793526123,826.22882687834965,484.9831337939529,780.71852615728642,16.398886032039798,792.19453668260371,665.33154969404995,447.22876596991603,723.62297350196866,580.07102474594376,192.89151204854352,49.81963964726021,-31.157610597971395,-38.99575883924139,-33.747018558178119,-34.084213099649865,42.190565801681323,-67.104136048269353,19.047455604840014,-19.239411294071179,27.315255925593398,-78.048605766314012,-49.409442071071915,64.862100891419615,-43.909039903630735,21.635568023337875,-3.1650417998719718,-69.633466993851385,31.914040960689277,64.763204411522324,-38.578476892467265,34.031340067383169,25.661708891200881,12.782580238548505,-81.61899500279678,-26.555140178327786,29.06340072631647,-80.099742500491018,43.274990247748363,29.615133178836693,-61.261652421753148,-16.337091866770415,-2.2710423459131497,59.327356602676502,76.6239497165665,55.018999226481078,-80.079777800423173,17.419550547975845,28.240243639818157,80.748916377484193,82.123192032019773,-60.961235758104749,54.838943006145072,44.245138827213935,5.196250850656245,-17.900062478245996,-27.016531397395088,-77.957944944775733,-10.69386882626632,26.711883692517123,-15.576380770990575,17.135300583091734,-6.6289728864079329,60.916631874982748,34.99727404931285,16.574398056292086,-0.51894823395164646,21.460092568812961,75.632615266409772,57.362092670979109,52.399122578897035,-77.367088827796792,60.554867152519911,-36.767715319124598,-49.665861445692087,39.184010875214966,-82.070009454527181,-66.492293986598852,44.788989833371993,41.391701813725803,-68.620039828488956,-1.1436929416604771,46.848956305337104,25.908164784669285,-25.769467001584616,-81.997382154841191,5.1950257324362745,-7.3451901206252774,-37.810714970610235,-1.3617204789859731,81.21112753157027,34.539086440985415,29.985788702823896,28.300368546554818,-2.9642387480820389,-46.029954979003556,39.614624136964849,-36.198469004654903,-44.417409667623666,67.115792973757962,-30.667282443240477,-69.900245618972235,-4.3034294255773258,-69.702191158695811,33.264353445234576,51.294282270865381,85,-82.449947571644799,37.002500536387977,39.431110348170883,-24.42389361451243,38.546129630993356
59200,-68900,2.0223630568140596,188.08463049497777,2.7042982556248072,321.49248377443837,73.885195161262459,125.29163268292511,136.77851547201286,822.45275441183946,124.63428854784102,494.91079504910459,617.44570862307444,380.62036744499466,312.22759882662859,51.866393165165817,72.670959102474569,100.25498852099003,614.72769677750125,705.57381919299917,110.53660035288974,421.4290399605963,811.48825178096854,320.81668549058156,923.82357823154939,573.75125177816562,261.90520396126743,847.15570052079863,73.082965639338227,463.27797130156529,753.19299754655685,837.11229084056731,934.90597676317066,450.12156306570353,253.418333913716,918.55273332680952,918.58519933690127,572.31717040641854,200.38846743880703,871.9208393465351,446.68303196639408,463.23746313329423,511.45960323947946,811.26132223993773,296.07540620061127,657.35405643640979,372.76066357913368,595.35077011917963,270.48882927424899,180.26993336940197,325.86411904031741,883.74857893662158,574.54256080528285,69.864744368827061,800.18067663863224,200.73342134161592,625.96538445908493,638.14379467415165,560.5045271705219,207.2561663538923,306.96304330988323,514.62344612265963,271.15885738866609,442.34272327311942,7.2330139384056711,659.65599043035979,671.5239613284316,794.80641711196529,911.17686184634147,571.66641742144577,530.04655890414267,635.23507859699987,162.38956622109259,670.67964140789718,942.53300005674987,533.3240788672158,525.21564683470547,545.75426351371743,275.06221482253881,817.73852284545023,637.4463155446432,763.94990336478156,122.45476488019125,799.66692391229253,307.49161343618033,46.986107461254036,152.17948980558316,740.75471613455943,671.41768290624645,383.9873745526034,727.76053761736694,458.54412754258556,401.85890723270683,150.90390721177582,721.6212641532735,93.157354461271581,758.95421126118674,794.61995680343409,462.22921131382111,711.45221914625245,587.54274289581554,194.24110443694633,47.847149234394152,-31.342896007910067,-39.303775040281941,22.913482295113624,-29.625542335865116,49.703200407987488,-83.602046994486045,-78.268359249558088,50.435403197980655,26.845420602427716,16.857863283153961,50.749220642610879,11.550218074038636,-43.845492153908353,24.434504369351085,-49.094424807494249,-1.9298227778395201,-10.525988594902842,67.408212756736631,-32.985201755526887,3.6082505190258267,73.237089282671405,14.224136763344301,-84.781559883325855,-27.94420003257526,24.219473504271161,5.5496304635938838,-34.654181698971023,-33.649480086516483,-53.190876525661253,-17.062607029710261,-0.20064007472362366,-13.205306244206309,77.041399557912442,10.546652873728272,-16.172924903354026,-18.632239955289553,53.878124570278004,83.637387920574071,-34.278046174365365,-62.234271055443337,-73.105131718754677,46.232272687943585,9.3546381691608662,-13.040158132296382,-27.848632354636564,-51.665997672612043,52.008633394003979,21.787186326893369,-79.68607333246257,16.354042841066004,-7.1061201884563037,61.853060325893324,35.288221180094531,11.29303718435002,-1.9498745493258811,16.192917364229679,-19.298443709636771,26.762448847829525,52.032279025688993,-47.523095685150523,62.452322347439726,-34.502326088788209,-56.244133598059484,2.0058322805862545,-76.920432867954347,-70.890358969919077,80.410058315337139,-10.643659834586312,-68.617235619531897,-63.527992109818889,65.371671284644947,-32.394174928178245,-21.420648930074403,-82.792205506695197,0.034313452183672544,-9.4368878042432875,-35.445553769025565,-6.1513843167844087,72.15488371675967,3.0393178847232352,31.565018024530833,47.476807672435598,2.2988765757391403,41.039616709307744,39.947410827413655,-35.389034624108334,-27.269879329271273,31.684587250531724,-33.308897106489816,-68.457598522324986,-4.3820678034225207,-62.214298239561565,26.13160131524727,49.877075712608416,85,-80.507239202518107,36.81239505804276,-46.171374843482397,27.789927435162042,-79.181832304651095
1600,-46500,2.0182817404983004,999.99998131798202,221.42570214295682,689.25067133679329,72.532214471098641,222.61942174310016,106.14961193861819,524.93031470583458,329.5391724237345,373.30072198350359,604.96348971797784,361.84205395237899,290.76164452998495,54.581842721945321,693.46400360380471,84.029501776807336,503.96670201975621,738.6525586750862,72.342412382042298,388.61972919342793,506.78988917228685,307.86639420953685,936.86591775041813,600.16448068838679,267.49564617043023,845.34702641397303,938.25316123525636,98.637239942650297,932.08874554228078,818.05671581643662,991.74497348254295,241.99438580787179,149.59255328038591,827.74967804736912,604.11954557148204,815.26819003687774,435.09996030582528,589.13281289200643,465.60532274057613,418.98450652895275,537.47926735254237,478.95900977252694,684.33110813400788,645.5496159349276,368.05954684026119,598.22951803451565,277.87964113208324,210.15835961666616,43.2411311930613,164.86288801187573,602.44466665799575,29.769275482566478,864.45260595822515,196.5214236133574,626.47895395656974,632.42205520112748,351.21328118929461,233.08050981852583,898.30248385863024,571.35090724690724,249.76385634716749,163.81986661119026,934.83546125958514,686.00546478572301,482.59602388166047,33.032861954990196,910.92350554430288,924.02143264810877,491.02168958218539,793.85382755661294,289.79445958518312,749.80773369926987,106.4895375648486,455.30290415401697,291.76312173829615,563.40595860862902,260.32667726535124,817.80668592500217,325.76806688811382,754.72796534337556,118.07457924844138,801.68658704496056,277.5394334868601,777.91580680166237,171.75138010339199,740.9428769849219,671.36971587684343,374.41620888518753,800.01174572967125,479.23246614074094,856.97301350211694,98.302107997404136,740.42274391167859,11.678257690359946,789.22469601136322,663.33772405941534,414.30240113816421,719.19200162737104,586.71025746849114,193.23598799132517,33.258713681667089,-22.404195887162928,-23.770822920303804,-42.830329756405604,-69.498751773088756,41.802264970317623,-66.667457222644558,-81.044680428387636,53.422254019689341,22.983609321252235,-62.776823437058063,-84.725073993163647,58.917304411442551,-42.448199570101906,23.853083744929712,-49.682940735432439,-9.6017992786399038,-5.539756816395748,67.657572308997288,72.226502368126532,32.375106903969154,74.164832546750631,8.4032555990476201,-82.515260359047261,-27.247991419398531,58.88680352980009,-67.177660929218007,-25.306721324025897,-21.037280846399621,40.71911587489047,-17.644042853295296,-2.9596086448445114,52.003190174774168,75.014347102007889,53.898897217745386,4.1904449144258002,19.153295486723998,29.272481122166955,81.050524570768218,80.364498538189025,-60.347532831625529,-55.055309699588577,-5.8154788642149065,4.7220400984696846,84.993405464520805,-28.280238101118179,-53.815121567629099,-16.983432485711198,-41.247216750617795,-74.534041967596892,-20.68877726893367,-6.2056106249861429,61.169099034442674,36.211560978491988,-69.465876064675129,-2.2005381680756262,20.849721918216805,79.942714327773146,28.363374346369397,51.926822839856463,-73.544412591129387,70.945069388305797,-81.349026309211652,-49.301380643874438,30.690959249745859,-75.134524989852963,-71.631049099563526,41.704614972660899,-6.0236904155543911,-68.582037902706006,0.79281986252588155,46.593676285885202,-36.337848585795349,7.8152570072585554,-82.632329040463517,5.3236567599868767,-8.7071840578317925,-35.578354775882445,-8.0689931998695243,81.478259799934492,0.62000558198916789,31.654224006934392,50.439123201195002,-35.107167963732124,39.811255506348267,38.725440222981483,-44.922576820015038,-46.22965236308405,63.775891545644747,-28.401843013413714,-70.545246497434221,-6.737682207803938,43.870461852866583,78.241177216945701,51.38515150816707,-78.696557385942739,-81.062756542449875,37.523161898799259,-9.1637680724254498,26.863771311413934,48.494291466475985
38600,-66200,2.0270659261845569,551.70582001666708,5.4055791093394276,390.86019405600064,58.520121648507576,188.09554353471958,135.17152388895789,829.36561979251064,347.137608316007,385.95923884322474,604.68017999068684,106.70397628761813,66.737172258830952,35.496768822100364,692.41046511570426,109.70214064367208,497.18445410296505,709.55936223598576,92.092627585206344,383.3958181754254,800.83278663897192,519.10405706307006,937.84280685896886,606.91049408683568,270.51506428835125,871.18988568342411,897.07807256402543,444.5054690324456,870.50390675788651,778.0721953955815,999.54199832094332,238.8180483505476,786.97242968128467,372.13341873685914,329.60424853602166,811.32941768481908,497.99120660127772,598.08643655945104,485.34498781737688,415.77474622476001,533.79622252336947,819.33957944861538,697.25736330689676,661.35393769005952,370.90180570606952,598.31558537660499,279.16531137523333,181.73587188775178,323.98446393996488,178.43225381219821,577.72624423753462,34.544265869684665,801.58522662070118,193.25256458983029,631.00052917666335,622.1547790753516,346.01464227246413,189.21373164329907,287.1699444656245,525.42780487643347,244.04994496452781,381.66425211068827,742.62435567198133,595.82796006249293,461.94174515954126,79.834904101838447,831.81378536866839,31.620929935050924,543.73186882636173,771.70069545751244,139.81038712569404,727.05741475276091,535.05734719900738,49.358899945759703,814.60372629194012,509.37805941508486,19.38706027023153,842.39932214512839,277.30911361557099,655.7370778955825,683.47518064168116,839.80711070197401,302.53634072809257,792.85973784642715,185.00202713291603,733.39571434342963,678.36120392778685,433.00734496528321,732.13764552438022,478.20155101087607,825.77434935902056,490.41335113773573,725.2282037455077,46.277937796658058,373.48263858054497,664.35915946663317,456.26389494351986,724.40167493650938,588.34124073489568,228.39588688184992,50.33957965267215,-30.92291542648762,-24.80350827104035,-37.858928469308438,-37.585526805851543,41.816828543669388,-1.2644146755983456,-79.682542173299794,53.21526521059922,19.115491266230443,-60.367026293682137,-71.363295901952199,3.8530073049733886,-43.735374125582986,21.602014255035634,-52.192413555510505,-3.3580753663766743,-11.388002635479914,64.471441256574792,66.216217432054421,-77.393702305785808,64.74720277575156,-44.430204986049617,-74.797572361675293,-25.980735025794324,33.528736780032183,-70.845207793429381,-69.126163466868192,-45.03796869726235,36.923869301016495,-17.239149185387358,-0.40383297105920363,-17.46272409337141,76.49927307757136,50.03039259737907,10.382547716108292,-18.18017094760247,30.591721281903091,81.130423049596487,84.95126451412213,-61.876283486185507,-76.421230749188638,1.442362283953095,5.8113973936822756,81.677521665137945,-50.419566361690784,-55.942951211808683,-20.14970595399328,23.275397235992639,-72.354231249060575,16.851851341769034,35.189318825671535,61.06339631902884,33.133039029429384,-74.552133438589863,-3.3892542039243079,20.913322345737697,75.744719038531699,-2.7458414094979524,35.592614454677303,-77.973155570066368,62.949010851694311,50.483405061911725,-43.955153103278604,37.849918495462866,-73.550497087619192,-29.015316058501032,51.143180261511169,36.917754477159036,-68.583667707242668,1.8224338452617168,48.05851372755405,-45.730414339885648,68.653108592771119,-84.899557610158652,5.490693334275738,-7.6115989425022841,-37.065930632569611,-2.1801714853377323,81.542380405885993,-1.1106541277099344,30.482802356792739,28.679269573736548,-2.8237485485898159,33.238804042731161,37.641444165951398,-35.05161562875638,-43.494210074911642,71.784690193581639,-25.674628752945711,-66.195649483014307,-4.1787787223348349,42.822227684044329,23.887827619316624,53.746272128530471,81.145102397377954,-72.775291423096562,36.970503624529528,-8.1568271240934713,-30.072918017845073,44.286224334132527
3700,-58000,2.0178839223995895,1000,191.97398364858384,702.56794572184049,74.615621955017502,156.44833381079042,135.42358277281605,762.63214485341712,329.76345907165569,471.81375259631966,604.41555950466227,366.85190968280688,155.94708732030904,29.518288245623296,620.02170394008476,103.74134531498464,509.32559961942314,696.55341719259388,91.968726507536019,386.78839051320358,822.75247501739045,505.03508301206284,937.28307711490993,564.44957365362336,267.80244167055702,838.0665627335552,934.92677128572439,417.19712313122432,976.46961985092992,850.28158839553771,976.62617159357353,655.4554893462506,747.45035270909625,863.36132563433148,512.01474688545829,828.51132209064542,481.94758434404531,909.13885910681927,381.69354023865338,602.05270167460344,534.83245731531929,886.27359759181877,684.57396917437165,630.08425531227658,766.31393489260597,598.21919224589794,262.68941177304669,198.07628140449822,114.97977187257194,164.59478674019843,555.27055086796872,20.926214970838647,237.18888141660452,196.3171339755938,656.13177863879832,638.45730575187395,349.17736899442087,189.21246431462092,313.62376498452818,512.64278962442597,306.12483249483648,442.98509810892403,63.024667090239575,56.022290867558795,655.05670834088846,67.061730505129219,919.78478092237947,517.99696020616193,516.94811895709745,776.03445944990756,140.05216441752765,748.6438583313743,634.05313999760551,455.6016760759212,813.69227079942755,522.39850087281525,303.16577206593831,854.48194691992433,315.47356002205726,774.04731963281665,73.428161105425318,802.12398708129444,277.66137226725459,892.78006563172642,186.90243809632838,711.53593062748905,676.88938013217842,336.78774882898688,775.70422928457174,479.19824148736552,823.59274167730825,468.17139550866142,740.34728895961052,46.670243901776601,722.43068283698676,682.56586176469182,158.69152572922303,711.72850949543306,587.56630945632276,193.00224889118203,52.648093429146655,-26.492030860538414,-30.181329838589381,-38.351570370392004,-34.825867105904166,50.324514794420388,-68.108269763339536,-72.612443825519335,56.699128557925107,32.428718806940417,-61.42753669466839,-53.560456768898931,9.7584760119529932,-44.086624145441121,24.30056839982969,-49.941041746988155,-60.006472735687751,-9.4384482392071103,67.665493351440276,63.068104328711129,-65.508879389871865,26.447205331867874,-43.12588264882973,-84.787164827608677,-27.517874045642728,30.652048293182958,-75.194786221168201,-61.835398181189817,-30.357616819227985,-57.769129929884002,-17.122213396358433,-2.7474301224421094,64.69380384110687,75.015582124477191,53.352534225913018,-61.342789529227773,17.611762835079979,28.898821934173142,80.694806724865728,82.574226079705312,-58.233278819016171,-64.202969243956318,0.40899733198007837,10.46777841509074,83.281469621325911,-24.687373057133915,-5.4418022182914187,-10.553951817112258,23.765153113955911,-82.623715797277413,16.858823911085345,-6.3817556033738168,60.611017420024915,35.396743104681498,-69.812631085324114,15.318180058647073,21.292910233129767,71.350267125243235,-21.383112209575959,53.708918139046581,43.070514514037235,57.99179534018301,-83.47652290766527,-49.303146321162288,-0.69563571437896599,39.61182723599714,-72.019707839353103,34.477278456426767,-8.0456481518081198,-68.577365068883864,-4.1660427700530356,64.387534011888135,18.443851633743247,68.690909467368542,-84.145076549460569,-17.136435900876158,-8.7186100632270271,-36.597715814565539,17.667858264959627,78.909713161630464,15.327005626231523,31.507257382509678,23.786593907572094,-28.0584479301546,47.536477587942372,37.402604928197825,-35.629394600942049,-26.255164570315742,65.955453986673348,-28.554431118621341,-70.648673764027009,-7.1640729795582514,-64.58667772826999,30.977339068068552,51.288336970361385,75.16988034821,-72.498354061655945,73.479661653643745,36.152368140356529,-30.457192998577032,48.64420725338892
66400,-69700,2.0567370834401357,60.538868401678883,3.3811498251213807,331.60850785776756,58.502070411498785,274.52202486354878,108.62359537525157,487.35654552133627,99.449581555599366,375.81470419244215,600.78792801258726,99.708800632542435,164.26163706790268,322.21333758975999,643.8274135215687,81.931270961275345,576.10644595278893,725.03835771703098,77.227675073013472,387.36022508913004,847.84035163026169,321.06501276835996,800.06553884111338,580.12178373585607,266.70984733259354,875.96711600633682,652.334382696896,443.12530108388762,903.98437021508994,702.82962242951567,193.12505788297079,446.52568804045126,745.91144134286492,857.71555306071832,300.27915395459792,813.51399707939333,238.81857465918671,613.57442607122698,420.74093035620984,110.73084492103391,550.06421042481054,910.56254839278188,667.59865302563981,645.87111452870261,375.1929643456466,595.21326552341384,276.21029893787716,171.73261903434107,329.04984854730372,170.45509550015859,606.45483198854788,35.417110806308969,697.60210814256175,196.87790412324586,656.54139723753667,832.78633782239456,370.36000114989622,200.08557888228509,931.10074852773721,997.84400133140593,294.26176211083879,806.31462707038088,740.7263374550862,726.34514661085632,273.31732518785765,56.747555316855141,898.5083846715703,955.53560887567858,533.82641468802501,648.47763914832649,193.30124553522421,762.4622255172975,951.55362253938836,462.99029164339225,344.37611203931465,172.47383111607843,302.72441394612474,785.086515970714,130.41292283241694,748.82124458954695,79.887354255026082,799.58457818512534,301.5006527398358,323.18118451281322,227.25720990718381,741.8633973699225,681.69037228670584,377.17938182153023,143.32973329823818,480.29427899047471,821.70356447932249,439.15510811510592,721.37516482815033,21.173168920939361,750.0482534355034,659.53497850266297,422.68289287173457,722.94312617871174,580.26453133055202,194.107177045442,45.292786323045945,-31.401879908466505,-29.53531636507968,22.286243936964141,-34.218089821626435,47.665472770827705,-68.078580650676344,-74.398749427124969,-46.028831072806881,22.734365867384167,18.717989443870621,-74.010627780602121,12.021766057986177,-43.826314232908331,21.966686941579582,-51.548335953836634,-6.7762591070005698,-10.261275754077003,67.455549207545943,-34.02202352069807,36.924479696439661,76.415541360882372,13.538465042934083,-79.921189460072128,-53.37075976910463,26.247858932514085,-79.670620447565341,-25.694709997911467,36.241442709516825,36.873571992519253,-17.576672381330376,-2.1500756236154124,62.589604084244151,76.408929410265145,49.93725892905875,-78.424818724766894,-17.625127001238063,22.318202940878969,80.842852621881889,85,-61.457645173954788,-82.744079197679582,45.723812705898354,4.9237940792154351,-1.9443901698841071,-28.105041713661866,-12.507271663771927,62.85877627173069,16.707161556369087,-15.5855725576079,17.15374407898161,-6.9047294166538418,61.131905329864566,34.981225447295103,16.80202975344616,-0.79453114998846264,15.907813079941914,80.363737960702665,62.491827902907026,53.56854999199372,-77.541741824273856,58.298353343201072,-14.133515300202914,-49.908542745508178,3.6193697162392819,-58.311735165627013,-76.616468710312191,81.53947174605851,41.053187481284397,-68.612135497834316,2.4723437853999508,53.351163422374221,24.048003212266423,-26.1207471211547,-84.003638386932067,-0.00063522109966562823,-8.5088117173032725,-34.927620919235352,-3.3739065031863635,83.667155001365401,3.4545365128836387,30.001162165082885,74.837355719587052,-3.868397145642005,-49.769607004750839,37.386710137729686,-35.038653768101476,-26.051590336182038,64.429628053773854,-49.894510825058688,-74.467950393712627,-7.3558848548492106,-61.288677956830355,83.21435934028402,48.876580770533607,78.616034792548945,-73.003535760462668,36.7933117550117,30.635149646363608,29.440013835697325,-84.104735900338596
15700,-64100,2.0576104334543683,956.2913943878383,6.3015987399420439,342.87025665355253,55.120810062663985,730.50344601136248,134.27139664474288,497.35382185539959,18.961838672879082,470.17852713982347,604.36864377609766,370.89325867306241,157.20576387064267,96.356937504225158,644.65685470258632,73.498982421539182,618.63415270670646,521.01539104993151,502.86832257265235,384.86327146836067,848.5813987917212,514.05609804962808,911.65438735331804,566.35358752636967,266.60023695351907,844.06012303950206,615.98299328064536,441.95766252297028,25.5991878478419,697.34566075671171,167.57577063237733,179.10236487471099,781.59213213896635,937.55560327397052,300.87361243008019,850.53419969104561,527.57560108482051,407.24405932754473,984.61411216977422,412.34706866755602,459.46344268871667,875.93890138448614,680.87858058880977,670.87179139381203,345.04157487277899,593.83147040815561,277.93121250553617,191.77031091311119,96.314330075794359,170.53639483579198,566.26046077717194,36.508616879431116,854.35458907480688,145.55534644390272,656.5285774663846,633.44705193166578,358.6055877049829,210.40982506638139,764.13351154221937,878.97119044749297,269.01914101859103,782.14484196896501,888.18688321749335,163.76861060942036,271.25387919522666,861.36505301519696,898.48428795336781,953.35920172540614,540.13133820788664,646.99854470570131,140.12387245879313,749.6661269778723,916.91429854701119,458.31745354707846,812.01499937569167,175.93458411413624,301.76368860348464,799.75921452840998,166.64913590365671,765.74587921528359,94.332301884823664,799.07803382269469,278.72751694818737,168.63981025910198,187.94280306881114,751.66608700992469,678.42647960190152,328.35876242740062,20.75919555417294,480.7814783409425,824.40007393238784,108.96611899367115,721.44122201780237,30.660293073372657,749.37318175755456,666.79494880387574,421.23826483999034,724.47713390415743,581.67867913432985,193.8253305607671,200.77555901796862,-31.406784133121743,-39.64166304924894,29.076200810327428,-34.272921201553757,41.005843701323826,-0.13868864364031386,-84.110286693485904,-8.9016843277104627,15.278559335041326,-62.982005557920708,59.615403258288822,9.1751443511804389,-43.72549633589999,19.529611762702118,-49.258903138043742,-1.0373489523683785,-10.961335955371833,67.805274261091085,-33.390827070366662,-62.382622757694605,76.57178111563627,-43.848745213743598,-84.854251957717906,-55.45007627441364,29.658462526537075,-74.875482067138208,-26.949187661429523,41.730161673669201,-20.690775765463975,-17.601270764193099,-9.0536763811205976,59.323798300569599,76.555109884675431,66.694125686475218,-76.751642920786452,-17.827093994850411,21.998991605798338,80.597773634017628,82.507574959895464,-58.436448116930187,60.691977279038078,4.4742382092344215,4.4684580294399323,75.675998228998395,-48.372352996093298,-73.044472498304728,-10.665175859300298,-41.100404788780146,-75.023820226098195,14.515707198320229,-6.6818408106397307,60.777544599361676,34.97477786445782,21.440350832065249,-0.98152540292495616,16.866860300171531,76.671699570599017,-6.1144338695557394,53.47710811128767,66.497374337493341,-13.756821702343579,-14.42700443582711,-52.077047969035092,6.656276771886187,-58.47178152547297,-69.947706064974554,81.117875565073305,36.025769525597198,-68.600359162922473,1.9310797704714338,63.172820578732043,26.696273362639808,9.2526956729817353,-83.992357938403117,5.4223096426205935,-8.5039494418992394,-35.867462054667008,18.391932613512026,81.574254615971242,34.147222702369071,30.776082761124254,81.05138485658145,-28.898629953885884,-45.736437020595311,37.350102822359517,-38.80914043815973,-27.27979502227711,66.917849957827897,-31.625567307285131,-67.631287344379771,-4.5082758195050765,21.823229943037997,85,48.895600813585474,78.345810523630846,-72.611875155908606,37.02328438405744,37.75158620247997,34.673346743046956,48.931941573270592
44900,-67300,2.0592251475574233,440.24364454556235,6.9411727964132819,324.50025976704967,66.246544943040092,837.14666979975561,134.5667116277402,209.64607735201909,103.49841944387245,375.59785166397069,602.94957201301622,141.57086735909118,274.16948993249605,105.96160511260659,267.07266720374037,80.821660516587329,609.8047450624257,520.90566132143226,83.597868609414377,388.87257256879002,848.29326182143927,547.20760765954208,910.9412586290299,647.62460373174508,266.53900236432321,845.42544659460066,68.792802130631884,98.799200236536166,1.2344987797076019,692.28464730387554,960.81299744275009,244.76517656706466,831.60944108266426,935.98967505283588,352.89805504755537,833.96799090794184,529.7727228671323,527.21367434338424,983.94757439654495,410.9675908126477,460.87615817567814,912.61433304518948,293.44869291970235,658.50847954688527,371.28364049347505,598.08638912820993,272.49871365847292,191.65314189325997,332.38998631009383,170.47788445008214,67.466217651946849,43.54439893596674,694.24132873865653,188.9372536520566,600.15445395999438,629.65987307144655,364.19317910543691,211.08350606071787,783.13137805284089,918.62051678851253,275.75024625196824,768.53114860153562,807.31813142235046,10.168424648227703,385.67420111391266,849.22622981587062,897.62092992630869,959.3610225521702,486.64142484726813,646.90062911922291,139.49957940849282,748.4314353257937,909.54524373555239,25.797341428347039,827.57289331352854,186.94301582948904,26.703587904390758,799.1706850042923,132.82095189742236,646.80420963703602,605.29484827798035,797.18464746249344,53.541185706049191,168.88682322107749,187.3100075268772,735.22302578548192,667.40067139853636,388.40089187266375,79.178361938870637,481.11708358393651,824.6895705057085,484.38651209448932,721.26634919722756,3.6977963681955899,749.8778325788353,640.00860011005091,421.39813056025838,724.34322257074325,580.50901134118385,182.21503082997612,194.93791872907934,-31.348129198560265,-29.139647322660334,-33.805419168517865,-34.091989166099495,49.830777575763108,-67.970035385526657,-73.862527455189763,-8.2389832905629206,22.479906278714488,-63.033528851463224,66.441912939311749,10.167912939431886,-43.845542863854305,19.339710936274031,-45.07837978448817,-1.2853491721664709,-12.372904081100696,67.451203845802084,-46.265780076336618,38.841756595576619,65.490008197119053,-42.666929463792457,-84.965567843517732,-54.499758637508961,27.827316303270546,-74.662087345951107,-63.849500293789255,-31.581904455397972,-50.807482328374185,-17.596429047720314,-3.651388825038592,65.24240985301266,75.254435697514865,-33.466146811780021,-79.703683474427095,-17.240108494556402,28.210416329999543,80.8210845721418,-37.853207258346409,-58.461248406619674,-54.362840082820632,44.581757660489131,4.9635502710583657,-13.537537060536756,-27.013929454784193,-75.892753764926894,59.264808259987802,76.754562026982384,-15.109252026218355,17.097842309822692,-6.7088768439612174,60.534086855987141,35.003492042566961,17.170291898166266,-1.1052749661097641,18.113885289620946,74.743635436809825,55.389745144718859,53.409424101993935,-73.780723922767251,59.200880327181515,-17.254126560775219,-53.164854262564106,3.1330717808923874,-71.749047841229554,-66.422497004644626,-20.486823537586226,34.281303437647757,-68.582856209621056,-1.118421524463634,-8.0184848900328465,25.591918979264236,-18.232666749616278,-84.001729191900523,-17.873938779085567,-8.5054275746183148,-36.705338655825713,17.262788033590493,74.719860238053528,-4.8256964667491715,30.215291929453393,80.880830299481985,-2.2682305080967651,54.638541548105493,39.614686725727317,-36.359526677249868,-27.281930271746287,67.019688634106501,-31.54187120368406,-70.966104842867125,-7.0061496222549327,-61.443502079773069,29.542612145936083,49.063617981641308,83.321780163509857,-73.38305170036756,37.140049559446176,-19.751243686778821,31.51798191304346,50.147985683207907
57100,-68500,2.0151546285464494,207.3850284950492,20.614816324844327,329.31497764727516,59.247034128475924,167.20554337314775,134.36881760260792,762.60630072474964,99.026621921431385,370.32032191391608,603.00156514919365,110.05816937000361,157.53403046513893,67.969435898199762,603.2385497210887,112.13491386406908,591.12042222148114,697.9882836262185,485.04553768786684,389.44321082812559,807.1828595224847,558.75520560457937,921.15107248300069,577.25267642792301,262.33604554829066,844.90465512098956,622.15292503518003,435.86221258681201,44.139134381685096,861.74221067620408,176.56940568764696,220.44360451445436,104.77406719079215,860.89958785361478,295.1742450038364,813.97457001822443,465.84108560018967,437.84587819935007,1000,425.76366117291167,534.95975518673845,518.06004126416656,673.03100484081619,626.07313544198212,341.87939991977299,593.61016307070201,259.4501461779999,210.1045533988989,337.01189352561676,175.69072604334954,14.756242845340353,52.994555771967654,797.60820886232148,189.75705572788635,656.37867229412268,643.99807398327539,351.6136780315112,234.78421950363474,884.01745358335506,512.81410267014417,276.50571187205287,783.21973387901971,42.753639417336103,7.981152138231753,351.86782625336838,775.88364851918209,911.82139495692581,962.59184235578732,533.47678683323284,646.74454676062737,163.94557861103439,748.48461991417776,931.61166840883175,535.00087828443338,825.46932221824454,201.41888266277093,269.63709878665236,799.00349047969269,295.98049242667315,776.10386785771527,71.529621927693242,801.59790635849606,307.141924015987,180.7400179135727,185.06370031833256,720.96741558700012,667.41223341700641,426.19599674464189,71.453694588118481,455.08321864220574,824.32812165297059,454.48764950637326,721.37949801849857,1.0166997643908768,721.39337194046959,804.34433711815825,68.869751052132358,711.51925389443988,578.84003766160754,193.58513426924497,68.468424497281447,-31.167802923236309,-31.090201974508815,-33.419868094986633,-33.554719666546958,50.840644587901707,-70.341687372732196,-74.400618870677079,59.111841582209195,46.757515681261346,-62.850619767255459,56.682642243695859,10.43697856871691,-42.565767138730919,21.811575232708602,-50.08862984647196,0.61350448877332653,-11.212159302933268,67.613146059576039,58.998454785126455,4.5856045409064841,65.810220915052582,-41.84867465049652,-84.605968022857965,-26.902233361605486,28.097909123465584,-74.734554440344937,-62.71890919033703,-25.511337371745526,-22.034988600716076,-9.6324299682025476,-3.6460795345492074,62.538275566910194,74.96134709161845,47.634915831476988,-74.518924012752549,-21.698067387673554,29.054434937912543,83.375223172084986,79.977733205234713,-62.046671034395629,-78.387712685080459,46.168466969145058,9.9916159552982613,-9.2729763018254729,-49.429057744842147,-5.9788982140008784,-10.361621682747273,12.169383288786555,-83.450371543122245,14.585397915958154,30.289267404623143,58.474909881322688,35.333739183421685,-84.653485487117464,13.513702604666735,16.676738124287361,8.7964490613916624,57.59266884917205,51.986758145954681,45.852909174060741,61.702240864143818,-83.05970211110602,-51.874258330372435,5.1585507343218699,52.673480685363096,-72.209212563773875,70.344160259753991,-14.706658044709634,-68.599106233390188,-57.154445336213072,65.898691422544289,-32.485867880631424,62.619295396624729,-83.984538395726787,-0.11026938063142977,-9.6967150485826821,-37.271861262936483,-5.8970511992911367,72.197596901568559,5.616334316587281,31.556483709935605,84.999507483759544,3.7347760579944378,-41.778452980387925,39.570629889613649,-38.766222041641321,-24.737586891761602,37.681856658204516,-28.296975290352854,-70.368785428031003,-6.7963118494499808,-61.977615847488039,72.157320132760631,53.268706117844296,-54.729295315143325,-80.231216382015219,37.878749258083204,36.452128203292062,28.810327588794429,51.107797278609915
1700,-48800,2.0571263050048376,1000,219.60169057525752,677.29768488127252,72.846771879601121,217.03430397783768,156.72460429933571,762.68445049993215,332.8171399637431,366.60236538083996,602.00147009141472,352.76533441887432,138.59126302509779,290.59625372582479,623.29583112970715,79.510429847197585,525.52842307302944,704.34833978307984,93.195526628958859,387.06444338747042,808.73640892458593,541.35415071504508,923.21790162459604,563.65152139984639,262.33569292104937,845.13235648283205,616.98291966369175,434.19973524515115,972.69298999404987,372.72815295591249,941.7796687279448,233.42646041830957,254.10746944125373,863.0219507365598,334.60259422568743,833.44128624162772,508.97396355709583,862.20330256803527,381.15860242127371,418.88079952846294,668.02082122530601,524.44922595985338,681.165698870092,628.57635947827566,375.97861101423808,598.1357362120433,285.59673950416635,184.30053724809861,111.12293020869852,175.89233216032378,113.13376565323065,18.756357172768531,741.98523640967983,191.46076743654876,656.47972287632899,846.88071339039777,349.14589525579584,199.33326482142624,53.343791445524545,932.28990716964756,270.41919364590996,446.54695606250493,32.026489244227037,54.943507720000149,470.92956704599715,66.714876026501543,911.17656723330595,852.66915248697433,516.95015424735936,775.63794484025061,139.50325423146006,719.54782493219159,923.10567192848691,454.45895915533254,814.7008824204886,184.79271506228602,252.83122948563337,859.72848707536571,167.99679805556667,739.11411074749719,73.317112929010023,802.04237915218312,49.359176281914969,173.1906166614134,288.73846416394139,711.08138380280593,623.62060698608218,374.65102380927874,763.20705678236322,454.67718425841599,826.0426247429541,453.0779783310922,722.11248690962623,13.813033522021382,723.72674248289616,790.61680698861244,788.76679648232914,711.90050034827004,587.97047243709733,189.22816793067685,44.622810084405174,-22.499831919355898,-30.376054067464391,-39.045835695298614,-34.997067060397171,50.203062189789691,-57.315016498710222,-69.567332471838199,54.506732214622382,-26.932161887433161,-61.860972372625774,60.285055982941238,8.6088687275208642,-42.544918309884537,26.405756965944491,-49.568322188429313,-0.90017153124130722,-9.2835452639452818,67.637720733469095,-27.514021741790227,-77.750411384275793,25.683194767733667,-44.726103930405394,-84.776147304229141,-24.038642067861947,56.851219037158927,-75.202547072687324,-23.72303118876065,46.220661835425915,-51.49030113161114,-16.831306288575853,-2.747096095848176,55.373250262429764,74.98905397718714,49.848044283556618,-60.559114786300839,-15.609957488249377,28.878384312083409,80.632731839141982,80.576932570654577,-63.185391888527874,-64.36827115997697,50.59447781806567,5.0061407671784863,83.28337219791004,-25.796633781877002,-12.707649171010891,-10.142206880929322,23.435376687691964,-83.068946908312043,16.868619348199299,22.603497000988952,60.546382169722719,34.854191280206557,-73.004791131470796,14.740948275433052,21.255380019298972,69.09024495643402,56.339897702139936,52.382022162387756,-82.071662111102427,62.142366176435701,-84.175601577697051,-45.934038273463337,32.747657606665655,40.260770758113189,-72.343881735878085,47.973944535409814,37.051432255430072,-68.624977896288996,-58.879959740914813,64.516742651962218,23.475970116692771,61.001500416193991,-84.068294072352387,-16.727016660562807,-16.186905919858862,-35.850339556745496,-10.214022123744552,80.330309776084647,-0.58247226514104788,31.718794485300794,49.860537678330218,-27.417250414453768,45.327843231321282,37.461013506090666,-28.910800723414273,-27.082655075724823,64.504369088194295,-32.228769622169189,-77.340598550963932,-3.2793458224748804,-63.473633034896345,30.294311201207773,53.432379288965997,73.520552863215329,-82.158346772815364,36.987534618644631,-12.325882218125159,-30.552600079649835,49.860516512948621
1800,-49000,2.0182673964040605,1000,212.57095897944839,689.22402609158462,73.214354147828516,125.64478805147358,137.03154656810591,524.83454141985385,325.26482281417429,376.43366714976082,603.0514758634323,361.9917571831599,278.68873686689756,54.205327293068336,270.25390888793504,82.794306315702187,500.01246724368139,738.73848767265679,84.064647317347763,388.71336330958906,834.62637604212944,312.15261631742368,935.36387891191953,554.01066270542788,267.52569434048803,872.59269948225688,929.96995249901079,114.26458894667854,86.901207905118667,841.04360450329284,991.37537006902357,443.76124999080264,153.75352509192896,852.16652848511728,596.56953806129866,815.27691838329247,974.24597498094874,214.8119775909571,464.74710976635993,418.98212697716815,657.73381373296161,479.13618114093288,665.53303562693418,645.25168973184236,374.17222606652456,598.22752510235489,277.45854903594204,210.16608024392394,42.659798023655242,165.26848608385922,602.59041786649232,36.493576908696056,838.84645095479743,205.72669846018317,626.40392179037065,632.26475157519826,335.76057922470716,232.08655642622233,918.43958828955476,939.73001612838709,250.21410037512959,436.70158552971924,22.036489666041689,667.77210439999544,389.1324901416545,32.793190391213841,911.00485435344376,832.86872681354566,489.54783693465629,651.27461858145944,288.58664312445711,753.28664036476096,84.949229967474139,532.64437192795435,295.17151646404494,558.97476352629917,11.433788974150406,817.63525579959196,324.96135974959736,754.90425956182617,117.43897566611057,801.59669608965953,295.29123077448537,274.06534907004192,173.07339006738835,788.81705622743357,671.38367955509295,381.30674816472043,143.42847369548807,480.32511001255284,856.37934771746814,110.99455097088358,737.81873256843312,11.723875566338139,746.86301350624274,792.98131188123909,414.04994990997005,718.9164478047702,587.20838457161176,207.556126719384,19.681390282413105,-22.620652687825412,-29.230530760857516,-26.286219659751936,-34.531396919965431,43.478364848114794,11.027477936507498,-80.998100077604391,45.279221668628566,24.383320112668439,-77.372262125474975,-82.932203580848451,67.475866357097459,-43.847942206353082,23.878095510822671,-50.115303359259684,-3.2179468669648443,-10.557575843567349,64.813104346216065,72.317102005715313,31.210396917852684,71.90512131966301,17.055644270178394,-79.42633192376266,-27.184251499301922,59.79795919066278,-67.181591531746918,-26.448182861684383,-33.496867177106175,40.744784038318549,-17.104693797031125,-0.53033355627065459,60.781208533889881,74.684663685312259,3.7260929484989482,4.2963068543803136,-17.743114278576186,29.272334013949774,85,80.368048363907079,-60.113630204247464,-55.07627708384819,46.319108405433923,4.6340798325086112,85,-26.565455073045232,-71.419828728790236,-6.4306311250293904,-39.336112910255963,-78.967598256288611,-20.56420290397298,-5.5512843053324596,61.013594368679321,35.890505345371622,-69.214795600194932,-2.16962803716976,18.559467526405687,80.851849364497156,29.021440578169688,51.989370931299,-73.160919250280614,70.961127999363754,-28.6813816811217,-49.188758371005569,30.807124489580076,-55.162858340158579,-13.374097782746075,41.700695880878065,-6.0293119575227401,-68.618124492576712,-63.406055576970175,49.245271159190011,-32.617224128622929,11.22407674347604,-82.645763006479427,-0.44246423016582481,-9.7462621027915439,-37.066698970575999,-7.0298992584894835,81.144286538028268,0.61518208629547289,31.717332758201618,50.426548823345719,-30.855600588305268,-52.609152885212396,38.725131763162906,-34.54155516408111,-27.306113592279761,63.708048106007745,-26.909723331533783,-70.54581054896164,-6.7246243537150256,43.734931521987676,29.581897601037991,49.50003715869186,-77.482380764424818,-80.454065400657498,36.792951405057288,-9.1536945869373199,26.371873807091394,-80.753381716347633
34000,-65900,2.0219794807843128,633.463911277232,4.2555069718560929,675.80061795558527,58.602890986799451,136.20987817770165,165.54058072936368,765.60044768723105,106.57723692051187,392.29981144401563,617.53047051167471,114.60708550392012,263.8710654187658,43.808962940954075,278.65691034417353,108.97271815290384,517.22591953168489,716.50006361693158,65.413824146844604,389.1554581717711,515.85798710787401,362.02758691742298,867.73304192730848,524.94518873384141,270.67973847519909,843.87653164528638,116.19796373521081,444.33648798962167,911.73508404067684,662.56105991899608,951.13714585730634,218.77981553891891,30.127162756715364,954.5036064991657,298.7096091370006,834.14968836199796,559.87193037249085,383.60189594083892,328.41052106296354,416.65846455723391,543.6895398477219,881.28194991267833,649.39201686072579,661.75129687619017,803.80334072167443,598.15426697714622,276.05069535825601,97.692955508879436,294.25905810976934,174.22379816903478,615.40353043509936,3.7601115821370499,267.55498177328786,193.33668643502719,628.18589480777644,672.23499169727177,374.8883570751226,443.66560449880535,949.84374156697709,912.90654182067124,295.86691438795219,382.19695552505573,751.34313944779694,174.81175811359657,343.09019074465738,110.63823637131242,583.73367181789524,911.15311343966425,515.59580452390219,773.1339214256318,139.93816537756538,749.94838585645311,617.61395830896072,7.8591909087230079,816.76925576111887,242.30872168375853,13.648576411006331,817.87840802062624,149.03790638224268,746.72431616486335,82.639633144666931,798.96461103758179,284.43019830566061,845.01739848845114,183.97503703598127,759.23597525923924,677.55850082896313,381.78001797144702,728.81285439509452,480.76976373433723,349.35105214854434,485.97295793661863,724.20510206569986,40.379084726004884,776.62671989558316,811.86400110313537,436.03867254978962,719.17664017251434,586.8503362556927,228.3907233978143,55.314039612176273,-31.114319307553362,-24.31116864864012,25.667134115142858,-34.196498663627025,43.430196383266185,-66.521297992308902,-74.590709605162928,59.369870457264653,20.403991613881992,-66.849079885649459,50.066516967317284,71.070413202315947,-42.406177852879196,21.72125425886502,-51.464656225252327,-61.670166283876299,-10.623141471862768,64.650208459886159,-33.791141164323399,-58.157170411216683,-40.600280776074683,9.0293966231373197,-79.159611493875289,-26.067139437329466,29.729457072904474,-74.491370058012777,-63.748088427153206,44.297398147303923,-16.313853648176252,-17.028800939411429,0.44419400546218935,-19.938472083855064,74.895387308597208,53.858665998608217,-78.137354661864265,17.55623985736645,23.344021838250562,81.121140743838708,84.74716353385287,-60.544892011111052,62.421549696787714,44.704368912024186,4.9683802901426315,83.622608968066643,-25.773751353527381,-70.665411601527381,-14.171163904423082,29.489297017448411,-78.383964764638534,17.160009169860832,-6.5392478484900938,61.675322315470481,-11.852069789304013,26.114934141286405,-4.5382822260864746,16.963440326527756,82.905459526349404,-6.7580264334625113,36.792495931147613,-80.758287567996845,-14.24893414014285,-16.86427370247478,-48.883270184664482,37.147818078780261,49.278466050559686,-68.833299539819876,-23.398942580487766,35.44550496024862,-68.581776951704882,-1.8256757699056529,54.161702466234246,22.236076649816368,-28.640572349236344,-83.978733122465144,-0.21476263742608381,-9.6779225027149156,-37.109835875620973,-4.6581067866600838,83.884531857271469,-0.13916391253546179,30.041947146626359,82.069857739372196,2.6147125309375272,43.39095874230776,48.588849801699318,-34.428780228676388,-45.277888120029438,72.086168203274596,-26.426147809067771,-74.204121557105537,-6.7946425959706813,-63.03810900267797,29.413137208783695,49.513731659087611,81.423380404491695,-80.358614075180441,37.612285631537958,79.252433070987195,-28.165086125254152,-76.673949964141201
200,-24800,2.0217555230080042,999.98014260023876,223.47214418246151,679.51747761370291,65.961371187452443,188.64989266855559,133.34427311101783,768.17564855891408,347.31711088607238,377.05471428726764,617.52491811849222,114.64835937841906,261.38146368609648,3.3416490402079817,693.06416050854841,110.14012290070529,507.92570892973117,709.49691148906118,72.615838960279405,389.15689474058331,504.13308722725765,501.76968850346259,868.38510797357355,601.29234942664482,270.55940519114785,809.2958138297671,944.95044827544336,444.65000683986716,847.24402017775583,863.40451860370672,981.41653109098547,666.36549773430761,29.669430473428179,379.64869948157241,612.18741881683434,831.14468234243213,560.29564562608584,602.60092812896687,1000,416.44797719121664,541.43878447935606,810.69867745732552,669.01025849435518,662.31199573869105,807.44021561862098,598.20874583128375,286.06635116688989,169.70824606310703,294.72688280875246,174.36450675460716,179.7504472671796,36.325737996102923,230.52309655245415,193.26357535138524,628.9111267262299,658.71681206792448,349.23435031983291,183.84208984139846,263.64842991611499,922.48123984229028,274.80473422376429,381.7469111441622,949.30245276763617,179.07368034595945,645.75392194933102,115.19956290988887,577.94843236284532,914.30705706661399,517.66870151266676,772.8663628016327,139.97137022266202,739.30801319861405,626.86223193779961,533.18380539697591,814.57454076013198,567.8968874239589,18.411761865654796,842.38724272454147,280.86337434175175,657.45145537647159,88.729264441409995,799.33481353839875,281.89538011079696,816.06732787495014,187.7114511931793,286.14468542211324,677.46917660741985,374.71322635890505,728.81270095095613,480.3215831309721,826.18399814413453,135.71099476341246,720.38849780867429,40.72644507398897,374.29517272940961,671.54178411026692,103.25867165554064,724.44252010506818,586.86968093868313,228.64701965442771,84.919467200610683,-11.686652927758372,-23.958498896617492,32.265163760692893,-34.200846430898565,42.046533730297078,-57.601267322664484,-5.9584106480910464,53.772562310160161,20.310273071275752,-61.255454516180848,55.143913039989506,59.554745310285668,-42.396308579340399,22.387850263606303,-70.423205234613121,-61.643262326517629,-5.8068792503500077,64.660881013207813,68.750737077677002,-57.609378416167807,-40.284447865874604,8.32573661704334,-82.631090210251799,-55.368222490953045,29.647261014519501,-69.811820336612953,-64.166195810708302,44.284137990005931,35.682302905795936,-7.4278934811638759,0.039645608508097063,-14.146504051862578,74.896184933279869,53.793214922185207,-77.38049572636632,15.838469519032904,29.043849264485637,81.120126810164905,84.988287333807406,-61.913964663715198,-54.306745325595998,43.748645887414852,4.9680576367980915,82.126245993074392,-27.120943555489717,-71.820831157549804,-11.935335538884971,30.025001998450861,-78.359940529495219,17.132331133246559,-6.5752881902612197,61.630511439446487,-10.35758099653837,24.066903963144672,-4.5026518410046545,16.950971443719961,82.384283637973937,-6.9605063428077329,36.667455052950721,-78.66309814881528,-14.577156367408122,46.714300086133768,-48.951882517720243,38.361847983581598,50.538377414719086,-73.950807691660657,-24.296587290792907,36.238399191892285,-68.582660135383833,1.0262370440336681,46.831838449751046,29.51751291746049,65.091792904080833,-83.982016333183381,4.8435973965038164,-9.6779704014816161,-36.74983162321027,-2.1918347153837674,81.741237632921909,2.2423098765038354,29.167249224223163,75.357195145567815,-2.5418353807370622,-45.326926002089692,37.439394273705695,-37.569772764912109,-45.27966200886307,71.941041776725598,-25.459431018127194,-74.197348881847375,-4.2153283742167966,25.069254654801117,29.422916084779416,49.507781515080943,85,-73.342187654182936,36.855245744646346,36.108676644314912,-29.233556810346926,51.847505208737509
32000,-65700,2.0163849165702934,668.49374931825264,4.4802418805971076,349.23793809627261,47.913118707629337,187.51398140386172,136.19376060607166,905.44573234528661,102.59995221805831,381.62305167201248,618.61562347275276,362.52486694446685,120.39495514287988,145.79656632430996,308.01117817613107,79.277270848177793,621.7991509136483,710.48961243480665,75.834072552568088,389.35003406389256,805.12976495142891,507.35452400854649,870.05043809896301,565.34797293332838,261.75262789959976,845.33311952625627,946.91761825068147,468.70959019320884,69.329785391059545,820.52097049717065,141.51043574761727,262.8918351091736,37.545386307586796,959.36146361969918,821.36171888234105,834.14762761054499,524.00609733760416,457.126305123858,970.99043952996328,472.06750887211444,466.26640722757941,933.07509238773446,288.99713219088596,658.97927538067461,372.57019701032385,595.26936866261497,277.62839030343395,210.3551480808413,317.92819802244497,178.67510833585104,609.76918916745456,71.433500853182863,829.9925289074572,192.94829443149507,626.96002775491331,825.95392359455866,373.46479913923861,221.80658881215254,918.33711605756923,914.54664819181812,296.08034287814604,760.36562659391871,742.03410208639229,15.497522335441658,266.14286007934726,797.46141725314226,886.90376345143329,924.4313085867434,543.45978966329108,639.37419171409817,153.55343816790554,747.13744053091295,618.49777789955681,52.315922266684339,814.69744586010563,200.89322482032986,24.303140580081106,803.69344317288903,318.09057809390544,648.42002050635506,111.7096531788367,801.59640540102555,314.96738834008011,52.487682673678947,223.36297197737613,657.77996189242526,681.76811243866553,375.11604160388174,749.48654002514058,456.16391119696937,825.30625011199606,427.0157975445876,739.67242807794582,4.8383673789574502,865.6918883164974,651.0394942576371,55.152873359184554,719.44445801628649,565.55598830686483,203.79696971749823,206.05677161909352,-31.135190741269664,-39.646422305512878,-35.442297695510838,-31.639528743934967,42.288120058073666,-66.890809582221223,-74.809914921067616,-14.546028210366387,27.930470931024658,-66.289615607520147,49.688455404021532,7.4797275018803502,-43.991203133790471,21.725381176417805,-51.511776171142806,-58.976143641244136,-12.476827754829213,64.517957548965967,71.228438597453732,40.474400168091933,-63.04723944148995,-45.611168704564257,51.290120476453453,-53.769462033921585,28.150553269229153,-75.207014905559376,-25.526003420151351,37.718481382819732,-58.704515991687018,-17.103211876932569,-3.4936252363705762,62.76652758745832,75.555419499431437,59.444374262162945,-79.894466595872487,-13.940538547037221,-9.0762191716853842,82.637372270620119,79.535575073934325,-60.561457015544924,-82.088411787886059,44.752920122842248,5.1975047495223894,-20.757905268350818,-24.261012462823462,-76.065430357551278,-6.027029335629468,19.226892828304671,-82.373424211801847,17.440142952187287,22.823349383231857,60.842855764566977,39.44048210250304,19.790954526945004,0.26734201156719273,20.805138441450804,9.1144229071600655,63.162281898167706,52.40588599780348,-80.760049458892126,-18.616291937583625,-17.758781865122934,-49.245365695088708,4.8705572702983488,57.228459133522009,-12.334615519519357,68.195561496290594,39.324965713795315,-68.598490295907069,-56.955544107409175,60.847635735321496,26.732880205618414,-20.735311633002254,-81.886255538931977,0.18386523419273182,-9.5950030830925197,-36.623575911326498,18.490480374028216,83.801116120959733,3.2081708487374376,30.013473603083501,84.936313369242555,2.7315499611497827,-39.109567391328596,39.646368132681104,-35.779561189178111,-28.783428756354283,36.59312218455068,-25.471162158878418,-70.197304633841256,-6.5051333007519982,-56.379119807448333,29.625162570516736,51.265276126046871,-59.865927517282962,-78.679554740582773,37.521216347070499,-14.401519210009848,-29.317535724143958,-76.595242027205813
4400,-59200,2.0206986977071848,1000,193.45497661098233,693.25252177987409,72.203443700295082,154.07152631801964,135.47665619535644,826.42290519328401,330.14226741752003,471.76429982348589,604.89639871928421,351.04349103421282,75.651937493968731,13.039985310966648,626.19200881258075,111.88784244987583,499.86713498931044,704.25739430477358,92.50913297757387,388.92545827547343,808.44710976423312,570.94407272197691,872.03540153479571,564.31395192009654,270.54689933498219,875.48676227344561,645.14233782855501,433.2546239007043,1000,174.38412530710428,1000,639.23221688588183,700.07739346893266,807.40822463402401,329.05972580658675,849.06689570513856,464.12898095835487,864.71593759314624,451.67449249999032,610.05208207231931,529.55612551919944,867.25157837497068,685.45580113186054,666.62986028411126,380.68313101876333,598.13830934956957,277.88110743487567,209.24764459831525,100.23983726444624,165.27817946007013,172.99249041304728,34.938161408105202,759.21971865295086,196.36077450764009,655.2878764855094,614.26427683211739,348.90958252234094,221.43033565752285,41.14182601499391,940.09358583938626,322.5135243447786,443.91128724861193,44.145635215504967,608.22773527473873,394.16471537427719,64.462193061938152,906.86345664103726,911.70261887001288,516.99721836052845,776.40426894112909,138.16263668761388,749.15489477852691,925.39752495718426,534.64086225208621,813.70287074341422,560.57071587284975,271.42532867965588,854.06896565195586,297.5840302465329,657.32375976595313,608.21345098005531,801.72949943259334,291.55924908203968,180.9554604579543,187.05077726226989,733.55973199902735,676.83668690599075,335.79720362299383,770.44575167181119,479.19582531791275,823.93844620760603,425.4605860820875,740.66377817471891,21.296564370017506,791.49065486647021,676.75707999623444,444.22925214582676,724.18907747495314,587.06326022263761,192.84837667548805,52.646960988719627,-27.447560951954941,-30.327856280965701,27.916650058098625,-67.627785995038806,41.827454720196073,-68.430966088647963,27.080202495378884,51.738688608967038,28.216756780558249,-77.392752281869747,55.823010946906642,12.311857584208573,-44.190350177554819,84.725884698519863,-49.947069905672812,-9.66029088460464,-10.939186861398118,67.638883739251256,-37.426720309930388,-62.443063302363882,27.707998715248031,7.4852348765129157,-84.028397520414416,-25.058813883444252,34.346360900441049,-69.506753156843118,-63.085876011706944,32.124897023713487,42.020652971248019,-17.154189454010798,-0.30477126849611769,54.086897833767964,76.541729148728294,49.496984380847167,-75.96975781787016,-19.426066193560423,28.879041059512669,80.6946191343294,82.651028931856146,-60.494340130380209,68.245732137568041,43.049401720096292,10.614415497440246,80.842925019915313,-23.342367929445938,-8.8317252064736884,-10.462123108558096,23.625063317173936,-83.863811496729014,16.838587191087612,28.703137003965182,62.410535613682079,35.393561776194886,-79.764798884922115,-4.4446424419302559,16.438981104501654,72.3767338367863,31.396612733824995,32.534957187472671,40.999081861192515,-13.690232187679669,-35.073283869375317,-52.870157686457318,-2.040589164411891,-62.191970832080003,-71.972258835170251,-26.510390781363245,-9.1454883463268253,-68.576848100626023,-60.240554999567031,64.547372747693728,26.418974193238881,66.795626936812269,-83.984279742942718,4.6183434037363709,-8.7192647052351617,-37.653172902441753,-10.460258819742265,75.240933535284483,-0.75461443250325488,65.549410704491279,27.784442385569371,-32.363360909504181,40.920933267869643,37.464928052868892,-29.226749339745112,-25.177711417145119,65.947689457248416,-28.438042467186992,16.110537145875789,-7.2462772865418774,-63.509465940457112,74.293709912144109,49.26722533647029,85,-72.707387540778569,72.411116879528166,34.926595465025123,-30.46632837834353,49.020962431801387
61100,-69100,2.022709002584282,148.84622986398256,7.7722200472930005,326.55160254859362,34.275369093962041,185.80478613877119,134.46687513338659,228.30307954776566,258.13419520081015,378.15054205060909,603.01413396868554,106.85309546458923,282.09770917569,49.580967180784711,343.16660385236759,80.130362725850105,598.57193737178,719.97413917696997,88.117180608828832,395.70381668993303,800.90743387044495,355.85561712216173,910.66384206378643,180.68122166262145,266.78213335205299,848.86550838914604,949.49628457459085,463.15763915910412,244.15357180647408,832.95688805156885,916.94601077166135,233.97848835391198,182.54823860723835,996.86851128553121,812.88913470087755,823.26961688677204,973.48011824882951,467.25415479921929,968.78649589302427,649.91276475503469,541.95368104619831,909.30913427538326,685.3848244937908,641.94648955732941,374.63022447087451,595.30946761698988,285.86566075777381,167.04265874464829,323.24650826323904,134.39645944943572,626.84269517577013,37.494535105307428,723.46303511664848,196.64770993503205,628.03186377604084,844.03225366646177,357.73981207588071,210.47641129532019,918.16880812292413,913.83049044773463,241.91438027499902,719.48764022117007,62.452540737555097,24.01928591232064,260.06034893047052,857.41833422531954,889.07648002358621,966.31727419128981,532.97887308978102,635.23898479425134,137.21229878741019,752.065044851582,991.76687082868273,43.943860937821349,826.07471251947243,496.20040583841251,29.388613334874606,825.38622100298437,174.21924622016604,638.81352205363669,73.903499046064809,801.60814301386165,308.84461757843656,296.46461508079398,152.51542494160248,780.3968915117706,681.88678351563431,426.39943427379706,785.04973774471205,457.43653882601961,820.97404037790307,117.40641058060393,721.31431160520503,834.78590347503757,866.7307084351213,807.1582196305236,409.30554126702947,723.03647054476426,580.72069618644207,192.83997189951668,193.40376463034042,-31.344342891398423,-39.440366472273489,-33.458705417365358,-72.453292038004932,42.981582787485671,-65.114144425496008,-74.307772677956962,-6.6398506801403698,33.583406732444963,-64.591227773703253,47.920023331295425,77.240838890607677,-42.951882087527331,19.702580148170348,-51.444145849603792,-0.21030590639988844,-12.601250650967039,67.678540961341312,-34.586377971953922,33.659122143375534,-62.44333624675361,-41.03014621466599,-78.380352389394233,-52.88045893062209,29.485156723967471,-69.952746871248664,-26.621337092734674,-33.999576637818862,-53.869025444985972,-17.225333099320686,-4.1629573202493493,65.858316917871264,75.174664131154969,-28.951038132157553,-84.838842685014768,-19.027691815146468,22.662479599104856,81.072671748019033,85,-58.392891889648268,-56.206609701027546,45.035903227536828,5.0001072248897582,-2.6064827161064414,-24.544339022965044,-68.889425932915827,57.748319147832703,25.817088063707395,-22.910653476406551,18.049739710474611,23.719649214841208,60.94871668657715,35.442065707192015,-66.365117960833985,12.372494413857176,15.954527442454403,7.4897872088346782,31.565300688999869,52.420706664297136,-38.653413205774505,64.568805739378291,-17.698226907052444,-51.027668642949124,-28.501845326849015,38.074385897948709,-73.495772528915438,-25.315630487895238,39.902628638859213,-68.619638796445102,-57.746346092673754,58.691149388051734,28.825851912842928,78.461049114844428,-84.939514971564236,-16.885913580738915,-7.6046935360408989,-34.402089655614454,-0.80530281099994161,81.456619301222716,-4.9739576601815969,28.201768860140323,80.434557482518443,-2.7423760420235173,-38.749829560035373,37.688295626997878,-2.120283255561592,-27.330502089502275,67.860680531207024,-23.476992650431736,-70.149704289334679,-6.7730536271440638,-64.027334908640952,28.340933824396309,49.332710748061537,81.733039815337847,-78.705806653526693,37.124512224142691,-17.443767031072365,32.247934919596027,48.940282007777562
18200,-64200,2.0223408330238368,911.59491081880083,7.3268537485371859,325.48913158543945,66.071379310511546,796.64050329703628,134.7057103980182,770.35450960647972,108.22579836160938,374.3868544731464,603.10994009518436,150.77883910627781,157.70405323587161,7.407649770518784,265.74655927706868,80.363412253398536,510.85118255199296,700.15696844692513,91.576698949124292,389.36976742787823,480.02361384340276,547.0093049513589,909.04638809104858,578.93323513622181,266.45336177661773,872.34637284695668,73.00583300078226,113.158574859986,28.552652954598329,805.94722322242376,136.03044849521814,219.13500527309787,698.44615248728837,938.38321614630831,297.0519432197442,833.5866696781585,544.65761104796513,458.50535287322208,979.38794641505501,411.80503887488783,459.5065887656707,810.78507726762632,671.83198408685348,657.99276588653242,789.36295401323514,598.72343486155717,261.83231258886855,209.50663037054332,333.11414346332845,170.47591915593242,539.68277912150211,52.45626039563107,829.1569124368981,143.55043183420216,658.01414017163393,654.01097736441568,364.26163316190502,210.41147103547468,792.17111716705847,440.20958388015003,274.29714836387575,784.37204615298526,92.273986895140723,10.269422192964257,289.3193120426634,879.53912607712846,895.925721701611,952.2084516223299,490.39561607373963,643.59265973890751,138.38369959598384,735.84264347563806,634.7838120314542,458.7910653147091,828.33294242610964,195.96456166445557,13.754836695035806,798.97634840568412,155.9594985779961,765.15382402456851,79.875993370445315,801.84822325859284,37.588344125896754,168.98874224126942,188.68967384129269,722.91526220556045,667.38046971226242,383.90221783722359,133.32969904827064,480.79964651804283,821.74745481812931,484.82559685654724,721.4075328531062,5.1295939788086891,749.50895491429628,802.25947329353573,424.65436565696234,723.84862523694608,578.48102392219209,193.77118322592784,60.65759031312092,-31.165014616894229,-37.64697381553475,-37.568510518632529,-34.211040228733729,50.145809561308646,4.0506530109344396,-73.470784193590617,54.713686322756999,23.050936829117241,-63.107805398604739,67.123609375909837,61.937341078875619,-43.065827121695058,19.369293363717865,-50.076198610519384,3.693862700854992,33.92398633518026,67.730862985480911,-39.064629019781378,37.48071571292752,65.81785266758348,10.246135971688217,-78.521068577572677,-29.48178121851015,36.826043122199138,-74.631085739417045,-62.625219831578889,-33.345442453957425,-53.007304436834183,-8.4700927254805229,-2.1843122875280212,67.400378179713542,75.073096659693576,-24.108633088673148,-77.133999626532372,17.210339114510283,28.987403247109537,80.821418698212184,-39.280785448716649,-58.398589355730735,64.881850928759718,46.165022191933744,11.313175290553,-13.903269832971816,-49.010691671192681,-78.322086098862655,-9.8560720637489574,13.185315753234864,-23.178796642074275,16.96703543827735,-6.6813473833479309,58.279974253016185,34.998670116569052,-82.434832042673435,13.45409301325661,16.640572456483177,75.2223706627897,57.432771369653864,52.38063074374395,54.549240128969728,60.412227456389715,-36.737439305142452,-53.113328809774373,6.7933714565712684,-68.941359031692826,-66.551526073355433,76.846099519679271,35.018490067638076,-68.583874630374083,-0.96681614699167928,67.525816350250196,25.72023153853771,12.736422742636911,-84.008871105859484,5.2963289050868188,-8.927496230078301,-36.675416433736046,-2.363872638933703,81.267692289663941,-3.3090319240751072,29.985176362721749,25.448760214153115,-1.2375981469214627,-45.800744136883438,39.632773351625943,-39.087761521906486,-43.947865131518981,67.054590002661925,-31.471997735534497,-70.064279875931206,-4.4571912977159869,-61.963123814796759,28.29577637485264,48.901247870682873,78.793301180590902,-80.532974759698618,37.117437023886069,-12.710549942605116,28.306529202009223,51.47546865842645
3500,-54900,2.0176894304025583,1000,219.93418231049961,684.54632639664453,74.164961780708339,829.97460277294886,104.34890995898526,553.44295786747125,344.81474330114156,376.42548605712432,602.86747622603104,369.40276529538687,163.00412188850359,42.845235107713904,698.99043504273493,103.75901074837718,527.67081325187996,705.61897479274478,70.779558585736865,394.42461360789099,483.88301547348243,545.75065025746721,938.238287183029,600.66563348349348,270.65882690831177,846.47338154319027,898.11274052195358,155.61082738243593,853.4717618274675,698.09876985254311,981.56470052929751,685.52571305193192,702.38679114233707,878.17831660219667,391.46879280722152,813.35040090475854,498.95489897430843,927.85917573400093,422.19452431078463,415.57146218973287,536.92048075972878,513.74494663090104,206.78676284987856,629.69768409234337,367.59260062760376,597.00930363415705,262.98029519315662,209.88359719382223,110.94371037965583,164.75668434594826,185.72052502204161,28.501488829216122,254.2731879889046,196.2963001559134,627.56990346244527,649.2298511189357,349.23276336598622,210.52381891335617,44.197476054889236,896.79942566223724,322.71354215714337,124.24174617143296,949.30890828655697,0.58920735919859979,650.34843061174433,62.138141276956276,821.61460699683437,914.10187537867671,519.55048078271864,625.04104250028456,140.11885590123774,748.55118132886446,615.25245149784973,544.35778231547886,826.59503201690927,159.64005739736646,262.71029164086491,802.90726111773847,288.67756046116534,758.24671542247711,80.181086774804783,801.73443906131058,40.498874079872564,762.9274583934739,144.2689065529955,324.56165462136107,677.04710243257,376.58932473374438,809.80382829378141,456.76640722474968,826.22073862229081,133.46610767636176,736.45190202393098,13.838249300889364,743.8441576301143,665.86367070780375,460.72737199071048,718.94475342783858,586.8997221307186,229.78353694732786,52.875006557816711,-26.038856872729252,-38.488346216442096,32.169631097920728,-37.682140331004732,42.245733665493866,0.93587322365249292,18.322298781919578,57.844496984451652,29.196576678242497,-77.350367742909455,-55.294158092800664,63.628085683375446,-43.910986110074305,18.403037611371044,-1.6727045204588364,-60.320887109599212,-10.289009841189653,64.396066537986741,76.364844132440666,-75.734343747611661,28.709757749574493,8.8504366209507968,-81.617167995821077,-29.695966881494975,34.979869532211097,-81.242790565097181,-22.056704403499278,-25.690861195757428,-64.066945178792082,-17.08048006199666,-2.4036780844618661,65.153226538585187,74.820260690165853,53.929307120932009,-81.979593484988484,16.066111431470127,29.209215272481607,80.756608345706866,84.73448310049929,-58.59520898240504,-54.283127378956856,-5.4599724677684591,5.1294069518750902,-16.006407691779685,-28.190242315959878,-76.401447471452116,-11.906775557522987,26.733979338226163,-11.248898284334071,17.142477728821181,-5.9824870492723621,61.086119262162121,37.34365026210493,23.889029462821423,-0.60704296674608704,21.411494101232179,79.18836811519401,58.434231142484684,35.136799055293814,-76.980008306005317,56.037129809604352,44.556815099751361,-49.029542839320634,38.795581070502436,-79.531948690284949,-73.995625278294256,46.336265556918313,35.563229092449731,-68.620652900353988,-3.5067673660337659,46.534920930541666,18.826524962812055,-26.297308429979022,-81.974239469543605,4.843720772262718,-9.7126311853543275,-52.314324269169575,-2.2644819187484462,81.251605569771513,15.028892543342725,29.966298622172364,28.530813288879084,-4.1404410572519943,-73.287907902185239,37.44547517886221,-37.526376774057908,-45.335274801740404,71.981063712309265,-28.456803443533566,-74.587440272090006,-4.2215830892289672,-65.367827284727412,30.940664915741795,51.333632309973048,84.124318599672733,-72.880947169231646,37.013140558334506,35.292950320342094,-29.338169778418688,51.823062145125895
61900,-69200,2.0225087063202989,139.79934183697407,6.5533418015621345,350.49092271453492,35.069837792677326,185.81188779843782,135.2239032359434,793.9508653606772,258.61329881429344,387.44195148199339,602.94831198907912,107.5485516633492,278.24628039526715,332.51943489004975,330.11384354536574,108.49646475793715,1000,720.0049530425033,88.364416904262896,395.77726795339851,800.86840144637847,360.18364973777182,910.38385528863603,535.11314028411641,261.70011730386352,848.66074480565521,946.48662485173668,447.31437372154261,305.05092861963431,661.38362651157422,898.80277565806068,234.2424407972085,185.9483025642634,996.30042184461513,801.55192390331911,823.72184267683951,509.71132588867732,895.64676153436028,888.24853823275714,644.05328420214039,466.90333903489164,909.19084475564966,311.4528853122128,641.76830803409609,374.52771717477214,596.89897276909619,285.83334882006335,167.46961554231575,306.19850443897553,134.5521150158464,103.43678548890411,3.0810571442006172,728.18554846259531,197.23480931036036,628.03223119667587,862.64226156082759,572.34322807509579,202.38364375631556,901.57985141974768,912.17926946717228,293.80295247214968,758.68256006995432,61.762621677025265,657.80914976221072,259.56306883157765,863.79055048045768,899.17351222569562,900.53722723560168,532.85954446456481,635.23807660240595,153.54644258196504,752.10719748519818,910.01380138388708,38.269699373755046,826.06528000491051,597.74034350505121,290.16855589045184,825.43533223278132,181.06759249061028,642.95492364100278,40.964982885161106,799.00433008752702,302.11850798646606,46.76576936898261,152.21392752319113,779.68865161527833,681.88556747182338,427.56451479084114,764.06833291083717,456.39427916089357,820.97640245128002,478.66114979978562,722.50315537170491,897.3812058838779,866.77485386652279,801.57242270928953,809.20254066543202,723.03608880690467,565.34543293822662,193.74499256516643,53.509223482757228,-31.349276573522104,-39.438238984071106,-33.458514357281082,-34.678102349321492,43.154055715794058,-65.097030800204152,-74.316607574573112,58.845683019355498,33.579136975230313,-64.804355420910127,48.03801351735585,77.769998404781319,-43.891765552603182,17.029292267910542,-51.444075723440115,0.59013332646789129,-11.223871074040606,67.513685356687432,64.535832372886958,33.674130214514342,-52.389069415550992,-41.040232178198302,-78.379323493231837,-56.132324044957464,29.564614631240548,-75.243036742925085,-26.62706161696515,-34.064913783964649,-50.71546417994746,-17.229148396382531,-3.6355101928630629,65.887090423670173,75.174834814299842,-30.049222603122693,-79.65941689809236,-13.811519345906705,20.57559326409282,82.568433401298705,84.951092187736023,-59.546685964257065,-56.100539579188371,44.891212673082393,5.1802312949464788,-3.1290905561593307,-24.547410906497991,-68.959592965748783,-6.2093996630920643,19.391207979428415,-82.264488181082172,18.050107321327008,-3.9867784657470668,60.806977958051036,35.379143327091313,-66.591579114369594,-0.6148709231200512,15.887605275640837,7.4152931541857185,31.623156797631097,52.392280652291035,-38.109367095377394,64.65683193752885,-17.098028779356216,-51.026972649967881,-29.922846081495045,37.913543193930572,-73.690823888510181,-25.33850453592429,41.03823307573176,-68.620106167364213,-57.820304946117759,58.691074995003518,28.269553566053947,73.827728364050813,-84.08302918401462,-17.88697302573776,-9.8412586802045379,-34.387413140341465,-0.81571609934555589,83.838958465705133,6.3842051224627561,29.984339232350859,81.571554394745789,5.9408304155246654,-40.101877240396519,37.531050794653588,-0.59226999410719472,-27.297696250628466,67.583081175661363,-25.062440062350191,-70.149545774836426,-6.7653329737720602,-56.42786199919977,26.114923470457473,53.212690503310434,-49.807125802062203,-78.706382148922998,37.124411756689206,-17.426268014757021,32.940023678199715,48.893071683731456
14500,-63900,2.0586735908879956,978.5622703551212,6.8829069986938167,347.36904339595253,28.760338987554281,192.53736956800759,134.21496506367151,218.32737536242641,13.229755266522806,375.27957320303994,600.72113238019756,127.87085135127758,159.76254656026961,94.714314511895722,244.58917766175406,74.414882599577012,608.91212485941196,518.51379724513265,529.50158041831639,424.51427324374822,845.56622534253313,319.87134532782329,913.31377849433215,577.02398987191452,266.42267749294274,844.03861878623877,621.22025080251012,457.93407546404285,46.71941107252777,848.9011343864837,177.31298456286504,233.61311888023536,780.87174291490965,930.25879839661513,302.46559914470299,812.31405045219162,984.95457479140384,386.99907358833104,979.32186590416313,461.19795252655007,460.63357463709201,816.11864180555108,680.86249600259168,405.98303135303689,345.0105846625695,593.83963704279154,272.78220264006336,192.1788441477039,126.49536874052042,170.46940952394377,182.50450539820105,35.973287256359228,845.49486366933161,192.61878298285438,656.49219349990574,634.79780781153693,348.66768940945929,202.10747882600526,933.26768416097593,888.29815009016397,268.91775804950322,779.11105199162159,894.73670115974619,9.1869895199686198,389.57458247737776,794.52403809020916,897.32144075878114,954.95824138291391,541.28867931137222,640.70881797672791,138.35900473889964,748.38150131260431,958.92609296852459,458.27957370394427,827.56527786425363,189.47240516550491,273.97170184100179,800.93675632698262,170.10737040668616,765.94314675476505,598.54413326703025,799.08781763708635,279.54923198077262,169.01957103552974,185.76782025524352,734.95923662892574,681.46073909943323,422.26856422942842,737.66092780964482,480.82138019260253,824.8363602860029,115.46903296236809,720.31031552078798,109.96395474350112,750.01161210687701,660.90665306420567,420.2763195077361,723.86758267819005,547.00440814997967,192.85170871993324,201.0289660204501,-31.40678816507371,-29.581410358657564,-32.81940728795297,-34.29391384260412,41.213541740366374,6.27922268374504,-81.170081427668507,-13.371438190562094,22.419274570785618,-76.509247292046254,60.438580477432609,9.2040294183302489,-43.843368047832293,19.358188816117849,-46.412671951880043,0.66268028474554397,-8.5886031040724262,67.449127452294746,-36.685207866874983,26.774744055785867,23.735532457846979,-43.581141866767609,48.623870927710357,-54.924139953484186,29.192351320493827,-74.870282656857441,-26.299892518347587,41.190315935701243,-21.614196637236049,-17.63545227521378,-8.6841372033974658,64.595429126031689,76.573767212273367,-28.852225824418731,-76.648027026921184,-17.86494341556676,22.277293205855209,80.771226914662023,80.810074867179765,-58.43632757119655,63.345178709787085,44.465023156175242,4.4682538601760537,77.902812367746236,-25.074251979072226,-73.963713629857253,-11.532323632958096,28.458217927589683,-23.065264248929026,16.910830718831331,-6.6826624392906044,60.813324515164716,34.995823620312215,20.372983829132639,-1.0009216627698769,20.835005596937279,76.639986810818684,-9.3712285923852008,53.466870336249052,66.094891386952852,-17.598686489469102,-15.217420766226795,-52.029430707591068,4.5201105616519097,-69.295853959134661,-72.61589691159503,77.530450620481631,-10.37656209402183,-68.623332463374396,2.0822807220218573,61.484330341802441,24.365821008181491,11.683864286121789,-83.996019623343685,-17.961621338602342,-8.2842393576098008,-35.951671473248609,17.325990227125708,81.604083373984523,-2.1020612029195398,31.449906834012086,81.228201818304854,-28.608458757775956,-44.62657238019262,37.422188886770442,-29.526292130248368,-28.628471258368499,65.723273605584069,-23.445547296467318,-63.813459584446846,-4.3880677095838916,21.973983816060947,32.93101716598494,49.576039182818825,78.669713296228196,-72.863559702614324,37.115753774265919,29.469622019197292,32.624904994473567,48.931432038903203
38700,-66600,2.0604220876493931,550.95613860916501,6.9938239293526472,324.06590262831719,58.536924233094986,161.56741241151983,134.92995345939389,209.81608582509187,356.06534314888751,375.56793429134211,615.93040303291423,161.63893240725722,261.22758216573095,317.85646745300915,245.71564029950861,108.49247679983387,510.51434013941849,708.51920677784256,74.304302025238485,386.96497249998953,799.72112609462613,546.53303836762962,909.02138637612347,532.1277369716496,261.90357281535222,846.55344636003485,943.14311792100727,444.93999268195148,882.22630655276498,881.3913249917905,988.94871032066033,668.67019792593567,778.30083940493307,368.5971490397452,845.41916817921833,819.03704001650942,553.39937675212923,468.09177497677672,476.61650009210496,401.05094060594041,508.19787678373712,816.20562776006864,610.03332558318641,658.53871343320077,371.74067081947703,598.14146494689828,274.22947346306051,169.85432831193751,332.01539316247329,170.22050665628433,593.60914556878265,3.5130736933480762,696.90140848558758,188.68648991643249,629.11202334211714,624.44118544544472,356.34998804880695,183.68504149599698,950.46416670158237,588.53743278843626,244.63391484689114,754.72548492991825,102.88693753392738,9.7603005917277414,658.61579989914549,772.38134238871282,577.90329861460987,899.54780109465378,490.44216170361034,652.9377762258174,139.82292569290783,748.33195564238349,975.04277722435847,462.55970085483091,815.22228273998439,183.9771511663017,278.77089720627032,843.27808929140906,132.59040548147593,742.41546708669341,589.33467454060144,796.22450543530363,289.24895437353064,807.74837339256942,182.71634777486585,743.98714947572216,681.35114855740858,386.67166936297451,772.12172457086092,480.78686620673369,826.19059973984702,487.02675141536224,723.11722285087592,46.02708616718396,755.18605477685401,671.65526558437773,433.33675094863611,723.52660396891758,566.13184779082633,194.18615951726656,71.926058258216926,-31.399866358787925,-28.835885663318784,-33.77379456214409,-34.217330505140843,50.634886541847393,-66.795670858853072,-74.488359904885627,53.322034996803389,19.211396187567139,-68.701960670270736,-69.174451115665818,4.7185916685342759,-43.842541007101055,22.244713655818668,-51.969980039300573,-65.773549626602374,-11.46705257267295,67.392609332035576,73.489197754729688,33.792404661271704,68.981691183086795,12.029937923616645,50.284523654370368,-26.293790388238463,36.91791771135636,-74.45613906432726,-26.392868802872457,47.075581522610356,37.939079903449368,-17.59199030653183,0.64423759690325721,65.019804439084339,75.116838409205968,49.887881563642367,-77.269754830247038,15.986391976614149,30.571273527588861,81.154658368997318,85,-60.568350038947152,-54.634467536235988,45.356052251093644,4.9668356005065837,-1.407805993291511,-27.018803874625387,-71.838545445864199,-14.875862357775556,5.5663766927001479,-74.271184329780397,17.057612104853604,-6.7357623293318731,58.505537534648738,35.836759344180749,-82.723199596587037,-1.2578224188859575,21.435362579084686,85,31.375939543944028,55.017274679755459,-78.640635326293321,59.137974316804062,43.995266263422678,-43.951669487856996,3.1508854381847939,-54.212570423946204,-31.897032391850185,75.750699904153734,35.910494820750806,-68.584786781513245,-2.1820366172535941,43.579308437553166,-40.313394130440344,-16.460867161294761,-84.895888507353874,-17.210752108047831,-7.5417221481463228,-36.905940736704309,17.344269490509802,81.537109525957192,4.7420405353698847,30.18965093047267,76.269699569504894,-2.0381439491985165,-44.206320200975377,39.651512630873363,-39.232530602636395,-26.97873234960845,67.117833429121546,-26.224274602028331,-74.377631225223254,-4.8819697368679664,-58.013778861350872,28.255976613924886,48.894651740598867,78.799814522949191,-72.571181134645315,36.959262598716442,-17.424426351706508,-28.524819195158543,42.724704171603442
6700,-62500,2.0047338319367891,1000,208.67716292953261,666.67601278327538,51.923626040319625,259.31598131063691,134.35090489575924,835.43082580289388,329.17502586736487,375.70414956538224,604.8119567444536,121.1662813063565,257.99545124367421,1.9707025504196451,601.04205899788883,79.228855950453266,508.50185079306476,517.392885756027,95.47719556808471,396.63524793720768,829.25021068982494,100.89614072135129,908.51414245280193,574.02653399900237,266.57920978699747,870.78327589108665,677.10235240415818,446.61670064134967,19.464548863656262,201.59892146220912,990.82368692253772,689.25819908357823,12.105091933579672,360.17878665450809,354.82950778425351,831.01081073298701,561.05064661427411,381.39904112462398,975.71734676676181,448.08864666914792,36.836166909103724,908.66306852620937,700.41289869171521,661.49415825212031,375.72318497747005,598.61299105571459,260.75078646495365,165.20808711452071,138.72400836630857,171.83451418505413,179.80999647075299,37.732752194927599,188.77996059179111,146.7058255247787,659.56747834018984,857.92670233904005,337.43873852190342,473.15470731943503,266.92609875803771,931.72327965906334,157.16319084249969,746.54370913738228,946.28280580646924,183.79913094660208,265.58708753517578,848.02744788392158,820.99847168806059,949.87509408587721,528.74605184459949,769.67561018259835,139.32450313446262,756.77595803507609,653.02899237523911,525.98529848657563,800.05741978130573,504.40804506721366,27.349337014070016,820.87722150556306,296.67154904094303,657.13774907096695,582.89413700743717,799.57351832355641,280.2118500591115,800.4178992241018,188.55713975525819,290.56166631234146,680.04611254123233,426.58175035926882,53.394192090405113,480.4588886594658,838.58007336297908,155.19016919896339,720.91038030393099,10.821706888058014,363.72668011662739,789.17471033692675,415.51816870533645,724.19144766443253,561.86971605662484,193.77067017903178,45.259385185841907,-30.960061619857708,-34.967883358574461,23.063524513003944,-35.221250482266818,42.07641075989487,19.688366613856779,22.838810548161973,58.918998383322055,20.680046785677234,-77.421117634339552,55.162507495504684,2.6743777564082012,-43.847272420869267,20.56430725454306,-49.298851993028251,-5.771495260327848,-10.267994249482559,70.980627119193173,68.775593277225084,-57.635726505215509,-42.248804288451417,-46.808693867674627,-83.45108156290641,-55.238909991268279,27.243651768058033,-74.363200871285272,-29.17625242705812,34.427654594820105,-21.080249343711522,-8.2358555895993497,-8.9282453154912247,-7.4583462682962605,76.870639958356904,50.963188507673351,5.9578655159914007,-17.375070840751242,28.976839424726915,81.07262914766153,-17.303710591408233,-61.69193577092512,59.66744152685289,46.288622365651534,4.959407435149382,-2.5106899521127346,-26.613651211324267,-59.579286820284018,0.054350106895805439,30.162904047367334,-13.046708251639906,17.160816527492681,-6.4501327790451022,60.872407494884634,34.110920178197425,24.744716859218457,12.962010647236681,16.596238933781638,75.842886976195359,-7.2440813256246059,65.162710663714989,43.285432745993916,60.318577093259094,-10.141868992835105,-43.208070439328935,37.830742708878049,60.000718244586338,-69.893437177169787,42.432209734106991,37.566276785110858,-68.588448777981398,1.4364084602753771,54.011661823818351,-67.638241196588865,70.626506071796271,-84.645144144063607,5.4944763338763813,-9.9568263458537949,-37.045333829220262,35.932874966702371,81.722304381080605,2.6150267649041723,29.954058795186,74.107159157206056,-2.3902165684600969,48.180139071044223,37.162511416275578,-72.550170789494928,-26.129987976745984,71.846559724457848,-26.370249958350751,-68.443230144030622,-4.3991725323948332,-61.063106720944361,31.642609468252829,49.495958229862666,83.389078719981654,-72.238431381887921,36.99397812741941,-8.7125438256965708,30.117546921086099,38.822927515388635
7300,-62700,2.0212490136499959,1000,165.57157115707946,692.06322126101725,67.945964548402387,150.89610479709387,134.93965666640895,826.98587028215502,351.58809711104664,375.88120843103337,600.76889546368932,370.16985212040169,282.42332557919735,93.850305678934689,625.39133872235823,76.777439588091596,495.24073986943858,708.84380497402049,48.227457659697379,389.27262432938221,793.66810564474429,308.32238822654267,935.44662515972254,559.42925904800427,270.70239021784124,876.15450081170889,617.59609614278736,422.8700677873594,809.46162970663818,845.98532316397791,945.24322718302233,664.24212406169897,699.48360474639094,931.59529060260184,297.50074508522982,495.01802368603222,984.01234238482425,606.04577019911585,267.09267128540051,455.123871474868,529.49959351695531,767.00049692665107,684.88523695236756,630.57387860762515,347.89357786282835,598.42288636425735,291.85755706515295,212.9513364920175,304.7353087446316,163.71728009946474,167.25234068180322,36.172480811259021,263.98349525205265,145.12695520120306,657.07709397248755,616.45886921982867,348.95240084410989,221.51903967104008,934.09010369450164,893.65069014398898,269.68808622216369,448.62802252593178,866.24730210980147,602.52415797944866,385.98808418854225,148.97179968756126,821.95305702165331,909.25630180801659,486.11225467130186,772.25007198195271,138.360240863277,735.4975970540786,75.289840778116172,529.83235402345395,811.56313004851893,183.05151764740711,279.78952665625178,819.30106603395632,139.27715813728224,767.9702414023393,583.20937057116043,798.94809028642169,271.41084832520585,244.78136195876186,189.01093564584522,808.41803223591558,677.09243821909467,425.23093012768072,88.67246608053506,478.36323059748105,837.242129339901,147.57647849260542,725.12008077013684,109.70656416705258,716.98192064953491,667.40870622298235,460.17838888006008,718.90997272732216,586.92229675035071,193.01209000706245,200.67482484640865,-31.175405999547031,-29.900593416174551,32.370187434022391,-67.374642806825236,43.170838300947274,-69.382677949875671,-81.115703564944823,-17.263636134190559,24.558783561857705,-78.706579749015759,49.86570514137582,71.118395143955524,-44.063020970920668,21.601057834026918,-44.936874490386614,-4.5432491127847898,-10.530659040091097,64.715845282417462,-10.575690970281833,29.446305674759742,57.230497455938917,-47.432983842288657,-84.391252554325149,-27.772752716092988,34.423738303948852,-75.356763976996007,-25.558177213430124,42.490125918110976,39.036769653140631,-18.057407174007384,-9.1041086809138996,62.108832376092181,76.33370403666234,53.336671960968907,-76.242201549621413,-15.654196148486811,28.925272789433336,80.990604112240476,84.773285260627858,-60.681697651832657,69.721126908766337,0.8553096282586985,6.1409567703532781,-14.020999925127015,-23.740066773118919,-9.503045373113455,51.493997147142807,68.868387384933001,-13.786119198551148,16.957221123125635,-5.5223223538347348,62.223273861909789,33.943628949750327,-65.429036396998583,-4.3524205423859552,20.864379349084484,-11.444267717261164,61.296065390201207,52.363601647268268,-78.225920018421249,-16.053038070880191,-37.299007381767851,-52.305303371052069,-2.715226131126748,-62.559017989104703,-72.294796378197475,-25.85720817871292,-5.414005606664591,-68.576370123008275,-1.6045862870586343,63.274704106854102,24.52909924396527,15.045656268719469,-84.059406818963097,4.4390289059523438,-7.4745967241080171,-37.656430653338148,-10.644992310572157,75.645533891184158,0.75008203221649494,30.861731528344787,23.499471651617842,-28.615216401097832,45.260243803283046,39.597945980084695,-35.846015667806093,-45.440963890574466,65.469622058303429,-25.573621400734343,-70.382824112399192,-7.105531158798474,20.89594189540766,30.241444933719851,48.72796147836528,73.078806486024874,-71.873290104786747,37.539354838860525,29.651980315364476,-30.920679460529225,49.147986300224765
57200,-68600,2.019971649989484,223.9484787891289,3.3936640809127434,325.83782359575241,59.637403026282662,799.84592633609043,134.70339015721981,766.47779392922951,99.328495892065831,374.34784439004568,603.0292399896465,110.05983564764711,157.75364326850402,67.833371237023982,603.29559917045208,93.359055704683598,594.2400407690526,698.3549540485036,491.02336766973929,388.73460334789297,481.93292560843031,557.71975887671931,919.34585520872474,578.93207151175602,266.45421011484603,844.89755632425272,621.91304566636768,418.50751387060677,29.070187071925137,711.81241701897568,177.22681359362699,220.46862563934047,699.84580266526575,938.32267582487827,297.53192057275862,814.03212599101266,544.71442590773472,434.28856565744422,981.32547303365573,412.34098969559813,459.50899057871356,902.94612000115626,672.15094163411482,657.99771360386774,342.85865423225255,593.61146215679753,272.50981728713265,210.14653378816863,333.16652131867261,170.59327938786271,539.58184307253612,52.98800193748319,828.50108165253471,201.73993177464035,656.37275390800778,644.59053566108537,364.26086305108078,234.68324879539963,884.37528773285453,440.45948724963728,274.76491138649328,784.36717561002615,92.438345716825197,8.5518536001669077,288.20679989710629,792.55741813825171,895.92005402786526,960.0023793862332,487.84214368181813,637.56878655233481,164.26670988008507,749.60563020295285,931.44135749987754,535.61413874181255,825.49862074754822,201.31266383337331,268.19806011315615,798.97861035342271,155.630711166357,644.65860086745749,71.584139599273783,801.85838408763004,307.01167857202086,167.81038503231548,147.41298278111267,722.61584914456796,667.38277358461721,425.27160294819316,132.531487816447,480.33771718223056,823.90825114496567,487.2470272561344,721.40766672231678,6.999923626876809,750.19001674555909,804.52440769752741,424.72025861909617,723.05163957233435,579.58930050801325,193.61423191484221,68.846917103128135,-31.167868671108149,-37.661188368383186,-38.444499392076466,-34.212373947253298,40.618782148474963,12.211899674194836,-73.532236596231328,58.205240515833907,47.625907086701332,-62.813826738445741,56.561821487615177,61.187213442077315,-43.065487670601648,19.407605071911085,-50.0627304893409,0.53815170661578682,-11.496720451530731,67.469034611193635,-39.101861811076297,3.7158490709264314,65.827740572262826,12.77280049128259,-81.087959556777989,-29.378554345714218,36.835293672414366,-74.738412139139484,-26.899150435340243,41.586219951691888,-21.98060958286257,-17.60092500572069,-2.0599354914100458,-19.103543310191327,77.031505134559282,-24.775147102982011,-74.41683659631876,-21.514711087268065,29.354749860005739,83.644145139596347,79.999362699426584,-61.820954391959702,69.630911963519154,46.166869402094804,11.332444142058529,-9.421680879016062,-49.385336433804063,-78.289410804381319,-27.668155913323183,12.251009097643651,-10.960722016362784,14.631226197901892,-5.4513564641442729,58.4873323852146,35.316726063284413,-84.641493275414533,13.435473779096075,16.643533388858831,75.160678648857782,57.57062086088682,51.969216137261185,54.5866529917121,62.190385732866417,-16.739147063314846,-53.003909045407369,2.8620341460442322,-65.234807257516607,-66.451927084652752,-16.139925008356375,-14.867459645007319,-68.599352727103437,-1.0120717086979654,66.978350819227089,-32.437177438362696,-22.223649674847877,-83.970375780970272,-0.18750174215537507,-8.9295934067363305,-37.254956453841984,-5.2547017911524296,72.711211662375305,-1.8745210995866808,31.687773701177591,28.113285667273313,3.7063154086892203,-55.943339013413464,39.570745439565712,-39.046149002437794,-42.426738248349267,66.850132313463817,-47.008272803659487,-70.15284719450753,-6.820701983497341,-62.15764871618213,84.208218311670706,48.901983641806403,78.791612871509088,-80.236675075098333,36.79720690070684,-11.488397056252598,28.323053004254245,51.184743763926981
51800,-68000,2.059172551541852,317.21356658870104,4.0481203787413333,292.72135919527108,59.715870350413176,259.45321657502154,57.857613949072551,548.39392399666372,131.72434041386447,375.86915980672131,615.62196462616009,106.24965158746653,372.39180681924256,40.598082407872241,594.63457809099123,84.71673290114073,570.020977066922,714.89392135210642,69.183702019387738,386.98892144881171,797.60194725293093,506.90769218552521,922.49515988787755,581.6957152427151,262.02896663110482,843.92149244656434,162.95458051421602,407.07968071517183,857.60627781334074,830.63736832930067,128.67155571171276,628.59411072148919,835.16867478749816,826.09329720988023,871.32419580094597,818.60589414388858,547.04967254421626,391.2529374434597,486.58375935257033,458.55807839167682,513.56208640730597,805.87891856361432,233.58000854167918,526.18226949140876,250.36938275432885,595.28127344279028,341.80985514572325,181.43885463646725,324.50624604632975,169.45808034957537,565.66668655675903,35.134052179537811,813.33940543880726,189.31370546868166,659.44863806307069,874.87632110002153,663.29730857453683,430.19515791842531,68.700253275156726,501.45020248187632,663.78373879727189,428.88184233208466,7.7664039675741456,677.02013061943126,247.70618644403211,808.60147042442031,653.28496651347223,963.99806213905629,445.87923370960857,640.07706934317707,163.05964879516242,718.56760666695084,532.94487942854551,530.85495232561573,834.36020307384626,523.38578097699781,275.31607330727599,822.19386863138777,161.06825284840789,640.51167948960006,73.596673123167108,796.23774215949186,295.05560887261021,274.67540627279277,151.60913375492765,841.04115697509701,633.87326790405461,378.72871867717276,749.74101327857136,456.87403016770799,448.46849184512047,454.66703029112426,722.97851696108273,23.032469101922004,811.70943206541335,810.81104587602408,450.07265250894699,717.27298641559628,579.15371690378561,340.0062931537766,53.842091136302606,-31.085200286156507,-54.960954537766412,-32.572015594946578,-33.685477487924807,50.212505259425235,-60.596672952102736,-77.326427371791823,-48.082436188310353,-31.140310392048349,15.345423290567521,-78.120214372812029,5.2094343217616501,-43.723153289547,25.365873826515326,-51.258358273695038,-10.404903738706073,-11.469699213679085,64.965025619199778,71.153814111208504,1.5124387655285516,79.095611553788544,14.58719121779786,-84.897790290173589,-26.43877964963691,31.089999992594244,3.9674164720503811,-22.550594065344125,-32.131724598337186,-53.149707760381617,-17.072280058616411,0.68583337461189031,-15.186493348626524,77.024623694510382,-31.976133551090239,1.6126108877977359,-21.037156024505173,29.330305092044288,82.096736526468533,73.035660817413827,-61.69611897948058,-48.7574251257494,-2.0851504468481217,5.1239128066994954,-8.8654244974823531,-25.692805160070673,-15.665324933060141,-6.9187376449730289,77.827815040541054,-73.745482950242035,17.062070654399665,-6.3661607695156066,61.280833182719164,35.934550224803857,-79.970731485718076,9.8784353510828939,16.052485937216531,-34.109973606943448,29.89252515450756,52.382311072163731,-80.525655869471279,62.657009983248564,-12.739271556718954,-49.604891226948496,-35.61259378146007,-78.132973727534477,-32.468611882783605,75.970783593128843,40.612095790039035,-68.611681880925374,-63.327513521785349,-12.967609381821632,-71.239308566585393,-20.905676854685044,-84.871135795943331,-17.43772428515431,-8.7545446629554569,-34.283726410626535,-4.0373343842390987,84.232468200017109,29.260606753094645,31.606166141100076,75.694170979237867,-28.724424873279894,-51.416918361757823,39.716744298002901,-34.994963617509917,-27.271529131566254,69.456207072827183,-24.692253276484784,-72.354295010084869,-4.8013643466725542,-62.1595998968386,-9.8129314336795925,48.848265249783537,75.854154133277547,-80.524467928496918,37.022675652295888,-45.442051952468518,29.636968455837017,45.403759989946082
1900,-49500,2.0182813567151476,999.99956570191898,223.41892718433775,695.00549890992795,70.557711481372991,223.00045071002882,137.03762393798044,799.82600913613305,344.23516626850767,385.643138236249,603.07619408966366,361.62742175547015,59.383849451066482,267.55574852054389,694.79200579804262,103.92498398309877,500.67580425448455,737.10263430248426,83.972614979022893,388.71326230031531,488.50657835616255,306.43554979550476,934.55686738473776,602.01445114844807,271.03854227456668,870.2203791706628,903.06923186313054,114.25792710344506,51.544368575502347,839.27198541593623,990.06996962810649,439.76146872870618,155.87349040670398,852.19061273643115,326.89883079196704,813.10729434716689,972.53176069392885,615.31958592506385,463.87358948699335,419.12245802621715,534.6457083451761,517.82100684972386,672.23195435699756,645.49455449111315,374.59285903190187,598.23746415758342,279.03572525625486,196.01169678516916,105.01501016190727,165.31516969361132,181.11375967028525,36.526261804600267,252.89760919371349,205.94609093385043,626.47191470041651,632.24991958656904,335.94328411246482,190.10826466532649,923.00684265410632,539.19352034473991,250.24762621267175,394.63799467044458,21.861086594942378,673.28534314920796,393.45842631856743,18.600270407943366,841.36715590726499,25.382943771089515,490.59490107868282,647.98741965681052,132.71454586145848,753.4673758590402,80.542444987521606,456.66528876644963,306.43813559976297,144.5103487596202,14.094455731034742,819.55309813868587,324.69324906288853,754.60623658144482,686.8201821797129,802.31972351636375,284.43310668803758,768.9308735088357,173.12061629073548,734.59315303159428,671.25632969916921,332.8030537618576,144.87507100491183,478.22789691741048,855.75040678688447,127.35046720824776,721.26638820152698,48.811949200382031,741.60151887082134,659.63732196004128,455.75090631130843,715.60413891717633,587.1324581094367,191.71678868022326,19.77631378173691,-22.930965931930292,-29.198571065068439,-39.895801271671814,-32.623943232326432,43.478410872437074,13.716658081882663,-80.957594663907187,51.823515648049565,24.380041831273733,-77.327720258445396,-67.898465046136778,67.486970801594836,-43.888115949734683,21.360745149780378,-50.190413469110851,-59.842566105542474,-10.547197484538161,64.816624385044335,72.344815062253332,32.139044800330581,-33.554159578334534,16.973982620231233,-79.401634304550697,-27.303800500293821,61.081393311051713,-67.103354022772578,-26.458786293690132,-34.211125417015374,43.360444795711324,-17.104818416894389,-0.60591750909350939,-11.449398596630576,74.671382592527038,4.8135625671596785,8.623262347609149,-17.756658171666654,29.27258256928863,81.382574679656287,80.363489643290194,-61.807031905960201,-57.747774055313549,0.77665182663859511,4.6440269265230416,81.78586630244935,-48.644286873946406,-13.19473926482744,-17.160920644755961,-40.08979449388751,-7.8005196712961862,-20.089764423160208,-5.2030973601668222,61.017662998208479,35.915460886862348,-68.664569694614826,-2.1891813671218845,18.58482135118798,77.918302541709849,61.121932602497793,51.991914116767219,-63.735143915905766,71.388888099693361,-39.255129302201709,-49.282044719766837,30.781803810100545,-54.220853151297476,-13.719565977917558,47.554439826013279,-5.8788865149258722,-68.580297010330909,-63.681751836600327,48.452898989067926,23.489630884065164,10.117641453566744,-83.905874044946728,4.8050842533272959,-9.6082680297358749,-52.275879342475832,-6.9782689951397163,81.587238355044775,-1.7229929927184715,32.287718985829109,50.051442546783299,-33.258871516886103,-52.59003962905814,39.475190526930724,-34.480887838056191,-27.371261110691279,63.75553822133719,-26.632206732504912,-70.545607303639059,-6.7137493759006937,-69.581082064692652,29.559493768460378,53.286186317765278,-76.238931255786241,-82.329136572035992,36.795764120178667,-12.716217485110736,26.60367728275703,49.319250217025285
600,-33700,2.0178000976009014,999.98225788831678,213.56769806686606,689.25023384906046,73.23217135650998,123.56921116241959,133.49125149234638,538.01962142978027,324.72043394141076,376.65988913059493,604.57125051964817,377.31925288635995,282.92686290438496,51.951418831188278,271.2645244469096,82.502181503649325,527.9109882630803,701.43350469803829,91.366925534602245,388.92414752212795,841.23900711390763,525.72605013347197,870.02342302143677,554.1521655649309,267.37152314765046,872.57789853656107,930.2272941872485,112.91326276282275,905.86298236481844,807.99173050433876,954.26476424900329,267.36117008566794,35.62830889072081,878.15705832738399,598.46284472859759,815.19614144205877,499.32692561330896,203.48305080360552,424.73922174152091,412.61469991033755,658.4475857847998,477.31725255266633,665.59854803517953,669.63787773390322,382.3387920030583,597.70735579269217,277.46482786957813,210.0713540813874,45.191145893027347,175.43776849097111,598.10711816111939,36.0614192647555,848.80836590099636,187.85806443163153,629.82027613495723,634.52981914741633,348.78638962080169,231.73715844007472,286.80186705191653,959.72490444318055,274.82893674534125,433.09793268237473,739.69490741868321,568.59258487751811,389.18200686827487,33.26974020037909,909.69145863108088,836.23489654969035,515.71074155249505,774.18205565107132,294.1252292976838,748.65774765370156,660.20506388680406,531.99304448119108,803.02987113729773,560.77243547802289,271.61918646428751,817.77340081517889,291.45551938982749,759.55279972401922,146.54619660086593,801.58956127180738,295.32407263365712,298.97355625228056,184.13340270210483,791.75484690449321,678.55647491497905,380.66958781061732,833.7741770804389,480.3558129189538,836.81178483813574,110.81663439087318,736.91321537527779,10.187366050167309,362.40537463935306,797.50927898125985,414.24994047299447,718.86584928961986,587.20919484532999,206.75749043551474,45.699397455421668,-15.977730249717746,-23.992068711828171,-26.089282679763457,-69.741516880915526,42.093488057372475,-67.692955173256138,-79.606149207334951,45.479962965505948,26.388336408158207,-62.935579586035622,-83.101535540560093,68.094685903063194,-42.423632842411408,24.112455163198497,-50.115526685634606,-3.7626005802025766,-11.5977127459025,64.467852434706529,66.186071365071513,-74.796053598733508,65.63177568446558,13.353439742631906,-84.016238993972394,-53.582434043947046,32.093680004401449,-71.041814498670192,-26.074288590506477,30.764686857564207,-52.386813968395593,-17.234574249031155,-2.6646671748977675,60.641242593617434,76.54412321350506,52.229236691712018,4.2116515020047061,-18.118434748372184,28.857346555028002,84.756793065606857,84.765497711831841,-60.060813621507791,-55.021472460189905,45.739054506082653,5.8214098385468169,85,-27.62841724789866,-72.410181997163619,-6.6154727477962076,24.108927656257777,-81.747038208575717,15.323962697709089,34.702834715467631,61.073466645473999,35.132582986996283,11.315213687414385,-2.1698231039936067,16.320450739886038,80.698342100756278,28.531144865442172,52.748652817853724,29.972183404628495,55.575101218486687,-28.787092821272804,-49.186927969889133,38.091934295105467,-74.791930538420203,-73.470481390086292,42.084168536719531,-8.6126804635123886,-68.61705563088627,1.0167653995209953,49.208337792966013,-37.197985123352623,69.632121529784612,-82.638270987892469,-0.41378292350620072,-9.7509320762154204,-36.687067285500774,-2.2362619083145883,81.139238381522659,0.6292806262374393,31.720086111699782,22.446432151265476,-0.54322669218874964,42.480017454346083,38.739873039136519,-37.660661961215965,-43.38456456228846,65.050914068243259,-34.232818506667023,-70.642627110620737,-7.1403789742420081,52.485310570049364,30.424193365330801,49.384674789374237,77.183637364899596,-80.535921160814183,37.00766573845646,45.797856705775231,32.100011948785117,-81.566957954384804
1100,-44300,2.0207000439133771,1000,192.85806389117369,678.49247333192534,65.49349718959327,189.51457735309188,135.55056414747094,762.77313026193008,31.766551384706929,373.1191896366721,604.75743653347126,113.30563436960327,262.32954165602047,0.79185648444400059,619.89128025508637,112.47111885513537,507.91809693834153,710.39960230082113,92.114333335580454,388.84871684085022,809.68264820318586,318.28606904842832,871.34684915577782,563.98890046413021,267.73770181347618,871.80774106151307,947.27171361007606,455.67619201799374,26.453513176020408,702.19865230171047,976.59676155570344,669.57094091440979,758.63533728606194,386.41156631986019,318.5020922600001,827.98846631115362,557.16604365900821,851.93171997095055,1000,448.11817131691379,659.6798472215529,526.19439449008905,696.26831914359923,662.00967545471428,777.26826320511475,598.13451608741184,260.50792106520174,170.15848212491375,112.89008224852265,171.54927196677627,599.59864600474759,50.999312853773439,233.03112619031538,196.73400619183093,656.03958000084663,866.94706781555897,348.86769533325872,183.74372283532853,264.52715355547804,911.93269441957705,268.8631840013731,444.86252572749737,968.84101785073312,52.791017304285688,469.59876704805214,795.34366235847551,524.08925527436872,520.05973286574772,543.39932815907889,770.96543816138342,138.35944830259584,749.13812952566332,925.203911752517,457.31463424136069,826.56758864972358,560.14117261574177,313.62073557738881,854.64811902245401,216.99591287066647,778.65320338270521,73.602243260623595,799.00161634303277,277.88158185666271,822.76587780823934,186.95506936735222,711.73813341698246,677.02459359105967,425.82880404921269,776.59563617690424,479.05828186178553,825.26718540056186,449.59067491708998,721.71304853044364,10.790654394524669,387.37353494846792,677.28556245111042,450.70484044214976,711.64435412165903,579.80358283872113,193.76583098655914,81.856317429977523,-20.459832390868062,-30.261509076436948,-38.329467095480666,-34.978596692286573,41.895252397370484,19.315723519321981,19.691376037779214,56.907200396901779,20.398051832616773,-61.628877232945101,62.225751439005144,14.9807414155914,-42.633585850093738,22.367949856116788,-5.6442897499310831,-9.5799553903164973,-14.441700072344698,67.852774015883796,-30.833320644463935,-62.633691969447852,-42.338354552062818,-46.969907194005408,-84.738796084184528,-25.046432371506199,29.430828522785582,-69.623796174622527,-63.154332263926641,-22.600221789380463,-51.496428406128736,-9.7006035099036811,-2.52143472770521,-10.552214739812175,74.884547042255122,49.922006437320199,-76.562334567693298,-18.973292915058693,28.876878668074919,80.710885846432589,80.596201627003325,-58.527110271532543,53.018362865270589,45.829032311220189,4.8994492362198008,73.683649451962594,-25.749283805388846,-69.149943385505395,-20.410311766245762,24.060147111289595,-83.057167583499407,17.130776171604271,28.022955293703923,61.659590377747868,35.390269300751939,23.027372502590481,13.475482262574241,16.709798090722636,22.176829976876771,-6.1935619968063982,51.579906199404398,41.759987452829904,-15.169982816565852,-37.958153307414825,-44.107985162128173,37.961182555678704,48.107816385501891,-72.035201839861202,-16.151237564807673,-6.8593047426060405,-68.59006835661414,-57.761739201677614,64.420806665812819,29.152843945680665,66.821096854880892,-84.02121136582582,5.1093509116949836,-10.001087627763514,-37.062651449166275,16.981821919198136,81.721008679432387,2.5093001991637651,29.024144043952447,75.125192254799259,-2.3561722971586896,-43.257505807918662,37.466634061859267,-29.457364309892569,-26.280504483456728,71.915829449067985,-26.473425953464009,-66.580713426806952,-4.1250790568003648,-69.714340514913658,77.133644117195672,49.496117809110828,84.200558456076223,-80.842701978662774,36.059352642553819,37.097694339625001,-30.053826011673152,47.902974926118937
38600,-66200,2.0270659261845569,551.70582001666708,5.4055791093394276,390.86019405600064,58.520121648507576,188.09554353471958,135.17152388895789,829.36561979251064,347.137608316007,385.95923884322474,604.68017999068684,106.70397628761813,66.737172258830952,35.496768822100364,692.41046511570426,109.70214064367208,497.18445410296505,709.55936223598576,92.092627585206344,383.3958181754254,800.83278663897192,519.10405706307006,937.84280685896886,606.91049408683568,270.51506428835125,871.18988568342411,897.07807256402543,444.5054690324456,870.50390675788651,778.0721953955815,999.54199832094332,238.8180483505476,786.97242968128467,372.13341873685914,329.60424853602166,811.32941768481908,497.99120660127772,598.08643655945104,485.34498781737688,415.77474622476001,533.79622252336947,819.33957944861538,697.25736330689676,661.35393769005952,370.90180570606952,598.31558537660499,279.16531137523333,181.73587188775178,323.98446393996488,178.43225381219821,577.72624423753462,34.544265869684665,801.58522662070118,193.25256458983029,631.00052917666335,622.1547790753516,346.01464227246413,189.21373164329907,287.1699444656245,525.42780487643347,244.04994496452781,381.66425211068827,742.62435567198133,595.82796006249293,461.94174515954126,79.834904101838447,831.81378536866839,31.620929935050924,543.73186882636173,771.70069545751244,139.81038712569404,727.05741475276091,535.05734719900738,49.358899945759703,814.60372629194012,509.37805941508486,19.38706027023153,842.39932214512839,277.30911361557099,655.7370778955825,683.47518064168116,839.80711070197401,302.53634072809257,792.85973784642715,185.00202713291603,733.39571434342963,678.36120392778685,433.00734496528321,732.13764552438022,478.20155101087607,825.77434935902056,490.41335113773573,725.2282037455077,46.277937796658058,373.48263858054497,664.35915946663317,456.26389494351986,724.40167493650938,588.34124073489568,228.39588688184992,50.33957965267215,-30.92291542648762,-24.80350827104035,-37.858928469308438,-37.585526805851543,41.816828543669388,-1.2644146755983456,-79.682542173299794,53.21526521059922,19.115491266230443,-60.367026293682137,-71.363295901952199,3.8530073049733886,-43.735374125582986,21.602014255035634,-52.192413555510505,-3.3580753663766743,-11.388002635479914,64.471441256574792,66.216217432054421,-77.393702305785808,64.74720277575156,-44.430204986049617,-74.797572361675293,-25.980735025794324,33.528736780032183,-70.845207793429381,-69.126163466868192,-45.03796869726235,36.923869301016495,-17.239149185387358,-0.40383297105920363,-17.46272409337141,76.49927307757136,50.03039259737907,10.382547716108292,-18.18017094760247,30.591721281903091,81.130423049596487,84.95126451412213,-61.876283486185507,-76.421230749188638,1.442362283953095,5.8113973936822756,81.677521665137945,-50.419566361690784,-55.942951211808683,-20.14970595399328,23.275397235992639,-72.354231249060575,16.851851341769034,35.189318825671535,61.06339631902884,33.133039029429384,-74.552133438589863,-3.3892542039243079,20.913322345737697,75.744719038531699,-2.7458414094979524,35.592614454677303,-77.973155570066368,62.949010851694311,50.483405061911725,-43.955153103278604,37.849918495462866,-73.550497087619192,-29.015316058501032,51.143180261511169,36.917754477159036,-68.583667707242668,1.8224338452617168,48.05851372755405,-45.730414339885648,68.653108592771119,-84.899557610158652,5.490693334275738,-7.6115989425022841,-37.065930632569611,-2.1801714853377323,81.542380405885993,-1.1106541277099344,30.482802356792739,28.679269573736548,-2.8237485485898159,33.238804042731161,37.641444165951398,-35.05161562875638,-43.494210074911642,71.784690193581639,-25.674628752945711,-66.195649483014307,-4.1787787223348349,42.822227684044329,23.887827619316624,53.746272128530471,81.145102397377954,-72.775291423096562,36.970503624529528,-8.1568271240934713,-30.072918017845073,44.286224334132527
32000,-65700,2.0163849165702934,668.49374931825264,4.4802418805971076,349.23793809627261,47.913118707629337,187.51398140386172,136.19376060607166,905.44573234528661,102.59995221805831,381.62305167201248,618.61562347275276,362.52486694446685,120.39495514287988,145.79656632430996,308.01117817613107,79.277270848177793,621.7991509136483,710.48961243480665,75.834072552568088,389.35003406389256,805.12976495142891,507.35452400854649,870.05043809896301,565.34797293332838,261.75262789959976,845.33311952625627,946.91761825068147,468.70959019320884,69.329785391059545,820.52097049717065,141.51043574761727,262.8918351091736,37.545386307586796,959.36146361969918,821.36171888234105,834.14762761054499,524.00609733760416,457.126305123858,970.99043952996328,472.06750887211444,466.26640722757941,933.07509238773446,288.99713219088596,658.97927538067461,372.57019701032385,595.26936866261497,277.62839030343395,210.3551480808413,317.92819802244497,178.67510833585104,609.76918916745456,71.433500853182863,829.9925289074572,192.94829443149507,626.96002775491331,825.95392359455866,373.46479913923861,221.80658881215254,918.33711605756923,914.54664819181812,296.08034287814604,760.36562659391871,742.03410208639229,15.497522335441658,266.14286007934726,797.46141725314226,886.90376345143329,924.4313085867434,543.45978966329108,639.37419171409817,153.55343816790554,747.13744053091295,618.49777789955681,52.315922266684339,814.69744586010563,200.89322482032986,24.303140580081106,803.69344317288903,318.09057809390544,648.42002050635506,111.7096531788367,801.59640540102555,314.96738834008011,52.487682673678947,223.36297197737613,657.77996189242526,681.76811243866553,375.11604160388174,749.48654002514058,456.16391119696937,825.30625011199606,427.0157975445876,739.67242807794582,4.8383673789574502,865.6918883164974,651.0394942576371,55.152873359184554,719.44445801628649,565.55598830686483,203.79696971749823,206.05677161909352,-31.135190741269664,-39.646422305512878,-35.442297695510838,-31.639528743934967,42.288120058073666,-66.890809582221223,-74.809914921067616,-14.546028210366387,27.930470931024658,-66.289615607520147,49.688455404021532,7.4797275018803502,-43.991203133790471,21.725381176417805,-51.511776171142806,-58.976143641244136,-12.476827754829213,64.517957548965967,71.228438597453732,40.474400168091933,-63.04723944148995,-45.611168704564257,51.290120476453453,-53.769462033921585,28.150553269229153,-75.207014905559376,-25.526003420151351,37.718481382819732,-58.704515991687018,-17.103211876932569,-3.4936252363705762,62.76652758745832,75.555419499431437,59.444374262162945,-79.894466595872487,-13.940538547037221,-9.0762191716853842,82.637372270620119,79.535575073934325,-60.561457015544924,-82.088411787886059,44.752920122842248,5.1975047495223894,-20.757905268350818,-24.261012462823462,-76.065430357551278,-6.027029335629468,19.226892828304671,-82.373424211801847,17.440142952187287,22.823349383231857,60.842855764566977,39.44048210250304,19.790954526945004,0.26734201156719273,20.805138441450804,9.1144229071600655,63.162281898167706,52.40588599780348,-80.760049458892126,-18.616291937583625,-17.758781865122934,-49.245365695088708,4.8705572702983488,57.228459133522009,-12.334615519519357,68.195561496290594,39.324965713795315,-68.598490295907069,-56.955544107409175,60.847635735321496,26.732880205618414,-20.735311633002254,-81.886255538931977,0.18386523419273182,-9.5950030830925197,-36.623575911326498,18.490480374028216,83.801116120959733,3.2081708487374376,30.013473603083501,84.936313369242555,2.7315499611497827,-39.109567391328596,39.646368132681104,-35.779561189178111,-28.783428756354283,36.59312218455068,-25.471162158878418,-70.197304633841256,-6.5051333007519982,-56.379119807448333,29.625162570516736,51.265276126046871,-59.865927517282962,-78.679554740582773,37.521216347070499,-14.401519210009848,-29.317535724143958,-76.595242027205813
13900,-63700,2.0141067428170136,992.39331205290546,7.448497021400172,718.11557254150136,71.654367419153104,850.24989163732175,134.30704467019552,202.11731242229388,346.56599565046906,376.93578701408472,616.89916852902047,135.40716602761378,270.41808504361859,7.6330633898525448,692.25508334152357,111.47932789070471,611.88560049682212,519.9416566955133,83.455868857457773,388.7963926753892,501.57446042521906,545.68967089607418,869.80340000002093,599.67762304816506,270.53683487125886,843.66896027699704,877.04797373864938,100.29244106869967,21.747363117915654,861.02117145981435,981.05808159481148,244.84314612000799,27.411380874812437,79.296365045181403,354.51238311167009,833.48718648419936,527.96301142079983,516.67283092686046,967.77972275788602,416.14241556461235,535.25557340523687,886.03055827268668,672.92996799617504,658.40214814682884,371.37522365167092,598.07752027468837,272.73003009204984,208.62357217731656,335.8405737913539,170.46776834346019,73.212841787789429,43.289141665945003,242.76046701821463,189.19916401534013,631.48876331553561,649.2637325902565,364.20882375221083,209.74562588244999,795.46588263519129,918.8501482702959,274.56272553808196,777.26367046561336,807.21008964526402,10.153425603395927,377.55848352420162,74.055092710951044,538.46132808035327,961.45467848632666,486.51543500457149,626.49818958517392,139.49383578180274,750.24654754914548,623.90604258106475,535.41509356868994,827.83771398560225,160.27200341610182,268.29242832363514,802.86998730320533,289.03925073879248,753.66265002992122,80.734708591513197,801.14839862702888,50.956724567374891,155.73155184390538,142.53927517903441,265.76840474168239,667.08258639926544,388.27821935371531,818.48401500806995,480.28000218598396,826.20643173030214,144.12373938944472,737.4704636229676,4.1373061263264539,751.0830481031154,665.70723026085147,422.36360265498649,724.37257331935882,580.46915172479953,183.13005652356986,194.00897432555732,-31.601929206431791,-34.354977078466618,-33.573421353856773,-35.809743711934239,49.839915166815338,-61.307522178859543,-8.0709743766608213,-12.890196546635028,25.693579251920671,-76.821959497842812,67.510610731738822,12.747747562574556,-42.472163191875424,19.34103215834272,-69.378942009518767,-0.91684471231138076,-5.1264136689153048,67.407250701552002,77.80729735057362,-73.555094867261971,64.762427670237955,9.0318244844189977,-84.986874704619169,-29.15142962511587,34.583758921987375,-74.909479046605838,-62.974939342152481,31.3427459104863,37.620714192631254,-17.084310192724221,-3.6517964963608582,-12.915991216803224,74.625330838814833,-36.720970452470866,-79.954110188151986,-17.072174678403918,29.197288211462499,80.835346443861198,-34.015325200355051,-58.541508956036225,-54.348918507403667,43.912181189775737,4.9838699432016771,81.361985240475818,-28.140259082577447,-75.92862482345565,59.096690738467423,77.742610878963802,-15.184811991352303,17.09658277482491,-6.57532030637479,60.546431913035924,33.288054053394383,17.336966172480665,-4.1941232639522577,21.585646587247762,79.204052524845736,65.595896628146178,35.720872796236918,-73.666113452489711,59.104486537698037,-13.854127002382238,-53.189888913638733,38.800593362853832,-81.68459213506236,-66.225517815865032,48.540102011697222,34.287300692104473,-68.582641220360756,0.98371979457900749,51.864578258049491,18.443630681933072,64.52074619420641,-81.915111533484151,-18.38703991181627,-8.4894777895813434,-36.675161482002693,-2.0806651846564224,80.864333297541847,52.438572163350671,31.531072431431738,80.358335045307612,-34.360491740786692,49.92929797333651,39.578665313608184,-37.531009304656827,-45.82016059835383,66.715842897594044,-25.033134389358636,-70.734350776862968,-4.267713552451422,-66.634345993595133,30.862843360872201,49.101649607222313,82.279178102022371,-73.250773537323141,37.135795331547754,-19.888080736232446,-29.587144766005792,50.136186460273763
27100,-64800,2.0212381272672895,645.29995896569687,174.0045100438463,681.39334550168223,67.770946927565035,758.59104192751761,134.39763787287444,766.80219742282031,342.65882455769679,374.33149647549834,604.09950182670673,125.07672959468316,282.87374845011857,267.54716102147592,318.36286684363949,76.760158935982346,495.46816329963696,711.54581355449204,92.830923639815182,388.75786163654368,799.47924386397551,311.0114086598428,934.75505860865815,520.12365726642565,266.71280658116302,845.4536604192557,622.33856079539771,423.7755505250567,956.06387294297178,698.42119362375684,1000,193.52527866821822,693.76741843646573,931.69799358476894,336.16616991234821,834.9454310761846,537.49227415748578,604.01266816396878,344.80138762406216,131.78768075124822,458.59780980362035,912.07563290695919,689.88395291446352,629.86475328788401,342.91615450274429,598.16737292364814,272.48702863192841,197.16733758873758,110.19320177534259,164.40991450528426,570.84957995820059,37.141270115236374,246.96527233912525,142.05755983652168,656.76154001855161,635.14185856642757,365.84632459566558,220.66388267688541,151.88098189992621,452.327044326367,269.31270383225382,453.29644111357652,851.22962472509539,46.497760266010211,473.4313731388562,766.41327651600727,896.60154168203633,911.92142853803716,486.89396048230509,763.82763386994247,139.5255784891427,750.18355506199407,113.11176682823424,537.43417299447538,821.69060231930962,181.77705502703765,259.85039660752989,821.80770263312183,131.98638893880897,643.52700299189405,48.720912372911748,801.84708435534549,271.77616605738172,167.49127772329683,149.29165569243759,663.76730850075455,681.15786003623032,373.18600025385928,681.29399966394135,478.35282753649722,823.91111153607005,486.41264190289661,725.1564290771297,121.25404311982834,718.20689786144658,813.92622732229279,462.79399263736042,723.6198239801065,566.10579977636428,193.04745547748655,207.73926956767079,-31.165020973606627,-30.003048165129531,30.855681020992233,-28.426842955850564,42.96126030371672,-69.274433297166254,-80.823537934618443,57.675908719491972,28.27845736772252,-79.555711171651836,51.159870062035232,7.5351839501094844,-43.067859567990929,18.788860998108419,-44.894910260029654,-3.0572724106542664,-11.489050014733522,67.450581801919242,-10.570283144824176,-65.741333427711012,57.314764521422347,-47.026050306821801,-81.21164323228372,-29.553103602434952,34.620276983639023,-75.359641213135404,-25.534196763426149,-26.09085486899717,-50.256301908986082,-17.252155304395593,-3.0153614098826194,-18.639943672110995,77.04646530171938,48.119072152738653,-61.279056740663798,-18.067651642872647,29.026414261473043,80.991171600018319,84.772743517078823,-58.551463245127501,70.058767902696857,-4.701439979425512,11.568096023854329,85,-25.896934000381417,-9.5862444184208826,-27.294490083138086,70.308303065495792,-13.66631958214534,16.897232316089372,-5.7802274842374004,57.843116879282519,34.003847932631245,22.581266260128039,0.16176669520031917,20.476302960183165,78.004430550130152,33.301183584432088,52.36634230856248,-78.424475518461236,55.591082176664003,-37.41632140965789,-44.294946912540347,-2.042968934498103,-62.481014929099643,-71.998746029204682,-22.126507201437185,-8.7179796644350329,-68.599562767228434,-3.4138208373792138,59.748240902580804,-43.110059014464774,-25.536111648969683,-83.965495939860972,0.79274470954204523,-7.4588102999891923,-37.693289870379118,-28.809609141229977,76.440951524901052,-1.9130502634751616,30.827042833929518,28.645946750508749,2.100400623165612,51.301380860093275,39.589660844251135,-51.692117178249667,-45.884147533214332,65.483525938740996,-47.172249250763564,-70.223703204697955,-7.0696862040138102,-60.142718635325501,30.701489028467581,49.093653101127714,76.81477014691761,-80.988389248343168,36.788306881548344,42.765868464453199,-27.969392250367001,37.893840809574215
5900,-61500,2.0173948938993638,999.99998271089748,221.55668142192204,678.48328646149957,66.089816536257942,220.57885873005975,107.08810458912994,769.44137815388649,23.404099127035806,374.117105783032,604.89204492396414,375.16159165599055,258.47335810887478,45.805608897435071,635.66268807828305,110.25888231298697,503.79469541031415,519.39218292845021,91.913758343870597,389.13149666979257,851.10746065683509,500.14963091871317,873.96781722817627,574.5331749250372,266.44489271508922,872.35495244193089,903.28719498165412,424.02639078769437,922.28917170397563,819.64694917106442,980.94667759261074,671.32485685258916,768.78657089166825,389.0111628251002,329.46578616628994,830.89171548926277,564.67609563039093,383.83177905518676,997.37007786628601,448.13464269641855,657.26303310523008,509.13571515616525,696.69120228687643,635.6949824960617,806.41921112300997,598.14674793454549,259.20357894874371,211.34666530677768,138.16568080578483,174.34618234636957,179.83058773798567,28.850346801968186,781.02831058957429,196.96997796670047,665.00477381598614,652.4819471321963,351.56948812035307,199.22179098117098,65.307751145290737,907.81923595599551,268.82830498044513,139.36512572517611,928.61193268390639,185.3860409559511,386.976752933846,839.61201159408711,545.40095374207999,921.37102427354705,516.83577807551228,796.87294250509797,138.36091919888003,749.16550243451184,642.18430674805734,531.72725368925273,813.21993977194984,574.73783525867293,258.62828400686249,841.50482441218958,296.44245062543018,771.60204647683531,92.37757071448894,801.77230756092831,276.9590855918413,770.66872663837557,185.77817663120615,727.69793689795347,677.2288451624413,374.4089148287934,824.97573098945668,480.73103651502879,825.22919977562879,456.07360115376144,720.98301812914417,13.864292802020662,383.74727796052412,798.70396050698662,162.57193325356633,711.35639631742629,579.56335322332927,193.12698829681437,80.666773871263104,-29.584993628114454,-33.156717316706043,-43.537587681476701,-70.845807205927372,41.643636114274322,26.119028558742105,-74.545907622532113,53.257515982161529,33.147802276112905,-61.619970076862728,55.358284476898817,8.5162515334140068,-42.429346566792262,18.319147392547098,-4.8422756397246793,-9.6624843890679362,-5.6087419980557733,64.638976635209616,68.821927547752225,-57.865722726813196,-41.74811644218137,7.5064659013498378,-82.342592338033953,-30.300416844125159,33.831792942549356,-66.488962899508792,-66.100979371244449,45.369474767918362,46.039741757903222,-17.599419556489732,-2.9295558287449635,-8.5469398532558216,75.000448138392002,54.205697209930847,-76.216269959169267,15.824218214707724,29.043231839629215,81.119968738770552,82.487003320778584,-61.819134443447467,60.386300284569359,43.510383115751139,10.491235723510783,73.537164201427572,-28.178962757092421,-54.523773425870559,-20.862566451188719,25.386635370417373,-81.600134700709006,17.152363425886382,-6.8503997096416089,61.490649367343693,-11.304918149040208,28.452918056722794,-2.2808426470228289,16.907591547979241,-11.83993810378376,65.137672875019206,51.582708795713145,-78.586253191257683,55.351453404349002,-79.301092789902526,-44.008183854512737,38.511783806427218,-71.128824668728811,-72.187578599756037,39.837838297307691,-6.8655486385277573,-68.582616630065445,2.3029357516067441,65.356560954865259,-37.161088946882423,64.512432334300641,-81.81644765673181,5.2775915157238646,-8.7017830508875953,-36.962217296985337,16.628909352567025,81.733410587521703,1.8709383556289074,31.416933952864404,74.385478692894154,-2.5593025231099595,54.858888709908442,37.298977002996665,-35.193003288499796,-45.420816959069235,72.071132986626239,-26.449898124449298,-66.631368740753544,-7.0246421840885365,26.972474967939259,29.540306321820101,49.541903904090091,83.865622590558829,-80.891335371519304,71.311479018215579,38.096509307692713,-32.92951781587697,39.136759573365637
3600,-57400,2.017209748900346,1000,202.47118234767095,340.37661294601111,74.393511607568527,740.56356871282298,109.06105497296969,495.44213685129478,107.75053992645515,471.0802650777236,602.50574364631541,371.04125318142587,152.60944241754601,100.53862288660673,269.66096383208003,103.55391752483843,619.80112470928873,539.32423529890002,90.802065520803808,386.8006811953594,483.88087957148804,511.66946816451832,911.45150758337752,602.36777211869082,266.67730774712965,868.41451709377861,607.63252667372024,398.23092284178568,48.045797869397859,686.0814150675136,965.10191763485386,187.50937613816438,774.5472538116785,30.703881744852424,508.56604135102197,849.31542677288178,519.42838426711762,860.95925552210792,439.49141156602792,623.66219633674484,533.471823919283,876.69926186991722,210.64873061448779,629.34044012637366,389.87073621818791,597.08164768158645,262.42657913151322,192.05488503107912,94.296525702073296,164.51856534983472,85.724158127140413,18.637309082641433,229.20637820661386,146.63929759347153,656.70738549901876,644.55433557666095,349.06851877125331,188.90175226297214,274.61219343845505,916.50799152379022,324.53977989434088,149.8285489862171,950.43629933803788,42.979587293832786,648.85340216299051,77.317247028242008,890.36411505357455,949.3359279109909,519.9560813463487,760.22903110440609,140.03671534624905,750.74951473222018,914.97939065641935,544.56259113504666,826.49953926047499,171.34689134816801,262.56010960902819,799.2308522422511,289.39407986436953,652.24655358807343,80.177883626611006,801.60318817519658,34.941806942360756,34.312494793384843,188.51058218238077,738.54326018748998,677.02962423993097,328.83533620503016,121.52354042186511,478.14643626942467,826.15620212725003,134.45544208554995,739.11847359982085,44.415795448863257,745.67727759693571,661.11779692675884,438.37888506372065,724.08177121625783,581.6318537756315,192.312732360301,36.388572553402746,-26.44583026134762,-35.374526115078538,-37.309055907804478,-76.039725416475193,41.885562519349683,-0.19046925104192725,-78.390187748381834,55.934351317146842,-27.926845357255466,-77.97234851498564,48.655310547798365,62.792266814681156,-43.924647223585751,19.526654141504054,-2.9657948567767889,-61.689694862954553,31.383857692650192,26.65326167554349,67.169556609209977,37.469079948751407,26.445939738626009,19.915837452088752,-84.913175823747196,-53.379262939439037,34.423065891397115,-75.212466003416608,-24.093185821154794,29.467486408740879,-60.392875616924336,-17.597425806604981,-2.2856281884985501,65.518284125170013,76.590439175623629,53.808803910624121,-80.68908294599305,16.236181628728012,28.41125721558257,80.752181412717476,85,-58.538977102844299,55.620143505341119,44.814581335279364,5.0380560622232853,75.549141811114325,-24.546134970710703,-76.588348977557445,-6.3513294797873057,36.946268576649985,-73.741904030669431,16.908607831435056,-5.9974295558747412,62.260031666071811,35.767605910340556,16.53836344920429,-4.6444628763988689,16.84305179508172,77.471330659971343,57.918579206491899,52.266884022863103,72.938544837209577,57.472100691204496,-37.96912000476933,-49.535386580445902,34.320117673123853,-58.381773429516826,-71.846119710992141,-24.911136360422191,40.117222616307316,-68.599764906299981,1.9168583451531371,48.616902280585606,18.266539149454697,12.784788572007727,-84.152835884191774,5.1954169183074912,-9.5726058631237052,-37.590559497934287,-10.086399548684467,81.671114307520185,-4.0051449109491282,29.940529057728867,25.182600865255509,-3.3612072030238949,-45.997265926453025,37.353172781657172,-35.515360410633789,-44.171773529634095,67.25882150635789,-28.537468197418615,-74.150883859956764,-4.4906204468001754,23.480783978273351,30.402359949354384,48.766103742463457,81.570746402736788,-72.393284645155447,37.002076198118807,37.463273379774051,-29.913831601554143,48.624457698773391
300,-27800,2.0178371473452836,999.98320408731877,221.54117430036439,684.70265867580667,72.52062388266323,223.37306103221744,133.38396546505675,797.12691908951524,329.54955930704426,465.10886403493589,604.91378962704005,380.63210907968318,249.16278752680265,46.041682378755482,691.30852981951705,103.91970434371197,528.08284528079184,708.04333601704798,71.365510049072427,388.88133473566484,494.68593692434212,516.18551664651977,871.72668357688735,555.45610466025391,270.82874848475348,845.36790836089085,903.3201926994991,134.61068645650801,854.48354957821846,808.01314750509243,954.59274186420498,89.029069055201347,44.43159377267817,911.30178712432996,396.73297313101301,811.85627715034923,479.62599598699728,604.10984087556881,422.37706299665768,426.02813966774471,497.28660468573116,506.76185787638252,672.79669754987333,635.8872832138436,368.29642227232335,598.2118314794244,272.63365545271904,209.74996563948324,107.37874898171353,174.29053349088278,196.81685491318592,69.294254723500586,264.89710444959542,188.97120853080187,654.53373245349587,634.07565389836793,351.59265646050801,218.11245523214674,58.925454977081387,539.75995130617389,273.81024188972725,147.88520409665688,920.85718962313445,55.584333055205974,487.36423734936534,55.81498009094333,524.72291844162964,904.05628710143196,516.98345792415546,772.71257708237954,138.23754263249927,748.58220614055847,630.72981487918321,535.85679574127118,813.7030848806063,157.99030494372514,274.66458109092554,855.78738818906072,291.23149109093293,760.52733831324338,90.668525393491265,801.67562982854952,297.13502059890209,774.87620727849946,185.72703442434729,673.1634061127221,678.89895456525608,331.92682708990566,843.89379403527232,479.0619735140055,836.63776887796746,449.17483032642883,720.24603632670471,46.583534734313119,789.63055424152446,664.75308060001191,460.97373735125439,719.24714084093137,586.67729006939817,235.85105964450372,34.690626631725195,-12.917424198688424,-23.810965086616935,-43.544713507865289,-70.914412002859237,42.04989408786421,-66.855912688826976,-9.110062566498673,55.529105550474164,32.84459835586231,-62.476072079961654,-52.030931891502121,59.153528468932514,-42.447348742234624,18.299868756009491,-50.142337008439107,-59.204985593751076,-5.6583424631982604,64.506534713115016,74.747651542323922,-62.346863433442486,25.730593949934971,8.5188001802045434,-82.559634805519494,-55.943701888483005,33.759238356734571,-82.844179884521097,-61.181156731442172,-21.504900324253516,44.277935461020618,-17.637704504936909,-2.8296208988416494,68.256791732055007,75.009584722916728,53.955375766068236,9.5759639382000827,-13.77483266696045,28.910445776655319,81.116943864873093,84.718965253592984,-58.930538806646553,-64.587952877811617,0.1544716736389562,10.385365143180458,83.327921659881298,-28.151710966873495,-56.020330411715435,64.034990965403665,23.840265868327812,-15.221013684639003,17.462071391777418,-6.3470801440601896,57.778254315884439,-6.0142346506113249,28.466801500130309,-3.457717973057151,16.07807046490619,78.316355687487629,65.620704278440371,52.03976185710011,44.181480608880825,55.38135486229973,49.918794217978672,-49.303117076568647,37.708622265759999,-74.801024822503265,-73.742066104894533,46.443035106190052,-4.3333713258540465,-68.579463239064509,0.72378615578823102,47.37906380353548,18.204709136166766,68.54614419216972,-81.936759444332694,5.2898482598558489,-8.7108916777477621,-52.029885512282512,16.213555172749757,81.481120392205796,-1.8461477641121897,32.232316352678311,22.578511775769726,3.1856910975962087,49.534187292536977,37.368301092645282,-35.215878969144612,-43.048113682452843,65.219189368169864,-28.579723119740756,-70.402127714015208,-7.0723247074822089,-61.398909876514985,84.858450067808278,53.180346540647065,80.170507246189487,-81.088862975443291,70.426513283571921,-7.2839365315517384,30.652133174104762,50.95010578466011
47400,-67500,2.0179228034388412,398.83222456417735,4.450570669695642,662.35786516786209,47.968050518754495,188.03940054905232,138.38997671502236,894.89174591273513,343.9792000095531,380.61094851233975,603.59100488902811,362.50928497805592,120.44628962250117,144.02359771038232,653.94359591518378,80.87441921043461,523.08357841799557,710.87311155962652,75.772085011159461,389.41134435024441,805.0806587164609,509.11930234990064,870.49969337044479,566.02193150308881,261.74395182977372,845.3312957469235,952.93733235904813,435.92080130533554,977.05592331653281,714.83681720755703,141.44412575262925,263.41930487633397,774.98169705921794,958.66551724624776,326.68534982013921,850.77043577026268,524.81575092851074,469.22422784915705,971.33113506001007,424.50344187384542,462.93257748662984,932.98220448962809,678.08050508356996,631.64670796655241,376.23048389747271,595.2419791124579,286.19800290832939,209.80449975180443,318.17185612032023,178.68732895094675,601.44278875884868,51.161004579293255,828.06394746125045,190.35344344593869,657.17923245227121,821.20865564187079,347.50894241643863,199.23778306392316,57.852053994553103,914.70024676762148,294.54276052021515,754.33393091759888,864.14457729113201,59.053400663748178,269.59067285737348,31.983723375247052,826.72271830828697,951.25504436771052,491.89878655218126,774.69064344559365,139.40282110017449,749.58069342526335,614.96525614997108,46.566601011855113,814.56424785181878,229.87822105581347,37.441275530130085,803.62883086614511,296.36341614380785,775.50413312285514,72.268978466053738,801.60891758599234,331.1579498546422,50.910011190179787,287.01733338711477,658.47128201222995,681.81964299838387,375.6910448299779,39.755373450765546,456.11839258485418,825.3444922556647,491.84602171359501,721.52338553521008,14.366780778012817,717.10609316374064,653.12712066989695,800.65368574193985,725.19714195862002,565.99008971224077,204.15686855477486,177.05497141670099,-31.308877035525178,-30.282797314303586,-39.011700060741688,-31.630602914115453,42.416964904249284,-2.6619883724912583,-69.524930530050355,56.781199104041505,-30.557626787420276,-61.937312577932602,49.644936906932806,7.490359577662641,-44.003254432651836,21.779819712629603,-49.573167222718823,-58.978279590744641,-12.474936554063804,64.583949090901854,69.239905082612694,-54.652798214193986,-62.752447617340877,-45.583764140995399,49.883771532465396,-58.458379563489032,37.287014916310319,-75.199225023673733,-68.227384058249939,37.614356058994389,-58.448484440863616,-17.114251997023,-2.7463706749044547,54.973983379395868,75.564745463235155,56.036253243827808,-76.098394570010569,-17.189619386385779,-8.4507552310308505,80.659400875830613,78.739632260967667,-58.368238873997186,63.790432360363027,48.103730688536281,5.1356324826550797,77.672731856897713,-24.153410615000954,-76.087117610969699,-10.249533077782276,28.318584765436558,-82.367158755323928,17.432139322954892,-7.4882735682971688,60.836995516108914,34.923122353564267,14.82979751443029,0.0082501444301401605,21.448437346433714,9.6877807455738392,63.094970459870261,53.414384714827222,67.263503586045346,-18.299891924920725,-25.920541523848538,-49.388116880645306,5.0873126872275805,42.099768771785804,-67.781920083219561,49.838225960528966,39.406975902019155,-68.624334911977655,4.6018238308944497,64.430076816631413,26.917672171745188,9.2974696993903585,-81.858879658193132,0.3811389509863421,-9.5925641810568028,-35.639996994805202,18.504791330995843,80.429587728625634,3.6232501995158888,30.015237815165008,48.4316272964533,2.5116369795771725,-40.739356776181388,39.614363740304285,-35.596297377858981,-44.002165757888797,36.140166203200067,-31.340393625385722,-67.363691505602645,-4.5494106823040905,-62.431648207783155,30.421168043815737,51.40602731026582,-59.391126798123594,-82.147930318364772,37.516606935508904,-14.421613514380935,-28.988387243659055,49.024491972956554
31200,-65400,2.0565086349333033,664.71541379769656,27.049408969193557,358.52701190793971,72.837671959886109,235.93733487208576,136.16106279283443,771.72061498101743,91.36494672799931,368.85242863074961,618.19573476397011,367.6366536761526,141.74822594911296,292.08520621918183,282.54880064762392,79.242437389432837,620.30726604106735,702.31952470814804,92.796968159065827,387.00254443455759,809.06649132879829,507.40929091852422,922.75947307533681,565.34779439769272,262.84590940082495,845.0517258160188,617.89474336878527,468.94254981057884,71.661764681004911,820.8655120407509,940.9128843182483,231.28301275539567,47.168930371460419,938.28987546157862,829.97340417924124,834.37671877168407,544.56147031646208,853.15354686856028,961.89139265654069,466.36704693859053,664.58599011220701,879.47891990832375,292.07550179273642,659.44935138654159,372.58059580090719,593.35909254674436,277.52949473505987,192.4705055316918,354.92047328794087,175.85093622501532,121.79908336107965,72.207169480056436,753.48424102230808,193.0369836743792,626.35987190203446,639.66570303878734,374.609663882902,221.82309469946168,920.68289913452008,933.80616052458993,271.91350120347892,458.59962997927607,753.40896783843027,12.102145697747194,464.95239734480236,801.32881376610499,884.35213728760425,923.70888029779871,541.90872658962712,640.52037637506191,154.28035337004076,747.12991330441207,926.44043605155457,464.57802819781091,812.27331481329531,200.08464443753005,286.28003487903533,860.10972486164246,318.2461885715245,649.51511007597833,112.27573298589374,802.0290144468546,9.7383806566660667,174.78949955443539,222.85525130584747,722.925392211705,680.2322498495455,375.11477877294391,733.22902423868004,454.01333278158245,824.36523641033898,427.07511468237868,739.55075072116574,4.8805606543208668,872.25093510930208,799.96267649143476,43.639927014559191,719.18537265884629,587.66813199702676,193.01186562861665,206.59687226967282,-31.134579706181206,-39.570381706494508,-35.493703211812473,-35.007298941529555,49.763679870622553,-68.270524771175502,-74.847825615895871,-16.821792102356245,30.744251757895178,-66.229332212627668,65.491047348191401,8.5563412607767475,-43.042422034773175,18.96987382999842,-51.506675659651293,-0.89807011526719549,-12.586235086216417,67.568300723981281,-25.137590914012442,38.617969143271544,25.444856857794619,-44.740100156259828,-77.411189949318356,-54.307407106472333,28.022191437164871,-74.495118193808707,-24.946939887979251,46.649310938091133,-51.529087191480578,-16.854097145109986,-3.4964405424972025,62.729210338669269,74.994791596609403,-8.4717142051307732,-79.958816465552005,-13.963300384318719,28.314322486323679,82.611223540991659,79.510524732902766,-60.62104173195543,-83.785394841496711,44.815150900446987,12.189412448207914,-20.719237443406694,-25.915557437464233,-75.593784971647096,-5.9210226907044099,19.232664945237854,-83.075502979138705,16.881427993575098,23.8485321578803,60.55308333825846,39.371776239942008,19.657421540937953,14.875334635128542,20.821764651132462,68.609774476478691,56.833167103481706,52.413022230384485,-80.909004892912947,-10.536059457138556,-74.712709342158931,-45.570583759084833,32.529809366906576,57.453867177883012,-10.886322292705923,66.981524716472265,37.01533122789067,-68.598353534830892,-57.100998840681925,-15.549347107244579,23.238716406147333,62.13441108601296,-84.097898036711797,-23.087287316417829,-8.2741235555222179,-36.60693556133954,16.890466533688311,83.731704434336379,-1.1777364202778262,29.918249404498042,85,-28.237966175086466,46.258009931865281,37.490436729164884,-29.019865977191039,-29.613543304305942,67.595815170673717,-25.500169341169745,-70.103628290570612,-6.5196037986694968,-56.367397671102637,29.550987675505691,53.260357327273177,73.186038804534348,-78.685777779559956,36.997544990765363,-13.216030257513422,-29.311417687787433,-75.759073957843611
49000,-67700,2.0219466125703249,362.35073769208452,9.0903189578526593,688.27580791136381,66.521878931820581,157.41118098952748,136.45777043106261,213.46566024043076,342.90069832995846,375.61794894677291,602.75347433074728,156.40780734222949,123.82891141312247,10.183930392500059,256.6677766472398,80.661661414862991,606.5917283826318,718.84969357084287,74.283641686336153,388.61709726712917,843.70710982225648,545.7141341162943,909.7936579359407,600.66780864091379,270.6670459394889,874.04845775675847,76.580821171733987,462.3042641314845,31.291446783698575,694.61874603406739,970.86135630703711,248.85110723634406,760.2191487927073,912.17480727007683,392.19773089942794,813.87213911597246,552.95594995474437,595.02405176159277,974.16281042384571,414.82627497798427,535.52321251091621,529.7632932133713,682.56912338855932,658.26255126814817,366.73248873048851,593.86749175321074,287.37200738287345,209.73762328704595,292.34436105628129,174.31491958457417,188.07557979531063,36.51228712321609,201.1299403485703,158.95169676001521,630.3645473685915,646.05591591724112,356.5466270169303,211.68536926101902,79.229661731544297,541.89592100738889,274.60080138422467,146.45853773966627,949.21321316254534,2.0789519160378651,665.95564346427432,46.946350826551736,576.20384998793713,940.52111240789918,487.50814016448396,626.82849438437961,140.1523828167339,750.18678796482936,961.86292180787643,475.28736860183068,827.30473295792513,157.90945389387147,275.05494311589314,802.75683302224184,290.69701507162614,741.67636392055169,79.789015800553159,798.933058956595,294.3321080273783,152.94309083181076,186.89348697202107,741.99003521313568,676.99110529222821,375.31433034148995,827.47977050808879,480.81328219310359,826.09558795851194,115.84983413360385,737.0931990480849,30.197501221702773,751.10512082740706,665.84597827932964,461.92476253050847,719.09991006584062,566.09565680460071,227.14105349098807,195.18416181169528,-31.208475898150233,-29.441928671405172,31.318708120284867,-34.219964671480334,42.011601463196961,-64.098548986435304,-7.094730079515621,68.72165987671444,25.751180389340529,-77.898297661625378,66.431750304965533,60.442888235935712,-42.463952700843834,19.076497939545465,-51.87402469237194,-57.52433759040084,-10.431591481141512,67.271396062057491,73.178141748706167,39.940578675225666,68.47584267875564,-41.995761028427793,46.348403438262409,-54.531916834633329,36.924646792724161,-74.650403136765249,-65.170041535362159,32.151982504845435,35.339461834014926,-17.091799556416557,0.014692195569251609,68.794952897548896,74.601639274796042,54.198087235920426,-76.945791043579817,-15.655843999977229,28.211954985168269,80.805479554460135,-43.392262097248022,-61.732481944489166,-54.46635965056501,-6.7954036791569621,10.964833321626518,0.84870295714249266,-26.985641194895059,-78.493020601359746,-15.319894164566053,25.412759767190053,-15.181257505861424,17.46350099679691,-6.7321671730668342,61.05229712413032,-8.0830468439010872,17.377569168072071,-1.2223215912940844,21.475378017293732,79.308133239984244,32.813380767607597,34.770147089511148,-78.208727065919078,59.11498194052362,48.33058875177796,-48.980035153157793,6.9681646088950249,-54.942996544399776,-74.366754202107686,46.935033514413391,35.639407446247972,-68.582800633583489,-1.7705700120524341,46.892786201318643,-40.90970265769441,-16.761192820673998,-82.185011617781342,4.8341338934454665,-9.726254062891174,-52.670367892771779,18.767310673851625,80.877262061469978,4.5660001600434086,30.136502199748723,74.765499111013682,-36.023472993989586,-71.7593087790857,39.663107817637055,-39.000964362897278,-23.872110439418886,72.181143207997948,-25.423334908550459,-74.443639344187105,-7.0541879094187179,-66.459702259099174,28.40659557839739,48.951609702979994,-72.470398251152503,-72.542284074651604,37.117862435698981,-12.258660325926547,-31.410303555493883,52.439965840001307
49400,-67800,2.02210869219522,358.87793710782489,6.9605327251608493,324.45212911779629,66.584002973885831,161.8367203525205,134.93057330357854,216.00045633291646,131.13631473983295,375.59670896078592,602.99531973512012,159.03738762523076,283.80060278133737,325.75836763772179,265.06124510368204,80.613400324931021,605.32552491834406,530.78460930450728,74.297824519263088,388.96227235348169,849.3825801337041,547.18633294173935,909.07679155490166,564.91671127304267,266.57819088971235,844.12756552515964,64.787133731421335,465.8454703253758,27.21278562395743,694.22010609762924,76.482021385218445,219.56682985882657,781.21759709584853,932.43848085100637,312.46867053377667,833.31471507811966,553.42969787187906,460.16767896457378,983.89157459354146,401.51969432977785,460.96101343013754,812.69873135475893,682.26517775857826,658.49448069570769,371.39956152470705,593.97317194830748,273.89603922447174,169.77483054521147,332.34035067365483,170.67615134158333,183.74450815749361,36.355973057953648,695.10953709924536,188.99254206443879,656.96192144792633,630.69573023336602,356.50074910700846,211.70333979712973,931.58728368930053,894.92263671181172,274.02366465508004,770.52076903002114,84.620325565498433,10.411468551404976,420.36838315587255,793.30033739053431,897.75915768824848,518.19327537753907,487.35060538139601,648.46832069724519,139.48009987233104,748.48261110110707,957.30977883152252,473.86947316819169,828.06105327536375,189.56251953845467,294.89236500031888,799.75710352813996,131.42532857612409,741.90740266767614,567.08168963673177,798.9997499325508,39.990968818729641,168.93861781582413,187.29781749540865,735.07791057273812,632.78335322088674,388.46996713306208,772.72419723585631,480.78689153957077,835.53772455304681,484.0771071638348,721.2899737286973,30.114905910899061,751.4285808921768,659.42726687189804,434.36786393167637,723.53886866046662,566.142255657021,193.7808773021479,194.46934177636683,-31.407929063491906,-29.406076678485153,-33.774390299889795,-34.215999406428139,47.823589452097622,-64.160492082525096,-74.490638447213314,68.379142404978694,18.819103496504482,-68.740869969549408,66.683930407323089,10.387123402257075,-43.843784695060748,19.111032476050269,-51.645890894795052,-1.1894294797684908,-10.425114255595538,67.44990787380614,73.530010355217428,38.603279643425388,68.554818711007144,-42.603240523955037,51.805152997613249,-54.475422626155677,37.073989075994895,-74.635335603623361,-65.308912814836987,47.004612896398214,-52.991334047902008,-17.599515092084523,-2.144577791299211,65.037678908801624,75.114494930588464,63.145069621919646,-77.265974652425058,-16.185657546501382,28.206468099274989,80.804383965117367,-48.570521714678272,-60.515573871298358,-54.478754336111386,44.555817058035331,4.9938766623375495,-2.0736224664983443,-27.023216589985498,-75.88707335426507,-15.313557885566045,5.7153738324487762,-20.644414986839784,17.137167011089776,-6.7339744440203102,58.317278647684134,34.994539822958757,17.408540941463453,-1.1638871520444944,21.441154305240339,76.553447505026924,32.147302947242935,53.525455612984246,-78.201829560665786,59.112740861160795,-14.537750929002385,-53.128395566650468,5.0767727646074396,-54.687727554273962,-74.374610199100587,77.71202836644494,39.563775333645772,-68.585153582266784,-1.6333411242094753,-8.0525374513960255,-40.426105264209568,-18.107034660251372,-84.002719410719948,4.8403493884196003,-9.7258792048939764,-36.775438853839702,17.355522498038031,81.911489536395933,4.8134248295015176,30.204820447525336,74.906653000924322,-2.1161679126019819,-44.332741026027406,39.614829723571681,-38.989462182304273,-26.078239633080788,67.111634851512576,-44.242841936898692,-71.160423628129834,-7.0665970522119359,-61.533171340018214,28.398661459074447,48.900151621385568,78.810383975486928,-72.551625141947454,37.118308081690309,-12.493884840150697,29.377306940134897,17.406959274067958
49400,-67800,2.02210869219522,358.87793710782489,6.9605327251608493,324.45212911779629,66.584002973885831,161.8367203525205,134.93057330357854,216.00045633291646,131.13631473983295,375.59670896078592,602.99531973512012,159.03738762523076,283.80060278133737,325.75836763772179,265.06124510368204,80.613400324931021,605.32552491834406,530.78460930450728,74.297824519263088,388.96227235348169,849.3825801337041,547.18633294173935,909.07679155490166,564.91671127304267,266.57819088971235,844.12756552515964,64.787133731421335,465.8454703253758,27.21278562395743,694.22010609762924,76.482021385218445,219.56682985882657,781.21759709584853,932.43848085100637,312.46867053377667,833.31471507811966,553.42969787187906,460.16767896457378,983.89157459354146,401.51969432977785,460.96101343013754,812.69873135475893,682.26517775857826,658.49448069570769,371.39956152470705,593.97317194830748,273.89603922447174,169.77483054521147,332.34035067365483,170.67615134158333,183.74450815749361,36.355973057953648,695.10953709924536,188.99254206443879,656.96192144792633,630.69573023336602,356.50074910700846,211.70333979712973,931.58728368930053,894.92263671181172,274.02366465508004,770.52076903002114,84.620325565498433,10.411468551404976,420.36838315587255,793.30033739053431,897.75915768824848,518.19327537753907,487.35060538139601,648.46832069724519,139.48009987233104,748.48261110110707,957.30977883152252,473.86947316819169,828.06105327536375,189.56251953845467,294.89236500031888,799.75710352813996,131.42532857612409,741.90740266767614,567.08168963673177,798.9997499325508,39.990968818729641,168.93861781582413,187.29781749540865,735.07791057273812,632.78335322088674,388.46996713306208,772.72419723585631,480.78689153957077,821.38834629821906,484.0771071638348,721.2899737286973,30.114905910899061,751.4285808921768,659.42726687189804,434.36786393167637,723.53886866046662,566.142255657021,193.7808773021479,194.46934177636683,-31.407929063491906,-29.406076678485153,-33.774390299889795,-34.215999406428139,47.823589452097622,-64.160492082525096,-74.490638447213314,68.379142404978694,18.819103496504482,-68.740869969549408,66.683930407323089,10.387123402257075,-43.843784695060748,19.111032476050269,-51.645890894795052,-1.1894294797684908,-10.425114255595538,67.44990787380614,73.530010355217428,38.603279643425388,68.554818711007144,-42.603240523955037,51.805152997613249,-54.475422626155677,37.073989075994895,-74.635335603623361,-65.308912814836987,47.004612896398214,-52.991334047902008,-17.599515092084523,-2.144577791299211,65.037678908801624,75.114494930588464,63.145069621919646,-77.265974652425058,-16.185657546501382,28.206468099274989,80.804383965117367,-48.570521714678272,-60.515573871298358,-54.478754336111386,44.555817058035331,4.9938766623375495,-2.0736224664983443,-27.023216589985498,-75.88707335426507,-15.313557885566045,5.7153738324487762,-20.644414986839784,17.137167011089776,-6.7339744440203102,58.317278647684134,34.994539822958757,17.408540941463453,-1.1638871520444944,21.441154305240339,76.553447505026924,32.147302947242935,53.525455612984246,-78.201829560665786,59.112740861160795,-14.537750929002385,-53.128395566650468,5.0767727646074396,-54.687727554273962,-74.374610199100587,77.71202836644494,39.563775333645772,-68.585153582266784,-1.6333411242094753,-8.0525374513960255,-40.426105264209568,-18.107034660251372,-84.002719410719948,4.8403493884196003,-9.7258792048939764,-36.775438853839702,17.355522498038031,81.911489536395933,4.8134248295015176,30.204820447525336,74.906653000924322,-2.1161679126019819,-44.332741026027406,39.614829723571681,-38.989462182304273,-26.078239633080788,67.111634851512576,-31.953789680456289,-71.160423628129834,-7.0665970522119359,-61.533171340018214,28.398661459074447,48.900151621385568,78.810383975486928,-72.551625141947454,37.118308081690309,-12.493884840150697,29.377306940134897,17.406959274067958
58700,-68800,2.0562989621600112,198.07623522810826,3.0421487433486458,321.41515791507601,55.714891382209395,127.6431295900457,138.54979530300119,484.14323999654101,127.16894600202779,496.43402921111357,605.1585959481871,380.44000898087666,156.48030607162545,96.346369365880193,85.27954206523971,81.534195174813107,620.28595471862548,697.1789686429297,109.8891813741361,421.21571365031235,848.66511310931674,323.83455462471409,908.96440578313388,566.04353415364642,261.90239278908177,845.18260775827582,855.48353787281326,460.26293490537364,768.9793121465475,840.07130661379551,997.91044865771221,451.10020263261032,787.54907382809051,919.27265044580076,324.77437043620341,573.9196752835536,199.89210067329449,880.33976940328625,984.96359696078275,416.67789011782639,455.76826504559199,874.7968400253543,681.95523761189179,665.75048643250864,344.2905753367167,595.33820134222435,278.05736180847589,192.51948143135493,325.25414707522009,861.28524557313926,580.13606391505266,36.695350205298851,800.3582886795491,200.68246697387571,656.56487508204168,638.22974842342751,559.62738190922221,211.16153697699951,784.00816341020482,512.94717625992996,267.60730650088021,789.02710709378971,870.62337258479761,658.83700859976761,385.41193007687411,796.13553931099102,911.02335050684758,591.72039210891114,490.49352111433052,646.72680715117099,162.80836426340693,751.10699664654737,661.02844315116749,534.81400183152459,517.46715607362387,188.38201900198428,275.0735517096121,820.08656270364952,637.9106149995846,775.2374667998439,122.7225053543071,799.07659383687098,307.96575835027386,49.919895614783378,153.27391012619827,743.71321913930353,678.85351148323059,384.87660785956422,737.53059474795884,480.57082326179307,822.55181257038123,151.03077541933922,721.38860752299968,0.91670369337628443,758.57317381580276,802.57966730381077,466.41391779072904,711.28480697945315,546.9480123990088,193.77918265481344,46.168118607257156,-31.34502329894946,-39.308045363252084,18.464038956865192,-29.477873197582852,49.559719130173619,0.077821299537248478,28.10404176152867,50.435177379117071,26.864470607586814,16.306157751299903,50.775934710714523,11.549445112066456,-43.84391293518334,19.444176840498347,-49.323662617074369,-1.9327566333364024,-10.969995385147778,67.829165441830398,-32.884762101931052,-60.897441679980979,74.364731100106965,6.2232162830371864,-84.855221701875621,-28.572112594671218,24.291105528921548,-73.824466198178456,-34.990308494092872,-28.475475162420036,-53.208401504132851,-17.056842916862138,-0.20426156363169667,67.232713120082423,77.047299262419699,64.724975907199507,-13.460072883661319,-17.827088637022605,22.030005487152287,80.566302460484621,-33.113009852143776,-61.732110430294327,61.650433881905869,46.840544599292151,9.3583053940651837,-12.224472539608882,-24.585794222586095,-76.242203982989594,52.696657015660513,21.231580891685645,-79.145277025837018,16.367859100934329,-7.1000159067542654,61.85987656696193,35.252425041718915,-83.388850667375181,-1.1165231194062231,16.18874088259173,78.176298389769443,-8.1091565114835245,53.774343338722694,-50.608276585254124,-15.54297707826187,-41.637755388062786,-56.21928189117029,6.7960059747256611,-77.043017998196177,-71.854681115579226,80.898825570131208,-9.8666362131025718,-68.617470383510195,-1.3739410229733906,63.339384033470616,-35.542990644609631,-21.950688122145117,-84.17092059522669,5.5213727111771318,-8.4819546331610045,-35.866382061397353,17.994537463426774,71.633367234721902,3.1042071909443347,30.791589496441521,45.514737123701451,-32.307370483736143,41.147138776429799,37.318877149912517,-38.555844657019826,-27.270532564730534,64.458174935737262,-33.421782575677376,-68.474930066168184,-4.3793481167470159,-61.070999918825919,25.980076679661007,48.908256668569472,74.710392909884661,-80.784224379130578,36.81017876077825,39.575230673971824,28.774751845339498,46.385206844223227
46300,-67400,2.0150841346862172,396.33926180178327,27.365146000998827,331.6403329618978,72.869572390090212,132.69468464669401,139.59341723367959,761.13275482586778,10.322934142989737,367.88314452661837,604.77795229519165,108.11042768183194,159.28713104552034,285.41235842633262,323.7679703186605,79.766217581651944,596.30053668761207,707.09470430962222,92.603456729769917,388.69664338277084,808.66318580312793,314.98891521049808,897.57787683223989,565.25963126432578,262.8155143530434,845.46700344040971,623.97172924952565,437.41256862264038,986.15355644179488,701.76088870539775,939.20494248293357,218.65365880118048,814.82233200063547,933.04199975946233,335.37798606133458,834.51580380211647,554.21398627836902,855.0555278463836,311.34225554767323,418.72834365796206,664.26201430977824,879.88778434969186,661.55112333555439,626.29785201670791,345.27707530337068,593.6435316309105,271.51195945155246,207.78952742053909,350.9651541885363,175.86166042732009,519.75300798841408,51.970161824932795,851.33917266635149,189.04863974506134,656.36520250461729,633.15069005469149,356.02156211232136,199.28239816700577,885.95746458227995,955.18215199689359,305.43940149593476,448.05876383157579,870.6926027431482,162.49392017965937,468.47189951084857,12.154798207132046,819.9670233854564,946.68764703846273,537.99204070941391,775.63681940729634,140.13103036643793,749.56643233114892,920.01739913146434,462.37430828660081,811.99840233591192,195.59442495597952,302.93477540737757,800.04698385148515,296.65092867823375,782.81370366387603,72.672922805400816,802.0432882394623,300.45822973199984,279.31867151833347,151.75773746133109,724.14944205532606,670.64699560805877,374.48226278933339,750.77220444316572,453.72395016010267,823.86553543933223,487.29170375717348,721.36515057413271,5.1358803942989892,730.17259352296333,801.89203524202583,57.692240820709287,797.20449276391912,580.09605359401587,192.73101163306117,57.462464617623503,-31.311612118797694,-30.259068183222915,18.452772239358438,-34.998847679866508,49.888127020282347,-77.789700686336388,-70.443801860829211,54.863558528230705,-27.589882968517781,5.7102904416355713,55.987078355828871,11.353886579391798,-43.872609443818348,19.031088638175859,-49.5704057162054,0.92523550872852689,-12.530707090013182,67.633303839755442,-27.760397482988118,-54.685486927701987,74.150921942656566,-44.076406565227785,-81.370877611056798,-26.592208209130163,36.994615650887503,-74.485080162973858,-65.541157051698363,41.605658898011832,-23.24419849625118,-16.831371698874847,-3.4981207871695159,54.814983841633321,75.071850399108868,4.393244225416808,-62.39853395864732,-17.374629982811637,24.655754217223727,80.570942539684452,78.779622108535563,-58.440371685835395,63.789049509018135,48.14403934280741,4.453203433444453,-16.962927305745669,-27.29459245397614,-74.404961183890265,-10.452425103363096,20.346205681931174,-77.119201402599302,14.434100561596891,28.309520388015486,47.639187177469168,35.330741548833323,-76.701601934695987,-0.25772752844123215,20.703479436580444,69.019735406512794,56.801244242109561,53.442388366358436,-74.166726970739631,61.995780457134465,-19.646186950742464,-43.104020981907233,31.006598418291251,43.061321086250416,-66.429422246656969,74.604721804165919,-9.9319073659880903,-68.59877059154401,-2.3232504793456514,-13.152316036043111,24.067492719991659,62.691523248220236,-83.971270920642269,-0.23224442811220314,-8.2852255283861513,-35.62768480168095,16.875000486131647,80.822947532200388,-0.69211206021653171,31.562701146563668,50.958085430991133,-29.334207414300273,-43.657727727115692,37.472979987475817,-28.545697364517046,-27.214088908608851,37.220278154675363,-31.813451930719573,-67.220166190156363,-6.8348194752372695,-63.412680201159425,30.447036033967958,53.397953560149936,79.395612803183127,-82.101102576967335,37.012029904256948,-14.199132479047318,-27.935390817226907,49.930505663138064
53800,-68300,2.0581611270088378,280.35200615273203,6.8657655741325314,669.13960593594118,60.037770004430229,235.17161847842587,158.1776826309798,763.16805067960172,330.18271415566346,370.27239551183027,603.18326476014249,368.93058091680444,141.7581928034123,49.285168300001629,627.04379280917919,106.85035623641801,522.38470093091564,702.39275232520947,92.736120841207949,387.11161518551035,809.00608404056209,514.78048175250592,922.93013872110294,578.94580325698587,266.69571377892026,845.03724728048167,620.29289465235956,436.15460056155246,4.8726202522612994,714.78866101941799,178.96513618513444,447.46971434528854,71.358028895257519,937.43046399454249,337.81932574110613,851.18353574849414,457.32279505596239,865.15700469143019,980.04031516306281,424.35809211308043,453.21470424969368,910.17290533839218,680.97198878738868,632.21106186007648,376.10544665110717,593.32850338760022,286.95104167273553,192.41563540207065,119.90809849416839,175.56792496090793,136.91311921367864,54.358456262606147,752.50865335389517,190.45941162966449,656.57938187371417,612.33353773325553,348.28301382963855,199.25454099011111,73.861581826827887,491.5176537694191,272.14231378634332,783.41022217460227,22.041396224888729,56.353123251014367,351.53798500836859,815.23027183317299,955.6004259442924,503.8260818357162,490.24679156189382,772.07681309002487,138.07002403852431,749.72429808813558,922.79428891462203,527.76398468518767,821.66106143044078,179.80993541525189,299.38843666300187,859.89331449067538,300.09540665439351,634.69110551886899,67.416214739592107,801.63211765352548,27.639620707308296,171.39760729715184,285.83691763702103,737.64347301329985,680.29310933762588,375.66176014753444,17.930672984721298,459.57385754450098,824.4074167408944,491.79602516502786,721.40140547549959,14.463411600704394,343.28528426770049,809.40743648241335,817.42369987346433,724.22254595378524,587.72437647158438,193.37986188273973,176.06753318301045,-31.153130333290921,-38.984206177975388,-37.349199393072141,-34.288751347781165,50.407675424707755,15.146844358963158,-79.626716298706896,-12.186869951784026,47.090115001683998,-59.945565415044761,66.14532677495437,8.5448005117463843,-43.05349904462858,21.780373838079711,-49.822669088558342,-0.97765991850140876,-10.580612287321346,67.484256771539393,59.171823137944322,-1.5447082283830476,25.317735018410808,11.876360851615996,-78.67451680983784,-54.166489730958475,32.149460204826518,-74.74625006406616,-67.598599932338132,46.501937514052223,-51.512804449245074,-9.777146835765663,-2.7824187364520259,64.880206558767625,75.003880578699651,-11.685421868824765,-76.224617842881102,-13.68825092610356,57.681259465010797,80.63629497980854,80.756884937329858,-58.016165104461457,-64.835311432605579,45.865866239504435,12.64708352846068,77.197151208600275,-25.716386324211438,-6.2941905264576761,-10.172164110906101,-39.147304230559179,-15.890849481155573,16.912493787720241,-5.3991859873849819,60.106018939002325,34.852428264063555,15.05602909446587,14.888502656716508,21.450487240791155,81.424134105721734,60.010129512259695,51.88565614776676,58.77870010572358,-9.6240147134098706,-83.402426567002777,-45.709242246407818,6.9996011177463906,57.633920977363999,-72.06240496016369,48.510413816373955,39.569527641338418,-68.624375677547661,4.3453528469458416,60.114005992170071,-33.108852391412796,-20.379622835135763,-84.069628535509821,-16.764314781774164,-7.8807764728605267,-35.856302584528571,17.959207057731007,71.964093800159233,-2.0607608861183544,29.912777665423192,83.130078089292027,4.5145691371312768,45.98698803905129,39.701706673959713,-52.08644198813365,-44.945055904230408,67.122322945457057,-47.229939286094726,-70.099591566868554,-4.560755401229482,-62.451674340284121,71.682113927862176,53.897489469987967,73.526730762472539,-80.999265419775199,36.703216003727192,37.99759365699569,28.425509998290035,51.04879935462543
