f0,f1,g0,g1,g2,g3,g4,g5,g6,g7,g8,g9,g10,g11,g12,g13,g14,g15,g16,g17,g18,g19,g20,g21,g22,g23,g24,g25,g26,g27,g28,g29,g30,g31,g32,g33,g34,g35,g36,g37,g38,g39,g40,g41,g42,g43,g44,g45,g46,g47,g48,g49,g50,g51,g52,g53,g54,g55,g56,g57,g58,g59,g60,g61,g62,g63,g64,g65,g66,g67,g68,g69,g70,g71,g72,g73,g74,g75,g76,g77,g78,g79,g80,g81,g82,g83,g84,g85,g86,g87,g88,g89,g90,g91,g92,g93,g94,g95,g96,g97,g98,g99,g100,g101,g102,g103,g104,g105,g106,g107,g108,g109,g110,g111,g112,g113,g114,g115,g116,g117,g118,g119,g120,g121,g122,g123,g124,g125,g126,g127,g128,g129,g130,g131,g132,g133,g134,g135,g136,g137,g138,g139,g140,g141,g142,g143,g144,g145,g146,g147,g148,g149,g150,g151,g152,g153,g154,g155,g156,g157,g158,g159,g160,g161,g162,g163,g164,g165,g166,g167,g168,g169,g170,g171,g172,g173,g174,g175,g176,g177,g178,g179,g180,g181,g182,g183,g184,g185,g186,g187,g188,g189,g190,g191,g192,g193,g194,g195,g196,g197,g198,g199,g200
100,-21400,2.017357063714567,999.99999954198097,221.59055929144409,693.2900452222641,72.396098303232094,220.5829322919096,105.90181835294413,550.88923499552072,347.57625419901865,373.27116371131478,616.85370488013439,383.96345041601825,81.533481683693068,45.719939382475026,693.92689872918641,110.08178385250815,503.96683621284626,707.89340273004109,72.609811368467689,296.13696562514838,510.02685615906267,308.10697983418135,872.63465887015343,600.03214790763047,267.79081303933611,808.54114249175973,903.42882015367206,439.05262902418656,974.79136887881464,817.1858119948331,981.41511706163953,256.70053213510067,30.620067508678098,71.139544725310827,319.63483398408249,810.78107854635948,487.88213731067572,590.2118587833445,413.14906089652379,426.14845499453617,536.91161779032416,514.28506172372113,684.43330709119493,662.79164661879111,369.12185221942502,598.20985867306604,286.06687009346319,205.58412703034489,95.756940082696602,174.29074455273059,198.00659900162563,29.200275855905094,237.26254351659205,196.45171227990784,630.23363318860163,644.37869733119533,351.52252168721782,199.02129290414169,50.946488638499652,558.35274840942293,273.81207389407194,138.10727524610448,928.56329639140495,53.079976752500968,478.83742904478459,56.131966133420399,922.46304214116594,914.79783517131295,516.94432922634383,771.23167142220495,138.23739822601601,739.23493272026315,632.4253070487099,458.90240116184549,813.71093556356584,573.2755666866401,260.24768704694804,781.90323217245646,298.21395927166077,776.19118810436305,90.663449806246589,801.65578080351111,420.88254704939021,770.84620496631953,187.69236474827224,693.9718355980649,677.484081484581,374.71111723688068,827.44887245984171,480.38556534955825,824.27309765501923,447.3543334572056,740.96063583275736,15.221006418606693,787.58363258395661,664.81954787993925,103.98810440193954,724.06214052846917,586.70671388608196,229.73558458730923,33.135577868733016,-10.059097906198303,-23.805859439507618,29.625713244622347,-69.985410215691545,41.656579562540593,-57.679528332905967,-7.970318873071129,53.765108610490536,32.672448319357628,-62.567656761605392,55.20178265927909,59.542853868862295,-42.447481885402617,22.179905810800676,-49.042483604266188,-61.525822221069063,-5.8028318404448314,64.498723908654497,68.773288076261125,-62.420241395361259,31.459234976587787,8.3264880350324937,-82.553735667054809,-31.112829619554233,33.737243833130748,-66.44883689136617,-62.127476645387866,-20.821236002198148,35.540740874221143,-17.445599802845006,-2.9795535880048742,52.07087310238532,74.998966491392508,53.938688580764243,9.4507363323688658,17.407266907654986,29.22092539991673,81.122495682366988,82.493705321392596,-58.138319022703058,-54.678078839710253,2.9096305410380783,10.198211007369233,83.322595349929415,-27.167544356872341,-54.486518576052759,-12.028037946270036,25.644394531256189,-16.809634430614334,17.143531507567058,-6.6852278430159373,57.661489334248159,-6.1248658518866153,28.426970715891049,-3.4599845204568078,16.562795377305257,-11.067178530846213,-11.517060520054908,53.703235850425337,-78.648579830308236,-8.2644662772953481,-80.605102132720333,-49.378748580032564,38.353088865246583,-70.931590246370831,-72.082372753654113,40.893517900559758,38.235529708617143,-68.582659343261213,0.69719467693505299,46.610794352680912,-33.180188891050527,65.17926767065461,-81.932386861199333,4.8390210534660127,-9.6878224735416989,-36.783231797687911,18.699483850278263,81.463654779114222,13.704572834320098,31.66182420007717,23.112134415088924,-35.262786559781638,48.089391125931442,37.437917086017229,-35.193403334630865,-45.598169029164929,65.953547739384931,-28.505324341546089,-70.418705258655493,-7.025937096908744,-64.539716161680232,77.931821569688736,49.570673729345749,82.751032515962095,-80.864702931095891,30.716751856395277,-8.4331315516005532,-30.485817897575366,51.032243986887465
68300,-70000,2.0531386208995204,20.903945254920018,7.0075203798855341,362.21736377020977,71.876048871270427,155.00339234316522,136.57237289462236,198.03849721217438,107.93650259377755,392.99603798728697,603.23556175365195,368.81053580298243,285.61071665091532,132.9061973857863,242.57533203083631,327.27186923127044,502.31855652425389,518.44255910731727,58.203316512091817,396.01437336173564,803.22397539168333,531.38777637074293,912.8248386138722,545.20132261585331,262.35311156532674,844.42829098343384,639.61815923376639,469.15841525005396,970.86157885562397,842.90429891697875,963.34862024375843,245.02158851945825,762.52139867788287,940.93704766415522,597.71093767843934,819.35756703142033,545.03605649838335,874.651749779498,425.10805185098485,418.67942232981227,549.89077496824973,554.08845336206878,692.77702498112546,637.15819568229108,366.40160484860326,593.81808422881875,272.09455853541249,202.49171206533228,311.52240838127989,164.9218917619182,590.59122884209523,31.129466030109242,194.66978594768392,193.54012293053529,665.14287835737923,635.05927536368563,712.90608056104998,230.25312364825231,831.12516606118947,895.70786317397483,273.5761069638279,708.6022144799698,954.69231170388389,183.60155726061444,380.4633790819305,860.58374774800131,887.45321765556014,884.21600514214742,545.48731859076247,765.4789665257473,139.44513354579084,748.12403341221921,898.87972797922964,455.88209099451001,786.12806338374253,194.61144914914749,270.79721953945239,802.60690341658494,312.15875274207332,650.17637894147333,610.2243724284474,801.57809049219372,275.72935045104725,299.84035565971772,186.43126233235452,758.43799573851254,631.6669264319263,375.25476811619455,801.65369448886884,482.95001940614014,825.17169169618478,448.50213768589731,721.38600315745362,0.95589947474875814,759.69320034822374,812.61675200949878,402.83646060743354,816.21183014087342,563.48797872559339,203.6513741111803,37.0858523300016,-30.989689823064985,-29.115812436553853,-36.230198247097356,-36.292991675446473,49.515188959100463,-65.622350333026205,-76.042093613991511,55.076146513255452,46.151625721682464,-59.627802853913714,54.77548081750006,64.047519239092992,-43.988771846322912,18.223697351387774,-49.507247056280079,-6.3166663183227723,-6.4348187883743559,67.527324764786243,71.943046526814172,27.31466748733763,62.369150472501346,-42.479438987961252,23.524247552642358,-54.400431023605663,34.617076569672577,-79.80268514711446,-25.009026321669374,39.137542985442678,32.223832182046344,-15.288558703213788,-2.8267520153610497,60.621184265044974,76.545626466852937,54.049872459380047,-76.512265638605314,-17.104608359295792,20.310131221784697,80.374604061707956,-48.03188776923286,-61.552114428559577,-63.324582235527572,42.562794641565233,4.5818265298165493,-7.2344380839711908,-24.734319807674275,-8.8433950739906066,-6.8626865772727079,27.907375726258824,-16.375835584153069,14.637118168613995,-2.3499334966541103,60.402560929601009,34.38730108464339,16.145522447013143,-0.92093944392231075,21.304660575186713,81.07273031709282,29.565371393007354,52.300224095258301,-79.373266011811381,63.669272364909204,-17.392143671578467,-48.911882225567226,6.997359641875267,-78.095074389413071,-67.773634538085233,76.354495452738021,37.515204130461669,-68.587261944071585,0.89252048731504097,60.865928007760779,25.876470697746381,13.239096200570991,-84.194085807649927,-19.209870364787534,-8.2434901344596767,-34.293679894266873,-6.9301008516737799,81.884883669466504,-0.014165723846554457,29.559653888433616,81.206960479694615,-35.676784641059839,-44.037141520006323,37.64177990387347,-36.719346129853363,-26.115324712997907,65.999411569851475,-31.76613023121152,-74.51317641678007,-4.1185430211323402,-68.809328476508313,28.285787311231985,48.871489970372558,82.953624424041152,-81.097135901207281,36.061075018104177,-12.372430331456307,25.987546845141733,48.623492975126076
100,-21400,2.017357063714567,999.99999954198097,221.59055929144409,693.2900452222641,72.396098303232094,220.5829322919096,105.90181835294413,550.88923499552072,347.57625419901865,373.27116371131478,616.85370488013439,383.96345041601825,81.533481683693068,45.719939382475026,693.92689872918641,110.08178385250815,503.96683621284626,707.89340273004109,72.609811368467689,296.13696562514838,510.02685615906267,308.10697983418135,872.63465887015343,600.03214790763047,267.79081303933611,808.54114249175973,903.42882015367206,439.05262902418656,974.79136887881464,817.1858119948331,981.41511706163953,256.70053213510067,30.620067508678098,71.139544725310827,319.63483398408249,810.78107854635948,487.88213731067572,590.2118587833445,413.14906089652379,426.14845499453617,536.91161779032416,514.28506172372113,684.43330709119493,662.79164661879111,369.12185221942502,598.20985867306604,286.06687009346319,205.58412703034489,95.756940082696602,174.29074455273059,198.00659900162563,29.200275855905094,237.26254351659205,196.45171227990784,630.23363318860163,644.37869733119533,351.52252168721782,199.02129290414169,50.946488638499652,558.35274840942293,273.81207389407194,138.10727524610448,928.56329639140495,53.079976752500968,478.83742904478459,56.131966133420399,922.46304214116594,914.79783517131295,516.94432922634383,771.23167142220495,138.23739822601601,739.23493272026315,632.4253070487099,458.90240116184549,813.71093556356584,573.2755666866401,260.24768704694804,781.90323217245646,298.21395927166077,776.19118810436305,90.663449806246589,801.65578080351111,420.88254704939021,770.84620496631953,187.69236474827224,693.9718355980649,677.484081484581,374.71111723688068,827.44887245984171,480.38556534955825,824.27309765501923,447.3543334572056,740.96063583275736,15.221006418606693,825.39493623028341,664.81954787993925,103.98810440193954,724.06214052846917,643.41802804148233,229.73558458730923,33.135577868733016,-10.059097906198303,-23.805859439507618,29.625713244622347,-69.985410215691545,41.656579562540593,-57.679528332905967,-7.970318873071129,53.765108610490536,19.216474665031228,-62.567656761605392,55.20178265927909,59.542853868862295,-42.447481885402617,22.179905810800676,-49.042483604266188,-61.525822221069063,-5.8028318404448314,64.498723908654497,68.773288076261125,-62.420241395361259,31.459234976587787,8.3264880350324937,-82.553735667054809,-31.112829619554233,33.737243833130748,-52.649274200754078,-62.127476645387866,-20.821236002198148,35.540740874221143,-17.445599802845006,-2.9795535880048742,52.07087310238532,74.998966491392508,53.938688580764243,9.4507363323688658,17.407266907654986,29.22092539991673,81.122495682366988,82.493705321392596,-58.138319022703058,-54.678078839710253,2.9096305410380783,10.198211007369233,83.322595349929415,-27.167544356872341,-54.486518576052759,-12.028037946270036,25.644394531256189,-16.809634430614334,17.143531507567058,-6.6852278430159373,57.661489334248159,-6.1248658518866153,28.426970715891049,-3.4599845204568078,16.562795377305257,-11.067178530846213,-11.517060520054908,53.703235850425337,-78.648579830308236,-8.2644662772953481,-80.605102132720333,-49.378748580032564,38.353088865246583,-70.931590246370831,-72.082372753654113,40.893517900559758,38.235529708617143,-68.582659343261213,0.69719467693505299,46.610794352680912,-33.180188891050527,65.17926767065461,-81.932386861199333,4.8390210534660127,-9.6878224735416989,-36.783231797687911,18.699483850278263,81.463654779114222,13.704572834320098,31.66182420007717,23.112134415088924,-35.262786559781638,48.089391125931442,37.437917086017229,-35.193403334630865,-45.598169029164929,65.953547739384931,-28.505324341546089,-70.418705258655493,-7.025937096908744,-64.539716161680232,77.931821569688736,49.570673729345749,82.751032515962095,-80.864702931095891,30.716751856395277,-8.4331315516005532,-30.485817897575366,51.032243986887465
2000,-51300,2.0219505880710189,999.9999995581212,193.42921896121464,684.96405936839915,59.197710612070459,219.76658227784256,109.92284300839138,787.80580992364139,118.48964568862273,373.36039474677534,616.95556207484458,375.45282190225061,153.67487518817833,102.01222413164571,698.71918687934726,109.73148911888724,584.20962695240928,699.20144190166206,90.165562141830577,391.03222251871927,828.42891763157047,325.76187754267926,921.65839099378297,597.59137095105132,262.32751000670999,843.36776964798878,601.25798561811791,442.91190817886223,812.32756908111037,825.45577306776261,988.06111556048552,247.31749823885227,719.76418130210254,858.03369880809123,342.04427924918963,810.09867050862078,473.94915598554633,605.86476620024712,408.23855367868759,451.35827012272813,536.02295440378691,476.49049441990161,673.83483429965338,663.04181682375076,310.74282947007646,594.22625361377936,277.46700903748655,230.012643362256,111.10208235607131,164.05560851079724,185.40770670000057,29.297526353060025,223.29636243566662,188.1033974898763,624.05507526577355,657.38656709757151,351.53237075366684,196.21182090584216,83.741040798957897,588.28413768886503,306.4693089965599,442.08077500926885,967.12051306415253,53.340344449842846,453.66627171012505,84.107316037120597,924.08100167296789,916.57308301198316,516.94592295798964,634.85171504681409,150.97139892551911,739.45994423881837,631.08604915215335,545.23515673105385,787.42446814422328,631.12272283088032,313.33846915587509,863.22647114690676,295.3415334100896,654.11328396032445,53.84642629809855,801.49860389026412,419.4711182126137,778.85963272898812,184.25326101529637,736.53451817493794,676.80215172260159,381.15183003448266,782.14494754739735,458.32100872642462,824.10874922190692,448.12658058462233,740.36007444348218,123.07137376454872,744.00536396699476,801.85993115707629,105.48264795687999,724.12244961308795,586.55051611163412,229.30311651987446,71.071889464844858,-23.587460440767995,-29.257741624102636,31.057605693200898,-71.341027241328291,41.623837479643498,-69.236964824804787,-69.659711536979714,56.791086106040666,19.16065490826767,-61.209976433137726,53.124746618611667,59.742967310500504,-43.946196239461791,18.17945315928899,-49.090862516302373,-61.022139018873609,-5.3937662957791526,64.476889472017504,-36.934010988223633,-64.143489100265853,22.708049825692999,-50.383852106427355,-83.3995249029294,-31.20131969995915,28.587137835089294,-75.387550048596097,-62.096970795278843,-20.516485059034139,39.485565122525045,-17.121078345764953,-2.9947244563889455,52.075353555729635,76.478670341393666,53.654844885754223,3.8306188403781047,-23.139137465828544,21.809908751277938,84.979966692188398,-42.036833176125143,-59.896754501126573,-65.46660968986555,1.9439488385850763,4.9195126718728917,77.865148895077482,-26.927200561220122,-8.8600609471623173,-11.973638924240012,25.639180789128176,-78.952674661278181,16.916628316503413,33.233452594615166,60.413087951151475,32.921514678882538,25.590240110985281,-4.7881017589598303,16.823486989869529,-12.0436408304436,-11.152967657829272,52.065882134025685,-78.039692781698875,57.44041782083498,-78.882701376920522,-55.569902195687391,38.097638611830206,54.723476845170595,-67.8171380168789,40.479117670125227,38.325619448718221,-68.599698234561671,2.3325871831993723,46.218888715129502,23.594863716735539,65.130864466185002,-84.009503916761332,4.5862439833700055,-9.4525730702701409,-34.363737900608669,18.981234140441799,81.738291537398823,0.52115098184622966,31.659995180483204,74.045929511068252,-1.4970354132353485,47.569678871918988,37.457159090344902,-36.464531636264155,-25.699681561613836,72.497439700787609,-25.406839658934746,-77.911414553318465,-7.0642392353852719,-57.195198866438133,77.805636387272941,51.270592530891989,82.709678844589646,-80.757898820627304,36.564909451737627,45.469598523999522,-30.905365492288702,54.163709674699966
33500,-66000,2.0207335804435944,642.84661245569384,7.3145148473660981,734.40560383178286,58.884852514780526,127.8917661507711,138.74530449316183,773.04625819891862,335.549687432442,469.58784109557547,604.34845321251726,130.58789553524474,282.41907465186978,347.98056229824459,609.50103360641151,80.720134834923059,619.46555872568467,525.72368782408603,448.87290177947796,386.62486044195754,842.76926715213369,298.77990863053714,908.52483168552226,566.27896211907739,262.78054502257294,845.107498128565,865.15053364361802,445.39861561270743,983.51235874162899,780.86474923713536,934.4947427203914,179.67091945564383,784.04496173164068,915.84505396385487,332.84472176473912,850.54766491225155,521.03638281216649,406.99055519669878,1000,419.7814459162833,459.03479042969894,505.87728219745145,298.50661981621658,665.62924632545798,341.77691029087543,593.71363544443568,278.69189445946012,180.07697786848368,106.182544921632,164.60969720073086,195.3618235942092,37.707885357422903,801.60796227098558,190.40557939449334,656.79035134361254,633.52316707787645,351.51704899933213,235.23218326982371,780.73332836449981,532.31071126227266,258.20154714678944,789.7979961514252,891.47541662473486,17.883449146590578,391.82939099210694,795.7447570641383,898.24052127885147,955.74600566177185,488.43125692380045,646.17660210939891,140.47966250838763,748.53629749191043,926.85421062106707,458.6925066464463,825.61646754162041,182.43683992204672,275.60731190500928,858.222523332386,294.21147311381225,775.14824144860324,88.202622144331244,799.03669455704869,345.92790675572871,171.93462928754451,187.30144877174141,743.50639036795747,678.28884555334196,373.55486857860245,20.823972223085427,481.55222476024204,824.28198751948116,451.12389343237692,721.34106344539885,12.987258862550755,749.67638719301306,808.11748951848335,418.62789589873847,716.77435480059296,566.27531666859363,194.27041896063722,196.69511337914457,-31.326648908915047,-37.836561506578406,20.082558850035021,-34.294643665331549,40.804212125180925,1.0215507863415496,23.614675611068215,50.382614153813208,-13.446286988022663,-62.981282461516642,49.621024262496206,12.047218675769354,-43.770253239546669,19.410352515122817,-52.527631152576859,-0.89052988456251547,-10.963773512080142,67.831551783137712,-39.542088724720237,-77.339139749989414,26.395956119723667,6.3095481037435519,-84.855315680425988,-55.028540587260778,29.659191447664952,-74.485372448480433,-24.186292511736941,29.728765228432167,-51.560085486410912,-17.097692721619573,0.13975658680925473,52.612518201866621,76.947086732988723,49.461888815804102,-74.64942733144207,-13.461541267052034,21.770036080885511,80.561700527139521,84.937466755818249,-58.408535733024962,64.789461718722549,45.780341058325433,9.8771967904706361,77.043578565178024,-25.943137288003118,-15.797185884253974,-10.708016537937036,23.173977682927408,-83.413752858404351,16.972622512758178,-9.713734110174741,61.058217765549273,34.940952243852927,-76.374563430631966,-1.1360932770617387,16.819249013494037,6.7924673030870295,56.382710826436579,53.821666035355641,-81.060773408064762,60.165714110428404,-44.086328189846611,-53.379732226558708,32.823739315303577,-66.1554947640942,-70.923670199844665,79.936822214824517,-14.732464325755874,-68.605693745459988,-55.198591845564259,63.114270513635731,-41.942950907140606,63.69712461442262,-84.112029486153745,-15.82961757355541,-9.413935464349608,-35.384303678675835,-9.9348551570447565,83.853809171870196,6.0982157655755298,31.625379046909526,78.398931471535462,2.8344021982290286,-55.16635806571486,37.418228511091627,-28.309072791196545,-27.289981626720163,65.817510240253327,-31.479292157830795,-67.717040605091924,-7.1057503348016784,-60.429764946584783,85,48.290469706369066,68.977192732939443,-80.136677550346931,36.953642440628784,-49.700790216111699,-27.613706883467017,46.476478261728083
600,-34800,2.0173345000236003,999.99986995319614,194.70348615708861,678.70696168802874,74.525702239786668,219.45189355001321,133.98231273153681,752.00693449401581,40.922981447351475,471.82949363362275,605.54652323580217,385.97310763312157,293.79278651207869,2.0140261766766514,700.0676944525618,110.34516026923515,525.60255491520945,709.44833102494226,90.936658079225737,389.56359742613813,814.25186787678786,503.87936236217604,864.13839721954457,602.21593868280354,301.28673305874605,809.68229684770074,848.09577407089546,83.352833095140284,856.25307129762564,703.61620868839793,135.86465563518954,215.49608622354233,663.18032390383678,880.19457848301897,328.49541391724176,814.27452256152139,556.081403632611,587.54744948252176,422.7299498982602,456.86615953266829,537.84006713116548,498.92365478901058,687.95998898115727,664.0048851872051,673.75553774406819,594.01016922984763,261.97040093528409,164.63708176676874,114.69966104817091,165.00038602785111,564.13870823342245,5.1102257334925518,220.2775938819795,190.02892620261602,654.97892153372618,867.94674587232953,348.90056610843038,184.08955491942342,820.36271987964722,557.26429353499066,269.00103590929444,797.97127473705905,969.54956476608356,552.67411418567815,460.14250862096208,28.710375571788859,950.23146597041034,918.72540713065018,511.45870371637324,765.77656684790372,135.28305119114287,748.56985991748081,944.70784861089305,468.60632186751104,826.59772893474883,151.35208726632712,315.70502793894377,852.30394515930641,298.85298358455094,649.44521147977525,70.085657985169547,798.97295959340704,270.00581897829125,811.22208425884503,186.2713951761805,321.41551137398972,676.75442175309161,380.79760697880033,807.44513810622425,456.63978789456036,824.84670879099997,431.4765838376951,721.69307974502453,13.953736926501275,672.40841172833348,805.78832909637447,457.87311102456852,712.34296135339991,579.54000414955465,226.91081893702437,44.16560111569018,-16.076936679326913,-28.996169514041135,37.276871430716831,-72.075321576970268,41.967039539638144,-66.982506867630363,-72.751994860775937,-62.545491389837402,-32.863549987700068,-61.607729178440131,67.160624940501435,13.406819444872795,-42.484974909793287,18.493925253924498,-51.719785333751148,-5.2137620665490516,-3.1290959147982678,67.652361263630951,-38.911556080409838,-62.501527555547234,-36.558790458736766,6.361264083628444,-84.701155438393016,-52.592561510596383,31.532583588673074,-70.565501528039889,-62.38214091486001,47.299339682485893,45.131176963863041,-8.9114224132851696,-2.5575615351215171,65.843118452830396,74.959083500397199,52.43838528207975,-76.348488719444475,-10.604959680604065,28.778749261203281,80.511648550159279,82.53912273466571,-60.228272666856178,48.52125394112344,5.3203727902793112,4.9895868201354192,79.282970147249102,-28.422770333731055,-69.698265858970629,-19.815215329004687,25.383429340127105,-81.347818512763482,17.140237349354745,34.243369462444733,61.233242246623405,33.558362463999373,-79.361918273981473,-1.2456695868480461,20.612356436191231,20.844949869344234,61.869559929649824,51.578464387717077,-71.61064193842509,-3.9256533745324624,-28.822764750019413,-44.409905256503613,35.611523051759754,40.585408367122987,-73.974595092722168,-15.182612569545618,-6.9774235127734521,-68.504114467006033,0.55979507794761574,66.028091027907394,24.462336390299797,12.377670077015074,-84.091568940163796,4.7794267049936927,-16.528106949237813,-35.645407756235862,17.533660515989965,81.834020758547936,0.015518821452749521,29.333761479151161,82.101761002185455,-1.7768930697437968,-45.155719032932119,37.455285999472515,-37.553567107103085,-43.802671026845893,71.909440258999439,-26.575345704580897,-74.738423568921434,-3.8038657660901194,-71.284462801674792,31.3501166663521,49.373376292728267,73.173369771782276,-78.734920093671647,36.022175126574851,46.783027158340424,-27.559926512820208,58.832043483405208
53500,-68200,2.0202981128394866,286.30373871681854,6.8606478822740655,334.29736760746175,47.035616985544465,270.73062345175299,158.5272458093099,762.09148961079211,333.58973422001878,370.18836562144196,603.19472251825346,359.03570595305882,295.37709734749075,53.998531184888833,294.82276452077093,80.380020474973321,521.40640458850237,522.46269041827213,79.202353783380346,386.94633706172078,847.56137545003503,512.80263176466792,922.63679049309633,564.43966827429529,266.69639983454954,876.53027363348576,626.13540317949764,87.148738751666372,6.1529059432464699,714.74591844360464,143.64727852617145,211.44348858703762,57.771225762415213,395.8240197755913,336.12769451898731,851.81106025969359,459.49379116801697,451.0536176586952,1000,424.38660861195592,451.05681537312404,910.54530276944126,686.60462404884834,611.58455979354108,375.65341654358264,593.24426956844547,283.29484951469897,171.52065519123119,335.2514883971254,170.37597434329695,560.02092392852421,35.819069519548052,754.23122954705445,190.45571573179555,656.55735056817286,611.99580198218018,348.16807371880753,211.84392006858809,54.859925472950408,491.4352434418646,296.46871985547426,784.38331470055186,21.6102544018466,100.91048224073353,413.8171466276724,33.184453353078823,955.24973213643466,468.15886815871789,489.20106099279002,780.97289942814382,138.07285176508287,747.90149483775326,952.79732097003853,430.97886663008683,821.66228035248662,193.8233095391783,299.37311128558741,820.62066346373035,299.66601925736688,767.06676535841416,79.787288390583697,799.01879105351247,26.125061013563368,171.01266222076907,285.71143771715873,742.26029341578032,681.14252784150437,375.65673560260637,774.04956960256675,459.37191493814686,824.41135362437171,491.8048790481696,721.35649143064973,24.861137573337896,743.11304561290945,658.26179492241636,443.52488096318177,724.23819550747271,587.87495023934662,193.33907820427149,196.70480557341705,-31.130451112287197,-29.531003548884197,-35.40647581237436,-34.218862178277462,50.406349868070059,-71.875528988795622,-79.189753336661994,-15.436622290442946,49.867535090548643,-62.47804766980888,66.700068382075401,64.988816614362847,-43.038849074887622,19.203310497426219,-49.785345073506996,-62.979550148942451,-9.3684664882135031,67.48455524020757,72.112544459975155,33.905569240133453,25.34234602498681,13.241808200643309,-79.914213411702818,-54.510352596019644,31.896153777897982,-74.741252060795219,-67.761394101071858,39.938528545451938,-51.414134220631325,-10.450166075198009,-2.1567251813361157,64.734074960523728,75.075312134893949,-8.7921616611914466,-78.474223811734589,-13.656753003061201,55.011996112302498,80.822790333876611,79.374336670159195,-60.42674050914782,-54.969895449481633,45.865839060410053,4.8646265268217723,77.909804332886097,-26.921780949567147,-5.7497336139466171,-10.153635564451896,26.845870051540846,-15.53779116344017,16.878170367422012,-4.855189452246826,61.028635201795993,34.871162867856192,17.533970520923113,-0.98209078164574137,21.442357168413487,81.410090068428147,62.514772266768126,51.894644781489035,-73.454192862082877,-6.4999242278834828,-17.178207281046518,-45.636621207107055,3.629303256835323,-53.810273611617909,-72.14802224946294,48.587692967421191,41.015806085347727,-68.611818774457504,4.3690012796405044,60.078098167793435,-33.196792327513521,-20.511861454736518,-84.068225781004614,7.1681959080797117,-7.9145869866373477,-34.743106170673897,17.968963420524165,81.693875250329597,-2.154646030510579,29.909434459018495,83.062521414055695,-4.6212015081109046,44.507633471431205,39.699901997956324,-52.043572189348318,-45.138480563700362,67.116570475732985,-47.738460388935813,-71.139804888313236,-4.5788667565038201,-61.538893442046991,27.157608446755241,53.857965351531249,73.572317379329277,-81.268874772950937,36.714532195993925,37.963272182422358,29.293602715342129,51.88336895879997
900,-40900,2.0173632197425237,1000,191.12360120700535,678.2630834094341,72.424688930597526,226.38386942175819,104.84175833712176,557.29420318088933,75.353434224082235,372.95698145778812,604.42793470359425,128.79464569870777,285.35345665731683,8.2156907176322989,699.64249773550387,81.862214024841677,504.07191260403215,708.06109321166252,72.387104240078415,395.05703955679996,847.45872296269692,303.33146407843492,868.67597629070417,602.02689288292436,267.84430315007342,844.44731496750762,944.30057663511423,480.23668275959716,805.91113982669083,680.43873546804809,976.54894368172211,276.57684195989651,122.4101621945434,879.40279760910664,320.24439837593599,832.36639267078237,554.47376175778163,596.63943390408349,421.56558686933033,447.94307937774039,534.19648510399566,519.72649153505427,669.32973150332282,636.66859129208274,772.67972396579455,597.02688583229792,286.85920519639893,166.01933501310739,112.77618509495436,175.26953726142196,573.12757092340905,49.443436030561841,944.84534735681052,193.03284703699319,655.38481602791603,872.6542047936058,349.30012953413245,184.01413723752583,206.43698962185988,544.03127157634856,269.24546874346368,792.87304602051847,950.72306976818106,55.704721102336293,674.69479420341384,63.350145589740578,952.69971896838501,820.61463557634045,517.22260921920838,807.10245856412655,138.0827033123507,749.75407989790926,943.49847607490403,548.49676766408277,826.89968043292413,565.97936212429363,265.68844262140124,855.60809557520599,280.41738971728353,765.73628762562134,72.433671398791688,799.17886801386328,275.17487011594574,773.5558679227031,186.90641031449979,715.89810162802814,677.03793683700849,429.63023947106234,734.00547280968658,457.33175901806402,826.27341344369302,448.03963855534101,721.46538953934203,13.915334896119855,421.21883444799772,661.07606944890267,438.45955724761171,711.54577531444409,579.61696431015605,191.6938706852213,80.356852848238105,-18.993775997794373,-30.936950382354851,-42.524749022794339,-32.507488483728586,42.052354841399918,-65.615835895573895,14.804213114939177,57.675858368401947,33.429793750918115,-62.513133077691499,63.706187006962523,15.602439135803696,-42.39832355171896,18.417328194409293,-48.58287262250181,-8.2791733483084382,-5.5028908690455758,67.78485344862446,74.268410067568055,-64.835698734182714,25.573106476993559,8.4388318973399592,-82.802200980983969,-55.556178379541663,29.999142407225033,-69.635299753577996,-23.862157947353076,-23.825980036236455,40.304302302358643,-17.965074886558789,-2.40831216919167,50.304489640076724,75.045305980752858,53.958594531915359,-77.264566533450633,16.651569896587734,28.848220784152407,80.743722531272027,80.314683496372865,-61.774940186488941,-47.738055801668203,5.7234206106624628,5.2589699575175644,83.24413727851973,-25.783599201144945,-71.769094548247523,-17.571883024504348,24.038024284868346,-75.293323771115837,17.491431154982713,27.351440122021064,57.888622360124884,34.286004940112953,23.293912061141629,11.919727287807969,16.821384920492257,64.729748300571146,67.771456747135133,51.024785045418199,-82.018591767843219,58.051589873110018,-42.642911337257999,-71.114088550399273,38.56551604036305,41.707925097872817,-72.105235341362572,-19.669770718875025,-6.1382476078381547,-68.616808829221227,-2.5906781893810837,66.43004193110059,29.435588803166091,68.512346128342742,-84.121377046069455,5.5682136075644699,-15.786783915585088,-36.967541215037379,-5.1824382989251578,81.477067075727788,15.052149890931004,29.074451262220151,81.547269894273057,-38.236128662393483,-43.118494941394324,37.481389371542932,-29.018764875738615,-44.550019283512313,72.020458897328709,-26.731109263762228,-74.697130356254675,-7.2120555677210287,-56.255281975797075,77.748503439029534,49.608216053146776,84.587547426573693,-81.302568006306331,34.179496543997637,-8.2489691833642667,-27.607285259911734,47.522524642358839
29600,-65400,2.0208628529299215,683.15627853885735,34.329283756073934,296.46481350609571,72.707680501625063,232.41554395076631,138.89717978946084,207.42505208291175,101.04151783823292,374.75589675852621,617.17132910998953,369.59355158038596,152.69673543429681,325.40520404299173,640.63566825606017,82.90333289517109,506.76207005705959,533.32162344940309,65.535766466553781,388.85837905842629,804.3910084746218,329.42107169786095,923.41715083608074,565.62127675121985,270.26373240675764,871.67056875561559,75.691265240156469,468.99192542847641,806.46806467350439,695.16443588681932,87.641083949333904,257.83973767076048,39.457219206881348,810.95179010347772,274.34110929443011,828.13770969533232,953.02600017416637,932.92758606060522,950.09598002587757,411.21886290360965,508.66296132559734,800.49145128031228,224.0266284457806,631.88287762256107,341.98747689896356,597.14506581697265,264.67047353665771,194.05151456394051,346.63248496884648,170.59729118373633,548.16566905138234,46.842305947714209,227.5649432183701,192.96099041609139,656.39474993582962,868.64560549895634,350.87586048405745,210.96230221480383,919.91794482618388,905.92679507520347,274.89147103128749,445.87633454628593,738.03171978993623,53.007564557766955,378.44556860396199,9.9090962524268207,911.87833295986593,912.01634343313515,485.55447100167675,780.73925943264226,139.7286131827355,748.09300501914299,926.05432372899918,534.61789707324181,812.3053457029265,514.79434162540497,17.665223051182494,797.80722079343695,296.64123190483411,739.84819810114186,758.7334014560663,801.69905016985535,11.271866973356158,176.08979834178609,190.61518871964913,740.96886233677083,667.99249629817348,380.70029320083131,734.24754626370873,456.67466771690681,826.16268640173939,427.45818951654428,740.98767018489434,4.6500511943506808,790.81756458654718,681.73901709457948,54.514343145853275,722.54697492645585,565.42466861408991,194.3418202315473,47.74467241605484,-31.205097829033303,-29.628064241061594,-38.398467762539084,-69.723384607856232,47.574624593310268,-1.3231966436321869,-68.297104617646895,66.647717713042383,45.757600164635527,-66.14415673257264,65.623358040856544,67.743117963870759,-43.902989734080407,18.66992107717838,-1.6447537063834865,0.15512359974647438,-12.465067023413528,67.41574190035702,81.674972484171633,38.709998111867812,25.474272635949234,-44.563196663358987,40.933851787032459,-24.746208555452856,29.113040889058045,-80.287110902827479,-19.02518862022697,48.208745500794542,44.496104579954164,-16.894129426313484,-3.5320157923673086,59.291664620598162,74.959130174074019,53.221803022416466,-79.948832849070598,-15.90529797427434,28.957547785865515,82.596388855061392,79.27609212405288,-58.270707329123638,-64.668867393035441,46.128004948950917,0.42167717871930233,-18.817558945660227,-28.009845723877653,-74.692165099573955,-10.534450049004388,19.348847430100587,-84.295852090695661,16.887727299169427,-2.5017741778291871,60.406517215262127,39.445220737966004,-82.13389451052555,-0.75773656868048356,21.23648037634949,71.1445609761588,58.233809628424275,52.333396705971694,-69.063562669670659,78.46518777996728,-84.182038826832965,-53.407214966698959,32.329439904773814,-55.967297657119815,-66.262832897010256,45.067956285916104,39.224705644040107,-68.613267612581097,-61.286217412305291,45.252055370727874,23.620656567235208,70.507316442762544,-84.148182035746501,-23.112414499605592,-7.2800413738605778,-35.885528281848572,-9.0104796658461392,83.725668505658618,36.227929535954033,29.921627429866277,28.788155390686217,-27.971054832787985,-44.27302552928613,37.484197351288174,-28.920867934836711,-29.518238918349397,67.115949876389337,-30.763717769405964,-69.813091087522366,-4.9388750361718419,-57.71258673730128,78.142242951054868,53.251417578259286,76.736607025218959,-82.676826110669168,35.518785085325192,-13.546128077713128,-30.415136352826337,49.080924071156105
4800,-60100,2.0220373699520215,999.99999972939793,192.68654734278226,694.21345227470306,58.748557059784439,196.14225348734496,132.59733053641946,804.13114498903167,317.75939390769543,373.38352564634351,604.88857308262072,375.36001451064294,269.44442607821009,295.17503649428238,624.89391194944176,111.50745566534093,598.88974825581238,693.02019313814242,90.360661081822542,388.85549305559624,839.19477465251623,313.59965184990682,938.18770869141429,563.27030356224964,271.53031577133532,844.9212122831525,975.53590563794148,449.12947235925702,870.98764854489286,697.37524177975547,998.71872614077824,663.63867542996536,754.58700973233965,977.10358563689056,591.39154058793702,834.25695490915734,470.33751766677813,613.91155920835172,491.88962172852695,447.46190298222791,513.08832732207247,478.53164587571302,691.50430961468646,664.14414175087927,375.12064256621602,594.28410323912692,265.08413510708539,197.18522411503434,302.28487097743914,165.48166416551891,501.26851767000983,38.274161632541038,242.662815043119,189.71513983351537,625.50436261329355,617.14643381315989,347.48634463577861,210.91763941154773,54.847691739065681,493.35900184722124,305.34273905118556,448.10925229069966,947.88437403034493,43.059905429299022,389.83713281533551,751.21360356618266,549.12112041027876,910.74597567735793,516.90413466214738,639.33825904322441,149.30603444931177,748.40016345492063,923.26578441247204,535.3542146215791,825.83835718232081,161.78448177583755,279.66843286308318,856.21026729955838,290.37781663575015,769.30437654859497,733.61439192444254,801.70564332943593,419.62609778683805,174.95294472995664,185.90761942014353,789.25527303077752,677.17061433403057,380.42825296323446,756.68674512190512,477.99910921694305,824.42862328171395,419.52113777804556,740.42890374803119,114.95747825224626,386.37887480034692,801.05579397802944,404.91021343296131,710.14209932952974,586.30098281280743,188.49116142619221,44.841484694761135,-27.944846286919049,-31.057191873318608,31.586219987531926,-70.655727231370875,42.162209961243974,-3.2832236041578255,-74.750073406224985,41.47106062766845,19.155895745459695,-62.219482216704044,55.976116032773128,59.944853821693606,-42.32332204410433,18.376745415718037,-50.817496961684377,-9.3010435829554261,-9.3598325555355881,67.865931169776232,-37.854625087357142,-64.864182600042739,-45.817539276831432,7.0128295429269585,-83.447066657978624,-53.290466922932922,28.576157179797939,-75.536200695020256,-62.042368176760881,-20.480000495719892,34.269121891393333,-17.564132816296162,-2.7784397035624031,55.44148572663758,74.976206572863944,53.30751435267338,4.8765652474235068,-19.3130481070793,21.516699094840416,81.132966744823406,82.885046010291333,-59.913610919740933,-64.447022770827985,1.7769324001118321,4.877149121220735,77.552182392278425,-26.952137058707063,-12.441115773128288,-9.7055522046705072,25.39943726854991,-83.065725332297021,16.992591277128405,34.34989636091467,60.387830107935635,35.076806180102196,25.514031392886114,-4.8489591217986314,16.825933658967998,-16.91158122090231,66.727592072124068,58.054188168917094,-78.055607893497523,55.51395336472784,-32.528247489938863,-27.698356911494457,37.713346332352785,47.079060779769975,-7.9142089250602865,41.355189330887043,35.842355580001104,-68.498916627758348,-58.774396693311225,62.696302577499253,23.136650819462105,-22.539544680634712,-84.214342246293128,4.8481504802648043,-8.6319179652365587,-37.016117774450834,19.309056626351541,81.745007562141723,0.95827147548150848,31.61822686422672,76.680618984348428,-36.380591367679102,35.894132369036498,37.478533349742392,-29.153548800043737,-45.180095967128288,65.882727553619375,-28.631785089568702,-77.715118842776803,-1.147584165012951,-57.044027706505254,75.938567658082334,51.27239550825692,84.793714640478825,-73.003917655061272,35.576308927002401,-10.164304377581226,-27.359007953158404,50.361525117453247
8400,-63200,2.0579887606333482,977.84354992432168,213.05833497998168,325.54294205537218,37.712087764189206,196.51201853834698,133.14907230768182,178.44542448286288,14.901228570167689,377.53416581220688,604.83527166380077,352.96504099862403,93.599434123954779,64.032882478673528,605.39450425370319,105.12505458627891,611.0034707651954,488.56753440252612,91.53666254593135,388.98673099099483,846.70742733792895,549.2621406414205,901.19066955662709,207.96999819290423,270.28777149456789,843.87556698010917,81.549607606182462,457.3192212886965,67.368636391018995,199.16103497026563,173.65344769590308,695.49736614462722,784.92106186374474,941.8079917624035,559.24296320449491,816.47147442022151,609.22814412923026,1000,479.55725499522964,630.70047146579338,528.12565925433796,810.84277868071126,676.10910703135323,557.22306622513042,368.91108114033699,597.68023644231448,272.15736931883941,193.02549573298413,334.07186578195456,170.7187930721808,570.30814641086124,74.645624140797679,824.32430396499876,190.54304604614919,657.46859680828584,655.64296792413359,348.220014099276,220.95956631531459,948.99415298553436,459.83016954489887,255.95073608012498,764.46809003421083,10.616646389633331,611.30632548825315,293.7627020882785,881.21761502778304,899.61714594712123,911.74749844846451,519.77813895502902,768.25233245978814,138.42446205307365,748.67243049169599,626.21026642739537,461.37242529972008,828.07566785332006,566.86629299216156,274.4696176435159,799.20571987222274,148.29984665239584,641.99713035531727,588.10527181089424,796.66094307087633,36.777995245196522,270.37200145034603,186.65132729179763,723.29051215810875,667.7011640713913,384.33905198394802,132.59659780843504,480.79955323926407,888.07888384932744,486.36038872375792,740.70803802533374,752.52953266915949,789.55464025286494,795.33896400884203,421.34452678700961,723.74717694187802,562.25608543031308,192.98482898478258,207.01872515590259,-31.401348196620479,-34.868767370635055,-37.631794473816164,-33.85386224882437,49.810829733897961,-74.488694991612334,-70.88220587408837,-4.985037542148568,28.178613809188814,-76.71481536138208,66.255094787898813,8.2721605429794653,-44.075333623882798,17.718309048224299,-49.949374559441658,-0.94220879685662173,-10.29936916276715,64.697516251650427,69.886568205364924,-1.3962202907422636,74.774134863554607,-43.542517147072445,-78.611021949216649,-55.084687146968903,36.703184323677306,-70.086880342951844,-64.717954011287262,41.313711435249502,32.941855320815002,-17.636910049089021,-2.2125862802761187,67.407103661591833,75.091703664432302,-32.444711306490049,-77.154012733884016,-17.163771629502541,28.756550502805837,80.682452176716723,-39.900758739192419,-58.382647123128734,-56.249693128908284,45.963689489628798,4.9923390138567818,-13.334022383251103,-48.972295395975166,-5.1663449609949552,-21.438414331505076,13.822056218284468,-24.949330943608963,16.808609088167319,-6.7077879655662844,60.906738203009553,34.100605595097342,-84.698613863009527,-1.1438200206759053,16.277737566130387,74.753662111055618,55.547834400854043,53.488132350725394,62.739860094639766,60.25628915427135,-37.073649719172344,-52.866740888012465,4.5208183927904537,-58.492695307255872,-70.141991440805242,-28.362929603613431,36.067861909345858,-68.566513309579193,-0.94382641581327098,66.747891453139715,19.079821886882012,67.90170513361943,-84.020792721454782,-1.4198525622332969,-8.2626986571609375,-53.933810018617748,17.380679788453104,81.755812189216726,31.944268260079795,29.897259591599191,81.087341254879703,-0.76698480603276309,-51.703914078667836,40.853431899553456,-35.901722016426767,-29.033641486283077,71.580520967067471,-26.666233060842636,16.928693556257006,-4.3872901873131305,-62.250521174772217,28.808373029270321,49.630294341722241,76.354410864005615,-80.292463943842691,37.531185512366918,-12.957139426929157,29.194362977728154,49.889382637443873
56400,-68500,2.0229870206874421,224.80622298732951,18.529396106911364,698.94194805375719,66.414738924598552,155.19217757422285,134.22828664431151,244.25472695278671,109.30872019479796,372.66459434473876,616.57862214587942,154.94136176034331,162.11727355724776,71.803021279040152,250.02661023638279,314.59875215213236,508.49565587249344,531.4073100376238,495.04710926828164,423.60725309680242,849.38064587304325,328.00299138525838,919.05455261263933,525.01851829085172,262.15338132100771,845.67005091499959,75.096755047881913,434.53349591692825,51.949904788269919,695.26561636277438,128.61279625389599,260.99856299956792,809.05089254643042,928.038339750011,349.8343073278736,833.23006552000379,553.08510416446745,460.16676928404286,993.3132148280672,424.95680657709795,468.58662502356771,522.96596087939508,690.64694964448393,657.21975749093838,342.55902735685243,594.24560488455836,276.82201436016135,168.43083129107549,332.28571527045551,177.62550935846232,61.915945517331409,35.303327846610358,799.77932148674074,203.1178670764495,656.30199403656809,651.39669126515389,351.4352047134625,211.03319820986039,868.42174735349886,521.93759273496175,274.23435696237846,450.03611568620488,36.385768689666548,55.473427841426741,261.73190319607176,794.24358227556468,911.93573389181631,522.68223325085887,488.0653449613738,637.76977399060706,164.29898662588025,831.1177094843016,929.29567288330099,467.90228011726333,825.31908365641368,527.74262961339798,275.23651641436027,802.33227438526194,302.51266074362428,744.5271117657536,621.0586698925415,799.03191327042794,286.05183421851825,189.97727727376142,186.84077818148083,663.94929488086802,683.37634368104034,424.71006676781144,779.66482950810166,454.83441712456869,824.34363629196139,457.43320563011247,724.72273173179894,0.81697400468923664,716.28641757756645,660.04434039017815,408.08809151585569,722.66028770432729,565.95091930499132,193.5111689022381,190.08178258276331,-31.101036074034752,-29.406535201369802,-36.476570889530173,-34.201778593867516,40.477546445801444,22.497753708084716,-74.380024547166514,59.767317025358729,27.528899278948387,-68.739649422036891,66.921134180002753,10.384833708344736,-32.867072474013447,24.505347542358862,-51.660171662226418,-12.307168818403934,-11.147085165158957,67.621884918181024,72.274941884336585,32.020754269185538,68.542402007723254,-41.785474061833803,-84.746789673290806,-55.591211822415517,27.744938385173988,-74.586303758617802,-10.426034080007252,-23.06993486799789,40.562136501943399,-17.584603805803809,-9.076682104332404,-8.1116136330469963,76.973806566624305,50.347087983773591,-72.586452681511105,-18.948850909162257,23.478159454890186,83.762645940398556,80.698792952164055,-62.072804665428102,-64.974439475636814,46.044359966289818,10.054065769930517,-9.419130382739743,-49.002064385770112,-72.973258434889075,-9.0509737186395203,26.73947842521158,-84.386639389465856,14.554773073129526,-3.5008275729383054,61.104511584829609,35.003471389058546,-81.603669883628498,12.957260340233807,20.921710067742616,7.2411751893442045,32.801436903878709,53.795957636794505,43.095809926845369,72.130135734681929,-17.47922240539976,-53.137431472796308,2.7864173189749013,-65.946125923712842,-69.827367966828689,51.939633276604397,-13.607532490202649,-68.598678610925603,1.9885264063841923,64.845944113457847,-43.53428526180047,61.507063700771376,-84.007756897521276,1.2526777458562925,-9.7732920283355078,-37.296539440003045,-4.83809627408883,81.935818850783193,5.7626047188454059,30.258189866110566,81.378880120801952,-2.4034689773635627,-44.246121361251895,39.605320027795408,-39.268270200279723,-24.499728723971309,64.282469566254719,-27.733403099407337,-63.713448555029125,-7.1696570608713577,-60.385716308445353,26.786512549560769,51.303363760423466,-51.307881930475318,-72.253786379103403,37.109358634976836,-49.772920206347891,30.820199341116798,46.730881881501652
5900,-61700,2.0173936005807933,1000,222.80924474896352,347.2447908800749,59.126510448531164,196.81161782331839,158.52765477417447,810.07331906742661,97.016622154394071,469.65373879944491,604.92471765850109,384.79701388255432,281.79104693697769,92.524174256965821,630.22067705057157,110.72462676803917,596.23666101443598,712.22819463632209,75.76524380629435,389.10108760920707,851.3097627300051,361.84010902783581,898.70740073073614,564.11243013354976,262.41053979805992,872.41526128591636,903.41493241429225,452.76732210757297,70.7216240520616,861.99426099774018,984.74944401031701,667.69369022127557,754.6399231520985,976.52763310633713,307.07046684574902,834.29697001362547,516.34024411381802,382.69311407616624,994.33310153356149,449.32712986171083,677.16369436056107,882.19081940887509,691.48184895594147,635.69106725385063,796.91610311707427,598.29826077635869,274.48491553072478,213.87449851144328,307.63279918665921,164.47900860893205,180.01632598630349,4.0974917296797262,780.87202532193999,189.71514087299533,664.82364644784764,645.79868184404631,374.22647041007571,211.01341130529244,772.2796824873983,908.21189708655083,268.16864487199223,814.18467871239,934.89106352091176,184.196472601208,386.69189204766889,798.39903561015103,541.91354401553076,920.29291033501318,532.2740560994821,639.93410400627306,138.42351743297368,748.48616123272689,618.82080135201238,524.49761517948332,813.07755610999106,182.59766818645721,278.7258954555839,819.64464176898298,288.71972034851871,771.53616163647234,111.84217975347222,801.79582389240693,277.02828403248952,60.266848105990505,185.80701490042162,726.16405492268325,678.52684152047107,375.84590530148995,736.18230948819689,453.20970163060105,824.4214955971305,448.35725981915118,724.400530926427,13.475115156250782,394.71900762252091,802.85443463608044,401.92652044880219,724.35828413523427,579.27785079323553,193.20447278367158,194.81018007493023,-29.631922899862271,-33.105535558075957,-43.527724388673143,-33.569931843446483,42.090903636618826,-70.831196984461641,-74.899232663490253,53.626873169620353,23.039976828708649,-61.577260868776108,56.169222489082578,12.051453186746794,-42.380785032479238,18.253628282526218,-6.395962559891025,-2.6763318402873719,-10.896775184106342,60.314961993272227,68.784327724490481,38.265413003672819,-43.492307809688363,6.7296902804155563,-84.629540409863438,-55.126873035460406,29.6584150435488,-73.463846543145848,-66.356319368704447,29.449028453949502,-23.166285622493721,-17.599432105033294,-3.6263933354785629,-7.6236852288229002,76.500230219585404,54.209248708224422,-76.206884568307075,14.726280446458931,21.30144488211668,81.112012398284222,79.54009995480267,-58.377455188130064,60.86179748595022,44.262511300243652,10.086104611052633,73.382711781977079,-28.112769958517031,-75.56460502771867,-21.173883078476059,25.40259176427908,-82.406080279352125,16.965286518124334,3.068658727346484,61.527123728751384,35.047722376010825,26.052338743714159,-2.2564528486428186,16.907166854066595,69.29464258422226,-7.4183195548958167,51.493038691596936,-82.425210850900328,55.342416632804536,-40.703832351093688,-43.891965015232891,37.928317868591435,52.200112059520897,-72.189066940682054,82.324376491208596,36.879040112829387,-68.491131909964096,-60.288184062710997,63.317994519524767,-66.709962031821803,64.272172247623772,-84.05574904165691,5.3465052079617008,-8.7017636435169656,-37.01423201519453,18.409783980438384,81.752750060910245,1.8704574525671869,29.961598997921367,74.003304658776557,3.5184487416854342,-42.9955700024028,37.477846960506348,-29.525278982919623,-43.599373948454343,34.606044014866754,-26.449890688830532,-67.534861618273595,-7.0147270756171025,-54.214608878199627,29.776858392445217,49.657844524460124,85,-78.689926924137609,36.293153172411721,41.141015089690384,-27.379539562751127,-74.231880179720207
700,-36800,2.0213998125552015,1000,194.00727268060729,679.07473974896413,72.907587707591574,160.16174026517714,104.32034115392193,753.16875074216773,89.15106288398789,368.21963624216505,603.72064105296181,367.66612237880543,138.32206190323694,287.07798016664555,321.98184320068526,112.29626429617186,526.83754147886998,488.38499211264957,92.07445330976158,390.89222311285539,857.38515954550235,320.17026168210907,872.6957622993416,564.01990317460127,267.66470232479554,843.24321501838654,599.17769152958306,454.94669471244123,843.6846095923388,864.58600039624628,972.85103746508344,707.27430546886319,121.16610573389593,866.19085066709431,302.47685675041538,811.9750055363628,545.6975374414734,884.36765597229339,416.30593525113073,429.96579094300802,544.68458231364002,803.77534707627387,303.00178441659756,663.6708655098189,385.27395665413519,598.46424327896602,260.04547137185483,213.16425207499023,111.41565316763683,165.2124106642996,573.82283721207682,50.088365483261867,238.21657765002089,196.27252004141613,625.8325555257627,873.64841610683641,348.94409835935096,184.00310301708501,884.52868073083869,877.65036386804206,269.33915508506533,787.24343874798092,94.535234685744172,54.436226348075444,464.47465059858303,792.63016374948575,883.04195053513934,954.14803139364574,543.97839941070629,623.20911676529647,137.75052328526067,748.81618386561593,643.5151396886813,453.91441650958677,814.05207785385244,139.08810633636216,311.02180876421562,805.13396236875337,320.56583531999246,756.60076700716957,557.270371713435,799.18296973464351,44.267697009450345,266.05759642157915,183.57096233400529,725.40082249124703,677.0402457786073,373.85951900248875,808.56145004995426,456.76425773023249,826.28039959139835,483.52452042128272,722.10291008441538,9.2689364618962529,396.51836085618822,809.28938122358682,65.889917468796511,829.57231554467694,587.39921609226326,199.12373218335637,66.142833079459805,-17.144316336581181,-30.258411428117611,-42.570921834570406,-33.831317209767384,41.985147270690625,8.665327431265446,20.456819474167375,52.886045055629054,32.086054677357751,-76.679874100517608,62.148242582722752,14.955295265861235,-42.554345073183043,21.670963246296061,-48.646935121275455,-54.911921545370731,-12.321353864905596,67.86324008958708,-25.748717076896231,-65.506512190335499,-45.465248681383201,10.901148070232111,-84.730208220760019,-54.282196779952066,28.88122743495132,-70.193475255591395,-62.382924488175107,-24.678165169013933,44.994173390627083,-8.7209922933570514,-2.4813363018407912,-4.3867581175462753,76.532802406829163,49.69057244653289,-82.383796810201687,-10.388454528684322,28.817560180297836,80.710111025288427,78.069989561531045,-58.509630767743801,-64.037093344183205,52.56101587120213,4.6691306377065924,85,-28.541760595433935,-67.580031013940825,-11.944746041581336,73.25245925678189,-81.69692952638475,17.138767781934952,27.890728902965066,61.681828504200638,35.050045594435559,27.378334307604408,15.324071742555919,16.762741302495741,79.405761762743452,31.403844358946447,51.566215440247475,-70.525289476873851,-15.895310122434536,-82.479373454439084,-44.288193563852467,35.357331237089049,57.957391875880511,-72.088474490349483,-14.396953338029265,32.835525596270031,-68.577618190092863,-56.728853648041117,64.559747019759072,25.177004141504973,73.270212348830739,-84.125789892629243,5.4900311352204181,-9.9817154252318048,-35.499129393410016,16.967309292714678,81.863487794959042,-4.1313863202475645,29.011022607619434,82.253733824873677,-1.8456669232547505,-49.967225615735025,37.404601841164528,-30.15099796685455,-26.018495643592871,65.162410702786133,-24.779916396757486,-74.746004709486598,-4.1031462752860044,-65.028306946325571,30.909833395012221,49.510800763715139,83.883247833355242,-78.832407685659447,36.047750556342145,-22.326491362904584,-29.975481543835077,47.672880155458017
1700,-47600,2.0225703877565802,1000,180.74165485401295,296.57293316125327,74.095186866982175,141.76816746641452,156.90552421264843,756.99181809840684,373.32126148006455,375.47922359930925,602.7742119100858,371.10436496473113,95.154639398373561,321.28496881215369,647.75164385499636,115.91449203242577,490.66165500481037,511.86232229124403,91.015355446702145,387.65282010053573,804.18680815416076,331.89852608684339,909.51553290932043,565.567461537687,269.43823865752205,845.32669392034893,76.002049394131674,454.14173555498792,848.7856425643381,853.77084141784405,968.95105365805716,264.7390847362588,700.48829525196118,804.63275170182703,294.09523842260677,812.20766930479931,924.33385788674013,865.88684620646598,938.41596135954705,410.98148235788904,464.11008121990795,873.63124878911663,700.38481799799706,423.56858712132629,387.46555167293906,597.1412865273586,270.80264234725166,231.05090537589192,118.73748908070225,180.2949917208843,541.70731887023635,68.62111047627117,247.46945842052105,191.25224696093201,655.74321629103895,632.45166191727844,349.36724139820831,206.97538042958666,49.675392924207756,906.27875187396671,268.35390934936788,387.89503603943479,30.636412834174962,56.748689380386217,461.69179295680289,842.1393023486487,911.62698804077831,861.3448539393728,484.4359178250761,635.07250465268328,140.25406518496123,748.15879066349282,626.25166346441051,447.0465838864082,826.43637103400329,515.7105725474521,280.7849555125224,802.22648525900843,671.70436958945129,739.25342644253897,710.29594951509068,798.74744521150456,46.701282327143772,172.02763905341428,185.04674367883752,740.8091795516824,667.47353282768745,424.92322421758479,726.21879627794033,457.26512858038114,856.55605801063905,475.20164790176466,719.74160855812988,21.985780930263953,790.82894187472561,681.30779039513538,457.89958286708418,722.39694013418148,588.13310600760167,175.61564947883809,50.107792112026445,-21.979348321843798,-29.500273461867813,-40.520783181405854,-34.070912741344351,49.54553933896883,-66.787394168501521,-75.203165214950488,52.529050783209613,32.192621229107885,-77.888711320325825,59.53199968431398,7.0425278813798755,-43.814641153409987,21.338375807273721,-50.15100193672567,-69.712681869607351,29.160250763752789,67.816369958668375,75.324420803162781,31.722233501614674,73.310632294348423,15.164889814046816,-81.58680620529779,-26.775456520878144,28.845180708103619,-69.699846262280047,-19.234668180267747,42.969049338027745,30.621283232024965,-17.078302294812577,-3.811100016027285,64.69275544317729,75.117949187610762,58.732580617517314,-79.747227380134049,-16.557296660282567,28.985141600738622,81.161138364813866,85,-58.22656027094294,-77.557085937391562,46.283282662137829,5.0802557585518464,-18.747406253583595,-25.68210116866705,-74.393352574546967,-10.571305850208889,26.978176660425053,-11.257381377784249,17.138607285992254,-2.0523621912223273,60.667926466619299,34.822009773310789,-80.213898598413479,16.659930560266083,21.538323330460258,76.455628592886882,58.157547203384759,53.442021586095379,-71.15796532350781,62.319400127212873,-81.63691469652386,-46.346119702110641,-35.233735825849834,-68.168375209904227,-74.895202852937771,64.456946092621791,39.344752248657649,-68.566357272585819,-60.750295674013401,47.251009130114383,23.3500871356378,70.815280814399017,-81.913018193801534,5.1464615590902572,-7.3092590179965926,-35.85552698860625,-11.025736228140973,80.232012785364034,35.788397842439771,30.423019655168339,28.175087862105041,2.1591704602926498,64.507869652008637,37.44156530319696,-28.948793703622815,-27.81841382788901,39.523097193685643,-33.251439904233081,-69.477220925565959,-6.726771838526636,-63.253404134813046,82.940255891787075,49.389579241110191,83.52694854620654,-80.383555330047599,36.825435709685351,-9.9271327421049875,-25.645421380568358,49.594774792530259
17200,-64200,2.0230330265215506,923.26116134163692,10.291001314593107,352.19341528850555,56.946502150285504,218.71264757013469,134.05291603638281,773.72731610993105,337.08784359346123,485.47111941786909,604.32742245254201,352.31102330286427,95.351459385923249,351.00344801502047,69.857771508427362,79.981350392184737,529.52744454049332,533.23793415132945,90.897882945038305,388.89071356037022,811.5280150821045,542.04364132539013,922.6720381043699,568.56739926739249,265.33781319732742,871.62724867372197,98.606142939048809,465.27190224737325,703.16726266509443,753.91178425271039,161.15501148282226,232.5203726058208,252.71140954505682,919.81369334110718,341.96830494118251,834.41684443800898,600.36377125420677,466.82935343150717,958.68891093111733,423.84636540750358,460.08073744363531,824.43697169890447,279.64439317927304,657.84482459709147,375.97274837882941,598.20681410377881,272.16467673480457,179.31899292846586,101.84947333866278,883.29575622781522,549.83862628415159,51.589109271224075,828.98544816754372,189.09072195256351,658.0285881726146,624.95492481971576,349.6031868550071,210.95187533688878,935.43999222942466,438.22258347814153,270.33692887542475,767.33533264346613,872.26654369366497,572.8752462427891,303.30962381230097,83.935160016065311,896.72800903036273,942.65501178110594,529.67195638105693,641.82633037899245,140.62764416855526,748.29668901727098,938.31188255653126,459.30974111971068,815.09548555114247,191.98586313614118,274.63689656115491,797.3720021529831,291.97461783321052,765.89757550550473,82.522255166831627,796.88618883861409,349.15801899791347,175.51971978309948,155.78210659704396,739.87261916254158,671.35160386193752,374.43579712699972,718.91395845134412,480.66286848344691,821.72925635622357,484.06727293874178,721.87704016104317,13.059476427193596,788.9892419822072,790.83959107370094,420.21062408414639,724.94829854631826,579.33098167494393,194.31283330805459,44.604773418614769,-31.322212627978097,-37.431746684838664,16.970428925092172,-33.863839694593942,50.6077270213896,5.2195089335367229,-73.633476613463017,54.393278331320637,30.588237165578082,-61.309648113626857,49.316582823381118,13.212535012905327,-43.07369127285552,17.398177955615772,-50.058547755701113,3.9245752029703715,-10.536494035757185,64.720213012355941,-27.436955466306458,-3.557578086771187,74.309640316961335,-44.578084047025762,-84.677471711674812,-23.807907896928882,25.479784722963643,-83.218977189153151,-64.254067321694762,-38.832946844177847,-49.442789553462688,-17.517480059307911,-2.809923780731423,67.286056778007264,77.134716605524019,-26.086973148990449,-17.976521466704632,-20.247045723363485,28.729278260271741,80.80680540628137,71.913528311180173,-62.38898972017747,74.707788980018023,46.107678350847188,9.2437720035237163,-16.403259941724279,-25.818045106204853,-15.787199279236305,-8.931321618268667,23.359407983904095,-82.988319691022355,16.381698357492358,3.4735042584118556,58.39802455934133,34.039918154824733,5.0321132404717872,-2.8434986521341434,16.216167780837392,-26.366748533865934,-9.1012050917381302,52.37215096391855,-81.995483610900152,62.495833397534732,-81.09187415684174,-53.217105958178315,33.054494489169251,-76.40949054174007,-70.476720724048533,47.724850274586778,-10.072544342158679,-68.617105694713601,3.3228811668654856,65.317477175329799,26.17628258114409,72.79924949980925,-82.81169603510844,5.0322592712318386,-9.4158722311398027,-53.697446857427209,-10.638729558674722,72.21338409336316,-1.0170610774831026,31.731593943043173,46.809622988493167,-1.2180974052829041,-45.169036839699871,37.428262314100834,-38.581007851547866,-27.070715532511546,31.285226169464529,-26.857174846720635,-77.68408459703322,-3.2830736844725976,-61.967328288594025,29.794203315355919,49.856536619388976,73.71600044224337,-80.51578150263299,37.105188235458129,-14.176081215900956,27.8871830948789,-75.424675796300448
42500,-66700,2.0225650630346861,465.89191598885589,27.932961823900886,329.70528982793826,74.014624328315833,255.69226119422137,156.86456419142624,759.52917646758328,22.806597273911152,373.06265779785076,602.77602463724031,147.6624819501622,314.50979405608052,51.867736694709315,324.01235717072922,117.10959243538021,490.13375214811208,512.04679103970284,84.551541190943794,387.64719054454338,826.06159327516139,550.29700911433281,910.07231950479672,566.22773190842258,269.44184193325435,845.00414577484287,85.231595163027464,453.58047743205452,848.89025426440412,853.20883026488536,97.881288638268359,677.13742715886622,21.713462768513352,996.38053045279651,294.5383126922323,812.32748895322254,514.75954303418735,868.17358400422427,480.12766934284497,419.17553516412181,462.65198266537169,875.0076548668959,699.56976974846395,423.53175564898913,372.93339172914011,597.14125203195022,270.51709941881239,185.23584030456968,110.34321961299429,180.26823124767563,63.426290387725686,69.257137137579548,800.76467579761834,189.00883157467166,631.41130058758949,636.92499076942329,349.34858893897274,207.03734019066005,51.676832036824123,511.1010525331447,268.16587478541351,389.50044267520553,692.04338036402919,188.08894690044343,461.50607541016302,823.63946049139406,909.93929304229675,860.71267899065458,531.63493211589093,634.86859645820107,76.842739986934674,746.61770740412874,638.83390796183346,446.22127431838214,828.38940569856857,174.19741249292468,277.93599040565584,802.23420331388263,660.04767897500938,739.26067451482572,111.83913401805025,798.78704820865903,24.3306693562823,171.88383430908982,184.94792463424093,755.44925544538091,681.99834041646807,388.80425234697401,725.84651793680973,482.6673976589916,856.20692209762842,486.89631988689513,722.48138214316896,4.2807764464043521,761.484542314549,802.08585096591673,457.90404660031629,711.8341461599266,587.87738000705735,175.7694648712058,50.132091199879284,-31.163737965517733,-38.238330440191838,22.637593291449722,-34.088105983773737,49.689872212624046,-67.384039646465823,-74.027498449149292,53.038858366408277,-28.342245589524865,-66.118219023673902,59.975174484943402,8.2584854750625674,-43.813957496725564,21.605409730333129,-49.573693026866096,-0.65919798814541386,-10.815788769256441,67.816962542914311,73.651902354381107,33.044740445881999,74.470713186326961,15.096849354352837,-81.139248323860755,-54.863679636144163,28.845866318741823,-69.87940273090355,-23.444183347992837,43.946823547385812,-51.234762515879765,-17.07326425772257,-3.8105390290207182,64.803914260383905,75.122057321598177,58.761803537361587,-81.507374721671752,-16.571502276635016,21.962372315516731,80.608742090521744,-40.31045135911473,-58.242618266786259,-77.578959376222954,46.334365030104131,5.0235173989856925,-18.114267173768766,-25.699572958532094,-79.645244373402619,-1.0805277078315632,26.982265521213222,-9.5063909573565386,17.019563347193962,-3.5371785132805367,60.656010504545648,34.864326982784775,-79.980542202858587,16.811537329009941,15.820175479507839,76.66704288140518,56.280912812515879,53.438002620690732,63.053436633551335,62.126617821106159,-11.920743361287004,-46.190959009937366,-33.048891088345087,-66.273023833451191,-75.219791066134633,62.786134257164917,39.438658393924271,-68.564128667184733,-61.224639810151771,47.28544012384824,27.012884914304578,57.767352918489642,-83.985201859704929,-15.919380160692016,-9.6316519674307859,-35.33956521163946,18.441434852743516,80.189625287289047,5.8459911964308429,31.520495532730507,85,2.1584814105101748,51.402468436970643,40.881264386884759,-29.130613862256421,-27.751433580917173,38.958877949844386,-33.191370379830943,-77.30227462776665,-6.720686544845357,-62.167768952246689,26.23445195078563,48.754898485609516,83.480526104882671,-80.224257477685583,36.831393159398267,-9.9347320862148543,28.586947297536817,-68.805729275371419
12100,-63400,2.0222200061802127,1000,23.878638923300656,304.596475055734,65.823466637484671,816.60448656948847,107.93293646103575,755.00529065259889,103.97898637591187,374.14517584485975,602.51583478653492,376.69511459773992,281.18627324419884,323.51136491105365,264.96619233257337,109.36396771003628,508.84892310033518,535.40745761115784,91.057340951021104,389.25082568582951,500.81709484896987,545.47135578071766,909.17915887307333,565.64458210119483,266.68597050169751,872.19250414645035,85.244226174190302,79.711853658158475,826.06844793344408,694.89297961160128,998.68088057049476,258.10451493453661,693.51446018023182,803.17130214947656,284.97032599919874,816.62144686455099,939.9179240119571,915.55635327204038,936.6035034440356,410.97762467460973,509.21593488456847,811.55849419931371,219.24052093153685,629.76023369132179,389.27226427500727,597.11369407874099,274.70658248497375,231.18646225177523,333.14734443301592,170.4913850109503,527.25293764215724,45.078600346673923,673.15692016415153,198.44331248865089,627.66362556717957,870.29707506670968,350.6367445865182,210.29615037034182,905.15231851795477,891.32349110817552,274.94783187438594,772.0946487910212,3.2733059858416595,53.060913793386803,677.51640696860022,28.314455669146071,822.77479423654654,913.02389219068573,486.7673461308886,650.47367839624735,138.23129089498281,735.38986371153544,910.42533015045058,543.2597218338102,826.6225363316513,553.19283721368993,13.833706065611636,799.10722994360458,290.1097796444451,642.14182104355359,80.091822570127206,801.75921649619386,43.294495720350092,42.675612543603748,189.10922089507017,740.31305791660793,667.91138327656347,425.19900848390125,118.91724890504037,457.22760793526123,826.22882687834965,484.9831337939529,780.71852615728642,16.398886032039798,792.19453668260371,665.33154969404995,447.22876596991603,723.62297350196866,580.07102474594376,192.89151204854352,49.81963964726021,-31.157610597971395,-38.99575883924139,-33.747018558178119,-34.084213099649865,42.190565801681323,-67.104136048269353,19.047455604840014,-19.239411294071179,27.315255925593398,-78.048605766314012,-49.409442071071915,64.862100891419615,-43.909039903630735,21.635568023337875,-3.1650417998719718,-69.633466993851385,31.914040960689277,64.763204411522324,-38.578476892467265,34.031340067383169,25.661708891200881,12.782580238548505,-81.61899500279678,-26.555140178327786,29.06340072631647,-80.099742500491018,43.274990247748363,29.615133178836693,-61.261652421753148,-16.337091866770415,-2.2710423459131497,59.327356602676502,76.6239497165665,55.018999226481078,-80.079777800423173,17.419550547975845,28.240243639818157,80.748916377484193,82.123192032019773,-60.961235758104749,54.838943006145072,44.245138827213935,5.196250850656245,-17.900062478245996,-27.016531397395088,-77.957944944775733,-10.69386882626632,26.711883692517123,-15.576380770990575,17.135300583091734,-6.6289728864079329,60.916631874982748,34.99727404931285,16.574398056292086,-0.51894823395164646,21.460092568812961,75.632615266409772,57.362092670979109,52.399122578897035,-77.367088827796792,60.554867152519911,-36.767715319124598,-49.665861445692087,39.184010875214966,-82.070009454527181,-66.492293986598852,44.788989833371993,41.391701813725803,-68.620039828488956,-1.1436929416604771,46.848956305337104,25.908164784669285,-25.769467001584616,-81.997382154841191,5.1950257324362745,-7.3451901206252774,-37.810714970610235,-1.3617204789859731,81.21112753157027,34.539086440985415,29.985788702823896,28.300368546554818,-2.9642387480820389,-46.029954979003556,39.614624136964849,-36.198469004654903,-44.417409667623666,67.115792973757962,-30.667282443240477,-69.900245618972235,-4.3034294255773258,-69.702191158695811,33.264353445234576,51.294282270865381,85,-82.449947571644799,37.002500536387977,39.431110348170883,-24.42389361451243,38.546129630993356
49400,-67800,2.0220197106573496,360.78196124546093,6.9604217235968076,324.44736017131271,66.534325195605959,152.70422761385879,134.42969523136071,754.85769267719729,131.5128795920956,374.36793749717293,602.9363091168866,158.54217320055957,283.84067557906974,325.86172141542556,265.12307019289744,80.753287316077376,609.68402889208471,707.68775573216863,474.10924357778003,388.89009920175459,849.56285878553672,311.56284566448187,909.20360303659083,563.59821892601622,266.57900963272749,844.12652028705031,64.729455060396219,428.6283864378417,31.405900896031213,698.21195952905725,956.80380411781766,222.62601679698435,781.53418489169405,940.3554672236819,295.58381708575155,832.78468225668018,530.88002074937299,460.31198174881501,354.38211432767935,411.39956665738418,532.53632783537842,818.03341489900208,689.6378833843529,658.48923127366083,370.50296042721072,593.71314220788486,272.48043935800428,193.26765913197551,343.51969901927703,170.6345751216426,77.279428471401815,43.598746829431882,826.77423356728127,188.65367031207907,657.28045752688843,630.68871991490698,359.6701715826826,233.46814726215615,848.67109026715707,894.97944544366158,274.13156819297876,769.65280343258644,84.459439473149217,10.421077596503858,419.74352048916239,793.20024542699707,897.76058459148157,517.368939664045,486.73295326755584,648.44972418563066,139.50014004271529,748.48805782555678,932.43435215691795,514.76874026583698,821.145039912122,187.39979014021711,271.57589024958787,799.77257209345828,307.92552239456779,739.60000783328724,630.84148798036892,799.1447281539879,40.741495328788538,168.93870580256819,187.46214658790967,735.09667678868868,632.29895053183736,372.7292827504524,91.060192372021561,480.78232681908082,820.8729926686716,485.9292504733387,721.26198418894603,3.6135486822492027,751.43083114795866,643.94799616575665,432.9378666233049,724.44006254725571,578.81284832111862,193.80906509274794,194.40100381873918,-31.408443115739587,-29.068732803562146,-33.76449254582819,-34.216364799525607,49.632663706693577,-64.334742091686067,-74.488961084065949,-9.3565841328138326,45.860027862388002,-68.837623383083411,66.687467128821353,8.9262042316330774,-43.000568431034026,19.700322394497821,-51.673396695390636,-1.1895706253902669,-12.394760368642963,67.444742362879722,-54.922165581891846,33.961752118460112,60.471896216907865,-42.499725068945231,-84.927579347488503,-54.359873777113947,30.581855915994119,-74.634722284070904,-65.278822081667499,-31.596603394897816,-49.80900051429478,-8.4757558124645076,-2.1531039826939518,63.486705039588223,74.954557802142006,53.249257122368284,-77.291737910303169,-17.203076421843356,20.341645783370794,83.441736119794726,-48.527826154060897,-58.313745048896891,-74.620176541523989,44.559177930453991,4.9909334750907375,-7.9697919428488424,-24.61502634522466,-75.912399323435125,56.195438107253089,13.827105503689463,-15.55067184088035,17.13448871111785,-5.6201867992332843,60.410908811459159,35.030594309584423,17.413803532363332,-1.1299250491580857,16.867230880186685,75.038533411013788,54.320345245224672,53.409180883411437,-73.787401371305506,59.188336929388633,-15.545397897724804,-53.129302536402164,5.2249324230661145,-54.053174227723424,-66.863267397817594,73.52671896740469,-15.222720642474371,-68.585276477613021,-4.805748064458049,-8.1020795413460718,-46.144481512303287,11.282955632035655,-84.00185228860056,-17.868593796007708,-9.7248882216268235,-36.775432853840783,-7.3111889549520068,74.015382677401163,6.5238164608371649,30.204782177006781,75.039028252005778,-2.11785216402984,-44.116271936927284,39.615633793152647,-36.33353368287527,-26.133601173112901,65.583306485233066,-31.953399301117773,-74.671769857247753,-7.0684451103569339,-61.533187925923194,29.713318313335893,53.01027854992553,78.690258372307412,-73.294332111209187,37.110262416428995,-12.405023904066356,30.826023165539088,16.125981316676345
40300,-66500,2.0201230549666493,519.76637659537096,4.2698701077113981,693.79367930910325,71.766193207826618,166.47482015686546,103.78387469999336,922.90669993536198,332.64986163309476,375.74468371774333,602.97052803744157,162.25739539497391,290.96023582693988,320.06568469945887,612.80416742321461,104.00406572963728,592.37213565480886,533.79670872174836,79.689180178379786,396.53352284717141,854.24815828582371,527.76333177577703,909.10408351470653,565.74512902268691,266.49419295430187,845.6953376298444,146.34633931541646,80.744163134641724,9.0602751538298207,847.40989201453954,982.25428848869262,699.02589071106036,180.26424913096474,416.10548714851706,758.63328042874514,812.79245735007407,478.67941470408238,878.09155762104001,336.13504522800281,421.379471625051,506.27436587399939,510.7080435305374,685.83147923213426,610.44119524266353,780.96424466575218,593.26022614925444,389.35233814355462,209.11319587417657,300.75916514401018,170.35157260416085,574.68484371071622,29.001011655230645,706.61228847950701,196.73772765306819,621.78476263486527,835.70940285564757,375.28102615939304,212.07478752352114,924.04788642450751,875.06126703193718,296.18434489967035,456.53409657679811,916.88429786090308,179.30170647708877,410.94990988034897,791.86911498228642,871.4103392461642,955.63082211055871,534.05889606016683,647.97801991314509,138.51157333002828,743.657913071238,947.79708909880105,433.00812843889037,828.57360369760056,168.74881384804723,294.98907014354643,820.5142357285157,139.18301287153724,652.20202862610824,590.1422608596846,798.96648530992593,314.28142946181191,760.56532251293595,220.93247113364899,742.35462792931071,676.98691072501038,376.77345575410993,771.90636569092794,481.1558812163974,821.61672581164112,442.36227307493857,720.40533739350849,25.027102487023193,755.03554840699337,659.40181626290496,380.26171805742581,721.03074819108565,580.25936309094777,194.0972933007877,193.24113299191168,-30.863631447697188,-29.598279969298634,-35.384161230024887,-34.9028110886291,49.784539840276679,-68.717977718740087,-72.065685446620734,57.444780302389233,30.534443042807812,-60.541000116061426,47.318314840097365,15.493387405788749,-43.765516602150051,19.113812319190146,-51.500675995970745,-60.154653550869156,-9.4505696226190032,67.417978287244495,66.644258612729246,33.970337687999795,62.009591417623874,-42.677812516305615,-82.518846212003481,-53.065515103055219,36.81035625137401,-74.628421937139265,-24.840879240247066,40.642508764727005,37.162321899131612,-17.609231150272215,-3.4216126778974818,60.405582551266058,74.923653073693728,50.902447311479577,-78.717504555073802,-12.344593342749103,-8.7808257176337747,80.8244222602397,-53.568062660280425,-60.441193064908816,-55.084103903967957,-11.654505317705578,11.754863626025887,77.910471322195733,-25.741376815475409,-76.05156988942997,-11.915479737485425,23.842239014091479,-15.898570787897187,17.016726450351875,22.882681292163813,60.749893388661185,33.888113411771734,22.337778714895691,15.781471152582245,20.752193016494676,74.983694493568393,62.166530012799086,53.653967240961755,-69.959416264900696,58.279961601139085,-80.609159047426118,-49.675286740142994,3.6034677073309407,-55.306277496010324,-68.422728039922191,43.799775469958519,41.142017286357209,-68.61184345312779,-1.7416831773853958,58.415529688998681,28.489805124512699,-27.647491398233598,-84.012406026902212,-1.5452514946863385,-9.67297657956248,-34.740951499762922,17.126289485710636,82.001921739338087,-4.7902074870092992,29.848518165646716,73.209621649526511,-3.753050102692757,-49.905721499920631,39.500957498873746,-28.417775246701648,-27.27401797590775,67.069705344028407,-31.137703312319989,-71.172600956740396,-7.2090147303595673,-61.479757214472251,28.855569076580945,48.866294079797527,78.801705452825772,-72.807293197220318,33.336595943563033,-5.4230575546222965,30.167135778252046,45.518694467011613
65900,-69500,2.0525953084678625,65.551069380701534,7.0066730541960078,326.53700839350279,66.994374189823006,154.97819040253452,135.20939556043751,212.53631761105623,109.0960454184828,374.7718913686839,616.39055410779781,363.84047916574565,143.68233002875203,125.89762264883487,243.23054946061055,73.521881234930959,591.68751028611052,521.34692519878479,446.04894516745679,389.19374401692846,854.25799948873532,531.75199193323795,870.73712124708049,562.25826942735625,267.55578904092846,845.67894483619193,99.83121928597933,469.03681754024183,32.118020546769827,849.21953645907342,913.59188638179853,261.01900725121527,777.65304181065835,940.58373448100667,601.96168548622575,819.65385564028156,579.88039093193163,897.8775846371766,997.62589553972623,411.55089332083469,453.36717670589144,825.84230889271498,692.64835010948138,637.32906030859431,370.72280703298878,594.15995377717263,277.38772741389965,100.84031951793764,346.36487466600261,170.97142078832576,597.66597841562134,38.4810235301563,201.1845538054107,192.77649530760698,665.23271364888558,818.82673638508732,345.93488096587691,232.9502163777851,886.8869668232627,898.33492942751286,264.40964273450129,374.0848669327583,34.061313663008661,31.517407146776392,384.82454180189154,864.1797763339456,832.48576319574533,525.11427389210746,542.25849267393176,636.50406873371719,138.34421821873687,727.79279934285023,565.28323230159867,490.36924263961606,787.19585039924732,574.97351634219217,42.27650946789322,802.52414174786179,320.28886854839237,654.02507182833756,610.34998440760853,799.73366136525101,308.20910038050016,290.77769229335411,183.82886037421227,734.34501875346757,638.22998502573466,375.00764193981013,112.61397775457311,456.68094744576661,824.9722514835064,155.83421671272288,741.29527289349016,0.96598824306623332,760.09333400900368,812.9789047157974,410.18225216647772,722.28104724750051,588.94884595124302,194.3334778242513,57.122394359109457,-31.405459061383592,-25.748320032557025,29.968922411174894,-34.410676377459261,42.102099229678714,-64.832021479792147,-73.292877075301035,-10.644663114547068,28.306799929393847,-59.83748952743683,38.61600204437935,10.335577573059393,-44.022707301119496,21.721180267335793,-49.535473540637504,-1.0176678132530572,-12.6513729275102,64.713208599784807,62.063814131265858,37.479891582786145,62.3654668262825,-42.52335558774751,46.577220076028624,-52.531953175921416,30.630458008886396,-74.618016401805932,-70.343116333243657,39.478207423694229,-48.75818833002036,-8.2349293694023622,-2.7950990616265994,60.791542968112587,74.953776186112847,53.202065416635854,-59.343917996573033,-12.850607500873043,23.538923708736792,80.424302752670641,-48.561618683275029,-58.825121861305909,-63.848783463824837,44.440609390513835,5.7945098477378547,-7.2619498416740056,-25.000761561379115,-56.472961677320882,56.108657638987516,23.347245874712925,-71.229713426352021,19.770847339315246,-5.7511062558006563,60.424672050944928,34.978086857811071,20.274550513476601,-3.3343188198566374,16.569482879300097,80.997513837536431,29.661832746139339,53.061533648668018,-79.428352945528175,-23.370387795439477,-11.574425298195642,-49.279490333463691,42.611518234316229,-80.572532765564446,-67.817270033765496,43.156576413810605,-13.651693456564582,-68.585235566935324,-4.4401972812144557,49.458200007879462,18.372674852770203,76.035931241996522,-84.214880466725972,-17.108944575478645,-9.8097966909541991,-34.285813650300256,17.839735139186111,73.975776677050874,-4.0320437886526763,30.157069919221087,81.013573251910756,-2.2072548313466287,-47.007393797307792,37.633282748198774,-36.69498425927938,-26.117750713598973,65.032311895301504,-51.457978243353786,-70.3075129423503,-7.137285607374511,-57.742151650133664,23.664083186964483,48.822322296303248,78.569778182320974,-80.653932636336776,36.045706123010568,-12.449742414776088,26.283740271058086,16.474842577618023
26600,-64800,2.0566052174531042,656.87559306644584,202.65095826775442,326.72893784544499,67.045130659638872,154.88596036485941,135.2076248892358,855.83649978936842,90.718606645543204,376.26939522526851,616.53411386159678,367.47076473781624,141.33465770276209,103.50924734330141,240.0540738247411,73.159034107883954,591.17562775695524,483.16126602040669,434.62029174351562,390.87814158283436,802.87797998510928,531.75463181232737,870.73808193624222,564.32946224169109,262.93633504941567,843.8978807629104,101.52499988492303,469.03244868348912,52.405534432338918,849.47614989711974,210.24982159345592,267.40669161874177,180.9186409217852,851.86048168763602,805.68132837589269,819.65412856433682,581.19721807578117,897.84179744012397,462.01949800399643,411.04599174790974,452.82909233325148,889.16611432174284,297.25757196350446,637.40978797163621,370.60727450916016,593.39139491538344,277.38591778401087,103.95612751896599,307.75044602018579,171.0735190098292,597.73108178578946,38.482875852944218,201.09974028323737,192.78866768806253,624.75261223330438,652.32414554864999,345.87104059477707,220.9911519233776,918.80672467416309,460.51781900317428,264.40858913720848,384.28883759031282,971.76639800705243,187.80476948357796,384.75546122955808,864.9985777276321,890.61040868125872,506.97553513381615,543.19803125665976,635.38140675577813,155.72939454599066,727.89139205606659,640.67448955582859,455.44126500200105,787.21191729066891,616.12172357109478,26.250741916871164,802.60007130471399,320.28627064007901,653.9753133662515,595.95761477407405,799.73367190284353,22.272349387611001,290.92691990720454,183.83951696458331,734.34664984024903,638.45502043659053,375.00770263118062,746.87118802181897,456.67422938781232,825.27247551153289,474.34992072859166,741.3127684654886,9.1977764495311725,764.82875189237677,813.06853088034245,414.67773914523139,828.23650714616986,561.05687491115611,194.32162981647346,66.883073374503297,-31.44028725675248,-35.569387374121476,32.887845011475875,-34.441070732557712,42.37350223716038,-67.783047025886205,-73.801167834156232,56.693677807523578,27.791143331731895,-76.70263321790128,38.739150814860217,10.333373491394299,-43.033573523348089,21.717807821407778,-49.536792152723194,-1.0163109804269355,-12.755639001685841,64.708908716939916,61.564021861702301,39.111512385636992,62.136304499173164,-42.564036758921205,42.835311831723189,-52.531197368857818,30.707560022913476,-74.647313950967657,-70.358598338793144,40.073536525035387,-47.267845624556898,-15.864487086648234,-2.8113927611582366,60.793809034341955,74.961305477046906,50.798526324066408,-79.38400433318013,-12.848991074786221,23.544265889032648,80.386480208413332,80.5434736099742,-61.660792701787621,-63.975111797505669,44.422923976309377,12.112448778030187,-13.639225248164191,-26.010946527235042,-55.715518792357202,-20.455611929687976,23.504356080336638,-82.993283962389327,19.650574983812785,-5.7960345860713431,60.415317839182443,33.934743618932394,-77.338296009363972,-3.299771583832745,20.733712877666271,81.017962994840886,29.664682503933356,53.055718719859783,-82.880345070413952,-24.376895014049076,-76.603141372642312,-49.28113800806014,4.05156107185568,-83.784066797611118,-68.438173367251821,39.85983885878386,-13.661059362624719,-68.585314129905129,-2.4244928295062635,49.480363122622528,25.598999368033702,76.517557422434152,-84.214792012413369,-1.6629299131527135,-9.8098174053097633,-34.286068228640481,17.85105101927029,83.472135783628318,-4.1147041681660044,26.937383856515989,81.012829501889414,-2.2103877451727731,-49.527272936239171,37.409192400739677,-36.659011587147859,-26.118283776946161,64.933610288200995,-51.311782557912522,-71.156181821206232,-4.3630125781563933,-57.705499234752381,29.596524757537559,48.822369463033652,76.492153304849566,-80.653924939751917,36.046939874346648,-12.453101232272752,26.218547668309782,8.9283985579214331
1500,-45300,2.0180210880796423,999.99949171156277,180.35280821210713,679.26360790415652,74.066031519691549,142.74141856338341,156.70672886556309,798.3360182762882,328.97087069534263,464.32738868107538,602.67824479302249,380.22370436690312,250.82706923206408,326.84804530801762,691.08174165900084,103.71609361335389,527.17716766285116,513.81010358441995,92.370078255240557,388.84831519175128,493.4714564298863,517.25853551878458,909.43432510209175,554.63921322634667,269.44744822539832,845.3700950687097,81.168113946269727,460.77911236127386,854.47905226294802,854.2486429882465,969.70259721262698,100.85042640636442,709.49794219331739,910.21538221916433,389.22218734797423,812.20776119600316,468.95480715255007,594.551515412306,442.90579861173649,410.88607347979871,464.5687021923701,878.88428560552313,700.04441035367927,423.70802973694276,368.36272097464911,597.16420798147647,270.79227544475896,231.1071227589735,106.67023268831889,180.28962337324208,189.47262136811105,82.810993024137886,247.51438456844167,188.96065060448294,654.52541530050235,632.47016104078784,351.58655575736094,217.76682847324761,49.698508160934175,910.63748010624738,268.06710614393796,390.80833494994556,4.2075606693596797,56.778420102506651,487.06110932067708,886.96827506232933,527.47010239125962,904.87387683918291,486.43884419452604,612.40396877112175,138.20107912037761,748.18260130256533,626.2210306195924,535.67899152646851,813.6202968644983,536.81065921615027,281.0689937757619,853.72516704090549,301.79860097173605,739.62643959967625,83.807022510980744,801.62304123970853,38.285244535768555,181.18578820725941,185.05299760880973,679.21364768546641,667.4272033194643,331.26134740002658,844.65455397659071,479.02058303353942,855.97278489963651,449.24634868297676,719.74080557955369,46.642699793799054,789.63103295391045,681.08030703890518,460.93188533413604,722.28052829830494,586.65693387728857,174.83508651526293,34.868755078552944,-21.733820795466308,-23.809690351636895,-40.452249370603084,-34.142654298428795,49.550784929475178,-66.855189745189932,-8.2643848976228469,55.402465174295415,32.848405522352316,-77.691174598325588,-51.231038490925059,7.2502903319228373,-42.435282042283824,21.409816400941175,-50.150874520770472,-69.66276170774816,-4.3543040481421169,64.587099717543751,74.75525138588246,-64.379990889813087,74.496260907015611,14.953396858483378,-81.538652071208247,-55.860114622694283,33.629919750322941,-69.866278221891278,-19.241619200316258,41.795763724762004,30.624506917694038,-17.082483911101217,-2.8501539542259584,64.594042885116849,75.008841552186283,58.806029544527895,-77.52736010586932,-13.849688288644648,28.910514291217709,81.118104546506061,85,-58.20839286470364,-63.425889534071658,0.99508387687399846,5.1004850058344839,-16.307180008262158,-28.124386212450268,-73.27336659250939,61.953366270660368,23.870811391795353,-11.248070165503883,17.464209724186311,-1.9952238001714617,57.76877769666261,33.491307052782147,-83.82179453718382,16.139997289261814,21.734885482348414,78.401865222059371,65.577326272917091,52.000344543694474,-70.328271657367409,55.393130993675229,51.572619851382427,-49.305725975776504,41.727636002254847,-68.19419716302545,-73.745776041037914,46.390808560135994,-4.3219557122402534,-68.579463931089919,2.7333098418171247,47.370629185501073,23.380194174339497,68.484730982713174,-81.936910986514192,5.2806443277368267,-8.7696214769554324,-53.04490887304204,-11.709805087317108,81.476304491327554,-0.3860746444503711,30.451771100537449,22.638562213860084,2.1350445372415843,64.774479230390455,37.367604380646746,-28.900471063743439,-26.514723126492861,65.391047279771769,-33.213498594610371,-70.408612661781802,-7.0307759675614534,-61.51019176488483,82.939881493184942,49.439493354185181,80.124109179463815,-80.393070358106186,70.472193893821881,-7.084396670574761,-23.79925936647841,50.928971191893005
22900,-64700,2.0241477520830493,824.30431684629627,7.1831343141210207,716.95313018108686,72.36074597507212,185.65602039943741,133.01729562258987,810.76103440098882,315.37661175401513,366.16746283215218,605.06247308911384,351.62853381461093,81.365000169666075,123.04484404416027,709.76461981384591,292.7345076861692,501.58427430890487,692.14632411410514,93.148724740973961,396.05653480027337,811.57936322497824,531.21061254450751,938.32564549235315,546.11799926956917,267.42469060636114,866.85562595644615,612.14482296416099,444.69626999141832,992.43062496657353,177.42323440524882,932.94684342931873,229.20779325136601,788.8199722887673,980.86347317339425,804.96543191903061,832.44705356971338,187.34943031991332,876.66097254766498,422.79691422188125,427.03415356772769,526.5755796435858,852.71960800429781,668.78069465978297,637.51081835271521,378.31444219392586,593.64834398327423,283.84976619924731,208.72356918183874,103.47850947682073,141.80049975606585,549.0850516675622,4.9780700910287319,804.31966882684799,192.45272232232716,652.50559159563431,844.30161209838991,394.3086350460452,208.05139693192046,917.63181674470218,900.97789534538344,246.82453601521343,725.88176026283304,747.66213671039816,703.98857482603535,399.17864005707946,125.49634355143536,886.00662024530891,91.433409264051022,542.53630087773774,782.81996089094321,139.610014646818,754.49354657108609,616.64382429697207,531.50645783525511,815.87846669056023,191.8422707841334,31.403561724935003,797.33759526355459,159.88222362869445,772.94519323030352,134.35166190962377,840.54367402973162,301.5517674281258,22.089207597446674,155.28793021066159,646.68809902512919,678.57725606512543,371.92454683957578,710.23234340197337,458.6177096681979,824.85513074934431,120.49674528763046,721.63330061604552,8.5230028400787496,757.69257154075081,659.59534540851541,459.15977340648789,711.93934997161705,567.13080118200594,230.63099717596373,44.492400345143118,-31.295499678382246,-25.312561744283599,-38.269933353855194,-37.91109246665355,42.612493469554231,-57.778783118548112,-76.620542003018016,56.414777567044297,-27.190545995561585,-61.225405768310495,52.075555601928734,10.680158824672159,-44.09397810795155,26.165179673601759,-49.412730123651848,-4.9747812707885961,-11.493749113940691,67.925458124155668,76.280426689641033,-72.831170116965893,-58.165399380591296,-44.33942088425529,-84.481189450466118,-55.504191880742724,29.335299493734901,6.59051366531952,-25.205248921984715,47.4168263460136,-54.204201196626286,-17.061918682255829,-2.6311134734939863,53.268472046272706,76.611254947539138,-0.57523916876196779,-18.488712731463231,-13.447218994203002,25.104655261717365,80.393053296853594,72.245438954282662,-62.245306829682043,-75.352667594210644,4.6059385619992099,5.8399524051998624,81.914168186582557,-25.762404407114055,-53.432179075662717,-11.083534045051227,28.977274945110572,-16.283582127483253,16.389329262508994,-10.45327364645777,61.546123672609973,29.368488804687352,-80.439352352812691,-3.365813329537378,15.797441788426028,81.013479216404804,61.846534104714578,52.39477232167534,53.420654258942875,-12.683139653533859,50.606046005994429,-52.99602818098915,43.194940468700906,-74.527504218036185,-71.394446308484504,44.859281695424514,39.176327912817669,-68.615731073603783,1.2572674630777172,63.206616262694993,21.1336089301866,69.663869129560041,-84.834426481422781,6.4052340810198585,-10.077787411119722,-35.531290064355694,17.395821134005402,71.951722509278213,0.66156148844514207,30.464024333980017,29.274396803318012,2.5649532739181495,34.608870307246235,37.634588476518175,-34.678149068168175,-44.25523788813355,66.908424171924779,-33.249546288539939,-67.552720573751557,-3.3345676327407063,-57.060539804306828,26.304318776405111,48.867175613464703,73.860438786456868,-73.088391153888963,39.965810351129775,-1.6971699110783822,29.143253388545546,47.564435454981293
22200,-64400,2.0526053707565444,832.23455705919082,7.0918594621179167,353.98506235458615,58.911284813400101,187.35555454451219,160.80392617588276,812.10483928239933,357.88259488358921,386.24287150369304,604.60214711273363,383.16908303936032,77.475089243429665,123.50587083451998,712.03134105338836,73.535620215309208,505.31603037488668,692.38708746569148,64.783402642356364,382.66248218554244,803.10189115152639,527.70015477975244,938.46547463790102,562.32496748929407,267.61951275952265,845.50081444175635,923.43169996846268,443.9838256523264,52.479820831751738,180.74570570384441,932.80967389774639,234.46877944531383,790.0783553501193,980.82200877543164,503.39217747646364,819.35155679096329,582.04677950979999,870.86520126292226,1000,400.20452262385606,526.78751066557561,824.93472593768297,691.7296407864369,637.41434370804018,378.39772727635238,593.69046209617477,274.95262637735408,95.78056743020953,103.35604687234371,164.23245602370037,573.40048643633281,5.5300753187398826,195.67814725991832,192.44405698998375,664.58081372941285,847.84048946243752,372.724084452829,213.46993971711618,915.67855462687612,901.754174762042,246.4203702016099,381.27631992113766,740.87403992471536,593.01702674203921,393.1129843573168,137.76563727528861,832.01102617756783,86.09708567447035,542.55943864713561,783.14334657394443,139.85554481335728,748.28928247161571,618.62417904297308,531.87320236990774,815.89337154624263,582.2067629399138,23.295508776557057,801.66749804677238,278.48930577622747,759.71663529230227,613.4577095466251,840.37500713020142,303.06458489577784,21.201663980236191,186.58885644736998,654.5318268162431,678.56794546619346,332.61728201955208,738.2565195065331,458.65607158305528,824.94007448402124,126.36727484285113,721.63271009572793,8.4336151683896219,760.38441306635286,812.34817724086543,459.14092789975894,725.31659946237392,588.56861154814919,229.08289808512347,56.713476147438541,-30.920791391611623,-25.457253341561383,-36.224889658243505,-37.678545852241953,42.015420509229614,-64.847121449041808,9.5177789674917364,56.396700688556379,-25.459898316415483,-60.363681329748353,52.090343159587007,10.282207405926973,-44.082727833677154,21.601000268898442,-49.420819909786374,-4.9667851382860047,-11.387352283029349,67.924398162168913,66.791206642495567,-73.929931985807144,61.894062284428912,-44.395321270978741,-84.487034611989827,-55.506870350217,29.384578672688125,6.6659358897554313,-71.569441272903561,40.4215849556603,36.939916845665088,-17.199939272512704,-0.42026588911770163,59.537442258162244,74.9906179401776,64.89698883698928,4.852886458082196,-13.392547499107373,23.589748904194987,80.387969555177449,85,-58.456559187895927,-65.386800368257809,3.0218695570598695,5.8517578776122559,81.898329277509603,-49.941183008846217,-55.905311378966907,50.00070990530007,22.973211395797382,-81.012766660868721,16.978498454671911,-4.3461660206492798,58.3451108730398,28.831797224248508,-75.890123231248538,-3.3864173510423301,20.878027891073536,80.927497024193784,61.918590259998886,51.983134179828866,63.522953804039119,-26.163081325171888,50.371814727239702,-52.885610161904069,43.554244740212738,-72.524158199120947,-66.02943274916008,50.289406251429078,36.206597225335351,-68.582440712490367,1.6500615883449576,63.296204080205754,21.190059223761711,70.030725191693932,-84.888283263317987,6.4519171641585782,-10.068734720099709,-34.244244366819544,16.764934496375517,81.954715799679903,0.64933976615851829,30.454862633937466,29.348993972845378,2.3920511289181103,32.232390747804573,37.645635138278109,-35.907368715919972,-44.223377789390895,72.118415418962883,-32.149440348569101,-67.677882633467718,-4.1319806640925547,-57.046252153254677,24.403316185251214,48.873721324670704,81.860959411397886,-72.929085745678293,37.018733171420934,-10.343610678590007,-31.88219701791488,45.518811238608436
37400,-66200,2.0527764843808161,570.21492969137068,6.9391959378523769,325.27684803466173,58.193144021403214,183.35047888289685,50.754235416990653,839.29006399044943,131.79519576295013,374.77042400592336,604.26515361283668,101.70084040071058,146.14740522022333,127.81174428081616,252.58808182632552,111.93943529588029,591.38386444095568,710.98657453129795,453.97395950355133,389.18818253695298,800.00430704865278,519.60732540437107,874.12372924441888,604.41023890785448,267.41039198899489,844.61286306546208,145.92144609955676,468.88301870817469,88.572928207775703,776.64678533215397,913.07131049391649,248.87777990606679,777.26260466891381,336.24540884546599,859.53482034604633,811.67296401352837,581.15865405144905,858.26732861829998,959.01064298985079,410.9561197327659,518.0018120352662,826.28384197844241,692.65751277490313,635.17759144598028,256.15863909480959,591.85873747618552,277.68546447083838,182.14170836684949,324.66494141763485,171.0024367288255,597.05242197190739,34.438854450168598,197.29445461874207,189.20087171260036,663.66903742104944,623.12054767936206,345.81344472623124,237.45625363127783,895.34404567749243,503.95744984227269,265.84602067037054,375.40419187834357,49.354775926894376,633.29766286917834,247.06006446081994,888.95333454166257,830.09463282287527,513.65378479424237,543.09506387229567,636.48711535492714,163.13873031661274,727.21543162637215,565.17120207742448,538.26310442325064,814.41449684320446,574.68457694394374,42.091341060149816,800.88850246774427,316.36242655498728,655.2936166481021,610.04136239142963,839.37589213106764,308.01218907421753,292.92719300533406,184.87579431460918,839.84241508675632,638.2464289580206,429.20098531513383,114.68214497539833,456.51235143181623,455.71462733949818,460.10093041390041,722.89092693586974,24.208243842088326,816.40167978807278,812.97160020061244,409.60382452031746,722.29506915549621,588.42406859622758,228.99951537793149,57.152203433236927,-31.086572620914616,-25.750374638985157,-38.43272048086439,-37.441227756757137,42.342034860237831,-66.764026173206275,-77.457925139033065,-50.710638414529313,-31.579833614734227,-58.104309431289948,39.850175584926419,10.651756878201368,-43.73103841077635,21.702714470723812,-49.58490038039406,-3.570433406833744,-12.643126675909034,64.721243713675563,61.961672400617573,3.9819327147736168,64.090540826079746,-40.663284163037794,44.979220218230466,-52.795022554431206,31.056436962489116,-73.843559462598776,-25.850249098333048,41.397178062926443,-48.945810184149352,-17.065142530300932,-2.9091651837253574,-16.093755764146607,74.981599015986745,51.119403468078019,2.0832200745849647,-13.073397842801974,30.63451733650956,81.128889606314743,81.824498329374819,-61.769468737408545,-63.963333042311291,43.695995131662471,5.1558472770097925,-6.9589932553415714,-26.081613202208413,-56.403323655109872,55.558454603893139,24.804356705924597,-71.180260654182277,17.067096052615877,-3.6840043446780495,60.386846874741479,35.764729185613461,-76.265148751166379,-3.3664542988321271,20.754797150557462,75.793307635655154,29.856283516891555,35.311066148947759,-79.431407262659434,-19.880230170281372,-11.43291653632048,-49.65186932503692,42.688401699377799,-78.124287831150298,-67.702005062669159,75.936658140597629,-13.847152101148264,-68.585235843220303,-4.3152226498361932,49.458639488846579,19.873889936878086,77.342357448340124,-84.862114201196931,-17.054125226878725,-7.5714636987264106,-37.237918208870887,17.896687339737611,82.124773230226168,27.614329921996166,30.15553444669623,81.105590032193319,-2.958151552999011,37.353751647917235,37.69826403093311,-35.178286032470247,-42.998507609839095,69.353356698330089,-26.515575759883003,-70.381571140147713,-7.0983963748595409,-55.248589257516379,23.112248332688818,48.729383370689852,81.085981854515069,-80.643358149864554,36.061146116308578,-12.384722173579128,24.608422479292933,44.169478107853216
3300,-56700,2.0175812259804062,1000,193.92022914051421,678.25218651067803,65.280030584523985,225.57560277181256,104.53125511686352,757.33920267687836,58.66663414041944,372.90670409924968,604.58266224214401,367.27920696115552,285.4167034726907,0.779379657913987,697.12614268576749,81.415013628102258,526.65440531501167,706.14161470018234,71.961163612235225,388.89604058634694,841.84719155389985,326.02282140046668,868.90547144614891,599.89075908873406,261.11844235258917,809.94001681617397,944.32232443044347,484.72775158277034,12.601084570233411,685.07309826739868,976.48362647170791,277.27086526360495,25.068701500332907,879.45117569617526,319.16198421239795,832.362072473073,556.36289211351448,596.99751161739823,415.02451991328616,447.68225074426124,539.07523920079961,804.2148360363966,669.42928327290906,663.90929801802884,769.38511455578544,597.02070953736143,259.84853875242771,166.61464801471814,39.899905930545557,171.68060056907234,590.46478356466025,49.484476955697247,948.92390200072873,196.74916660517073,655.61465126400799,868.18050443438995,348.12283811527868,212.26350638377309,208.61867842717083,560.65725080065852,302.75577802221983,785.98553767593216,966.04855770472295,55.693350988152673,661.89692078720032,806.60468005487144,950.55044194915388,828.16869677267152,517.74132915204268,623.63644458501165,293.98214961494182,748.66957471534261,940.11215270999014,546.48358072313079,826.59071172338133,539.89245366607076,327.70014814756115,855.60554971673912,300.46787752356698,774.25021574312075,72.406695452089139,799.06147579313665,277.50136455549227,812.69655075684909,186.98202993005103,721.75442347831904,677.0383446910987,429.4923664690541,810.99424914700512,480.60620940518021,826.27492578739088,454.2034524659615,722.13793700877761,41.464942739082559,420.16251372224065,660.62015346487101,440.83263555788125,724.12364470156137,579.71453347154954,192.52851755609908,81.194130457346574,-25.627521842390003,-30.968971488703463,36.045072161056041,-35.505796052230799,42.046510980889707,-66.979606290005847,15.491226074194067,57.730046796994351,20.372901703205265,-61.596145181822124,54.971487755181798,14.353966762377969,-42.356332540126594,18.498263307752506,-48.58134162260373,-12.038720823872243,-5.5999334118571866,67.786083476725935,65.559236148709161,-64.836798031871325,-43.069535184845407,6.7099317915180663,-82.81319517004782,-55.517871163588367,30.045324935957552,-69.576679248190729,-23.857104760569499,-21.000902575910434,40.301396238468186,-16.693974051534031,-2.3961824005930503,61.996736051264918,76.435938000572392,66.440587040456307,-77.118353013632543,16.617252474733,28.875236914641295,80.749237662749138,80.34462517177478,-58.559942713823759,-47.782231379742228,5.855948296023314,4.6267748284466128,77.630836260549671,-25.818420318215836,-71.707396261212182,-9.9830851168529122,24.039185880652461,-83.046052813379077,17.131061264971301,34.717270207057396,58.245967913556107,36.115425879018133,30.681589788951555,12.105915037009579,20.617837673803059,64.658383586635182,67.777506915128953,51.106770666529734,-69.535308075811457,47.041612856685035,-41.263394849864156,-44.17905175796912,37.990027925114504,-58.32103410585681,-74.073740308160708,-16.053794758739279,-2.6031391221644666,-68.502491907395083,-56.987875087347902,48.016066325383932,29.532808597417088,58.783009032000528,-84.119778541367879,4.9924004117931666,-16.057760316234699,-36.967531477202776,17.998641756627212,81.460622368098356,15.180950844153974,29.048682742933966,81.959921526431444,-36.706362291134937,-43.181292007427949,38.627856504061711,-37.516113352494862,-25.677476652687339,72.020540998640442,-34.419301448987035,-74.713071217081094,-4.1132490175817216,-56.209284617698586,76.24420307510006,49.59830895271967,84.630761734951733,-73.065100350370088,36.097987581867272,-22.053659816931543,-27.641833460369561,-83.03847133086083
200,-24800,2.0174048921688321,999.99903746175653,219.89987583819922,679.07294160264155,72.392929280606879,220.77471277666291,105.7292055767246,560.13562333115658,335.83118401702495,373.31380925111,605.39494225145586,382.64068548860484,79.524384218301151,1.5242693073891331,618.47933416879539,112.25943739813513,528.807114344551,709.54068136264527,72.162189893400424,389.06817807188082,876.7759129663882,320.54346327925504,872.81074431759271,563.60459079983934,267.86936025843028,871.79124502915965,948.4822356985851,106.41827132242102,797.86477641079478,865.45329090017697,976.59767238881818,656.28563460244754,118.59812945978378,20.437108247566471,324.76569170903161,833.86243019690028,477.0967207629397,851.9239536236737,1000,427.99338382800096,668.56264257612224,525.48839490516207,694.81792888267103,634.01366894928731,338.99492506933404,598.13428384216513,259.5413669653941,213.27560459892581,112.91210957556903,175.33911388886466,244.56616139489245,28.63970355661241,236.84693975138617,193.23086563103766,627.08748497766226,643.42225406627574,351.53422921457758,182.48094514211138,50.878778196440514,881.41285976449672,269.00053267439984,490.31730835122352,59.859104433776523,47.936347840458623,485.6699780198457,56.012822744553759,804.60837235439055,516.61951756090025,517.15548878807522,797.55512182129848,138.35640787727985,749.19405239734556,623.43381167260168,456.55938421899822,814.02995388767499,558.17627740999274,312.0107268069072,854.45013282249852,296.04981331811661,758.46666383636011,80.16795917258824,799.49343741344728,414.76645076646162,822.52739362223531,187.60477814865158,706.6873729890807,677.03033231578866,375.7785753749481,827.12156213746061,458.89281936964005,826.12102030548988,449.97738973016197,721.68334081831551,11.391307871683628,394.64258722662134,622.9616617092978,107.96880682730418,724.32357764116193,587.31240360991842,190.88003054413667,24.818145766207138,-11.583845852299165,-23.716894852385153,-42.536453757111488,-34.685356577817174,41.920536409302244,-59.435337558181132,-6.4603829537444586,53.182697288845795,33.724100936885826,-61.632047802017077,52.257141680969518,15.26593029777505,-42.547451682438428,18.434147473569286,-49.724379070026501,-57.642179526766597,-9.465903781248679,67.844359492151938,64.619126785815212,-62.313842864404741,25.889924501477527,10.953418820866746,-84.72250172702428,-25.339306319157611,28.8291067058694,-75.127382462069335,-62.990392223094744,-23.138563617746257,35.522554031056444,-17.529206738266559,-2.7525950043790952,-9.5972823237438192,74.884946205593607,53.858454989608695,13.556319213695726,17.602431729979717,28.887331486389332,80.687997103449263,84.693217866427872,-61.86342444215208,-54.084650547474411,-2.3787195334499209,4.8864352707751619,73.609470184961054,-28.518709424446143,-55.200894000162641,-11.968695691744312,24.101772373495457,-75.119750679838347,17.15533462526108,22.707486094578979,57.983579655241932,-2.5880838218518818,28.168284495149557,-2.6569048466196197,16.781181444659126,19.254041993466288,-9.7052445715769675,54.310616607449425,-82.329793293061726,-15.917199911545829,-82.472476427033001,-49.708792946394176,38.325161963137901,-83.701973858490192,-72.005632895195959,39.078693471483099,-5.7954202654782403,-68.583124229538384,-53.035458701610736,65.771210497784651,17.627730834371469,68.362912243092921,-81.895588878922624,5.564170708798045,-8.7060642494351388,-35.621783518031997,-4.5830313758569794,81.458591210546629,14.820124587220537,28.833020958172696,75.035545380144725,-35.435023477112416,-46.32877158794193,37.440486975917509,-35.327674352569915,-46.74097280060252,71.870885854532276,-26.507639342686254,-70.543400890552292,-4.0327788258896407,-65.15897154144119,76.016462376801641,51.334942888264969,82.737869340914855,-81.045446025082498,36.043591052096097,-6.2944121781913616,-30.444314953374544,47.905918613385595
13700,-63700,2.0222267778581604,984.42144470233529,9.0228567321642466,286.72133522689387,65.951618321757195,112.74065249675897,135.02361890508132,754.9567022783416,103.4670429884974,373.97247137381942,618.16457513111595,352.2338112189658,312.63566217336245,346.70096837971505,80.428162823468739,109.58701499855243,501.72485013828253,709.58169943780319,90.954213604818364,389.23952991351564,498.2709545352115,553.09746898464721,875.17394700821603,565.67330525127045,266.67313895324764,872.0910270437048,95.689040759666256,72.982323394412447,119.81327767881783,891.85433944864599,939.86624061638372,258.19702275133841,828.81586219565429,953.46456626361544,284.80255085381782,815.747826468266,929.60795400237839,912.97703216080754,938.1261258836056,410.90387652165987,550.65264921358801,519.04312788059337,678.69532285158436,629.94450064813793,365.85372565474904,597.89827869898625,274.61614037942252,230.51137321438145,108.72366370039532,170.5246145900648,563.22954490603934,31.17064185294478,674.75417848431448,200.39852910982341,652.4231206635784,656.28384596386593,350.60312306924288,207.96438804326755,761.26589906033746,891.38442523351284,274.87806212656744,772.53106402777996,3.2446109706022987,53.791928717873589,662.235586094376,89.502893603317602,816.70179901138613,910.25259613295293,486.58287994712362,774.76008531548268,139.12613458604119,735.44357017946106,656.42339528052742,541.87752442108092,813.74896220384551,179.52205511243116,16.955253137886388,799.54604656407218,287.47410288136768,642.94504996544254,123.14626689209518,802.05516359309581,45.206337162187154,182.85436274981527,152.58912300492597,725.55872087578905,671.3138524166485,423.2489394599607,118.87117037434076,454.8716920622424,846.27445755614326,484.9563878878256,776.90045566847004,16.373358098667374,792.38580604820004,807.85609974993849,468.55670183107105,723.13896000656575,588.50326368078731,193.69048104238831,50.097932438815945,-31.161611992256155,-30.432286451303892,19.656117937101143,-34.069696971946804,49.507825607007071,-67.033985172881216,-77.422042618220388,-19.523422797027614,28.713404878557419,-83.142940994650672,-49.047889708838731,8.8731218489517687,-43.908475286048436,21.76270022232513,-48.330989143367646,-68.117198701651063,32.409915665370562,64.87552739584649,-49.807786901425764,28.494054385957703,25.720768418388317,14.799152845219369,-81.65714097328366,-26.297357715214435,34.795384883109364,-80.06557659478861,45.392873383672409,29.292038050274961,-61.272047025596777,-16.349333582272752,-1.3790090094039615,59.056427130313033,76.590163912614713,58.955710643732345,-80.181761204243003,16.314947700010297,27.359480980609085,80.74666365633847,81.069611222552467,-60.980825289559903,50.949908867560943,44.17937881956157,5.1962758747500573,-6.0001795962874951,-24.141682140717251,-54.111573354801742,-10.69311474360406,27.107106133844901,-23.286744516753188,17.153893606199933,-6.4860758690800369,60.583779921592274,34.982981947499518,16.088690704239614,-1.3560173640103379,28.516015926024007,68.471185845720512,55.082956622774475,53.465807162976532,-78.959146433625875,60.526482585285947,-36.640887212576587,-48.835521391200679,38.545580120007145,-82.281226567172055,-66.445484975698747,44.779762981691526,-11.070933648387689,-68.621191947004064,-64.59693667272515,65.478822709290114,24.386433627864726,-23.034585875964897,-81.479920960640257,5.7156334381924685,-8.4777240475253706,-37.768608332861668,17.449565989790315,81.080636931771664,1.1475321854089096,29.985855311607679,28.444282544245667,-2.7393457420702232,46.87179278252578,41.147157419430698,-28.943924577964946,-27.31992085365604,67.110180979155388,-30.589506598795658,-68.971475666048306,-4.4013738752526788,-62.047185852490308,26.294011321635669,51.216340058055636,84.897445501328704,-82.42107478799069,36.885134204914529,40.473114454082349,28.367549548401307,44.344419180721793
400,-30200,2.0171459667239402,1000,191.96900807051236,704.24316635992182,72.876550660287933,223.84164675974824,133.83312010971349,766.16641218106395,349.44200342674981,373.07284400410128,617.60057375626184,114.05472774849287,38.315392925898962,255.52763224972745,693.0885508922936,109.04405641888447,503.78690411322157,709.0845033354301,93.130662779733257,394.94312072184891,499.83161220953298,319.54374629355891,872.63614324677894,560.77821596480817,260.58556320196965,867.722152098641,901.85475464858177,452.8590106205088,1000,687.87149783590894,981.28410391524596,681.41399465983818,195.31985362027166,961.65615667478914,630.87664010859305,813.32531099302867,478.64916759231647,576.21821835457604,417.76170747558581,426.35397079815817,525.29192736980167,513.824993548473,659.05777586269005,662.91121813197356,803.77393922909653,598.1769705011925,258.85733588079586,209.14801089970567,112.9434607319543,158.77498068087584,207.520808924958,28.571634095469097,236.39932236240307,196.3228029988656,653.72053961531287,869.25849854647583,351.61002955403632,182.7804874220908,45.070943189666124,900.08957388053648,273.85921735190232,364.34292594858766,931.22573750087497,561.25621051451117,634.9680221926692,63.486189058487241,908.02196717537322,915.78037746221059,516.81193164803835,793.57554312348782,140.7826977731107,725.70832095674757,622.07068514411685,461.89268468747622,814.87647594792827,158.11787524963657,272.6414539141914,844.11230064684128,298.02450339675539,774.74559307243919,95.716943221567021,801.68795781648964,431.3499727529163,758.31041517782785,184.36370683816372,346.88307808010666,677.03633773370245,423.3962970087419,820.83123281574058,455.2512789592426,825.21531228215747,430.46136693313809,721.47846032563496,14.082023208719725,756.84867422454249,665.15373889807483,434.06867517178614,711.82712923481574,579.40942451958676,193.13645571061488,30.774700204736796,-13.996419945040198,-23.493183458101345,-37.425746117495706,-34.43885192111955,42.106809589371302,-3.7917281897607396,21.310058814731416,53.548720657688456,33.999325557760621,-61.880778532154572,54.822373777102705,13.481262231684987,-43.80604692898406,18.477851404631775,-49.69870047177433,-4.9761005581995921,-5.6041946249266941,67.755866180414941,66.086850707625601,-65.290274613003703,25.122950943431778,8.0647134013069213,-83.367032285008491,-25.542011511326088,29.402461186844647,-66.249621948667709,-65.534424134847896,-20.496587636478459,-49.596550652267275,-17.655381967278164,-2.5621908010952521,-13.96264854594509,76.598857097180129,54.780501689804524,-83.308929172455109,-16.836392017653438,28.809054557848604,81.123155058687885,82.468120869410825,-58.626772947779337,-75.000203555417045,-5.1731812407520597,5.1989786387965085,77.891095138052236,-25.900943976861967,-67.89514854863863,-8.8139881687413499,30.129956913952785,-14.409292029599662,17.502258247983459,25.755246405581836,61.164364847459986,-9.2145053528272918,10.809025423902293,-3.8471347327426955,16.786987295057468,83.176598305000397,-8.1946693470111018,51.174408834167686,-69.705960411659746,66.674855125467488,-38.946385808152442,-49.036860254152494,37.810794346172166,-74.768209918559194,-73.769501650917348,44.076389164141965,36.859165967941323,-68.624891465105406,0.7010227001274103,46.182182469493995,-38.852829363933978,64.871472459619923,-83.830153118021528,5.2727570453933144,-10.086954980280092,-36.974816318808919,-3.3834386068180278,81.720740872180514,15.272302162390497,31.63811170519071,26.75793096163877,-4.7041073960238844,-43.028821760805144,39.288228010438878,-35.176509800138454,-47.477739101942952,72.060049604964561,-26.553831840532332,-70.312534410845529,-3.1898738401355975,-65.700017027645529,37.052976197095134,49.58861283154279,82.714925458152294,-80.873241813532488,36.104131241121287,-7.2294255422417502,31.580889712343851,51.459279365248875
2700,-54000,2.0230499309099894,998.99337448894551,193.74989987830992,704.07114096967939,65.293195163032095,226.72675109547231,106.15468888145308,757.35063347847768,339.00272839096579,373.02602833513163,604.4068594140814,366.61319385356603,290.85236488729828,7.5973184433812833,699.55247642014422,76.169479744300375,526.42130819052284,706.15010660472046,71.709621628583577,388.94340543464841,828.00202761917626,311.55431447132577,867.98877610372097,599.70103498998105,260.85944421262394,846.57724549406362,109.50590770873964,413.95908902558699,20.131321269572368,414.08824120836664,976.48367516375038,276.72483461309741,35.090716743457463,59.738059002454804,342.28324444358981,832.4266408534495,122.28471304224567,873.02926736875384,416.21907496863548,447.37101928620388,509.73356950546122,524.82612629901757,669.61752996912844,663.72447787036242,366.83149496269596,597.02191681250588,285.6868961034553,165.2100236159049,38.753789116629676,114.81624473576454,536.54283460167233,37.323757808518103,231.03548496831894,196.73676223512484,654.81569017317997,627.34443989192255,349.65298327975415,188.19741149619841,43.579455109747357,559.71654858984664,274.67535075579354,779.07031882240233,964.82305090569776,213.93144374297242,477.39538520574001,863.74249189488114,835.46165717908013,916.27937725261427,517.74054270668148,624.05750329642228,97.4985511661733,720.27279853762002,939.89527173944259,546.34374444919024,826.72595472097737,541.04042125491208,190.43236185905988,855.38951816510064,279.00137475569812,657.62165910394231,766.70772633747663,798.82910138804073,275.83236594480695,812.64912224359477,154.67648409635777,334.46610728429778,670.8018023547138,375.11824345160142,819.55323624218113,482.07832983320111,826.24660933338191,463.36830759075838,718.55253748580003,13.826423397153329,732.67182321952998,658.72782202544727,441.19055889551731,723.8475695107154,586.25464850081676,192.34338638975984,42.894722033980891,-24.660067870393721,-29.796890527864086,34.987098772983742,-34.783398183256409,41.985555338051817,-56.792767501016797,-80.01037411977012,54.09320990381957,-22.587681522327323,-61.728315015455749,55.25629792550577,14.34342152666073,-43.853895771744732,26.089110844101558,-48.61929618373857,-0.40728417223235613,-11.884907549519912,67.708227669746719,-30.936709278916968,-76.50777777931917,-43.335116106151418,-51.00608652191967,-82.79855617041116,-55.493173955165332,30.081588591305049,-69.815337286051346,-23.061036252592238,46.720555709054459,38.87881745711492,-16.688385180126044,-2.9605986561301512,62.082651950120749,76.43473122027838,54.994829100047475,3.8829164670534482,15.591014608883681,28.868696307290591,80.75033765620708,80.254074225308088,-62.086151739025169,-46.839927681155146,8.0210591174488783,4.6248177038632861,77.498831092418584,-25.819471305285994,-16.383099952590509,-8.9370205224190151,20.341421677886416,-83.154891495108785,17.140383064393962,-9.5044810120383261,58.190075054723359,35.219820626565266,29.707150625618368,-2.570901400246973,16.191790843520383,-29.231071910482989,67.9743648835627,51.17486962750943,-81.412631811012545,62.852509490338868,-77.718956484257916,-44.174912994664119,37.983903726653821,-58.967287336482926,-74.063721246320824,37.411652194009584,36.563820088599336,-68.613867964570005,-0.41664778064364683,47.105327037822249,22.210136086734959,62.532459402488669,-84.138077613835932,4.681756370321283,-16.035452939049414,-35.677250367642237,-2.0681796500346588,81.451259612683032,14.650585807278269,31.696095986481659,80.708007859624985,-35.536036522676774,-44.207564638154267,39.39480913748983,-37.503579146581018,-25.665615985946445,71.182361559210847,-25.258097878905641,-74.49835473379062,-3.0554699289455298,-61.671425929369192,77.012416982530652,51.405264874328161,74.087140083064554,-72.678651015875886,36.089055358935077,-21.664922723165901,-26.413933896103838,-82.377194890620729
46000,-67500,2.0219540411627182,419.92653274870662,5.8044128882532675,318.22814659175299,66.558652174051659,153.57256543498173,131.8733055385913,753.17806188574627,33.344728900730878,374.68881381370784,602.84960143410126,155.84371170301043,164.66023091420084,320.33373062480729,617.70355050173191,111.32311136014137,524.96081105368387,708.0372887048585,88.500770126940239,388.89089376780811,858.47192097897016,311.50408840667109,909.37205994528165,564.00683928642047,267.8940609538347,870.75346053566022,44.782871142560225,429.4106245230202,803.06906181685645,699.5290160409528,957.2798055379468,241.13916335359946,782.09701382336493,968.10310043164338,319.08133354922757,832.37501583256062,479.06183530108137,459.90626174070042,351.83765644542137,411.52383807818569,668.14072234216962,815.38412386838672,689.71707211588296,637.17135276730232,759.2363791025366,593.67596123775866,272.56658867477114,212.60537908858072,116.8627878295374,175.30371896461148,90.347532751764732,43.90227935714239,860.66183060918411,196.38890194560409,627.85845509484921,623.82320400524043,348.84090006888471,183.75026094405791,60.108338489500454,881.3360148034227,269.15720080115972,512.63141030669192,84.490794992640062,10.700167736342166,466.83628078449328,786.87803044926068,814.06665184038968,517.40269067988584,487.67821279028681,796.22058888932713,139.4805368298056,748.48507219665396,932.354019816407,452.56028426978571,821.15896611889605,188.43355149838413,268.63299769412714,853.81957759081808,308.29287534470768,758.26104013781503,66.359837681335989,799.14388184561028,40.801378511664879,164.89380357356941,186.34856351199025,725.36087393518255,632.41989738292773,372.87402532733785,806.41144987625,455.16634313918331,820.80828441065285,484.87686147657826,721.25745149815214,3.7196737478871369,747.95953849566581,643.70033298576914,439.19909325263433,724.22297551187137,578.92618649274868,230.77263545632087,189.95921193409336,-31.303897372282094,-29.059971590097479,-34.647797876702704,-34.896744058996376,41.691399666613563,-64.266081609434138,20.431937832313572,-10.631301719897039,45.681435641156639,-61.702846071872749,66.678363690961561,9.032565028788575,-42.559671306800702,19.692835037826093,-51.687061537932237,-57.524955791609486,-12.416353111306776,67.451221034860239,-54.989067571930974,-69.591155052208819,25.853194109441951,-41.865030749060466,-84.925515091053001,-25.362422355682831,28.848050616698075,-70.203030333680275,-23.631199211136007,-23.308243142334263,-49.113784783785199,-17.640431507966174,-2.1320400058564823,60.966773195565153,74.886741146828683,53.477566474470443,-61.255249558136953,-19.752555914552801,28.816365330024311,80.669362798840467,72.00127379774473,-58.593180784345464,-54.96896370752205,44.530474891970123,4.9899720009695017,-6.4375919128157122,-24.452246600700452,-75.743651909419725,57.664650540605507,24.86791495471461,-15.614277787245733,17.13446358605901,28.374774926966079,61.561619009758928,35.01532341821094,22.786546705527606,-0.97173858915120448,16.861599305425781,74.324741850325353,-5.8391328255875656,53.420631786878097,-69.711654666580387,58.464808835584861,-80.415844056163891,-49.867450592485042,39.529501795446038,-53.697101925382839,-71.953734087214897,-14.848886787690702,-18.041849541608332,-68.585529951250891,-51.9299129090859,-12.786302076724219,17.765414153692443,64.185540724163474,-84.124485803018686,6.2659153651816748,-9.702398502047263,-36.777361229601894,16.354841844865849,81.475125573538747,1.9834171688140083,30.223039988184613,75.036650699227451,-2.0884823898342582,-44.12043033091183,37.539908090465048,-29.17804624055448,-26.567460535495385,72.009258281473592,-26.622693758368101,-74.69670564625622,-3.9982058950071089,-61.622497774906186,74.608925206498071,53.002989115715984,78.7464230748745,-73.228942508889332,37.015926802680269,-12.748215852100653,-27.463339514856827,47.993547274472512
44700,-67300,2.0220218187706478,439.49216193934888,10.413844524070877,330.23971775343074,57.833251883725048,220.70291627351509,134.0476802848026,759.99593576102757,94.759292816964305,373.8953291670432,602.92625745533348,140.60656488525706,100.77067848029682,111.60141686132111,319.05187523287475,79.98615992914435,612.11145085603482,524.5998588600479,466.13099730951819,388.89133418644053,811.55070283994144,314.23810462145411,922.72409049773432,513.40903370651847,265.34351877109077,871.66832422118978,80.64552418842635,429.01364073200563,80.542375286531581,755.6505459257786,965.87214701414723,233.55365715088647,252.83143343892272,919.82811629687444,296.14827539948607,835.23571887871833,599.98251385719243,467.15632262062195,355.97918018210135,411.49276973834804,532.59213550641505,508.0820527489758,678.6143174881131,658.41893153461217,375.1274825082856,598.20752884229216,272.15624394371105,192.12313583408891,344.19324935964653,147.16917072754217,539.5511308970498,43.685492983707917,828.94933233037739,189.07719808563692,657.25413463420318,624.95108030110293,350.34447668254154,233.60888011809826,931.22178680086836,921.48676874220075,279.24911589757676,769.74362485077847,53.316107195705854,3.3931438812624037,390.71910341164966,84.330012530267027,898.47654030928959,942.95151000478836,485.77406637318313,641.73646488278951,139.48467729312497,748.41500795426123,932.20982220383178,457.50260917757242,815.32495348181999,192.02974018323482,271.36745911033262,797.40304378174415,291.89428697524471,643.09505403090031,648.03379712863102,796.62541414422117,36.276160845406594,169.30039256017915,156.79633364371625,741.94730239074465,671.29286400981152,374.519674382608,108.78443140296281,480.66597140217641,820.89541869945083,485.86789310326918,721.84551500415375,3.8620158740721147,789.19667056497576,644.24679808972519,420.20131148065957,724.94863654532708,579.32308789337401,194.58464429109043,203.93122619350396,-31.343003152028835,-37.266136105495015,-31.771655452790881,-34.083305385998898,49.636446284567548,2.44152628699198,-73.83814940137367,-11.918301452164677,31.600975970071453,-61.313649236579025,49.263985768496639,13.245689125238048,-43.02354954271896,17.53857631509327,-50.362512167620537,3.8724861576997718,-12.194367817399527,64.788529149462263,-27.373277797762132,-63.996484263016953,60.404167708566959,-40.359277170512932,-84.685660190288502,-27.029421435238746,25.383916454148174,-74.621695842165479,-64.277307638027096,-38.640707534039088,-49.444601318568637,-17.248822284851055,-3.0572247238783676,67.304746854378635,77.077615715088086,53.407909027633323,-19.319049392065818,-20.268008485108368,28.729922237271989,80.840562718681696,71.908569804298736,-62.378727259903258,77.657872394298636,46.104326224537722,9.2760594868952815,-7.8991459820433647,-25.804407304562737,-75.044463421131496,-11.013637454299126,23.305587555776526,-15.091993326846357,17.071374584044456,3.767099377641296,60.698234196253189,35.033393674913796,5.1472778617908439,-1.060259786210678,16.922124029993906,-22.473335721121202,-9.3008957484993076,52.362598794778769,-73.869580076797632,62.944794405754379,-81.089189041186231,-53.080086093529559,3.7544335218721283,-72.007086711500079,-66.508917603918619,50.511857000359271,-15.152529985596569,-68.597699336859961,2.9291997884836185,-7.2015713436940061,-49.527731886995049,72.493688557516521,-82.758700308362037,-18.139240411042561,-9.3990216170747463,-53.679876746111503,-10.677417523699624,74.869593160036402,6.4242735941226119,30.220826637031504,46.955720991218129,-1.221437041715439,-45.312204648664469,37.439915528529546,-38.523162989035079,-27.257845330639707,65.515632869971327,-31.887129510817843,-77.740690744159423,-7.0562655684019333,-61.953461237452103,29.795149587911926,53.140375688575887,73.975236511788594,-80.523415207878074,37.128654102383045,-19.791566132696541,28.425501487877838,-74.86043846097148
6900,-62800,2.022219897443907,1000,194.24481757130133,696.08696296924268,58.837316437664207,817.09096521399397,107.31553370736887,753.7406745944262,333.11749486525343,462.71604999956361,604.32589195939431,367.87938027435621,268.87265620624703,324.16442799834533,609.05220267143545,110.71282083188142,599.13876356764808,536.1396209055381,87.326474816702898,389.31106751268959,511.65000189891884,545.81375968030511,909.19871537351969,565.65025147893971,266.7043960488856,875.48903960189512,94.802755873229728,433.16369449953925,826.37245465707588,696.41177748826658,998.41468549780393,259.00388086373164,757.04659305177358,797.86700511742151,284.19607322987031,815.66030147668107,518.92602183480369,386.96658899632166,936.37768011936441,448.51094716293392,509.21139624277367,819.04285248961435,308.68908649183544,632.81105315719014,388.64174669475057,594.25251641486818,278.90121905948138,179.85115980386291,337.99471613418359,170.49022774018644,182.49153156369769,38.284732761265374,666.85785840063124,198.56072907163392,627.67236106053178,611.35135016604454,351.82380385999465,212.27362615622675,904.42694494967736,912.93566119426771,258.33729743542949,446.60069557763427,31.187661331235518,53.044203114166862,673.47723864724378,729.82919314338483,820.12275018028527,913.64219177709288,490.98511475047422,650.3079094198954,138.19701634121014,735.47039226428228,926.58530333198541,542.78567049759806,826.6049956893421,554.24029496572609,275.89348800829157,854.393657694137,290.20970260655923,769.72635224753321,96.257028240266905,799.13628288360655,416.63601853327117,172.24591569457999,189.16784721677683,743.50643331337676,668.02075317160484,372.42399045341926,119.54680305026716,481.21282395561258,826.27632288506106,483.89391956686234,740.58193700791765,16.218683630212183,791.71098318346844,801.92184963295585,404.78561017228196,723.49658216799139,580.04601885567979,188.56522448352825,45.749465092434221,-31.15768936318111,-30.980277984424067,17.772923353638504,-69.810060678814892,42.253240946605281,-2.5959932986259773,-74.070298163851021,-18.023650541607381,18.60810022961882,-62.26692496609185,-45.777333175343294,15.651811134936349,-43.955587861950974,21.635175992758331,-54.914752716808195,-69.232366060803443,31.490027362968227,67.909104887180064,-37.938978291939556,-77.514622152512061,25.659626509237981,12.832850824712596,-81.572988285015384,-54.093369029088244,28.534056015360061,-80.133288703821137,-57.318945240047867,29.615733584293721,34.681228876194169,-16.343263658457705,-2.2298586010704935,55.470137691509706,77.072501495550583,54.738129778798886,-72.789836960861962,-19.276740974235054,21.703871401285301,80.748553531159288,85,-61.220461528272587,-61.349161870558845,44.974840346484925,5.4218532847687255,-16.145344691442482,-27.017457438519703,-15.295255406297454,-9.6640379876037805,26.719296233809899,-79.728244363588203,16.994863636406645,-4.7409893514142833,60.909005518752615,34.999172325189328,21.930254076503598,-0.5604142882689751,21.181970731162927,-10.578861620395728,65.571723514051357,53.73548087862352,-77.274757299276217,60.240569236661045,-36.746921849508617,-49.666565258811815,38.695833090051174,-67.08802382113015,-66.533011154175313,50.878302463202466,-15.882412906592851,-68.598164277036801,-4.2692620585809742,48.282150772359785,-40.592469726312935,-27.12785874060873,-82.020585089914391,5.1349671457746027,-9.5476096803977129,-37.934521070775055,-2.2412069586241969,81.253251544131587,1.1124293970945693,29.964001352763024,77.279692659213822,-37.305676583062066,-57.398344553727881,39.738646974031994,-29.116411955134211,-44.418966108135308,67.105608572050414,-30.645982189556808,-77.616096710442761,-4.4001856462572055,-69.205038159463456,34.040254886443421,51.293510627357115,84.995835891829714,-82.442025371057255,37.008227415668372,40.035801005190109,-24.410870692819472,38.248658186308866
58800,-68900,2.0225042147362076,172.63631593845196,26.32599545019259,694.66616347353897,73.986938011126654,123.58909335053883,156.85693439839966,762.03369240324855,21.124269640016706,365.95173029967293,617.64864112947737,371.75928158701453,312.76786302624782,5.401814624960906,324.0183765448237,100.4120726132717,490.93533841109149,707.5706213085316,93.780449654302799,387.6450801689611,826.0662057189943,551.81581630155642,909.58422323111995,563.44251225456458,269.45524182568107,846.27304325472653,73.900322328303858,82.600906046009584,98.619205709934135,431.18773419056981,943.20918175858276,671.44875106674613,783.18002952817164,938.18399160170679,294.53259188389995,839.00956410215747,191.86933719681264,871.5834465990647,469.38418655141504,419.6086380365137,509.00402241399712,500.92022267885415,682.30840540518375,655.11777778718897,372.94124386893344,597.84059005459051,270.66938778639991,209.78805534906016,107.44348400343263,166.24400797070507,562.82015517659124,70.465699756424996,798.47988021797926,200.67165813368939,656.79288111166841,654.95456854010274,349.61321413027628,208.13022294448874,55.089624429676917,509.37398170075841,268.56083665631036,442.97973345139292,29.58973144386249,708.51067196071097,461.76137355481558,771.05612109333583,910.3767320249583,862.48700509296305,517.96504369074103,635.50548984840088,75.597552263926957,719.72118102567026,638.86341994254178,444.92277250352049,828.43087253393264,175.0330588923693,303.42442299388961,860.56532358529023,645.1319297913526,739.32665060550028,123.78457469236886,801.95140744376113,27.378301567825361,171.9447334277655,186.23170081996508,723.24560716759004,667.74414963080153,387.37222238938199,142.67892525776642,454.75849917787184,822.46501459087733,462.47040049089605,739.51705867286319,7.3327893395763315,759.51900250697236,801.96398922805827,468.06422869604978,711.46830169819646,588.12137709524256,193.73775917411282,61.305668294777604,-31.163486854752584,-30.431574811548522,-30.305182227136655,-35.158237724224755,49.687933838516265,-58.118169775702782,-78.309458571782301,51.17108245012853,-29.172644728740419,14.643110066768791,60.234975356961051,60.197611104737582,-43.81442012917865,26.797921876560522,-49.573890836877723,-0.65917179735065146,-10.823828383728982,67.635908473054684,-39.069544943227243,-75.036347459721057,25.522452823166585,14.277781105207687,-78.552167399788445,-55.096990091892522,28.865240526075212,-69.886705159918108,-23.46333794979104,43.927793384237553,-51.374988496386806,-17.073178755889959,0.22599455904167942,53.711295183776151,75.098884548902433,9.9134827472261229,-75.927815549222771,17.406726997043336,22.043566711763035,80.621633127875128,-43.773078466027272,-58.248701479849565,-78.496399054937342,46.364965364648661,5.1383113300944911,82.563228731004472,-24.04899643375418,-79.908390979283439,-10.60235252728223,27.238450126036927,-23.332996978023125,16.81172303430861,-10.42898293794428,60.580300247996583,35.267723375413738,-79.90451293325053,16.183069701084655,16.646694551808256,68.410399299082513,56.228018346772664,53.476718237983896,66.755941801670645,57.104086108604044,-37.786971273197949,-46.216556753129389,7.1983943484730961,-66.257159719116544,-66.824657125125356,-27.93056730867,35.695352917185147,-68.564368507516278,-64.523085162744181,67.505617654527981,27.485975627194197,57.677598668595216,-84.013701547037755,-15.843188417248586,-8.4792146495735476,-35.378503720780188,18.454741023382049,81.251510032281047,32.401325101123845,29.970530626375435,23.324563258790697,2.2073244271645294,44.687098308526259,40.897566206321386,-28.666526743887815,-27.450352116220831,67.398449003564053,-33.302434537442181,18.772417133620547,-4.4661252935252476,-62.157070710247616,26.310831464650203,48.890222089066356,74.701118292177256,-80.194747787538631,36.810938863443923,-45.991360215356032,28.493222879471212,44.927026618476326
200,-24800,2.0174042540946249,999.99904775155107,220.21503231578376,680.49477769627322,72.390337650179305,220.84687212017909,105.90701878989407,561.52612934268177,329.20852280526606,373.28750226371744,616.94486159609494,382.64217421395733,79.586946689905801,46.141129803023603,622.03900840311076,110.1975705950648,503.93727925610835,709.53061199301283,72.410004936908919,398.30252626309925,481.6089491506815,304.13563740568588,868.84388731838033,600.0800650779164,267.76407209460535,843.8494150492179,901.72867116754617,104.07221080158376,832.65632889425876,817.43338911425349,976.77353609035595,235.775174289988,29.947278924371965,26.762266370026996,324.83642572118202,833.76451128312681,477.08785379986136,863.45110905700392,1000,426.49427726750486,669.10354519553721,514.74003060676512,661.13747958121473,634.20668845866862,333.80331521123708,598.13429211330322,286.05310980955693,209.58377670311128,106.37939672812479,175.33865442956261,208.39183839686768,29.230184214221513,237.26465962039723,193.23680160279932,651.75146851819272,643.94017358715439,351.54528165226844,182.39974950714179,51.002467549571627,862.6020892071266,269.00825211714368,454.31616280117009,59.89010701046351,177.22336835844828,485.75678840718695,55.952340398562534,520.465052444967,914.9139669044132,516.96592179852723,798.31441553764057,138.23158292410119,750.1598906688738,632.8927305977337,456.60654284637019,813.53566656353587,555.12444594016529,18.356178748354125,854.47116948615167,280.24943650496618,758.88154859003498,91.117758017149782,799.51775885361064,419.55112298747144,770.8360347265392,187.62791720412196,707.34364167920285,677.34481140461094,376.3343858301497,828.0840195394436,481.59757921286916,826.12727878336511,447.24290122993273,719.47268414667462,40.714954507948072,783.5490355179536,671.46953221679348,109.08073727475062,723.93691001944501,580.26520378153145,193.18410539648738,33.566670895206428,-11.560320574064068,-23.807366201153755,-37.797855472604674,-34.681260713537256,42.071683330763058,-54.658331440681529,-7.1618412483405933,53.256075702059441,33.724897389670161,-62.560868285795934,51.697228691655752,58.95086708403209,-42.547451291416166,18.423926783953238,-49.708551738394192,-59.927118161520013,-5.7662020855012663,67.80556363401972,68.830494945010088,-62.225965629955724,25.848942785113653,10.238668117132978,-82.557703801741908,-31.201205022651358,28.830269412820762,-74.684552009687664,-63.043267324797348,42.433326570893655,35.453371540345536,-18.368392417470748,0.045276843029072644,50.289260310836475,74.999869569165028,53.795708517748395,13.988992170795946,15.893998504180344,28.887450724961774,81.129140116376917,82.545268894287332,-62.003991834749598,-54.16703222322856,-6.0791095926000338,5.1423837413404456,83.189046029561553,-28.161972595447022,-55.240735547068034,-11.746476445753327,24.100152525340842,-75.123474447722771,17.472048614751106,22.779450615256458,57.943556060391749,-3.4379334634262833,28.292738407028729,-3.2407119887056344,16.54539858505937,19.166093046111101,-9.6031577211043597,54.361068309392166,-82.306463901437468,50.540396196754635,47.130355654001008,-49.38010167524174,38.333974078088019,-83.567669996478983,-72.124743501386504,38.506658411864606,-6.1983090948339621,-68.582689426422974,0.66852197604162933,65.801686865745467,-35.077148244668322,68.437600898041083,-81.926812405612495,5.2874466804153828,-8.7058442128041147,-35.589158486194158,-3.9127568802645456,81.46284314948501,14.591546605625638,31.666701623317056,73.911365511940019,-35.389152401767731,-45.809854381872064,37.440807203048003,-35.671172023808985,-25.60122721770777,66.034217623565823,-28.484361553435228,-70.402552166611429,-7.0216796573291989,-62.033521201525986,77.808650535263993,51.350222081263709,82.769352753971589,-81.035576286867652,37.056931457626717,-8.2866667708175008,-30.440344137589989,47.835920936985467
300,-27800,2.0178371473452836,999.98320408731877,221.54117430036439,684.70265867580667,72.52062388266323,223.37306103221744,133.38396546505675,797.12691908951524,329.54955930704426,465.10886403493589,604.91378962704005,380.63210907968318,249.16278752680265,46.041682378755482,691.30852981951705,103.91970434371197,528.08284528079184,708.04333601704798,71.365510049072427,388.88133473566484,494.68593692434212,516.18551664651977,871.72668357688735,555.45610466025391,270.82874848475348,845.36790836089085,903.3201926994991,134.61068645650801,854.48354957821846,808.01314750509243,954.59274186420498,89.029069055201347,44.43159377267817,911.30178712432996,396.73297313101301,811.85627715034923,479.62599598699728,604.10984087556881,422.37706299665768,426.02813966774471,497.28660468573116,506.76185787638252,672.79669754987333,635.8872832138436,368.29642227232335,598.2118314794244,272.63365545271904,209.74996563948324,107.37874898171353,174.29053349088278,196.81685491318592,69.294254723500586,264.89710444959542,188.97120853080187,654.53373245349587,634.07565389836793,351.59265646050801,218.11245523214674,58.925454977081387,539.75995130617389,273.81024188972725,147.88520409665688,920.85718962313445,55.584333055205974,487.36423734936534,55.81498009094333,524.72291844162964,904.05628710143196,516.98345792415546,772.71257708237954,138.23754263249927,748.58220614055847,630.72981487918321,535.85679574127118,813.7030848806063,157.99030494372514,274.66458109092554,855.78738818906072,291.23149109093293,760.52733831324338,90.668525393491265,801.67562982854952,297.13502059890209,774.87620727849946,185.72703442434729,673.1634061127221,678.89895456525608,331.92682708990566,843.89379403527232,479.0619735140055,836.63776887796746,449.17483032642883,720.24603632670471,46.583534734313119,789.63055424152446,664.75308060001191,460.97373735125439,719.24714084093137,586.67729006939817,235.85105964450372,34.690626631725195,-12.917424198688424,-23.810965086616935,-43.544713507865289,-70.914412002859237,42.04989408786421,-66.855912688826976,-9.110062566498673,55.529105550474164,32.84459835586231,-62.476072079961654,-52.030931891502121,59.153528468932514,-42.447348742234624,18.299868756009491,-50.142337008439107,-59.204985593751076,-5.6583424631982604,64.506534713115016,74.747651542323922,-62.346863433442486,25.730593949934971,8.5188001802045434,-82.559634805519494,-55.943701888483005,33.759238356734571,-82.844179884521097,-61.181156731442172,-21.504900324253516,44.277935461020618,-17.637704504936909,-2.8296208988416494,68.256791732055007,75.009584722916728,53.955375766068236,9.5759639382000827,-13.77483266696045,28.910445776655319,81.116943864873093,84.718965253592984,-58.930538806646553,-64.587952877811617,0.1544716736389562,10.385365143180458,83.327921659881298,-28.151710966873495,-56.020330411715435,64.034990965403665,23.840265868327812,-15.221013684639003,17.462071391777418,-6.3470801440601896,57.778254315884439,-6.0142346506113249,28.466801500130309,-3.457717973057151,16.07807046490619,78.316355687487629,65.620704278440371,52.03976185710011,44.181480608880825,55.38135486229973,49.918794217978672,-49.303117076568647,37.708622265759999,-74.801024822503265,-73.742066104894533,46.443035106190052,-4.3333713258540465,-68.579463239064509,0.72378615578823102,47.37906380353548,18.204709136166766,68.54614419216972,-81.936759444332694,5.2898482598558489,-8.7108916777477621,-52.029885512282512,16.213555172749757,81.481120392205796,-1.8461477641121897,32.232316352678311,22.578511775769726,3.1856910975962087,49.534187292536977,37.368301092645282,-35.215878969144612,-43.048113682452843,65.219189368169864,-28.579723119740756,-70.402127714015208,-7.0723247074822089,-61.398909876514985,84.858450067808278,53.180346540647065,80.170507246189487,-81.088862975443291,70.426513283571921,-7.2839365315517384,30.652133174104762,50.95010578466011
62200,-69300,2.0519441150345532,125.68310345468467,8.3908080819759796,340.51064424917581,59.103762058292894,225.13989306140769,160.44828810433404,768.26957879401562,356.4723197574865,385.73223019585089,617.87109939363791,383.8037640814448,312.60742943522024,347.34904276212694,82.070260296935828,103.72842388162366,505.4042754709663,709.81142820696812,64.982811813085533,382.60845309707673,803.01456118027579,305.26607918479863,872.04399470629039,562.19552038923132,261.77611034547925,845.5620352742128,927.17873116345936,430.68479874146129,51.666350099109025,930.88412688071207,920.54072899703419,234.46016573504534,819.86854753071339,970.32569901744625,503.35339879272965,819.75008336076314,582.4137101394158,557.92316802786502,1000,399.04643289673868,551.15955954521041,500.75119965526881,691.52941506472416,636.39549939587141,366.41141939780516,595.40556321666497,274.52626088550352,97.29387804128379,107.12498590748905,902.61792039996976,572.69948392156505,32.556888036561617,194.21144843152274,193.68357275080396,664.59769430869551,629.51836334598181,644.89080894579763,213.42846867383895,825.55072750612078,876.47237115270843,270.16321882096463,379.49098932957349,2.0515623364472049,591.89899458031118,249.03021188471126,137.69624562173055,833.56918987833876,848.2146047974868,530.17759903838726,768.61498067938953,139.85929530788013,747.7459057014438,929.16272115988886,445.70733005181904,815.21062981189618,566.43443856769613,260.47766035066275,860.19259131301317,280.91876792805039,759.78100811317984,600.80997144569085,801.90272399013634,280.13283260610194,168.66163761827329,186.93427881746024,765.25269589613583,671.2627497568086,334.47019484029249,126.86995549977274,458.19878195974286,818.58656164568913,468.31353374367984,721.60387055114529,12.955046780158362,760.42120216553781,812.18597630992895,460.12889801931686,725.19763702147338,589.43109946401535,192.80515989778843,57.165792030438872,-30.929560326771988,-29.884976413764079,24.244438009047485,-34.938323519742816,49.254257075554229,-64.634745209091534,9.750496744568018,54.41484370573697,31.629095665685725,12.009750857161603,54.776030350201516,10.279665379935718,-43.864008722999991,21.662327809929071,-49.711162357646593,-4.4313956256812874,-5.5921014099701942,67.750421582645643,67.005656830571596,-73.890267204305275,57.509965377789683,-40.555494370271433,-84.265992345080562,-55.635293902358541,34.685759070429064,-66.505042028057588,-66.707542456990438,40.42382902364924,36.879802319995065,-17.210879625217764,-0.46653115448020555,59.496544079707689,74.998679857595434,69.597927201899907,5.2427734028719559,-18.676290057036088,-8.2037488163200685,80.605794874441386,84.584914066766743,-58.45586205738531,-65.450176455808148,40.983890059528157,5.1147225482261627,83.251629045971399,-50.226317393829667,-55.840595895999385,52.094353160242861,22.967854289835536,-78.649174223742989,17.00682934401452,-4.3448866519259983,58.40526885757513,40.036520714651097,20.195965168624827,1.0494650752878789,20.925043287673823,73.903373981068611,55.047909354671845,51.994853575472668,-71.434081041612004,-26.178753875675447,-82.395568080829051,-48.807264775460872,33.295230064192737,-72.528930020506735,-65.388594190135791,50.241219905737481,-14.16488126525984,-68.583910952735081,-63.128441439533638,65.401987457438125,24.449768554856259,56.247157099392361,-81.60883682429693,5.3580852239379544,-9.408582201546853,-34.164253890962733,-10.454638024726028,82.115090643867703,0.1349749675704881,31.707454092542495,46.64944005586905,2.3931097426804637,-44.571954737444472,41.171047399909654,-35.937963348467498,-27.39196336261729,72.156091818791012,-32.211088667125118,-74.673010539201002,-4.0873157342979534,-62.126561504883384,24.3933810319269,48.612826666267516,81.797177756057764,-80.946942179758267,37.000308763410729,-10.300157772485001,-32.566378774867381,-84.164892919668688
27200,-65200,2.0220606841756381,644.89018580773586,194.90385510146513,694.33784446871698,58.884601960027076,193.07252433313607,138.25550953923127,803.97989669232925,336.08818438122677,466.24254444793621,604.34094328983633,136.11281305860402,269.77248614558084,294.34877618564974,609.40877634835283,110.68791069515323,598.99492963346222,685.43635852472494,408.11009651434608,386.62325140258474,839.29730026220182,298.64796673909518,936.8004149335444,566.2695300635479,263.16512259237538,844.92173380613121,977.80642345540514,445.36565420613726,873.44910154292711,781.42314147672948,933.3825929839121,208.43626745997216,755.82636711557154,977.67196110267662,585.97822281456388,850.16971966309495,521.40613475718487,413.69540864885778,993.02189206569312,447.77254410305301,511.86953160401521,477.74734942752593,309.49003992668651,665.61541371539693,376.55513108324533,594.26961919932955,278.95410559080426,180.4737801840929,100.91027219528064,165.49198299636384,197.93347730149847,38.265659955800032,240.48137066630039,189.64345757671333,626.08222508086988,617.10619029022746,351.76553814576425,236.73295915410048,787.39923925470089,492.81524314803397,257.92174478570331,447.5024510833436,889.52738128115027,43.339398568786763,392.0135856047221,792.42190690788846,544.15921533518019,956.7927638377397,491.01785135333074,646.08102910552213,140.45914159334174,748.53982333794409,926.89595382360653,534.96233860071948,825.6174860671631,160.62248863167503,279.4821812735467,856.20957186717692,294.20282985501899,769.46630140626428,95.958122255323815,799.01750805801851,421.15224567458722,174.80406641543385,185.89506057838312,743.55767722731071,677.12356235173206,372.6845359795912,763.34562851570479,481.50135578320601,824.4280332674964,452.0593368168129,740.47949208974694,13.382609230968967,732.50494631603897,800.94115991433785,404.77718056525322,709.93144742376046,585.52569364191174,188.55136071998942,195.22891032111903,-31.356477268866456,-31.185024844818624,19.899404569818746,-69.676832185596908,42.252989684477363,-3.0095411935516498,-73.753961838192708,50.691049094631417,18.361046013338584,-62.213991833673802,49.68553141681334,15.860416614901865,-42.355307727691347,19.422495668581554,-52.564959121610215,-9.0023749355692289,-9.4029755364046288,67.866415414691417,-37.934009352036426,-77.426112920613235,26.0730735176219,6.3355388937534913,-83.432833664308532,-54.990806187762708,28.518111748596215,-75.585626855797898,-58.389175361820868,30.309815522096109,34.953615652856797,-17.079829773494314,-2.8501761613513166,55.513123447984569,77.037282136657254,49.460799353960851,-72.99176607937072,-19.233818566846328,21.511257082039343,80.58688250968487,84.936762972663374,-58.466922741942973,-61.474287528562193,45.008076129472755,9.964063162198034,77.555881185290303,-26.965859125731892,-15.806475520603884,-9.7018623348198627,25.316558898848456,-83.416048538424178,16.993028958669761,34.344867505925414,61.068278486543235,35.076588533705809,21.897821736973079,-4.9204962629545044,16.825957111621982,-16.729718170504388,66.471030264955814,53.753478401519814,-81.064888836464107,60.249227320738001,-43.848476804109893,-52.5664801521242,32.968794590142124,-66.862580940251661,-69.966305426900419,41.357480052857404,-15.323948655243692,-68.598606469845407,-58.789387865471681,63.09847704614419,-42.06090152175895,60.349204417162383,-84.212665647002851,4.0683970194537524,-9.4230444024960498,-35.40546936759911,19.343638692949842,83.758060451035746,1.1151155995811513,31.618533413654049,78.416892937420968,-36.47357007036728,-57.806609492653614,37.473587197286555,-29.103806976408432,-44.787003678224359,65.883156292970966,-28.605648958381821,-77.692093284929967,-1.1712569220117572,-60.417433911643506,85,51.254700096330588,84.580536108331529,-80.340020457273368,35.537242064720651,-49.633161703873895,-27.356594300255324,50.331184247715115
18500,-64300,2.0579607233796597,909.14732917448669,6.2976385296899906,342.82722853034551,56.797585047918119,796.04504682779827,138.52775898084315,497.13939057483788,335.69813647733628,469.80588680484061,604.37854660448852,369.48445621534739,157.18683165836032,96.808648365359105,329.79749543701388,80.869838376745236,620.22441248774601,521.06507096754513,75.246785880630384,386.61807571987993,848.40790460909557,507.26201702419166,909.06522135099806,566.24466365173123,262.78102484475608,845.14075050528209,873.87023585216753,112.58356859112831,24.708768023423701,772.56679715570021,999.20253511583621,178.63763259270064,781.33549614483525,936.3381775494496,304.55324198291646,848.55410753928766,520.89170123796202,412.2982514218902,984.37420610954177,416.98113065929834,458.40527511726401,874.63973924052993,680.28883988694679,665.60963287908737,344.91915888290026,593.83153575726351,258.43947330317457,191.8364487841167,98.541864012999241,164.75702199758859,190.99398058155711,36.512686219517931,752.39489579311476,190.43808359828773,656.52847491015973,633.53761101956036,364.874580149488,211.20597610918395,764.68522798844833,875.67496760955555,267.66155702355127,783.25041432433329,891.09268543839084,14.292055779033774,393.15132233391046,796.13065862470262,898.47041472634351,953.33993894916262,490.30680797066418,646.71457332824968,140.10968849609915,748.4973400671048,633.57665122640435,458.89563193761825,812.36898818131658,182.78731252817786,301.76365701962823,820.09937826345003,291.24414280137051,775.15105739416163,88.924608085740658,799.07832806721945,280.50065937954514,171.97414537963994,187.30655637381855,743.39838003387342,678.43051299896615,330.43557512637551,24.798397131679046,480.78121728739364,824.39384128207519,103.49516767664448,721.38644119048877,3.8305535856605957,749.37134712778413,802.84186599248062,418.92687143196747,724.48684728288163,547.82039150703577,193.78536512553839,194.96385862301037,-31.390227104885636,-37.714643137270855,-36.121640677680325,-34.272897263535626,59.605296427724085,-0.083821106964677483,23.33268439872009,50.302517121102021,22.782098361379727,-62.991638847437862,49.795122541626924,12.03855878619675,-43.717523293653016,19.452482775317407,-49.322656073001717,-1.0297748296768501,-10.963600529389051,67.833463978830054,-39.386428000272275,-60.611851908565569,29.275894549219732,6.3872309311552407,-84.854658734987538,-55.441637683683936,25.359006393120396,-74.473691461976415,-64.44874427499316,29.246489477439383,-51.053757520516463,-17.600782955050573,0.062707093924119439,67.513154711459691,76.510149136837711,64.738358634349936,-75.96394324706138,-17.828170705019993,22.147921398389947,80.596460459059003,85,-55.541694698840288,60.850687999167853,0.37307235131831362,4.4661328931969813,78.114315000986437,-24.594378212038748,-75.878351264045165,-10.67571742110341,28.046076093766231,-79.149498021551921,16.974107447640083,3.3045086853355237,58.299183014537192,34.944592087965638,-76.923503708189969,-1.1175671100794604,16.829683426137951,76.263561826781014,-7.9480747074447358,53.823091064116667,66.411517238092983,-14.432813742694471,-41.440818311338866,-53.101356372744242,6.7857039581032152,-66.160302584022716,-71.885712190601765,80.899709678483617,39.666726349051906,-68.483161139949516,2.0490781775319262,63.182624922733879,-66.323858266843231,9.1201709470759695,-84.114968091831471,5.4091912969642637,-8.5033628084380251,-35.864058319751905,17.321085148912491,81.264082068648122,0.69328671906328232,30.795086704133741,81.698389986207644,-33.532333022378936,-43.786286323362688,37.414199010509137,-38.671507745953555,-27.336306856257348,67.027958281348745,-31.465182248824682,-67.634945364009909,-4.5076492340502003,-61.065431575983069,29.823403381831419,48.895579293429542,74.756402581203417,-72.619227189615415,37.023922590371143,37.711527861677439,-28.872216561819464,49.422659741380102
49000,-67600,2.0220511937806922,366.03333321234527,6.960161896705654,324.1024063126639,72.455621232802187,152.53685473549783,134.48999807139847,754.10189119665506,131.8222815136248,393.04035703806557,602.93256410066488,164.75581767656035,283.85862876147485,322.97339616971692,242.42393614226418,85.137477083907072,502.25490966803943,518.39517549359482,478.60614007042693,388.98121547015586,802.61300625937747,311.69086369258304,909.30288241111327,563.67834803674043,262.37903494803794,844.42497871225726,58.449114227523012,427.42690547895603,936.98106959380834,717.84014229284185,963.47462078267813,245.77690872663737,781.63715671472778,940.35359087072891,295.06865968096008,833.50582917071165,530.95525993731019,467.13830302997417,425.32421265522817,411.64329191212619,550.21720594609724,556.34582743876388,692.8771025041143,637.07016809814468,366.46080084041557,593.70611751794956,272.09747897641756,202.47603527332288,343.39035755821027,164.82541863198989,592.67898586949707,42.525321214481693,816.9584797960888,188.7058662479634,657.00565404863505,630.54296886963584,361.88710575421999,230.25622707595204,831.05579218693003,894.93674159157047,273.59380767948858,707.53697075254922,951.07050753842987,11.155030440188781,379.35212474297253,866.86033755256096,897.15170043891965,515.33840068700749,485.95756192752623,651.45424809537451,139.44631523248501,748.48817768039885,931.72899522987882,516.07616099966106,786.02083255083141,194.46557020881258,271.58692010721848,799.80177843502088,312.25291791320132,649.84256576726648,629.94583221083462,799.14032105697072,275.22027197212458,298.23344348027263,186.41295217861031,735.30422133940488,632.29058867973049,375.34681644580019,808.63121635900825,482.91632383990185,820.60004452260762,447.67203796661113,721.26398538429203,1.0242421639459822,751.50292832730929,644.70309745646705,433.53385227548335,725.7133659560352,563.34205503319561,193.87887709932656,38.569236985311136,-31.401259762042216,-29.070854810218943,-36.257995138468225,-36.334498577045999,49.634430391269355,-64.351084378191032,-74.485889541710065,-7.6503201014406024,45.867452737843152,-59.399150750476089,66.602445479943555,7.2749660918667303,-43.0032330963231,19.685155955178072,-49.540117228133283,-6.3320556811151452,-6.4474230755970261,67.525544102124016,-53.953990058273583,27.380926401857067,62.37802614533787,-42.479469366139149,23.23673870265846,-54.361159580640916,34.449397752705806,-74.395458887656787,-65.064439792106327,40.093196762406173,31.978828434330136,-15.301617454053856,-2.8416335315192898,60.707397982880636,74.972337093998547,54.041582814856987,-76.514728210205618,-17.103016348653927,20.340579320835623,80.402816268463411,-48.508281939963148,-61.515916692231848,-63.328783139464356,44.565791400391817,4.9947050725035922,-7.9755703614987965,-24.618160430745114,-72.793640899438941,-7.7874517410719264,14.062243739020753,-16.395514526994379,17.089849096239043,-5.6545612288172933,60.402735923127501,34.371785094128796,17.444255991284706,-1.1205434833346286,16.845543463007722,75.014601720534813,29.467659928292996,52.296218891564834,-73.789852496336607,59.160895102237305,-15.545089493434599,-53.149179558550543,6.9537227950580967,-54.016530808370455,-66.857863954770309,76.233214939063657,-16.216969926651092,-68.587259903914671,1.1053530076705398,-9.7995981951969746,31.858731579237038,13.331020148660739,-83.994286725403214,-19.22459396244972,-9.7781883771005518,-34.228842480016759,-7.2738087048601443,73.520809284696526,6.7034746961397378,30.223629924241692,75.277296687407699,-1.7502435302617059,-44.041057959044224,39.595066632531832,-36.722315083651687,-26.115286447672556,66.01258886557801,-31.768490340890736,-74.491419962924255,-4.1393600826870571,-68.629498415409429,28.47343134214541,53.232819313359059,78.641838725354944,-80.753130217677253,36.073644278785714,-12.371744530381601,29.52740472695422,16.875017923461137
62200,-69300,2.0519441150345532,125.68310345468467,8.3908080819759796,340.51064424917581,59.103762058292894,225.13989306140769,160.44828810433404,768.26957879401562,356.4723197574865,385.73223019585089,617.87109939363791,288.87255040265649,312.60742943522024,347.34904276212694,82.070260296935828,103.72842388162366,505.4042754709663,709.81142820696812,64.982811813085533,382.60845309707673,803.01456118027579,305.26607918479863,872.04399470629039,562.19552038923132,261.77611034547925,845.5620352742128,927.17873116345936,430.68479874146129,51.666350099109025,930.88412688071207,920.54072899703419,234.46016573504534,819.86854753071339,970.32569901744625,503.35339879272965,819.75008336076314,582.4137101394158,557.92316802786502,1000,399.04643289673868,551.15955954521041,500.75119965526881,691.52941506472416,636.39549939587141,366.41141939780516,595.40556321666497,274.52626088550352,97.29387804128379,107.12498590748905,902.61792039996976,572.69948392156505,32.556888036561617,194.21144843152274,193.68357275080396,664.59769430869551,629.51836334598181,644.89080894579763,213.42846867383895,825.55072750612078,876.47237115270843,270.16321882096463,379.49098932957349,2.0515623364472049,591.89899458031118,249.03021188471126,153.79569356920166,833.56918987833876,848.2146047974868,530.17759903838726,768.61498067938953,139.85929530788013,747.7459057014438,929.16272115988886,445.70733005181904,815.21062981189618,566.43443856769613,260.47766035066275,860.19259131301317,280.91876792805039,759.78100811317984,600.80997144569085,801.90272399013634,280.13283260610194,168.66163761827329,186.93427881746024,765.25269589613583,671.2627497568086,334.47019484029249,126.86995549977274,458.19878195974286,818.58656164568913,468.31353374367984,721.60387055114529,12.955046780158362,760.42120216553781,812.18597630992895,460.12889801931686,725.19763702147338,589.43109946401535,192.80515989778843,57.165792030438872,-30.929560326771988,-29.884976413764079,24.244438009047485,-34.938323519742816,49.254257075554229,-64.634745209091534,9.750496744568018,54.41484370573697,31.629095665685725,12.009750857161603,54.776030350201516,10.279665379935718,-43.864008722999991,21.662327809929071,-49.711162357646593,-4.4313956256812874,-5.5921014099701942,67.750421582645643,67.005656830571596,-73.890267204305275,57.509965377789683,-40.555494370271433,-84.265992345080562,-55.635293902358541,34.685759070429064,-66.505042028057588,-66.707542456990438,40.42382902364924,36.879802319995065,-17.210879625217764,-0.46653115448020555,59.496544079707689,74.998679857595434,69.597927201899907,5.2427734028719559,-18.676290057036088,-8.2037488163200685,80.605794874441386,84.584914066766743,-58.45586205738531,-65.450176455808148,49.922863605537209,5.1147225482261627,83.251629045971399,-50.226317393829667,-55.840595895999385,52.094353160242861,22.967854289835536,-78.649174223742989,17.00682934401452,-4.3448866519259983,58.40526885757513,40.036520714651097,20.195965168624827,1.0494650752878789,20.925043287673823,73.903373981068611,55.047909354671845,51.994853575472668,-71.434081041612004,-26.178753875675447,-82.395568080829051,-48.807264775460872,33.295230064192737,-72.528930020506735,-65.388594190135791,50.241219905737481,-14.16488126525984,-68.583910952735081,-63.128441439533638,65.401987457438125,24.449768554856259,56.247157099392361,-81.60883682429693,5.3580852239379544,-9.408582201546853,-34.164253890962733,-10.454638024726028,82.115090643867703,0.1349749675704881,31.707454092542495,46.64944005586905,2.3931097426804637,-44.571954737444472,41.171047399909654,-35.937963348467498,-27.39196336261729,72.156091818791012,-32.211088667125118,-74.673010539201002,-4.0873157342979534,-62.126561504883384,24.3933810319269,48.612826666267516,81.797177756057764,-80.946942179758267,37.000308763410729,-10.300157772485001,-32.566378774867381,-84.164892919668688
1100,-44300,2.0173536644383372,1000,192.85985486282991,679.04057280830091,72.449915043257732,189.66390865879649,103.24897716539388,753.17121998636389,40.970328527323858,368.49185623965104,604.8568102156288,380.72034457919972,165.4178266766022,0.7909041115929677,618.4212418948315,112.22958028471911,528.2690221594504,708.04368414256032,92.075148993467934,388.87796450490379,858.38838949375247,320.17541522656956,872.74105307780962,564.01109664949649,267.86348257905058,871.33548063774242,947.91803589551876,455.54462825369563,797.32410356510832,864.97464362422534,976.59742231298208,667.22216983125531,117.73271687790026,362.35873455296525,320.02716720882603,811.61305138747684,479.7452656221019,852.05097235937808,416.56746650644931,427.96846217269558,668.57402485766977,526.0271384853279,694.89260880634424,636.78126741722497,760.72282740392768,598.13213552438583,259.7260638607795,213.16384068844798,112.88723958972676,175.32200797086412,573.87877337500072,49.527705161213675,236.83453402904314,196.34981394774024,627.70265746861082,873.66866563322833,348.96493584619344,183.73316964346253,47.271779514817325,881.49645223726111,269.33939577113858,492.26939596289242,92.535764940151353,52.399220322214177,466.90929723927769,52.453655272195647,813.24906570266035,522.03696175958044,543.402933486645,797.55017857870746,138.35889372724608,749.19233284383404,942.37540837680035,455.19068818964212,814.03409633498939,138.96952478839856,312.03954752607285,853.62373421010147,296.25937129084042,758.46641909333607,80.079130185744745,799.19822242630028,43.317696318520149,824.06427927171512,186.34638210740937,725.43410602998279,677.0255317984122,422.52168483218747,811.87888515933059,456.76688117017517,826.25295198791252,449.9444733860833,721.70962935802527,10.825021727124758,396.7109229627178,664.50775464121011,439.28235488707475,711.67088217737955,587.30182769609667,241.36388948779251,81.957564099351103,-20.458457488058468,-30.254945454763202,-42.490653123055708,-34.905049270555097,41.920318536127603,10.289976662781601,19.714536797129771,56.737485613110351,33.901179800651597,-61.635950574013989,62.084287395075776,15.053170442001845,-42.556738809896025,18.434244062522929,-48.65383280757635,-57.705524628207741,-9.4906165600486787,67.843692432383619,-35.765619993863147,-65.520380481962988,25.405581048260959,10.942211309180841,-84.732296172818295,-25.144861449783633,28.85245648234233,-70.174192282659448,-24.142497696476351,-23.387354730662835,44.939756093822481,-17.489300062023368,-2.5152577211850757,-11.06580606195249,74.885855433353484,49.661495056588684,-62.688196056074688,17.659235327155788,28.876861154719915,80.710834536703572,84.723255214543954,-58.5929651390313,-54.08705085375847,52.912152208604198,4.8860870702862647,73.602218782640492,-28.541595644111972,-69.178311784878389,-11.966516393586357,24.06312353391414,-81.649184756306482,17.136796816615696,27.865357045373049,61.657322942035783,35.831636252588723,23.073734075429833,15.230341803268768,16.787926771382523,22.166842929526219,-5.8744566886049014,51.577865931264775,-69.797086327183465,-15.815710415094753,-82.303131442937683,-49.712538157401688,37.961436259860989,50.890387127773948,-72.008924530913674,-14.455043935901756,32.789986824093837,-68.621174480771813,-54.127913885493911,64.546942872128326,18.905082939947192,65.314458025013792,-84.124549328919244,5.5621590581387927,-9.7023918028419143,-37.06535310310143,16.438205732413849,81.711296133903758,1.9062734495522236,29.000266317633383,75.116029993992285,-37.884552304540975,-37.945160685753493,37.466638027717849,-29.01636574591112,-46.68170033975607,72.08026538256432,-26.474067874820431,-66.549407646471991,-4.0384460288994468,-65.223513936220158,76.041547908521792,49.489191244599219,84.082573307206147,-81.045342827919882,36.020947152298433,-6.2807821006536102,-30.038205813195876,47.904861439254326
2600,-53800,2.0222269228037404,1000,194.38197205906326,703.4159421701753,58.683006865317097,190.33951569674008,133.09114199392653,760.83896011114803,333.40655598547454,464.68706447371432,604.37586713779615,368.89142755032026,291.20844764032023,324.46762843543246,608.94562811488504,110.29376823444885,508.66071562406893,535.46494993760575,93.358327812408589,389.35752996023257,512.30025073058914,548.05986787923018,931.95243128410289,563.90490908618244,266.68203073281489,876.34464924767917,87.94379236920976,412.46190085979742,829.84644100387777,713.75244434796673,998.61311803862634,258.96112115969402,767.77246130191497,810.10097303602004,348.07195177680387,815.48883793983964,517.21091783233624,841.66776512645572,933.58579863443958,447.8301584007433,509.21394554266169,823.04592157907166,691.73881495318813,632.49900107626183,376.37854991362815,598.20979893758408,286.2006021340494,196.0914972633488,336.49592660886196,977.70525314084193,167.03966236314957,38.208546753819725,659.76505143617305,198.5633345132365,653.86420552871846,610.80632502619972,349.63378459015041,190.68728441985775,937.73490553932106,466.4637792636795,257.95474997779127,448.57320945940984,913.72441054537012,53.487864707242551,469.57615151088839,719.2395532817352,820.21918743958202,915.07199015692231,491.05804950645694,778.1359807963421,98.547972296969348,735.34952247218655,926.72833381316502,542.75551543496442,814.75564404602505,565.7736633961506,275.16626039754391,858.75642420009012,278.38624852103624,769.45229753320177,725.87204000753582,801.51259763514179,276.58221268452502,856.06697915722236,156.91302312838016,747.38569107415594,668.01193277455525,372.37786581597146,255.60321519827875,480.92477278848696,826.28827070241653,483.93491963865017,740.42618683421051,15.229997169992343,748.81352490190898,796.65549587712098,469.74076074998118,723.45293850470546,579.88470149068996,188.82710135223996,45.726815745449862,-24.481754169807235,-30.977563954995006,24.168000172519026,-69.84903602471725,49.807905243425751,-54.363393379773029,-78.520702185703982,-16.857395389889476,18.627973607298792,17.796221350384229,60.158941926044406,15.495320923050311,-43.829529786769484,21.53225800084159,-54.92731500438714,-67.850640418808609,-12.298950839817033,67.702462017417005,-37.56899642788143,-76.608556048881098,25.297020217971706,-41.052099156676505,-83.538389609320433,-29.804377921252104,28.501568949354752,-83.792301097741614,-57.513668305211525,30.160447927833346,34.598809119139773,-17.069874827496005,-2.926843943254295,53.576138114070766,77.082051985156326,54.746203603750921,-73.157545346711203,-24.348777882752291,21.446938910919169,80.621923882936201,83.965814704460016,-61.950805035084201,-62.83645892348445,46.583702970640317,9.5570491715879982,-12.706890941620983,-25.891832567968049,-15.297695850207111,-8.9388196380095444,20.403020424442083,-78.765436275178388,16.985791523664261,-4.7803664274757711,60.725276545087333,35.285895765773489,21.97611147686985,-4.1881829861693554,20.926225631254219,-11.057900946416556,56.475639774925973,52.431970605985562,-77.195504225337757,62.458309182219033,-32.917910305345394,-46.05302458219915,38.648049539262225,-67.219539206811803,-66.40821224169936,36.447146002576368,-16.47434393121388,-68.598194165076521,-0.55775035660780325,47.064118665427628,23.283835674682511,59.33847222088302,-82.064807884700528,4.6966736858952709,-9.4005186271917882,-35.665801049675594,-2.2412866946814329,81.663854947507673,14.586245323032042,29.993601129088081,76.423867516807917,-36.884283418472222,37.652948777023212,39.723088161617696,-35.552226286881307,-44.194638533791753,32.17195638633207,-31.118887677976392,-77.595230025370427,-3.0040465523095339,-69.327780473534958,34.002253872498429,51.289357936579663,73.171717319726966,-80.482085431414106,37.014330169842339,39.790381590049691,30.625837438050237,-73.173772890211183
300,-27800,2.0178371473452836,999.98320408731877,221.54117430036439,684.70265867580667,72.52062388266323,223.37306103221744,133.38396546505675,797.12691908951524,329.54955930704426,465.10886403493589,604.91378962704005,380.63210907968318,249.16278752680265,46.041682378755482,691.30852981951705,103.91970434371197,528.08284528079184,708.04333601704798,71.365510049072427,388.88133473566484,494.68593692434212,516.18551664651977,871.72668357688735,555.45610466025391,270.82874848475348,845.36790836089085,903.3201926994991,134.61068645650801,854.48354957821846,808.01314750509243,954.59274186420498,89.029069055201347,44.43159377267817,911.30178712432996,396.73297313101301,811.85627715034923,479.62599598699728,604.10984087556881,422.37706299665768,426.02813966774471,497.28660468573116,506.76185787638252,672.79669754987333,635.8872832138436,368.29642227232335,598.2118314794244,272.63365545271904,209.74996563948324,107.37874898171353,174.29053349088278,196.81685491318592,82.364198905869983,264.89710444959542,188.97120853080187,654.53373245349587,634.07565389836793,351.59265646050801,218.11245523214674,58.925454977081387,539.75995130617389,273.81024188972725,147.88520409665688,920.85718962313445,55.584333055205974,487.36423734936534,55.81498009094333,524.72291844162964,904.05628710143196,516.98345792415546,772.71257708237954,138.23754263249927,748.58220614055847,630.72981487918321,535.85679574127118,813.7030848806063,157.99030494372514,274.66458109092554,855.78738818906072,291.23149109093293,760.52733831324338,90.668525393491265,801.67562982854952,297.13502059890209,774.87620727849946,185.72703442434729,673.1634061127221,678.89895456525608,331.92682708990566,843.89379403527232,479.0619735140055,836.63776887796746,449.17483032642883,720.24603632670471,46.583534734313119,789.63055424152446,664.75308060001191,460.97373735125439,719.24714084093137,586.67729006939817,235.85105964450372,34.690626631725195,-12.917424198688424,-23.810965086616935,-43.544713507865289,-70.914412002859237,42.04989408786421,-66.855912688826976,-9.110062566498673,55.529105550474164,32.84459835586231,-62.476072079961654,-52.030931891502121,59.153528468932514,-42.447348742234624,18.299868756009491,-50.142337008439107,-59.204985593751076,-5.6583424631982604,64.506534713115016,74.747651542323922,-62.346863433442486,25.730593949934971,8.5188001802045434,-82.559634805519494,-55.943701888483005,33.759238356734571,-82.844179884521097,-61.181156731442172,-21.504900324253516,44.277935461020618,-17.637704504936909,-2.8296208988416494,68.256791732055007,75.009584722916728,53.955375766068236,9.5759639382000827,-13.77483266696045,28.910445776655319,81.116943864873093,84.718965253592984,-58.930538806646553,-64.587952877811617,0.1544716736389562,10.385365143180458,83.327921659881298,-28.151710966873495,-56.020330411715435,64.034990965403665,23.840265868327812,-15.221013684639003,17.462071391777418,-6.3470801440601896,57.778254315884439,-6.0142346506113249,28.466801500130309,-3.457717973057151,16.07807046490619,78.316355687487629,65.620704278440371,52.03976185710011,44.181480608880825,55.38135486229973,49.918794217978672,-49.303117076568647,37.708622265759999,-74.801024822503265,-73.742066104894533,46.443035106190052,-4.3333713258540465,-68.579463239064509,0.72378615578823102,47.37906380353548,18.204709136166766,68.54614419216972,-81.936759444332694,5.2898482598558489,-8.7108916777477621,-52.029885512282512,16.213555172749757,81.481120392205796,-1.8461477641121897,32.232316352678311,22.578511775769726,3.1856910975962087,49.534187292536977,37.368301092645282,-35.215878969144612,-43.048113682452843,65.219189368169864,-28.579723119740756,-70.402127714015208,-7.0723247074822089,-61.398909876514985,84.858450067808278,53.180346540647065,80.170507246189487,-81.088862975443291,70.426513283571921,-7.2839365315517384,30.652133174104762,50.95010578466011
38000,-66300,2.0584514443762179,561.83281684747942,4.0581717357590517,391.81645236114736,58.536801485014756,185.97144058436757,57.045392048407436,832.80972581284141,131.35579322241205,376.11663209200356,604.74438110067763,106.70364236604792,68.2454967900116,35.33386119454596,689.867579995759,110.34048059305647,570.65211036567337,714.85441250990539,69.667146896477789,387.04283868789815,800.83443785462964,519.77150650594501,937.90288969926553,605.11258726801111,262.08702975307204,844.60218087906503,147.23687678639959,447.99346984057257,857.34987448440279,776.29203803260236,955.47857925484141,248.75207719979952,785.76105859630604,346.67031090951514,859.14983676496513,811.63128275428585,499.36078598876907,587.84676466997041,486.62287457549786,459.22694704674643,513.52354357397928,819.13873907900449,690.87733325322222,528.17966145090122,257.70500949301845,595.27593078464895,277.68256069526774,181.7328931676665,324.48667219699485,169.43469433471142,577.4016619148249,34.560967190603286,813.73039050440661,189.30659296960636,629.65697456101043,621.86738847973197,336.07068196986052,192.71840175918169,64.748720829672067,501.39131062281314,664.31942605087329,429.20811398210884,745.48603090105894,672.39657420339518,248.05268231130327,126.07289782690884,652.74105821894909,934.76418649480479,543.09335772103202,641.27164592135773,163.18648737073693,727.19631881672956,532.94938347470804,538.27265649529443,814.42776048000917,523.58195033146114,18.704956921702632,822.50882936461699,159.26710875818637,655.29289874802021,675.14224203613253,839.87570095124022,294.85769848957199,292.90505902204268,184.87076877820496,838.00037497536209,633.59391901084609,430.75767584773212,749.76705267921693,456.51008376505291,442.69479221233382,454.53660496430444,722.91104130885685,23.590422707462007,817.02666741658936,810.36650825779941,450.26179132279321,724.47658724431585,588.4825020116333,229.39413349936171,50.277426850630555,-31.089169639697797,-24.540176856188438,-37.865743124102082,-37.666544643620213,50.1421238675225,-2.6426609911754149,-77.304819877652577,-49.683887513086191,-31.137979601172304,15.749384367743112,-71.501629960325104,3.8411591582343378,-43.735275589214034,21.43738689588195,-51.25728600698865,-3.6031403990703539,-11.468144818401166,65.007842739075144,66.596746228271257,0.88354106184535652,64.160731462980038,17.196735393896841,-84.649605106561182,-25.986653500096491,31.083711101258949,6.8396216617203578,-24.505452984294365,-45.13082492502685,-56.982146799241207,-17.244886105279079,-0.35242975714073899,-15.189294553845681,77.011766398962664,-36.299714208933082,1.6129972034972804,-21.121350273096116,30.597113343055348,81.129828935248526,84.748666736589911,-61.696601738836904,-76.240915834721633,-2.0241966941520513,5.1356219004965089,-19.63824955515684,-26.055608190050521,-17.166341868047354,-20.365220048324662,24.887740681254993,-73.719490082436565,17.079901028524294,-3.8561335478150358,61.06078665096463,35.737852181611409,-80.103783819981814,10.228434971639617,20.892509559820709,75.748820059501838,29.858612755974804,35.296882065842283,-77.78334147451659,62.939204697943417,50.465340755310194,-49.646919008359959,35.60303785587805,-78.062460939801539,-32.422606716608584,75.989284683746149,36.949026656557493,-68.585586526920167,2.3014834834990268,50.391349424268341,-47.073348096780194,-24.616980931251803,-84.871038642767559,-15.902392156585638,-7.6437127695490492,-37.106984522177228,-3.9231160649974299,81.705760100644227,28.56304282864323,30.442293867002931,75.503844342607152,-29.437279096312025,36.564117071800517,37.701128402467134,-34.995555507761686,-43.128736278084148,69.447835315007453,-24.771761338778486,-72.265013938967968,-4.7891481097818849,37.559575493819167,-9.7419077102724643,48.73155361307019,81.067243331608694,-80.717244128693807,37.0217445430347,-8.4952081313484236,-32.33217945994032,45.391057626265308
1600,-47500,2.0221042199342989,1000,192.03167889639064,673.37332625623196,66.756003336220218,139.15819303501098,157.82377044743203,537.41801668330186,374.24970597989659,375.51388858226312,604.38557249196219,370.91091965995946,94.509656999958622,102.68320759752345,647.89537472272718,115.85113801423512,587.33446376397171,516.24433383167172,478.88592211692389,389.30644871709774,835.84887242498598,332.35357490531595,921.28668903509219,562.3898133573548,269.62633763450219,846.19179792657326,70.401768872923071,453.01626413447775,849.99820710892834,853.7978884644383,974.68268392430127,248.18213678186422,698.51429366497746,805.51206813004933,342.00614695631509,829.07587583156828,921.56921920004629,609.78993060231073,937.97156036549904,451.22772876110224,463.20943023170042,887.18480894669824,673.59486306685176,643.82490770059439,310.17873298987251,594.24332712885473,270.93712470236034,230.80188175409998,314.78489871989973,163.27291708740572,541.82769755579523,68.927183224165972,222.21147545066069,191.16411300755672,657.45331765849767,653.79317565855774,351.49145770687579,206.43807567547685,49.542443798000576,946.64697089601543,268.39749923145428,415.8096061829894,946.92329292803311,56.866840985121655,461.43316330694802,785.32677352575479,828.09774377941415,861.90768394052714,517.08687552334754,634.84458846874418,144.42629772640615,738.52432631478962,624.13963377728442,549.6774431258458,826.05171706234114,526.61402493235084,279.02926626692005,804.08662077404495,700.66182956999683,739.82951843265084,57.059519946176579,798.74824713050259,50.271920002959263,171.00083680858683,185.03898711963902,741.01818758111813,667.48403619673411,381.01983498643608,192.81900863621382,457.2648828612277,822.83837695471493,475.17998438077689,720.90915502492658,119.41532734763265,733.07156854094023,680.90900837806714,410.8146473383959,724.67432501857377,588.2189383352744,177.08100514156013,71.205689587288276,-22.006402280426958,-29.361087823228619,-37.121061509722004,-36.174882953775636,48.989366723141167,-69.397374417476286,-72.817816808689855,56.804456926411994,20.235829348724447,-60.25273775550972,53.272012846635199,7.2947866593458564,-43.80558834443854,21.77901545408243,-50.148854421236216,-66.817689186185603,-12.460058032393192,67.913872328647784,75.21144580915356,-65.770717586824119,72.042148357104807,-46.050675734090923,-75.517488254080149,-26.75843066788098,28.586542893968815,-75.518237968370258,-19.396588381919553,43.362698452244608,39.578441927490594,-17.12688606461073,-3.9202216597515336,63.527162804344677,75.102296908778328,58.609534993395236,-80.787477735940712,-16.263995112455436,28.444227722240019,81.17273607496864,82.946204871384111,-59.832201983681131,-77.436992798814856,3.8503995428609983,4.8154585850697362,-19.915745128254891,-25.681974623309578,-74.134786331074309,-15.632502650949089,24.537178849733728,-13.590053868262162,16.907151587954168,-2.1438388990511434,60.948124724619213,34.781837891383226,19.146060990666019,-4.4952285082701771,16.375368805244307,85,58.101805250309461,53.416006091895106,-71.473568750086017,62.003772004826899,-28.076513604981951,-46.272620960677386,-36.855035842716113,-77.038395987068824,-67.896260892213078,40.94162187660362,39.376590107097321,-68.598677415417868,3.3556867008937701,47.245105216845722,17.551825114221444,65.471054118155237,-83.945441657538211,4.5901235545523882,-7.2306611829229572,-35.841371179378754,-1.5237975828757664,81.60712587525218,34.791686399509359,31.60805993023196,28.289473123204466,2.4116991072283396,61.239727283898631,37.561441123201163,-36.203164415956145,-27.725524516978702,71.831913853198614,-33.399593815671672,-66.323302790938982,-6.6568581292359958,-63.275315846809882,77.898896842052295,48.453441082490151,84.959503504199262,-80.381746452595863,36.812911004757872,45.713329391072328,-31.02149883743099,49.669586984167019
4200,-58400,2.017044682346584,999.99964382743542,189.57582668134708,694.09867044717089,59.413758284453571,220.63374580667221,133.59113929785437,796.63346555827854,29.547938745739913,373.39915472220753,603.35587605210355,380.08181414878305,161.6183536233917,314.82015182913807,699.08097100448913,110.34405809036646,503.22941082500029,693.01934717489326,88.649096676897813,295.98188986503612,814.85970387038503,306.2203717362159,938.11752260107914,597.75081045242916,271.42020808573363,869.45675452878459,929.38918872804516,427.68226436398726,870.46033615145757,825.29291066334997,969.2298769483848,214.2019878820519,684.29795518712092,974.90171507415198,319.30806423102644,813.96722657750581,469.59689853543927,456.535130416806,422.88757739413143,423.63687891487393,654.69204047109486,861.34038446257034,689.7469271202192,660.91229543126462,396.61941168468593,598.20842027161734,264.93053883262479,158.96375481292895,108.66486980929427,165.0361928860178,532.54700083718672,28.257275720488096,267.01249266716758,189.91668620154505,624.27333565691458,869.31758626626288,348.92775506824734,183.64676627774466,50.858083021802258,558.77629305796256,306.98374378352742,435.66671275859375,928.06616772006907,67.317248398783505,466.95188408052621,27.064358412442687,936.77207263557511,530.92210531447176,517.09235364903202,640.8926318923601,135.45689093540284,748.84101199526651,933.52946040832524,467.20472574693559,826.71689600135255,186.20790703137661,279.74436977800627,781.72100086758883,299.35098327120289,771.83133608943558,71.464380829021877,799.18473480563921,270.34031586566903,778.91892536740625,186.27383112425804,331.90106762034998,677.17100764683164,375.08861072854614,754.47358542475968,456.50938348642262,824.41302523112302,484.69749698843822,741.10972292749159,116.57913316800898,744.93063786713162,645.16010404832832,463.31130933242912,712.24323092414011,580.94918042275447,188.48703155188804,43.223228024115173,-27.176350293540889,-29.148419538527182,-34.509967296746481,-70.658630928051309,41.971962285269505,-55.750021283496835,20.937822800268179,-11.324450429755039,19.305505635083577,-61.552442196087135,55.414352921162454,58.306650484953451,-42.48552885446459,19.823901833634991,-48.995523951554205,-61.510790735956768,-2.7064537643223883,64.509639361006037,-56.335044184307399,-62.462989133110113,-42.933428174389377,6.902844108626736,-84.729634332430592,-24.866356882896099,31.681332747909789,-70.064059053790373,-62.049778637139191,48.08212421775162,35.025168306601074,-9.1370114835749838,-2.147630607821946,66.157703280142783,75.000529440584714,53.467146565084349,9.5347935225217739,-20.352459415613701,28.699578541237997,80.513020396052767,82.480278956640561,-60.339711955549923,-64.455083310578814,1.4433179222185082,4.9177249149905338,76.747169747304739,-26.801295836294052,-53.383763031555823,-12.012564346677788,25.639440161272191,-81.373141915799806,16.988006732795466,33.243694033013313,61.224994191446683,33.15798032733052,23.638347832872483,-1.391418601633905,16.815360952839296,74.084362068476764,61.365672533025716,58.239582113111588,-69.334229213853533,-2.0908080345331932,-79.677604948801871,-27.319553164635458,38.446113727979231,-52.20891371897379,-71.936472139020367,42.108599161476427,-5.7057181083156756,-68.588108194753985,-52.850169145644912,72.653527507175198,23.505259316147423,14.677019324069414,-82.037217731501713,4.8555934431784973,-8.8387590562684046,-37.006835788334129,18.70459078295422,81.745724256812267,0.014967755947220523,31.59998901190626,75.963177581526836,-2.3212322462965247,50.927312965642557,37.539384678268881,-29.006370832707155,-41.464341182020306,72.057143204603534,-28.58360559751543,-74.797353550832568,-3.8191436630069111,-71.247818250006333,75.911936994010617,51.303062597322118,78.723980786592136,-73.085718898278373,30.338802277258022,-13.297914663609083,-30.590854099620184,48.199325086390111
500,-31800,2.0172842147255592,998.30487452537523,193.41807972300492,686.95680990030019,74.157042858726058,220.51363682332385,108.88659590939201,752.63324248562742,330.99918873837623,370.16450204941191,616.45895751372439,145.13267157188233,85.581712277470643,296.40921796109109,615.70146043911814,110.21064080819262,525.43013901622203,709.36079311826575,91.14490648750666,391.94255587454688,828.98859421326131,500.18885499969412,908.97585279515442,602.24116262096084,267.16551102917424,842.72737928921924,38.890129714743978,439.25748830188564,801.82542626217401,699.684638946566,97.43686874060927,246.0248952591285,9.2682856537176121,928.1264203349474,320.75078646157027,809.53063733783904,555.52046737540024,616.28881100729745,414.01644093919856,457.35248921966172,546.15193001837918,428.90618646176665,684.25322611066508,638.58849254847667,733.63483792137458,594.00310448633218,272.44529458072128,202.00567156052827,116.56386995165916,165.34498247780672,209.40715679175307,46.192322699723263,242.35615229671868,189.68168006107302,655.5452820000254,614.67128550317489,347.53000889722551,199.15629168221594,72.200272050013211,563.44060545238096,269.06654431165884,520.8886394190672,966.77157852636822,528.5984900843581,478.54621321467476,823.61903570572235,924.35350943161052,914.07487820514939,511.29266930402082,763.28190555005392,149.45589350013756,738.92626546970894,628.97430189320255,459.02026369270123,826.28796242533667,595.87108896898087,270.3072943381722,853.40536216414284,290.20319503586717,645.97026786157107,734.49401498443649,801.6135760315176,420.17767526186981,804.20805754907269,187.76341669344851,696.12915631626765,677.11450400429408,380.39043296041888,809.95870450856046,478.10114767918094,824.78688941404664,447.54401668620716,720.55113828491301,13.805986980042853,826.39770540354982,799.83610041810311,100.2581304699618,724.26409588458023,645.72974640506061,226.4741462534904,44.781858858833729,-14.748070358538758,-23.464719662525024,28.272763196307245,-72.465088482168881,41.645933516009215,-64.024171165520485,-7.3285844177476314,53.268760105371037,-30.541215296973263,-62.267900927395353,66.488810684302834,10.726912917216097,-42.451446330601655,18.215230684339232,-51.817070399005914,-60.320780005403996,-5.7432191565644413,67.619670844355227,-32.197389638898322,-62.307436514712748,-36.793014198975087,6.1780335900326371,-83.43535767322409,-31.042496820188077,28.446830603870072,-75.384470849414328,-62.22930556657365,-22.089652697145929,46.800599309972512,-16.716113404903201,-2.9489476878173093,52.055032889751381,74.957348614011678,53.320919536835007,-77.520829259505859,-20.29560453365999,22.05704159298287,81.131217177447226,82.884830453066073,-58.210041142021133,-56.52959602557528,5.7374793896608214,4.9906065141511933,77.69797952264561,-24.158788440578242,-75.61202128192528,-20.553758693190783,25.387659580524456,-17.718753777584741,17.143349193477366,34.096075439130644,60.395392930009564,-4.7985195253761077,-81.54581012606026,-4.7416740197631011,16.76161327440359,-17.061333431692667,-9.4091947712337713,51.596401816647422,-78.512812624613204,55.903251080441976,-79.416414811757932,-44.518215823881057,35.47300758053354,-72.732824593585718,-72.600791133975065,-15.580832247139888,37.056501645416489,-68.495420037690693,-61.63880357670844,45.422758368719833,24.420047760553622,-24.811651664693358,-84.104809412904658,6.3182985033620671,-9.7360129993433908,-35.465066189227244,17.513712974458564,81.822580075020298,-0.46414824891737783,30.320846221598508,81.975083627324082,-34.716528868314938,-46.818511122099935,37.43663789465527,-29.107654762096068,-45.244142690713304,65.733892071019966,-26.667794165456442,-77.793505040857369,-7.0528022162521902,-57.225133998485241,74.743045447443862,49.401470953329117,82.664508464914974,-73.374061409969414,36.138894711729307,-10.004525767352584,-27.471723415935234,50.764991928649273
13900,-63800,2.0225653090760742,977.74173516758412,21.093534395751234,304.31087135483784,37.52582430757294,198.01050470439924,108.01216156635024,164.13129390569031,15.551124794978655,374.0976612195123,602.52170667078269,376.09689562794784,97.355782079496066,47.088583516281176,604.82005676279482,105.10452573430646,611.93022862269322,488.24809425539718,91.540205342536993,389.25799854563627,859.09831062369244,545.51484124571687,908.57280953956229,215.32323380210872,266.67900593082794,870.19431516982002,85.25062438676197,442.6412063011843,58.290953366345093,691.67788561584098,248.33924198952769,695.99487162422463,685.06006201162063,946.58076815662798,289.27230931301426,816.44188103544013,603.54988776078949,913.39202980529944,937.33312146615651,422.37033790008513,528.06664513138946,810.85703153045131,668.66490490673368,629.2451545777534,389.08380874253248,597.66422856951988,272.27206810724721,194.48058323092016,333.08663053116277,170.72266988642474,570.21572801962293,45.399799869929993,833.2803909466071,190.61572950859571,657.34062522245972,884.03697142671604,348.22341155615055,210.20660784653961,949.73396941257181,875.5556720075565,274.48731038974063,772.17149649181556,3.0928829380912695,626.73970188804378,293.31880641281316,138.85454020068545,821.96444540535288,913.01874628201801,488.18695638369348,768.62097682216051,138.41937799541762,750.65251147929553,633.28441079988102,460.72778563583893,828.0226433982474,553.53851520578473,280.38748643464317,799.10846488570189,290.29759959827982,642.14434591974873,579.95461543053716,796.68996541831427,43.08838063049356,41.470974755716298,189.00628025708878,740.34783051011027,667.70171138464082,384.75073988412896,132.57194826009996,455.81428217315624,887.06659549280369,486.4162226885,781.34250227278767,755.47876649217881,792.16019809030797,663.58796206680222,448.15052037298119,723.61818509190277,579.21763351505479,192.89533233839134,52.08058290866208,-31.401206248903335,-34.655153302281676,-37.632718860662031,-34.096444466913383,49.822812911849297,-74.359618304111208,-73.051464857934718,-5.0350768387531621,28.195217128017543,-76.702229660309015,-50.048580750585018,7.6021894732067636,-44.072315940768803,21.446456677065296,-50.390668895582387,-1.3966419887928154,32.354999347965332,64.764621247123713,-34.78428485038603,-1.4722936580085104,25.730343553411014,-45.708588819727922,-78.585605123608104,-55.395432934227131,29.105847291338044,-69.952831401721866,39.82007709194859,29.947704755253348,19.188734082354898,-17.670410004963269,-2.210946302129245,58.987345332121386,76.641313830301641,52.355443211116111,-77.224786515106331,16.819918737081185,28.239330745567191,80.681541129549899,84.276958927128575,-58.616135766158976,53.219823211772109,44.307047237697795,5.1931962977298776,-17.645376985109387,-48.791792594629172,-76.447976600943434,-21.76582504917911,27.781071277891762,-15.357382931223963,16.787792912446324,-6.6248287474909819,60.91679585142959,34.101710963799121,15.037975766820928,-0.52355113589815239,16.500061156956104,74.766113805063995,55.571697093044747,52.409291170318937,60.767172373846314,60.275299054488663,-36.747481853996796,-49.911618785055744,5.1282364022179046,-82.794052428615032,-66.646878975617923,41.866208110761569,36.170526036685359,-68.619715260884888,-1.1434446040904287,46.030118863967751,25.782329347962033,71.262514965985105,-81.991791859541323,5.2781207154676757,-8.2735792202686138,-53.086008891018338,17.427194384012608,81.213921931402467,34.46959112994378,29.897809609149693,28.510978690765,-2.9126253999490612,-51.888223585391557,40.850293541598035,-35.904858279287652,-44.405922618369445,71.559268878909322,-30.623164852492359,-69.07103359908271,-4.300874940449539,-69.914617415706431,33.739359288540783,51.282511914508625,76.050153281921538,-82.449968766082748,37.541384132953354,-12.147173852714358,-23.919321795334223,50.375318097421157
3400,-57100,2.0175705362805494,1000,193.9072242865978,678.26328638672112,72.344337135287176,226.42503259150232,104.53139814745144,557.86629855525484,74.261502438836018,372.9563011365658,604.57777793590765,369.54784331350925,285.35359963796054,8.2447537748686379,697.14208721653449,81.871998192616971,526.55171937818011,708.0749358747878,71.955401265065092,388.93247214687653,841.7457236672476,305.14597398899201,868.92475520252992,602.03148212816677,260.99947663298775,844.01077166427513,944.32207198337949,480.42179766568592,24.099172533062358,680.45691709494224,976.54825802843982,277.2700398241256,23.405117971945813,879.45066465500486,320.24364780645215,832.36636309401058,554.47227007069807,596.98929055709209,421.62700235091671,447.95649659915597,534.17329053744402,537.98677717449652,669.3332371307016,663.92425333433641,769.29485017763056,597.02689005647187,258.35226954175351,166.63072941851891,38.924102348174017,175.24695746892783,590.37194867273502,49.445518895779372,949.00000412012355,193.08814398706537,655.38558820539072,872.7642841751466,349.27556731973982,183.69415742745079,206.30678879983978,561.03307204101054,302.94837705258215,785.88014918599799,965.2594054849294,55.693199087779419,662.05870717823859,792.46859292363933,950.61238502996684,828.09874705399307,517.79367344962202,623.89249684285369,135.46611757450492,749.74555059475301,943.4659723581168,546.49791660183121,826.89847376839919,539.21008756359868,326.95562071146588,855.60805565329883,300.11799776168397,774.00370134488833,72.434916800060279,799.05717153619639,275.07032092211028,773.09522147848111,186.90704896506506,715.97380400227041,677.03792940335211,429.47897393171093,735.94833468841307,459.95212732136605,826.27341884572013,454.7182643839289,722.14058323728727,14.34006147877256,420.1365888973146,660.62307528671681,440.86017358460663,724.15646836156952,579.61723106153113,191.6776599590462,80.282390995211031,-25.906050090107573,-30.93741883952783,37.097001236137316,-32.48029132668983,42.046437418053152,-65.597300958533125,14.802911378135036,57.673952586992293,20.40312378876185,-62.692337891079326,63.610366478560508,14.339807928949858,-42.398168575369283,18.415740733586908,-48.581301589282802,-8.3349075532971675,-5.59936218166151,67.786086367284639,74.254522529304111,-64.8367329501732,27.500517135214039,6.6787577197872121,-82.802169502759909,-55.558764831109855,30.003117089744176,-69.574674732852742,-23.857323354865425,-23.959679692861673,40.301367814923161,-17.947930302677662,-2.3964496461744238,61.676705417368467,76.504302381957814,54.040308078435231,-77.271229425611025,16.651948297298247,28.874416450577929,80.743767694665706,80.343649692176072,-58.566287827614275,-47.738600270582253,5.8507201320694611,5.3012624882517372,83.412923986791469,-25.78411461675628,-72.934425022194006,-9.9493484955773752,24.038068788946845,-75.208890311636907,17.485749581158331,34.73308652626514,58.236781609050723,34.275055344080513,23.30414012294619,11.920335442998949,16.667495649679882,64.731263356824229,67.777343569709785,51.106649047785908,-82.514058389962429,58.608407157400883,-42.585644628983026,-70.782117896853521,38.500862245883638,-58.965795226316089,-74.116764781075844,-16.113395303966865,-2.3703841241987842,-68.616960904322724,-0.043270422696505051,48.43464647792765,29.53030908210534,68.576328165801982,-84.119784702330037,5.5660806961486129,-16.064247613667025,-36.967529802752011,18.628325009213956,81.477097243627298,15.052412056367132,29.074112570132467,81.540543155884578,-36.69322871411233,-43.184102104122211,37.45391012302504,-38.165422504162763,-44.775230391983996,72.020462280917783,-34.466663921913806,-74.696817508114549,-7.0405033957145786,-56.253794885688627,77.725204565825976,49.598494892369494,84.586231751923393,-73.30602819343467,36.163474452786986,-21.972711629120596,-27.60672185966364,43.320239432260408
17200,-64200,2.0230330265215506,923.26116134163692,10.291001314593107,352.19341528850555,56.946502150285504,218.71264757013469,134.05291603638281,773.72731610993105,337.08784359346123,485.47111941786909,604.32742245254201,352.31102330286427,95.351459385923249,351.00344801502047,69.857771508427362,79.981350392184737,529.52744454049332,533.23793415132945,90.897882945038305,388.89071356037022,811.5280150821045,542.04364132539013,922.6720381043699,568.56739926739249,265.33781319732742,871.62724867372197,98.606142939048809,465.27190224737325,703.16726266509443,753.91178425271039,161.15501148282226,232.5203726058208,252.71140954505682,919.81369334110718,341.96830494118251,834.41684443800898,600.36377125420677,466.82935343150717,958.68891093111733,423.84636540750358,460.08073744363531,824.43697169890447,279.64439317927304,657.84482459709147,375.97274837882941,598.20681410377881,272.16467673480457,179.31899292846586,101.84947333866278,883.29575622781522,549.83862628415159,51.589109271224075,828.98544816754372,189.09072195256351,684.39200087864094,624.95492481971576,349.6031868550071,210.95187533688878,935.43999222942466,438.22258347814153,270.33692887542475,767.33533264346613,872.26654369366497,572.8752462427891,303.30962381230097,83.935160016065311,896.72800903036273,942.65501178110594,529.67195638105693,641.82633037899245,140.62764416855526,748.29668901727098,938.31188255653126,459.30974111971068,815.09548555114247,191.98586313614118,274.63689656115491,797.3720021529831,291.97461783321052,765.89757550550473,82.522255166831627,796.88618883861409,349.15801899791347,175.51971978309948,155.78210659704396,739.87261916254158,671.35160386193752,374.43579712699972,718.91395845134412,480.66286848344691,821.72925635622357,484.06727293874178,721.87704016104317,13.059476427193596,788.9892419822072,790.83959107370094,420.21062408414639,724.94829854631826,579.33098167494393,194.31283330805459,44.604773418614769,-31.322212627978097,-37.431746684838664,16.970428925092172,-33.863839694593942,50.6077270213896,5.2195089335367229,-73.633476613463017,54.393278331320637,30.588237165578082,-61.309648113626857,49.316582823381118,13.212535012905327,-43.07369127285552,17.398177955615772,-50.058547755701113,3.9245752029703715,-10.536494035757185,64.720213012355941,-27.436955466306458,-3.557578086771187,74.309640316961335,-44.578084047025762,-84.677471711674812,-23.807907896928882,25.479784722963643,-83.218977189153151,-64.254067321694762,-38.832946844177847,-49.442789553462688,-17.517480059307911,-2.809923780731423,67.286056778007264,77.134716605524019,-26.086973148990449,-17.976521466704632,-20.247045723363485,28.729278260271741,80.80680540628137,68.01323827086307,-62.38898972017747,74.707788980018023,46.107678350847188,9.2437720035237163,-16.403259941724279,-25.818045106204853,-15.787199279236305,-8.931321618268667,23.359407983904095,-82.988319691022355,16.381698357492358,3.4735042584118556,58.39802455934133,34.039918154824733,5.0321132404717872,-2.8434986521341434,16.216167780837392,-26.366748533865934,-9.1012050917381302,52.37215096391855,-81.995483610900152,62.495833397534732,-81.09187415684174,-53.217105958178315,33.054494489169251,-76.40949054174007,-70.476720724048533,47.724850274586778,-10.072544342158679,-68.617105694713601,3.3228811668654856,65.317477175329799,26.17628258114409,72.79924949980925,-82.81169603510844,5.0322592712318386,-9.4158722311398027,-53.697446857427209,-10.638729558674722,72.21338409336316,-1.0170610774831026,31.731593943043173,46.809622988493167,-1.2180974052829041,-45.169036839699871,37.428262314100834,-38.581007851547866,-27.070715532511546,31.285226169464529,-26.857174846720635,-77.68408459703322,-3.2830736844725976,-61.967328288594025,29.794203315355919,49.856536619388976,73.71600044224337,-80.51578150263299,37.105188235458129,-14.176081215900956,27.8871830948789,-75.424675796300448
3300,-56700,2.0175812259804062,1000,193.92022914051421,678.25218651067803,65.280030584523985,225.57560277181256,104.53125511686352,757.33920267687836,58.66663414041944,372.90670409924968,604.58266224214401,367.27920696115552,285.4167034726907,0.779379657913987,697.12614268576749,81.415013628102258,526.65440531501167,706.14161470018234,71.961163612235225,388.89604058634694,841.84719155389985,326.02282140046668,868.90547144614891,599.89075908873406,261.11844235258917,809.94001681617397,944.32232443044347,484.72775158277034,12.601084570233411,685.07309826739868,976.48362647170791,277.27086526360495,25.068701500332907,879.45117569617526,319.16198421239795,832.362072473073,556.36289211351448,596.99751161739823,415.02451991328616,447.68225074426124,539.07523920079961,804.2148360363966,669.42928327290906,663.90929801802884,769.38511455578544,597.02070953736143,259.84853875242771,166.61464801471814,39.899905930545557,171.68060056907234,545.6109915996708,49.484476955697247,948.92390200072873,196.74916660517073,655.61465126400799,868.18050443438995,348.12283811527868,212.26350638377309,208.61867842717083,560.65725080065852,302.75577802221983,785.98553767593216,966.04855770472295,55.693350988152673,661.89692078720032,806.60468005487144,950.55044194915388,828.16869677267152,517.74132915204268,623.63644458501165,293.98214961494182,748.66957471534261,940.11215270999014,546.48358072313079,826.59071172338133,539.89245366607076,327.70014814756115,855.60554971673912,300.46787752356698,774.25021574312075,72.406695452089139,799.06147579313665,277.50136455549227,812.69655075684909,186.98202993005103,721.75442347831904,677.0383446910987,429.4923664690541,810.99424914700512,480.60620940518021,826.27492578739088,454.2034524659615,722.13793700877761,41.464942739082559,420.16251372224065,660.62015346487101,440.83263555788125,724.12364470156137,579.71453347154954,192.52851755609908,81.194130457346574,-25.627521842390003,-30.968971488703463,36.045072161056041,-35.505796052230799,42.046510980889707,-66.979606290005847,15.491226074194067,57.730046796994351,20.372901703205265,-61.596145181822124,54.971487755181798,14.353966762377969,-42.356332540126594,18.498263307752506,-48.58134162260373,-12.038720823872243,-5.5999334118571866,67.786083476725935,65.559236148709161,-64.836798031871325,-43.069535184845407,6.7099317915180663,-82.81319517004782,-55.517871163588367,30.045324935957552,-69.576679248190729,-23.857104760569499,-30.59102918278683,40.301396238468186,-16.693974051534031,-2.3961824005930503,61.996736051264918,76.435938000572392,66.440587040456307,-77.118353013632543,16.617252474733,28.875236914641295,80.749237662749138,80.34462517177478,-58.559942713823759,-47.782231379742228,5.855948296023314,4.6267748284466128,77.630836260549671,-25.818420318215836,-71.707396261212182,-9.9830851168529122,24.039185880652461,-83.046052813379077,17.131061264971301,34.717270207057396,58.245967913556107,36.115425879018133,30.681589788951555,12.105915037009579,20.617837673803059,64.658383586635182,67.777506915128953,51.106770666529734,-69.535308075811457,47.041612856685035,-41.263394849864156,-44.17905175796912,37.990027925114504,-58.32103410585681,-74.073740308160708,-16.053794758739279,-2.6031391221644666,-68.502491907395083,-56.987875087347902,48.016066325383932,29.532808597417088,58.783009032000528,-84.119778541367879,4.9924004117931666,-16.057760316234699,-36.967531477202776,17.998641756627212,81.460622368098356,15.180950844153974,29.048682742933966,81.959921526431444,-36.706362291134937,-43.181292007427949,38.627856504061711,-37.516113352494862,-25.677476652687339,72.020540998640442,-34.419301448987035,-74.713071217081094,-4.1132490175817216,-56.209284617698586,76.24420307510006,49.59830895271967,84.630761734951733,-73.065100350370088,36.097987581867272,-22.053659816931543,-27.641833460369561,-83.03847133086083
22500,-64500,2.0526248028635119,831.92741392300309,7.1476255505130695,340.59788968459122,58.910589483323257,186.40201424268167,160.80887454694107,812.11906603572049,356.50572665778299,385.70434693218118,604.16747254361042,288.37081372339998,314.6697111420259,128.54544510656939,707.18135361799114,73.408461730050902,505.40404501895762,709.88362010942421,64.766419218182151,382.65828348648029,803.01635527195333,303.72821696299707,938.47100432591162,562.31984899634688,267.7497093748629,845.56148310627179,926.97599291426627,430.69662088664057,51.638763813040484,933.29021627040208,920.56889204885101,234.46879984258692,821.8249591842598,980.47700814633583,503.3932499955605,819.72995876560537,582.42050191182534,561.39074884773549,1000,399.05847189156765,550.84135778639848,484.69472355627613,691.52458971832675,636.365407239413,378.6130093952309,593.63508497840962,274.95117508937284,95.799008593504283,106.91166170828211,897.14813132087852,573.41445911663993,5.9902170814404094,194.21715200094681,193.67758131842106,664.5811078671577,643.02789482487754,646.0375494169275,213.46975869422371,828.43205469226109,874.97245305983938,270.19658517774138,381.24793629797642,730.86473555439647,591.8783612485895,258.99899628221982,137.84184195125979,833.5765694793223,118.66029078957268,541.91539278784217,783.14518752897459,139.8555459928115,748.28430157071466,915.5898621269256,528.62433263206628,815.91507152541317,566.01047537944237,23.496472274283875,861.00078506588329,280.87532012072677,759.77971117448828,600.46944440512311,847.93362087401772,302.53939378730132,13.727056583346538,186.57055392930724,656.6350005326974,671.75292726055898,332.66818094860292,705.73566790244877,458.6808205558545,824.64612139231031,111.65616436123796,721.60165664150622,8.4620023983254438,760.38470498947299,812.18541166899411,460.02502239068497,725.19840997198457,588.54597666027689,189.84868363308254,56.715791647604611,-30.920801367681729,-29.986305508482879,-36.192752326134709,-34.928926857200729,49.191703152185951,-64.637568375577374,9.7454720965782027,56.424697120404666,31.497319632450491,13.421036523838303,54.700512525877343,10.282072783620132,-44.091848268158238,21.661847567242077,-49.411166397591884,-4.450142377485645,-5.4866656817467696,67.74453989492774,67.000852036150647,-73.929738460228421,61.842557425018001,-40.591335890387633,-84.487470701282419,-55.628139038264962,29.541467156293432,-66.346732213844589,-66.85245124510233,40.423822511085085,36.938632773125654,-17.21005218104446,-0.42053686547376412,59.536286386602789,74.998205106658844,64.960966361637958,5.2450997293212316,-13.265853985299136,24.734674671722665,80.384034780427754,84.566015548867227,-58.456580767928742,-65.385781776816771,48.640392560555,5.8596950431261368,83.302546927869287,-50.208799580598061,-55.905197297194547,50.123804242701844,22.973121304387401,-78.701822215385448,17.006657543033203,-4.3448729700792512,58.404479022948941,39.129359335876316,-77.958756536705522,-3.403383040586756,20.878591181258646,80.944492378615692,54.600836550163436,51.99447088654518,-71.590750693677919,-26.178636621343898,-82.642784110080058,-48.787166289105279,43.478237255729169,-72.529117904023664,-66.033522239319836,50.242058115621688,35.470222730639371,-68.58247622265354,-59.200904887672088,63.282816802722245,24.547808571529128,56.360698671238751,-84.820686615440806,6.4693021975146019,-9.380895691088881,-34.24465900333869,-11.695871451027479,82.116213353973194,0.13526124093007846,30.44049250445028,29.997408253268979,2.3921303136619785,-43.85997248187266,37.56688473828536,-35.906852660522254,-43.465243915312023,72.162309507848221,-32.137764503096825,-74.712197592554134,-4.0863602351796366,-62.111300808519125,24.393125113190425,48.868021093670137,81.861523554940575,-81.12356489388651,37.018813702818832,-10.345844467223298,-31.867100000255132,-81.885329677674449
40300,-66500,2.0201230549666493,519.76637659537096,4.2698701077113981,693.79367930910325,71.766193207826618,166.47482015686546,103.78387469999336,922.90669993536198,332.64986163309476,375.74468371774333,602.97052803744157,162.25739539497391,290.96023582693988,320.06568469945887,612.80416742321461,104.00406572963728,592.37213565480886,533.79670872174836,79.689180178379786,396.53352284717141,854.24815828582371,527.76333177577703,909.10408351470653,565.74512902268691,266.49419295430187,845.6953376298444,146.34633931541646,80.744163134641724,9.0602751538298207,847.40989201453954,982.25428848869262,699.02589071106036,180.26424913096474,416.10548714851706,758.63328042874514,812.79245735007407,478.67941470408238,878.09155762104001,336.13504522800281,421.379471625051,506.27436587399939,510.7080435305374,685.83147923213426,610.44119524266353,780.96424466575218,593.26022614925444,389.35233814355462,209.11319587417657,300.75916514401018,170.35157260416085,574.68484371071622,29.001011655230645,706.61228847950701,196.73772765306819,621.78476263486527,835.70940285564757,375.28102615939304,212.07478752352114,924.04788642450751,875.06126703193718,296.18434489967035,456.53409657679811,916.88429786090308,179.30170647708877,410.94990988034897,791.86911498228642,871.4103392461642,955.63082211055871,534.05889606016683,647.97801991314509,138.51157333002828,743.657913071238,947.79708909880105,433.00812843889037,828.57360369760056,168.74881384804723,294.98907014354643,820.5142357285157,139.18301287153724,652.20202862610824,590.1422608596846,798.96648530992593,314.28142946181191,760.56532251293595,220.93247113364899,742.35462792931071,676.98691072501038,396.91097557938241,771.90636569092794,481.1558812163974,821.61672581164112,442.36227307493857,720.40533739350849,25.027102487023193,755.03554840699337,659.40181626290496,380.26171805742581,721.03074819108565,580.25936309094777,194.0972933007877,193.24113299191168,-30.863631447697188,-29.598279969298634,-35.384161230024887,-34.9028110886291,49.784539840276679,-68.717977718740087,-72.065685446620734,57.444780302389233,30.534443042807812,-60.541000116061426,47.318314840097365,29.00959438289685,-43.765516602150051,19.113812319190146,-51.500675995970745,-60.154653550869156,-9.4505696226190032,67.417978287244495,66.644258612729246,33.970337687999795,62.009591417623874,-42.677812516305615,-82.518846212003481,-53.065515103055219,36.81035625137401,-74.628421937139265,-24.840879240247066,40.642508764727005,37.162321899131612,-17.609231150272215,-3.4216126778974818,60.405582551266058,74.923653073693728,50.902447311479577,-78.717504555073802,-12.344593342749103,-8.7808257176337747,80.8244222602397,-53.568062660280425,-60.441193064908816,-55.084103903967957,-11.654505317705578,11.754863626025887,77.910471322195733,-25.741376815475409,-76.05156988942997,-11.915479737485425,23.842239014091479,-15.898570787897187,17.016726450351875,22.882681292163813,60.749893388661185,33.888113411771734,22.337778714895691,15.781471152582245,20.752193016494676,74.983694493568393,62.166530012799086,71.113343251522906,-69.959416264900696,58.279961601139085,-80.609159047426118,-49.675286740142994,3.6034677073309407,-55.306277496010324,-68.422728039922191,43.799775469958519,41.142017286357209,-68.61184345312779,-1.7416831773853958,58.415529688998681,28.489805124512699,-27.647491398233598,-84.012406026902212,-1.5452514946863385,-9.67297657956248,-34.740951499762922,17.126289485710636,82.001921739338087,-4.7902074870092992,29.848518165646716,73.209621649526511,-3.753050102692757,-49.905721499920631,39.500957498873746,-28.417775246701648,-27.27401797590775,67.069705344028407,-31.137703312319989,-71.172600956740396,-7.2090147303595673,-61.479757214472251,28.855569076580945,48.866294079797527,78.801705452825772,-72.807293197220318,33.336595943563033,-5.4230575546222965,30.167135778252046,45.518694467011613
33500,-66000,2.0207335804435944,642.84661245569384,7.3145148473660981,734.40560383178286,58.884852514780526,127.8917661507711,138.74530449316183,773.04625819891862,335.549687432442,469.58784109557547,604.34845321251726,130.58789553524474,282.41907465186978,347.98056229824459,609.50103360641151,80.720134834923059,619.46555872568467,525.72368782408603,448.87290177947796,386.62486044195754,842.76926715213369,298.77990863053714,908.52483168552226,566.27896211907739,262.78054502257294,845.107498128565,865.15053364361802,445.39861561270743,983.51235874162899,780.86474923713536,934.4947427203914,179.67091945564383,784.04496173164068,915.84505396385487,332.84472176473912,719.36642259279881,521.03638281216649,406.99055519669878,1000,419.7814459162833,459.03479042969894,505.87728219745145,298.50661981621658,665.62924632545798,341.77691029087543,593.71363544443568,278.69189445946012,180.07697786848368,106.182544921632,164.60969720073086,195.3618235942092,37.707885357422903,801.60796227098558,190.40557939449334,656.79035134361254,633.52316707787645,351.51704899933213,235.23218326982371,780.73332836449981,532.31071126227266,258.20154714678944,789.7979961514252,891.47541662473486,17.883449146590578,391.82939099210694,795.7447570641383,898.24052127885147,955.74600566177185,488.43125692380045,646.17660210939891,140.47966250838763,748.53629749191043,926.85421062106707,458.6925066464463,825.61646754162041,182.43683992204672,275.60731190500928,858.222523332386,294.21147311381225,775.14824144860324,88.202622144331244,799.03669455704869,345.92790675572871,171.93462928754451,187.30144877174141,743.50639036795747,678.28884555334196,373.55486857860245,20.823972223085427,481.55222476024204,824.28198751948116,451.12389343237692,721.34106344539885,12.987258862550755,749.67638719301306,808.11748951848335,418.62789589873847,716.77435480059296,566.27531666859363,194.27041896063722,196.69511337914457,-31.326648908915047,-37.836561506578406,20.082558850035021,-34.294643665331549,40.804212125180925,1.0215507863415496,23.614675611068215,50.382614153813208,-13.446286988022663,-62.981282461516642,49.621024262496206,12.047218675769354,-43.770253239546669,19.410352515122817,-52.527631152576859,-0.89052988456251547,-10.963773512080142,67.831551783137712,-39.542088724720237,-77.339139749989414,26.395956119723667,6.3095481037435519,-84.855315680425988,-55.028540587260778,29.659191447664952,-74.485372448480433,-24.186292511736941,29.728765228432167,-51.560085486410912,-17.097692721619573,0.13975658680925473,52.612518201866621,76.947086732988723,49.461888815804102,-74.64942733144207,-13.461541267052034,21.770036080885511,80.561700527139521,84.937466755818249,-58.408535733024962,64.789461718722549,45.780341058325433,9.8771967904706361,77.043578565178024,-25.943137288003118,-15.797185884253974,-10.708016537937036,23.173977682927408,-83.413752858404351,16.972622512758178,-9.713734110174741,61.058217765549273,34.940952243852927,-76.374563430631966,-1.1360932770617387,16.819249013494037,6.7924673030870295,56.382710826436579,53.821666035355641,-81.060773408064762,60.165714110428404,-44.086328189846611,-53.379732226558708,32.823739315303577,-66.1554947640942,-70.923670199844665,79.936822214824517,-14.732464325755874,-68.605693745459988,-55.198591845564259,63.114270513635731,-41.942950907140606,63.69712461442262,-84.112029486153745,-15.82961757355541,-9.413935464349608,-35.384303678675835,-9.9348551570447565,83.853809171870196,6.0982157655755298,31.625379046909526,78.398931471535462,2.8344021982290286,-55.16635806571486,37.418228511091627,-28.309072791196545,-27.289981626720163,65.817510240253327,-31.479292157830795,-67.717040605091924,-7.1057503348016784,-60.429764946584783,85,48.290469706369066,68.977192732939443,-80.136677550346931,36.953642440628784,-49.700790216111699,-27.613706883467017,46.476478261728083
12700,-63600,2.0222267661698048,1000,11.044181074895107,702.83880221485595,58.805233106196113,815.34463696357307,134.2545002667444,753.75349030390964,326.76057550101302,465.94518337409386,617.66548527452426,368.43033530120954,269.17275489588206,347.02350343261088,83.307692644964561,109.57286602299995,599.44299923597862,539.98354350847455,87.25937486715695,389.31812824268047,511.71619605299549,553.14288319814727,909.03797979864862,565.65058713149585,266.70422428713408,875.48144644346451,95.755068700510932,420.06358967175908,781.60638483543812,702.43141171977584,999.28664360282642,258.97573940213027,755.74771511870415,798.49841113361231,284.19428429189043,815.74810483164583,495.06299102556426,391.22928738443028,936.40966037695341,448.16660140861296,552.89894652309681,820.69435821908382,681.35498535442969,632.80346396293737,388.79111152708708,597.77536271820372,278.83994737284996,231.73411809719795,101.00155994091335,170.48469846909194,561.80615367318501,31.166027255539852,674.61205868567345,200.27305789553154,652.30279443084805,656.02966905334756,351.82549970469347,208.06405492618202,900.33420895384779,890.66287355387692,274.95048276136743,780.17186907053951,29.839372708593658,53.045081101386458,673.49220623185715,100.02024342494065,820.01042812849596,910.37869463541631,486.71332613774018,773.89464103621583,139.13810966387732,735.4702377917049,662.94413023663753,542.77926741024794,826.73949908396617,174.90071697665962,271.2536205342135,855.58355464968838,290.04046262758379,766.40651510133216,122.66200680186566,801.95027486899312,39.725316490243245,183.07849471969035,152.57633137600433,744.4550827563786,671.21311561915491,422.73698007195907,118.88342969381512,481.8358209951362,846.0214666372691,484.95155652035726,777.75212258925944,16.213440528697891,791.72830106439415,807.59276158233558,467.33313583785394,723.50072001215881,579.93399459419356,193.90329191958699,50.078639399009859,-31.15779366768561,-30.420282413679899,17.806244123957459,-70.090235881745286,49.535984134831274,-67.910062020268086,-77.375472227264154,-19.524968317714226,28.314554057088298,-62.379724427482849,-49.031087068478456,9.4281081837191856,-43.955691323287184,21.760732954660568,-48.65509723371968,-68.133908994768746,31.492814517860246,67.935344336578979,-36.539116258177472,29.234789766452298,25.659581269895117,12.805561544306403,-81.569695327761082,-54.130674259401438,28.634563819238821,-80.132951230779142,45.363365656058008,29.614035992639934,-61.682250179393371,-16.343298442792271,-2.1781479862360791,59.314754231780995,77.074991310412202,59.092778506515828,-72.650392300551914,-18.900761802588946,27.241632329624352,80.746725592820155,84.999073405328318,-60.981689401759439,53.470264283701908,44.965342802817567,5.198471980328276,-6.0432531807212859,-24.255827654375942,-15.972451001363904,-9.6650335430327683,26.718337144273423,-24.733534636280357,16.993886878778294,-14.409192620143388,60.908989448014921,34.983665188524697,22.103336327622486,-1.3633069738108452,28.497633318884663,64.01544117421264,55.459779207754082,53.46026547696998,-78.959801178905565,60.242331727576939,-36.74822659520364,-48.836959321599281,38.543256303227842,-67.303865797132104,-66.448784977780988,44.91814974000571,-15.90377749729198,-68.598174556335238,-64.849878350342308,65.343010081701109,17.195588275488713,-27.063760166691416,-81.480351851205697,5.7200662015978132,-8.4690365603285933,-37.9333568086317,17.70594192847674,81.090462524358557,1.1138494044279881,29.964053166221607,77.017200079034296,-4.696623619800814,47.377494301754581,39.772660540595439,-29.116868789041604,-44.675164799038747,67.109895761794675,-30.590693014428208,-77.817353117180232,-4.401360654906024,-61.861119076482993,26.702968978434349,51.292213195986129,84.996527200872038,-82.440586701599841,36.883939888613526,40.478134144843466,-23.959028009636199,37.986654735193802
7900,-62900,2.0222199091322626,984.32267001525895,192.22349322857048,279.9694959812806,65.983701653225296,114.48698074717981,108.08465234570579,754.94388656885815,109.82396235273779,370.74333799928922,604.82498181598601,351.68285619211247,312.33556348372741,323.8418929454495,606.17267284993954,110.72696980743389,501.42061446995211,705.73777683486662,91.021313554364312,389.23246918352481,498.20476038113492,545.76834546680516,875.33468258308699,565.6729695987143,266.67331071499922,872.09862020213529,94.736727932385051,86.082428222192618,164.57934750045558,885.83470521713673,938.99428251136123,258.22516421293977,830.11474012872384,952.83316024742476,284.8043397917977,815.66002311330112,953.47098481161765,908.71433377269886,938.09414562601671,411.24822227598082,506.96509893326498,517.39162215112401,306.02942398899006,629.95208984239059,365.70436082241247,594.37543239565071,274.67741206605393,178.62841492104639,345.71681989366556,170.53014386115927,183.91492279655199,38.289347358670305,666.99997819927216,198.68620028592582,627.79268729326213,611.60552707656302,350.60142722454407,212.17395927331225,765.35863505616703,913.65721287390363,258.26487680062951,438.9598905348746,4.5928995932441552,53.791050730653993,662.22061850976274,719.31184332176178,816.81412106317543,913.5160932746295,490.85466855985771,651.17335369916225,138.18504126337402,735.44372465203855,920.06456837587541,541.88392750843104,813.61445880922156,558.86163310149766,21.595120611964489,798.3561496085207,287.64334286034318,646.2648871116437,96.741288330496417,799.24117160770925,445.0003955315114,172.0217837247049,189.18063884569844,724.61007143278709,668.12148996909855,372.93594984142084,119.53454373079279,454.24869502271878,826.52931380393522,483.89875093433068,739.73027008712825,16.378601200181667,792.36848816727434,802.18518780055877,406.00917616549913,723.13482216239822,588.61528794227365,188.35241360632961,45.768758132240308,-31.161507687751651,-30.992282022048059,19.622797166782188,-33.789521769016403,42.225082418781078,-1.719916451239115,-74.116868554807255,-18.022105020920769,19.006951051087942,-83.030141533259695,-45.794135815703569,15.096824800168932,-43.908371824712233,21.637143260422889,-54.590644626456161,-69.215655767685774,32.407128510478543,64.849287946447575,-51.207648935187848,-78.255357533006659,25.720813657731181,14.826442125625562,-81.660433930537948,-26.260052484901244,34.694877079230608,-80.065914067830604,-57.289437512433466,29.293735641928748,35.091432029990763,-16.349298797938186,-1.4307196242383762,55.21181059004175,76.587674097753109,54.601061916015396,-80.321205864553065,15.938968528364187,21.821720052270038,80.748491594677603,81.070537817224135,-61.219597416073043,-73.112665398935604,44.188876363228921,5.4196571791905077,-16.10227110700869,-26.903311924861008,-53.434377759735284,-10.692119188175072,27.108065223381377,-78.281454244061038,17.154870363828284,-6.3925563009832036,60.583795992329968,34.998489084164149,15.915608453120726,-0.5531246784684678,21.200353338302268,-6.123116948887855,65.19490092907175,53.741022564630072,-77.274102553996528,60.524720094370053,-36.639582466881571,-49.66512732841322,38.698156906830469,-82.065384591170087,-66.529711152093071,50.739915704888283,-11.049569057688561,-68.621181667705628,-4.016320380963819,48.417963399948789,-33.401624373936926,-23.098684449882207,-82.020154199348937,5.1305343823692589,-9.5562971675944901,-37.769772595005023,-2.49758289731062,81.243425951544694,1.1461121780754908,29.985803498149092,28.706775124425189,-35.348398705331476,-57.904046072956675,41.113143852867253,-28.943467744057557,-27.063722162752605,67.105893789411127,-30.644795773924262,-68.770219259310835,-4.4001988666038594,-69.391104935470764,33.631297229644737,51.217637489426615,84.89675419228638,-82.422513457448105,37.009421731969383,40.030781314428992,27.915706865218034,44.606422631836857
100,-21400,2.017357063714567,999.99999954198097,221.59055929144409,693.2900452222641,72.396098303232094,220.5829322919096,105.90181835294413,550.88923499552072,347.57625419901865,373.27116371131478,616.85370488013439,383.96345041601825,81.533481683693068,45.719939382475026,693.92689872918641,110.08178385250815,503.96683621284626,707.89340273004109,72.609811368467689,296.13696562514838,510.02685615906267,308.10697983418135,872.63465887015343,600.03214790763047,267.79081303933611,808.54114249175973,903.42882015367206,439.05262902418656,974.79136887881464,817.1858119948331,981.41511706163953,256.70053213510067,30.620067508678098,71.139544725310827,319.63483398408249,810.78107854635948,487.88213731067572,590.2118587833445,413.14906089652379,426.14845499453617,536.91161779032416,514.28506172372113,684.43330709119493,662.79164661879111,369.12185221942502,598.20985867306604,286.06687009346319,205.58412703034489,95.756940082696602,174.29074455273059,198.00659900162563,29.200275855905094,237.26254351659205,196.45171227990784,630.23363318860163,644.37869733119533,351.52252168721782,199.02129290414169,50.946488638499652,558.35274840942293,273.81207389407194,138.10727524610448,928.56329639140495,53.079976752500968,478.83742904478459,56.131966133420399,922.46304214116594,914.79783517131295,516.94432922634383,771.23167142220495,138.23739822601601,739.23493272026315,632.4253070487099,458.90240116184549,813.71093556356584,573.2755666866401,260.24768704694804,781.90323217245646,298.21395927166077,776.19118810436305,90.663449806246589,801.65578080351111,420.88254704939021,770.84620496631953,187.69236474827224,693.9718355980649,677.484081484581,374.71111723688068,827.44887245984171,480.38556534955825,824.27309765501923,447.3543334572056,740.96063583275736,15.221006418606693,787.58363258395661,664.81954787993925,103.98810440193954,724.06214052846917,586.70671388608196,237.70233697945486,33.135577868733016,-10.059097906198303,-23.805859439507618,29.625713244622347,-69.985410215691545,41.656579562540593,-57.679528332905967,-7.970318873071129,53.765108610490536,32.672448319357628,-62.567656761605392,55.20178265927909,59.542853868862295,-42.447481885402617,22.179905810800676,-49.042483604266188,-61.525822221069063,-5.8028318404448314,64.498723908654497,68.773288076261125,-62.420241395361259,31.459234976587787,8.3264880350324937,-82.553735667054809,-31.112829619554233,33.737243833130748,-66.44883689136617,-62.127476645387866,-20.821236002198148,35.540740874221143,-17.445599802845006,-2.9795535880048742,52.07087310238532,74.998966491392508,53.938688580764243,9.4507363323688658,17.407266907654986,29.22092539991673,81.122495682366988,82.493705321392596,-58.138319022703058,-54.678078839710253,2.9096305410380783,10.198211007369233,83.322595349929415,-27.167544356872341,-54.486518576052759,-12.028037946270036,25.644394531256189,-16.809634430614334,17.143531507567058,-7.1880464760770879,57.661489334248159,-6.1248658518866153,28.426970715891049,-3.4599845204568078,16.562795377305257,-11.067178530846213,-11.517060520054908,53.703235850425337,-78.648579830308236,-8.2644662772953481,-80.605102132720333,-49.378748580032564,38.353088865246583,-70.931590246370831,-72.082372753654113,40.893517900559758,38.235529708617143,-68.582659343261213,0.69719467693505299,46.610794352680912,-33.180188891050527,65.17926767065461,-81.932386861199333,4.8390210534660127,-9.6878224735416989,-36.783231797687911,18.699483850278263,81.463654779114222,13.704572834320098,31.66182420007717,23.112134415088924,-35.262786559781638,48.089391125931442,37.437917086017229,-35.193403334630865,-45.598169029164929,65.953547739384931,-28.505324341546089,-70.418705258655493,-7.025937096908744,-64.539716161680232,77.931821569688736,49.570673729345749,82.751032515962095,-80.864702931095891,30.716751856395277,-8.4331315516005532,-30.485817897575366,51.032243986887465
1500,-45300,2.0180210880796423,999.99949171156277,180.35280821210713,679.26360790415652,74.066031519691549,142.74141856338341,156.70672886556309,798.3360182762882,328.97087069534263,464.32738868107538,602.67824479302249,380.22370436690312,250.82706923206408,326.84804530801762,691.08174165900084,103.71609361335389,527.17716766285116,513.81010358441995,92.370078255240557,388.84831519175128,493.4714564298863,517.25853551878458,909.43432510209175,554.63921322634667,269.44744822539832,845.3700950687097,81.168113946269727,460.77911236127386,854.47905226294802,854.2486429882465,969.70259721262698,100.85042640636442,709.49794219331739,910.21538221916433,389.22218734797423,812.20776119600316,468.95480715255007,594.551515412306,442.90579861173649,410.88607347979871,464.5687021923701,878.88428560552313,700.04441035367927,423.70802973694276,368.36272097464911,597.16420798147647,270.79227544475896,231.1071227589735,106.67023268831889,180.28962337324208,189.47262136811105,82.810993024137886,247.51438456844167,188.96065060448294,654.52541530050235,632.47016104078784,351.58655575736094,217.76682847324761,49.698508160934175,910.63748010624738,268.06710614393796,390.80833494994556,4.2075606693596797,56.778420102506651,487.06110932067708,886.96827506232933,527.47010239125962,904.87387683918291,486.43884419452604,612.40396877112175,138.20107912037761,748.18260130256533,626.2210306195924,535.67899152646851,813.6202968644983,536.81065921615027,281.0689937757619,853.72516704090549,301.79860097173605,739.62643959967625,83.807022510980744,801.62304123970853,38.285244535768555,181.18578820725941,185.05299760880973,679.21364768546641,667.4272033194643,331.26134740002658,844.65455397659071,479.02058303353942,855.97278489963651,449.24634868297676,719.74080557955369,46.642699793799054,789.63103295391045,681.08030703890518,460.93188533413604,722.28052829830494,586.65693387728857,174.83508651526293,34.868755078552944,-21.733820795466308,-23.809690351636895,-40.452249370603084,-34.142654298428795,49.550784929475178,-66.855189745189932,-8.2643848976228469,55.402465174295415,32.848405522352316,-77.691174598325588,-51.231038490925059,7.2502903319228373,-42.435282042283824,21.409816400941175,-50.150874520770472,-69.66276170774816,-4.3543040481421169,64.587099717543751,74.75525138588246,-64.379990889813087,74.496260907015611,14.953396858483378,-81.538652071208247,-55.860114622694283,33.629919750322941,-69.866278221891278,-19.241619200316258,41.795763724762004,30.624506917694038,-17.082483911101217,-2.8501539542259584,64.594042885116849,75.008841552186283,58.806029544527895,-77.52736010586932,-13.849688288644648,28.910514291217709,81.118104546506061,85,-58.20839286470364,-63.425889534071658,0.99508387687399846,5.1004850058344839,-16.307180008262158,-28.124386212450268,-73.27336659250939,61.953366270660368,23.870811391795353,-11.248070165503883,17.464209724186311,-1.9952238001714617,57.76877769666261,33.491307052782147,-83.82179453718382,16.139997289261814,21.734885482348414,78.401865222059371,65.577326272917091,52.000344543694474,-70.328271657367409,55.393130993675229,51.572619851382427,-49.305725975776504,41.727636002254847,-68.19419716302545,-73.745776041037914,46.390808560135994,-4.3219557122402534,-68.579463931089919,2.7333098418171247,47.370629185501073,23.380194174339497,68.484730982713174,-81.936910986514192,5.2806443277368267,-8.7696214769554324,-53.04490887304204,-11.709805087317108,81.476304491327554,-0.3860746444503711,30.451771100537449,22.638562213860084,2.1350445372415843,64.774479230390455,37.367604380646746,-28.900471063743439,-26.514723126492861,65.391047279771769,-33.213498594610371,-70.408612661781802,-7.0307759675614534,-61.51019176488483,82.939881493184942,49.439493354185181,80.124109179463815,-80.393070358106186,70.472193893821881,-7.084396670574761,-23.79925936647841,50.928971191893005
68300,-70000,2.0531386208995204,20.903945254920018,7.0075203798855341,362.21736377020977,71.876048871270427,155.00339234316522,136.57237289462236,198.03849721217438,107.93650259377755,392.99603798728697,603.23556175365195,368.81053580298243,285.61071665091532,132.9061973857863,242.57533203083631,327.27186923127044,502.31855652425389,518.44255910731727,58.203316512091817,396.01437336173564,803.22397539168333,531.38777637074293,912.8248386138722,545.20132261585331,262.35311156532674,844.42829098343384,639.61815923376639,469.15841525005396,970.86157885562397,842.90429891697875,963.34862024375843,245.02158851945825,762.52139867788287,940.93704766415522,597.71093767843934,819.35756703142033,545.03605649838335,874.651749779498,425.10805185098485,418.67942232981227,549.89077496824973,554.08845336206878,692.77702498112546,637.15819568229108,366.40160484860326,593.81808422881875,272.09455853541249,202.49171206533228,311.52240838127989,164.9218917619182,590.59122884209523,31.129466030109242,194.66978594768392,193.54012293053529,665.14287835737923,635.05927536368563,712.90608056104998,230.25312364825231,831.12516606118947,895.70786317397483,273.5761069638279,708.6022144799698,954.69231170388389,183.60155726061444,380.4633790819305,860.58374774800131,887.45321765556014,884.21600514214742,545.48731859076247,765.4789665257473,139.44513354579084,748.12403341221921,898.87972797922964,455.88209099451001,786.12806338374253,194.61144914914749,270.79721953945239,802.60690341658494,312.15875274207332,650.17637894147333,610.2243724284474,801.57809049219372,275.72935045104725,299.84035565971772,186.43126233235452,758.43799573851254,631.6669264319263,375.25476811619455,801.65369448886884,482.95001940614014,825.17169169618478,448.50213768589731,721.38600315745362,0.95589947474875814,759.69320034822374,812.61675200949878,402.83646060743354,816.21183014087342,563.48797872559339,203.6513741111803,37.0858523300016,-30.989689823064985,-29.115812436553853,-36.230198247097356,-36.292991675446473,49.515188959100463,-65.622350333026205,-76.042093613991511,55.076146513255452,46.151625721682464,-59.627802853913714,54.77548081750006,64.047519239092992,-43.988771846322912,18.223697351387774,-49.507247056280079,-6.3166663183227723,-6.4348187883743559,67.527324764786243,71.943046526814172,27.31466748733763,62.369150472501346,-42.479438987961252,23.524247552642358,-54.400431023605663,34.617076569672577,-79.80268514711446,-25.009026321669374,39.137542985442678,32.223832182046344,12.327187209255811,-2.8267520153610497,60.621184265044974,76.545626466852937,54.049872459380047,-76.512265638605314,-17.104608359295792,20.310131221784697,80.374604061707956,-48.03188776923286,-61.552114428559577,-63.324582235527572,42.562794641565233,4.5818265298165493,-7.2344380839711908,-24.734319807674275,-8.8433950739906066,-6.8626865772727079,27.907375726258824,-16.375835584153069,14.637118168613995,-2.3499334966541103,60.402560929601009,34.38730108464339,16.145522447013143,-0.92093944392231075,21.304660575186713,81.07273031709282,29.565371393007354,52.300224095258301,-79.373266011811381,63.669272364909204,-17.392143671578467,-48.911882225567226,6.997359641875267,-78.095074389413071,-67.773634538085233,76.354495452738021,37.515204130461669,-68.587261944071585,0.89252048731504097,60.865928007760779,25.876470697746381,13.239096200570991,-84.194085807649927,-19.209870364787534,-8.2434901344596767,-34.293679894266873,-6.9301008516737799,81.884883669466504,-0.014165723846554457,29.559653888433616,81.206960479694615,-35.676784641059839,-44.037141520006323,37.64177990387347,-36.719346129853363,-26.115324712997907,65.999411569851475,-31.76613023121152,-74.51317641678007,-4.1185430211323402,-68.809328476508313,28.285787311231985,48.871489970372558,82.953624424041152,-81.097135901207281,36.061075018104177,-12.372430331456307,25.987546845141733,48.623492975126076
2700,-54000,2.0230499309099894,998.99337448894551,193.74989987830992,704.07114096967939,65.293195163032095,226.72675109547231,106.15468888145308,757.35063347847768,339.00272839096579,373.02602833513163,604.4068594140814,366.61319385356603,290.85236488729828,7.5973184433812833,699.55247642014422,76.169479744300375,526.42130819052284,706.15010660472046,71.709621628583577,388.94340543464841,828.00202761917626,311.55431447132577,867.98877610372097,599.70103498998105,260.85944421262394,846.57724549406362,109.50590770873964,413.95908902558699,20.131321269572368,414.08824120836664,976.48367516375038,276.72483461309741,35.090716743457463,59.738059002454804,342.28324444358981,832.4266408534495,122.28471304224567,873.02926736875384,416.21907496863548,447.37101928620388,509.73356950546122,524.82612629901757,669.61752996912844,663.72447787036242,366.83149496269596,597.02191681250588,285.6868961034553,165.2100236159049,38.753789116629676,114.81624473576454,536.54283460167233,37.323757808518103,231.03548496831894,196.73676223512484,654.81569017317997,627.34443989192255,349.65298327975415,188.19741149619841,43.579455109747357,559.71654858984664,274.67535075579354,779.07031882240233,964.82305090569776,213.93144374297242,477.39538520574001,863.74249189488114,835.46165717908013,916.27937725261427,517.74054270668148,624.05750329642228,97.4985511661733,720.27279853762002,939.89527173944259,546.34374444919024,826.72595472097737,541.04042125491208,190.43236185905988,855.38951816510064,279.00137475569812,657.62165910394231,766.70772633747663,798.82910138804073,275.83236594480695,812.64912224359477,154.67648409635777,334.46610728429778,670.8018023547138,375.11824345160142,819.55323624218113,482.07832983320111,826.24660933338191,463.36830759075838,718.55253748580003,13.826423397153329,732.67182321952998,658.72782202544727,441.19055889551731,723.8475695107154,586.25464850081676,192.34338638975984,42.894722033980891,-24.660067870393721,-29.796890527864086,34.987098772983742,-34.783398183256409,41.985555338051817,-56.792767501016797,-80.01037411977012,54.09320990381957,-22.587681522327323,-61.728315015455749,55.25629792550577,14.34342152666073,-43.853895771744732,26.089110844101558,-48.61929618373857,-0.40728417223235613,-11.884907549519912,67.708227669746719,-30.936709278916968,-76.50777777931917,-43.335116106151418,-51.00608652191967,-82.79855617041116,-55.493173955165332,30.081588591305049,-69.815337286051346,-23.061036252592238,46.720555709054459,38.87881745711492,-16.688385180126044,-2.9605986561301512,62.082651950120749,76.43473122027838,54.994829100047475,3.8829164670534482,15.591014608883681,28.868696307290591,80.75033765620708,80.254074225308088,-62.086151739025169,-46.839927681155146,8.0210591174488783,4.6248177038632861,77.498831092418584,-25.819471305285994,-16.383099952590509,-8.9370205224190151,20.341421677886416,-83.154891495108785,17.140383064393962,-9.5044810120383261,58.190075054723359,35.219820626565266,29.707150625618368,-2.570901400246973,16.191790843520383,-29.231071910482989,67.9743648835627,51.17486962750943,-81.412631811012545,62.852509490338868,-77.718956484257916,-44.174912994664119,37.983903726653821,-58.967287336482926,-74.063721246320824,37.411652194009584,36.563820088599336,-68.613867964570005,-0.41664778064364683,47.105327037822249,35.781251066561765,62.532459402488669,-84.138077613835932,4.681756370321283,-16.035452939049414,-35.677250367642237,-2.0681796500346588,81.451259612683032,14.650585807278269,22.61224972179,80.708007859624985,-35.536036522676774,-44.207564638154267,39.39480913748983,-37.503579146581018,-25.665615985946445,71.182361559210847,-25.258097878905641,-74.49835473379062,-3.0554699289455298,-61.671425929369192,77.012416982530652,51.405264874328161,74.087140083064554,-72.678651015875886,36.089055358935077,-21.664922723165901,-26.413933896103838,-82.377194890620729
54100,-68300,2.0203193775477519,275.1820474376205,6.9614268097175236,334.24925353672575,47.445211798749575,270.80866215909816,132.31394394436484,762.05571264987339,133.5322300151021,369.89341278872229,603.18512480583411,362.46795260883317,295.44119874607469,52.08977297252855,243.15150722148047,84.837031531759735,521.63125824834697,522.56375456914463,469.27101656961258,386.96453542218239,804.81866554546093,297.16024607688587,909.2684283757053,564.4439598069813,262.2762155828313,876.6919461434187,623.4577112797798,424.90076729111138,5.1072709585775442,717.74624827509649,119.81018419351955,242.83630929764041,786.26631481877348,397.0539677300456,294.50333754070186,851.46982939590907,460.34173583735776,450.92713181740987,976.7717320626432,411.32105631428107,550.95615166140226,549.15353519532221,686.74154040349003,611.10681963270736,366.38233421896547,593.24196274079759,271.68006808393142,203.57620094680155,335.23648869252929,169.48404726849796,560.46001260244441,35.750041670880414,816.91924635084865,190.52298393391393,656.55876109029361,612.49187075506359,362.19423741887806,211.35058108997876,782.59511016444162,497.4509912722441,273.52207274915833,783.57769763339502,32.139620043279024,100.60783272528008,412.51061848169843,96.713410278066192,898.98318744961909,467.94891231378989,485.9471549775356,656.95295645406622,139.51836883923085,747.91562281375195,931.81720664171837,429.47367502508246,819.69506559563206,194.45265508823411,298.90970965373492,782.97644783748001,299.80346711608911,650.12182982128127,644.58530491989177,799.13922437832991,20.980348175022414,298.82255981110728,185.3283949143007,741.8943938405564,680.78700760533752,375.66640675831962,808.95678720978822,459.0389686370454,820.44185140686386,447.94966461665774,721.26611226831847,1.3093757267786792,751.95947528752026,658.41173426837236,443.52299063203378,725.65646226685271,590.50293969727625,193.36826873577374,40.583781158542806,-31.116081792516066,-29.079578024988521,-36.270260900724274,-34.237804847796767,49.61898809668196,-72.054646918707036,-74.27833616199554,-15.121722873338298,45.74625034914029,-62.428790120409872,66.603978181298572,63.382048731004176,-43.003070287289127,19.677147612017134,-49.781072244810659,-62.796829199134805,-6.5055805167497986,67.526931875887968,72.807704151250888,33.766672584180817,25.180827067521221,-42.05276180199818,-77.743076816444798,-54.362511091229088,34.433622433022933,-74.400111471828907,-67.773259275147993,40.091391371993176,27.927347549785736,-15.311557169747008,-2.8480256981164271,64.64473872956269,74.972903487630148,-9.759117727828837,-78.418569802475474,-17.252825659941394,19.99945876443272,80.420458881766194,76.315318326879549,-60.402288510423219,-54.811561043744305,44.696288547977986,4.9925142243064142,-6.950426865783939,-24.746851905687492,-8.0005958439620848,-10.155560476739748,13.831963219615567,-15.546812529734769,17.089374763597775,-5.6736327741709864,61.058460816021388,34.872748452106414,17.444217849661982,-1.1208852087672976,16.933147660989999,75.047691413382282,63.44677847506734,52.319064175661062,-73.481667548581882,59.616496313362632,-17.180435274944909,-53.31129997733894,6.9084428052734772,-53.819672478411157,-66.878785234173677,47.800311904099289,1.3963040295621116,-68.611413832554348,1.1751161250004185,-10.977976190382805,28.012320301352691,12.790701463226068,-83.983225766247571,7.5992916777363169,-9.7986125913326898,-34.248431483849714,-7.5175761969973696,81.556181835633424,6.7990106616588397,30.217109268392779,83.150551182016869,-1.8355461726085225,-47.962793916216434,39.596542382313658,-36.984953587966274,-26.458630403816677,67.109796714436854,-32.307682327407235,-71.153759335639748,-4.1390327455161628,-68.562527156167064,27.133463110786984,53.183060453483073,73.427165556024562,-81.277853992423701,36.733354606143109,38.097855866399215,29.286336793454733,51.569896219916998
33200,-65900,2.0208341992914303,637.92401808292584,9.8296893029346535,731.23515195357186,58.964181762167222,127.81876512439652,156.81171394561267,772.58817510119388,372.66411720303864,476.78422983915789,604.37974247057889,134.54586130823134,94.527144280452106,321.56408164408862,609.35391556889454,116.60997271759086,621.80133395577127,511.98091159814459,445.24356895065318,387.6444955586764,840.60129520300245,171.20594702086137,908.50775374764885,566.295500838723,263.23586731865493,845.32482085370816,869.81906854231875,445.31702406478632,982.86353585271445,788.43516486011004,934.61397611922882,179.37883991828068,781.98515263317393,912.83910473472099,335.01713730230915,851.0632262340697,500.35958199973686,830.36454452940143,940.28012900335398,410.6166840121594,464.32087864207926,495.84075609264266,297.86621281637895,417.59083266905787,388.01676671535643,597.10300468546245,270.97723723629036,175.35637666579888,119.22743007025811,164.56113670521634,195.4059505460101,38.382005495779353,841.67925496927796,191.22049177145919,656.72097530398389,632.42423018661464,351.45736695311092,235.5276668991965,43.42946738538501,942.97976257685104,268.26495968684668,391.35406201087221,860.03505112577159,57.878704859777436,461.94698219498315,795.93943552589633,912.42543598161444,955.32976573789256,488.77677238505265,646.68041090363874,140.25215858130306,748.54089093013044,927.8326910303814,458.30499948228612,825.6474656421334,526.06260378454647,280.76935226670133,857.29487020795193,295.85625336264889,739.28632126428965,89.472756941326338,798.74759242616221,360.04672299216372,171.92964555861306,185.02318123501408,743.46767546429112,667.2838244886309,372.53679681356158,16.008504847721781,454.40059967045494,824.60386214741459,452.21856356027178,721.35197256729555,13.12082414852561,788.96869669209514,809.97213098117084,458.5929179623476,716.67155971890566,587.81448497843598,194.19900371985625,196.5231216872919,-31.291015916522845,-29.516361363435898,-40.407816382753587,-34.292826434837473,49.460687421861309,-67.340161107169109,-73.045081885255243,50.313064411558464,-15.507478181327567,-62.533027429783985,59.716059054523981,6.9271090628187322,-43.769795644446226,21.657049124757876,-52.502347287827,-69.960204581573507,28.400861333489942,67.8165298757458,74.562026145210595,-78.80375819769435,73.230086696012677,14.523427047756954,-84.881371314212259,-27.391865907272859,28.821392341642472,-74.401843393883098,-19.210722578638951,42.978213662018248,-52.99443717139161,-17.077973733228319,0.18161076954876387,52.721418273185463,77.001234592701749,58.761114548391816,-74.677932338859577,-16.51335864784204,29.735913756181127,81.166533976493795,84.999284668327576,-58.405171313644829,-73.746531620329762,45.790189569592741,5.1235424846262259,-24.731608954480301,-25.681698244027004,-75.361710709674782,-10.707646837116853,27.14070715619042,-14.887661482678446,16.972986497085046,-2.0859989231061804,61.061708159582942,34.823053510529988,-76.324882953102403,16.876551741413135,21.638963117421039,75.658210668984736,56.295153230271403,53.458528174332983,-81.015336888942215,60.230132699592083,-43.860092045603253,-46.302726713097805,31.86652170628405,-66.171910490820892,-70.974175880793055,65.305689102902022,38.621309465548414,-68.605199800325025,-60.705650365970719,47.660660942236738,21.711346176903742,70.78909548530936,-81.90908243884256,5.4176800362336417,-7.3864046344087075,-35.370111534120554,-11.024058863120517,83.839378940549537,5.0953666941388942,31.60491957648053,82.138367924159425,2.1375077476232849,-52.791169097345048,37.417787910800193,-28.311135860333493,-27.811438252457446,38.887091613529812,-31.477295040363931,-67.688115454721512,-7.1202207862971498,-60.406575774088026,82.953613487983375,48.315437686817631,69.3773899398156,-80.38662581127663,36.957556186801348,-49.87380912967447,-27.631670367283792,46.47479980200599
1000,-42100,2.0173631213317367,999.99999999634224,191.57143502978133,678.8414251512919,72.395572430462835,226.56961033330685,105.92828550716158,550.78394802437856,349.10105302047884,373.2732802862219,616.89478498454525,131.16001301406095,295.42439147656944,45.39970328152819,699.87366873287783,82.834224994214409,503.97186971046796,708.06068689739823,72.60909048096984,398.70590892641275,504.53726617424115,308.02599266324881,872.64167731718101,602.07786747989223,267.84393791035404,809.24079883218008,902.83804511602796,438.79662165902653,827.11244683261771,816.66960289365215,976.56062489920532,277.14639898253608,29.048760979682456,930.90075372978663,320.26280786284201,831.92737184094699,554.43505404409507,590.20871115342686,413.60569902057688,427.17277070901315,536.88098094611541,514.59790634930425,683.93792157902374,662.07162906115798,763.7760750519318,597.03098090972412,286.05371855108859,206.22091398078362,95.479208769044376,174.28249992735022,205.88797618219274,49.224137747325791,254.55933482264237,196.35107848349824,630.38749558769223,883.123539867349,349.27367760263843,199.40283913744634,207.67829371764716,558.18976720540263,269.12165618172094,809.02629101604998,927.77888781757758,53.051473666767372,676.86832351156193,63.218554247444061,922.85455339275518,915.029788305485,516.93548416932788,806.78667012551716,138.08406764944118,739.02765370949987,944.53410850654677,556.39750255662295,827.55266730357528,573.24675937143638,265.68983663074238,856.59988294453888,278.34393516477826,765.98419425992051,61.432460745991065,799.16368566572237,275.85523233858618,773.6089227597397,187.66731894035672,694.07444588077692,676.99987320166088,372.1066488546652,821.83037322287078,456.80849275745288,824.26837230447074,448.05509741405399,722.81180450394413,13.89638937977384,795.77125504461469,661.07544519802025,96.660217356231357,711.77630467906476,579.73766405063179,192.79186794642453,32.910622435888314,-19.503562093839758,-30.592475579215971,-42.296214878932666,-69.897525515763903,41.659723853291432,-65.387761788096611,13.947632224645611,57.697822110288264,32.63823718453105,-62.571290448684159,55.256778519247078,60.654837676559083,-42.396718484672036,18.354950116426096,-48.575645581084494,-59.785734562666676,-5.8168792641639486,67.815200069668606,74.120065215759951,-62.437064060176318,31.446585422086912,8.3239726423707197,-82.54902169220442,-55.692134970216145,30.034989266248402,-69.779067568917014,-63.77193097272319,-23.813945145047679,35.444575696814752,-17.426014902410998,-2.396789132689233,52.278715743532203,75.045577632304273,53.95891408470338,11.672730906334614,16.664408220344864,28.855053123888332,81.120721200467088,82.438205401491501,-61.826995896811233,-47.664765515033054,2.8845443933611699,5.3269696972285923,83.316695160295595,-27.153207301666992,-71.69263340221724,-12.066880215669332,24.045243514154926,-72.734485645410714,17.152455643828908,27.14736190108524,57.652934135506946,34.506273148407715,28.370978566109024,11.749987077768832,16.556560610921121,66.851554426262695,-11.434606272878298,53.766388366989503,-78.528427911259854,-6.8498015549165565,-45.021884348143772,-73.525416433767532,38.562689931112224,40.780811032099962,-72.104842652413836,43.06557321709618,37.858437698322987,-68.61573157617778,0.65600898184135392,46.908555356334077,31.741991807572617,65.072227957120901,-81.895481580854536,4.8276556010870859,-15.643284624449826,-36.779992618801963,-4.9887998280455266,81.463910396980054,13.636932794064823,31.873158375301337,21.887625134592266,-35.164772120194371,-45.813454031408952,37.482389386879809,-28.971571840396585,-45.622246372528011,72.132784008768326,-28.521061063045252,-70.471842350000486,-7.0185450359421893,-64.42306731211859,77.92861828947359,49.569972334357153,82.706742833416598,-80.873790986860058,34.255262556951884,-8.4222955168557316,-30.368661470896686,47.553548153254752
