f0,f1,g0,g1,g2,g3,g4,g5,g6,g7,g8,g9,g10,g11,g12,g13,g14,g15,g16,g17,g18,g19,g20,g21,g22,g23,g24,g25,g26,g27,g28,g29,g30,g31,g32,g33,g34,g35,g36,g37,g38,g39,g40,g41,g42,g43,g44,g45,g46,g47,g48,g49,g50,g51,g52,g53,g54,g55,g56,g57,g58,g59,g60,g61,g62,g63,g64,g65,g66,g67,g68,g69,g70,g71,g72,g73,g74,g75,g76,g77,g78,g79,g80,g81,g82,g83,g84,g85,g86,g87,g88,g89,g90,g91,g92,g93,g94,g95,g96,g97,g98,g99,g100,g101,g102,g103,g104,g105,g106,g107,g108,g109,g110,g111,g112,g113,g114,g115,g116,g117,g118,g119,g120,g121,g122,g123,g124,g125,g126,g127,g128,g129,g130,g131,g132,g133,g134,g135,g136,g137,g138,g139,g140,g141,g142,g143,g144,g145,g146,g147,g148,g149,g150,g151,g152,g153,g154,g155,g156,g157,g158,g159,g160,g161,g162,g163,g164,g165,g166,g167,g168,g169,g170,g171,g172,g173,g174,g175,g176,g177,g178,g179,g180,g181,g182,g183,g184,g185,g186,g187,g188,g189,g190,g191,g192,g193,g194,g195,g196,g197,g198,g199,g200
100,-21300,2.0173567120264067,999.99998279963677,221.58837776898557,693.51224883347675,72.527604826665836,220.58034036350006,105.91397425200233,550.9452087341167,329.66374053592244,373.24000240725115,604.90056171322396,380.6199799757423,80.20874375390477,45.712843701384401,693.92671702356904,110.082649839106,503.93743133415853,707.89524755593845,72.411123304221491,394.66793516026883,510.03607564537322,308.02445002130503,872.71843993083496,600.03210674163131,267.79129481934046,845.49324387600154,903.1276966980754,99.902545277128752,974.39787052471661,817.43867836251979,981.35505471935608,248.57027848875956,43.919902934314337,71.243868486225438,319.43979041963291,811.82159887252112,479.25483912164378,590.19352357499747,421.36580226416748,426.11346354625965,536.91020838302404,512.70694582275621,684.4525163259068,635.68965643132731,368.12665524609145,598.13713536366367,286.25154459560792,209.76001985328926,106.12427025884307,174.29057741766903,196.18701036614894,29.230600618838359,236.80901584587227,196.34242542610738,654.51312106112618,644.41437657171116,351.58272850033768,199.27467431168441,51.110328843098998,539.50781762431245,273.81654286330183,138.49626365910919,928.37588531641359,55.582476229775708,479.21472757710154,56.149893123605501,917.16954071242674,921.55838703962138,516.94537148191523,796.82967347360704,138.23744730382859,749.76432154124029,632.42605572716866,456.57762406894693,813.71107079871558,158.08281290398199,260.98040442528008,853.66794343324307,297.92436164563992,774.89446127039309,90.662970879552688,801.68768592511913,420.33036188361018,770.8599411568099,185.8233248594222,741.87384926566619,677.34406282804707,374.44884487824328,826.48880603071643,479.22452917913739,824.28408265647761,451.40456381446825,740.33317581006168,13.85323559326635,787.57452536477319,664.87259984271418,165.87725513235009,711.73219342199729,586.70670003048963,193.1300696022135,33.150155951519523,-10.005661942077406,-23.805657439535501,-43.848973911077536,-70.877280780737237,41.656230425113975,-68.452590867781723,-74.338720917251266,53.222275253523762,33.244463517963275,-62.485519266976944,51.833872644251464,58.968371089585183,-42.448072974821059,18.308160771452158,-49.689366602230173,-9.6900903097365187,-5.6290167402568683,67.673724523908675,74.948733670108567,-62.419615229511493,25.750849978018202,8.524126595485388,-82.553759536193738,-29.988297740947147,33.745241820332431,-66.267995262113729,-62.068637444835346,-21.544798502813158,42.797518860798299,-17.658121832016633,-2.9159832844388358,52.036802370149175,74.999349852972657,53.935968945389398,9.51020625245161,17.443701208801958,29.220973218099232,81.12254425418233,82.493787494966597,-58.316734715539027,-64.653973368987423,-5.6838637569228965,10.352030571681338,83.322553615674778,-28.151616498167549,-54.392788625894738,-17.561176780656425,25.643909555329472,-15.079080152590961,17.503935001051559,25.776385496167237,57.933527700804291,-6.0586177227859963,28.525975424795924,-3.4564838505338802,20.855395434473142,-11.336904104174142,65.66797707894878,53.707262776555083,-82.155980953988447,55.279421776745075,-80.498588046619417,-49.302178273779319,38.545898999600304,-74.800212402765268,-72.124378643814865,40.337349010799251,-4.2766026086516185,-68.582679591339044,0.69709602550030425,46.610936115529128,-36.308755678415189,65.178981104896735,-81.936437338367611,5.2806477777064664,-8.7131994246318492,-35.561261833422961,16.617320190166001,81.474439954523703,13.691988859928918,31.656706876290158,24.146238763635473,-35.20677700121221,46.398795334742232,37.466036428088103,-35.165989524703583,-45.598013401605741,65.954176461793992,-28.50541141112619,-70.418349847143588,-7.2064617304149614,-64.538050249969103,77.773828795498787,51.334146719094619,82.75194064580532,-81.065882629963994,69.980669706945037,-8.4317025375070198,-30.482864675609882,51.016910495806989
400,-29800,2.0225007988723473,999.99689628625026,173.27919333529951,694.91922394961307,73.512720676473705,219.77478180205054,133.84291580451517,830.28757467415267,354.84497514871924,385.60929690999143,604.78291107781104,365.7426295140815,66.24336960053887,263.30651945651294,695.81130226770972,81.952531109755114,498.24753036379644,700.1721464470578,91.573998613889273,383.47241560729771,797.40360409912307,519.86109747556941,934.95897652848828,602.11416610178537,270.53827311398896,870.7878557551976,896.92129095433631,111.80149495787748,870.71307621714448,772.06629008513482,976.49796487391882,233.06155019156981,797.33478420043934,969.54135939550508,330.65733816238071,812.1067594503362,497.80828216791707,588.75198917754278,423.913257927833,412.75389124109984,535.30130126818972,516.01242134700169,695.3214313858258,636.98596605866328,382.86707511718993,597.7179837233806,279.23306792907368,196.32818454593661,109.91887138823364,175.46296644048451,176.3227493239217,35.19825727961058,262.86285326231706,149.20572170451837,630.97810875531172,613.06741190441278,348.79097287050894,189.29481766945219,292.24540242043742,540.76941010638211,274.84769047696409,392.57397310354054,739.64283118512594,597.6581650126825,457.32707595471436,81.141375058754733,841.55211854157324,24.029743567411771,543.7401002904196,782.9912285810949,138.19197700448899,726.74374869805513,655.75747194396126,454.18412422319716,812.55901400972323,146.51697910470247,252.8905105027159,819.69059350468603,285.35800779757994,764.45813862552529,693.5155419112599,839.3562982192301,301.52391035936614,794.03171388353644,184.94446966418815,736.0539686416314,678.41144069512757,386.97187998807607,835.40515445844676,478.22397144430033,825.75443005619798,151.8732199009483,725.12078292395563,26.678832844855151,361.3632468472988,664.16082088656117,455.88755566663809,715.90216922713114,587.19041601307617,193.24311922111502,49.549362161889306,-13.818176860938426,-23.959669511478687,-37.629143762929068,-37.657768592256339,42.091768356493795,-1.3107126258808997,-79.739430749175227,54.348215009688232,27.920637947128228,-62.896049141624758,-68.928909004933359,68.266134827245338,-42.695251699479371,21.594403983045449,-48.86840234007947,-4.498040786396416,-11.577786922766009,64.469817961571891,66.214101670906615,-73.364906725482527,-41.041790399071459,-44.190147909214957,-83.384562101983221,-54.03778504661566,33.374843919562679,-70.520551024891404,-67.819256335071415,30.056166858949862,-49.795426662843198,-17.23473572263407,-0.43469703624841882,-14.419079376313913,76.510125995034699,53.849479713264138,8.5184535353861008,-18.07882676646863,28.859178731918472,81.14045499880045,84.951182511276329,-61.828317671901956,-81.998485649972167,0.50306799361572674,5.8100083136007825,81.799917036160593,-50.422353021799552,-56.218711914030663,-20.274751082497364,23.365090502408567,-17.098624582416402,16.855300742053362,33.675866966539829,61.077501750422115,33.549052894713391,11.757975723088101,-2.2264681600015357,20.914770581883673,76.81102012041103,62.481804520813114,52.775368545608828,-77.993486529294017,62.947754306510831,-38.134647837395661,-52.17527074332066,37.856993770037185,-73.511112031702936,-73.81636409042973,47.96672274202421,36.937514846068019,-68.624121269625007,0.88958864103465563,48.056965843504528,21.654764051589872,65.027231951513812,-83.891008551443704,4.8653133921363398,-9.6166218243055663,-51.934863837059424,-2.1615331493750438,81.584321948296179,-1.1104099343435514,30.474615109051754,24.752503635719993,-2.8202926263952648,41.773120445430493,39.484451604976172,-34.755141665111097,-43.516293522967295,63.412905978088823,-33.599259685963098,-66.252234629380894,-4.1835746408440571,43.622161885943754,30.293851274337978,53.789750862752044,80.97544073481582,-72.782716358468136,37.028329339937891,-8.0557765880257861,30.736654969560245,48.515530551315003
1100,-44300,2.0207263780801603,1000,193.4252197521472,693.67950383371476,72.523613918244436,156.44604074454671,135.44128274506974,762.65744883001491,330.01403240045323,469.26663740384703,604.4152845119545,351.12987376074011,81.864769721039963,45.153675160711259,619.96047994687774,112.20042907374292,503.02580903228653,704.64558963392119,92.514668319293989,387.00981133845045,808.49649285622149,320.7374988650173,872.69503753156971,564.2438042214003,267.78251025807032,845.58952816410533,608.34894771213203,434.06544206778716,974.190259300256,850.70511822302194,976.68843483971739,247.86759527143101,698.49798960967132,865.03000241482562,334.99509930269295,828.08993394613606,465.99300730197251,861.37858271051016,381.32550662143564,426.58715555282117,534.65024215561527,523.43230489231587,684.57364009064338,635.79506675341736,777.2048075145774,598.13428891556225,260.44799998516811,209.67139348938289,112.94132011463958,175.57613267328639,580.83597447660895,51.744756729800081,237.24179852551865,196.34725546555794,655.92358274786989,637.7443313378061,351.57350922693178,199.32593072599101,51.171947948986372,512.44603373770326,306.75936573322173,443.80578402764417,28.907329733318591,54.777489041967101,468.94068810925023,66.720979980920447,911.0312694149444,521.89382908917071,516.95120524783272,776.04635137069511,138.13227780992585,749.13818522048439,922.97585875707796,455.48145647520465,813.70856681453427,526.27325199940867,303.10589928656822,854.16678314573494,298.02652594840708,776.14096098597247,73.428082041085574,801.68216092112993,420.35354242706518,175.57248275908722,186.96214125694993,711.15613525999447,676.88931041128251,374.45141280816699,775.63851298040333,479.19959275398458,824.32827546815793,455.52822046831147,740.32846611011291,13.807764204009082,722.51592091153395,675.67582377433052,440.86000113549176,711.72712354027499,588.69532401645608,192.84803457484335,54.27534605836474,-20.503760909473034,-30.219313315007291,-38.363445266971404,-34.978882101196483,50.317414222188852,-68.455468329097314,-74.407843321603195,56.753367570028018,33.271545636754993,-61.919735928684048,62.333496137649085,9.725184432345678,-42.54543974037572,24.336584755526225,-49.941382938591786,-9.633568715748293,-9.3818675771460214,67.634115260409686,-31.23414944788022,-62.575931013055524,25.736244995976687,-45.017742953461472,-84.781992814984463,-25.031905265275821,30.65079148312968,-75.122309303788271,-63.107287417805495,-23.538140228643968,-51.49049329666817,-9.6177980728351322,-2.7505677447460468,55.506114157672009,75.011375707465561,49.498523053579213,-60.638365930750474,-18.196443539650794,28.878309458681212,80.694762212760196,82.568571334499651,-58.200808371724975,-64.181156031369781,45.835151337996855,10.350382995244306,83.281232302204302,-25.790082396759534,-8.4491369275170207,-10.55562414163856,23.765759536289739,-83.075794762765511,16.841716604680428,28.289985735155167,60.531908913257176,35.38555614656179,-73.023060798354422,14.516079687695809,21.259317247785042,71.298609735757466,30.84490372734766,53.728449448204159,-82.07143775225417,55.285522591024495,-83.420707136914046,-49.175033870856609,37.966137993027978,40.228313655828281,-72.010646869954783,40.326010406752957,-8.0357824184081785,-68.612012694741935,-58.869082550364638,64.512414836600144,23.21905552098448,66.867711452562077,-83.972848063061292,-17.305313657136615,-8.7176547412999117,-35.829993866062146,17.039232581425679,78.878665709798014,-0.76393953867045417,31.77804518491952,24.145088502624734,-28.114130766086177,44.456983068954912,37.466462119400674,-29.215589535529418,-26.274220246869756,65.9508725534603,-28.554387754713588,-70.379173478741151,-7.193183078066486,-63.406567713019165,76.469086044501964,49.273053964070165,75.370316019192373,-81.041047212612355,72.258735542621338,34.730387118484757,-30.472824025288709,48.6443352995501
28100,-64900,2.0151922915999698,628.57587432633306,191.260896564712,692.54611873160127,59.250818090544108,155.15908720175329,159.45832385579968,762.5689985632647,106.40541717963698,370.31336205804587,604.40998478643519,109.80742072414291,282.46623347454681,44.503162822909232,323.50336523448709,112.32946384188291,514.02082344173243,704.67362885765772,92.329053304744491,389.46494103863245,808.40822264378573,320.67467656558654,897.22220383911667,523.90944779723372,262.22430764555742,845.59649393223458,603.54208659509527,434.38635951010531,974.33761692831263,850.55635364676766,129.95375605971333,207.03018239448627,107.2841818755723,861.00647826526711,334.58406974607237,834.75207795065296,466.15827595896747,849.34268878615967,380.22182518383971,425.91816739816448,534.26512378129178,528.58715072400901,690.71300803672409,626.55758623151883,341.85093693322659,598.16897665164743,258.98290142208123,208.07205156250438,114.35481743259514,175.58858847042427,17.94536175082311,54.178151045351171,799.44177961027697,189.5291212392124,656.30459002753264,625.38930724629438,351.46826317914264,198.68960602978305,112.79064311933757,514.23720590136406,306.72626312426524,445.76303497139486,39.277096108169246,52.177011696110895,350.70058773039261,776.25287206086068,912.11932487834895,521.7932609777863,532.12480863402072,772.57769985082291,138.2028775246539,748.50631192021763,919.65135987885219,468.93606764705567,821.50193544797014,181.93906499828128,303.5509050487031,799.8944082606863,300.78008937963375,775.395253901827,74.10622741896556,801.61386658490642,287.69541394226519,181.41528472323432,186.95317042542339,657.36853867258696,681.18170607891102,374.64213120015728,748.12474296253492,454.9153693513104,824.32663028646948,454.0599834724419,724.65451796356274,5.2065387032290724,723.03612035296487,806.32129141453356,71.025374628014788,711.72445378456473,565.97948124252798,192.82784786294653,53.96549176898651,-31.157684962961419,-30.565862913959077,-33.542485280002111,-33.59394736190459,50.314078483496722,-66.87048047572371,-74.401392968776747,59.124332499731892,27.230767761800998,-61.865068919631831,56.684698238908354,10.331391914147686,-42.570532593205016,21.720615433019905,-49.86311630985788,-11.88071856984935,-11.214321227858854,67.608019008041055,58.670786458400528,-64.893283767078557,73.712931299312203,-41.023463555751945,-84.577312374582661,-26.90112737375291,28.074367455049828,-74.790625262193245,-63.004487089189979,-23.023934161489677,-50.250593856721963,-9.7054480722336276,-3.6441594118437419,65.321129471764877,75.005426870386401,49.587389690246397,-61.257356104716095,-13.896376807788709,29.052713448598357,80.680969714052438,82.562853326353562,-58.178570519063278,-63.612123674915637,45.835464423466931,10.078565899227003,-17.456451266397647,-24.319879293937817,-8.7036568035846003,-10.529251120555584,23.755498528280938,-83.06728155202164,16.851761138777825,29.976377956130722,60.837356486036654,34.741085635787968,-72.857779611086698,-0.032692980892789159,20.56636389072909,8.6477803845904333,60.029868435759141,53.763804221452872,-82.078378752733812,55.016616143686122,-83.317286588171385,-43.161122352701874,5.2565716182936217,56.80359514893965,-72.145524995657524,73.867442612363519,-7.4829490034526795,-68.599093967299979,-57.204146832781234,58.648534180005079,-43.289293481446862,62.446385147724328,-83.984368130528139,0.99727367422436153,-9.7065000565962585,-35.8466766497192,18.44115543467181,83.766203398299183,5.6038631079824217,31.552480498542682,85,2.453568048109048,-41.774689326835428,39.589508770967043,-51.44400011885385,-24.530224377841904,36.990637547464601,-28.564659462563672,-70.373325089104156,-7.1937686236956218,-63.37138467788003,71.671649077619094,53.3540221133917,-56.762725954327777,-80.976997203704371,37.877611107027349,36.179045689589302,-27.492764459539714,46.634466292300971
18500,-64300,2.0579607233796597,909.14732917448669,6.2976385296899906,342.82722853034551,56.797585047918119,796.04504682779827,138.52775898084315,497.13939057483788,335.69813647733628,469.80588680484061,604.37854660448852,369.48445621534739,157.18683165836032,96.808648365359105,329.79749543701388,80.869838376745236,620.22441248774601,521.06507096754513,75.246785880630384,386.61807571987993,848.40790460909557,507.26201702419166,909.06522135099806,566.24466365173123,262.78102484475608,845.14075050528209,873.87023585216753,112.58356859112831,24.708768023423701,787.56993920578236,999.20253511583621,178.63763259270064,781.33549614483525,936.3381775494496,304.55324198291646,848.55410753928766,520.89170123796202,412.2982514218902,984.37420610954177,416.98113065929834,458.40527511726401,874.63973924052993,680.28883988694679,665.60963287908737,344.91915888290026,593.83153575726351,278.10838612281213,191.8364487841167,98.541864012999241,164.75702199758859,190.99398058155711,36.512686219517931,752.39489579311476,190.43808359828773,656.52847491015973,633.53761101956036,364.874580149488,211.20597610918395,764.68522798844833,875.67496760955555,267.66155702355127,783.25041432433329,891.09268543839084,14.292055779033774,393.15132233391046,796.13065862470262,898.47041472634351,953.33993894916262,490.30680797066418,646.71457332824968,140.10968849609915,748.4973400671048,633.57665122640435,458.89563193761825,812.36898818131658,182.78731252817786,301.76365701962823,820.09937826345003,291.24414280137051,775.15105739416163,88.924608085740658,799.07832806721945,280.50065937954514,171.97414537963994,187.30655637381855,743.39838003387342,678.43051299896615,330.43557512637551,24.798397131679046,480.78121728739364,824.39384128207519,103.49516767664448,721.38644119048877,3.8305535856605957,749.37134712778413,802.84186599248062,418.92687143196747,724.48684728288163,547.82039150703577,193.78536512553839,194.96385862301037,-31.390227104885636,-37.714643137270855,-36.121640677680325,-34.272897263535626,42.146166205141114,-0.083821106964677483,23.33268439872009,50.302517121102021,22.782098361379727,-62.991638847437862,49.795122541626924,12.03855878619675,-43.717523293653016,19.452482775317407,-49.322656073001717,-1.0297748296768501,-10.963600529389051,67.833463978830054,-39.386428000272275,-60.611851908565569,29.275894549219732,6.3872309311552407,-84.854658734987538,-55.441637683683936,29.664563404489755,-74.473691461976415,-64.44874427499316,29.246489477439383,-51.053757520516463,-17.600782955050573,0.062707093924119439,67.513154711459691,76.510149136837711,64.738358634349936,-75.96394324706138,-17.828170705019993,22.147921398389947,80.596460459059003,85,-58.440669006291216,60.850687999167853,0.37307235131831362,4.4661328931969813,78.114315000986437,-24.594378212038748,-75.878351264045165,-10.67571742110341,28.046076093766231,-79.149498021551921,16.974107447640083,-6.6810403604788711,58.299183014537192,34.944592087965638,-76.923503708189969,-1.1175671100794604,16.829683426137951,74.083327074103082,-7.9480747074447358,53.823091064116667,66.411517238092983,-14.432813742694471,-41.440818311338866,-53.101356372744242,6.7857039581032152,-66.160302584022716,-71.885712190601765,80.899709678483617,39.666726349051906,-68.483161139949516,2.0490781775319262,63.182624922733879,-66.323858266843231,9.1201709470759695,-84.114968091831471,5.4091912969642637,-8.5033628084380251,-35.864058319751905,17.321085148912491,81.264082068648122,0.69328671906328232,30.795086704133741,81.698389986207644,-33.532333022378936,-43.786286323362688,37.414199010509137,-38.671507745953555,-27.336306856257348,67.027958281348745,-31.465182248824682,-67.634945364009909,-4.5076492340502003,-61.065431575983069,29.823403381831419,48.895579293429542,74.756402581203417,-72.619227189615415,37.023922590371143,37.711527861677439,-28.872216561819464,49.422659741380102
3600,-55500,2.0176979076585413,1000,220.0473650936911,311.52815362057106,74.164938007064805,824.18620857580981,109.08235727250954,755.04700921231824,99.685883468330047,376.41897531032242,602.51394973562731,366.77887646931237,163.78335247819504,42.154997445408583,268.37783598332044,103.72103630478385,508.87429616781264,535.72415954522978,91.038047047174416,386.79354363546889,484.03264245760533,544.60239085519947,935.74077782254449,556.77758111908372,270.42676663448003,845.49904223416161,930.14080767548126,412.3991142754187,856.03111388209982,692.21847499870057,964.57444995668106,722.21583687559144,692.15937554942548,859.17032172603558,505.03183579086664,816.67098403319608,997.74698968458006,911.47778821684642,418.4977776239071,415.56169586070826,535.02813191742825,876.68405057753716,203.18005269926761,629.76040741984309,389.26690347643131,597.09654284499891,263.45223840438865,198.53766708535952,110.20401394463026,164.4582923126506,527.75975450072167,20.532426702689548,254.1144796284787,196.29645818594125,627.59311868571774,609.69317071080923,349.10743838816171,189.65621036358289,272.00874029798632,893.23678208383717,322.89867910579335,383.09706829293594,814.06856000782864,47.594226818560479,657.81587002276592,26.855409240372065,812.09376962893145,908.17304106601046,519.55363274103229,767.63132664144996,138.14628091185989,734.41452688080733,616.45773605024635,544.40249521995395,826.49820864450658,520.2031048271856,262.2520306524226,799.22858202789803,289.24537927249816,653.50377911275859,80.211360158573555,801.76352332593342,41.819701073198004,38.528061611458156,189.09956775073331,738.63259363306724,677.0311454193652,337.08741920518861,120.58036611813793,458.23086851520418,826.10989747880592,133.57705641362284,718.13941794581183,15.272083232918128,745.25557736357109,666.12058244739842,142.34455971497445,711.82054677353779,587.45546416603656,193.00168801790679,52.6134131869171,-26.437636525445722,-38.817846257795161,-34.999782782120114,-75.72604453775196,42.248137327697563,-1.2835757401259471,18.358964757431554,-23.459515297382097,-27.857357935538573,-78.069054957566863,-56.864378911527453,63.796539517807417,-43.919237044025472,20.325548021854651,-3.1416963157525686,-60.057400692772916,31.995916746674737,27.299956534335628,67.169196835661822,34.270255394908119,26.481680052025837,12.308846946984755,-81.63164760252188,-53.199400502789437,34.981401147377184,-80.080749738293662,-24.002651452115028,-30.835980974382792,-61.35041240397809,-16.337586690894799,-2.2662846094107234,64.794154344527044,74.821053138259387,54.97989338342105,-80.711968098675811,18.483684135205568,28.2596939125132,80.7525669827032,84.730141742338347,-58.623720125828903,-65.463185399273868,44.725775654686302,5.0326315337192726,-19.515807201420799,-24.575494942585308,-76.865169920417969,-6.4592350141449941,26.726565328164977,-11.401585777547554,17.133274575278314,-5.9748084653438962,62.112132520607688,35.78416330758828,16.574148636622315,-0.4901495222266774,16.327875147278839,77.472246552826064,58.598462040156157,52.401917571040499,-77.025757048228527,58.081569373279521,-36.76187638471837,-49.667031708555413,-3.2437997095099753,-79.536371340765584,-66.613306965488675,-24.911744396617614,40.273053974490978,-68.620425657139322,-3.4401465512229645,64.30354472401045,18.832648633773342,-26.460475094249411,-81.973992588747137,5.1955068611068267,-8.9224963329631244,-36.56897231597263,-1.0709035998348311,81.234196571895481,15.943248749242604,29.984494114655799,28.379620250299308,-3.8839161523388572,-45.961705115143403,39.584982828544952,-35.596499597738919,-44.057412960473542,67.075868219446974,-28.548666715399264,-69.884810057519687,-4.2216295063239775,43.868674249471596,33.285523020925737,51.333629065342443,81.644147629909014,-72.167964764396004,37.001944535962465,36.242948448288679,-29.925618389935128,48.624779187386387
300,-27200,2.0178291079277946,999.98193455047863,223.12915247792557,684.79035429098781,70.536678025259476,154.17420240989384,133.51485856770171,813.06478008060651,343.64888660687001,464.87251338495639,604.58971378995011,377.10242094883552,254.3089112108033,265.19872715962475,691.21344339829852,103.78518595297115,528.81972369155824,719.95217304766913,71.437960555397325,388.92910803007811,494.60381144595902,510.69610802991048,871.73829921240315,555.9198073356788,270.88393806194466,844.27711665169932,903.32063136536692,134.11590262496489,858.39214674633831,808.02416005429586,952.98610630962571,263.15737292165693,27.947809358182155,879.83135756840579,393.936922264744,813.03628359681716,487.59789118849466,603.99263436994897,422.37642845035521,413.39223719620009,536.19698921216866,506.82242549394761,672.96692375760949,669.53702876246916,381.61022430963231,598.21666559401524,272.47668254960064,210.31768727905978,107.46176993767041,174.35667467571466,189.86887710085242,68.474783554033522,262.93532869548955,188.92055500154237,629.89292605035939,634.45169217737714,348.9650995622024,218.50472963005743,249.99463446949665,535.94048000757437,274.43559264921799,391.08244434730517,731.55532388982942,45.879854301038705,392.21465440688297,18.197996982057337,528.75908562514326,28.730373746228111,517.2864514582991,770.74738527752379,138.25212290686039,748.57956552991232,620.39235127698146,536.05726318534005,814.2042154244574,198.22644029784141,275.02011761208036,819.9892930046135,291.07468773746643,759.24858581675949,90.173198502879686,801.67579538676523,284.36757091294845,816.23097340735103,184.19068210472079,672.00879462776857,678.89907958457263,332.54982163291288,843.9074576019533,480.2893683808162,836.51300115675826,126.04651739224825,720.21366811949872,47.265401610306427,789.58879872229545,663.37191557187225,460.13460629482438,719.03221729833842,587.1375371912095,233.76193316009977,203.24187530154461,-12.665579841857035,-24.164622965533049,-39.687070296964968,-67.274607190230185,42.048562408948378,-66.889157079336869,-7.5057042453724581,-11.491290572103342,26.407809985651276,-61.663272633137417,-58.212393213117963,57.492285366063783,-42.458767007141304,20.249222644588116,-50.17624551410281,-60.170506936986243,-11.455875727181681,64.505681842352175,65.160125908294773,-65.513573455028592,29.670664702435406,9.2401738977438548,-84.001685874415486,-53.696014014469597,34.565717903614775,-82.15050385247676,-25.019199401913518,-31.01395345705658,-50.819889681532544,-17.235588069155543,-2.8272082883221565,67.37076985310496,74.565370847668987,53.323455115959675,4.5742360752399573,-15.676492462115942,28.908203695675464,80.932211825033875,84.766723472667607,-58.926808484294448,-57.043803094244936,0.19817279512035652,5.1805002241117597,83.889282666648597,-28.216593598754805,-13.199566017283953,64.549462544515876,23.820745201535527,-10.695696233998387,15.809046803318093,-6.4674571750587901,61.07519345303367,-10.144640275736817,18.661436675127469,-4.1489146473896197,16.33449603415648,77.73304784099588,60.522710835000289,52.060415731376679,45.407631119370819,55.376049258707965,49.404401278683977,-49.409179816624338,-2.8718522057532798,-73.844952849463894,-73.754827231001286,46.277165692673186,-7.7441849936788927,-68.579145480087504,-3.3759136359977311,64.408740975810346,18.718124378134384,68.564814402481886,-81.976401406089181,4.8341807794872285,-8.8025561669411854,-52.422148391873797,-2.1842625162996363,81.79271315947824,-1.7110931916041983,32.252986952192977,85,-1.3774932100548476,-39.126849751026796,37.365254218025527,-37.60698583692966,-42.875200122431224,65.208522626399244,-23.366045616938965,-70.63808119132996,-7.0740442579842853,-61.392467155904228,84.716599477884245,53.188061013817887,78.451596675261769,-82.786432126110284,37.010905436428963,41.634138092971796,32.263296541085666,49.006311061329434
1500,-45700,2.01838127306852,999.98621600723902,173.63086589236903,681.78369054144537,73.263306512155182,187.39646358234029,135.59079001118533,809.04406702996573,333.36783389663998,475.07003549851311,604.39510274225734,367.77810864396849,83.595919175861525,12.174680323656503,625.02008999591965,79.922723347716115,515.05741274556658,703.25461097915581,48.11410361975706,388.87852060996181,801.12323249127257,525.53927414133716,935.6309926365135,558.50587468074139,267.67918145176441,872.60117563688539,944.17208350396379,116.04168759515146,856.26091069283621,681.68786469172892,973.45362508578,648.49343356840848,783.55327483038184,904.50313765412034,535.25697664099289,815.90055669441506,989.23770989378363,217.24409939894065,441.21292991763301,471.91740962498017,543.87649219098375,855.93651836233096,696.0278047766077,620.40213890122664,375.80993742182017,597.72064203135824,386.67249423368867,226.93479148989928,117.56625148321054,164.64862898428811,589.80303435551264,35.112770476308008,759.78982543404777,158.07414805027625,627.90171938978324,626.84832251933528,351.41741066767162,189.28828774889337,902.75394350822557,920.70594543818538,295.63634167694232,394.75739234890955,868.67913962405646,637.11009755541261,484.99761424341676,15.033764645634513,911.48905156796229,911.95898206727099,519.50749960894007,790.07315070572781,142.08568508521824,734.61155549051944,85.955878117657164,527.79012552048403,812.04792101747319,551.203035331725,258.74845360483198,840.56280297910723,323.26912074378458,656.17703170754373,78.96498874975012,837.24277243995527,282.80441505566267,290.15184832003564,188.57206098844006,318.82773145621275,680.40788613831933,383.5842984662246,771.31313696066798,478.0334515824336,835.96732360094825,504.22648049993012,737.86836702757705,12.092587261928145,796.9370477104693,801.82128844903752,490.77691095658122,663.28920632335678,577.5906275748556,192.77946875982681,39.667080517672929,-21.824953787913145,-23.569647375850142,-33.885902290002264,-34.581729450916086,42.529867614709467,9.569323209256325,24.142392819985407,-8.4104968663344621,28.218606144446742,-77.353660942352178,-58.053049781485797,69.755788317808538,-42.967141342016809,23.023697216572948,-49.156166446321798,-64.219263723835084,-12.103324561479401,64.810864174247499,68.498736056126546,-64.266467043120954,-42.168276266135422,15.119741566601803,-84.54146394085906,-53.378499613243008,60.759242357861289,-69.845131760729728,-27.344050907513818,40.046390171352556,-25.228726823739823,-17.09191450510626,-0.52272404000396788,67.981738744294887,75.000953266503487,50.534647652619149,3.7879254279890588,15.520264070934841,27.604825304049314,81.142418507795,80.743554333749728,-61.747850299554507,-80.148071782083619,45.828859967216708,-0.65235216273006458,81.754414660505134,-23.554141008383102,-8.6904596161425545,51.705653165133143,25.758298673450629,-13.271532467782775,16.919802876454778,-5.5330713269051595,62.269743578941927,34.775890264439546,-69.402859271875514,-2.1330794574948264,-32.260612193711921,23.922776707317404,28.913113679607665,52.433923806747771,-80.548622927070227,-17.408120960134426,-28.662256228057881,-49.152953707173936,31.892549460941126,-60.938338249670075,-13.019651522560434,-22.997093894619113,-5.8927662804530989,-68.617835551684777,-56.332840812510462,-13.362798818421817,-79.526065977728848,-14.43595766142213,-82.632039211906928,5.1408555365598883,-16.188600696632324,-37.035447914556727,23.031314471638019,75.213198319630209,0.74631224130928331,63.1710787615553,-7.981888722790103,84.199744907432446,52.033520583868317,37.39477282727578,-35.850121293096485,-19.3814802026141,65.909459968652882,-33.005448155343288,-70.49429687112044,-7.1248375182643002,42.046841115493393,29.573274619122827,49.492021436126905,77.345512532556739,-80.880782406034825,36.805370698474597,36.492708403913355,-28.636520095263855,18.026698682382111
8400,-63200,2.0579887606333482,977.84354992432168,213.05833497998168,325.54294205537218,37.712087764189206,196.51201853834698,133.14907230768182,178.44542448286288,14.901228570167689,377.53416581220688,604.83527166380077,352.96504099862403,93.599434123954779,64.032882478673528,605.39450425370319,105.12505458627891,611.0034707651954,488.56753440252612,91.53666254593135,388.98673099099483,846.70742733792895,549.2621406414205,901.19066955662709,207.96999819290423,270.28777149456789,843.87556698010917,81.549607606182462,457.3192212886965,67.368636391018995,199.16103497026563,173.65344769590308,695.49736614462722,784.92106186374474,941.8079917624035,559.24296320449491,833.32378604716757,609.22814412923026,1000,479.55725499522964,630.70047146579338,528.12565925433796,810.84277868071126,676.10910703135323,658.63321844484005,368.91108114033699,597.68023644231448,272.15736931883941,193.02549573298413,334.07186578195456,170.7187930721808,570.30814641086124,35.977068178206466,824.32430396499876,190.54304604614919,657.46859680828584,655.64296792413359,348.220014099276,220.95956631531459,948.99415298553436,459.83016954489887,255.95073608012498,764.46809003421083,10.616646389633331,611.30632548825315,293.7627020882785,881.21761502778304,899.61714594712123,911.74749844846451,519.77813895502902,768.25233245978814,138.42446205307365,748.67243049169599,626.21026642739537,461.37242529972008,828.07566785332006,566.86629299216156,274.4696176435159,799.20571987222274,148.29984665239584,641.99713035531727,588.10527181089424,796.66094307087633,36.777995245196522,270.37200145034603,186.65132729179763,723.29051215810875,667.7011640713913,384.33905198394802,132.59659780843504,480.79955323926407,888.07888384932744,486.36038872375792,740.70803802533374,752.52953266915949,789.55464025286494,795.33896400884203,421.34452678700961,723.74717694187802,562.25608543031308,192.98482898478258,207.01872515590259,-31.401348196620479,-34.868767370635055,-37.631794473816164,-33.85386224882437,49.810829733897961,-67.417101123032793,-70.88220587408837,-4.985037542148568,28.178613809188814,-76.71481536138208,66.255094787898813,8.2721605429794653,-44.075333623882798,17.718309048224299,-49.949374559441658,-0.94220879685662173,-10.29936916276715,64.697516251650427,69.886568205364924,-1.3962202907422636,74.774134863554607,-43.542517147072445,-78.611021949216649,-55.084687146968903,36.703184323677306,-70.086880342951844,-64.717954011287262,41.313711435249502,32.941855320815002,-17.636910049089021,-2.2125862802761187,67.407103661591833,75.091703664432302,-32.444711306490049,-77.154012733884016,-17.163771629502541,28.756550502805837,80.682452176716723,-39.900758739192419,-58.382647123128734,-56.249693128908284,45.963689489628798,4.9923390138567818,-13.334022383251103,-48.972295395975166,-5.1663449609949552,-21.438414331505076,13.822056218284468,-24.949330943608963,16.808609088167319,-6.7077879655662844,60.906738203009553,34.100605595097342,-83.465797065326797,-1.1438200206759053,16.277737566130387,74.753662111055618,55.547834400854043,53.488132350725394,62.739860094639766,60.25628915427135,-37.073649719172344,-52.866740888012465,4.5208183927904537,-58.492695307255872,-70.141991440805242,-28.362929603613431,36.067861909345858,-68.566513309579193,-0.94382641581327098,66.747891453139715,19.079821886882012,67.90170513361943,-84.020792721454782,-1.4198525622332969,-8.2626986571609375,-53.933810018617748,17.380679788453104,81.755812189216726,31.944268260079795,29.897259591599191,81.087341254879703,-0.76698480603276309,-51.703914078667836,40.853431899553456,-35.901722016426767,-29.033641486283077,71.580520967067471,-26.666233060842636,16.928693556257006,-4.3872901873131305,-62.250521174772217,28.808373029270321,49.630294341722241,78.308656185086647,-80.292463943842691,37.531185512366918,-12.957139426929157,29.194362977728154,49.889382637443873
35000,-66100,2.0153790862443044,613.22044637960221,6.5579431329574129,349.14913668211932,59.467299583712574,189.45039745338468,159.44528721986666,818.07994664599164,105.54156760106233,373.17371397445044,602.94552523054165,110.47980090557483,282.29388381039058,49.650824982874326,322.04961167169671,107.51434184412852,999.90717941941011,710.48514306662162,75.882971827155586,389.43122327942655,802.08348080368887,361.43111218133618,898.07860842254934,523.93808657422846,262.37146881784196,845.1713760373317,177.51840573481741,447.36594674299982,912.51888638658681,864.21975961035344,145.46796515249008,207.02057290862155,110.4689535789922,968.89390828420369,816.88791951873191,834.42315921234353,524.27568123144124,431.92180003680153,329.50052272124509,396.71037329101694,467.32619163430115,926.85840417735528,300.32936108568333,626.59165385225003,372.50282504155246,596.91309780671543,274.88815104581056,192.24251982449815,306.74883165656303,178.93360758906678,63.975082214633474,4.0698619910207938,815.66466064529504,189.52608121800188,626.93619239652185,857.43575259408772,373.57233314201386,198.65395570748115,895.41280535392787,514.23583986916776,295.4656606271115,763.50510258454131,742.30277787220257,199.10795982967016,345.10020233184434,791.98164961724228,940.24304413193306,521.79407795879672,532.06600211637772,635.89474048605018,153.64443294605368,748.51061013696676,618.53054329304075,19.004822927537433,821.64467933957349,200.76448463526134,277.80710101844966,800.39160358993786,150.58101351102562,640.99431803918208,111.74471616036027,798.98874034473909,287.06766261617724,50.383964088261166,185.1510235247014,657.8869213274462,681.74435899987486,388.94676295490206,749.4817221686186,456.15936120776979,823.25749853842126,484.76884197597929,724.36516530425945,4.983827443429707,867.25514287515819,806.51618988907649,62.951183151862153,717.11137456090671,565.39041988042084,193.18206665440238,62.134859251385102,-31.139933723243566,-39.562392139104347,-33.43212190249038,-33.59001281637881,43.170431647946621,-66.897255307026995,-73.955317967732924,59.137910078463449,27.157183395703669,-63.755697259438492,56.423313816636195,10.336973201278463,-43.874705492040626,21.680028027657038,-51.440614067859364,-58.947296767543932,-11.206919991716573,65.60842620953602,60.59280417399615,32.715573333702793,71.543378411270737,-41.080960149832421,-78.864295779409574,-26.952191223305121,28.104375597401859,-74.797645905410391,-27.488154318219102,46.343484417090892,-21.286871931238778,-17.106929580702669,-3.6313137259279493,65.259608937815273,75.566782754299169,59.385738623752964,-79.777195026569927,-13.936212418119876,-9.0889873413510536,82.622740375401506,79.552547205645368,-60.557703419697106,59.433860881293221,44.669607815163197,5.1862787339173195,-19.596811164318474,-24.333870290871459,-75.899430448875705,-5.6034601037061211,19.224686342418263,-82.519248704935336,17.024205034000744,-3.76160701997942,60.815388943414376,34.746220117840529,-75.498397446589976,0.16227615817258623,20.59040446265967,9.1771636204820055,60.639084564664657,51.480852387257094,-80.758284848689073,61.964575966820057,-17.154163776647287,-43.147499941691898,4.5316400756883368,57.135327584813496,-69.367299072738135,73.740161911288752,-2.771718914220255,-68.598790392749393,-57.369159081149562,58.663790495093096,-43.229233113584712,-25.290863868741997,-83.984566490420519,-0.60271635220612652,-9.656050480227421,-53.320484983593552,18.489660795854263,83.810879636301905,5.6552278072089681,30.012155995445312,85,3.0005342538224102,-38.625563042933351,39.606375587853286,-34.300328899269445,-43.825161641480612,37.165612423950904,-26.368582883298757,-70.202216893662339,-6.7442105462667472,-56.398182604972817,24.339199213022049,53.195864928708346,-56.589182848018616,-78.687889359393537,37.557942883643506,-14.584198509373064,-27.591472343072766,-75.81900043678769
2200,-51900,2.0179731498299351,999.76724050393148,171.77285726999443,681.52731235082638,73.577988026083602,154.33722569803666,134.55661064490585,762.12369915697161,353.02543501677582,389.76142356932263,604.47015689501916,119.10205476396501,155.79960281673416,269.76726372676688,703.84774042050651,78.840874004245634,526.27223280450573,502.09970918312632,93.172425748731328,385.9586711324381,521.21522476523558,512.2044842556719,912.79808631648143,175.58492630953199,267.48910290490795,844.72623986143446,898.85850762440032,114.59366423590888,856.25778845957814,819.73176418580306,954.05088918147896,624.05287633549597,121.38605436250089,947.69367519169214,322.66878857865078,828.43412153666634,1000,868.03696302475646,419.69210542339766,127.42120270262564,545.13531040800228,862.18510818847733,680.828492191333,627.12052253327965,802.53358877500079,598.21160960240866,273.00012498413832,197.10154559524909,327.34861519723819,174.96856297261476,54.866733168242966,68.757399221300972,237.00494721389086,194.88903067656426,628.5068314101768,634.45959479739372,348.96773482595285,199.55147846279658,240.12588282755553,505.61565996574626,272.27446122870032,732.75144727341228,939.14390371171794,158.70282476244932,474.60752156448393,64.891006523521753,846.27112230836235,908.52975843008278,516.50074556233596,786.92461940785449,139.50998225032092,750.71447683201984,999.97813260729026,536.23218977826434,811.25628653990634,193.52968499905342,259.67527214095202,817.24968369500311,286.57741847922966,777.37494733068979,73.703100249147496,799.53190578353781,305.75267079795691,174.15036642061551,188.43948858159123,711.67406326663456,677.33775182924956,385.97263614461713,706.09429867511324,480.31292817431745,824.51618292536455,471.10505267444768,721.08420317612445,11.940661456845751,802.15387308541244,805.35279317011145,459.85450372293712,711.62187053994353,586.39819327290957,192.80594769198001,177.45190688422312,-23.608158380148254,-29.98927393053971,-35.008395186762385,-73.627537110577094,43.175501473771988,0.5631406520188591,-80.827485552753302,-5.7562753231162578,-31.006280064460913,-76.793594326906586,-57.741944066008301,12.383926013973319,-43.875458487590258,18.846925976130038,-46.208905911699119,-61.662415197799518,34.787872620328748,64.37129938135628,68.410341146764921,-65.457294464005912,64.097658590121071,-45.343295276314791,-83.331613762398902,-52.916698604145267,27.153603877521448,-75.291269035408305,-23.295305053020318,-31.268759407091775,-51.573491500290743,-17.235412972156542,-2.8524954527512523,64.821782639757842,74.892781276292894,48.975350375075983,5.2635879816639672,-18.117292049266169,29.045611762755588,80.685350530050869,84.76363287950808,-58.553447043755277,63.008005624534619,-0.32130995996558909,5.1393208438771483,83.901872435875688,-48.70827921221786,-13.466717537652894,59.259940300653788,23.659298906169699,-10.744346668555579,16.828952728511819,-4.7198042224511454,57.793429022576156,35.784980679260144,19.065037853487819,13.549110058868834,21.223833954667811,77.957037321911372,31.603793820442668,52.436155730974185,-80.584072174646451,59.328806967531669,-38.6989066443059,-49.201023270989154,34.454884759974597,-68.548715086449846,-71.801598437391817,-21.978660245342233,-8.5776181211457239,-68.618375891746666,-3.3383118023848311,64.386490082617627,21.536225865001434,68.560841753859037,-83.953482545625107,4.8381714761306363,-8.8291658067469054,-36.709448503583829,-1.6203941664102475,81.594887525061111,-3.9355285417045529,31.768003667592339,80.365980527076246,-28.551246179460257,43.792998582276397,39.486216694584549,-29.341195320825157,-25.90076829809184,65.217430129487227,-28.566028683071139,-70.221540492816558,-7.0682314869330929,39.103555530304838,30.389204948266386,53.740125360399176,82.103999920114347,-71.909268581860175,36.976813349723464,43.228030485180049,-30.15769711973017,37.750586196027591
31700,-65400,2.0592485962261935,671.50741830650918,4.4839156334563626,362.20720395152665,46.98482129450008,270.71459426965043,135.73960229944922,219.95475359148023,317.34827921677726,381.71464194412209,618.6008932046268,360.55166368555854,120.67841322867687,140.52367817896837,307.40292830453143,79.003610040078314,611.56917298079702,711.14033669814387,70.633603841185987,397.99197122708773,805.15589568871246,507.97202515681295,868.99916690934515,564.95601417143359,261.75030729440289,872.9850205358174,896.62668036902437,468.43523667570287,84.259027561056769,819.27940347080562,31.784246847953639,259.45950012162939,39.140441908997332,95.046250820716978,578.39116870217845,813.91408076409073,578.72575988365656,457.57961516413894,982.97997713118161,457.66404465616694,541.32922206091143,933.11718321159628,681.44907454400288,658.98518317488697,368.38110511842467,595.25549495372672,277.58657251317447,209.32861881373066,123.44642082846177,172.50432458510755,602.74877128338289,69.03491059046894,233.85009969899565,192.90899845898809,629.63300297755791,825.60023210713882,367.72436130225179,221.8969285936048,918.84982892192534,896.70540116920006,274.80022877312183,719.06748876591848,953.53991555949983,7.7449328554793411,265.17981464438151,797.41625221065078,887.42239685515085,915.98953541613048,543.57484447311981,769.84433573185447,142.23538105720112,669.46310591635051,647.93897573145841,486.02562213195756,814.41488677496932,170.57585109975108,27.705806030899566,803.56347984486183,312.47790841130751,648.95287188437385,90.430698420577983,801.60795268415279,315.02193862328386,297.8697590854311,222.24775478088949,733.86310016068751,680.78208380779563,375.03905344180015,789.4201587154937,457.14744956972424,847.84582833827471,432.13339586568509,739.16404322620929,9.555205395025574,794.18129824490063,659.40654117061445,411.09578037244967,719.38638183207479,587.91299869275679,204.05782288103467,194.01500533062585,-30.867890254868581,-39.646123554674766,-35.498085366764748,-70.993459771102849,42.287257023827379,-68.430782780921092,-74.793738817981037,-14.042426428626978,28.002547174745018,15.14438055398589,49.990491801394739,7.5041583983788342,-43.990796691867061,19.735469047005353,-45.795649338492375,-60.325174749646486,-12.503552177118138,64.537678962837475,71.150693888641996,40.468232525823552,-63.796638438633558,-45.654192373457363,49.721221877131242,-53.620967846678205,29.503420629009259,-75.210714143597684,-25.617884534682808,38.325424978571263,-57.684963579070029,-17.563070392363475,6.5097586363428999,62.686965624375851,74.666423608544235,50.967192839215201,-70.066929863167417,-12.918341126518442,-8.1957071499263563,80.36383351530506,80.909977903287839,-61.785102813861052,-79.843349812959659,-7.0159033806213191,4.6924093403977594,83.611442075556482,-24.25878747018572,-57.346511663011569,-11.570742013636782,27.08067081850194,-74.289882393683015,17.451440516029667,23.062391753282427,57.940311910741976,39.423284262339365,23.097256373523855,12.840183515642245,20.805168522433497,10.397424639804413,-11.544170018522408,52.390334723579024,-79.598747909851852,-19.748091333984412,-17.758106050223205,-49.253438147611767,38.095277153906018,38.888324240839388,-11.747596182922809,-23.290197908114916,39.993431347550171,-68.613593703947501,-56.986967333852029,60.821751130621521,24.298093425173477,76.375290816591985,-81.864061561824556,-17.629469257768967,-9.5945144439371521,-36.599205821840641,17.209247135929346,81.471681885140569,3.2102777291994937,29.880766319981021,81.208928666128472,-3.8897277584128087,49.105359907418389,37.688158076658496,-35.860212458455074,-28.863696403744832,65.513013842902566,-25.471410441773852,-70.099293019362761,-4.4018352232047295,-64.104776675604015,29.776058117703919,51.229763924405063,-59.967543756172795,-71.854520924579148,37.010926450220317,-8.4836844204796797,-29.308084001798655,47.447484256514542
200,-24800,2.0217555230080042,999.98014260023876,223.47214418246151,679.51747761370291,65.961371187452443,188.64989266855559,133.34427311101783,768.17564855891408,347.31711088607238,377.05471428726764,617.52491811849222,114.64835937841906,261.38146368609648,3.3416490402079817,693.06416050854841,110.14012290070529,507.92570892973117,709.49691148906118,72.615838960279405,389.15689474058331,504.13308722725765,501.76968850346259,868.38510797357355,601.29234942664482,270.55940519114785,809.2958138297671,944.95044827544336,444.65000683986716,847.24402017775583,863.40451860370672,981.41653109098547,666.36549773430761,29.669430473428179,379.64869948157241,612.18741881683434,831.14468234243213,560.29564562608584,602.60092812896687,1000,416.44797719121664,541.43878447935606,810.69867745732552,669.01025849435518,662.31199573869105,807.44021561862098,598.20874583128375,286.06635116688989,169.70824606310703,294.72688280875246,174.36450675460716,179.7504472671796,36.325737996102923,230.52309655245415,193.26357535138524,628.9111267262299,658.71681206792448,349.23435031983291,183.84208984139846,263.64842991611499,922.48123984229028,274.80473422376429,381.7469111441622,949.30245276763617,179.07368034595945,645.75392194933102,115.19956290988887,577.94843236284532,914.30705706661399,517.66870151266676,772.8663628016327,139.97137022266202,750.22161210761408,626.86223193779961,533.18380539697591,814.57454076013198,567.8968874239589,18.411761865654796,842.38724272454147,280.86337434175175,657.45145537647159,88.729264441409995,799.33481353839875,281.89538011079696,816.06732787495014,187.7114511931793,286.14468542211324,677.46917660741985,374.71322635890505,728.81270095095613,480.3215831309721,826.18399814413453,135.71099476341246,720.38849780867429,40.72644507398897,374.29517272940961,671.54178411026692,103.25867165554064,724.44252010506818,586.86968093868313,228.64701965442771,84.919467200610683,-11.686652927758372,-23.958498896617492,32.265163760692893,-34.200846430898565,42.046533730297078,-57.601267322664484,-5.9584106480910464,53.772562310160161,20.310273071275752,-61.255454516180848,55.143913039989506,59.554745310285668,-42.396308579340399,22.387850263606303,-70.423205234613121,-61.643262326517629,-5.8068792503500077,64.660881013207813,68.750737077677002,-57.609378416167807,-40.284447865874604,8.32573661704334,-82.631090210251799,-55.368222490953045,29.647261014519501,-69.811820336612953,-64.166195810708302,44.284137990005931,35.682302905795936,-7.4278934811638759,0.039645608508097063,-14.146504051862578,74.896184933279869,53.793214922185207,-77.38049572636632,15.838469519032904,29.043849264485637,81.120126810164905,84.988287333807406,-61.913964663715198,-54.306745325595998,43.748645887414852,4.9680576367980915,82.126245993074392,-27.120943555489717,-71.820831157549804,-11.935335538884971,30.025001998450861,-78.359940529495219,17.132331133246559,-6.5752881902612197,61.630511439446487,-10.35758099653837,24.066903963144672,-4.5026518410046545,16.950971443719961,82.384283637973937,-6.9605063428077329,36.667455052950721,-78.66309814881528,-14.577156367408122,46.714300086133768,-48.951882517720243,38.361847983581598,50.538377414719086,-73.950807691660657,-24.296587290792907,36.238399191892285,-68.582660135383833,1.0262370440336681,46.831838449751046,29.51751291746049,65.091792904080833,-83.982016333183381,4.8435973965038164,-9.6779704014816161,-36.74983162321027,-2.1918347153837674,81.741237632921909,2.2423098765038354,29.167249224223163,75.357195145567815,-2.5418353807370622,-45.326926002089692,37.439394273705695,-37.569772764912109,-45.27966200886307,71.941041776725598,-25.459431018127194,-74.197348881847375,-4.2153283742167966,25.069254654801117,29.422916084779416,49.507781515080943,85,-73.342187654182936,36.855245744646346,36.108676644314912,-29.233556810346926,51.847505208737509
1700,-48800,2.0571263050048376,1000,219.60169057525752,677.29768488127252,72.846771879601121,217.03430397783768,156.72460429933571,762.68445049993215,332.8171399637431,366.60236538083996,602.00147009141472,352.76533441887432,138.59126302509779,290.59625372582479,623.29583112970715,79.510429847197585,525.52842307302944,704.34833978307984,93.195526628958859,387.06444338747042,808.73640892458593,541.35415071504508,923.21790162459604,563.65152139984639,262.33569292104937,845.13235648283205,616.98291966369175,434.19973524515115,972.69298999404987,372.72815295591249,941.7796687279448,233.42646041830957,254.10746944125373,863.0219507365598,334.60259422568743,833.44128624162772,508.97396355709583,862.20330256803527,381.15860242127371,418.88079952846294,668.02082122530601,524.44922595985338,681.165698870092,628.57635947827566,375.97861101423808,598.1357362120433,285.59673950416635,184.30053724809861,111.12293020869852,175.89233216032378,113.13376565323065,18.756357172768531,741.98523640967983,191.46076743654876,656.47972287632899,846.88071339039777,349.14589525579584,199.33326482142624,53.343791445524545,932.28990716964756,270.41919364590996,446.54695606250493,32.026489244227037,54.943507720000149,470.92956704599715,66.714876026501543,911.17656723330595,852.66915248697433,516.95015424735936,775.63794484025061,139.50325423146006,719.54782493219159,923.10567192848691,454.45895915533254,814.7008824204886,184.79271506228602,252.83122948563337,859.72848707536571,167.99679805556667,739.11411074749719,73.317112929010023,802.04237915218312,49.359176281914969,173.1906166614134,288.73846416394139,711.08138380280593,623.62060698608218,374.65102380927874,763.20705678236322,454.67718425841599,826.0426247429541,453.0779783310922,722.11248690962623,13.813033522021382,723.72674248289616,790.61680698861244,788.76679648232914,711.90050034827004,587.97047243709733,189.22816793067685,44.622810084405174,-22.499831919355898,-30.376054067464391,-39.045835695298614,-34.997067060397171,50.203062189789691,-57.315016498710222,-69.567332471838199,54.506732214622382,-26.932161887433161,-61.860972372625774,60.285055982941238,8.6088687275208642,-42.544918309884537,26.405756965944491,-49.568322188429313,-0.90017153124130722,-9.2835452639452818,67.637720733469095,-27.514021741790227,-77.750411384275793,25.683194767733667,-44.726103930405394,-84.776147304229141,-24.038642067861947,56.851219037158927,-75.202547072687324,-23.72303118876065,46.220661835425915,-51.49030113161114,-16.831306288575853,-2.747096095848176,55.373250262429764,74.98905397718714,49.848044283556618,-60.559114786300839,-15.609957488249377,28.878384312083409,80.632731839141982,80.576932570654577,-63.185391888527874,-64.36827115997697,50.59447781806567,5.0061407671784863,83.28337219791004,-25.796633781877002,-12.707649171010891,-10.142206880929322,23.435376687691964,-83.068946908312043,16.868619348199299,22.603497000988952,60.546382169722719,34.854191280206557,-73.004791131470796,14.740948275433052,21.255380019298972,69.09024495643402,56.339897702139936,52.382022162387756,-82.071662111102427,62.142366176435701,-84.175601577697051,-45.934038273463337,32.747657606665655,40.260770758113189,-72.343881735878085,47.973944535409814,37.051432255430072,-68.624977896288996,-58.879959740914813,64.516742651962218,23.475970116692771,61.001500416193991,-84.068294072352387,-16.727016660562807,-16.186905919858862,-35.850339556745496,-10.214022123744552,80.330309776084647,-0.58247226514104788,31.718794485300794,49.860537678330218,-27.417250414453768,45.327843231321282,37.461013506090666,-28.910800723414273,-27.082655075724823,64.504369088194295,-32.228769622169189,-77.340598550963932,-3.2793458224748804,-63.473633034896345,30.294311201207773,53.432379288965997,73.520552863215329,-82.158346772815364,36.987534618644631,-12.325882218125159,-30.552600079649835,49.860516512948621
43100,-66900,2.0220734676989625,470.58802971388792,6.5580831586803994,344.22763009647372,67.302100453915486,260.46768957604172,158.30243342690196,817.96789508353277,101.6347517565691,373.18113490528077,603.03105054281548,148.26864858627636,162.91818199413058,50.164087887674725,323.05809108242414,117.96465377101522,586.01448889470771,518.56438808228529,84.411848293730372,389.44622832398949,846.30711439856691,319.75264022564147,910.08814902457914,537.03464845009228,262.45076359626017,845.01815755055816,963.76739284655787,447.3447103312555,859.97245425663266,862.11965959800114,143.9349307888196,452.74646198212668,17.647361058946174,997.16980737517599,293.19169588276691,813.5843470302367,499.67479574424465,437.25809917463766,328.21021851776163,399.05748483249528,467.32880289147488,876.51789206637113,300.41376518726634,423.97803896273041,373.50647616191213,597.15800222024791,275.03945596047851,185.13540513772833,305.64130508878191,180.63606748420543,63.445713383954057,43.514070442370901,703.69399346655302,188.98343525592728,630.58951664660106,637.1023257647289,368.24198377752055,198.61057896458178,895.37339399009363,511.19068918475978,294.30104866487125,388.39103723462699,750.87124695046282,179.04752175655938,344.93431052098583,823.94071835023283,940.54233412218275,516.76146579710451,531.97295082492928,660.39400946633862,139.04497279469763,748.35862112499137,647.90282679803124,17.730018194791384,787.99354200151731,198.61145233673096,277.71523875393905,800.24348668261803,150.55273178929045,749.56820896948045,111.71661834559475,798.98411678979664,286.85061589360146,178.91943777351042,218.93005595818903,755.40712158813517,682.10586099568002,388.79594557568419,749.82366320938263,482.10741859691632,372.02466930733033,121.38438019449239,724.36413277982456,4.222112060311531,867.25369306762843,804.80404842953601,56.56819747002848,717.15725741023812,579.09198942697651,176.59367751211528,50.358686179336999,-31.140166452775773,-38.417510015051491,21.929876140143293,-34.104207932100074,49.841651381397128,-66.930452004347885,-73.956701009920337,83.37397801817464,23.893088302531869,-63.443902312566649,51.155694707914307,14.290461613216893,-43.87487774884567,21.659010169741975,-49.473965550967456,-0.65624293404174949,-11.210772400703446,65.543801435288941,73.380930722657226,32.529277828157312,74.057996516004565,-41.104182016707284,-81.136740511662396,-26.935879839942356,28.088712898210019,-75.926973191865528,-27.521353004482915,43.947559406528867,-21.42021651724896,-17.099081453440142,-3.5468365339868759,65.448520624697522,71.42638087633857,59.538233658409794,-81.448241826615032,-16.218332817941398,25.981333141654297,82.582792993432435,78.876806159620429,-60.631495200318007,61.262434395974168,44.685972680703046,5.0257980947573326,-16.637171279053405,-25.687594625558546,-70.314323821177325,-1.075289696104047,69.767829947856484,-9.6555464887600753,17.024375881886169,-3.7618069677882451,60.655171964724985,34.857819565825636,-75.531003621276568,0.16817729260150138,15.827556713680849,76.637724398369571,30.824600643327052,52.395189533994078,-80.863035476191854,61.949315229874649,-12.844315950646827,-43.758934354262578,-31.931800322812862,-64.834328009254861,-75.091180234928203,74.218370711385916,39.41077042174193,-68.599378569959129,-61.177783179978682,47.123629751661213,-40.191459900784984,-25.287512575865076,-83.986059370337315,-17.972483145428619,-9.6554882490087639,-53.789409571390486,18.276310429524255,80.244808133999669,5.6641906818118244,31.533896542965902,85,3.1134446356299823,51.536315725542792,39.595845171587605,-36.343804849387219,-44.872199179264499,38.121616251634279,-51.088079282176523,-70.201561356777304,-6.7340110046993988,-62.335040263332644,24.29656643216363,53.197397552209878,83.417294968514,-76.270712173387835,37.576485506893306,-9.3163315272306377,24.924241963747765,-79.450839388402017
44900,-67300,2.0592251475574233,440.24364454556235,6.9411727964132819,324.50025976704967,66.246544943040092,837.14666979975561,134.5667116277402,209.64607735201909,103.49841944387245,375.59785166397069,602.94957201301622,141.57086735909118,274.16948993249605,105.96160511260659,267.07266720374037,80.821660516587329,609.8047450624257,520.90566132143226,83.597868609414377,388.87257256879002,848.29326182143927,547.20760765954208,910.9412586290299,647.62460373174508,266.53900236432321,845.42544659460066,68.792802130631884,98.799200236536166,1.2344987797076019,692.28464730387554,960.81299744275009,244.76517656706466,831.60944108266426,935.98967505283588,352.89805504755537,833.96799090794184,529.7727228671323,527.21367434338424,983.94757439654495,410.9675908126477,460.87615817567814,912.61433304518948,293.44869291970235,658.50847954688527,371.28364049347505,598.08638912820993,272.49871365847292,191.65314189325997,332.38998631009383,170.47788445008214,67.466217651946849,43.54439893596674,694.24132873865653,188.9372536520566,600.15445395999438,629.65987307144655,364.19317910543691,211.08350606071787,783.13137805284089,918.62051678851253,275.75024625196824,768.53114860153562,807.31813142235046,10.168424648227703,385.67420111391266,849.22622981587062,897.62092992630869,959.3610225521702,486.64142484726813,646.90062911922291,139.49957940849282,748.4314353257937,909.54524373555239,25.797341428347039,827.57289331352854,186.94301582948904,26.703587904390758,799.1706850042923,132.82095189742236,646.80420963703602,605.29484827798035,797.18464746249344,53.541185706049191,168.88682322107749,187.3100075268772,735.22302578548192,667.40067139853636,388.40089187266375,79.178361938870637,481.11708358393651,824.6895705057085,484.38651209448932,721.26634919722756,3.6977963681955899,749.8778325788353,640.00860011005091,421.39813056025838,724.34322257074325,580.50901134118385,182.21503082997612,194.93791872907934,-31.348129198560265,-29.139647322660334,-33.805419168517865,-34.091989166099495,49.830777575763108,-67.970035385526657,-73.862527455189763,-8.2389832905629206,22.479906278714488,-63.033528851463224,66.441912939311749,10.167912939431886,-43.845542863854305,19.339710936274031,-45.07837978448817,-1.2853491721664709,-12.372904081100696,67.451203845802084,-46.265780076336618,38.841756595576619,65.490008197119053,-42.666929463792457,-84.965567843517732,-54.499758637508961,27.827316303270546,-74.662087345951107,-63.849500293789255,-31.581904455397972,-50.807482328374185,-17.596429047720314,-3.651388825038592,65.24240985301266,75.254435697514865,-33.466146811780021,-79.703683474427095,-17.240108494556402,28.210416329999543,80.8210845721418,-37.853207258346409,-58.461248406619674,-54.362840082820632,44.581757660489131,4.9635502710583657,-13.537537060536756,-27.013929454784193,-75.892753764926894,59.264808259987802,76.754562026982384,-15.109252026218355,17.097842309822692,-6.7088768439612174,60.534086855987141,35.003492042566961,17.170291898166266,-1.1052749661097641,18.113885289620946,74.743635436809825,55.389745144718859,53.409424101993935,-73.780723922767251,59.200880327181515,-17.254126560775219,-53.164854262564106,3.1330717808923874,-71.749047841229554,-66.422497004644626,-20.486823537586226,34.281303437647757,-68.582856209621056,-1.118421524463634,-8.0184848900328465,25.591918979264236,-18.232666749616278,-84.001729191900523,-17.873938779085567,-8.5054275746183148,-36.705338655825713,17.262788033590493,74.719860238053528,-4.8256964667491715,30.215291929453393,80.880830299481985,-2.2682305080967651,54.638541548105493,39.614686725727317,-36.359526677249868,-27.281930271746287,67.019688634106501,-31.54187120368406,-70.966104842867125,-7.0061496222549327,-61.443502079773069,29.542612145936083,49.063617981641308,83.321780163509857,-73.38305170036756,37.140049559446176,-19.751243686778821,31.51798191304346,50.147985683207907
59200,-68900,2.0223630568140596,188.08463049497777,2.7042982556248072,321.49248377443837,73.885195161262459,125.29163268292511,136.77851547201286,822.45275441183946,124.63428854784102,494.91079504910459,617.44570862307444,380.62036744499466,312.22759882662859,51.866393165165817,72.670959102474569,100.25498852099003,614.72769677750125,705.57381919299917,110.53660035288974,421.4290399605963,811.48825178096854,320.81668549058156,923.82357823154939,573.75125177816562,261.90520396126743,847.15570052079863,73.082965639338227,463.27797130156529,753.19299754655685,837.11229084056731,934.90597676317066,450.12156306570353,253.418333913716,918.55273332680952,918.58519933690127,572.31717040641854,200.38846743880703,871.9208393465351,446.68303196639408,463.23746313329423,511.45960323947946,811.26132223993773,296.07540620061127,657.35405643640979,372.76066357913368,595.35077011917963,270.48882927424899,180.26993336940197,325.86411904031741,883.74857893662158,574.54256080528285,69.864744368827061,800.18067663863224,200.73342134161592,625.96538445908493,638.14379467415165,560.5045271705219,207.2561663538923,306.96304330988323,514.62344612265963,271.15885738866609,442.34272327311942,7.2330139384056711,659.65599043035979,671.5239613284316,794.80641711196529,911.17686184634147,571.66641742144577,530.04655890414267,635.23507859699987,162.38956622109259,670.67964140789718,942.53300005674987,533.3240788672158,525.21564683470547,545.75426351371743,275.06221482253881,817.73852284545023,637.4463155446432,763.94990336478156,122.45476488019125,799.66692391229253,307.49161343618033,46.986107461254036,152.17948980558316,740.75471613455943,671.41768290624645,383.9873745526034,727.76053761736694,458.54412754258556,401.85890723270683,150.90390721177582,721.6212641532735,93.157354461271581,758.95421126118674,794.61995680343409,462.22921131382111,711.45221914625245,587.54274289581554,194.24110443694633,47.847149234394152,-31.342896007910067,-39.303775040281941,22.913482295113624,-29.625542335865116,49.703200407987488,-83.602046994486045,-78.268359249558088,50.435403197980655,26.845420602427716,16.857863283153961,50.749220642610879,11.550218074038636,-43.845492153908353,24.434504369351085,-49.094424807494249,-1.9298227778395201,-10.525988594902842,67.408212756736631,-32.985201755526887,3.6082505190258267,73.237089282671405,14.224136763344301,-84.781559883325855,-27.94420003257526,24.219473504271161,5.5496304635938838,-34.654181698971023,-33.649480086516483,-53.190876525661253,-17.062607029710261,-0.20064007472362366,-13.205306244206309,77.041399557912442,10.546652873728272,-16.172924903354026,-18.632239955289553,53.878124570278004,83.637387920574071,-34.278046174365365,-62.234271055443337,-73.105131718754677,46.232272687943585,9.3546381691608662,-13.040158132296382,-27.848632354636564,-51.665997672612043,52.008633394003979,21.787186326893369,-79.68607333246257,16.354042841066004,-7.1061201884563037,61.853060325893324,35.288221180094531,11.29303718435002,-1.9498745493258811,16.192917364229679,-19.298443709636771,26.762448847829525,52.032279025688993,-47.523095685150523,62.452322347439726,-34.502326088788209,-56.244133598059484,2.0058322805862545,-76.920432867954347,-70.890358969919077,80.410058315337139,-10.643659834586312,-68.617235619531897,-63.527992109818889,65.371671284644947,-32.394174928178245,-21.420648930074403,-82.792205506695197,0.034313452183672544,-9.4368878042432875,-35.445553769025565,-6.1513843167844087,72.15488371675967,3.0393178847232352,31.565018024530833,47.476807672435598,2.2988765757391403,41.039616709307744,39.947410827413655,-35.389034624108334,-27.269879329271273,31.684587250531724,-33.308897106489816,-68.457598522324986,-4.3820678034225207,-62.214298239561565,26.13160131524727,49.877075712608416,85,-80.507239202518107,36.81239505804276,-46.171374843482397,27.789927435162042,-79.181832304651095
5000,-59900,2.0212482003557373,1000,173.29498037590812,694.84666147424275,37.029560855148659,153.97914037506706,134.65470955058177,825.60148023402019,354.71409272940883,385.69079578148052,604.91999866839569,365.8113869658863,77.397454146547062,11.690456380390451,626.0855898619933,105.47540376170157,499.68310729553565,693.186379388624,91.830937551199284,388.87355650588006,802.24546146015894,519.75655508921295,934.9953303228516,558.68263339993769,270.53175091509269,846.69085088878251,645.10157543201763,421.87603396516676,870.79405770488779,185.40834664704903,933.86257281891903,232.94640282579485,785.13836797938836,859.829343848794,508.57320171176957,847.6846062294012,604.12831559843335,221.22313287200541,467.78168810031008,466.08248837231065,527.22765491636028,516.59603325653597,695.38263842052322,637.026107007674,382.87253569080548,597.73052188272061,401.86130340898529,196.2321242772052,97.140207804754368,164.55891674101176,175.92685003822385,34.921125415928273,248.12793862805194,190.63513043736768,628.14940526804446,612.99787532672929,348.86479108113775,188.36472953119821,292.1786753515363,910.87404004756161,269.85724291640213,398.5164279813315,936.51736888673554,595.71647088854877,456.89770126510655,16.320300968503748,846.24588429247615,542.59242520344674,543.66409197298799,781.03359512815791,139.52746431485988,748.67000840065282,634.92694391347243,536.1139559398905,812.55701565403888,190.28694844077137,274.40039344975952,819.57441914224319,290.71162297371728,763.48670599469915,690.23897196322673,839.35183305555017,283.65853497157974,182.25910735693873,140.54400391687744,316.85016983687279,678.58879268611315,334.43796542977384,784.02331765732174,478.23304439539157,835.62781040906304,123.38314008683926,722.37335976338238,767.98546488061675,789.15982820509828,801.09529468660423,456.36006959620073,724.52328804286412,587.12097835069108,193.79251973548205,204.74586751654468,-28.100869721367498,-29.643589864685104,-34.403477185957151,-67.455406562049461,42.721633921922887,-0.51151246601527589,20.043470328622199,53.345576179382661,-26.082670355918903,-75.183774794648031,-60.530665101050225,68.124001806120106,-44.07332484124823,21.597202043523517,-49.416598545659156,-4.9000716588830322,-10.830641995201654,67.679774313736601,66.250328463936782,-64.936508259365297,29.769804271511212,-44.292417528934941,-83.39129897188333,-54.039202471601172,60.89879332843789,-70.578434554345179,-22.361520327864248,29.498543376052652,36.421067661063113,-17.234689710208212,-0.39019611490290801,67.504154992764342,76.565795520087306,53.394610772638188,8.5336905681610915,-18.073924212256522,28.865948219386915,81.141680867258529,84.951110912570883,-61.895894392203424,-82.746779105466601,0.50404265483860655,-0.53345143659175021,81.814336981278203,-50.342751139277318,-8.8461459522789312,-20.26056192013364,23.836330222090677,-17.108095354397385,16.843127258042777,32.93237902366171,62.338876458959483,33.927055842086077,-79.378108095777236,-2.2159585474969901,16.280687458920568,76.81962357528667,61.850687394764108,31.408959776848334,46.896153981281934,62.908708894110262,-38.71415063038414,-51.927546503218331,37.692582628377892,-68.660968403970486,-13.312269431439233,48.0500586393551,-8.1996896880467105,-68.573190124897835,-1.2618362077445333,63.261773590124605,22.364772640996865,67.614044757255598,-84.004157189146824,5.5648633286964273,-9.9554636580428824,-37.863115369825238,-8.3319124547038683,81.956825490925809,2.6048346077011701,30.438546096483424,28.158523521494875,-32.256402479925384,-43.97046963710708,37.400327957851481,-35.859576316454906,-43.49673970793102,65.084713976826933,-32.819500814498795,-69.672878177276829,-38.622820557602097,-57.036891720462656,30.205627721997942,49.81350603868254,83.061939790395741,-72.757062242259451,37.029031914878857,-7.7741673272723304,28.662575876862508,48.52058381614804
49400,-67800,2.02210869219522,358.87793710782489,6.9605327251608493,324.45212911779629,66.584002973885831,161.8367203525205,134.93057330357854,216.00045633291646,131.13631473983295,375.59670896078592,602.99531973512012,159.03738762523076,283.80060278133737,325.75836763772179,265.06124510368204,80.613400324931021,605.32552491834406,530.78460930450728,74.297824519263088,388.96227235348169,849.3825801337041,547.18633294173935,909.07679155490166,564.91671127304267,266.57819088971235,844.12756552515964,64.787133731421335,465.8454703253758,27.21278562395743,694.22010609762924,76.482021385218445,219.56682985882657,781.21759709584853,932.43848085100637,312.46867053377667,833.31471507811966,553.42969787187906,460.16767896457378,983.89157459354146,401.51969432977785,460.96101343013754,812.69873135475893,682.26517775857826,658.49448069570769,371.39956152470705,593.97317194830748,273.89603922447174,169.77483054521147,332.34035067365483,170.67615134158333,183.74450815749361,36.355973057953648,695.10953709924536,188.99254206443879,656.96192144792633,630.69573023336602,356.50074910700846,211.70333979712973,931.58728368930053,894.92263671181172,274.02366465508004,770.52076903002114,84.620325565498433,10.411468551404976,420.36838315587255,793.30033739053431,897.75915768824848,518.19327537753907,487.35060538139601,648.46832069724519,139.48009987233104,748.48261110110707,957.30977883152252,473.86947316819169,828.06105327536375,189.56251953845467,294.89236500031888,799.75710352813996,131.42532857612409,741.90740266767614,567.08168963673177,798.9997499325508,39.990968818729641,168.93861781582413,187.29781749540865,735.07791057273812,632.78335322088674,388.46996713306208,772.72419723585631,480.78689153957077,821.38834629821906,484.0771071638348,721.2899737286973,30.114905910899061,751.4285808921768,659.42726687189804,434.36786393167637,723.53886866046662,566.142255657021,193.7808773021479,194.46934177636683,-31.407929063491906,-29.406076678485153,-33.774390299889795,-34.215999406428139,47.823589452097622,-64.160492082525096,-74.490638447213314,68.379142404978694,18.819103496504482,-68.740869969549408,66.683930407323089,10.387123402257075,-43.843784695060748,19.111032476050269,-51.645890894795052,-1.1894294797684908,-10.425114255595538,67.44990787380614,73.530010355217428,38.603279643425388,68.554818711007144,-42.603240523955037,51.805152997613249,-54.475422626155677,37.073989075994895,-74.635335603623361,-65.308912814836987,47.004612896398214,-52.991334047902008,-17.599515092084523,-2.144577791299211,65.037678908801624,75.114494930588464,63.145069621919646,-77.265974652425058,-16.185657546501382,28.206468099274989,80.804383965117367,-48.570521714678272,-60.515573871298358,-54.478754336111386,44.555817058035331,4.9938766623375495,-2.0736224664983443,-27.023216589985498,-75.88707335426507,-15.313557885566045,5.7153738324487762,-20.644414986839784,17.137167011089776,-6.7339744440203102,58.317278647684134,34.994539822958757,17.408540941463453,-1.1638871520444944,21.441154305240339,76.553447505026924,32.147302947242935,53.525455612984246,-78.201829560665786,59.112740861160795,-14.537750929002385,-53.128395566650468,5.0767727646074396,-54.687727554273962,-74.374610199100587,77.71202836644494,39.563775333645772,-68.585153582266784,-1.6333411242094753,-8.0525374513960255,-40.426105264209568,-18.107034660251372,-84.002719410719948,4.8403493884196003,-9.7258792048939764,-36.775438853839702,17.355522498038031,81.911489536395933,4.8134248295015176,30.204820447525336,74.906653000924322,-2.1161679126019819,-44.332741026027406,39.614829723571681,-38.989462182304273,-26.078239633080788,67.111634851512576,-31.953789680456289,-71.160423628129834,-7.0665970522119359,-61.533171340018214,28.398661459074447,48.900151621385568,78.810383975486928,-72.551625141947454,37.118308081690309,-12.493884840150697,29.377306940134897,17.406959274067958
12100,-63400,2.0222200061802127,1000,23.878638923300656,304.596475055734,65.823466637484671,816.60448656948847,107.93293646103575,755.00529065259889,103.97898637591187,374.14517584485975,602.51583478653492,376.69511459773992,281.18627324419884,323.51136491105365,264.96619233257337,109.36396771003628,508.84892310033518,535.40745761115784,91.057340951021104,389.25082568582951,500.81709484896987,545.47135578071766,909.17915887307333,565.64458210119483,266.68597050169751,872.19250414645035,85.244226174190302,79.711853658158475,826.06844793344408,694.89297961160128,998.68088057049476,258.10451493453661,693.51446018023182,803.17130214947656,284.97032599919874,816.62144686455099,939.9179240119571,915.55635327204038,936.6035034440356,410.97762467460973,509.21593488456847,811.55849419931371,219.24052093153685,629.76023369132179,389.27226427500727,597.11369407874099,274.70658248497375,231.18646225177523,333.14734443301592,170.4913850109503,527.25293764215724,45.078600346673923,673.15692016415153,198.44331248865089,627.66362556717957,870.29707506670968,350.6367445865182,210.29615037034182,905.15231851795477,891.32349110817552,274.94783187438594,772.0946487910212,3.2733059858416595,53.060913793386803,677.51640696860022,28.314455669146071,822.77479423654654,913.02389219068573,486.7673461308886,650.47367839624735,138.23129089498281,735.38986371153544,910.42533015045058,543.2597218338102,826.6225363316513,553.19283721368993,13.833706065611636,799.10722994360458,290.1097796444451,642.14182104355359,80.091822570127206,801.75921649619386,43.294495720350092,42.675612543603748,189.10922089507017,740.31305791660793,667.91138327656347,425.19900848390125,118.91724890504037,457.22760793526123,826.22882687834965,484.9831337939529,780.71852615728642,16.398886032039798,792.19453668260371,665.33154969404995,447.22876596991603,723.62297350196866,580.07102474594376,192.89151204854352,49.81963964726021,-31.157610597971395,-38.99575883924139,-33.747018558178119,-34.084213099649865,42.190565801681323,-67.104136048269353,19.047455604840014,-19.239411294071179,27.315255925593398,-78.048605766314012,-49.409442071071915,64.862100891419615,-43.909039903630735,21.635568023337875,-3.1650417998719718,-69.633466993851385,31.914040960689277,64.763204411522324,-38.578476892467265,34.031340067383169,25.661708891200881,12.782580238548505,-81.61899500279678,-26.555140178327786,29.06340072631647,-80.099742500491018,43.274990247748363,29.615133178836693,-61.261652421753148,-16.337091866770415,-2.2710423459131497,59.327356602676502,76.6239497165665,55.018999226481078,-80.079777800423173,17.419550547975845,28.240243639818157,80.748916377484193,82.123192032019773,-60.961235758104749,54.838943006145072,44.245138827213935,5.196250850656245,-17.900062478245996,-27.016531397395088,-77.957944944775733,-10.69386882626632,26.711883692517123,-15.576380770990575,17.135300583091734,-6.6289728864079329,60.916631874982748,34.99727404931285,16.574398056292086,-0.51894823395164646,21.460092568812961,75.632615266409772,57.362092670979109,52.399122578897035,-77.367088827796792,60.554867152519911,-36.767715319124598,-49.665861445692087,39.184010875214966,-82.070009454527181,-66.492293986598852,44.788989833371993,41.391701813725803,-68.620039828488956,-1.1436929416604771,46.848956305337104,25.908164784669285,-25.769467001584616,-81.997382154841191,5.1950257324362745,-7.3451901206252774,-37.810714970610235,-1.3617204789859731,81.21112753157027,34.539086440985415,29.985788702823896,28.300368546554818,-2.9642387480820389,-46.029954979003556,39.614624136964849,-36.198469004654903,-44.417409667623666,67.115792973757962,-30.667282443240477,-69.900245618972235,-4.3034294255773258,-69.702191158695811,33.264353445234576,51.294282270865381,85,-82.449947571644799,37.002500536387977,39.431110348170883,-24.42389361451243,38.546129630993356
15700,-64100,2.0576104334543683,956.2913943878383,6.3015987399420439,342.87025665355253,55.120810062663985,730.50344601136248,134.27139664474288,497.35382185539959,18.961838672879082,470.17852713982347,604.36864377609766,370.89325867306241,157.20576387064267,96.356937504225158,644.65685470258632,73.498982421539182,618.63415270670646,521.01539104993151,502.86832257265235,384.86327146836067,848.5813987917212,514.05609804962808,911.65438735331804,566.35358752636967,266.60023695351907,844.06012303950206,615.98299328064536,441.95766252297028,25.5991878478419,697.34566075671171,167.57577063237733,179.10236487471099,781.59213213896635,937.55560327397052,300.87361243008019,850.53419969104561,527.57560108482051,407.24405932754473,984.61411216977422,412.34706866755602,459.46344268871667,875.93890138448614,680.87858058880977,670.87179139381203,345.04157487277899,593.83147040815561,277.93121250553617,191.77031091311119,96.314330075794359,170.53639483579198,566.26046077717194,36.508616879431116,854.35458907480688,145.55534644390272,656.5285774663846,633.44705193166578,358.6055877049829,210.40982506638139,764.13351154221937,878.97119044749297,269.01914101859103,782.14484196896501,888.18688321749335,163.76861060942036,271.25387919522666,861.36505301519696,898.48428795336781,953.35920172540614,540.13133820788664,646.99854470570131,140.12387245879313,749.6661269778723,916.91429854701119,458.31745354707846,812.01499937569167,175.93458411413624,301.76368860348464,799.75921452840998,166.64913590365671,765.74587921528359,94.332301884823664,799.07803382269469,278.72751694818737,168.63981025910198,187.94280306881114,751.66608700992469,678.42647960190152,328.35876242740062,20.75919555417294,480.7814783409425,824.40007393238784,108.96611899367115,721.44122201780237,30.660293073372657,749.37318175755456,666.79494880387574,421.23826483999034,724.47713390415743,581.67867913432985,193.8253305607671,200.77555901796862,-31.406784133121743,-39.64166304924894,29.076200810327428,-34.272921201553757,41.005843701323826,-0.13868864364031386,-84.110286693485904,-8.9016843277104627,15.278559335041326,-62.982005557920708,59.615403258288822,9.1751443511804389,-43.72549633589999,19.529611762702118,-49.258903138043742,-1.0373489523683785,-10.961335955371833,67.805274261091085,-33.390827070366662,-62.382622757694605,76.57178111563627,-43.848745213743598,-84.854251957717906,-55.45007627441364,29.658462526537075,-74.875482067138208,-26.949187661429523,41.730161673669201,-20.690775765463975,-17.601270764193099,-9.0536763811205976,59.323798300569599,76.555109884675431,66.694125686475218,-76.751642920786452,-17.827093994850411,21.998991605798338,80.597773634017628,82.507574959895464,-58.436448116930187,60.691977279038078,4.4742382092344215,4.4684580294399323,75.675998228998395,-48.372352996093298,-73.044472498304728,-10.665175859300298,-41.100404788780146,-75.023820226098195,14.515707198320229,-6.6818408106397307,60.777544599361676,34.97477786445782,21.440350832065249,-0.98152540292495616,16.866860300171531,76.671699570599017,-6.1144338695557394,53.47710811128767,66.497374337493341,-13.756821702343579,-14.42700443582711,-52.077047969035092,6.656276771886187,-58.47178152547297,-69.947706064974554,81.117875565073305,36.025769525597198,-68.600359162922473,1.9310797704714338,63.172820578732043,26.696273362639808,9.2526956729817353,-83.992357938403117,5.4223096426205935,-8.5039494418992394,-35.867462054667008,18.391932613512026,81.574254615971242,34.147222702369071,30.776082761124254,81.05138485658145,-28.898629953885884,-45.736437020595311,37.350102822359517,-38.80914043815973,-27.27979502227711,66.917849957827897,-31.625567307285131,-67.631287344379771,-4.5082758195050765,21.823229943037997,85,48.895600813585474,78.345810523630846,-72.611875155908606,37.02328438405744,37.75158620247997,34.673346743046956,48.931941573270592
53900,-68300,2.0199992054434373,283.6575235849877,3.3956557113495469,346.70021675456383,60.004983003565478,131.40173334361018,134.17741616699769,550.10327765618979,10.663735347028023,372.67405655179925,600.65544025914119,109.42112962806731,159.26849616339075,64.275960260548388,589.24397458218004,319.57596055811194,594.3168577849483,525.66172538503952,495.32131236785153,424.41077686991866,843.91214104355674,325.89974772776202,919.133947077372,578.98960459155273,266.61926437745836,845.45423260005032,620.23937751698327,437.40758877998167,17.61432153647522,706.20326075353501,177.24753611272402,432.29316084519064,789.71592420156503,933.82151273728834,337.79417601258251,813.61456199662859,542.36441308943165,434.03755838195411,942.42683020979416,475.36311170170586,458.87146209475253,905.18064179518296,661.58350700145797,656.82801269426966,345.17324841244869,593.78911996417673,272.43453932671434,181.09235817509455,329.35681480290759,177.63665304846532,585.71919077544533,35.303969284083877,852.68499997485458,202.3639979445494,656.36404994505097,644.92631894564681,355.66394713314219,234.58527483159435,884.44787725431752,538.85848236554352,259.89526255706949,784.16388188926703,14.237961849926029,165.77340719766278,260.10163845272444,791.4811107772905,951.29704708684505,499.442745889712,537.93523781981878,637.16212364540297,164.14678777239317,749.71586586235992,929.7255552073434,530.3373876645544,825.31782297254756,530.31837527317214,275.10900759990955,800.80277512627902,168.94140665747685,644.25069114740415,615.14386946334002,799.06311267920967,303.26783659873303,284.77358078321936,151.08180541029532,740.94565103135483,670.64926988806656,424.53036274544331,101.49970435708366,459.25260701188012,823.8701968084298,487.30834796613897,721.4216622386615,7.0539143500085402,342.95689992114325,662.98869729818989,421.16508431390452,801.92908808912944,579.59908789612712,198.95648960485505,200.76879598030396,-31.092169736634148,-39.541171789873211,25.283944820240091,-34.254217652986519,40.887810895638793,11.974888088329049,-80.488614843635219,-11.367480467999282,47.651726489010784,8.6326317791156377,57.170416440250193,11.347353490873015,-43.84298358387408,24.542991251274909,-52.443015933480211,0.59046794015724657,-10.523968216692632,67.481036242275778,-33.32586274781152,3.4809596064644381,74.143360095899027,12.681741194626724,-81.246324677367653,-55.005951043119673,31.802011582275465,-74.743592035834965,-27.127753543093259,41.48736612918114,-22.516800562627708,-17.617182304069427,-8.931819302219516,-15.380829806832935,77.034710887842692,5.1696120657762439,-74.648911519458522,-18.935211379957067,52.547495441168493,83.630776646369497,80.926092929483659,-61.7371956968841,69.237144114411507,46.055441398078507,4.9752453554485765,-9.4312486259589772,-26.918762718310575,-72.723638868268324,-8.8961139662217192,-44.607524244184091,-10.46866361308604,14.513722191138521,-5.4422529403984194,47.467812601950726,35.310259379144917,20.782641096559374,10.566063814072852,16.865963053215545,80.795940123673049,62.99664233096729,51.95267527734871,-82.507843762961443,62.241684853109447,-16.518287100340284,-53.003326579796379,2.7849240606471728,-65.130306476756374,-69.860045682579653,-15.163930899360743,-11.425236211565158,-68.598948973401249,-1.9219156597260088,66.980007150580491,-32.598527895653945,-18.457034571474701,-83.970235058786386,-0.50269887356629894,-7.8798154589686575,-37.315365961188213,-5.318846662265539,72.521650923772711,-1.8620209273423391,31.662871539945403,81.429028163231692,3.6347176317065539,-56.03561782052995,37.376944789847983,-34.921024522705451,-27.25484905798799,35.434194530843214,-46.983035799583639,-63.369868809736836,-6.8294939279345659,-60.447082944599707,84.448578288294129,48.835735420738111,78.670333657673567,-80.232483973952014,36.800090534591028,-47.175002530301015,29.433061849789148,51.183899274829535
6000,-61700,2.0217515849475607,1000,210.80107464992915,678.28028264923921,65.969211507653583,189.58002050245312,134.16964539457626,768.20851088809763,22.527840244913733,374.09194319311695,604.76615560398307,136.10088524848044,260.64067662993739,3.3292192195423169,636.14621413233692,79.252083129919583,507.9524248127168,517.07474649074175,92.11340214900936,388.98400055688865,848.55849033797256,500.951775578754,908.77975769579666,573.94974176217215,266.48998890279944,872.22626166714076,945.46464761229402,455.94210959338238,4.1126439619234247,703.90258393349518,958.93976482722678,666.44794225546741,758.15556799203046,377.36752003166453,602.16618257660105,830.8931780967589,560.80043592977313,380.95441337655024,1000,448.08963491044517,657.83990349639964,821.91661409211974,696.51380240072024,662.46599228023047,811.04109132645181,598.41080719772197,260.50840680658962,169.717114975502,138.93864529606202,171.59260419160393,179.91479394666595,36.757016022957089,768.66520089067046,146.85809871360445,665.24773813156753,864.35444922382692,348.96031869754756,183.80585304320644,264.61012957250171,916.75353164635487,268.6118931836159,384.31510954261296,949.31699288414552,182.35947478169112,389.25010386681896,797.10595584952443,556.44146084272973,912.16374351020454,542.32414596730712,770.94315488184202,138.36271513554345,749.15414641430311,642.077918769147,526.29682908694963,826.96180575432334,559.33048095431286,24.893281682825418,841.47645578476534,281.09428409255537,656.85455113051489,118.74874645600156,799.3165620493736,281.78058469778034,816.48788429250408,188.46638872982311,284.7213303707432,682.04776368130388,425.93942845608535,731.65762913026163,480.7194199601027,825.25748745511294,108.40422132151366,720.94941828868809,10.833504236849379,384.83963005374562,790.59158395488294,86.172758272762366,724.40847387783379,579.85197413089907,193.77556036692846,82.591710909808995,-29.977552255422403,-35.14048771986058,-39.877141739442827,-33.791927395404251,42.046145468575538,19.572354389699321,22.815977651395258,58.906728305281646,20.240577300199025,-61.626078442031222,55.260952268354721,8.5223012926405275,-43.847353900904061,22.383031313648459,-4.5530366070937234,-5.755397591443713,-14.212845050917872,64.660426147176651,68.847450653665931,-57.719175958239674,-42.208551474768967,-46.999465043209192,-84.031385493961011,-55.579144814354869,29.555765648099257,-69.811135279146725,-65.981403392925145,44.353139053729194,-26.958116332360667,-7.9388549060634945,0.048135386776821498,-7.3485612377050273,74.893279529689181,49.913907633034064,-75.9774637934146,15.839776887799733,29.0442365127344,81.119946343640265,80.571483775728211,-61.913088058918255,59.116054198454542,43.364452684694911,4.9820665075400674,73.416414285744466,-27.098108773583071,-72.423126570500926,-20.62025394299873,30.064932172312226,-81.345628322519019,17.146203872300504,-6.666922495608862,61.625247027210278,34.107860187096826,24.031782810622285,13.471963702825883,16.777610445770836,21.54824370427874,-7.0071525168808257,51.591407354391265,42.949307780316104,-12.727291375888129,-36.334950692920856,-44.084308003976169,38.043843737733702,48.28471894763841,-69.921922390436862,-18.309968617717342,-6.8606660970103599,-68.588452819638007,2.2803588754433752,65.637515114065792,-68.042749571029276,64.547955505327096,-84.019973028931318,5.4983794725567519,-9.955755536607839,-37.047334246564105,15.32952282537261,81.740546101632546,2.6206810657394213,29.071340750661097,74.040478470018215,-2.4556778384906703,-44.693601713012754,37.301089614095424,-35.992022662345043,-26.118988284565773,71.847656546837158,-26.464521854619793,-66.639135238232882,-4.2145515492260017,25.004172742306189,29.419975044647824,49.496381513518777,83.876814347277872,-72.729357069162404,36.84987709753748,37.13401645923809,28.192976732633571,38.700750190221733
57200,-68600,2.019971649989484,223.9484787891289,3.3936640809127434,325.83782359575241,59.637403026282662,799.84592633609043,134.70339015721981,766.47779392922951,99.328495892065831,374.34784439004568,603.0292399896465,110.05983564764711,157.75364326850402,67.833371237023982,603.29559917045208,93.359055704683598,594.2400407690526,698.3549540485036,491.02336766973929,388.73460334789297,481.93292560843031,557.71975887671931,919.34585520872474,578.93207151175602,266.45421011484603,844.89755632425272,621.91304566636768,418.50751387060677,29.070187071925137,711.81241701897568,177.22681359362699,220.46862563934047,699.84580266526575,938.32267582487827,297.53192057275862,814.03212599101266,544.71442590773472,434.28856565744422,981.32547303365573,412.34098969559813,459.50899057871356,902.94612000115626,672.15094163411482,657.99771360386774,342.85865423225255,593.61146215679753,272.50981728713265,210.14653378816863,333.16652131867261,170.59327938786271,539.58184307253612,52.98800193748319,828.50108165253471,201.73993177464035,656.37275390800778,644.59053566108537,364.26086305108078,234.68324879539963,884.37528773285453,440.45948724963728,274.76491138649328,784.36717561002615,92.438345716825197,8.5518536001669077,288.20679989710629,792.55741813825171,895.92005402786526,960.0023793862332,487.84214368181813,637.56878655233481,164.26670988008507,749.60563020295285,931.44135749987754,535.61413874181255,825.49862074754822,201.31266383337331,268.19806011315615,798.97861035342271,155.630711166357,644.65860086745749,71.584139599273783,801.85838408763004,307.01167857202086,167.81038503231548,147.41298278111267,722.61584914456796,667.38277358461721,425.27160294819316,132.531487816447,480.33771718223056,823.90825114496567,487.2470272561344,721.40766672231678,6.999923626876809,750.19001674555909,804.52440769752741,424.72025861909617,723.05163957233435,579.58930050801325,193.61423191484221,68.846917103128135,-31.167868671108149,-37.661188368383186,-38.444499392076466,-34.212373947253298,40.618782148474963,12.211899674194836,-73.532236596231328,58.205240515833907,47.625907086701332,-62.813826738445741,56.561821487615177,61.187213442077315,-43.065487670601648,19.407605071911085,-50.0627304893409,0.53815170661578682,-11.496720451530731,67.469034611193635,-39.101861811076297,3.7158490709264314,65.827740572262826,12.77280049128259,-81.087959556777989,-29.378554345714218,36.835293672414366,-74.738412139139484,-26.899150435340243,41.586219951691888,-21.98060958286257,-17.60092500572069,-2.0599354914100458,-19.103543310191327,77.031505134559282,-24.775147102982011,-74.41683659631876,-21.514711087268065,29.354749860005739,83.644145139596347,79.999362699426584,-61.820954391959702,69.630911963519154,46.166869402094804,11.332444142058529,-9.421680879016062,-49.385336433804063,-78.289410804381319,-27.668155913323183,12.251009097643651,-10.960722016362784,14.631226197901892,-5.4513564641442729,58.4873323852146,35.316726063284413,-84.641493275414533,13.435473779096075,16.643533388858831,75.160678648857782,57.57062086088682,51.969216137261185,54.5866529917121,62.190385732866417,-16.739147063314846,-53.003909045407369,2.8620341460442322,-65.234807257516607,-66.451927084652752,-16.139925008356375,-14.867459645007319,-68.599352727103437,-1.0120717086979654,66.978350819227089,-32.437177438362696,-22.223649674847877,-83.970375780970272,-0.18750174215537507,-8.9295934067363305,-37.254956453841984,-5.2547017911524296,72.711211662375305,-1.8745210995866808,31.687773701177591,28.113285667273313,3.7063154086892203,-55.943339013413464,39.570745439565712,-39.046149002437794,-42.426738248349267,66.850132313463817,-47.008272803659487,-70.15284719450753,-6.820701983497341,-62.15764871618213,84.208218311670706,48.901983641806403,78.791612871509088,-80.236675075098333,36.79720690070684,-11.488397056252598,28.323053004254245,51.184743763926981
200,-24800,2.0173468608843477,999.9794298616298,223.46412333581262,679.48543100889492,71.577693547078127,219.48569370411744,104.19357714449939,555.76874843549479,344.0550141643842,376.95951273297464,616.98521642543085,369.50420883233619,124.09949798283351,4.6544805028537173,694.41945866148603,110.12508988967153,527.92577370332367,707.86292826018291,70.905142727852066,394.65901925656254,508.99357196959443,545.72529329025292,869.74908613422804,600.51905915562554,270.64238054044165,873.38211406555456,896.79659977573601,133.9475432520955,853.38131132169553,858.75221348664832,981.27236026528919,248.63386297686492,35.628250179780203,49.96983110073819,392.72860686539815,813.30885615925706,483.33332207322189,595.18383560708412,422.10556876357589,416.1008629960653,536.89694769039386,513.02650473200981,670.28779075978741,645.91157280439938,366.57200029654615,598.20641707726111,286.51345141634448,209.758752356043,292.80039810613243,174.31809627460464,188.17685604359804,28.321405560809978,248.16678119471518,195.55270267131246,629.90183671481464,648.61988213570203,349.23288020624835,209.73582632795342,49.803367359319779,536.11559212990323,274.61084792017238,142.29823421006554,948.37953051377986,1.3815686368840012,650.15900333168054,57.448121024941585,577.51147972323599,914.31657964550095,517.37949595772739,627.00730749795912,140.14885778696245,750.15189763273327,627.48306311360136,533.18535794194065,814.08060395416578,159.74242337782931,274.82979987448641,802.91338171420682,288.67896997280087,756.54569503169262,90.897640894663013,801.16066538714381,301.78857233383451,782.383691286371,143.56627339728107,286.06302977062796,677.36750500575795,375.05140809466315,827.8409438813012,480.29841098740872,826.21336401786743,135.33182581921207,737.14165866655242,41.348296281534729,787.24045328015484,665.86552915619689,463.64434497511348,718.99840128305675,586.89223747176015,228.54925016318415,34.87321109644104,-11.515287016813527,-23.812338980390876,31.896899793659319,-35.843162761772156,42.057360119272431,-61.635266659767701,-6.9674646180233424,53.779443919812962,25.785787279113364,-77.362103537625757,51.438239163430907,59.601349774303628,-42.44841724532008,18.391073115472164,-69.802540911450933,-60.31914749083036,-5.4919930200487954,64.818528821414773,76.192082915262986,-73.670562342325979,28.638659237122564,8.8227797663183765,-82.591228740309276,-30.235435220088583,34.570937296704159,-66.643146448721396,-22.061758644959397,31.142424732821738,38.749745236252785,-17.085493250373599,-0.29354505709570622,-14.530839884521292,74.601571867716984,53.856561516842106,9.5957090899724093,16.040224406371159,29.211170443121187,81.314257214221058,85,-61.743671171747422,-55.053606231726036,-7.27597327143366,10.73950717170119,82.533630818000518,-28.152393113635352,-54.895122644395386,-11.594821071808937,25.639113852652216,-15.184950379341657,17.465565480328326,-6.5751106917857758,61.086011788585736,-10.382757462508673,24.065961129641078,-4.0823842582827341,21.474447297727327,79.238617389407878,65.037619537861048,35.064861707984193,-78.805028748253847,55.964228479443349,47.603222169674694,-49.037260509094075,38.370737731532628,-82.255000288515731,-73.745977841885875,46.919218054351028,35.658940115408512,-68.582641907274649,0.96665901803197585,46.923573911926411,17.855285725578234,65.080197087534572,-81.964222444341672,4.8341305332803035,-9.6780822105469131,-52.342369465340589,-2.2710568192814038,80.863921721649689,51.319044019587778,31.659791247496027,23.595543803292511,-34.471559242430104,-71.340460654827751,37.446746174563494,-37.558627402808114,-45.356621005072888,71.940272815170658,-25.456620125339072,-74.574796683631746,-4.2555712628089948,-66.561652949524188,30.855274853639692,51.369612957212496,-67.336170717979144,-82.252946469594477,37.012948230880149,-9.7442327123812706,-29.355485571576615,51.947368157953875
47000,-67400,2.0580471848581152,394.88014135215644,12.658160198151126,342.8086845326057,56.798120478443458,796.89349076606038,138.21037902331884,511.47539892274261,114.72317035675479,471.11648992524334,603.14593451930284,367.3625198551573,274.64697472167461,97.270754528574585,261.71595048959256,80.868833747712728,617.09956150209007,521.15621225747077,75.173962562969734,386.63874039815795,853.57990953690989,509.79628420955851,909.06504474888163,566.08768100113889,262.83463577177776,845.04868914238796,869.1156983566093,115.65110273955062,24.574299591938829,696.64011461794394,973.1269502920369,178.20935207175236,780.33259613050041,939.41742747556714,303.69435780086968,850.67803504769051,545.38073993560238,459.51798779905852,984.36475402246958,417.09583431007269,458.40521070311399,889.57839552616497,680.28774769196343,632.14418962602508,360.86300517664046,593.45488559006412,272.40415301637222,191.84611036631463,322.73360544051633,170.2275336490157,190.89040510897081,53.907294674927954,751.75098729771878,190.48733004475912,656.57788585399783,634.97367741103938,364.87378529836127,211.20630544107732,784.5201045382629,447.95464913616155,267.87675861385452,783.5967387581394,848.49550878916193,14.403705042892277,395.39379803456973,880.55574326037845,823.18896475240876,953.04242430890702,490.46820324970656,646.68375929212959,140.11087721534321,748.54899902510147,912.19143793531896,458.85944929467661,812.04578486711841,179.7006723660156,300.0460635498722,820.28708044389316,290.33319697597602,775.63718958093693,88.771831566629814,801.98919829973613,26.936650624330525,171.80096382394768,188.60617279234481,723.52090261738044,678.50672369127278,384.41327399814486,29.776346361619922,480.77957525065852,824.35995673733419,491.54716205304135,721.38662111083329,5.0829243222524827,749.46303096047029,802.89407489531095,419.40157221955417,724.49008843709828,579.64714962366793,193.77002558357043,184.85860151691563,-31.390129850862554,-37.725799047726362,-36.121464346159634,-34.282445423400063,41.998950963713376,-2.4256914523496,-77.143244574873577,49.120581463054634,22.718870033853943,-63.110690370358476,65.620189735337107,13.812990333064384,-43.055109797124068,19.407319394234815,-50.155671149932346,-0.90299971763129483,-12.687586178533893,67.729732759601433,-39.385112540580302,-57.044236608357579,28.865770268574295,-43.856423957153261,-78.792717720191476,-54.592468013819605,36.74814778452172,-74.470360950018758,-67.163533962157018,-32.644017240248942,-61.288310815113441,-17.601529983043005,0.17303182938106443,67.500660233619172,76.528605395766263,-11.847543722286225,-75.916476826741757,-17.191463305891002,22.033311144847389,80.597544315536055,78.722144671167115,-58.440867778230363,60.867061032133556,48.067960064884588,12.087545179081747,77.57220597879261,-25.480645177471459,-75.879640865317739,-9.8481143793998083,27.831866393620096,-83.089154281931258,16.972108340308292,-6.6814459744609831,58.310335565223617,34.944990243348151,11.911305173187468,-1.1119585778860896,16.741166861100421,74.082790435324114,56.745906958573855,53.45212700922206,66.778281077462196,-12.920849323887161,-42.314600918448981,-53.176971180489794,44.13513659988579,-58.228181067293448,-66.405291328115425,75.822715764756481,39.639525288820053,-68.591153975227115,2.0724167984974997,-9.0305187051701452,28.072986518874284,9.1143215327792291,-83.997936648483758,5.7149341710767914,-8.5012818022473713,-35.619651912829909,18.024857239071501,81.269142975979051,-4.8059077446188958,29.929040465023416,27.044688016939688,-3.6469714561527411,-51.310568304326445,37.311164325976719,-38.665856543582535,-44.694496728523617,67.118863291182322,-31.385741116467251,-67.628495412967837,-4.5413190810553248,-62.386074698815968,28.790333004521912,48.895294465739191,83.453536286929108,-81.900521821582558,37.11883351605934,-13.198245016276147,27.871299709113593,49.878663264040881
61100,-69100,2.022709002584282,148.84622986398256,7.7722200472930005,326.55160254859362,34.275369093962041,185.80478613877119,134.46687513338659,228.30307954776566,258.13419520081015,378.15054205060909,603.01413396868554,106.85309546458923,282.09770917569,49.580967180784711,343.16660385236759,80.130362725850105,598.57193737178,719.97413917696997,88.117180608828832,395.70381668993303,800.90743387044495,355.85561712216173,910.66384206378643,180.68122166262145,266.78213335205299,848.86550838914604,949.49628457459085,463.15763915910412,244.15357180647408,832.95688805156885,916.94601077166135,233.97848835391198,182.54823860723835,996.86851128553121,812.88913470087755,823.26961688677204,973.48011824882951,467.25415479921929,968.78649589302427,649.91276475503469,541.95368104619831,909.30913427538326,685.3848244937908,641.94648955732941,374.63022447087451,595.30946761698988,285.86566075777381,167.04265874464829,323.24650826323904,134.39645944943572,626.84269517577013,37.494535105307428,723.46303511664848,196.64770993503205,628.03186377604084,844.03225366646177,357.73981207588071,210.47641129532019,918.16880812292413,913.83049044773463,241.91438027499902,719.48764022117007,62.452540737555097,24.01928591232064,260.06034893047052,857.41833422531954,889.07648002358621,966.31727419128981,532.97887308978102,635.23898479425134,137.21229878741019,752.065044851582,991.76687082868273,43.943860937821349,826.07471251947243,496.20040583841251,29.388613334874606,825.38622100298437,174.21924622016604,638.81352205363669,73.903499046064809,801.60814301386165,308.84461757843656,296.46461508079398,152.51542494160248,780.3968915117706,681.88678351563431,426.39943427379706,785.04973774471205,457.43653882601961,820.97404037790307,117.40641058060393,721.31431160520503,834.78590347503757,866.7307084351213,807.1582196305236,409.30554126702947,723.03647054476426,580.72069618644207,192.83997189951668,193.40376463034042,-31.344342891398423,-39.440366472273489,-33.458705417365358,-72.453292038004932,42.981582787485671,-65.114144425496008,-74.307772677956962,-6.6398506801403698,33.583406732444963,-64.591227773703253,47.920023331295425,77.240838890607677,-42.951882087527331,19.702580148170348,-51.444145849603792,-0.21030590639988844,-12.601250650967039,67.678540961341312,-34.586377971953922,33.659122143375534,-62.44333624675361,-41.03014621466599,-78.380352389394233,-52.88045893062209,29.485156723967471,-69.952746871248664,-26.621337092734674,-33.999576637818862,-53.869025444985972,-17.225333099320686,-4.1629573202493493,65.858316917871264,75.174664131154969,-28.951038132157553,-84.838842685014768,-19.027691815146468,22.662479599104856,81.072671748019033,85,-58.392891889648268,-56.206609701027546,45.035903227536828,5.0001072248897582,-2.6064827161064414,-24.544339022965044,-68.889425932915827,57.748319147832703,25.817088063707395,-22.910653476406551,18.049739710474611,23.719649214841208,60.94871668657715,35.442065707192015,-66.365117960833985,12.372494413857176,15.954527442454403,7.4897872088346782,31.565300688999869,52.420706664297136,-38.653413205774505,64.568805739378291,-17.698226907052444,-51.027668642949124,-28.501845326849015,38.074385897948709,-73.495772528915438,-25.315630487895238,39.902628638859213,-68.619638796445102,-57.746346092673754,58.691149388051734,28.825851912842928,78.461049114844428,-84.939514971564236,-16.885913580738915,-7.6046935360408989,-34.402089655614454,-0.80530281099994161,81.456619301222716,-4.9739576601815969,28.201768860140323,80.434557482518443,-2.7423760420235173,-38.749829560035373,37.688295626997878,-2.120283255561592,-27.330502089502275,67.860680531207024,-23.476992650431736,-70.149704289334679,-6.7730536271440638,-64.027334908640952,28.340933824396309,49.332710748061537,81.733039815337847,-78.705806653526693,37.124512224142691,-17.443767031072365,32.247934919596027,48.940282007777562
1800,-49000,2.0182673964040605,1000,212.57095897944839,689.22402609158462,73.214354147828516,125.64478805147358,137.03154656810591,524.83454141985385,325.26482281417429,376.43366714976082,603.0514758634323,361.9917571831599,278.68873686689756,54.205327293068336,270.25390888793504,82.794306315702187,500.01246724368139,738.73848767265679,84.064647317347763,388.71336330958906,834.62637604212944,312.15261631742368,935.36387891191953,554.01066270542788,267.52569434048803,872.59269948225688,929.96995249901079,114.26458894667854,86.901207905118667,841.04360450329284,991.37537006902357,443.76124999080264,153.75352509192896,852.16652848511728,596.56953806129866,815.27691838329247,974.24597498094874,214.8119775909571,464.74710976635993,418.98212697716815,657.73381373296161,479.13618114093288,665.53303562693418,645.25168973184236,374.17222606652456,598.22752510235489,277.45854903594204,210.16608024392394,42.659798023655242,165.26848608385922,602.59041786649232,36.493576908696056,838.84645095479743,205.72669846018317,626.40392179037065,632.26475157519826,335.76057922470716,232.08655642622233,918.43958828955476,939.73001612838709,250.21410037512959,436.70158552971924,22.036489666041689,667.77210439999544,389.1324901416545,32.793190391213841,911.00485435344376,832.86872681354566,489.54783693465629,651.27461858145944,288.58664312445711,753.28664036476096,84.949229967474139,532.64437192795435,295.17151646404494,558.97476352629917,11.433788974150406,817.63525579959196,324.96135974959736,754.90425956182617,117.43897566611057,801.59669608965953,295.29123077448537,274.06534907004192,173.07339006738835,788.81705622743357,671.38367955509295,381.30674816472043,143.42847369548807,480.32511001255284,856.37934771746814,110.99455097088358,737.81873256843312,11.723875566338139,746.86301350624274,792.98131188123909,414.04994990997005,718.9164478047702,587.20838457161176,207.556126719384,19.681390282413105,-22.620652687825412,-29.230530760857516,-26.286219659751936,-34.531396919965431,43.478364848114794,11.027477936507498,-80.998100077604391,45.279221668628566,24.383320112668439,-77.372262125474975,-82.932203580848451,67.475866357097459,-43.847942206353082,23.878095510822671,-50.115303359259684,-3.2179468669648443,-10.557575843567349,64.813104346216065,72.317102005715313,31.210396917852684,71.90512131966301,17.055644270178394,-79.42633192376266,-27.184251499301922,59.79795919066278,-67.181591531746918,-26.448182861684383,-33.496867177106175,40.744784038318549,-17.104693797031125,-0.53033355627065459,60.781208533889881,74.684663685312259,3.7260929484989482,4.2963068543803136,-17.743114278576186,29.272334013949774,85,80.368048363907079,-60.113630204247464,-55.07627708384819,46.319108405433923,4.6340798325086112,85,-26.565455073045232,-71.419828728790236,-6.4306311250293904,-39.336112910255963,-78.967598256288611,-20.56420290397298,-5.5512843053324596,61.013594368679321,35.890505345371622,-69.214795600194932,-2.16962803716976,18.559467526405687,80.851849364497156,29.021440578169688,51.989370931299,-73.160919250280614,70.961127999363754,-28.6813816811217,-49.188758371005569,30.807124489580076,-55.162858340158579,-13.374097782746075,41.700695880878065,-6.0293119575227401,-68.618124492576712,-63.406055576970175,49.245271159190011,-32.617224128622929,11.22407674347604,-82.645763006479427,-0.44246423016582481,-9.7462621027915439,-37.066698970575999,-7.0298992584894835,81.144286538028268,0.61518208629547289,31.717332758201618,50.426548823345719,-30.855600588305268,-52.609152885212396,38.725131763162906,-34.54155516408111,-27.306113592279761,63.708048106007745,-26.909723331533783,-70.54581054896164,-6.7246243537150256,43.734931521987676,29.581897601037991,49.50003715869186,-77.482380764424818,-80.454065400657498,36.792951405057288,-9.1536945869373199,26.371873807091394,-80.753381716347633
18200,-64200,2.0223408330238368,911.59491081880083,7.3268537485371859,325.48913158543945,66.071379310511546,796.64050329703628,134.7057103980182,770.35450960647972,108.22579836160938,374.3868544731464,603.10994009518436,150.77883910627781,157.70405323587161,7.407649770518784,265.74655927706868,80.363412253398536,510.85118255199296,700.15696844692513,91.576698949124292,389.36976742787823,480.02361384340276,547.0093049513589,909.04638809104858,578.93323513622181,266.45336177661773,872.34637284695668,73.00583300078226,113.158574859986,28.552652954598329,805.94722322242376,136.03044849521814,219.13500527309787,698.44615248728837,938.38321614630831,297.0519432197442,833.5866696781585,544.65761104796513,458.50535287322208,979.38794641505501,411.80503887488783,459.5065887656707,810.78507726762632,671.83198408685348,657.99276588653242,789.36295401323514,598.72343486155717,261.83231258886855,209.50663037054332,333.11414346332845,170.47591915593242,539.68277912150211,52.45626039563107,829.1569124368981,143.55043183420216,658.01414017163393,654.01097736441568,364.26163316190502,210.41147103547468,792.17111716705847,440.20958388015003,274.29714836387575,784.37204615298526,92.273986895140723,10.269422192964257,289.3193120426634,879.53912607712846,895.925721701611,952.2084516223299,490.39561607373963,643.59265973890751,138.38369959598384,735.84264347563806,634.7838120314542,458.7910653147091,828.33294242610964,195.96456166445557,13.754836695035806,798.97634840568412,155.9594985779961,765.15382402456851,79.875993370445315,801.84822325859284,37.588344125896754,168.98874224126942,188.68967384129269,722.91526220556045,667.38046971226242,383.90221783722359,133.32969904827064,480.79964651804283,821.74745481812931,484.82559685654724,721.4075328531062,5.1295939788086891,749.50895491429628,802.25947329353573,424.65436565696234,723.84862523694608,578.48102392219209,193.77118322592784,60.65759031312092,-31.165014616894229,-37.64697381553475,-37.568510518632529,-34.211040228733729,50.145809561308646,4.0506530109344396,-73.470784193590617,54.713686322756999,23.050936829117241,-63.107805398604739,67.123609375909837,61.937341078875619,-43.065827121695058,19.369293363717865,-50.076198610519384,3.693862700854992,33.92398633518026,67.730862985480911,-39.064629019781378,37.48071571292752,65.81785266758348,10.246135971688217,-78.521068577572677,-29.48178121851015,36.826043122199138,-74.631085739417045,-62.625219831578889,-33.345442453957425,-53.007304436834183,-8.4700927254805229,-2.1843122875280212,67.400378179713542,75.073096659693576,-24.108633088673148,-77.133999626532372,17.210339114510283,28.987403247109537,80.821418698212184,-39.280785448716649,-58.398589355730735,64.881850928759718,46.165022191933744,11.313175290553,-13.903269832971816,-49.010691671192681,-78.322086098862655,-9.8560720637489574,13.185315753234864,-23.178796642074275,16.96703543827735,-6.6813473833479309,58.279974253016185,34.998670116569052,-82.434832042673435,13.45409301325661,16.640572456483177,75.2223706627897,57.432771369653864,52.38063074374395,54.549240128969728,60.412227456389715,-36.737439305142452,-53.113328809774373,6.7933714565712684,-68.941359031692826,-66.551526073355433,76.846099519679271,35.018490067638076,-68.583874630374083,-0.96681614699167928,67.525816350250196,25.72023153853771,12.736422742636911,-84.008871105859484,5.2963289050868188,-8.927496230078301,-36.675416433736046,-2.363872638933703,81.267692289663941,-3.3090319240751072,29.985176362721749,25.448760214153115,-1.2375981469214627,-45.800744136883438,39.632773351625943,-39.087761521906486,-43.947865131518981,67.054590002661925,-31.471997735534497,-70.064279875931206,-4.4571912977159869,-61.963123814796759,28.29577637485264,48.901247870682873,78.793301180590902,-80.532974759698618,37.117437023886069,-12.710549942605116,28.306529202009223,51.47546865842645
61900,-69200,2.0225087063202989,139.79934183697407,6.5533418015621345,350.49092271453492,35.069837792677326,185.81188779843782,135.2239032359434,793.9508653606772,258.61329881429344,387.44195148199339,602.94831198907912,107.5485516633492,278.24628039526715,332.51943489004975,330.11384354536574,108.49646475793715,1000,720.0049530425033,88.364416904262896,395.77726795339851,800.86840144637847,360.18364973777182,910.38385528863603,535.11314028411641,261.70011730386352,848.66074480565521,946.48662485173668,447.31437372154261,305.05092861963431,661.38362651157422,898.80277565806068,234.2424407972085,185.9483025642634,996.30042184461513,801.55192390331911,823.72184267683951,509.71132588867732,895.64676153436028,888.24853823275714,644.05328420214039,466.90333903489164,909.19084475564966,311.4528853122128,641.76830803409609,374.52771717477214,596.89897276909619,285.83334882006335,167.46961554231575,306.19850443897553,134.5521150158464,103.43678548890411,3.0810571442006172,728.18554846259531,197.23480931036036,628.03223119667587,862.64226156082759,572.34322807509579,202.38364375631556,901.57985141974768,912.17926946717228,293.80295247214968,758.68256006995432,61.762621677025265,657.80914976221072,259.56306883157765,863.79055048045768,899.17351222569562,900.53722723560168,532.85954446456481,635.23807660240595,153.54644258196504,752.10719748519818,910.01380138388708,38.269699373755046,826.06528000491051,597.74034350505121,290.16855589045184,825.43533223278132,181.06759249061028,642.95492364100278,40.964982885161106,799.00433008752702,302.11850798646606,46.76576936898261,152.21392752319113,779.68865161527833,681.88556747182338,427.56451479084114,764.06833291083717,456.39427916089357,820.97640245128002,478.66114979978562,722.50315537170491,897.3812058838779,866.77485386652279,801.57242270928953,809.20254066543202,723.03608880690467,565.34543293822662,193.74499256516643,53.509223482757228,-31.349276573522104,-39.438238984071106,-33.458514357281082,-34.678102349321492,43.154055715794058,-65.097030800204152,-74.316607574573112,58.845683019355498,33.579136975230313,-64.804355420910127,48.03801351735585,77.769998404781319,-43.891765552603182,17.029292267910542,-51.444075723440115,0.59013332646789129,-11.223871074040606,67.513685356687432,64.535832372886958,33.674130214514342,-52.389069415550992,-41.040232178198302,-78.379323493231837,-56.132324044957464,29.564614631240548,-75.243036742925085,-26.62706161696515,-34.064913783964649,-50.71546417994746,-17.229148396382531,-3.6355101928630629,65.887090423670173,75.174834814299842,-30.049222603122693,-79.65941689809236,-13.811519345906705,20.57559326409282,82.568433401298705,84.951092187736023,-59.546685964257065,-56.100539579188371,44.891212673082393,5.1802312949464788,-3.1290905561593307,-24.547410906497991,-68.959592965748783,-6.2093996630920643,19.391207979428415,-82.264488181082172,18.050107321327008,-3.9867784657470668,60.806977958051036,35.379143327091313,-66.591579114369594,-0.6148709231200512,15.887605275640837,7.4152931541857185,31.623156797631097,52.392280652291035,-38.109367095377394,64.65683193752885,-17.098028779356216,-51.026972649967881,-29.922846081495045,37.913543193930572,-73.690823888510181,-25.33850453592429,41.03823307573176,-68.620106167364213,-57.820304946117759,58.691074995003518,28.269553566053947,73.827728364050813,-84.08302918401462,-17.88697302573776,-9.8412586802045379,-34.387413140341465,-0.81571609934555589,83.838958465705133,6.3842051224627561,29.984339232350859,81.571554394745789,5.9408304155246654,-40.101877240396519,37.531050794653588,-0.59226999410719472,-27.297696250628466,67.583081175661363,-25.062440062350191,-70.149545774836426,-6.7653329737720602,-56.42786199919977,26.114923470457473,53.212690503310434,-49.807125802062203,-78.706382148922998,37.124411756689206,-17.426268014757021,32.940023678199715,48.893071683731456
64800,-69400,2.0207366933205324,91.659213541930797,4.400374255723122,693.68348856059072,60.176341820523128,150.30322969089119,136.55423794437195,826.74905379459608,108.99076777899677,468.57887153004316,603.04663554270633,363.48373024755932,81.12614532774063,45.176303964901088,599.3223630052405,349.54167977715713,606.44084440362519,516.13908246962751,101.24476145507265,397.09032246663622,808.1218466581787,519.23397825476536,878.28399656033264,564.14380461282406,267.59442541202583,870.99136780289189,608.51290024999423,433.9656807760025,975.342581435037,850.84036541624437,910.69557317769704,248.44570984622587,687.05794785764635,864.8877373221884,306.78651020677796,828.82493112250302,222.50862042586266,896.97344379164269,998.3522983674377,466.79332001620429,534.57210592768092,538.64250518676999,745.00754989978168,635.66695152503246,763.16724300374881,598.13439616924916,260.69497999627544,180.01520864300389,337.09803922301359,175.75939331045896,196.33578027901203,69.443530671047824,219.81160525588086,144.26574820925072,653.65117898977348,637.6848501916204,660.45939262032812,235.8159118116711,350.31342287499695,510.78155588152435,263.76784418632849,454.49392434710671,29.206614070163106,149.87148586477562,673.60159483877169,796.57476398534413,899.59952896576704,526.16197184548651,488.37470166990465,775.64618252546506,139.87323651596461,736.82565188200124,922.81602804363001,455.62844741881725,835.87373120633617,547.54921583630505,280.99902083882682,857.3572700202476,139.24934423646292,651.16200051308999,72.824717526492861,798.04013432784279,309.41946925059983,175.58839381221813,154.93659833435575,711.69364668721641,679.2336247552945,374.63006961648784,770.19041826019418,478.20049734255508,822.20517016494966,499.45342722705027,724.31065339753957,96.133223324920621,879.07446263513509,675.06037300436276,440.39264228629025,711.72101480295805,567.8349407978543,334.08829954725167,56.100220614121397,-30.815069286360309,-30.19844171260738,23.534145947385234,-34.797007267836349,49.686813940111058,-67.595177011048065,-74.415819717943805,52.524664293646381,29.179305160484951,-61.849742298469771,60.542735662350118,9.6968365151021363,-42.549627964495279,21.772200053626076,-52.632054139414478,-9.6491573833003255,-12.573279977847413,67.621057119296481,65.591778054135432,5.4229374610422383,63.608564138359455,-44.874404617856953,39.378449759849396,-55.955660259966535,30.696471137380701,-78.612968709507982,-17.927045675693208,-23.237022324852827,-53.694421640617286,-15.788654972348109,-2.7543134137780294,-13.738851345956235,73.121336018116352,49.460486924911905,-59.93243040668969,-14.398621263008831,28.347716860965701,83.769674606117803,-40.899594147355543,-58.23075609293317,-64.042759221577086,45.811070308906174,9.416467886480179,-10.528622111864117,-27.254567662670979,-8.1791125311987614,-9.7887821463488791,28.680919663457445,-83.997053842393726,16.887808356297899,-3.4988029268207033,60.806477622590279,35.389289869739102,23.656318143878892,-1.6833051668939234,21.255730263366729,68.785569359527159,29.216734990133968,53.396586707488183,-82.397467940609076,58.505916035485285,-79.81637514133952,-52.939091454519072,41.071628963514762,-81.753573419468751,-30.416044788635205,40.666161240856482,-12.499796209920921,-68.611957267287295,-4.6459684991077665,64.509589648251591,23.279984685414298,66.911544637642024,-83.972366651444005,-17.102249197368014,-8.7322532690412817,-34.351027098568458,16.874823039590044,78.659186454201389,-0.79192766355745681,29.637128960105006,83.576695974010235,-28.182211961306837,-41.437488252276118,36.280561415688204,-37.131931979664706,-25.993395780915982,65.961797368267213,-22.991453882534593,-70.37677958236516,-6.8372995968660115,25.053067803152121,-11.228858892162343,48.835164700393975,71.268634537252737,-81.028290006618576,72.177691290969761,-46.128630674555239,30.55910640059254,48.637499914317154
2200,-51900,2.0179731498299351,999.76724050393148,171.77285726999443,681.52731235082638,73.577988026083602,154.33722569803666,134.55661064490585,762.12369915697161,353.02543501677582,389.76142356932263,604.47015689501916,119.10205476396501,155.79960281673416,269.76726372676688,703.84774042050651,78.840874004245634,526.27223280450573,502.09970918312632,93.172425748731328,385.9586711324381,521.21522476523558,512.2044842556719,912.79808631648143,175.58492630953199,267.48910290490795,844.72623986143446,898.85850762440032,114.59366423590888,856.25778845957814,819.73176418580306,954.05088918147896,624.05287633549597,121.38605436250089,947.69367519169214,322.66878857865078,828.43412153666634,1000,868.03696302475646,419.69210542339766,127.42120270262564,545.13531040800228,862.18510818847733,680.828492191333,627.12052253327965,802.53358877500079,598.21160960240866,273.00012498413832,197.10154559524909,327.34861519723819,174.96856297261476,54.866733168242966,68.757399221300972,237.00494721389086,194.88903067656426,628.5068314101768,634.45959479739372,348.96773482595285,199.55147846279658,240.12588282755553,505.61565996574626,272.27446122870032,732.75144727341228,939.14390371171794,158.70282476244932,474.60752156448393,64.891006523521753,846.27112230836235,908.52975843008278,516.50074556233596,786.92461940785449,139.50998225032092,750.71447683201984,999.97813260729026,536.23218977826434,811.25628653990634,193.52968499905342,259.67527214095202,817.24968369500311,289.90895595956863,777.37494733068979,73.703100249147496,799.53190578353781,305.75267079795691,174.15036642061551,188.43948858159123,711.67406326663456,677.33775182924956,385.97263614461713,706.09429867511324,480.31292817431745,824.51618292536455,471.10505267444768,721.08420317612445,11.940661456845751,802.15387308541244,805.35279317011145,459.85450372293712,711.62187053994353,586.39819327290957,192.80594769198001,177.45190688422312,-23.608158380148254,-29.98927393053971,-35.008395186762385,-73.627537110577094,43.175501473771988,0.5631406520188591,-80.827485552753302,-5.7562753231162578,-33.687022207370411,-76.793594326906586,-57.741944066008301,12.383926013973319,-43.875458487590258,18.846925976130038,-46.208905911699119,-61.662415197799518,34.787872620328748,64.37129938135628,68.410341146764921,-65.457294464005912,64.097658590121071,-45.343295276314791,-83.331613762398902,-52.916698604145267,27.153603877521448,-75.291269035408305,-23.295305053020318,-31.268759407091775,-51.573491500290743,-17.235412972156542,-2.8524954527512523,64.821782639757842,74.892781276292894,48.975350375075983,5.2635879816639672,-19.002404196356625,29.045611762755588,80.685350530050869,84.76363287950808,-58.553447043755277,63.008005624534619,-0.32130995996558909,5.1393208438771483,83.901872435875688,-48.70827921221786,-13.466717537652894,59.259940300653788,23.659298906169699,-10.744346668555579,16.828952728511819,-4.7198042224511454,57.793429022576156,35.784980679260144,19.065037853487819,13.549110058868834,21.223833954667811,77.957037321911372,31.603793820442668,52.436155730974185,-80.584072174646451,59.328806967531669,-38.6989066443059,-49.201023270989154,34.454884759974597,-68.548715086449846,-71.801598437391817,-21.978660245342233,-8.5776181211457239,-68.618375891746666,-3.3383118023848311,64.386490082617627,21.536225865001434,68.560841753859037,-83.953482545625107,4.8381714761306363,-8.8291658067469054,-36.709448503583829,-1.6203941664102475,81.594887525061111,-3.9355285417045529,31.768003667592339,80.365980527076246,-28.551246179460257,43.792998582276397,39.486216694584549,-29.341195320825157,-25.90076829809184,65.217430129487227,-28.566028683071139,-70.221540492816558,-7.0682314869330929,39.103555530304838,30.389204948266386,53.740125360399176,82.103999920114347,-71.909268581860175,36.976813349723464,43.228030485180049,-30.15769711973017,37.750586196027591
66200,-69700,2.0224279585254701,66.896133365386788,3.2504747322240632,664.37784430015449,52.695231540364432,205.63480553954668,106.20797193433916,813.04435804343109,109.75669666306881,387.11104155604323,619.65861788188101,119.95297725607296,283.1276683023118,351.02359379451605,650.744896189158,117.14009226775306,529.60745944624546,708.23922599249818,114.76577494169423,407.92522461941735,13.413819235787287,330.99556357149669,925.68509770355877,136.00157644260173,262.14554643425578,869.76343151527408,925.01660692225994,453.65937558805962,826.09206686968491,849.7295449880595,82.028305398667811,257.0972297069419,73.710449442839348,809.93053825637776,865.53708191050532,839.1208036836515,555.47156331654605,606.35891998396914,844.45445287286827,428.23889114626462,487.63141817910201,522.67463876011152,713.9369743516902,404.25410634662359,367.51973420174789,597.90053677728633,286.5842965053489,179.06348348733465,316.21277131961614,148.59838131944664,191.47044495869656,766.81432466801539,704.52172275135786,195.03197416359544,627.94767752626899,874.3546231290245,347.310949704113,210.38578837008492,306.3529664402098,440.28699012657313,275.43711392777925,402.39229997497119,826.86144472452816,70.50450088643953,627.95778788057225,171.0877187456185,815.59910227443879,857.94307224500824,534.78362734257394,646.89269124358941,144.28385847303718,735.17846846681402,860.28469473966561,529.25911624850039,826.24220873575211,170.43272948925457,4.6526826294028467,803.70772947190244,282.70114046233522,767.17296531075101,99.764133493988481,801.6063398657592,311.96538946763235,751.17031575506871,197.16371307244194,724.31889116448883,677.55445091138836,387.41573353283081,110.92641922796963,480.14479768133765,825.44308252068947,124.40396690791466,743.02558311362293,33.052474815308841,787.73833262005326,665.16155554919703,475.43462364468263,719.1441360001885,577.00173391138208,192.88538023441518,41.669558107312326,-32.393644971064305,-24.116170259641258,-34.381038544761779,-33.397622208540135,43.479753308909288,-67.992693633334937,22.178290411022324,53.928503146851284,-28.351439793776667,-75.893732498165008,-82.944807352866505,64.400511501261249,-43.885074768194798,85,-5.7040398223669486,-55.584101594317659,-11.097801324578677,64.815898354500348,73.62654005881312,33.319832594425321,60.531387609775848,-46.596921848417367,-71.19258511533225,-23.206385932366803,29.882662398422447,-84.021719954245356,-26.98624867120769,-31.276732341742314,37.226093645194254,-17.056123013521091,-0.28477869914075316,60.728202107174127,72.425895218407064,-33.469984407716225,-75.973584408822362,-17.566572230940206,29.168081045899498,84.222224652419897,84.582274653991647,-78.329628211001889,-51.360890625507331,46.317666135935532,5.0956456224544615,77.332919396364119,-24.853263993180747,-72.25756307764712,-8.7282018561445263,72.676026752279498,-84.888956111420413,16.007665266699039,-5.9175907994003305,61.92910438109697,36.370982807142262,23.225431894460243,-1.5660301875051279,20.874528354044774,-16.243093848087163,31.458789609222762,52.395494384451119,-73.166287019914236,67.421299404114492,-57.779285743885424,-53.225572979919797,36.549404141040867,-63.626901171237321,-12.326603556244789,44.626546662399299,38.507786859216779,-68.623958955215429,-57.183665511196558,66.028019444915145,-71.887758854575139,67.194214903626772,-82.229104705347993,5.0195823747224502,-7.3930317969527515,-37.07105234292721,-4.1769271765337947,81.276568537700072,0.67261936385894194,31.948921321506994,80.239413308858602,72.841933350519469,-66.746031572437431,38.661422409037328,-35.084903452993345,-44.403005540208916,73.091388191603301,-26.339572242878287,-69.492207142880488,-4.6476625120048141,-59.352639996728726,30.00898552087726,49.330257324530763,-66.745958900181265,-82.169354698317804,36.79590244469432,-11.714680521740302,-33.041823688014389,46.607486522315298
14500,-63900,2.0586735908879956,978.5622703551212,6.8829069986938167,347.36904339595253,28.760338987554281,192.53736956800759,134.21496506367151,218.32737536242641,13.229755266522806,375.27957320303994,600.72113238019756,127.87085135127758,159.76254656026961,94.714314511895722,244.58917766175406,74.414882599577012,608.91212485941196,518.51379724513265,529.50158041831639,424.51427324374822,845.56622534253313,319.87134532782329,913.31377849433215,577.02398987191452,266.42267749294274,844.03861878623877,621.22025080251012,457.93407546404285,46.71941107252777,848.9011343864837,177.31298456286504,233.61311888023536,780.87174291490965,930.25879839661513,302.46559914470299,812.31405045219162,984.95457479140384,386.99907358833104,979.32186590416313,461.19795252655007,460.63357463709201,816.11864180555108,680.86249600259168,405.98303135303689,345.0105846625695,593.83963704279154,272.78220264006336,192.1788441477039,126.49536874052042,170.46940952394377,182.50450539820105,35.973287256359228,845.49486366933161,192.61878298285438,656.49219349990574,634.79780781153693,348.66768940945929,202.10747882600526,933.26768416097593,888.29815009016397,268.91775804950322,779.11105199162159,894.73670115974619,9.1869895199686198,389.57458247737776,794.52403809020916,897.32144075878114,954.95824138291391,541.28867931137222,640.70881797672791,138.35900473889964,748.38150131260431,958.92609296852459,458.27957370394427,827.56527786425363,189.47240516550491,273.97170184100179,800.93675632698262,170.10737040668616,765.94314675476505,598.54413326703025,799.08781763708635,279.54923198077262,169.01957103552974,185.76782025524352,734.95923662892574,681.46073909943323,422.26856422942842,737.66092780964482,480.82138019260253,824.8363602860029,115.46903296236809,720.31031552078798,109.96395474350112,750.01161210687701,660.90665306420567,420.2763195077361,723.86758267819005,547.00440814997967,192.85170871993324,201.0289660204501,-31.40678816507371,-29.581410358657564,-32.81940728795297,-34.29391384260412,41.213541740366374,6.27922268374504,-81.170081427668507,-13.371438190562094,22.419274570785618,-76.509247292046254,60.438580477432609,9.2040294183302489,-43.843368047832293,19.358188816117849,-46.412671951880043,0.66268028474554397,-8.5886031040724262,67.449127452294746,-36.685207866874983,26.774744055785867,23.735532457846979,-43.581141866767609,48.623870927710357,-54.924139953484186,29.192351320493827,-74.870282656857441,-26.299892518347587,41.190315935701243,-21.614196637236049,-17.63545227521378,-8.6841372033974658,64.595429126031689,76.573767212273367,-28.852225824418731,-76.648027026921184,-17.86494341556676,22.277293205855209,80.771226914662023,80.810074867179765,-58.43632757119655,63.345178709787085,44.465023156175242,4.4682538601760537,77.902812367746236,-25.074251979072226,-73.963713629857253,-11.532323632958096,28.458217927589683,-23.065264248929026,16.910830718831331,-6.6826624392906044,60.813324515164716,34.995823620312215,20.372983829132639,-1.0009216627698769,20.835005596937279,76.639986810818684,-9.3712285923852008,53.466870336249052,66.094891386952852,-17.598686489469102,-15.217420766226795,-52.029430707591068,4.5201105616519097,-69.295853959134661,-72.61589691159503,77.530450620481631,-10.37656209402183,-68.623332463374396,2.0822807220218573,61.484330341802441,24.365821008181491,11.683864286121789,-83.996019623343685,-17.961621338602342,-8.2842393576098008,-35.951671473248609,17.325990227125708,81.604083373984523,-2.1020612029195398,31.449906834012086,81.228201818304854,-28.608458757775956,-44.62657238019262,37.422188886770442,-29.526292130248368,-28.628471258368499,65.723273605584069,-23.445547296467318,-63.813459584446846,-4.3880677095838916,21.973983816060947,32.93101716598494,49.576039182818825,78.669713296228196,-72.863559702614324,37.115753774265919,29.469622019197292,32.624904994473567,48.931432038903203
67100,-69800,2.0538500791044969,48.907061064982145,3.3993451021807317,346.95408029111951,58.633642802309133,151.91751111429596,108.61777293079592,494.07998360181057,103.61496795885749,373.50039633216892,600.8246820039069,97.946933455308979,161.6049693491783,56.652942223695135,635.89001594915362,81.945660609991364,999.23499612457726,721.20460108329053,500.96172407454162,387.93927162624078,846.17534497703275,322.54922756971467,809.21139025965147,580.12038169904122,266.7118701944313,844.04129782115331,651.2091655999335,463.99717717054722,910.88709135543945,676.05529732259311,191.49600365521115,447.90671717427119,785.64959540149448,873.39575154445106,300.61745424196511,813.9773958243519,236.33801708713028,614.24629479411817,420.76463019889451,110.27590569421378,547.96755153959157,877.04687109525867,235.18186472079773,646.98152358792754,347.49743605929933,593.8358268405824,276.07083261659778,182.84567437769869,329.06489377099433,170.45980642600145,607.16485142423414,35.468651080912558,847.70913363121304,205.38554555849461,656.54243775806856,652.80170185303928,370.49900821789862,200.13905619191314,819.68903597996871,1000,273.38794656259074,806.6576664598656,728.97389364312619,163.77313847672605,280.76058786445384,862.4066671189895,898.49856310740165,953.09343437632049,533.82643469073207,643.65295169608669,193.35048712920553,754.63607559603599,942.14002196915476,462.77281034128447,358.32941188730672,174.24454501551728,302.62811771806861,786.006854857191,169.49870025075717,748.63768287301116,621.72659167828806,799.5980686783945,38.937702230473121,319.85328245191641,151.3763793160245,755.37690136359117,681.64707034389437,424.33306690021368,146.85781675382992,481.18528756237669,834.23106686637652,116.21689276470309,721.64336417409845,823.97075441423544,750.11263289618068,663.05446180356103,421.55811744849598,723.20884604863977,580.34303352716802,193.7950686318886,52.438325390441847,-31.401654636203894,-39.499265996367754,26.216282866131092,-34.290116216898198,49.806777330531894,9.1420722349605263,-73.745701930735095,-10.014541187321143,22.734220797134952,-60.659084919694031,-70.536332740072893,11.892354651576994,-43.8270732195829,21.971362034307873,-46.209537631331351,-6.2685689698213825,-10.296708041000015,67.454987421458299,-34.177435560272819,37.005378672009655,76.39172421650332,-43.535652981657641,-81.35492571974838,-27.787021546188015,26.671245498245064,8.7711525267793391,-25.710358046388158,36.147471219803862,35.352541832537156,-17.053324812051649,-9.061765088220648,60.503958006408219,76.563041242473787,4.650889991734811,-77.135777888464162,-17.386331736651837,21.927754864741651,79.51023349659269,81.101468939042988,-61.440675100546507,-82.428809166704866,44.530862417167178,4.9854950697198195,-15.135700670276812,-48.760069202208875,-10.246938540948367,56.110072993393743,16.458980930080031,-23.576739347110735,14.472005241602064,-6.7730064622012103,48.512314049707648,34.981229790341075,-78.27174689681047,9.8108988186662085,15.805168859219291,80.478852509468283,64.383934719727492,52.317573738072625,-83.426781962168121,59.951354244832153,-14.145826319419857,-49.911781272087786,-32.095889984377798,-58.32294992184984,-71.510921193242766,82.878606989909557,33.867992956450117,-68.576133536775274,-3.5155647507857215,53.543630831334511,26.213353616000489,11.744136832000354,-83.993016900553172,-0.040603378048519545,-8.5324809166858469,-53.08225750574276,-3.2733110982182323,83.68500144058666,34.808123359498786,30.010101793465658,81.044224339710752,2.5825864332829589,-46.670000165532102,37.37373352884466,-29.484966013386511,-26.051337649738048,64.59601540704665,-50.034708720714903,-74.468878232547155,-4.5539315088335375,22.399398619420509,82.636113660690967,48.898096593245867,78.614587578601643,-80.708490479244105,36.78778860541864,30.703914045777775,29.436072900869803,-83.160542749020976
7300,-62700,2.0212490136499959,1000,165.57157115707946,692.06322126101725,67.945964548402387,150.89610479709387,134.93965666640895,826.98587028215502,351.58809711104664,375.88120843103337,600.76889546368932,370.16985212040169,282.42332557919735,93.850305678934689,625.39133872235823,76.777439588091596,495.24073986943858,708.84380497402049,48.227457659697379,389.27262432938221,793.66810564474429,308.32238822654267,935.44662515972254,559.42925904800427,270.70239021784124,876.15450081170889,617.59609614278736,422.8700677873594,809.46162970663818,845.98532316397791,945.24322718302233,664.24212406169897,699.48360474639094,931.59529060260184,297.50074508522982,495.01802368603222,984.01234238482425,606.04577019911585,267.09267128540051,455.123871474868,529.49959351695531,767.00049692665107,684.88523695236756,630.57387860762515,347.89357786282835,598.42288636425735,291.85755706515295,212.9513364920175,304.7353087446316,163.71728009946474,167.25234068180322,36.172480811259021,263.98349525205265,145.12695520120306,657.07709397248755,616.45886921982867,348.95240084410989,221.51903967104008,934.09010369450164,893.65069014398898,269.68808622216369,448.62802252593178,866.24730210980147,602.52415797944866,385.98808418854225,148.97179968756126,821.95305702165331,909.25630180801659,486.11225467130186,772.25007198195271,138.360240863277,735.4975970540786,75.289840778116172,529.83235402345395,811.56313004851893,183.05151764740711,279.78952665625178,819.30106603395632,139.27715813728224,767.9702414023393,583.20937057116043,798.94809028642169,271.41084832520585,244.78136195876186,189.01093564584522,808.41803223591558,677.09243821909467,425.23093012768072,88.67246608053506,478.36323059748105,837.242129339901,147.57647849260542,725.12008077013684,109.70656416705258,716.98192064953491,667.40870622298235,460.17838888006008,718.90997272732216,586.92229675035071,193.01209000706245,200.67482484640865,-31.175405999547031,-29.900593416174551,32.370187434022391,-67.374642806825236,43.170838300947274,-69.382677949875671,-81.115703564944823,-17.263636134190559,24.558783561857705,-78.706579749015759,49.86570514137582,71.118395143955524,-44.063020970920668,21.601057834026918,-44.936874490386614,-4.5432491127847898,-10.530659040091097,64.715845282417462,-10.575690970281833,29.446305674759742,57.230497455938917,-47.432983842288657,-84.391252554325149,-27.772752716092988,34.423738303948852,-75.356763976996007,-25.558177213430124,42.490125918110976,39.036769653140631,-18.057407174007384,-9.1041086809138996,62.108832376092181,76.33370403666234,53.336671960968907,-76.242201549621413,-15.654196148486811,28.925272789433336,80.990604112240476,84.773285260627858,-60.681697651832657,69.721126908766337,0.8553096282586985,6.1409567703532781,-14.020999925127015,-23.740066773118919,-9.503045373113455,51.493997147142807,68.868387384933001,-13.786119198551148,16.957221123125635,-5.5223223538347348,62.223273861909789,33.943628949750327,-65.429036396998583,-4.3524205423859552,20.864379349084484,-11.444267717261164,61.296065390201207,52.363601647268268,-78.225920018421249,-16.053038070880191,-37.299007381767851,-52.305303371052069,-2.715226131126748,-62.559017989104703,-72.294796378197475,-25.85720817871292,-5.414005606664591,-68.576370123008275,-1.6045862870586343,63.274704106854102,24.52909924396527,15.045656268719469,-84.059406818963097,4.4390289059523438,-7.4745967241080171,-37.656430653338148,-10.644992310572157,75.645533891184158,0.75008203221649494,30.861731528344787,23.499471651617842,-28.615216401097832,45.260243803283046,39.597945980084695,-35.846015667806093,-45.440963890574466,65.469622058303429,-25.573621400734343,-70.382824112399192,-7.105531158798474,20.89594189540766,30.241444933719851,48.72796147836528,73.078806486024874,-71.873290104786747,37.539354838860525,29.651980315364476,-30.920679460529225,49.147986300224765
51800,-68000,2.059172551541852,317.21356658870104,4.0481203787413333,292.72135919527108,59.715870350413176,259.45321657502154,57.857613949072551,548.39392399666372,131.72434041386447,375.86915980672131,615.62196462616009,106.24965158746653,372.39180681924256,40.598082407872241,594.63457809099123,84.71673290114073,570.020977066922,714.89392135210642,69.183702019387738,386.98892144881171,797.60194725293093,506.90769218552521,922.49515988787755,581.6957152427151,262.02896663110482,843.92149244656434,162.95458051421602,407.07968071517183,857.60627781334074,830.63736832930067,128.67155571171276,628.59411072148919,835.16867478749816,826.09329720988023,871.32419580094597,818.60589414388858,547.04967254421626,391.2529374434597,486.58375935257033,458.55807839167682,513.56208640730597,805.87891856361432,233.58000854167918,526.18226949140876,250.36938275432885,595.28127344279028,341.80985514572325,181.43885463646725,324.50624604632975,169.45808034957537,565.66668655675903,35.134052179537811,813.33940543880726,189.31370546868166,659.44863806307069,874.87632110002153,663.29730857453683,430.19515791842531,68.700253275156726,501.45020248187632,663.78373879727189,428.88184233208466,7.7664039675741456,677.02013061943126,247.70618644403211,808.60147042442031,653.28496651347223,963.99806213905629,445.87923370960857,640.07706934317707,163.05964879516242,718.56760666695084,532.94487942854551,530.85495232561573,834.36020307384626,523.38578097699781,275.31607330727599,822.19386863138777,161.06825284840789,640.51167948960006,73.596673123167108,796.23774215949186,295.05560887261021,274.67540627279277,151.60913375492765,841.04115697509701,633.87326790405461,378.72871867717276,749.74101327857136,456.87403016770799,448.46849184512047,454.66703029112426,722.97851696108273,23.032469101922004,811.70943206541335,810.81104587602408,450.07265250894699,717.27298641559628,579.15371690378561,340.0062931537766,53.842091136302606,-31.085200286156507,-54.960954537766412,-32.572015594946578,-33.685477487924807,50.212505259425235,-60.596672952102736,-77.326427371791823,-48.082436188310353,-31.140310392048349,15.345423290567521,-78.120214372812029,5.2094343217616501,-43.723153289547,25.365873826515326,-51.258358273695038,-10.404903738706073,-11.469699213679085,64.965025619199778,71.153814111208504,1.5124387655285516,79.095611553788544,14.58719121779786,-84.897790290173589,-26.43877964963691,31.089999992594244,3.9674164720503811,-22.550594065344125,-32.131724598337186,-53.149707760381617,-17.072280058616411,0.68583337461189031,-15.186493348626524,77.024623694510382,-31.976133551090239,1.6126108877977359,-21.037156024505173,29.330305092044288,82.096736526468533,73.035660817413827,-61.69611897948058,-48.7574251257494,-2.0851504468481217,5.1239128066994954,-8.8654244974823531,-25.692805160070673,-15.665324933060141,-6.9187376449730289,77.827815040541054,-73.745482950242035,17.062070654399665,-6.3661607695156066,61.280833182719164,35.934550224803857,-79.970731485718076,9.8784353510828939,16.052485937216531,-34.109973606943448,29.89252515450756,52.382311072163731,-80.525655869471279,62.657009983248564,-12.739271556718954,-49.604891226948496,-35.61259378146007,-78.132973727534477,-32.468611882783605,75.970783593128843,40.612095790039035,-68.611681880925374,-63.327513521785349,-12.967609381821632,-71.239308566585393,-20.905676854685044,-84.871135795943331,-17.43772428515431,-8.7545446629554569,-34.283726410626535,-4.0373343842390987,84.232468200017109,29.260606753094645,31.606166141100076,75.694170979237867,-28.724424873279894,-51.416918361757823,39.716744298002901,-34.994963617509917,-27.271529131566254,69.456207072827183,-24.692253276484784,-72.354295010084869,-4.8013643466725542,-62.1595998968386,-9.8129314336795925,48.848265249783537,75.854154133277547,-80.524467928496918,37.022675652295888,-45.442051952468518,29.636968455837017,45.403759989946082
32000,-65700,2.0163849165702934,668.49374931825264,4.4802418805971076,349.23793809627261,47.913118707629337,187.51398140386172,136.19376060607166,905.44573234528661,102.59995221805831,381.62305167201248,618.61562347275276,362.52486694446685,120.39495514287988,145.79656632430996,308.01117817613107,79.277270848177793,621.7991509136483,710.48961243480665,75.834072552568088,389.35003406389256,805.12976495142891,507.35452400854649,870.05043809896301,565.34797293332838,261.75262789959976,845.33311952625627,946.91761825068147,468.70959019320884,69.329785391059545,820.52097049717065,141.51043574761727,262.8918351091736,37.545386307586796,959.36146361969918,821.36171888234105,834.14762761054499,524.00609733760416,457.126305123858,970.99043952996328,472.06750887211444,466.26640722757941,933.07509238773446,288.99713219088596,658.97927538067461,372.57019701032385,595.26936866261497,277.62839030343395,210.3551480808413,317.92819802244497,178.67510833585104,609.76918916745456,71.433500853182863,829.9925289074572,192.94829443149507,626.96002775491331,825.95392359455866,373.46479913923861,221.80658881215254,918.33711605756923,914.54664819181812,296.08034287814604,760.36562659391871,742.03410208639229,15.497522335441658,266.14286007934726,797.46141725314226,886.90376345143329,924.4313085867434,543.45978966329108,639.37419171409817,153.55343816790554,747.13744053091295,618.49777789955681,52.315922266684339,814.69744586010563,200.89322482032986,24.303140580081106,803.69344317288903,318.09057809390544,648.42002050635506,111.7096531788367,801.59640540102555,314.96738834008011,52.487682673678947,223.36297197737613,657.77996189242526,681.76811243866553,375.11604160388174,749.48654002514058,456.16391119696937,825.30625011199606,427.0157975445876,739.67242807794582,4.8383673789574502,865.6918883164974,651.0394942576371,55.152873359184554,719.44445801628649,565.55598830686483,203.79696971749823,206.05677161909352,-31.135190741269664,-39.646422305512878,-35.442297695510838,-31.639528743934967,42.288120058073666,-66.890809582221223,-74.809914921067616,-14.546028210366387,27.930470931024658,-66.289615607520147,49.688455404021532,7.4797275018803502,-43.991203133790471,21.725381176417805,-51.511776171142806,-58.976143641244136,-12.476827754829213,64.517957548965967,71.228438597453732,40.474400168091933,-63.04723944148995,-45.611168704564257,51.290120476453453,-53.769462033921585,28.150553269229153,-75.207014905559376,-25.526003420151351,37.718481382819732,-58.704515991687018,-17.103211876932569,-3.4936252363705762,62.76652758745832,75.555419499431437,59.444374262162945,-79.894466595872487,-13.940538547037221,-9.0762191716853842,82.637372270620119,79.535575073934325,-60.561457015544924,-82.088411787886059,44.752920122842248,5.1975047495223894,-20.757905268350818,-24.261012462823462,-76.065430357551278,-6.027029335629468,19.226892828304671,-82.373424211801847,17.440142952187287,22.823349383231857,60.842855764566977,39.44048210250304,19.790954526945004,0.26734201156719273,20.805138441450804,9.1144229071600655,63.162281898167706,52.40588599780348,-80.760049458892126,-18.616291937583625,-17.758781865122934,-49.245365695088708,4.8705572702983488,57.228459133522009,-12.334615519519357,68.195561496290594,39.324965713795315,-68.598490295907069,-56.955544107409175,60.847635735321496,26.732880205618414,-20.735311633002254,-81.886255538931977,0.18386523419273182,-9.5950030830925197,-36.623575911326498,18.490480374028216,83.801116120959733,3.2081708487374376,30.013473603083501,84.936313369242555,2.7315499611497827,-39.109567391328596,39.646368132681104,-35.779561189178111,-28.783428756354283,36.59312218455068,-25.471162158878418,-70.197304633841256,-6.5051333007519982,-56.379119807448333,29.625162570516736,51.265276126046871,-59.865927517282962,-78.679554740582773,37.521216347070499,-14.401519210009848,-29.317535724143958,-76.595242027205813
52400,-68200,2.0220589670918856,309.77981786281345,6.4629322897528212,344.08044403738842,78.272520968510889,185.4790630079487,135.26735852414262,228.58565949377024,253.10852971594775,373.16946479076068,603.01159249739601,390.44302331800401,158.75646754766245,58.841537395975195,322.79304720647383,80.46098123690831,590.63251296780686,519.3215473166423,84.089760925080938,395.7088015406664,812.5897819161313,304.94843350268013,910.1739437270312,535.24237033270583,261.73246221924643,845.11980474022016,962.47563699027421,447.7929749143305,859.91416953766952,872.38839252513696,148.34217511563753,241.10299262179879,16.307593788902921,998.32722290707852,572.37932583738586,813.51137417534619,527.64916652946704,622.72263132673766,334.1841089816316,629.89015819742974,467.13957340475042,825.32690382855628,300.80197476637329,435.07074949334731,373.60482293386673,596.93788965750196,275.05807517082371,173.92666212308703,306.10387606441236,181.49565874928055,56.672045976579561,43.512008028366871,686.52691857864897,188.25865085838004,629.74333945222747,631.73562663299288,360.27328954317261,206.10057440797488,898.65105029869324,512.42121504173497,294.15786790343958,743.6044146282477,16.601665031973738,187.07360604131503,338.20988586082132,824.12629811224065,905.22115260701855,943.21943451063487,531.99169596770878,660.37811253168798,140.46268695030247,748.51842256996883,621.24541507928177,15.995354697749661,827.97917886368782,602.20825209936322,304.12542786828368,800.22439284354209,174.66934632177524,777.49989917770949,558.98073115146929,798.99190657216957,281.10548237988627,178.91190182599229,194.39050036616618,748.8958545023462,631.28678690029108,403.2780162216846,755.29609309708746,480.23298646622169,817.6082863136221,110.34786648777498,724.40512990003151,878.02727382221178,866.55271443425136,810.01720709979168,68.076101952679892,723.72834548494939,579.61774196215015,194.04086388536288,50.031825081752771,-31.352143761896549,-38.41922459643942,-33.824319561740694,-34.088105823311913,41.887516260260035,-67.094358378050103,-80.379974254920015,69.673548743294177,23.294860960799198,-64.852523169013381,51.612285947958448,9.2952004472833547,-43.875282953793672,21.666411722881584,-51.450911275944648,-0.70844690148846989,-11.234073185877445,64.861185308450075,64.985121684975482,32.46862343522033,76.88487920063271,-41.095227396855115,-78.071759826188256,-55.880664882414095,29.468037511505941,-73.386470092874845,-28.244901289582803,43.953867834664436,-50.933212411257202,-15.805526270891249,-3.5479074006271754,65.380426864605226,75.271713411011206,57.750041700368698,4.0161952135836518,-17.464711528484365,21.706849819364805,82.586995074484278,85,-60.631551973382123,61.425196647712184,44.992847648890397,9.8265750863604566,-15.817548406231372,-27.598640014298645,-70.272332011920767,-0.7763973967036728,71.623979096434738,-14.812754630079462,18.541588644730627,-3.7133304413530448,60.814949369630263,34.857134364785033,16.968463372509433,0.22050204397061091,15.86409704303759,76.084476236070785,31.44646503345124,52.387967588434023,-79.206603822865361,-17.876689752980241,-12.814761011429267,-43.689833710212646,-32.000799718554163,-64.830136109674143,-31.836018716194861,75.874735324784083,39.556740319821209,-68.599074956630204,-1.6787439618818845,67.643942805895279,28.338401104784904,-25.313745934744162,-83.984792139633541,-18.037363650366487,-9.6786894716677132,-35.488717014279331,18.317567126171319,81.335954913752047,5.6933787535097,29.940774763057011,85,4.1659709501303501,-40.78834309333142,39.594999667842337,-36.31525066450466,-44.83727071073892,78.055668531192993,-25.120038458667903,-69.234761987791117,-6.7409326864746291,-55.030742517863608,32.016628057541077,53.152249914212511,83.652416898204748,-76.240863509286896,37.562648416578469,-14.701096780878657,24.725602236774694,48.928507642510432
6700,-62500,2.0047338319367891,1000,208.67716292953261,666.67601278327538,51.923626040319625,259.31598131063691,134.35090489575924,835.43082580289388,329.17502586736487,375.70414956538224,604.8119567444536,121.1662813063565,257.99545124367421,1.9707025504196451,601.04205899788883,79.228855950453266,508.50185079306476,517.392885756027,95.47719556808471,396.63524793720768,829.25021068982494,100.89614072135129,908.51414245280193,574.02653399900237,266.57920978699747,870.78327589108665,677.10235240415818,446.61670064134967,19.464548863656262,201.59892146220912,990.82368692253772,689.25819908357823,12.105091933579672,360.17878665450809,354.82950778425351,831.01081073298701,561.05064661427411,381.39904112462398,975.71734676676181,448.08864666914792,36.836166909103724,908.66306852620937,700.41289869171521,661.49415825212031,375.72318497747005,598.61299105571459,260.75078646495365,165.20808711452071,138.72400836630857,171.83451418505413,179.80999647075299,37.732752194927599,188.77996059179111,146.7058255247787,659.56747834018984,857.92670233904005,337.43873852190342,473.15470731943503,266.92609875803771,931.72327965906334,157.16319084249969,746.54370913738228,946.28280580646924,183.79913094660208,265.58708753517578,848.02744788392158,820.99847168806059,949.87509408587721,528.74605184459949,769.67561018259835,139.32450313446262,756.77595803507609,653.02899237523911,525.98529848657563,800.05741978130573,504.40804506721366,27.349337014070016,820.87722150556306,296.67154904094303,657.13774907096695,582.89413700743717,799.57351832355641,280.2118500591115,800.4178992241018,188.55713975525819,290.56166631234146,680.04611254123233,426.58175035926882,53.394192090405113,480.4588886594658,838.58007336297908,155.19016919896339,720.91038030393099,10.821706888058014,363.72668011662739,789.17471033692675,415.51816870533645,724.19144766443253,561.86971605662484,193.77067017903178,45.259385185841907,-30.960061619857708,-34.967883358574461,23.063524513003944,-35.221250482266818,42.07641075989487,19.688366613856779,22.838810548161973,58.918998383322055,20.680046785677234,-77.421117634339552,55.162507495504684,2.6743777564082012,-43.847272420869267,20.56430725454306,-49.298851993028251,-5.771495260327848,-10.267994249482559,70.980627119193173,68.775593277225084,-57.635726505215509,-42.248804288451417,-46.808693867674627,-83.45108156290641,-55.238909991268279,27.243651768058033,-74.363200871285272,-29.17625242705812,34.427654594820105,-21.080249343711522,-8.2358555895993497,-8.9282453154912247,-7.4583462682962605,76.870639958356904,50.963188507673351,5.9578655159914007,-17.375070840751242,28.976839424726915,81.07262914766153,-17.303710591408233,-61.69193577092512,59.66744152685289,46.288622365651534,4.959407435149382,-2.5106899521127346,-26.613651211324267,-59.579286820284018,0.054350106895805439,30.162904047367334,-13.046708251639906,17.160816527492681,-6.4501327790451022,60.872407494884634,34.110920178197425,24.744716859218457,12.962010647236681,16.596238933781638,75.842886976195359,-7.2440813256246059,65.162710663714989,43.285432745993916,60.318577093259094,-10.141868992835105,-43.208070439328935,37.830742708878049,60.000718244586338,-69.893437177169787,42.432209734106991,37.566276785110858,-68.588448777981398,1.4364084602753771,54.011661823818351,-67.638241196588865,70.626506071796271,-84.645144144063607,5.4944763338763813,-9.9568263458537949,-37.045333829220262,35.932874966702371,81.722304381080605,2.6150267649041723,29.954058795186,74.107159157206056,-2.3902165684600969,48.180139071044223,37.162511416275578,-72.550170789494928,-26.129987976745984,71.846559724457848,-26.370249958350751,-68.443230144030622,-4.3991725323948332,-61.063106720944361,31.642609468252829,49.495958229862666,83.389078719981654,-72.238431381887921,36.99397812741941,-8.7125438256965708,30.117546921086099,38.822927515388635
64800,-69400,2.0199880059554749,88.542082391637408,4.4318820636889189,686.42357187030848,60.179516670945446,150.60270491809004,134.25543713010006,836.66256773819509,102.29003696029184,470.56578041861405,603.14081902680095,359.85512560023477,160.61760930679623,64.819443793408141,599.40289967349213,349.36704624033075,593.98640369125872,516.15783624608514,488.38945883880882,397.81084168129092,843.29643661153989,521.88494794788801,879.14814648262268,564.01920027166045,266.59788199223999,844.30772048189317,619.87104672303974,434.03909566690129,64.054149833764995,848.67900336708351,168.65134447749961,254.5310622300382,686.57253337306815,930.96065753563096,338.94040860357472,813.82976616207077,220.35843202860175,894.15474653204683,940.43310850685691,466.80451200779163,533.69355756495179,547.8696792810332,660.93521043156102,656.80430631682464,325.201044489693,593.86288708787242,260.70666333597467,179.99736132429817,337.26206435339191,175.77249031646068,578.1124183738101,36.064068824552471,802.94079196969494,202.04779596539058,653.64499349017092,644.81007665256254,662.01720499062981,235.82266578925791,860.38206974112597,510.67622396956193,259.85983947777675,769.12745987991559,14.392781899407291,149.51722597196596,257.93257551362024,791.59106685203608,896.89994367179509,525.70519131476271,538.11722396518962,774.39008706981008,165.98005158732144,749.61439350052808,923.11648460697188,557.19249286423371,835.9641615018362,529.45255069903067,274.81296745714849,801.0749832872865,169.07699781225239,651.45643437664478,58.056792134296245,798.0639959931151,308.93328066702321,172.73324838283062,154.94968641591811,711.92413548271952,679.20008551478111,423.69456671221639,85.077883957887309,478.1897636392801,822.2020964012313,499.62320450764605,721.4286480320344,95.830671228375252,253.77885995346162,674.49935909237502,422.4244674992056,799.56205439865039,567.82818571966573,197.27545246856039,54.89125223233151,-30.824922179680975,-30.216818529922534,23.524554010325133,-34.819999157149319,41.056086455375578,-65.2754897084682,-74.459361794291709,-10.637530204763198,47.893328228262412,-61.605292444988024,57.246154201002604,9.6364132594161642,-42.59561959572855,21.78497512605086,-52.443477465410837,-9.7371762891094775,-12.529486426224125,67.490824167861874,64.549389523411776,3.4740478528873648,74.50222704699226,17.534837522157403,40.740484819310439,-55.911637690468957,30.687852309514145,-74.745805347836566,-17.757146509870196,40.033045561179208,-54.439081719198711,-15.766957693347146,-2.4005600358475592,-13.547469340145369,77.05202054868144,3.7563090509755277,-74.818480200047603,-18.750166867837855,28.691895951436933,83.766192837119505,-40.136539089412324,-61.759623771973743,75.480980246630281,45.808817168337974,9.2810284770661902,-9.430008462458451,-27.277498080523845,-71.406277805603267,-8.8410939694783188,-42.385392096512454,-83.612071148006976,16.84819505579123,-3.5708544313309121,47.230901757882137,35.315526488843858,20.769527042533955,10.524049768435081,21.221017177699444,80.750511244709259,63.377644766413233,53.48180113247863,-82.397654981731804,58.542829972848331,-78.739535918448993,-52.941804054898007,4.1815425307023091,-65.458831170387185,-68.176606934598183,41.996462440889815,-12.441209884532981,-68.611682422360488,-3.8562256992962554,64.561215052924794,-31.158836143401075,-22.404128179854776,-83.972429516507603,-16.86213433998417,-7.8893170394191792,-37.447223831624783,17.019319882936301,72.486927792279999,-1.8468624378099376,29.657275026863545,83.5316192303261,-28.146433912256963,-40.639723687779544,37.377302066005143,-34.875673346873171,-26.005453699093483,35.289964756187317,-23.86762104912755,-63.373757795542595,-6.8290075025895947,-55.852351386805282,-11.710983299439036,48.835187773465059,71.651591927611321,-80.233734664137216,38.923598504958683,-46.13570426433251,30.60463674420701,51.314220811943486
3700,-58000,2.0178839223995895,1000,191.97398364858384,702.56794572184049,74.615621955017502,156.44833381079042,135.42358277281605,762.63214485341712,329.76345907165569,471.81375259631966,604.41555950466227,366.85190968280688,155.94708732030904,29.518288245623296,620.02170394008476,103.74134531498464,509.32559961942314,696.55341719259388,91.968726507536019,386.78839051320358,822.75247501739045,505.03508301206284,937.28307711490993,564.44957365362336,267.80244167055702,838.0665627335552,934.92677128572439,417.19712313122432,976.46961985092992,850.28158839553771,976.62617159357353,655.4554893462506,747.45035270909625,863.36132563433148,512.01474688545829,828.51132209064542,481.94758434404531,909.13885910681927,381.69354023865338,602.05270167460344,534.83245731531929,886.27359759181877,684.57396917437165,630.08425531227658,766.31393489260597,598.21919224589794,262.68941177304669,198.07628140449822,114.97977187257194,164.59478674019843,555.27055086796872,20.926214970838647,237.18888141660452,196.3171339755938,656.13177863879832,638.45730575187395,349.17736899442087,189.21246431462092,313.62376498452818,512.64278962442597,306.12483249483648,442.98509810892403,63.024667090239575,56.022290867558795,655.05670834088846,67.061730505129219,919.78478092237947,517.99696020616193,516.94811895709745,776.03445944990756,140.05216441752765,748.6438583313743,634.05313999760551,455.6016760759212,813.69227079942755,522.39850087281525,303.16577206593831,854.48194691992433,315.47356002205726,774.04731963281665,73.428161105425318,802.12398708129444,277.66137226725459,892.78006563172642,186.90243809632838,711.53593062748905,676.88938013217842,336.78774882898688,775.70422928457174,479.19824148736552,823.59274167730825,468.17139550866142,740.34728895961052,46.670243901776601,722.43068283698676,682.56586176469182,158.69152572922303,711.72850949543306,587.56630945632276,193.00224889118203,52.648093429146655,-26.492030860538414,-30.181329838589381,-38.351570370392004,-34.825867105904166,50.324514794420388,-68.108269763339536,-72.612443825519335,56.699128557925107,32.428718806940417,-61.42753669466839,-53.560456768898931,9.7584760119529932,-44.086624145441121,24.30056839982969,-49.941041746988155,-60.006472735687751,-9.4384482392071103,67.665493351440276,63.068104328711129,-65.508879389871865,26.447205331867874,-43.12588264882973,-84.787164827608677,-27.517874045642728,30.652048293182958,-75.194786221168201,-61.835398181189817,-30.357616819227985,-57.769129929884002,-17.122213396358433,-2.7474301224421094,64.69380384110687,75.015582124477191,53.352534225913018,-61.342789529227773,17.611762835079979,28.898821934173142,80.694806724865728,82.574226079705312,-58.233278819016171,-64.202969243956318,0.40899733198007837,10.46777841509074,83.281469621325911,-24.687373057133915,-5.4418022182914187,-10.553951817112258,23.765153113955911,-82.623715797277413,16.858823911085345,-6.3817556033738168,60.611017420024915,35.396743104681498,-69.812631085324114,15.318180058647073,21.292910233129767,71.350267125243235,-21.383112209575959,53.708918139046581,43.070514514037235,57.99179534018301,-83.47652290766527,-49.303146321162288,-0.69563571437896599,39.61182723599714,-72.019707839353103,34.477278456426767,-8.0456481518081198,-68.577365068883864,-4.1660427700530356,64.387534011888135,18.443851633743247,68.690909467368542,-84.145076549460569,-17.136435900876158,-8.7186100632270271,-36.597715814565539,17.667858264959627,78.909713161630464,15.327005626231523,31.507257382509678,23.786593907572094,-28.0584479301546,47.536477587942372,37.402604928197825,-35.629394600942049,-26.255164570315742,65.955453986673348,-28.554431118621341,-70.648673764027009,-7.1640729795582514,-64.58667772826999,30.977339068068552,51.288336970361385,75.16988034821,-72.498354061655945,73.479661653643745,36.152368140356529,-30.457192998577032,48.64420725338892
2000,-51200,2.0172142185671036,1000,201.9297353678142,340.78471088656272,55.022162528394091,733.74740913526921,104.70830574780095,496.91015880750473,351.50568329755811,470.2252562512881,604.11578754198695,370.93535315653691,152.32928401422996,101.08189191021401,630.20441656543449,109.80638395245481,618.40052724224984,488.19376106639146,97.224877557889982,394.51402980995357,489.26424078222919,511.32114972390076,911.8740929099996,601.16104513354446,266.45091459408275,868.84394775403177,608.7334016765758,397.754861428754,36.341032787328345,685.96014714891589,984.23735246822559,187.547440030535,781.69568953490511,42.392031846067482,315.03284688979392,849.18103679114552,528.37018790251898,857.38880588575785,978.60214816248663,616.87839088160365,458.93385005958419,875.88674038598458,681.23423271572608,644.91825507200099,371.52261293698422,593.62619689648454,273.03005047225548,191.87576609587538,341.07967726342952,175.50204757334603,86.856815264863144,72.147320035360764,845.96827875031158,150.62064481741604,656.79472774394287,645.31027132847794,349.06743133385322,210.40682689184663,19.140279373121871,507.91789117301039,324.5091687665867,150.2452510286285,950.60781317199894,146.29234258697539,264.90004742865779,78.676023460028432,896.67115627853036,949.83725723686541,519.94748151687634,643.91575828037753,140.10931992372119,750.39588342579566,915.34949887547566,532.306076972494,812.03067713081498,175.33652681283439,273.6196946371233,799.5689818182201,285.23552683103406,775.94962812554832,74.572789109772714,799.0659050532023,300.9147593744957,168.60116873004517,188.48245535137463,747.10062069907747,678.31195667346174,329.04835139040557,58.763433965905435,478.01945507146024,826.52612414591363,108.99070723105521,737.94804771479187,43.656441615660341,794.1734789424296,796.27357332442341,422.09084427884244,724.04769821842308,581.65643607656671,192.27444727516357,36.546464422173514,-23.621739418910256,-35.004961309001132,29.194839686407107,-34.352594126842988,41.880697865480826,-0.16352611346294796,-80.812129915163993,54.867277332467509,-25.446340756226384,-63.08316211022828,53.152023912796651,14.716716573702875,-44.081380836455644,19.524867279424747,-49.038224549545866,-61.680334964271175,-10.959587062673021,67.806474779882663,76.950403352339038,-62.676251864941435,27.295607381888257,-44.538315674856754,-84.857824314958705,-31.763869144305751,34.434318076295369,-75.076560484499367,-21.438966993040001,30.8024734034395,-18.444839725467602,-17.597082016100696,-0.58287119627036699,-21.312941804917937,76.578169322224142,53.806543306532816,-78.025631210333003,-17.833952955279766,28.414392549588236,80.678445123165275,84.999616883195571,-61.454218555395997,63.110468246500176,4.4758228884049682,5.0380339570307981,75.663347017206277,-49.044013279295058,-55.052661452706054,-10.705364279475084,-40.939242869184383,-73.811618069677849,16.894363749525429,-4.6726441975866591,62.265161334246621,35.552381230123288,18.592587527560568,-4.4163575254785199,16.802442991426037,76.669180318098483,32.577904659621339,52.269267055741977,66.426158507922338,-12.066092526047061,-15.131030123600668,-52.120404696586412,33.883167610746142,-58.63033924074481,-71.851004326705038,-25.955736202383935,34.84953039064731,-68.60044181000579,1.915928819048194,49.144773052998239,26.684522276086412,9.279765377381004,-84.127451745484578,5.4190503506992416,-9.5542827760304672,-37.591918149756268,-10.00596580557553,81.679132907270144,-3.8850437462033582,30.779346464026446,25.181535652174095,-33.566861767820853,-47.123932359193446,37.348878302068215,-38.749023983238423,-26.812654222694434,72.33821006574415,-31.66294372631026,-74.176144174945762,-4.4976180803803771,22.132349461965141,85,48.849014292691521,78.313403506088505,-72.391687575833885,37.022132271100425,37.324763453660836,-30.470730612510398,48.866017116579876
38700,-66300,2.0601617117461206,551.13422485703029,2.1059822551683567,350.99086637549664,58.666463188429219,188.65435811564049,135.1643781151426,770.69041752188673,347.2822717833194,377.06041071393236,615.47940185317691,106.26414692585345,260.88189195728597,31.992445719378427,604.40631072431052,109.06377456089828,508.02666489876526,710.36354041949835,72.635195060947254,387.00264230214617,800.91127860968072,501.63863916338164,867.65640378402372,529.04272207445797,261.73127358405799,846.58754412859196,909.53693717947726,444.93953761559277,893.84786976646024,863.4059107730684,1000,656.12039268239459,30.75116872720497,366.13346584515199,856.9773159063833,818.92699659620212,526.41236200709386,598.16002116788081,485.65083209301417,415.77589898653116,508.17410599453888,816.22618441313216,608.72978582004419,661.3862455789083,821.17405442106997,598.33241633776868,286.23249212869638,181.4976662405432,324.8532189066845,178.42830315563248,581.0759299440773,3.435880706845019,800.05541138621265,193.26068131883022,628.91784764791851,873.24237962589109,346.02597344084455,183.82393734764102,49.10454408587988,525.26357557335768,244.08156650845984,381.63988522557065,980.45111639788729,181.39852782541499,655.3253469612946,773.13738164346967,578.84573468904057,912.25106895130693,543.02924681527315,772.83823389388738,139.81567275881775,748.33098386007669,534.33860463475298,39.771956133857287,814.64341806232528,522.65174554026521,21.105939467840926,842.52549078366644,277.14809055913236,657.09146991467253,73.560861788253007,796.12290536214891,287.24314505000007,817.68162613073559,182.87466109817663,248.58929344315055,681.62202849807056,430.60820223850868,728.36527793443418,480.79529006656497,826.106160438399,486.98278849844951,723.09492270849432,45.846614844332926,869.30163536005375,671.49341049513737,450.79785552649059,724.11062727389844,565.11307548366449,228.67846522725299,84.910863214293983,-30.861910483487357,-54.558551158077869,-33.749471220198757,-34.217343083053699,50.512749033948182,-66.805018777584692,-75.32730243933284,53.267609002910078,19.218974170041044,-60.44516704228225,-71.302563997014957,4.8499316381928139,-43.732443789976031,22.245672699269843,-51.9704809354673,-64.118537368066541,-11.402801489117605,64.975010308450294,68.718271105437921,33.644579764891027,63.012352792549521,18.278882666090407,-84.987626375485704,-25.788647976068418,29.660206370396246,-64.397530689112813,-26.18124870496521,-45.631271460633641,36.525541935770271,-17.299901061607475,0.68852355089514783,-17.459985119925804,75.521062717352009,50.039943865671802,-77.551226133578467,15.803393763826502,30.62557167178046,81.130237957053751,84.947955965217332,-61.875926687162817,-76.488731178860036,45.39200490858947,4.9669557891722418,79.114343982062351,-24.253759483884355,-71.826672830457412,-6.8434445408404816,19.334560945385963,-73.757402529003642,17.054560113643369,-6.4436351174264939,61.622182092235789,-11.295108018148758,-81.586348344972379,-3.2977341681614307,20.745036175285847,7.4979044633283038,-4.3425638609876174,36.210219028261854,-78.640368874604704,61.621006748462165,46.197199272584463,-44.158163890735231,37.850799428193739,-77.432451969650614,-31.755425733237313,-24.415377800694266,35.889612041203378,-68.584775042314206,-59.473726393613703,46.068606028488468,-44.35935952826933,-16.462983798307455,-84.909960806588046,-17.378648967936961,-7.6478482402854802,-36.906683501340574,19.144862062690528,81.538291387586057,2.2629861732992764,29.070504505237011,76.311325193612021,-3.0495956423364614,-38.38913264467962,37.661859422098956,-35.04925015018177,-45.209751370154329,71.912470199425826,-26.490818227740519,-74.268126192781125,-4.7906121840435656,-57.959772406739887,24.034357322760993,49.514837310801141,85,-73.229726596149391,36.970118076024477,-17.658949964988764,-29.286432572318827,43.893884801183617
34000,-65900,2.0219794807843128,633.463911277232,4.2555069718560929,675.80061795558527,58.602890986799451,136.20987817770165,165.54058072936368,765.60044768723105,106.57723692051187,392.29981144401563,617.53047051167471,114.60708550392012,263.8710654187658,43.808962940954075,278.65691034417353,108.97271815290384,517.22591953168489,716.50006361693158,65.413824146844604,389.1554581717711,515.85798710787401,362.02758691742298,867.73304192730848,524.94518873384141,270.67973847519909,843.87653164528638,116.19796373521081,444.33648798962167,911.73508404067684,662.56105991899608,951.13714585730634,218.77981553891891,30.127162756715364,954.5036064991657,298.7096091370006,834.14968836199796,559.87193037249085,383.60189594083892,328.41052106296354,416.65846455723391,543.6895398477219,881.28194991267833,649.39201686072579,661.75129687619017,803.80334072167443,598.15426697714622,276.05069535825601,97.692955508879436,294.25905810976934,174.22379816903478,615.40353043509936,3.7601115821370499,267.55498177328786,193.33668643502719,628.18589480777644,672.23499169727177,374.8883570751226,443.66560449880535,949.84374156697709,912.90654182067124,295.86691438795219,382.19695552505573,751.34313944779694,174.81175811359657,343.09019074465738,110.63823637131242,583.73367181789524,911.15311343966425,515.59580452390219,773.1339214256318,139.93816537756538,749.94838585645311,617.61395830896072,7.8591909087230079,816.76925576111887,242.30872168375853,13.648576411006331,817.87840802062624,149.03790638224268,746.72431616486335,82.639633144666931,798.96461103758179,284.43019830566061,845.01739848845114,183.97503703598127,759.23597525923924,677.55850082896313,381.78001797144702,728.81285439509452,480.76976373433723,349.35105214854434,485.97295793661863,724.20510206569986,40.379084726004884,776.62671989558316,811.86400110313537,436.03867254978962,719.17664017251434,586.8503362556927,228.3907233978143,55.314039612176273,-31.114319307553362,-24.31116864864012,25.667134115142858,-34.196498663627025,43.430196383266185,-66.521297992308902,-74.590709605162928,59.369870457264653,20.403991613881992,-66.849079885649459,50.066516967317284,71.070413202315947,-42.406177852879196,21.72125425886502,-51.464656225252327,-61.670166283876299,-10.623141471862768,64.650208459886159,-33.791141164323399,-58.157170411216683,-40.600280776074683,9.0293966231373197,-79.159611493875289,-26.067139437329466,29.729457072904474,-74.491370058012777,-63.748088427153206,44.297398147303923,-16.313853648176252,-17.028800939411429,0.44419400546218935,-19.938472083855064,74.895387308597208,53.858665998608217,-78.137354661864265,17.55623985736645,23.344021838250562,81.121140743838708,84.74716353385287,-60.544892011111052,62.421549696787714,44.704368912024186,4.9683802901426315,83.622608968066643,-25.773751353527381,-70.665411601527381,-14.171163904423082,29.489297017448411,-78.383964764638534,17.160009169860832,-6.5392478484900938,61.675322315470481,-11.852069789304013,26.114934141286405,-4.5382822260864746,16.963440326527756,82.905459526349404,-6.7580264334625113,36.792495931147613,-80.758287567996845,-14.24893414014285,-16.86427370247478,-48.883270184664482,37.147818078780261,49.278466050559686,-68.833299539819876,-23.398942580487766,35.44550496024862,-68.581776951704882,-1.8256757699056529,54.161702466234246,22.236076649816368,-28.640572349236344,-83.978733122465144,-0.21476263742608381,-9.6779225027149156,-37.109835875620973,-4.6581067866600838,83.884531857271469,-0.13916391253546179,30.041947146626359,82.069857739372196,2.6147125309375272,43.39095874230776,48.588849801699318,-34.428780228676388,-45.277888120029438,72.086168203274596,-26.426147809067771,-74.204121557105537,-6.7946425959706813,-63.03810900267797,29.413137208783695,49.513731659087611,81.423380404491695,-80.358614075180441,37.612285631537958,79.252433070987195,-28.165086125254152,-76.673949964141201
4400,-59200,2.0206986977071848,1000,193.45497661098233,693.25252177987409,72.203443700295082,154.07152631801964,135.47665619535644,826.42290519328401,330.14226741752003,471.76429982348589,604.89639871928421,351.04349103421282,75.651937493968731,13.039985310966648,626.19200881258075,111.88784244987583,499.86713498931044,704.25739430477358,92.50913297757387,388.92545827547343,808.44710976423312,570.94407272197691,872.03540153479571,564.31395192009654,270.54689933498219,875.48676227344561,645.14233782855501,433.2546239007043,1000,174.38412530710428,1000,639.23221688588183,700.07739346893266,807.40822463402401,329.05972580658675,849.06689570513856,464.12898095835487,864.71593759314624,451.67449249999032,610.05208207231931,529.55612551919944,867.25157837497068,685.45580113186054,666.62986028411126,380.68313101876333,598.13830934956957,277.88110743487567,209.24764459831525,100.23983726444624,165.27817946007013,172.99249041304728,34.938161408105202,759.21971865295086,196.36077450764009,655.2878764855094,614.26427683211739,348.90958252234094,221.43033565752285,41.14182601499391,940.09358583938626,322.5135243447786,443.91128724861193,44.145635215504967,608.22773527473873,394.16471537427719,64.462193061938152,906.86345664103726,911.70261887001288,516.99721836052845,776.40426894112909,138.16263668761388,749.15489477852691,925.39752495718426,534.64086225208621,813.70287074341422,560.57071587284975,271.42532867965588,854.06896565195586,297.5840302465329,657.32375976595313,608.21345098005531,801.72949943259334,291.55924908203968,180.9554604579543,187.05077726226989,733.55973199902735,676.83668690599075,335.79720362299383,770.44575167181119,479.19582531791275,823.93844620760603,425.4605860820875,740.66377817471891,21.296564370017506,791.49065486647021,676.75707999623444,444.22925214582676,724.18907747495314,587.06326022263761,192.84837667548805,52.646960988719627,-27.447560951954941,-30.327856280965701,27.916650058098625,-67.627785995038806,41.827454720196073,-68.430966088647963,27.080202495378884,51.738688608967038,28.216756780558249,-77.392752281869747,55.823010946906642,12.311857584208573,-44.190350177554819,84.725884698519863,-49.947069905672812,-9.66029088460464,-10.939186861398118,67.638883739251256,-37.426720309930388,-62.443063302363882,27.707998715248031,7.4852348765129157,-84.028397520414416,-25.058813883444252,34.346360900441049,-69.506753156843118,-63.085876011706944,32.124897023713487,42.020652971248019,-17.154189454010798,-0.30477126849611769,54.086897833767964,76.541729148728294,49.496984380847167,-75.96975781787016,-19.426066193560423,28.879041059512669,80.6946191343294,82.651028931856146,-60.494340130380209,68.245732137568041,43.049401720096292,10.614415497440246,80.842925019915313,-23.342367929445938,-8.8317252064736884,-10.462123108558096,23.625063317173936,-83.863811496729014,16.838587191087612,28.703137003965182,62.410535613682079,35.393561776194886,-79.764798884922115,-4.4446424419302559,16.438981104501654,72.3767338367863,31.396612733824995,32.534957187472671,40.999081861192515,-13.690232187679669,-35.073283869375317,-52.870157686457318,-2.040589164411891,-62.191970832080003,-71.972258835170251,-26.510390781363245,-9.1454883463268253,-68.576848100626023,-60.240554999567031,64.547372747693728,26.418974193238881,66.795626936812269,-83.984279742942718,4.6183434037363709,-8.7192647052351617,-37.653172902441753,-10.460258819742265,75.240933535284483,-0.75461443250325488,65.549410704491279,27.784442385569371,-32.363360909504181,40.920933267869643,37.464928052868892,-29.226749339745112,-25.177711417145119,65.947689457248416,-28.438042467186992,16.110537145875789,-7.2462772865418774,-63.509465940457112,74.293709912144109,49.26722533647029,85,-72.707387540778569,72.411116879528166,34.926595465025123,-30.46632837834353,49.020962431801387
63600,-69300,2.0581717591115627,110.28714980971097,2.9976600423130448,325.91888120333982,57.758706033878752,316.71465684438476,136.40070681880121,818.70623794009032,314.78463205632823,383.0211777586494,603.24782575141387,361.94718210855518,85.19313789284196,42.648719400347503,310.00820453118342,318.68045511115184,609.60281982634569,715.26624510309671,101.63343926633061,396.03141322740657,810.78079525352894,323.8014184552992,876.98952179120283,546.56486213122139,261.62793407058973,869.34309273746555,625.76961774175652,432.64020468791324,915.85569364923003,686.59829492255051,32.236482103569358,249.14694654424537,810.19032676340521,86.009044798703826,812.46820880911719,832.92955116527037,545.02245907586553,403.03900019755395,425.15091604893502,408.95145134550296,551.24330282665176,873.38365525091422,677.78685732044516,659.23219881200691,368.9976799302637,595.15724748676655,283.96956482238022,179.90656635275906,133.94224071591162,172.65515272197766,181.74487655873997,68.215555835448725,982.90070999648242,193.39540365237741,653.57691584302404,663.5587788157693,677.06360545247333,439.46295985600767,816.60514081116719,896.00040236112648,279.64729966434282,696.63629147240999,61.887767812827121,779.20850805925966,279.28975114623444,795.9367400574987,889.98084345518578,918.02524788415701,487.51829514712819,769.8210619040608,139.44950550839309,753.51263347477084,926.85001963998047,463.29894851840533,836.33203015475101,177.2996193343599,271.61576943286809,855.8309474900592,128.09752326959949,645.47950716508342,96.957592061999975,798.11444419011866,55.775822902394253,169.36064300568819,149.46488214956696,755.64290126766639,679.88251322963811,374.72804788273237,124.56423531653365,457.80016613766639,351.20058492708586,454.15739444706696,725.54768181602753,1.5936239271718591,757.67965205970586,657.79489088059472,441.12750618091115,711.92685516567258,568.53929891231155,204.39136935816759,192.90687179871429,-30.867886101031679,-39.6497824498733,-40.316516963973619,-33.417299327361825,49.879705083450972,7.2945538738494946,-74.43415469013091,-20.054590267003643,27.25731538368488,14.204212258102388,60.483773460947575,9.0666658006481633,-43.825847458497385,19.678114796163381,-45.773255253332245,-1.2826902565920797,-12.50941192397257,67.490750002682205,65.771379970077575,27.20324434960996,-62.218059084868884,-44.885272130982251,39.445015995608664,-53.920174493343829,57.075608346587799,-71.685980005225076,-17.059510102772496,-31.807238459273883,-54.115736442042376,-17.078541319595889,6.6918473262458047,66.407623444669653,75.089677101669636,4.8707533992617122,-71.487534801269518,-14.357317497562228,-6.8587163993237041,83.691759184984804,85,-58.352442584992048,-74.963345993997478,44.130260679842785,9.4678223255473082,79.646658302487452,-24.378599591525809,-74.847489698201528,-10.011667486432668,28.96766203257674,-74.301346024794952,17.116177643399894,-3.3321687447932229,48.002700162988717,38.902536898772986,16.116079485085123,9.5116356046186361,20.835527191569554,72.330045132342278,25.280675806374553,53.391828016820995,-77.249154516308664,-13.905853500136843,-81.433434230362394,-53.126734068293217,81.955189390808982,-69.327528636761542,-70.499769670962152,84.132511663668851,33.021949906981412,-68.615048336926463,-4.4877822709077053,64.387718728596866,23.610332077611382,11.48283830195281,-81.652025138535379,-17.294632259444857,-9.5532636384415692,-36.755394547283451,19.002853713433772,81.509304238383294,0.1293865946914905,31.667919011960755,80.868173721226682,-4.0760789555581818,41.121174932664424,40.983914360247717,-37.141917343989064,-27.324653381968933,65.973874816309802,-22.529620634050509,-74.472246432601764,-6.8447200295502224,-66.630391831057935,28.772988796906237,48.880179261502562,71.341960907613981,-72.38568949189694,37.045689049627171,-2.6947827015878936,30.518224825509705,-83.805785603913705
68400,-70000,2.0525920196740532,20.298363782068414,7.0084024532348845,361.82916663902125,60.779617988267091,158.39467196514056,136.58975141868626,212.64550849107366,107.90033099044065,392.63626215198838,616.27998395187603,364.68517888295736,142.25680584372054,126.31064113209824,243.142653898709,72.792067924233706,591.87330289806141,521.57524526370139,64.980781199854817,390.72768001963709,803.07306991841585,527.25663227076075,870.87050524146684,564.16773575654133,267.55277222675033,843.08348358276874,92.608056081202903,468.41856564802725,52.716997731815411,848.41026634862499,59.293416585830116,260.26715885981559,187.23194730648862,856.31081132909992,605.94234908674616,819.46988475267267,580.00501121073171,877.34187840789161,988.85095488604657,467.17358699713191,458.35055636868537,542.25834477829926,692.66735032627537,637.19533793321841,378.94274477221649,594.16965320044312,277.49791738316378,93.913083122904084,310.81697616243565,164.96352247943335,596.24671461713353,38.386008349494084,204.19463433189077,192.77722984715484,665.12889934481416,814.1768855943285,353.59390101184079,214.70496817893519,887.06004077118325,898.34050244829257,264.25801120919851,415.54258571780611,956.97569141210647,183.8322624208821,383.99040558063558,861.64523364695913,887.45330520968241,519.89601041109074,542.79937985874187,773.98755755021443,138.33742503969728,738.14399242433205,642.87356153582391,455.31755840303668,787.51480900182287,576.38148558493197,270.75134318373466,802.49761015606725,320.25990900364729,651.13655649897134,610.41891693365415,799.72755490860402,317.69179390204488,298.67332157561498,183.68728191789853,734.34501791841933,681.69005033716257,374.94127625761365,799.43140142969435,457.22060871220577,824.97295550317017,155.69226018375889,741.45046316531898,0.96575222006407047,759.62776959881194,813.15950389833097,410.08431521763725,814.09616834984763,563.3624364201446,194.32671715250609,57.573499667350305,-30.816616021435671,-39.466239503881212,28.619474842529748,-36.313914658626011,49.532820640840868,-67.581713491185326,-73.710654386622096,56.368450572488513,27.804290230389203,-59.850591718616471,46.610569397281481,10.404802134460397,-43.988698564895707,21.741098089463566,-49.477986765441209,-6.2903193182461603,-12.653442545799402,64.476746620785548,71.965638932487039,39.20556935577477,62.366084026181667,-43.100342160470099,46.596712075810082,-52.60978176694821,32.173819032270288,4.1561793155587523,-25.577542613240649,40.096517763711141,37.326509709358703,-15.684369751380029,-2.7931633221174348,60.802724687456049,74.961649454563926,49.993946373013571,-59.86195452786037,-12.885250493873997,23.731883411343329,80.38846749566703,-48.082316374204723,-61.802316147683698,-63.294037261783131,44.421156673971332,4.5753874920381481,-7.2626655198388761,-25.774435991892009,-12.033372822674561,48.352022221274069,26.929729127284446,-80.480566889882539,14.59651027269922,-3.3327357926298458,60.766187373833688,34.315203136922541,22.525079322386176,-1.0257959603128786,21.254680375899596,80.99728617196196,30.179241913201054,52.309132368536652,-79.37372669830242,-23.369899271849498,-12.048863563735686,-49.250521136144386,42.839746770078833,38.491046600091799,-67.82191729775532,42.295654500428633,-13.690352037482208,-68.579550042371466,-0.76873090473348715,60.876411367162063,25.825909287490013,76.430939473743081,-84.206656426414838,-17.112085993624785,-8.3381736829053157,-34.286174521191846,16.970053222688534,84.039922039894321,-4.0676766028808249,29.615867071870134,81.209021567917503,-2.2073868213277552,-46.947292171103477,37.633210172956645,-36.68952548368182,-26.115432965811504,65.016479839991433,-51.458852356785123,-70.144466309338696,-7.1785444529454292,-57.775201865946926,29.741217815734846,48.872808437030059,82.208406651131128,-80.72643945531415,36.012123466145496,-10.390827497067704,26.239141564510888,48.634208822840066
43100,-66900,2.0220734676989625,470.58802971388792,6.5580831586803994,344.22763009647372,67.302100453915486,260.46768957604172,158.30243342690196,817.96789508353277,101.6347517565691,373.18113490528077,603.03105054281548,148.26864858627636,162.91818199413058,50.164087887674725,323.05809108242414,117.96465377101522,586.01448889470771,518.56438808228529,84.411848293730372,389.44622832398949,846.30711439856691,319.75264022564147,910.08814902457914,537.03464845009228,262.45076359626017,845.01815755055816,963.76739284655787,447.3447103312555,859.97245425663266,862.11965959800114,143.9349307888196,452.74646198212668,17.647361058946174,997.16980737517599,293.19169588276691,813.5843470302367,499.67479574424465,437.25809917463766,328.21021851776163,399.05748483249528,467.32880289147488,876.51789206637113,300.41376518726634,423.97803896273041,373.50647616191213,597.15800222024791,275.03945596047851,185.13540513772833,305.64130508878191,180.63606748420543,63.445713383954057,43.514070442370901,703.69399346655302,188.98343525592728,630.58951664660106,637.1023257647289,368.24198377752055,198.61057896458178,895.37339399009363,511.19068918475978,294.30104866487125,388.39103723462699,750.87124695046282,179.04752175655938,344.93431052098583,823.94071835023283,940.54233412218275,516.76146579710451,531.97295082492928,660.39400946633862,139.04497279469763,748.35862112499137,647.90282679803124,17.730018194791384,787.99354200151731,198.61145233673096,277.71523875393905,800.24348668261803,150.55273178929045,749.56820896948045,111.71661834559475,798.98411678979664,286.85061589360146,178.91943777351042,218.93005595818903,755.40712158813517,682.10586099568002,388.79594557568419,749.82366320938263,482.10741859691632,372.02466930733033,121.38438019449239,724.36413277982456,4.222112060311531,867.25369306762843,804.80404842953601,56.56819747002848,717.15725741023812,579.09198942697651,176.59367751211528,50.358686179336999,-31.140166452775773,-38.417510015051491,21.929876140143293,-34.104207932100074,49.841651381397128,-66.930452004347885,-73.956701009920337,83.37397801817464,23.893088302531869,-63.443902312566649,51.155694707914307,14.290461613216893,-43.87487774884567,21.659010169741975,-49.473965550967456,-0.65624293404174949,-11.210772400703446,65.543801435288941,73.380930722657226,32.529277828157312,74.057996516004565,-41.104182016707284,-81.136740511662396,-26.935879839942356,28.088712898210019,-75.926973191865528,-27.521353004482915,43.947559406528867,-21.42021651724896,-17.099081453440142,-3.5468365339868759,65.448520624697522,71.42638087633857,59.538233658409794,-81.448241826615032,-16.218332817941398,25.981333141654297,82.582792993432435,78.876806159620429,-60.631495200318007,61.262434395974168,44.685972680703046,5.0257980947573326,-16.637171279053405,-25.687594625558546,-70.314323821177325,-1.075289696104047,69.767829947856484,-9.6555464887600753,17.024375881886169,-3.7618069677882451,60.655171964724985,34.857819565825636,-75.531003621276568,0.16817729260150138,15.827556713680849,76.637724398369571,30.824600643327052,52.395189533994078,-80.863035476191854,61.949315229874649,-12.844315950646827,-43.758934354262578,-31.931800322812862,-64.834328009254861,-75.091180234928203,74.218370711385916,39.41077042174193,-68.599378569959129,-61.177783179978682,47.123629751661213,-40.191459900784984,-25.287512575865076,-83.986059370337315,-17.972483145428619,-9.6554882490087639,-53.789409571390486,18.276310429524255,80.244808133999669,5.6641906818118244,31.533896542965902,85,3.1134446356299823,51.536315725542792,39.595845171587605,-36.343804849387219,-44.872199179264499,38.121616251634279,-51.088079282176523,-70.201561356777304,-6.7340110046993988,-62.335040263332644,24.29656643216363,53.197397552209878,83.417294968514,-76.270712173387835,37.576485506893306,-9.3163315272306377,24.924241963747765,-79.450839388402017
31700,-65400,2.0592485962261935,671.50741830650918,4.4839156334563626,362.20720395152665,46.98482129450008,270.71459426965043,135.73960229944922,219.95475359148023,317.34827921677726,381.71464194412209,618.6008932046268,360.55166368555854,120.67841322867687,140.52367817896837,307.40292830453143,79.003610040078314,611.56917298079702,711.14033669814387,70.633603841185987,397.99197122708773,805.15589568871246,507.97202515681295,868.99916690934515,564.95601417143359,261.75030729440289,872.9850205358174,896.62668036902437,468.43523667570287,84.259027561056769,819.27940347080562,31.784246847953639,259.45950012162939,39.140441908997332,95.046250820716978,578.39116870217845,813.91408076409073,578.72575988365656,457.57961516413894,982.97997713118161,457.66404465616694,541.32922206091143,933.11718321159628,681.44907454400288,658.98518317488697,368.38110511842467,595.25549495372672,277.58657251317447,209.32861881373066,123.44642082846177,172.50432458510755,602.74877128338289,69.03491059046894,233.85009969899565,192.90899845898809,629.63300297755791,825.60023210713882,367.72436130225179,221.8969285936048,918.84982892192534,896.70540116920006,274.80022877312183,719.06748876591848,953.53991555949983,7.7449328554793411,265.17981464438151,797.41625221065078,887.42239685515085,915.98953541613048,543.57484447311981,769.84433573185447,142.23538105720112,669.46310591635051,647.93897573145841,486.02562213195756,814.41488677496932,170.57585109975108,69.666382329642062,803.56347984486183,312.47790841130751,648.95287188437385,90.430698420577983,801.60795268415279,315.02193862328386,297.8697590854311,222.24775478088949,733.86310016068751,680.78208380779563,375.03905344180015,789.4201587154937,457.14744956972424,847.84582833827471,432.13339586568509,739.16404322620929,9.555205395025574,794.18129824490063,659.40654117061445,411.09578037244967,719.38638183207479,587.91299869275679,204.05782288103467,194.01500533062585,-30.867890254868581,-39.646123554674766,-35.498085366764748,-70.993459771102849,42.287257023827379,-68.430782780921092,-74.793738817981037,-14.042426428626978,28.002547174745018,15.14438055398589,49.990491801394739,7.5041583983788342,-43.990796691867061,19.735469047005353,-45.795649338492375,-60.325174749646486,-12.503552177118138,64.537678962837475,71.150693888641996,40.468232525823552,-63.796638438633558,-45.654192373457363,49.721221877131242,-53.620967846678205,29.503420629009259,-75.210714143597684,-25.617884534682808,38.325424978571263,-57.684963579070029,-17.563070392363475,5.7049029941424987,62.686965624375851,74.666423608544235,50.967192839215201,-70.066929863167417,-12.918341126518442,-8.1957071499263563,80.36383351530506,80.909977903287839,-61.785102813861052,-79.843349812959659,-7.0159033806213191,4.6924093403977594,83.611442075556482,-24.25878747018572,-57.346511663011569,-11.570742013636782,27.08067081850194,-74.289882393683015,17.451440516029667,23.062391753282427,57.940311910741976,39.423284262339365,23.097256373523855,12.840183515642245,20.805168522433497,10.397424639804413,-11.544170018522408,52.390334723579024,-79.598747909851852,-19.748091333984412,-17.758106050223205,-49.253438147611767,38.095277153906018,38.888324240839388,-11.747596182922809,-23.290197908114916,39.993431347550171,-68.613593703947501,-56.986967333852029,60.821751130621521,24.298093425173477,76.375290816591985,-81.864061561824556,-17.629469257768967,-9.5945144439371521,-36.599205821840641,17.209247135929346,81.471681885140569,3.2102777291994937,29.880766319981021,81.208928666128472,-3.8897277584128087,49.105359907418389,37.688158076658496,-35.860212458455074,-28.863696403744832,65.513013842902566,-25.471410441773852,-70.099293019362761,-4.4018352232047295,-64.104776675604015,29.776058117703919,51.229763924405063,-59.967543756172795,-71.854520924579148,37.010926450220317,-8.4836844204796797,-29.308084001798655,47.447484256514542
65700,-69500,2.0214702175712,70.581619424839516,1.8449936004992509,693.72573738807705,37.40774462964572,125.95760027638465,136.548283869752,838.59367360071212,115.616809856712,468.83266097196514,603.04702355228619,362.02986887103185,78.888318786035939,14.851548303239063,600.11966064725243,106.57767128502984,503.28684848768955,685.43780157117908,84.32527576472684,388.12037217981373,808.5651540870706,519.22791528111145,878.25419128053306,564.27461496044282,267.71415360837301,871.81600717417041,873.83723262207809,445.70087871766555,975.06767714620901,865.98350691918267,907.0922578637128,246.6002849969112,146.6862866485825,859.37365990701551,614.87819787190654,828.76254277606404,228.39798740603462,250.14311981202746,443.42708034070046,467.95752378773335,533.8438619032039,481.60827415226646,742.42374962746874,636.08454913260516,375.39977270000713,598.12959309331347,259.74914390666549,180.68653071314719,339.56817070869096,165.58482002262343,208.8555344693936,70.429092886286483,852.81467612536858,205.26286155925578,627.52629085223214,615.55247675372414,308.57242799657956,185.64310801627471,350.08191583319234,911.54101641378259,269.73182551723716,454.60924282341051,29.060320412226122,645.88715696905865,669.40896966640435,10.976521640793521,898.48086871145915,534.7976779677964,489.83760719946162,644.96206585388018,139.84769310037728,736.87306023710562,600.86815860563547,453.18708575511181,834.03076528701922,553.17619750082008,14.204224667706598,817.05595848786788,115.57398383117868,652.83790843634495,721.91503644911018,838.93246065327344,309.59761006427573,171.6532986492065,155.03078213856941,718.9526677926068,671.61371521042679,374.89626162149119,763.49470902730445,478.19172924258305,834.65456406452972,124.65161314829675,724.26194370710596,18.511434063481957,786.77278204383822,661.03682036849034,440.55994992828539,718.99116046618769,568.22748385373006,207.70246735666814,26.494467896801577,-30.888847326058272,-29.309573027024626,24.916518723479232,-34.776648111370257,43.940917054311655,-67.975934467951049,-79.445363886498086,53.115826258152659,29.281271469096602,-62.251692108090424,-61.080491242000406,5.06448337435409,-42.549044949029529,21.77792241712509,-50.090373926718364,-9.4673745779872949,-12.609393335943023,67.689272013453163,65.599835035448748,12.403262662820048,63.702679255099255,8.3329951991348992,-82.484645725562913,-56.440695090023745,30.254803397181764,-70.565960784434239,-25.947515999259153,-25.524821104797432,40.712875888304445,-15.796766873552876,-0.66399768400989212,-12.485063538464551,73.166889646743243,49.471967985036287,-59.420450127436979,-18.069088835660772,28.322375067298527,84.98262746731028,-38.05017189654879,-60.115956820902419,-64.52339347770679,3.6370817908597104,9.2121408236715538,-9.7864527795818219,-27.248456174521671,-8.1951346070695088,-20.68454290638163,29.952041000940188,-84.067142794444663,16.883056063339684,33.739410788393535,61.021924186885236,35.411989292808705,25.297958014032687,-2.2046510511546966,16.313525682218714,68.883991733229252,28.691146264793453,51.354499601513979,41.325503252686346,58.374894514412013,-26.87151265814316,-49.161050589906722,41.143833544607169,-81.853159831641108,-30.983851938445916,47.734486316157032,-5.8979986994279896,-68.620672130923666,1.479151520767684,64.524350531352013,21.003366898573216,11.166580458293044,-82.619357474761586,5.320099804068489,-8.76185803123124,-34.255906989892111,17.632957980050413,81.972526670872796,-0.88330700476350354,29.623522519153926,82.519978449893713,-32.253528084485438,-41.334666326057743,36.288487021847324,-37.097889578992451,-26.609982125737037,63.518410441603898,-23.188381615599237,-70.56712755385567,-6.8551026904164605,25.184347679053026,-10.761537650259347,49.800847873384512,-82.022797679323276,-80.989247698359165,72.156304563044301,-9.7818674129829049,28.668648203847585,-81.927097122705192
4800,-59600,2.0207438858785371,1000,215.3335612380618,689.32058019041506,60.083420395709936,150.34566589826454,134.67173120115334,826.90405936071454,348.03862783050096,385.47627533642782,603.05970738286805,363.4588730887927,280.32291779940755,44.223132860316021,272.78519242089669,348.85332231283326,603.16656336556741,525.0509516857469,101.22381266459401,397.6824776097788,754.42636879994984,515.14990172166347,935.38592700362699,553.67595954139586,270.27672739285043,870.98424147493438,627.5995432746256,94.259849813427962,898.21657579731254,184.54750359672329,997.27050282871596,232.12999242313529,697.52633882759517,865.37497609766774,300.37124049459999,815.36172328293742,602.67615645611102,861.90072533635771,1000,466.78235532172943,659.83263384692066,536.32508991818031,666.20963449704675,645.24864849139499,762.55669033651952,597.74757126003612,397.56704747714798,209.32657476213456,94.889590438718699,175.43703100751867,196.91843200556417,33.951502261673753,204.70832738046073,144.57931355707956,654.31982327769595,635.89387309506799,686.64974296951368,238.96135365766418,301.81688005388634,510.45380137034101,263.81812376683109,436.65629660157953,19.558004186837227,169.28139772911123,396.10930341014841,801.87482457497481,847.97213618017895,526.13626291818048,488.36193670058952,775.67235601727407,136.06451528784891,748.53834853938088,910.41543563505024,538.5089690724725,305.02901389791742,180.80380871287687,277.2596999952525,857.94478829423315,313.53512348001743,753.21647512392485,56.361175539646013,798.52757894048773,283.80315481415926,280.92628849384209,140.42690726557748,300.74188436454938,679.04767314707533,334.28107725295246,162.27419259911829,480.41107033652031,822.02959665415278,498.15558549984178,722.44517907990257,97.698211878393863,881.78710345934803,815.11909514698016,456.64655883152034,711.77628799359468,586.72671196185752,333.58995985264022,55.748768985382611,-27.91957320921502,-30.122657427668031,-36.06630404936972,-67.721529744326659,49.241643993225921,11.43067954042597,-74.412281680221867,52.546475755584105,23.275759816796715,-74.768352424908414,80.543694792819679,69.779725056508937,-43.850048813286044,21.674263167493386,-74.529661858822493,-3.4841550502106933,-10.520005905412253,64.818144028376722,72.340458055326039,-71.476846058130945,29.411252102113277,-43.748472391885052,42.424011696767678,-26.830317358795391,60.310935591606224,-78.73748791107279,-18.395747539292486,29.189008186199565,-53.595582656968965,-17.224408236984239,-2.6181858003491323,66.758822312516969,76.524489935338352,52.421287615898393,7.9652744725384217,-14.432797642048323,29.296637172949378,83.787047138807523,82.150577749193246,-58.242635359002271,-81.884900758629229,43.489445552973635,4.7639551968474434,81.063052687789082,-26.572860098685297,-71.308472997775525,-9.4416881960663446,-42.473890979862361,-78.384519194752414,16.548077208788339,-3.9929305593454032,60.801388233427197,35.828754172288619,-70.546652579143313,-1.6946051074591035,21.171781589421673,80.670890165623334,63.702028506985805,53.418473565643822,-77.530323339353004,63.406801828728483,-81.830901984647994,-52.968126932148124,30.612094721563718,-54.921400034619289,-12.806604645712506,40.880502638064442,-12.559126159602521,-68.611414412764915,-4.4952820988797386,63.783776623339826,-30.659217385030349,65.233552152348295,-83.963995548551651,-16.918890951759508,-9.7241299647991273,-37.119172317128829,-7.7667147780687742,78.643136480141905,0.69846970384499774,31.751727091540698,50.878841262742398,-28.18748866117738,-43.780344571516522,37.350765893741517,-34.498624607646136,-25.97600268454612,66.095983164785835,-26.710921051669263,-70.371701936588238,-7.7179643982312545,47.584500204998967,29.109203685542269,48.846699706501013,73.314673912081105,-80.197629734930345,37.051513217867239,-45.403553532840917,30.561262227609728,47.952878023691994
3500,-54900,2.0176894304025583,1000,219.93418231049961,684.54632639664453,74.164961780708339,829.97460277294886,104.34890995898526,553.44295786747125,344.81474330114156,376.42548605712432,602.86747622603104,369.40276529538687,163.00412188850359,42.845235107713904,698.99043504273493,103.75901074837718,527.67081325187996,705.61897479274478,70.779558585736865,394.42461360789099,483.88301547348243,545.75065025746721,938.238287183029,600.66563348349348,270.65882690831177,846.47338154319027,898.11274052195358,155.61082738243593,853.4717618274675,698.09876985254311,981.56470052929751,685.52571305193192,714.28031435038179,878.17831660219667,391.46879280722152,813.35040090475854,498.95489897430843,927.85917573400093,422.19452431078463,415.57146218973287,536.92048075972878,513.74494663090104,206.78676284987856,629.69768409234337,367.59260062760376,597.00930363415705,262.98029519315662,209.88359719382223,110.94371037965583,164.75668434594826,185.72052502204161,28.501488829216122,254.2731879889046,196.2963001559134,627.56990346244527,649.2298511189357,349.23276336598622,210.52381891335617,44.197476054889236,896.79942566223724,322.71354215714337,124.24174617143296,949.30890828655697,0.58920735919859979,650.34843061174433,62.138141276956276,821.61460699683437,914.10187537867671,519.55048078271864,625.04104250028456,140.11885590123774,748.55118132886446,615.25245149784973,544.35778231547886,826.59503201690927,159.64005739736646,262.71029164086491,802.90726111773847,288.67756046116534,758.24671542247711,80.181086774804783,801.73443906131058,40.498874079872564,762.9274583934739,144.2689065529955,324.56165462136107,677.04710243257,376.58932473374438,809.80382829378141,456.76640722474968,826.22073862229081,133.46610767636176,736.45190202393098,13.838249300889364,743.8441576301143,665.86367070780375,460.72737199071048,718.94475342783858,586.8997221307186,229.78353694732786,52.875006557816711,-26.038856872729252,-38.488346216442096,32.169631097920728,-37.682140331004732,42.245733665493866,0.93587322365249292,18.322298781919578,57.844496984451652,29.196576678242497,-77.350367742909455,-55.294158092800664,63.628085683375446,-43.910986110074305,18.403037611371044,-1.6727045204588364,-60.320887109599212,-10.289009841189653,64.396066537986741,76.364844132440666,-75.734343747611661,28.709757749574493,8.8504366209507968,-81.617167995821077,-29.695966881494975,34.979869532211097,-81.242790565097181,-22.056704403499278,-25.690861195757428,-64.066945178792082,-17.08048006199666,-2.4036780844618661,65.153226538585187,74.820260690165853,53.929307120932009,-81.979593484988484,16.066111431470127,29.209215272481607,80.756608345706866,84.73448310049929,-58.59520898240504,-54.283127378956856,-5.4599724677684591,5.1294069518750902,-16.006407691779685,-28.190242315959878,-76.401447471452116,-11.906775557522987,26.733979338226163,-11.248898284334071,17.142477728821181,-5.9824870492723621,61.086119262162121,37.34365026210493,23.889029462821423,-0.60704296674608704,21.411494101232179,79.18836811519401,58.434231142484684,35.136799055293814,-76.980008306005317,56.037129809604352,44.556815099751361,-49.029542839320634,38.795581070502436,-79.531948690284949,-73.995625278294256,46.336265556918313,35.563229092449731,-68.620652900353988,-3.5067673660337659,46.534920930541666,18.826524962812055,-26.297308429979022,-81.974239469543605,4.843720772262718,-9.7126311853543275,-52.314324269169575,-2.2644819187484462,81.251605569771513,15.028892543342725,29.966298622172364,28.530813288879084,-4.1404410572519943,-73.287907902185239,37.44547517886221,-37.526376774057908,-45.335274801740404,71.981063712309265,-28.456803443533566,-74.587440272090006,-4.2215830892289672,-65.367827284727412,30.940664915741795,51.333632309973048,84.124318599672733,-72.880947169231646,37.013140558334506,35.292950320342094,-29.338169778418688,51.823062145125895
4000,-58500,2.0177095555662894,1000,172.01885369580683,670.11963143168759,74.166481692631749,166.573982268919,108.94557338099207,755.29693205338663,103.75537616300578,389.41767272820624,604.46154232601589,114.77445587751851,155.57614260287275,32.875394048246065,704.09290535046944,79.626849473274348,509.43689794375149,504.62875430312027,93.27813479456826,386.76703568610429,486.76252173133759,545.9698201949177,912.10432358669573,537.11338251989093,270.42964407206,844.72614275810236,933.10585610847068,110.55250331451879,856.24585318345203,695.53194903531346,953.96963617752692,726.49274449406016,686.38311386022497,856.15163990604776,505.24993811231747,816.60701125930359,997.7465215801999,869.47424459529589,418.49408080262174,400.42780074418931,545.19743008864953,876.14908005978077,194.99902856419254,627.05709733539913,832.10752099592958,597.05128402452613,272.80979748548936,197.09366214731094,107.89867220324631,175.27288751024562,557.00405384392025,71.207508500366885,236.93843769270964,196.24958102884028,627.66770367807044,633.14849394344844,349.11744761317135,199.23739555335695,240.27340373418437,504.794270023629,271.95699116503232,752.24074348285887,816.06215952442449,159.75874301791879,476.50534906495267,27.944226698761678,811.55968019623003,908.50957725763635,516.49916155535573,787.26767677412579,138.15450539384946,752.0732130491765,997.00593313470142,544.84626326023192,826.26545502712452,507.79947736845645,262.13714087155159,817.67603618477233,286.63761702882152,657.79297531451505,80.642166756984551,801.79886248638149,310.06783498040011,176.11560576154196,188.46118831371584,711.38134750013148,677.34533173153727,337.25444717333932,96.960898662973193,457.84613173306406,824.49001376920694,123.21879841065424,721.08662964775624,11.825184540872284,743.89738865559787,667.92228660006708,140.15089328173585,711.81540268517369,586.48641001101669,192.9997899081948,50.934006253596266,-26.579593568009159,-29.858970202585475,-35.008278889273441,-75.736413120816508,43.15322984195906,0.4753855704584985,15.224599776047242,-22.947672467920075,-31.118784858148654,-76.817769796168776,-56.862864926727489,12.783063955760664,-43.916966903038542,20.301794060568266,-1.8468630898568748,-60.054530476564494,34.68501925652803,64.762916710122852,68.381404734739291,36.078363887743514,27.727990519830538,-46.506755908927857,-81.619204604027686,-53.203717578929187,34.850223082482977,-80.138978454300997,-23.961951619298329,-31.248079638794653,-61.193902133810326,-16.343994966435485,-2.8494989078273267,64.795216306427108,74.819574466226058,49.105853369383908,-81.32833201884344,-18.417667128152786,28.218638929205277,80.682751973673334,84.763410622169062,-58.623161583057048,60.409066334336487,-1.3318009765879779,5.0319063141104872,83.684329130931161,-47.762878174609895,-7.3206853947226023,60.223230615415005,23.582888168094332,-11.414143095071291,17.126058610612063,-5.9361844662157592,61.982284396770254,35.784161774486861,19.094061811909977,13.870141612039143,16.35509528181316,77.47530994628184,32.459724073820617,52.436719451156272,-80.52048468295942,58.125517554855577,-38.775468832052063,-49.181634482432713,-1.4069357503893247,-68.810500857803973,-66.411050243532287,-22.036900033542434,40.505341208559493,-68.618399746500017,-3.4370331318562894,64.384852959756458,18.818878244286331,68.603311617394368,-82.068551530622472,4.8424474534222437,-8.8267889313310928,-36.567321195272896,-1.0363872641693497,81.605313972854205,15.881885616834769,31.822005621244628,81.988335565967503,-28.545130935601925,44.532222849559588,39.491041031525135,-29.284483721991851,-43.824368754068132,65.199544297326483,-28.549036533931176,-70.216410908972307,-6.9847862565624466,43.772444249206515,30.38908593647254,51.29114584591396,82.099581904695839,-72.169646645670085,36.978702508723096,43.441711409863601,-29.924926009874603,37.978022642630577
40500,-66800,2.0200722160664135,519.59507397887171,3.668321819645799,331.69326173833008,47.052506501533273,271.61567461828986,108.34176678187181,924.28728314516604,333.65076329806402,375.77751150339685,602.98440714820561,159.96823061621467,284.59620895354766,322.58436565540546,293.52252364514129,80.628292187727666,575.49627837059188,530.76075810693146,79.413956412628167,396.5670952584511,847.85572058343917,547.18818518994487,908.78663625800834,565.73638112209085,266.63476124313456,875.50819480334019,157.10239624974787,89.553637455240988,54.263902168202705,701.61315870618773,143.7994741361772,219.950169869501,745.34364973522031,426.09704456782754,311.70178774413313,813.52153830836664,547.84495822178928,459.16238182999336,336.51777350996463,421.26534708409417,507.72954763865386,910.54663311814352,686.57561135931724,611.4400044028888,375.66447252194388,595.23000943910483,385.82005541117081,171.71135880799901,332.63667403984249,170.36103741159855,591.30442452346006,35.414439249837969,694.96543591622606,196.72771227157696,657.14579717199194,834.04101336469398,362.02009948154682,211.70927608636927,931.54726265585805,450.04589987227587,296.11818015049846,784.39098763916081,84.869088274254977,706.16806894653701,412.19223467352123,37.966801641297252,897.91396428980352,955.40225755380993,533.98994679309203,648.4572726276931,139.50670220462661,667.40194045592705,951.53423547871705,432.9463109479841,828.19450235043382,193.9872022214918,294.4748884252495,820.36113625561609,131.0185202783922,766.92581002795089,79.17337126880318,799.00149762505373,315.48967327025048,178.11290871904345,222.83478501596804,742.18057934039166,681.17570519091203,375.03420063425,772.41335417924995,480.28954359285007,821.48111533980534,454.62449336943735,721.35612574143806,24.7966698776562,753.12259216575171,659.4582626409001,450.13760897675257,722.93852182642627,580.26627332484509,194.09214285370601,196.55480839098936,-31.364023404845728,-29.438110793431179,-35.409904176542561,-34.217839058695397,47.736256011014646,-67.044506816971051,-74.419254755799031,-46.611161462499034,-31.90094164919433,19.598428896403565,66.676048707864524,61.929612389480141,-43.844057646045883,19.11829606013282,-51.654811202737086,-61.148665941626632,-9.3629194531469491,67.412561756601932,72.171316294599393,33.91996478882642,75.394749365727677,13.255521257747514,-79.935599609766669,-54.511745730277802,36.802493029151378,-74.628235543025625,-24.84315271023198,40.062966578789954,-53.103635288227522,-17.602934580229796,-2.1564208981503348,62.578885032039423,71.612740337405896,50.900477923672874,-78.428659946720373,-12.032503922492261,-9.3214007649063166,80.820538276110653,-45.667622327820339,-60.452066724346444,-54.800212440976686,45.850469412980793,4.9223487867675511,-2.0339265189976183,-26.982855938153687,-75.141119137807351,-15.391158556384831,26.814709266358079,-15.534377108910828,17.138999321575888,22.852429924009776,61.026532180727081,34.870309679587912,17.567701505637679,-0.7292478646244378,21.441844118433568,76.303776086633945,62.497073805589629,53.567749304594656,-77.554170861264879,58.26882226320447,-14.554049474239017,-49.674816942594525,3.6794730628676695,-54.728763490302299,-76.62421598979391,43.798685010259526,41.037848516915709,-68.611608284882607,2.5446475447867343,58.400873673394273,-37.843124416742924,-26.419907206592352,-84.003687078600095,4.8216800925696255,-9.7188084206374405,-34.737583280328053,22.256376536503421,82.009467665464456,2.9022874720128997,29.851576818181236,74.683100989096744,-3.6754671925495828,-49.628781992187143,39.581836420423897,-35.064380424083467,-27.280701240046064,67.116351091968951,-31.849069567674938,-71.14789000376112,-7.2144508551785176,-61.5377835393273,28.397322520072318,48.876854292180596,78.810592625315735,-72.842943921282398,37.126295393846583,39.4266429422172,29.289517062348075,22.481542407379543
66000,-69600,2.0225101220518953,67.673868494380201,6.4461986587837954,362.85084160550502,52.998458900975287,185.48886307942209,134.31018796651071,794.3435134185662,109.15215967177386,387.44863067913474,619.08691573885676,107.74503505395607,277.59338518701412,332.42933967648878,654.51598793833114,117.20502550979414,534.04167041851281,708.21633868929985,89.358692761562907,395.98418866879348,800.9770373907653,331.5582333222564,910.37185235665993,484.56365018309157,261.73817417016022,869.53717205785347,921.84510967587335,453.62997505682421,815.53746286477497,851.72001633353955,907.80544885463337,234.51150208659857,188.93349602440708,995.13988262502903,801.11229169952708,839.11994131164397,509.98321539387831,607.37990775959315,887.42747288156193,643.23854567179785,488.06799104585235,919.91606368927819,728.05521672104032,407.08464811468139,374.5048092981695,596.90671915903886,285.80709334674367,178.64129977109508,305.72813948677043,147.81236771132515,104.44982319187936,761.1571863120771,726.84238055088542,197.29298702799966,627.94845253960511,863.10034037292417,585.24449405096766,210.40236535969751,898.4760191623501,917.17218911716327,275.9637055161225,667.01070834523603,72.796986015993127,640.67491023405228,641.45674202273665,126.17992352905594,898.41306206353693,907.85755154566527,534.8076447202277,635.63261877719583,153.58756841739574,735.49199467817152,861.79356984454535,29.835347057520949,826.06655603234083,198.26912242287634,0.32907616948529039,826.46682946652618,286.17658846964935,762.49618328820634,98.157357649854887,801.52187032847257,302.08620640316849,47.779236246385778,196.85263300349271,723.82838814912782,681.62518042297006,386.34671023877962,107.7493849019362,456.7465951916115,821.41489053667783,466.36604587129148,744.63084072558877,32.319739223180704,788.01851134542267,798.56612411837204,477.81930412360862,723.02219929778732,565.63682399425363,192.89285650950788,52.859426582761706,-32.361878074527333,-24.710825894242067,-34.39576358589683,-33.370163480292305,43.141487982631652,-64.896674967106961,-72.796539493213203,54.012434742648253,33.096958593183238,-76.528652146721669,-78.634779821189241,77.585924974308284,-43.885052349579205,16.380063598873349,-51.942223112242765,-55.847817085428119,-11.225432600756875,67.513873233273301,65.010682881519642,33.320823741806684,65.75983396444218,-41.004999336408119,-71.191827684330363,-56.298787756432517,29.917458118264562,-84.033269459131972,-26.623788314620111,-31.481610487725419,-51.283593389055227,-17.229370536662895,-0.34712954422139486,65.857161388623467,75.151923305758999,-30.019624352949979,-76.248341942442948,-13.624526560766828,29.602144058646502,82.519336562026808,84.944952540277455,-78.535189777631487,-56.12201267347421,46.325839398145099,5.0977459126214564,67.393405182590101,-24.540298827926211,-68.94278896399463,-8.7084097683162049,19.485330983111687,-82.173171337838454,18.132700675511497,-4.0009981048629406,60.76368912694128,36.35552961209023,17.826044962523255,-0.61884884292652498,16.21326328979184,-15.799480420115934,31.635540308644782,52.392265765668085,-70.717244145825134,67.38950360579679,-58.058313375015508,-53.217845946657839,34.320470865974386,40.110650986462957,-75.384203232531462,42.356246697665547,40.978756877304065,-68.624077332049424,-57.194864061997229,58.657341340108196,-63.652361151519365,73.688363764995316,-82.145490596905105,-18.865533729934576,-7.465139705828177,-34.401235713698078,-0.69199889410757875,83.843906902346319,6.3937842440324673,29.880445986731921,81.578986973742104,72.383651047013586,-66.708774408174548,37.506362628663936,-35.303658045601296,-44.564892093382568,67.742924487941366,-25.088413958031111,-69.489300195944267,-6.835856158349209,-59.266042187469708,25.770726684706322,49.346354157700013,-49.715656845032939,-82.294189522918785,36.807506707141371,-17.287945020245644,-43.642080354309797,46.651238379762702
6000,-61700,2.0217515849475607,1000,210.80107464992915,678.28028264923921,62.627398271611369,189.58002050245312,134.16964539457626,768.20851088809763,22.527840244913733,374.09194319311695,604.76615560398307,136.10088524848044,260.64067662993739,3.3292192195423169,636.14621413233692,79.252083129919583,507.9524248127168,517.07474649074175,92.11340214900936,388.98400055688865,848.55849033797256,500.951775578754,908.77975769579666,573.94974176217215,266.48998890279944,872.22626166714076,945.46464761229402,455.94210959338238,4.1126439619234247,703.90258393349518,958.93976482722678,666.44794225546741,758.15556799203046,377.36752003166453,602.16618257660105,830.8931780967589,560.80043592977313,380.95441337655024,1000,448.08963491044517,657.83990349639964,821.91661409211974,696.51380240072024,662.46599228023047,811.04109132645181,598.41080719772197,260.50840680658962,169.717114975502,138.93864529606202,171.59260419160393,179.91479394666595,36.757016022957089,768.66520089067046,146.85809871360445,665.24773813156753,864.35444922382692,348.96031869754756,183.80585304320644,264.61012957250171,916.75353164635487,268.6118931836159,384.31510954261296,949.31699288414552,182.35947478169112,389.25010386681896,797.10595584952443,556.44146084272973,912.16374351020454,542.32414596730712,770.94315488184202,138.36271513554345,749.15414641430311,642.077918769147,526.29682908694963,826.96180575432334,559.33048095431286,24.893281682825418,841.47645578476534,281.09428409255537,656.85455113051489,118.74874645600156,799.3165620493736,281.78058469778034,816.48788429250408,188.46638872982311,284.7213303707432,682.04776368130388,425.93942845608535,731.65762913026163,480.7194199601027,825.25748745511294,108.40422132151366,720.94941828868809,10.833504236849379,384.83963005374562,790.59158395488294,86.172758272762366,724.40847387783379,579.85197413089907,193.77556036692846,82.591710909808995,-29.977552255422403,-35.14048771986058,-39.877141739442827,-33.791927395404251,42.046145468575538,19.572354389699321,22.815977651395258,58.906728305281646,20.240577300199025,-61.626078442031222,55.260952268354721,8.5223012926405275,-43.847353900904061,22.383031313648459,-4.5530366070937234,-5.755397591443713,-14.212845050917872,64.660426147176651,68.847450653665931,-57.719175958239674,-42.208551474768967,-46.999465043209192,-84.031385493961011,-55.579144814354869,29.555765648099257,-69.811135279146725,-65.981403392925145,44.353139053729194,-26.958116332360667,-7.9388549060634945,0.048135386776821498,-7.3485612377050273,74.893279529689181,49.913907633034064,-75.9774637934146,15.839776887799733,29.0442365127344,81.119946343640265,80.571483775728211,-61.913088058918255,59.116054198454542,43.364452684694911,4.9820665075400674,73.416414285744466,-27.098108773583071,-72.423126570500926,-20.62025394299873,30.064932172312226,-81.345628322519019,17.146203872300504,-6.666922495608862,61.625247027210278,34.107860187096826,24.031782810622285,13.471963702825883,16.777610445770836,21.54824370427874,-7.0071525168808257,51.591407354391265,42.949307780316104,-12.727291375888129,-36.334950692920856,-44.084308003976169,38.043843737733702,48.28471894763841,-69.921922390436862,-18.309968617717342,-6.8606660970103599,-68.588452819638007,2.2803588754433752,65.637515114065792,-68.042749571029276,64.547955505327096,-84.019973028931318,5.4983794725567519,-9.955755536607839,-37.047334246564105,15.32952282537261,81.740546101632546,2.6206810657394213,29.071340750661097,74.040478470018215,-2.4556778384906703,-44.693601713012754,37.301089614095424,-35.992022662345043,-26.118988284565773,71.847656546837158,-26.464521854619793,-66.639135238232882,-4.2145515492260017,25.004172742306189,29.419975044647824,49.496381513518777,83.876814347277872,-72.729357069162404,36.84987709753748,37.13401645923809,28.192976732633571,38.700750190221733
