f0,f1,g0,g1,g2,g3,g4,g5,g6,g7,g8,g9,g10,g11,g12,g13,g14,g15,g16,g17,g18,g19,g20,g21,g22,g23,g24,g25,g26,g27,g28,g29,g30,g31,g32,g33,g34,g35,g36,g37,g38,g39,g40,g41,g42,g43,g44,g45,g46,g47,g48,g49,g50,g51,g52,g53,g54,g55,g56,g57,g58,g59,g60,g61,g62,g63,g64,g65,g66,g67,g68,g69,g70,g71,g72,g73,g74,g75,g76,g77,g78,g79,g80,g81,g82,g83,g84,g85,g86,g87,g88,g89,g90,g91,g92,g93,g94,g95,g96,g97,g98,g99,g100,g101,g102,g103,g104,g105,g106,g107,g108,g109,g110,g111,g112,g113,g114,g115,g116,g117,g118,g119,g120,g121,g122,g123,g124,g125,g126,g127,g128,g129,g130,g131,g132,g133,g134,g135,g136,g137,g138,g139,g140,g141,g142,g143,g144,g145,g146,g147,g148,g149,g150,g151,g152,g153,g154,g155,g156,g157,g158,g159,g160,g161,g162,g163,g164,g165,g166,g167,g168,g169,g170,g171,g172,g173,g174,g175,g176,g177,g178,g179,g180,g181,g182,g183,g184,g185,g186,g187,g188,g189,g190,g191,g192,g193,g194,g195,g196,g197,g198,g199,g200
67100,-69800,2.022277824388151,48.715747432875958,3.1813420124066711,346.85018636429368,75.472176911826949,105.23201767902589,106.83627756423722,822.35417288480812,121.44754142641324,392.55681197700869,615.84756255733123,101.37040623917126,329.48785161242046,327.42599505152873,72.783628197361992,339.54849023032273,605.757676492766,701.04197093137896,79.12268862811861,422.59601269856563,778.55515150985877,322.54347438002912,897.32011901254612,594.12582570181974,266.71899693356727,844.20229631916641,89.789178229054087,463.13727324476366,867.57555938943324,678.20922385674442,912.98889011913684,629.29196935324467,242.93426983081764,967.85801024185503,326.86450348678,819.60049027248544,547.22753377664037,389.18927079237204,341.49490621231496,409.67974080874012,528.76313873757681,876.46609628233955,210.82534191761334,384.71924525426329,398.85880973875265,593.78642285963508,276.00402332209359,183.49988005403233,334.67420238811712,155.92439336250072,607.83332211443678,43.885139457897139,818.60170713595869,188.63398870114358,665.92267485372179,657.19816112185833,559.69225342334164,440.59080132877784,919.26961792326802,472.48129592965051,275.13360195485416,398.59243447841203,8.2566183396375017,866.90973405903958,267.52164046859389,860.52081241156429,904.38494267525732,954.26840441348111,534.23831022582613,635.18830559909418,194.65225251056756,747.34869533403844,496.80399828404393,462.18211869925051,858.16172558124185,548.82253778406948,277.52957758420575,817.6921546746496,153.24814540683136,768.316105370473,551.12870906253352,799.43581244556981,307.5182856308578,318.11696290458144,152.55145834083439,778.23330314222255,670.19078938767154,388.71611607438371,792.01612799645045,463.71880812972046,817.61691781278103,134.02279730812023,741.54723489956689,1.4308117015186719,759.18317506472147,662.65289869964738,154.44532300881261,716.55655581096414,588.35312940282108,192.60423477257234,51.41586859558268,-31.333450876930943,-39.518764878021642,24.614378587718583,-34.747284828443675,49.288715204617461,-80.875330098592855,-81.441514318908887,49.527804344267302,28.886297722216927,16.97430180992199,56.830930117454187,11.367694422060405,-43.826809948174031,21.721543275527619,-47.943954008736142,0.380866241630337,-10.556677035066867,65.276807168135505,-34.210219118110324,31.890939941507455,70.120748875489909,12.874579542416125,-80.036326296794925,-29.071909870757587,29.587156859833552,5.7748975691569981,-27.153037099899802,-34.202202252669174,35.351013969402352,-17.064956802100355,-9.0873136298127068,60.38794468178039,71.283286628468815,7.7279654424579469,-15.912744746324405,-13.626759929381853,22.484490535435828,79.461977024497912,85,-62.211456148771923,-73.687192898426034,44.146724698122902,9.5453231795875251,-11.064601707126428,-23.029843337089563,-7.4804185953552462,-5.9800849003808416,16.372372956987576,-22.948281226040464,17.080402221420798,23.04562120206057,61.038165236966393,34.96365001444034,14.61448032061778,9.4231670153968885,15.966342276237256,80.718857423952358,26.625416737060618,52.431954188040343,-80.348369939871759,62.197647825795393,-69.087885603213536,-49.873184654899518,84.80281018353655,-74.921554265555059,-70.882665537568926,83.236556990116298,-9.755322807102992,-68.57605492814227,-2.7400471649795541,64.921165967391573,-70.886032978237495,-13.234298087586602,-83.59234873600218,-0.0024230177317101087,-8.4810898012893414,-35.416868504042512,-3.979655450340351,83.851398209234915,3.2341872904796416,28.463621655489902,81.825464393321298,3.2221889005056465,40.479602975352719,39.901674676934078,-34.542624788625631,-27.266013510191105,31.021186523334617,-26.538021951839713,-74.692188503275048,-4.4307922322370183,-57.770993410902712,28.932104596637981,48.977984534130684,81.344269294823448,-80.520422701549109,37.161134645745683,74.084606658403843,28.241473443150731,-82.346825299807705
100,-20800,2.0180855127149684,999.76632679667921,173.68439334585776,681.40876915978458,73.079694289376931,218.3322102148623,134.9593822015446,761.70352145880838,353.61806873942032,472.86233489386518,604.44101067645875,111.80395807969579,154.42663351988006,269.99484540858958,620.16211378566322,79.176970868100128,509.74382261123111,707.9741861043392,93.182574179127641,385.97367804522435,522.09117587045978,508.71601319183594,934.55520134616586,181.44146605358318,267.56683169403948,871.51718419120562,901.49956284409029,115.65056781501214,856.25777969967851,819.11372107427508,975.64514631273528,629.86301862620053,125.75983618051254,947.4349791312444,322.90684062087598,816.98442776129741,990.99829637830044,866.26281276460065,416.18185332353471,461.41047784844358,543.39684497738722,882.94699075441804,680.87068871298959,631.0754688309936,788.55246348428,598.34353081858001,261.35017854210002,210.32682521436482,132.14200034467163,174.89841167616663,62.02941641479498,16.426821399702625,237.02009058769639,196.1802172403525,627.74503129544348,852.0387274008516,348.97220898392271,185.76119374300524,295.15120228021578,890.59378838236728,272.28234497778658,721.97918754631803,942.06499870442485,43.335634926538631,481.11015883417997,55.802367325187362,911.55787302058843,911.58677582445023,517.31696617041882,786.80413953180903,138.38478017421198,735.69530365970286,95.56641686291762,460.11239952051386,811.85385578176977,552.90371482109163,260.36359234696567,820.88792849598622,317.11360387360105,776.49952019472619,73.696020727767177,836.40726815469804,282.35933900542312,290.28264835440166,188.89705618882948,716.18890079711412,682.11854053684931,384.84149067030154,775.93710842154462,480.3129030136094,825.40030475663468,471.66390507056872,741.77301023151347,12.090624702293541,800.67521822494018,807.53865815225993,150.28727254613761,711.67058241149925,577.20856480080408,192.84787993520317,54.484610940133891,-9.8620458299850675,-24.025962085048867,-35.019532790164313,-73.657228247397711,43.149748727262917,-65.339260159126695,-77.96816923555177,-8.5316389880321317,28.159521832658939,-77.351114563721325,-61.548390970703714,70.295908094946171,-42.976059304836802,26.366236981697082,-49.949226606316863,-60.792305000664797,34.769150507430894,64.518041328972672,69.614391054777656,-63.675651623499306,25.906485632660722,14.127972150983709,-84.92816564549392,-52.945191904975303,27.115621578030762,-80.45404695413184,-24.273443120465277,-31.846915282520619,-20.124010537966132,-17.175245190433259,0.022198090137245163,59.388266952151909,74.846974538972873,49.53981140961406,-79.042854827047563,16.795884500228734,29.038912862063977,81.130559106906063,80.589334794427884,-61.719374762305783,-54.494297094474824,-0.79356460175053467,10.364176464379279,83.332640491531762,-24.584168514996939,-57.915873776003068,51.449553863456401,25.749741248388183,-13.826964683185782,16.895139311871247,-5.2688906500299391,57.741970426830015,34.771074134459589,-71.189875601489561,13.721503606815972,20.827860361977326,-14.883106949385343,-17.158984403101815,52.435755779568659,-80.579249694624679,-17.383370029977367,-37.656378800985557,-49.310284058943189,34.481729603799863,45.494149489494305,-72.164397710136456,41.382156123770102,-6.3319346142851929,-68.618518207512153,1.2956613331867819,64.413094770032359,-38.394875720293975,69.373888286913655,-82.241770525248342,4.8380447927365706,-15.744265068596244,-36.848886221967135,-1.9610589223755972,81.49072523971158,16.158241317139794,31.976619360923397,23.856584918960877,-2.7191335672414816,50.79412017646289,37.398901872699206,-36.930314059558427,-27.258441887867182,65.950161256575484,-28.594289710496163,-70.225912269204798,-7.1152098586150441,40.399903338495804,30.619242096586575,51.331655542476497,84.100047967417012,-80.975236458716083,37.142360733806655,39.838745448866931,-30.002002670943522,38.015901934760969
100,-20800,2.0180855127149684,999.76632679667921,173.68439334585776,681.40876915978458,73.079694289376931,218.3322102148623,134.9593822015446,761.70352145880838,353.61806873942032,472.86233489386518,604.44101067645875,111.80395807969579,154.42663351988006,269.99484540858958,620.16211378566322,79.176970868100128,509.74382261123111,707.9741861043392,93.182574179127641,385.97367804522435,522.09117587045978,508.71601319183594,934.55520134616586,181.44146605358318,267.56683169403948,871.51718419120562,901.49956284409029,115.65056781501214,856.25777969967851,819.11372107427508,975.64514631273528,629.86301862620053,125.75983618051254,947.4349791312444,322.90684062087598,816.98442776129741,990.99829637830044,866.26281276460065,416.18185332353471,461.41047784844358,543.39684497738722,882.94699075441804,680.87068871298959,631.0754688309936,788.55246348428,598.34353081858001,261.35017854210002,210.32682521436482,132.14200034467163,174.89841167616663,62.02941641479498,16.426821399702625,237.02009058769639,196.1802172403525,627.74503129544348,852.0387274008516,348.97220898392271,185.76119374300524,295.15120228021578,890.59378838236728,272.28234497778658,721.97918754631803,942.06499870442485,43.335634926538631,481.11015883417997,55.802367325187362,911.55787302058843,911.58677582445023,517.31696617041882,786.80413953180903,138.38478017421198,735.69530365970286,95.56641686291762,460.11239952051386,811.85385578176977,552.90371482109163,260.36359234696567,820.88792849598622,317.11360387360105,776.49952019472619,73.696020727767177,836.40726815469804,282.35933900542312,290.28264835440166,188.89705618882948,716.18890079711412,682.11854053684931,384.84149067030154,775.93710842154462,480.3129030136094,825.40030475663468,471.66390507056872,741.77301023151347,12.090624702293541,800.67521822494018,807.53865815225993,62.457216433861717,711.67058241149925,577.20856480080408,192.84787993520317,54.484610940133891,-9.8620458299850675,-24.025962085048867,-35.019532790164313,-73.657228247397711,43.149748727262917,-65.339260159126695,-77.96816923555177,-8.5316389880321317,28.159521832658939,-77.351114563721325,-61.548390970703714,70.295908094946171,-42.976059304836802,26.366236981697082,-49.949226606316863,-60.792305000664797,34.769150507430894,64.518041328972672,69.614391054777656,-63.675651623499306,25.906485632660722,14.127972150983709,-84.92816564549392,-52.945191904975303,27.115621578030762,-80.45404695413184,-24.273443120465277,-31.846915282520619,-20.124010537966132,-17.175245190433259,0.022198090137245163,59.388266952151909,74.846974538972873,49.53981140961406,-79.042854827047563,16.795884500228734,29.038912862063977,81.130559106906063,80.589334794427884,-61.719374762305783,-54.494297094474824,-0.79356460175053467,10.364176464379279,83.332640491531762,-24.584168514996939,-57.915873776003068,51.449553863456401,25.749741248388183,-13.826964683185782,16.895139311871247,-5.2688906500299391,57.741970426830015,34.771074134459589,-71.189875601489561,13.721503606815972,20.827860361977326,-14.883106949385343,-17.158984403101815,52.435755779568659,-80.579249694624679,-17.383370029977367,-37.656378800985557,-49.310284058943189,34.481729603799863,45.494149489494305,-72.164397710136456,41.382156123770102,-6.3319346142851929,-68.618518207512153,1.2956613331867819,64.413094770032359,-38.394875720293975,69.373888286913655,-82.241770525248342,4.8380447927365706,-15.744265068596244,-36.848886221967135,-1.9610589223755972,81.49072523971158,16.158241317139794,31.976619360923397,23.856584918960877,-2.7191335672414816,50.79412017646289,37.398901872699206,-36.930314059558427,-27.258441887867182,65.950161256575484,-28.594289710496163,-70.225912269204798,-7.1152098586150441,40.399903338495804,30.619242096586575,51.331655542476497,84.100047967417012,-80.975236458716083,37.142360733806655,39.838745448866931,-30.002002670943522,38.015901934760969
67100,-69800,2.0031382668887385,47.271544276330964,2.2908169883234892,345.96654234066733,75.665637862407067,770.74483687904831,106.81031244209233,822.35209968131232,122.62049287493247,391.8112495191416,603.04929598411536,101.19043948439787,329.68880154000163,347.60081444205963,281.65420216653638,73.582679901392538,606.22511802891131,736.16364358951364,79.107700872555071,422.06051425887716,835.98248620297795,323.41618878991414,923.05022024904156,542.75592965658689,261.68732258587073,845.53198664229535,93.27033133638173,462.2630299625618,358.07040358705137,196.40116015279364,872.99351594877953,208.57996165951519,243.32709874081439,984.60317635511001,785.22272764450304,816.73694586723423,560.68164409658675,888.70034903441649,321.96246572024012,443.19739741725078,377.88300987653088,907.66384588871711,212.65197696901794,376.47750006342369,374.57651391039224,597.212304460881,276.02174983947992,207.00894603639745,323.69540985528943,155.74351993506485,100.62904226615129,4.5053233337272971,204.50998250226291,187.88681042518226,662.26885782336774,664.48591643794157,633.58996395830764,440.97611141198854,923.42497243846788,996.04618654307546,267.380241679508,404.54724813573853,8.2928077795631339,655.26071538310498,260.20959396297786,861.24684963193204,904.57242470732388,950.21877556612424,536.99611028272477,647.35404107577938,196.90914691160415,746.52189933221655,898.30064457195363,467.02030206224566,821.30173884019666,494.9652577578056,277.54076478718116,819.17042076927453,154.64613811524279,644.06134732737326,17.469699849609924,799.42740272343383,302.45731164059958,277.70964603061788,151.9046631570381,778.97136380021573,669.60910868080396,422.77869239917771,749.53835052126794,463.58423485085598,821.04877662939248,564.46480410804566,741.24150215815121,1.6721813119453444,867.6662851164275,799.17118962267978,146.2299653968399,728.1070291610971,608.3048674316824,192.55908407713261,52.622878344299089,-31.348526969053275,-39.517145183024383,-26.849678741395536,-58.279569036939307,49.466464871300104,36.537867238150284,-81.539021439913142,48.854144616200507,28.893983541861324,-63.971459205293812,-80.055280884691115,6.7959227396406288,-43.724650352677095,22.003637083320164,-47.945546736089845,0.32072083058514189,-10.550790043825783,67.753635230173742,61.625184619164571,32.367563915744405,-46.07831743843856,13.946627112848947,-80.113129850150372,-28.747127117891015,56.957472787232554,5.8497509233408893,-27.173654721214845,47.068639050947155,-54.476398181709655,-15.643554963044441,-9.0785682165448591,-18.389378127850094,73.129716615209517,57.378586795878924,4.5376496294926572,-13.620425895263645,21.008835611756009,79.51299943229138,85,-30.005182746306705,-73.68817949235644,44.164942722722749,9.609940526208737,-1.9131927989968274,-24.794134965495864,-12.842904732238356,-6.1964871616462407,21.99463481234072,-75.1693077871534,-26.429812898621002,20.663765495361702,61.045425895995173,36.087852740906825,6.6128213518466623,-0.28505512591984683,17.200423142108747,79.3502241949286,61.259727975929373,52.431394837895283,-39.202541830889494,62.200168634647248,-14.910400229478142,-50.652796205018113,2.3294517796429446,-56.439260644671663,-34.563895160117255,-23.626263066402164,-11.019982021952739,-68.623027026241417,-63.518395089608561,59.215190542042038,-69.643475440335919,-13.006609953813641,-84.131286137935817,-1.8119016070768548,-8.4016498319640718,-35.437926365507607,-4.0061251363076202,83.851652504292545,49.369589154290544,30.014567791732766,49.140631886440836,3.2741285403660698,40.491888410308157,39.727003968998801,-34.520875974167012,-27.258247709876169,30.75266102597682,-26.461823371674015,-74.680325350796124,-4.4325616687715375,-57.598822652825284,-13.611055766560064,48.973859044595578,81.3330829524742,-80.562538180242498,37.317526723626557,74.585685386477863,30.769221364196099,-84.318686868015149
38500,-65100,2.0562461653798469,458.46577300717831,162.84750699046629,679.8929029141193,388.11081097815827,799.53539972424244,157.01406333047416,821.98902685680309,133.07894295095622,358.65229459390133,602.91310314327609,370.8168740008058,273.29149751994447,324.0785122999107,283.64793860421656,80.785403203994392,612.1856849569341,719.56066858644408,65.656381533250752,386.61022476650749,796.41712927374556,332.05749879255961,911.51952339417358,545.73487221968298,270.52692457648362,845.23771452108326,87.105544885768438,476.40933565421199,909.95815317720894,196.68901608648213,84.474085085864317,220.70377037069193,217.37278472517008,405.94253652560383,799.53623012352705,833.63952901174423,461.24354760311991,906.36845699646312,423.07579854139311,134.18238948570115,549.11705751196325,907.8665631652832,670.81210386503813,611.7276725272709,375.12819655361341,598.34482337104475,272.19112018047736,102.38738031735926,316.22252985995516,164.44176637390245,578.22207775275524,54.991449898304268,209.59992223028675,153.49596669744156,666.78673956577393,850.30310518937313,365.07073619265208,489.83604756345466,907.89676725600032,450.50931839251177,678.30062787446616,423.68412689080446,836.90136724281092,18.431276436265932,652.56842963974145,338.45856626764385,899.2554891646904,899.54617152041715,514.69167340683293,643.79910484485094,138.08283640129096,718.65862178649763,888.68082877790505,476.14584684146064,830.73851299799901,552.65244295255911,261.14673503912013,823.43719164874915,177.66127445219163,754.55090599197808,74.36343502043843,798.14517233097172,38.916784045079623,684.21920374662182,217.31955870205263,755.80679796942127,681.77809695138706,420.09925364361976,750.48174978999839,487.66467108140552,371.38827527341346,464.82271311244415,725.25846514184468,13.281206996873623,317.64444085014185,804.29996593499652,413.82328209233987,712.48803090691251,562.33602079156969,192.34501207155373,45.744103391750016,-31.145295445512208,-38.645485241059021,-34.239847656301464,-58.62016340343969,49.80734880909106,-67.051223634810924,-73.74253005710635,56.50974123019877,43.933392442913053,-66.005677947783795,50.802972709516666,67.444234123716384,-43.79902178459885,84.410015234368728,-49.513326779761947,-5.4059857065206689,-11.399857494922319,67.717974441899656,71.494861212369855,2.2542967484790566,66.875274488490916,-41.638171675840823,-78.195995920513042,-57.098412170493837,56.996214546227776,-0.63508009539715715,-27.097734219748741,43.393464206945481,-54.736063839796714,-15.72284388682265,-2.513767727334689,61.742057812035995,75.029687600235604,64.394310405042248,2.0170534602056946,-12.12427827802977,54.047549636468958,82.868100184515527,85,-29.113187755385635,-50.940080831419223,-1.1077642083410915,5.0966891765640137,76.199761649071689,-24.81587130867301,-11.836391606453429,0.013731833062269522,23.671471206940378,-81.829942931484084,15.731468538962577,-6.3581966151614422,62.091216435434035,33.137318730905854,-80.313242644376942,-0.76375150073917908,20.924595934456455,19.618794751008885,64.427216215020522,52.320510536320235,-39.555454685398914,-16.97368564562602,-74.412678513650576,-45.639492421267349,1.8066553134502648,-56.333562418048707,-32.70023700988213,42.836662801656956,34.711290760471009,-68.476316391281557,-60.800975916829579,54.886042424750315,-81.603864018765464,11.469797385885331,-84.145087330146168,-2.1807845987934336,-9.9441061769684396,-54.875086411830694,34.067938932194537,80.381327145687379,49.908346072382024,31.538055585895442,50.888712525458217,-1.7715108866205851,45.411814497568194,41.008026912577016,-36.662010277860681,-42.971198405424005,69.957347330155343,-32.259458633310402,-70.038713552494869,-7.0060943805279194,-62.294948938727487,30.292951548908899,53.391807308697395,63.570639402251899,-81.122578567512278,36.988844630930529,85,30.543084990334357,49.834385878139699
16100,-64100,2.0216783919156822,954.55714072853175,3.3953158535495751,346.7699553328045,35.631815782427708,151.54566341878547,134.21005252711106,499.48487636300217,13.15169460499969,373.73431372586265,600.72080970467061,132.43869403556209,159.73233045989889,65.259075209127019,639.38570256163825,74.371602600682138,608.93954704840166,518.87601691194789,506.00409155341481,424.06291755895575,845.56094124537492,325.56565132577134,911.64911948932865,578.94706247461056,266.72300442376979,844.04053777928459,616.37185944712212,447.40130593878928,46.569390795855355,697.87372331188953,176.89528419464091,219.157688367654,778.17138574802811,937.55113801101402,300.63673759089846,813.65369897618973,527.55012660069428,613.23363917662027,979.33000167861815,134.24970445086436,459.50816256277835,816.1550061640487,680.88504829833664,406.88920840390631,345.04164530900442,593.83812126107148,272.44630257175038,183.12804483499301,329.42032858899404,170.46984814244604,572.60636495923484,35.350637210916489,850.00531105156801,147.15680121214203,656.49378697304894,652.53979260913786,358.79117710065674,201.66466526867998,886.2943251356678,993.3182661931105,268.9650089803846,782.08271094445558,14.132445453165111,164.70193356854855,267.98161749041174,859.87554608906044,899.31389896057669,954.96516077101228,540.47098862127962,646.97924341669682,138.39804541999351,749.72399102960151,929.09844016229647,458.31464734065224,826.76601200328093,176.48732079840187,301.76593097543025,800.82353957125531,168.89476579955581,765.62408899793513,621.73976009661465,799.08862571094232,305.96347297744541,168.76504320243092,151.3212059190945,751.66391543253667,676.89280787515497,424.37353354433242,134.07352092929739,480.80026511324843,824.84128980762694,108.71374050600024,721.44203159245978,870.24025389030226,750.14930965783105,666.83809546453176,421.2211400698713,723.79516631706701,580.06007048002459,193.82469228877389,200.73474538513241,-31.406974353991803,-39.5024438071788,27.66540347890254,-34.282238835112253,41.000231771026868,2.4966612550134233,-80.816453459703538,-10.093343265205458,22.775993313554196,-63.28815191271314,60.654450941994831,9.1228279517889064,-43.842906885107773,24.9074355050086,-46.397438198756824,0.5517832157472552,-10.301741962753544,67.476599204024311,-33.465781690478835,36.94447891350228,76.449320820589492,-43.580367213975101,-82.718859084617378,-55.023447353418604,29.192349737615288,-74.869978847797341,-25.71335623657459,41.082712352250837,-21.545357598989256,-17.601277008630696,-9.0744621287127707,59.376995833070531,76.553892392945926,-24.543673266125335,-76.678852150937132,-17.287746216630481,22.000175080079501,80.746327495002788,82.436684412169242,-58.436495107582921,64.160670601541625,44.551999998749572,4.9822185677732342,-15.121669977400524,-48.522562656699286,-72.688966006286151,-11.849754499743014,-45.212319270014675,-23.066422924156416,14.47188920235112,-6.6818362099220074,60.811384276371413,34.975123416888373,20.372285325367965,-0.98069011864956834,16.867046001442155,76.778044243647543,62.43319218753355,53.467022126234433,63.679754520906286,61.370809614565665,-13.97090256937426,-52.069234389456476,-31.452127187975353,-58.395898346770323,-69.931339225549678,76.0942217532928,-9.6491478220543705,-68.598737344620787,-1.5035519073365329,66.713326636093001,27.718806409141461,11.70159785614349,-83.99567631814179,-17.958695688640429,-8.5397013156288857,-37.839149454365604,18.381605350876782,81.561867685475562,34.045088618920055,29.924865547427661,81.048828335183387,-28.8101828439708,-45.70009442624783,37.350646741570628,-29.526266413561004,-26.035299627211263,65.215096547808315,-23.418338581265374,-63.52498300368395,-4.453820187173239,22.004785327576819,84.414598253869656,48.898359181683084,78.670773379532761,-72.844318407447588,37.582072201039487,29.108094472196743,29.438303431353525,48.93409779693603
1100,-42600,2.0009766831913209,999.76521821034123,173.71942639599882,687.66021525405745,72.97039746397941,187.47406112360446,134.95898793862216,760.79891639191862,331.21205434090149,472.86597862655924,604.44089875370776,363.47139835118247,82.607208654722001,1.5126823905960238,620.13194405945808,79.943387543002459,509.55996176416573,706.70516626351139,92.786299687192255,386.72360601068488,512.52821702506651,508.71465186951599,901.0692446884425,196.20961927178695,267.56804041920623,872.68132579181099,901.55765908565149,115.64747658367246,856.25111669825208,820.14576571790008,977.15209364749069,629.30603528859069,700.07159629864293,866.0176874244155,322.9595671280789,817.02772523993042,992.03180680121011,866.03502379758766,416.19020420405656,460.2614062595523,543.43158334528152,883.04256981230117,672.44483737164353,631.03039929376155,786.53156632153457,598.34680843719877,261.47532973202919,209.9307069130611,131.29787364837205,174.89633828384518,570.26689083911117,52.186179944790396,236.9938288382437,196.18352982255416,627.75484705408769,386.59476075961356,348.97224964996815,185.85780764309197,905.927855806651,890.5537402015143,273.05328654465893,722.3906922486949,942.06906250099371,43.757590901901438,481.15571781124498,55.814215584778516,910.88047507758415,911.58269206823923,517.31689097934373,776.03014107687079,138.38509516371641,735.68914952111288,93.154563344847759,460.11107189713977,811.85379738731524,552.6299587846438,260.36447781284733,821.11831309964907,317.76008966859132,760.96900861703671,73.541056520803039,801.77424333201475,282.35846140635158,290.13580732157061,188.90829070733793,750.98698109489783,682.09165083177948,384.84133149538985,775.94083705346191,480.31289003491139,825.39855144540468,465.36147222623788,741.6830398602126,12.145478649099946,815.84740131554008,675.68033854060468,150.52968891145881,711.67068881709224,577.20855974597453,192.84613138533896,54.460299465361551,-20.524798692877852,-23.473255130880052,-35.019459912299055,-73.882416519870432,50.010828727856108,-67.073218550633598,24.644897651841099,55.12225481510032,28.159828316677611,-77.344768664280409,-61.434926581184435,63.161556044023683,-43.057287605932849,21.66151204157206,-49.948899089903335,-60.833252429456309,35.759020949079947,64.856767906769704,68.535414469565424,-63.669690696546773,26.13009617952568,10.013456477319306,-84.928591584210068,-26.997614232773518,27.790304013407532,-80.420711843125602,-21.223734199918322,-31.844784217020006,50.217447111843562,-17.178373881426356,0.024081852920270236,59.234362961907621,74.801290457077926,49.539822827928404,-76.591273375611323,16.795863943133892,29.046355617031214,81.116278122862354,80.588537783077328,-61.719375438773483,-54.446067745052972,0.74840055469901401,10.393779513589301,83.28736166065724,-24.84171129325706,-8.1890748898106374,51.448661665807037,25.776339668321455,-13.035470893108098,16.907587001175212,-5.4520183800087736,57.786301659605058,34.771005693306741,-71.285471936781278,13.730748230502549,20.840134123729754,25.16434051011916,-17.727800478419514,52.435782412464292,-82.043185959774121,-17.408176825705841,-37.357861664187553,-49.126481386485146,38.639548409644199,45.501580573112321,-72.424843413455449,40.548229597544939,-6.3320306939340334,-68.618526965223936,1.8687255530514086,61.552226630283506,-39.007109079624037,67.652736984583754,-82.241787330214493,4.8377623330027788,-15.737485812618159,-35.946083455604068,-1.9482575378138964,80.32460465012727,16.158239671848907,31.336998505160246,24.034224899114314,-2.767801142167357,51.681457899429716,37.399514816962665,-36.386529888651808,-26.861012493758945,65.969188300129304,-28.59431057156959,-70.225510304590401,-7.0874970400489472,-65.232643016742827,29.016317708535361,51.201721918692357,84.099357978374272,-80.977299790361698,37.136307663951776,36.923613496830598,-29.999469728955738,38.178752463476833
4200,-48100,2.0209819794773516,955.67549445773136,223.00010906737276,664.33889600411658,48.658630958154937,266.55724527484148,104.34235340313144,812.12452180304501,349.87191477423141,382.43670876471901,601.56958731923817,372.97015432067894,143.0047801972978,21.468978472494072,45.56322096826392,112.85988417766683,498.99260247235395,702.78495179249933,71.252162571597836,394.65363116261136,862.79363644931254,564.16703519149246,935.88702962145362,569.46470519951743,262.41120924698538,848.21267793856475,984.53961662488337,465.35498661762063,317.44334733617234,847.32876943019733,123.16834995962608,229.74344161162364,755.29489050207189,938.23133786333597,305.75993078668864,822.03732358042737,505.72336509051576,595.00461874243388,355.69218392649333,640.88249728215158,534.42623934857943,510.62117735988215,271.73008257347851,636.8071314173477,365.22933576835396,597.12543220719192,282.14285054414967,186.38781113380469,117.31330984665057,175.82789049622102,29.392089121997039,25.504274254531367,245.49660283852472,195.44262657515634,661.25343590527575,872.99801973275635,349.40866989181814,210.99667034617354,58.880939565674652,920.19068897014347,269.70190149383268,433.51274728802798,946.34645175790251,62.89080524894193,653.01406162582794,69.732511562823689,581.7551552379897,863.34560255096039,517.21455697333806,643.08617423873056,139.58278731965979,755.08114980760388,651.65421347834717,524.67840286188118,867.51973434282138,550.35959962028141,11.223020503444403,819.85195422322943,296.63375042044783,759.19539905574879,51.522378552244312,801.20101056769613,286.38189538746309,493.56229994220655,184.66310623894316,726.96044370821994,668.15820935825434,375.1914393794047,763.51830260015004,481.46774671884498,848.29370323426599,77.670542238302914,779.1645537463005,12.050764771890574,375.76132733774625,682.84519326239638,819.73843003027446,715.66036951616695,588.5397822607373,190.32838606876797,56.224107789725188,-22.585697098340685,-37.512436750600649,-38.242883009740204,-35.059609281072831,41.938838227370347,-61.807342009716649,12.150377332668661,-13.234489462207311,24.843166808563304,-75.738834278855393,-65.882925890320152,75.466481266175222,-42.59075649285672,76.033547764286681,-49.857440611096251,-61.871336315226856,31.5357696266916,64.528854429955516,-36.398574336474134,-72.051177624745236,67.983958840711551,9.5303538402303989,30.917796482886647,-53.890903513813711,35.859847648486443,-67.228266111837769,-65.230584329224243,29.280523014418907,-22.345266757056571,-17.097580272458696,0.64753295338699357,62.942803755731873,71.931657403656942,56.395157136146111,-75.596964145306629,-20.57315495753388,29.016789806737332,82.901274270078346,80.442100717007065,-60.670370512535115,-50.876418393685562,46.197728285025427,5.1716387859263406,83.269842551303555,-24.346181073948905,-55.617725745713521,-9.6564398140446777,16.398020250335808,-84.586422597283757,17.044605631186464,-7.0656591939806468,61.14138835790488,35.327166895638435,-69.44622528205673,12.673791791170679,18.276124372643444,74.788125440581425,60.910297948362874,34.599328516803745,-80.360359849781773,54.055956089100761,-40.69362371703302,-43.554547197327054,38.624975466202415,39.992625352561006,-69.754786464605147,-17.683449373273554,35.138342811529242,-68.586117054227429,-58.412446528369756,64.553408011361185,-73.698847326904229,64.035550270093793,-81.965436514907282,5.209806647194581,-9.0586795737713164,-56.017930851439537,-6.6824055313750907,81.232608217561051,50.856914952802029,31.724719411085822,23.478175729266034,-32.317516988196957,-68.411754173217474,37.560775695319855,0.33888478786408882,-42.30504364587302,65.513949483616386,-25.502197692094928,-77.327301159621726,-4.2698170682902665,-62.901616053001547,77.076484281946477,53.847203998541758,-61.686234618509246,-81.894592782608171,36.971842951107931,-11.092931961271294,-28.428350582543239,49.583254977258449
200,-24400,2.0208289497783993,999.99532428363125,223.31310170444104,687.60990400148614,354.96262432395162,208.25478282667706,134.96724725776176,812.92961368058172,329.89248783641625,379.01056542309408,602.24672564588559,133.8620544673835,278.51935071708317,23.130374570874437,259.09089443063056,110.70962318651127,528.07780412364991,708.0315529721413,92.843416339813544,388.95180005451982,508.56454220445522,310.03680978628745,869.10849523660886,218.36590656948769,262.1434265029971,848.18217967671615,902.28938670812124,118.60931910856087,857.13345155961781,849.43470213442504,121.39156321395764,233.29018668462447,138.45780478092198,857.48204013992563,885.85061969225194,815.63875876040868,555.044202457712,382.8896819632958,421.40117261128574,427.83021386208929,669.26118418042449,523.89475490838208,672.53290053170235,645.56538463935351,366.56349834991983,598.22271501453383,286.06582476962842,210.42263298011306,303.16141727239091,174.09967492765998,188.6727762051392,36.176236476451201,702.74318921603549,196.30227428356218,629.3416370221621,875.38259847594406,349.04430671776902,209.60165633473531,283.38299350969191,508.23643788769039,274.56465428186982,434.69767245651138,942.38462910974897,3.8204067812216445,649.42517130216231,54.412085780535058,821.3364441917978,914.14949081700991,517.31885407626555,630.70896756985826,141.41070927247196,753.71028235858591,116.46171754354572,459.05682443001132,811.3865674241232,165.98104836597159,10.837641785450421,803.14623898096318,288.58052197550256,756.49892405099479,91.334639810124713,801.51987663551029,47.450541809257821,777.02072381549067,184.6345021799678,282.22178241212288,677.58840990657473,384.9418798455302,834.47161940580361,480.31589138329218,825.79242629572241,135.76076376243918,740.98217916341514,23.356438263259143,788.13397945820452,665.07097027165821,106.23347592449477,719.16531017726004,586.94823083794495,193.00985395729091,215.34914835102566,-11.427961290880051,-24.094874334455621,-34.183937514495874,-72.329703970365586,43.450953691056604,-68.122712627581095,-4.2136218714780078,53.810461293283524,29.16928395989212,-75.892319598079709,-82.749446318320878,64.392911409578389,-42.439771776803774,18.40620717886511,-3.011725022616389,4.9490172541077238,-5.857331585684042,64.815907461648962,72.138639731085618,30.883824707157444,28.638448885418477,-41.989532826273383,-84.856142786159253,-30.251107391080204,34.54121644974655,-82.46670346138913,-21.955872804562055,-31.062461638797501,37.253278209099825,-16.736594124548141,-0.31416802206438649,-14.831178778125615,74.789132723270683,50.276421375529829,7.2039826738507431,15.044923046565412,29.203866229907252,81.323225585759999,84.830295581672843,-61.721427069349566,-55.119113500706327,-1.266043379393551,10.792436493533319,82.544450866439433,-26.534655468833286,-11.045466860024227,52.03547511999448,72.409570174240613,-84.499127760981892,17.460369363819556,-6.5833071397942584,61.588440024508387,-11.010126118433565,19.56063274801334,-4.2325819192694407,21.368414662294679,-16.339604102258473,-11.886469100586847,52.433232588097532,-73.169904264087322,-13.021437356094836,-37.256616516294685,-49.005233740753859,38.642656972476502,37.487173996003101,-73.471306356069846,44.589011816369286,-6.3755609268886886,-68.62321289024058,-59.809500353375263,61.583231485243601,22.220718743484667,67.540193180055056,-82.241795376336938,4.8358338799601883,-8.6044669146939974,-36.517116265653883,-1.9482556165693734,81.266546603197341,1.1991183815780513,31.681343781408469,27.759608468111324,-3.4695382674684812,-77.369490440353175,38.713191572701156,-37.511237469424536,-45.35727848648758,71.795339257400613,-26.47653487550981,-74.573846468388396,-4.5469210657881511,-66.510194719323934,30.031008841996037,49.560078385087536,-66.866624308249442,-82.166508447723615,37.153669655618955,-10.206919668435457,-29.47532434838363,51.941026802003663
42100,-65900,2.0602527287046337,428.52923362831115,81.068726299243878,344.40062481502525,65.923290317416729,214.33236094614955,107.08752686521524,867.22844935688272,331.46292072693262,489.20982573688474,606.77450550090452,383.88733379193877,329.77327622697612,62.993626066663239,64.894417592796799,96.096921184385167,604.37785837872025,731.09100139121915,580.4878934024282,359.22936783256603,512.02763569794809,320.82975080487631,928.96892582138776,579.7032833441483,267.56212434621256,843.61778874882782,606.1627172300025,478.03620358341868,354.69478222978523,674.03141150823467,849.22819363364442,206.00638192889318,220.16947672869679,980.88002761853454,326.71247126753678,546.38313174823338,545.49871276610907,884.16720253889412,426.17119461430616,616.09695375298509,515.44964186517063,491.00205954582714,717.71024421139214,430.88308952737611,366.57843317074298,598.32914544418315,275.52520179650924,213.44316757336358,114.39971703499174,176.36830580790505,560.90053765712878,50.35695956623298,846.46957982378967,150.34086544844948,657.57819878082933,629.12830948305304,347.14931127551608,208.43746437753623,956.51426471323123,908.61082066924462,269.78089357308988,351.02908726438136,21.598298068432257,599.60135141444107,647.03173415117487,862.43861785582749,907.78796506057881,522.47452914699761,531.83544946522477,649.06138820332956,141.95505121461437,672.32516568199173,896.25976166944781,534.67911896602754,829.53933888102392,545.87278363665951,302.63049680196258,800.81675794056821,118.48810796667385,757.32053769104209,588.24259261201928,799.47661025145203,312.40414830707721,170.29257904073364,196.50351030777026,696.09942527298506,680.70359349406783,384.62877274574134,719.61929078757839,480.48844781389744,841.54601465547239,136.59268159032348,720.1789363009251,381.2660155596302,435.88953972525985,808.403178422324,81.631131174698609,723.45666182504942,578.99625886719866,192.87138155786593,59.339684396869785,-31.422483845258895,-23.204750129329543,-22.176550362481223,-34.063223731513098,55.182289401989728,-71.588218708895496,-77.388368313320498,55.223881204815321,-36.040238443195513,-80.250610851958143,47.657748455675652,61.39651506064196,-42.443914052989946,21.140791893018889,-2.4386598587382657,-5.2482178648506377,-10.777864786637929,67.531622475461731,-32.91393093807973,32.47257891605404,74.799861779136549,-42.311094288810239,-83.789114154148763,-26.648356683827043,33.879341313414912,-80.892267233501684,-27.507802132748715,40.839978668733949,-27.23484369503786,-17.067157093740867,0.35011284106235874,64.792765933190211,76.603532715593346,51.425575654656164,4.3833999882409174,-20.577103274420523,28.665163697357222,82.95911198952949,80.604785037823191,-60.699916988360727,-46.035042191136831,45.015762151079777,9.9751632522827762,-5.7642973815734102,-23.540380056835538,-54.406652582317989,-11.670572894007377,22.656940577399141,-13.099783643250994,-23.229510126086534,-5.9934869129045287,61.994975631368192,35.443549202926128,12.033163347490863,0.20245763031015529,16.398111702574248,78.703701869877023,31.402376293134427,52.071627879716431,-77.869308464968583,67.968105048819353,-32.570176985538808,-49.112699973545325,83.521470602075709,55.095153804711373,-16.293379195373195,-15.586844493227265,36.533521229217179,-68.620251927890209,2.3663774982370853,65.802083221682523,-79.520251812260724,75.709121629794112,-83.970392484915621,-0.31677597574881272,-9.6423826083432811,-35.612492173762334,-3.6791939583001874,75.235077906240718,31.235963542154948,29.876586845591575,30.496198289614224,-3.7476263858396521,-45.055856788125368,37.532903977227853,-34.411723526106258,-26.051428279358881,34.836922628188148,-26.392358629967447,11.15417193336274,-6.9325310296944647,-62.68813372500567,29.02806265075305,49.531886136711734,-65.907877023615399,-81.629645489498031,36.976997990192729,-16.087702434691977,29.380971818227071,55.099519257416389
54700,-68400,2.0199994997785393,266.20630408463074,4.197912012911555,327.25239346344176,60.198917399568046,131.66372719976951,136.60263291457082,549.00066155166223,333.22594839007405,494.44232711101364,603.20947851919436,108.9747688300864,310.91833250956415,30.137997947541521,70.082153073247724,330.62754171729921,1000,525.56700999067812,101.4029954711837,392.00516758725433,809.85825285836086,524.21993955952564,918.9708339186833,581.10631962328989,261.82149428417949,865.09317761259217,67.580866289967616,437.27340148246691,17.308419310940508,849.04072693733951,151.10852316956763,448.02314393113414,789.92092628005548,838.77608175078115,790.4806052487229,813.61264891413055,226.05171826666398,433.69901670208498,940.82944665024843,465.68147885555629,492.95709601327434,911.0990539783387,297.20408449448456,655.0563090174312,372.90271247943394,595.3597440207335,272.12252609370688,181.0942260845768,328.32557212468998,177.64360640107469,585.78661829866246,68.928530421800716,799.51822847433084,200.55538631438625,658.7942947602495,874.79902311507522,668.7630552229042,234.09495171829147,813.54023079810213,530.26240472000734,627.7291509211957,439.96755097099833,7.7897344020352453,670.57762573772106,260.40201463626715,792.49635255204885,955.03918876159912,503.57422240468657,481.08658989986839,636.68458391200159,164.28738571523854,754.53396724889467,912.26054425354141,525.56748880108739,307.88324538945858,526.0174241179933,276.71195295057794,817.12179137418354,157.86215411460319,647.53057609265898,550.21195446429192,796.77436688006242,303.32141255468196,282.34598718645088,128.00460632053813,740.26347906627211,671.00062313435194,379.70894126963816,100.08654245517025,459.08595465582147,396.96278302236249,491.66017441675734,721.97151186916835,26.177682485424981,371.45661022901874,663.47760287684548,431.33620874573285,801.59253503724403,567.30913717159956,342.74464780444544,202.9077304074514,-31.098938554192184,-39.541440967448004,-24.387701649145818,-34.784225444556448,49.712469193095785,11.571868644767648,-73.893943519834181,43.310891864600165,47.703784787368164,12.727642179365745,-80.299886250825864,11.408966213125689,-43.845261266486617,17.687983254725655,-52.515257147019085,-6.2371170663940143,-10.524599706224125,65.200265049120148,-29.254099815727308,3.7551725188014355,74.150903022188075,14.180719790329841,-81.297183340112397,-28.074816672444591,31.806557793769823,-83.880325611304812,-27.084124435570104,-35.007472512917175,-53.604215391616755,-17.073259929022665,0.81384195891215605,-13.589662768933159,77.042300506768186,4.8184551608366846,-11.147311093302527,-18.914697852167286,52.665367688439005,83.591397748685225,-35.32192238837002,-61.764683325381881,-48.680200168857908,46.01750890918408,4.9750713841005867,-9.4579117701053175,-25.805314924369689,-71.722431530084961,52.332431953270905,21.610905413117585,-9.6845622275132328,14.512330101609997,-5.464950992787883,47.730547845972545,35.30890377034612,-79.67564856677123,10.750516262732063,16.845383852557831,80.714895382265539,27.612585225741459,51.991059470803513,-82.763317704813232,62.213043134393956,-16.540322733753491,-52.964964218546974,2.8307851122155583,-65.398390873706774,-63.692300238879362,-17.844050510440141,38.084001002975704,-68.625944516076103,-1.9231253691926469,62.087306478816608,-33.814839434929937,-19.370394271908719,-82.840417060647781,-0.19726877446299262,-7.8514708005493308,-37.322700239696609,-5.266055540054853,72.657397524624628,-1.236618215838335,31.639953108202821,81.432659581432091,1.8918757888826789,-55.368605151625459,39.639025636658047,-34.821524414548144,-27.264917440580628,35.906435313047055,-49.10078302199841,-70.630355768647661,-6.8260432267335451,-62.228013758770096,82.077913033193525,48.834457877697822,78.597006565445255,-80.510853664387099,36.795791263624864,-48.245087020311374,29.641749614514957,-80.301777295102539
49500,-67600,2.022354170161238,360.10487890173277,3.8755797331560817,696.18617857568813,65.856093013607349,151.00301306319292,134.78599065353404,225.26400539809202,109.28830890887161,372.25336655601689,602.976755158797,141.148375764576,280.73805179828821,95.062510666121469,265.7817595214546,80.619625880303659,608.87736630866175,507.89845186160301,85.221841764263786,388.91831113784087,848.34847614911507,310.79444973357471,910.33326325229098,216.81860094934819,266.58589857358459,844.05190332846848,927.10418031075653,460.28872954862686,66.327821070143287,692.93718445067225,891.35639917141884,245.9726475167374,798.05004398353458,382.29046323726652,597.35331321814954,813.20026627875529,529.94157555364768,339.94857175506678,984.02649208967637,132.31814584406231,543.62949876077619,823.9260933959298,665.59007399947268,643.0644308245071,374.21355736508184,598.21591461583398,273.07229295551303,178.45123382726564,313.13368754804401,170.47396554997798,187.7058687871527,36.199476910186746,701.91978414415712,147.79012914447193,656.80612339639845,629.09320382384828,337.13772088610938,204.91513110745964,923.20684578406144,910.13947080501225,273.51266213054009,770.11967293515067,41.371173906772015,165.54705758448483,387.84211485785443,792.98816157401052,913.49798954081427,530.88829307712751,486.63425096423146,646.85246478078136,139.50830261977885,751.16036464474905,931.71822573371173,537.05873167501932,827.56551967788585,184.17653545477148,16.938462412126796,799.15450519892102,133.11894684212291,642.97946428725959,604.1435953545822,799.06126336454304,41.053997547852788,183.16430651340778,150.90600505852561,339.86218900496124,676.8890484280505,426.931897772203,84.674912096844707,480.79866104819791,824.55352880218493,131.67768399934567,724.70071824099637,876.57260832220095,749.83699789324737,660.69591765565258,416.90467623040547,719.23405280023724,579.73192230984591,193.84212017798922,199.01199729783065,-30.787236686191029,-29.722042228251745,-34.049844524932283,-34.232857492381967,43.318350553883235,-66.603497118175724,-79.884791853690587,-13.213528383421684,-33.232877492208686,-63.001118187966227,59.836339102618922,10.231448300866964,-43.845164526690276,24.63862129208616,-45.391291579593677,-5.9100786431302703,-12.607673875139463,67.452328475809466,66.716482025497982,36.881079813405449,63.912912422870846,-43.565194246431858,45.275525100456989,-30.408642310124673,29.097283587036909,-75.248929519223282,-25.714893347016705,-33.378500788710497,-50.484646761244051,-17.650856453365428,-3.8539197863360215,65.028937947736722,76.276662177615023,60.260473861229066,-75.431386737452556,-17.250385701070929,28.388269467058436,80.799723020863581,82.50433636886072,-60.647425424120179,-55.594086375767027,44.548041575819759,6.3127382030771892,-13.116144488616982,-27.248798117587405,-72.507752091028678,-12.153024548138298,70.389465153718433,-20.735497523840877,17.147806405583339,-7.517805505633266,61.635036184207969,34.994709262947737,19.589094294281363,-1.4136386748648209,21.518055591482181,81.319752209441816,31.120853095351336,53.413011185104075,-75.123655099243109,66.390985182902,-14.406235425694918,-52.200621079092549,84.240316216678949,-70.943449722984866,-66.795917628136849,-18.580701190202035,39.565049889834278,-68.585876360052083,-8.479065648512929,-8.7299875083753236,27.205591697810338,-17.78533242352864,-83.998756505841101,-17.951438336708691,-9.684766046799389,-36.967125602686302,15.050340328868334,81.587521800663708,-2.8513336657588559,29.851266643361122,81.029988970320986,-27.507521124365329,-44.595001615931871,39.614888676824918,-38.025168788475142,-26.199128174493534,65.245774613618011,-24.992536530816619,-71.145026400789476,-7.0111699806494876,23.66475395703975,83.416479585273279,48.848881051219131,83.506412964488817,-72.51606288935659,37.128174186895357,-7.588186169966594,29.357085968034649,49.292659549829885
46400,-67500,2.0028744724735339,415.8544490756754,2.2184982382974701,344.03052631020319,78.361525667235412,151.84441861698431,107.60378523376461,871.65885505235167,262.585567645575,373.14616575194276,603.03847804469456,380.53555672080921,325.12666003539573,57.538489874451635,63.923893251191991,81.098945224533935,609.37955793685626,519.27246154824411,79.275513895530452,395.69852753582677,810.40700899062426,360.67581770475425,896.63541957609789,543.61405751172947,270.36340030481921,844.12229705531274,621.35636645839998,447.68736248241021,63.186900931115005,657.30751854188748,161.08459175103411,223.69440183530671,280.36669719922031,1000,576.11311027918669,812.93223078996016,543.23993052462424,894.18820101301912,339.29832315867412,614.4089690404752,465.10736795395781,820.2572286100002,710.50850234046993,430.84557684324938,374.3356295723554,596.82237282032474,275.28590905871113,399.2276979755153,66.50087543955928,182.68324905839728,578.41375125179479,36.734150840921501,787.76103610381699,185.88427515750544,629.61026213750347,630.61234964689345,552.21548769623166,205.92863395769916,970.03735861959376,1000,270.66295973992351,398.48592173949851,17.880424430595532,103.60893594953819,338.44459706583535,794.35670469515924,910.06784123101284,567.35475815084783,483.45332834819015,646.8534828143504,140.38038494229724,665.72887799162277,908.91245035738632,17.043739978495864,828.96258350735604,597.03612099835004,302.11878569405309,800.49291038416379,123.39553420037278,756.97799395757875,593.8234870705096,799.48471999084927,310.51334853096637,177.62875477216841,196.49717950536512,692.41380527327055,679.43972893367368,991.4038411574129,756.06710692865499,480.50691964726366,841.64487385615485,132.51685786543879,724.54687857929343,64.715826865794043,862.03247194258097,793.34336599817584,61.974548356380069,723.73532761660249,580.46519496188967,204.5875899337214,49.968123498827907,-31.339125408618091,-38.49747646717308,-25.469022279492023,-34.08901161268043,48.086678306595118,-72.984348916099748,-81.748236515604603,52.228895559461321,-35.051691609361527,-80.194571750512054,51.339015027058359,7.2345121379241721,-43.874315343085613,21.699765796768389,-2.2935874401127059,-0.73231304066593461,-11.261937399779974,67.595404288625019,-37.460758431686315,32.425198153918103,77.74330491420929,-45.159477484127535,-83.669604040114905,-55.908815786546441,29.596626453376199,12.397572350137338,-27.379088327588491,44.321748826311548,-58.943109532300575,-15.770038092698121,0.34772614732895923,56.556537026928787,76.522099033174555,58.936590943780111,3.4923398223299653,-14.643471483217407,-9.6208619284064891,80.539536374944618,80.109251800961829,-60.671688669021975,-45.913773553002216,44.951117380125652,9.9628868086156448,-5.6508471720947409,-24.342272538232013,-13.686985162564024,-11.450060591154905,28.153854959591655,-18.020158795684349,-23.864800828495603,19.895288180840229,60.814854136067069,35.969052886990646,-75.134676692062342,-0.14193829467772301,16.414991229989834,77.62604541352934,30.811775106321363,52.452535962716091,-77.391731479432678,-15.613958381979252,-15.90052233712643,-53.447177483678487,83.21217404039659,-71.221603544338649,-32.240486320756844,-25.342368171398551,36.590805919731942,-68.586855628804344,-6.967460182376584,61.804877160579409,-82.222473532718951,-24.6001666225348,-84.136084383178428,0.099944309276387838,-9.6196684625361417,-34.447793461550255,-2.1932855588752171,84.765928771634805,5.2496373115678434,29.931657035367515,32.494266969624277,4.117617970195397,44.824521339980365,39.75372966758632,-34.614026784982805,-26.032099272691578,65.372708042677885,-32.080435642072665,24.003876845483887,-6.754717705175481,-56.668915053016391,26.549270241639917,49.532700416734272,-66.910030123474684,-73.010173172973268,37.36658581501662,-16.095786619757195,30.709684574550611,48.961112980982314
52500,-68200,2.0227451080620629,309.27054778825499,3.2315288862196381,346.89180221803684,73.238638129348658,151.38718963736505,108.33656034879533,823.41255259931495,258.61063041366714,387.48158603954198,602.94957124162499,130.25202167773858,321.27711369571284,57.595816223282689,63.924780154018578,80.974548705089745,541.30283766661023,519.7348315149834,82.475004981006506,396.09433655794356,806.1751969172368,360.42147167958024,911.40270667485379,543.91941089334875,270.26529232706201,844.12294418473937,647.62822518950145,447.43627198568544,63.191138633443913,657.8664010212442,156.07362572627619,243.56626669978732,280.55874519704236,998.89958707981202,319.5507597369035,812.94925346690968,542.84208204075685,894.50748461095657,998.2590136264788,614.56960863150664,463.9485612847912,820.26837415314105,297.74709885662458,420.97582064356465,372.76698727312214,596.8961870922152,275.33136162233859,399.26841552045539,305.5473564801942,170.92408151729637,53.14962415641412,43.345703116241822,845.45237318564205,146.7392446295286,627.25080944519857,652.75957805326027,552.87016230587494,201.79600372739137,878.79193811890173,1000,666.60787427296941,398.38686473396422,15.804287907524532,860.82466072154205,260.61591640839032,861.45300339948972,900.56211694275851,553.58282279017465,533.87361559119199,646.99484387364373,141.14756109297295,662.38228304446329,909.1488842270312,453.82367847590149,845.89006975077098,597.20835755953294,301.77706960554008,800.38034068573711,174.75944965095005,768.33787005155182,555.62811532798719,799.49088962191922,310.38600329688381,177.48109163210134,150.88455501226906,694.31060090223514,678.06879427759657,428.67492671381274,756.08916487119541,480.8997677284371,824.59989254806578,132.48622085977715,721.1313450665474,783.57296659559654,859.08719351996308,793.36436927326736,73.721491961269521,723.78282089615402,566.93666552659624,204.8886854339963,51.489356170420834,-31.342995176700981,-39.463313929740181,-25.285343421146635,-34.093124167473832,48.087011969250362,-70.314002060052815,-80.76565978904577,70.185967468756871,52.949423474827533,-64.516064089671772,51.541457725527856,5.8432621040171862,-43.874727529529011,17.312097041972084,3.2913117249362784,0.62283992595317428,-11.259901422003603,67.459383206352555,-37.460854848406278,32.414780199519505,77.775813428195164,-44.113281313286407,-83.644824120162326,-55.926023857951975,34.661839385475588,-66.692265129838319,-27.137266072226986,-37.293423224365569,-50.437951179724486,-17.54065882777018,-0.036038488554218873,61.418108859273659,76.557595452260031,58.967994983588163,-77.432660825368558,17.657947271090244,22.583217823550349,82.629790616973722,82.375360542190421,-25.009812259442356,59.886228104527007,44.951399541604168,9.9169589810015086,-15.949119975242031,-27.788579891171672,-14.028809186616975,-11.718582402170696,28.188783442311877,-18.224526805824226,18.115662570775427,21.079465548877188,60.814928569962603,35.988321947000912,-69.703183737040888,-0.96046485277398808,16.426018687287602,76.63697242444357,31.412292857935832,52.393604301439552,-77.370753495421994,-13.316207568873178,-17.126064779105235,-52.061039509045443,-31.767287252500449,-75.496661365735093,-73.939367862311542,-25.033206305199045,37.446981266258923,-68.587527011396602,-5.8046846348240138,66.680657909610829,28.178362848375706,-25.081957981563015,-84.193750571379482,-18.178518309865119,-9.7283866081193153,-34.414177196398647,-6.4988261323442327,84.643505177742227,5.083118619285294,29.931683487223154,84.221816723839538,4.3657145229943382,-40.25704625220871,39.610019117516742,-30.258870606905507,-27.220389489759309,65.965546692202622,-32.404858407250828,-63.436179240217747,-6.73348795019613,-56.708335143642294,26.549172185663924,49.555552735357431,-68.935934012144827,-73.139591855855571,37.371723953290527,-16.091565967518591,30.673249700156813,48.913882169551819
5000,-58000,2.0216110922899158,999.98694108547454,173.11083104187148,681.67391385824794,70.26641945762772,218.37132537024934,157.00521781471184,809.04855087490353,122.46226805234906,477.79291712923464,602.17315186594271,111.0845576580269,84.171416935772967,1.6448108106794734,623.88286578913539,76.704066529722922,515.58744930547221,702.87416359211693,47.089930703236554,385.71370264071169,801.1171364327929,551.41910263098509,935.73729790494212,559.2942709150833,267.64628663785084,872.63226003881164,944.34282009883748,114.94496594757787,327.75242875516307,676.36942632919408,43.57906086406507,648.3745076978862,801.98457045019609,860.22523433647575,532.28369383557401,829.29788538041601,986.64697647125661,208.24454293445314,883.78153990733426,633.78006715924425,670.30624925951656,489.68845205369087,680.71584492094257,643.76498544055823,368.15487433047679,598.42505634129657,388.04215014923557,208.45618971644731,117.55661903826687,175.63606693952292,566.57331708955348,35.139739548306309,763.97214092283434,156.73806263180754,627.90274367141842,625.13477506218555,349.32352698087959,210.857092726438,880.57657509597198,920.68706878350542,295.63457512574627,437.17390086566832,833.99609348371985,636.39460297376149,480.21612125844501,15.249228744890502,903.17621284319421,869.24703630659519,489.87299986492565,629.00525298216053,139.49955906561073,734.61329896115512,936.0978150596892,527.77739140338417,812.7059420270964,547.87629231454639,258.78329112768307,841.32631937851727,323.68761051888055,777.49127518424712,46.098608980539247,799.26703242063036,43.084134869378829,290.24124263562345,188.91484972210671,316.269177883574,680.41232306321137,383.63119297808606,763.13201609293617,481.01522055576146,835.74226296643087,519.3176357967468,735.11335790508326,13.271691731868001,799.40174927655403,802.4564090671596,107.90716136213973,662.39896436385311,579.04576458968893,192.95502585217162,31.550388536013244,-28.324558139274387,-22.347658155260095,-33.594972527328231,-34.158161544937769,42.894126550366749,10.573655245297864,22.199817731853109,-12.846510351638603,28.223217758048147,-77.346113022842815,61.168262290919856,62.895548417816613,-42.958905041607721,84.323277031750052,-49.137832294683157,-62.682566728179772,-6.3365060764600383,64.829242366203658,-31.574900587413321,-68.253128507002231,62.304860147666005,15.105052227571955,-84.82816767792545,-27.966663819170236,58.09667200959538,-82.355609385990959,-26.310834158320098,38.312528509683055,-25.307039777529006,-17.100069337064671,-0.44591520918397498,64.821434681741906,71.832134385765983,50.676492342661845,-23.114759972891619,-17.598317962283105,29.010454849070705,81.282247405138918,80.752327376818073,-61.667283608313625,-79.891245429317664,43.635104675680758,4.7444479581644217,81.727644289766459,-24.615457466860104,-8.6588835577396743,-6.9658964081297654,25.324332408033285,-83.551308574168075,17.2573223834017,-7.1022755573479559,62.30904565786215,35.428910484641335,-69.410252661387588,-2.1977899547901334,-32.879355946144216,-26.349936128834329,30.212700398412991,52.402091620655071,-80.588211497521982,-19.876160628912388,-35.277827541969856,-49.15304390940414,31.93443563699222,41.563578525479414,-12.976522855426211,41.8384990881883,38.717896917649107,-68.617794619949109,-56.168413535227288,-15.130680389217686,27.949082875475852,81.298740214669692,-82.621203073676895,5.1562726118935007,-15.917849863455139,-56.064975312788761,23.144370027948852,74.975371040300899,0.56848732886527031,61.642750365098365,85,84.014002356772068,57.684111632479627,37.403627980449834,1.5413555062644448,-46.635941370762055,65.903479494300797,-33.095318210463994,-70.496214887478388,-6.9957366525384179,40.1875768306152,27.123902824331033,49.800945732837974,-64.695833692479539,-81.68275961038249,36.80530201916401,36.44811972074433,26.505071011850987,16.214397811528801
1500,-45700,2.01838127306852,999.98621600723902,173.63086589236903,681.78369054144537,73.263306512155182,187.39646358234029,135.59079001118533,809.04406702996573,333.36783389663998,475.07003549851311,604.39510274225734,367.77810864396849,83.595919175861525,12.174680323656503,625.02008999591965,79.922723347716115,515.05741274556658,703.25461097915581,48.11410361975706,388.87852060996181,801.12323249127257,525.53927414133716,935.6309926365135,558.50587468074139,267.67918145176441,872.60117563688539,944.17208350396379,116.04168759515146,856.26091069283621,681.68786469172892,973.45362508578,648.49343356840848,783.55327483038184,904.50313765412034,535.25697664099289,815.90055669441506,989.23770989378363,217.24409939894065,441.21292991763301,471.91740962498017,543.87649219098375,855.93651836233096,696.0278047766077,620.40213890122664,375.80993742182017,597.72064203135824,386.67249423368867,226.93479148989928,117.56625148321054,164.64862898428811,589.80303435551264,35.112770476308008,759.78982543404777,158.07414805027625,627.90171938978324,626.84832251933528,351.41741066767162,189.28828774889337,902.75394350822557,920.70594543818538,295.63634167694232,394.75739234890955,868.67913962405646,637.11009755541261,484.99761424341676,15.033764645634513,911.48905156796229,911.95898206727099,519.50749960894007,790.07315070572781,142.08568508521824,734.61155549051944,85.955878117657164,527.79012552048403,812.04792101747319,551.203035331725,258.74845360483198,840.56280297910723,323.26912074378458,656.17703170754373,78.96498874975012,837.24277243995527,282.80441505566267,290.15184832003564,188.57206098844006,318.82773145621275,680.40788613831933,383.5842984662246,771.31313696066798,478.0334515824336,835.96732360094825,504.22648049993012,737.86836702757705,12.092587261928145,796.9370477104693,801.82128844903752,490.77691095658122,663.28920632335678,577.5906275748556,192.77946875982681,39.667080517672929,-21.824953787913145,-23.569647375850142,-33.885902290002264,-34.581729450916086,42.529867614709467,9.569323209256325,24.142392819985407,-8.4104968663344621,28.218606144446742,-77.353660942352178,-58.053049781485797,69.755788317808538,-42.967141342016809,23.023697216572948,-49.156166446321798,-64.219263723835084,-12.103324561479401,64.810864174247499,68.498736056126546,-64.266467043120954,-42.168276266135422,15.119741566601803,-84.54146394085906,-53.378499613243008,60.759242357861289,-69.845131760729728,-27.344050907513818,40.046390171352556,-25.228726823739823,-17.09191450510626,-0.52272404000396788,67.981738744294887,75.000953266503487,50.534647652619149,3.7879254279890588,15.520264070934841,27.604825304049314,81.142418507795,80.743554333749728,-61.747850299554507,-80.148071782083619,45.828859967216708,-0.65235216273006458,81.754414660505134,-23.554141008383102,-8.6904596161425545,51.705653165133143,25.758298673450629,-13.271532467782775,16.919802876454778,-5.5330713269051595,62.269743578941927,34.775890264439546,-69.402859271875514,-2.1330794574948264,-32.260612193711921,23.922776707317404,28.913113679607665,52.433923806747771,-80.548622927070227,-17.408120960134426,-28.662256228057881,-49.152953707173936,31.892549460941126,-60.938338249670075,-13.019651522560434,-22.997093894619113,-5.8927662804530989,-68.617835551684777,-56.332840812510462,-13.362798818421817,-79.526065977728848,-14.43595766142213,-82.632039211906928,5.1408555365598883,-16.188600696632324,-37.035447914556727,23.031314471638019,75.213198319630209,0.74631224130928331,63.1710787615553,-7.981888722790103,84.199744907432446,52.033520583868317,37.39477282727578,-35.850121293096485,-19.3814802026141,65.909459968652882,-33.005448155343288,-70.49429687112044,-7.1248375182643002,42.046841115493393,29.573274619122827,49.492021436126905,77.345512532556739,-80.880782406034825,36.805370698474597,36.492708403913355,-28.636520095263855,18.026698682382111
43800,-66900,2.0214803770632037,460.79481759122859,3.5329871169385934,347.7087322412342,389.84007919286478,209.9398121426301,135.15615238359405,822.36120986952983,319.55754633705169,485.3322263235051,602.92690594087242,103.44987398821802,623.49256307154542,332.83542314260455,283.5852554386654,98.346475788225916,600.57909833202962,719.41666385662734,65.662610987392938,384.22459068329493,889.69179822915362,338.07412766940934,924.65527898633957,553.52508564935499,270.40477433493629,845.23619828907658,161.94569217700973,465.93194637323472,910.15065707260169,199.93701110130985,182.39792934852585,233.49567570222183,266.12211932114587,414.6913426551788,831.24295132700968,822.41237954061023,463.54630181364831,999.19540175983911,458.392641065134,135.68653845435219,666.43942994982478,907.22800877487782,310.55354943699166,619.30525816646582,375.10247115155124,597.98430393280557,275.72341842925539,409.6036533147481,320.55137468613549,164.75790251429845,52.886975173403982,709.51786729028254,209.63893145210471,152.10259749537212,666.57516488434248,896.06853940113785,365.09939244212842,207.56771200567997,937.64944997393991,453.14179383868066,148.15112886291607,435.78133493577093,835.88441305135098,654.95747154262699,652.51303313580047,352.94562196305742,907.38194376685624,520.04910083596042,514.84122004120388,634.00554934827267,139.35781403138645,720.02049048778076,889.3731665931607,472.78910810198209,830.99996538995219,552.20440420207501,280.37275340200392,823.45888564275208,146.81781274961884,633.62974978744342,66.406360939836119,830.29429432308063,282.0839393554304,656.21494374112899,215.44409746548942,755.34122664696235,681.53601630855405,419.5771593986405,198.60119706518287,459.05150773712268,395.22753675118827,458.66581158720339,725.24769675590153,12.792983085526181,293.21253026935432,804.31590478384192,413.82368130757266,712.45076284337483,562.78428736885746,192.33718784006493,45.511968100506529,-31.145214615036984,-55.236794731673143,-25.256560751490525,-33.523175651084969,49.803276901901008,-72.142978213354709,-73.748905659556982,56.336091451159128,43.978177700550035,-64.514413807927156,50.086478184855352,59.117533930541512,-43.798927417664501,83.08694425793756,-46.852144865652384,-5.441051299140006,-11.416083741712601,64.720813221136893,65.184193514760892,1.8941712145373781,67.509607711576948,-41.548606310436433,-80.845959391716889,-27.458302054690645,27.683287419326888,-2.2889762559972189,-27.101213923068123,-30.267746152412641,-20.37539040761575,-15.71733247709637,-8.5742638960547346,61.699657348769009,77.537901102285574,59.070179422202614,-71.646198021569091,-12.069121010573738,54.379919589324089,82.23993067765511,-24.209669180196855,-61.472211621204764,-51.565702247538354,46.844488239002402,5.0978803082022424,80.64380948300257,-26.643274585932712,-56.804437714418043,-0.35817640262879591,40.261499845789821,-81.865536245573765,15.620190453803151,-6.3641484151802556,62.115735790785564,33.135120632840952,-81.855617557344203,-0.98721597598864275,22.078456685682244,15.357589467826696,64.206498958849082,33.554116145000393,-80.399900161453075,54.594832062319242,-74.724161066584074,-49.750825334519938,1.8256597878625414,63.898849024462038,-68.605015287817494,42.125365316307395,34.846789592406893,-68.474842209068854,-60.449774230520624,54.861037623146942,-81.843263943110827,11.065164708200964,-75.088491320653276,-2.2206252461844551,-9.6257581049801395,-55.185288591933627,35.120014327317158,83.795360331121174,49.761096296418273,29.625436117402142,26.261760773171474,-7.060460094252079,47.405016420734405,38.438129796311742,-0.91472080127471145,-42.528026885760923,69.952066817280397,-31.753967177202576,-70.038668768501282,-4.394224320174918,-67.503568921389544,31.844654159900806,48.918814619256288,63.627949453513388,-78.245305923987303,36.982816597880756,-18.39529425854467,11.205808955588127,46.547211857653345
300,-25500,2.0213403939116188,999.99075354052445,173.06535099992888,686.3811465734799,347.56793923118192,209.20583742721664,135.25768785596057,813.83553632523831,109.66178493188733,474.171173465555,602.13589718082881,351.36930424736363,287.93876905658362,288.99200805871533,625.18812350558198,111.89248225275551,527.7674737889804,706.71495140068009,98.147194679541897,388.95168106441463,6.823142699161906,507.90227377129077,870.44957881263804,219.86876884284644,262.19573708282331,848.59248077444147,926.29514349806516,458.59023638287556,959.9742554709045,849.71484067412496,106.29425964534509,630.95612948876169,128.72763589188625,428.60085194898579,333.79441058444166,848.02903912312411,531.58140877994231,368.68171478942446,339.93300616032349,427.35910705785591,543.73916442674056,528.10264581902152,660.78368764168977,645.11608557758188,381.08063396261883,598.22560882701009,285.8508123913449,178.67864919895788,144.94223603198992,148.45634383598019,187.03449879552369,35.990740463594896,733.35945666208067,193.24029086551329,595.17558499391225,871.62496431601187,349.04385513859131,210.14444507292632,924.86364948640198,898.52969436199294,274.55228502515774,439.75831240712017,829.45618008927056,4.0659291880072939,628.37235982683148,180.11828265644755,819.22568541820021,2.0684768430844542,517.41978400683524,633.39763676515463,236.18079345912747,753.58550589425511,592.81651835922685,530.4422374333368,825.2620272990381,163.96662871419298,13.577293928802613,821.61386844072001,288.87537558061484,756.34826978823878,91.463064986290078,801.76765861418687,40.603491035028959,299.60456856179155,184.50735209839263,293.23664468888495,677.54852492414693,388.10112930152496,68.740835236264388,480.37978595378547,825.7855101456214,464.83844336696006,779.11972449290283,23.204153574761165,787.82813015665533,665.12226343962755,104.38410688023868,718.83105559593548,587.16518568946071,193.00232300125279,215.23028194501424,-11.826111652347576,-24.100188662446978,-34.1525104028402,-33.778975128851556,43.336878176745167,-68.151277274604311,24.682105325835462,53.848125003106944,-27.191777144512884,-75.896459574258657,-61.164517110302398,64.382173101867082,-43.076616799821416,85,-50.126928521533706,-5.8123267332607229,-6.0893561082031873,64.81562023939712,72.035081230772278,-62.416595991138749,62.699342452270052,-42.756925366599454,-71.074216188871603,-30.281265960213481,34.745897635472325,-82.455920373438488,-26.950068507129934,-35.159245687161871,50.261257850068127,-16.732990782408137,-0.31641707185505213,-17.359412234853583,72.471649885455605,49.493698814418416,5.2753635053633969,-16.817003483009842,29.04171751937832,84.140400264173891,85,-61.81475989972666,-55.115026112342498,48.357623452970557,4.8947463076790996,77.609022342209812,-26.590102064853092,-70.654310588231624,-6.312059085455779,73.334244442268144,-84.75572372871811,17.46746860783713,-6.5958651706446956,58.046506351270963,34.702812241625253,23.599419344337655,13.855049747898969,21.371081664171751,-15.6951999963826,29.505927972324681,52.408692962444,-72.974352208552617,66.206193506709866,-58.054949369694384,-49.121188677310577,36.635658185181953,37.440943546529233,-14.804795335198481,44.426413388219181,40.231876905675371,-68.571227596776851,-59.911477722196217,62.209666314598408,-36.958470113069325,67.545307409449762,-82.239131987030675,4.9262752569803459,-8.5188097926498294,-36.50415760100509,-1.9480676372816284,80.349473267619103,16.176309862392785,31.369141123119423,81.105440865188555,-28.625670143422653,47.872220396048149,38.641497285419952,-37.537380169911707,-45.009187086868359,71.71251591175168,-28.577749231931296,-70.428024183213509,-4.6244073843173297,30.892706250376378,30.020176364186785,51.258469530694384,-73.544015082204851,-82.160135894208921,37.153294531319403,37.921218353785434,29.982220844371241,52.024456930355697
1900,-47700,2.0201095724079954,999.78346250085019,221.33985002347939,677.38775260691,84.316913959547989,216.51456937378555,154.94596046561816,841.10097988558596,323.6992617625823,389.09542296492742,602.11618640078018,372.16386265132996,275.099061248238,289.52263045279506,706.20057246102658,112.96833881548696,525.66309152747817,687.93955844116419,92.093564625786968,383.58523464966743,801.70400501376378,539.7456081218852,871.81319665347519,601.33364868024375,270.52186438008266,844.94934705666242,1000,405.67776739664112,857.73567397407601,850.7949171392969,123.47771676916867,233.68507672891181,218.22894384715951,955.96374850600068,871.28530706686661,828.20838290439644,459.54521700272807,595.69861002634957,410.38908746318509,418.96665272653138,666.0401539885188,524.19938429893841,684.56142433653463,370.22643711286838,382.86904504287759,598.31351674749021,285.49411090548119,428.02004146458631,117.07191702548923,175.84808974322456,93.194026352058543,56.715511147829091,250.67000671817195,196.7138730693222,627.88191480203716,397.68764920835054,349.25718768880057,466.03065819519446,290.138587524456,948.18081045971132,270.16560827183179,427.87722026877179,804.51991546981174,62.357208152081327,628.81133306283937,68.011690179933339,838.73199611724158,859.23736927972072,517.33188430285247,784.47935664645024,139.52160525384275,735.98214037001628,950.9500214859886,525.6474966645128,833.29410152980699,188.8637335492491,249.04139580481529,858.6001526604291,289.5888459724145,777.79886122554569,562.18322291238451,798.48995473630566,301.44299654155748,21.824527151660163,187.4144293562594,711.10046241161047,628.86545805610558,384.72562171011464,709.93720842865071,455.35925079680823,825.95558689251641,80.498921720103453,721.65594745033093,12.126235771022198,824.04926440134591,675.7312694538864,460.17343319975907,711.85240427852477,585.98958690670986,189.27894939651657,175.81923355551893,-22.815566252503082,-24.425263862355912,-34.027332656491851,-35.0342221059528,50.333745210822066,-68.215181723967277,-72.791284397054071,54.478472856666116,-26.32100471847658,-75.888665384569379,-62.028599772956539,67.31841232554801,-42.500574792671273,20.317726683251749,-2.78136044115681,-0.76492306380252817,34.620040774794859,64.7066593582759,71.467246755702803,-82.938406786345411,63.572736229766996,-44.741657366114204,-83.30496779836389,-26.198916312073514,57.21380149800077,-81.411126138547061,-23.31691730479594,43.62493057862148,-52.540676148516852,-17.22375293040114,-2.4660358949606458,64.872655329724154,74.924689558311954,68.819825968728424,4.6440061512627349,-20.643741125251189,28.91000101944325,82.904947818719037,80.567405807966225,-63.099591920094106,-77.82691654973064,50.402038560126229,5.027319864361953,84.973116603946067,-24.817122578881623,-12.825029678888683,-6.1111085240607395,24.738230735415243,-79.560042365588771,18.545930631772855,22.274209938453261,60.81011281818747,-10.377930022798664,-71.173225678315589,12.198853495792427,21.255489529492561,-23.767994025885884,31.016566152929016,34.938667202081064,-81.317873013220577,57.163187807050406,-37.502898686311063,-46.115536620113133,38.195680037474951,34.058983235056992,-14.992084246880994,-24.44399032000274,38.350308695534906,-68.624993281138828,-58.521256140283462,63.462303275088324,24.645002085292781,76.536185392060347,-81.966430959039428,4.9683432795276845,-8.786521070494647,-33.765454272531819,-10.652888634105057,80.301535611820086,33.571557517306964,31.72078816309061,50.191229525189243,-33.262129241206807,45.772642462258965,37.514527614250362,1.1112085099265394,-27.098397247440012,64.497128165052374,-28.34521778133302,-70.671615587548217,-3.3274746175356165,-63.005927911089543,74.728258135811885,53.454984319104227,-62.847666504494327,-82.426807428195985,36.995780402257154,-12.076665740172329,34.44429939781616,49.839531354563356
8000,-61800,2.0571044461615702,1000,166.38165266338768,677.89146373223218,66.639635329522562,799.46627911627832,156.22936715608876,812.12762957392226,136.10963855742941,366.87832035157675,604.35608392956749,373.62676218911065,273.89636099643309,324.07557410935544,290.99505672109689,80.79246579451106,1000,705.96343611762597,63.725352407093624,386.61922201605802,796.48931317258223,547.447549482255,911.37353262927991,545.68360226386767,261.90375326212029,845.09848061454784,86.172140575667171,100.16940021845565,855.40172234097508,804.9417783711483,77.337452541229894,220.3697685668775,216.79066650540329,943.52032323106437,797.67073394575971,833.68386660401575,989.00756999339535,907.06106064846415,423.30767489823268,408.40132029857193,551.21483618472075,907.86912213221763,669.8339573778494,376.34493199582539,367.15588975257981,598.34739531810578,272.09847356478423,105.57413524048738,111.17164036766287,174.85230924938483,571.66535099459259,1.9871611478585507,199.64077832496787,188.26680279655926,625.87255557327796,848.44615766293578,364.48764481244933,492.4223230088902,400.46824980815882,906.19278320702915,649.82265311223387,705.30668776927291,2.7428602616701028,29.018308955194925,640.97909525213686,12.807657546325004,899.15534534162441,902.39085598799238,489.06399383522216,644.23345396723937,138.10257107488735,718.64337867138227,909.38959939051517,17.487194577384031,834.04189654326956,552.69580184149629,260.28513693915312,821.77826036704494,175.29064745486846,754.58948902024542,74.079919156746243,798.04319405374235,38.498192684500097,289.80722950213243,286.21484214581346,778.45963805417114,629.08489883771347,384.92325201663812,749.80623987427589,488.30015479280502,821.14303547520637,464.90812765460475,722.47859613063599,13.266354444915262,869.36583299351469,804.75385950195152,415.2873198578252,711.88618113071971,610.03115740880685,188.87369306360267,52.698799221762002,-31.240612334002179,-39.158236038656391,-33.734764928509954,-58.394118535217508,50.281654248532789,-67.139748362063273,-73.997890077429773,-9.4926369905474104,29.480199338697105,-66.024602983821794,-59.84694578235468,67.405545891499258,-43.748538367992793,21.589077431792006,-49.576663680692938,-0.86116902083412583,-12.65598776405443,67.68379342242504,71.439963921142748,-71.841129675985258,28.200895133473811,-44.637912348495988,-78.223446514340694,-57.124680915894146,57.234834752996676,-81.459144818493911,-26.13264275463187,43.824998755941813,-53.246144833127062,-17.195580617830768,-2.5214302865502942,64.42836455439641,75.062617260866745,-31.471277010819925,7.2638556313044589,-15.840512195471742,21.112371222464791,82.853217150098487,84.994193996361645,-27.865860595342188,-79.793084339736893,-1.1802922640199114,4.9345801023179856,-0.54724000297758124,-24.819983392451746,-13.140919945488321,0.02264160993372144,22.300434776856857,-76.462041356049667,18.640073847832006,-6.5202740367588721,60.817759559504928,34.861897510509358,-80.294218762689567,12.139383595307578,20.909534866936738,-27.206098732179683,57.634731909725986,52.462562306297222,-40.228628299659334,-18.211834196270459,-39.512004013764155,-45.8300526561233,4.1150045520068943,-54.498357159930805,-32.900873699366393,-25.855850674423191,40.926688215200038,-68.61819050282071,-60.778010555268978,62.911793316771046,-37.349124023241416,11.467958319627765,-84.1130344529805,-1.4616993973864982,-15.965818564793022,-34.243160999369181,-2.4555589731459175,80.324737269159684,31.93189813580619,31.550039194606132,49.637758564926692,-1.8889646012698702,45.408504157294637,40.883891705366871,-36.341704629795494,-27.30282752382583,67.052775924209826,-32.241467200056938,-70.024566007606694,-7.0910608037127307,-62.253367038160562,30.27903023886395,53.470448153841453,82.716572887661172,-80.954232286032891,37.352869539083684,84.231939684827879,30.617573395749289,49.865981393498984
12000,-62800,2.0210984692455711,1000,23.689934075458144,698.40549480751406,48.460887222504731,207.48304468190651,135.00765596432203,827.54943489274126,108.76685891666298,479.47243173444684,604.40166460856938,388.97315732492274,279.74903511786783,323.43103274953694,648.92264215361888,342.82817733407211,552.12006647102646,718.41655939877546,152.17923449729318,395.30429496804436,791.54045314397536,544.04876874113086,901.36708195537074,566.0480782476078,270.14367036387472,872.00768886726473,88.383644678999985,466.37695423973264,23.636688511685179,819.20143386679797,127.00796280017261,630.0625533153916,19.328825104841286,121.37302008180717,576.8622373624587,818.90524984968511,979.55902307992619,374.78080852617074,452.98643207214434,409.52348415534004,491.29675077758441,811.26281562108363,650.81595058151788,617.03039890038019,769.76209047743146,598.41817347391031,270.58873777105032,210.4550672631155,330.29945816297374,174.21189873328413,579.58745218930574,42.708275517303846,832.45978366673648,188.64470699482115,662.19378819286794,647.98157136703958,347.25047725292455,201.30488196915633,357.50572297973468,500.08127397656375,296.5929781084472,698.10833412281443,22.458913599683228,22.380322700723525,668.91142200991771,840.16261487442762,905.30332334380603,536.65087836450095,487.45325256827857,629.87703131744843,137.39898546093312,726.90722882952741,923.01689117638921,533.2980981144218,846.31351771047321,158.1657595226641,260.34199276847289,818.47449186561596,308.08061135476487,763.70350330401061,575.11673655215645,799.31135706332839,31.033049332156878,286.13619983249475,138.45400869395587,739.41908535088953,670.99056850067575,385.01790136832881,54.84924375269344,459.00864519942047,839.6619808771195,83.049842617943426,741.47958684776017,347.16993850512563,795.27633859535433,807.34505734498759,465.15570666640207,712.16866359419305,580.01697487649051,192.88859796041007,47.550090242329574,-30.743390728243696,-40.328722595239043,-34.068955776148648,-34.057730335159157,42.121569511087444,-65.02609571305382,19.889172707367287,51.737925253701903,26.985328693875413,-77.398429467028024,-50.328814507607149,59.925530104872891,-44.153419518790031,16.712960301314393,-50.139062633526706,-66.067058637052142,-9.5229671038010419,64.878638389434869,-32.539259756828578,4.138372921182814,26.825864194239735,12.377202037969685,-84.904021417937955,-58.335706579360078,26.915210923167351,-69.470507826541436,-26.824823182770611,39.267419351991848,-28.196359878837757,-16.892655246480874,0.5541738967034453,59.910304750509887,74.925635139474238,-33.668838422328378,-72.245904546953909,-17.427676092356457,29.145990634273844,83.562274563214942,-24.551520583710936,-62.298285964815086,-77.52703638621584,46.317147187034479,4.9705251935912216,83.787349164603313,-24.760710129979437,-51.194631430246105,-10.593481895693426,26.836821253834511,-18.543917951365138,14.47165594724823,-7.5471886284351584,60.973960178737087,35.267137298603231,-70.328608924875539,-0.74514963332643458,20.970425094713132,-26.08132770660518,63.21629028700449,52.493733818417439,-82.074484253507279,-17.204995348730673,-33.864737678291256,-52.932934906220552,39.344480967197256,-67.187670597563155,-16.811077956861162,41.623998396796821,38.854874290040627,-68.487169649900807,-0.77567930481765224,62.550942909268805,-71.959292566309514,-16.377179936675823,-84.106959880343851,5.3358775718539571,-7.7231559007208661,-37.33904699939869,-4.3149250077022732,70.43723225889191,35.352231100889803,29.815491252488854,47.819691641713433,-2.158625839384344,51.367337607464876,39.731324583229856,-36.152302064336205,-27.277679482696279,34.205170673028817,-32.380404939774643,-70.212438876512081,-4.3773942895817761,-70.900857729861215,29.764863141100889,49.55067719972898,-60.775167163423653,-80.505717625397281,37.01136759836151,-11.005425854095432,28.283967121843343,49.295718112609755
65100,-69500,2.0605365024923774,82.195139819537019,3.8693174487598725,302.95892440082582,66.717230854764864,267.27386170349513,105.96698212371649,564.39118737360332,335.5052015026755,382.16541540243412,616.90916498397814,365.31431301891644,332.09250941795818,3.1400362732564417,651.01273964387201,323.72229646589079,499.50600396792731,708.26466473573043,115.39330852638871,395.57169545673901,867.16118675009727,304.83728238149376,936.41322845766842,594.18738594838374,270.56439134056285,873.36905728672207,57.094829779106362,439.99993144841648,851.45028646195135,858.36254031374131,86.676702791020773,653.78299407996155,39.451855377219957,91.02213687512949,887.47731835303171,509.682122775057,555.25079823313274,594.11952755773018,345.17179300029238,459.98519430477779,534.75217355651262,768.1146656110127,579.93697285432916,649.64899889474009,364.80383423604877,598.19702485892765,290.38655324204558,178.202961306117,123.07359118530546,183.17752040785169,33.941044633965177,786.93654138171485,277.56618023670922,195.7014111514039,662.69721933718483,859.18161588349358,347.44792461969985,221.01776273506127,62.601946788888924,506.85318265082299,300.62999821592757,400.91821144038329,948.24517281248131,31.480571274460761,627.52500571290227,57.16408081570254,575.21564912396104,951.9191943311082,488.03493128564162,773.0867926779473,141.87106789015627,751.33474918521847,649.75043398979722,529.71258021349274,826.03793781170805,152.48459633701472,252.96280899448368,804.01453888749313,278.11683928605385,757.51495090090714,72.138455788011072,801.55654482645298,280.19214877074285,762.55419733122881,143.43245936982362,776.05711256665825,668.04698854633091,388.48153010825382,729.13524240890797,480.18583891428085,827.33893532229922,95.666992105582651,737.30776394341592,12.266215641742958,329.01226045513806,664.83494303874033,458.23330135999203,716.65005241457857,587.03551453452155,192.42200527668444,58.258529958978485,-29.978622513070803,-40.438981879273761,-30.483996638957858,-35.110447164312596,41.943296803204959,-67.676128973831538,27.744332700128822,53.82446674087042,24.175071855121843,-75.899241969979542,55.490699963629424,64.38522184491076,-44.058616415563925,20.07995265251666,-76.094308696877931,-61.062513775391011,-11.829261705917521,64.774999979736293,-14.113611298491964,31.944514693781233,62.052695887294455,8.5606432403570185,-68.293036902901974,-26.71622987308065,29.885539094310538,-67.544907354998657,-67.098984931739224,-33.933394495679764,38.689174192565268,-17.075341067921102,0.72585439893368497,54.830851436335585,74.997435249457922,53.133208127153097,-77.459983101977002,-17.520355846580777,28.886616829059339,83.568634907160586,80.650569502143384,-61.837573490085866,-50.995841899512072,46.313116365939393,9.363986565435253,77.012761127704479,-24.790670952195796,-52.81502463101787,-12.830075869666736,24.977715150839401,-14.900287944978345,17.050467004083959,-7.1495685449040742,61.077864817012646,33.081354685907002,23.363283810470474,-3.5461006167116471,21.250719223899978,-13.679433847409776,32.355995315727768,52.563612306195104,46.200435308889666,54.746642543860034,43.029847911851661,-43.776359358408556,36.559427114987145,-63.180596797058357,-70.110800641949453,45.06198971881318,35.079343866780874,-68.623463824227102,4.234184034204965,47.130716304422386,-72.637490628241267,64.947157577493968,-81.977278069487951,5.1133863628353975,-7.5380880492417521,-35.486856131760128,-1.9376156939749292,75.955980550772395,0.86373325285905267,29.679315932547482,85,-4.6735046193698775,-71.524146513021179,38.688473981485231,-36.156727853897358,-45.060674776311281,65.644383222115508,-25.296459993467664,-71.075962172819203,-4.2726655629836223,-62.970458912981172,30.099518146906451,51.360870234444292,-55.817284293786749,-76.135190069879727,37.146046135724816,38.304972613840718,24.528400539691031,46.663907746496854
63700,-69300,2.0018427641183218,108.73368634935252,2.2561351378335113,352.39710798315105,74.591409151743065,151.75710971029434,107.58919232466748,536.94249742067791,259.62573209181016,373.11912745137334,603.07704248795085,385.93610148900325,279.62845697595662,56.371591590604282,62.220906404719315,80.798685602959424,609.38873656329747,737.53875513536354,79.442900986839106,396.38662747806927,836.04961074834182,361.66905268428604,406.17177476487984,543.84168114306283,270.11840648553743,870.08787702417692,627.2449692083602,447.22718467279361,79.182664062714451,657.01161215588843,161.16666211965079,221.13493885121798,811.96907003897968,876.72414039468435,593.24721923701361,814.04180624713683,526.72862074690602,893.91904293673167,454.65705767772818,659.79187919364165,499.46117176777273,903.58023972999149,311.36401530095708,643.34818559190558,374.31774122869155,596.99829330534828,275.35449629303969,207.10933497665195,66.987966135179363,137.34856052973899,104.74739225651933,36.723188651856958,788.20728603975272,185.45830054307041,629.28574592230189,871.81018273238044,553.29067524455195,231.22944066005428,274.27429012761735,984.79457578035556,646.64350763769028,398.59769541063633,17.877517637311726,144.4431727683548,252.22410128875731,794.1812970127429,899.2697829006911,74.227578250337785,488.50105155278186,647.21445338549233,139.71419800589149,17.259516837426645,908.76497128608889,29.05484956978205,827.85689398374325,173.2336434739961,300.97336117545188,819.02054044472993,123.51910005863394,639.86172891581441,593.79325408359796,798.02160382252271,310.78630312016378,177.5963590125414,198.27901099911074,780.33867817466569,628.6828434903756,975.81543842871292,752.18984268312829,482.14652259167099,820.27108433561909,79.930935950029607,724.55430253766849,73.978858650784403,862.12514999046903,791.36765888679963,418.78442087153286,727.56470411629255,565.81007624892447,205.09125468930034,51.474265545120431,-31.111015578582801,-38.959759792509615,-25.433093624398371,-57.784012930609123,48.094451518015703,36.241648040635312,-81.917089889279282,-13.639459407918903,27.6042785456563,-66.393175142237865,51.277110285839512,8.1419695892320387,-43.729331419845032,21.70872445049967,-48.700831411119239,-0.68632019824457835,-10.640007370504437,65.278349710516693,61.313254049935068,30.148575230162962,77.811808788438057,-45.210284848631119,47.379239177508595,-55.979921300347797,29.60555264673555,13.30977076628368,-21.994244562451708,44.17168636042814,-58.620213984209755,-15.777875267385806,-3.9330330284757644,56.934638094478771,73.110324323259206,58.760194182029736,3.5163391274202866,-14.600048690946307,20.780024476037468,84.920188626187368,-28.916856188598327,-61.325868360481046,-37.821561356097924,44.964685536926837,9.4674931833885019,-5.6591045815425716,-24.326406894489196,-12.807953022428883,-7.7009019772331904,28.021909936092676,-18.178422075540613,-23.833162597924858,20.191893820873439,60.817861943735736,35.974391668964259,-80.126738962390377,-0.11202271072183334,17.297153762028266,77.602604026844261,60.275578999769102,52.454152774708241,55.474777784278658,-18.698603539598807,-15.930594487814188,19.255110584586305,85,-55.555765624167634,-32.182115355289604,-25.338682077991901,36.270172097165066,-68.625788319679643,-7.0984739174355767,47.662695540689597,27.047824596605686,10.232346147170817,-84.136550876637116,0.094359071101286385,-9.6197408069651598,-34.299119741208528,-2.2674528215817649,84.765616511838061,-3.9522193876082667,29.934705250571767,82.560293705268109,4.6013905901995145,48.854486742305347,39.753992186553447,-34.62354379443677,-26.032097830016834,65.380285064965165,-32.103620932630378,-72.744851080662272,-6.754619789830187,-62.373227964528347,-12.006587178816524,48.88140702964035,-47.676264504190463,-80.951614257718418,37.336898628554017,-7.0552664469363506,30.747353240924259,49.889302320665195
10500,-62700,2.0213643495502587,999.21930101103339,80.399640800406843,329.67206216896489,74.194753722362663,208.16735881133386,134.82750199635552,799.29867649325752,108.56441382598791,386.76638749506503,615.3880820424373,119.26891345750013,308.58649096850667,352.9670460201371,585.64211808253663,81.470910648128182,540.04041126720585,711.81288895764055,153.29324148051131,421.62819689044568,777.40136223173204,555.24434038753145,935.68525357782619,566.1674666523528,270.12569237478556,872.31804866256061,99.57786630250132,450.91970941883585,44.001322127578646,275.1909904679527,146.69477300627204,382.57604151911096,803.38814666316637,931.33049219013753,829.95683396591403,585.95104263597489,215.73475434845793,393.26775445973198,439.94164545725829,409.71721457897485,500.12065200400224,874.09682819394709,721.32105348041091,624.63567664416189,395.49182323133977,596.829399005033,334.68478590757564,369.0219453633074,326.49109145659401,176.61819425542456,596.88130629937029,30.514088860671613,832.8440314919668,188.48152852137994,665.12188368257603,649.13558724631912,566.79421455243153,218.00245595463656,27.588162926601285,501.09761917104606,305.06177599362832,708.87833153174438,21.427767529623612,17.313739677869762,665.94578494053803,813.87782939863189,915.87732479212241,496.9563768929354,536.42294288031405,630.33221369336991,192.09266201555698,726.94571787391749,552.03861511031641,548.08984258513965,828.46375717685964,188.22854711221467,275.81654239302333,863.34986528040884,173.81830892506699,623.97959690669131,623.62271235436356,797.37926556543709,305.2179343267365,294.81321972252283,172.33977393169818,778.39184950217407,630.66969482682759,384.86850009105382,81.295976493832782,459.09389461941657,825.88320507955189,94.904413252527021,749.17729629735049,357.29116883607935,802.89273646839922,808.3521198590679,462.20690886168558,717.57409005985676,580.06302607249404,200.3648594852217,55.274947353580785,-31.184551646650949,-39.655157798989627,24.328732670376883,-34.815851656526256,41.432611646773431,-71.325879931256765,15.308857005831022,51.378229623182577,45.549328197612311,-69.520589519675639,-55.230345434344954,61.160595723649962,-43.851191431039524,16.588193103844716,-51.169517167998087,0.43172447635582478,-11.42440262308787,67.63275077890944,71.069436117764951,1.264628027764354,25.381988000116866,9.4651088498375096,-83.426082705878613,-58.204659434575177,34.822651210418208,-68.843407097500119,-22.634441469904743,40.448908835184284,-26.470364721243349,-17.177923423331571,-0.14685201778200385,61.614230626935274,77.163202210652713,8.9087311215293674,-15.012310336291222,-17.437604710650096,20.752811453136122,83.595833327054635,-24.938658384593875,-24.912546047526181,-77.532087735329625,46.355844027834713,5.9829480133641466,83.325106541159329,-25.735793550556124,-50.426232482073004,-13.912484777157001,23.181396289816931,-11.256453304362438,17.596528137283858,-7.5550358506440451,61.011493125320484,35.273100242765558,-68.038755471140774,-0.75270686255734365,20.905737452552227,20.491362305301077,28.518740366489567,52.386042740343846,-79.189173629830591,63.546710627063618,-77.020528125921146,12.684413513150929,78.134278656001271,-70.43213176731588,-62.682006502632021,44.766223453483391,-9.3360381386087319,-68.612321622357982,-64.027468324527703,53.714799857595388,-71.103080483678426,-16.303790776758994,-84.133926062654012,-0.17594503614953627,-8.499112173301679,-37.449696615192941,-4.0913003375236299,78.969130380452739,52.526568223128919,29.756441153307243,74.921255383728791,-26.201936783176521,-50.216391029693639,39.746303845816655,-34.342597793972075,-27.268960084095397,35.656404059452797,-32.090188632343704,-70.112157173182396,-4.3738465651320642,-70.879628461601541,-7.0161698248569024,49.048260215129702,-62.36977781822975,-80.508101243053986,37.027416335674552,-12.973104434745942,28.327866378622037,-74.205063853593387
5700,-59000,2.0592238480293399,999.76309551518932,171.86906233042293,689.09638622937018,66.816268951131832,186.66725529705963,156.93597977440638,809.45283150493458,117.02069656315766,477.48474123042888,604.41869884100788,367.75622771811692,274.0574084226588,6.965802839558819,658.85212594971244,79.610940864312639,515.49568371038515,702.87838905995602,587.86001862121907,386.72678574746971,513.23286222934053,552.20965720835284,900.19203661257245,579.65054218460216,267.59142246105813,871.99654586933991,933.85158134076744,105.97002715709789,852.97197473793369,833.46034838906655,49.773965002228294,619.55865409489638,51.194889585539016,124.53184458175846,326.41323772941024,562.48368517918709,975.36627183750886,894.66000141590541,416.48347459351908,460.29013356393472,541.67278434484854,488.32839601385336,673.98957667345826,378.93852634480271,366.92217373356004,598.3436035776698,399.1880897106974,209.69285396800254,114.65873392673979,176.22386048540631,560.6435252886057,50.944909556215705,762.56583357827151,195.88309116723909,627.6568971043373,625.47080197669447,347.17767346237167,214.1700144302128,948.97120199951644,920.35774750245173,295.20165765712375,705.98604102359002,937.91462047141715,599.62025111865159,653.19225938593638,48.302502834037114,907.77566879046583,902.39311432580973,489.42250709661829,778.3327473849406,138.35833179214669,735.69179062971318,968.56902908176698,531.75561503059612,834.00794048697185,552.95014609400459,260.36622425687773,821.79791909169421,311.87090413257596,757.16971092149936,74.078443332739738,800.63209687755557,46.185282512599002,289.82880477752303,188.83058482832143,747.54463659003682,677.16650368916191,384.91758669381011,744.35896944669946,480.60202654312752,827.16698440518564,93.087001157856889,749.70211398816809,13.336401646368222,426.90709061678979,805.09836417047097,118.4274421677905,712.89337695918164,578.99818588976166,192.8838070089781,53.773971291500381,-29.335248679516528,-22.329589103017597,-33.718505178256542,-34.063533263230262,50.724785511445909,-65.026668591291113,22.78591102763782,55.017058907776871,28.119175373412698,-77.34428322165283,53.550536505530744,62.819526559921691,-42.344671709964786,21.639018615600897,-49.917936758419089,-62.508298260070525,35.681665984717014,64.851920866467978,71.437302081748953,-71.345523371826374,28.277340102486441,10.060143722376344,-84.922321641573461,-26.63760376628689,29.559334418919683,-80.314825262476759,-26.049013976869581,38.69096117806447,-28.450938133124136,-17.178061089815838,-0.15042625816562383,64.780346617587014,71.902262841674741,55.727284072395136,-18.673332971247177,-16.005346093868539,28.820035124651305,82.875019368957837,80.592593197045971,-65.858470512626425,-79.781806799681121,43.637891180273172,4.6446103973487629,83.368134191107188,-24.938611948135701,-8.7998445503127254,53.62528562510203,25.190499448310739,-13.031881233588486,15.215787415746071,-6.5848933849776126,57.73560431291282,34.847357211581162,-69.497472985568322,12.06071745587319,16.41968674302888,-26.442119000357074,-17.722236996009915,52.200523149296274,-82.076448065354541,-17.508731933406018,-35.037360475894552,-49.132231820806815,38.566104859464382,45.56086120124737,-15.652424384188244,39.593655010730174,38.367281111174108,-68.620168157313245,2.338688280309217,-14.375667292807925,-37.51614999787116,74.177955938579245,-81.978416114685757,5.1519354655497267,-15.924104379845986,-35.639529065036655,-3.7456772970482084,80.323818349433708,31.22524739065453,30.516580159544475,84.075463419391625,-2.7234213678172794,51.248377415581345,37.554162927933461,-36.370188933887462,-27.319267699329924,65.847989055225113,-28.598656973575324,-70.197560135685009,-32.964768254611123,-65.233256562213455,29.017697456533536,51.43564701935351,82.883969903794736,-81.694799745834345,36.790780791760895,32.796994828687616,27.897157255500602,54.940944723567391
51800,-68000,2.059172551541852,317.21356658870104,4.0481203787413333,292.72135919527108,59.715870350413176,259.45321657502154,57.857613949072551,548.39392399666372,131.72434041386447,375.86915980672131,615.62196462616009,106.24965158746653,372.39180681924256,40.598082407872241,594.63457809099123,84.71673290114073,570.020977066922,714.89392135210642,69.183702019387738,386.98892144881171,797.60194725293093,506.90769218552521,922.49515988787755,581.6957152427151,262.02896663110482,843.92149244656434,162.95458051421602,407.07968071517183,857.60627781334074,830.63736832930067,128.67155571171276,628.59411072148919,835.16867478749816,826.09329720988023,871.32419580094597,818.60589414388858,547.04967254421626,391.2529374434597,486.58375935257033,458.55807839167682,513.56208640730597,805.87891856361432,233.58000854167918,526.18226949140876,250.36938275432885,595.28127344279028,341.80985514572325,181.43885463646725,324.50624604632975,169.45808034957537,565.66668655675903,35.134052179537811,813.33940543880726,189.31370546868166,659.44863806307069,874.87632110002153,663.29730857453683,430.19515791842531,68.700253275156726,501.45020248187632,663.78373879727189,428.88184233208466,7.7664039675741456,677.02013061943126,247.70618644403211,808.60147042442031,653.28496651347223,963.99806213905629,445.87923370960857,640.07706934317707,163.05964879516242,718.56760666695084,532.94487942854551,530.85495232561573,834.36020307384626,523.38578097699781,275.31607330727599,822.19386863138777,161.06825284840789,640.51167948960006,73.596673123167108,796.23774215949186,295.05560887261021,274.67540627279277,151.60913375492765,841.04115697509701,633.87326790405461,378.72871867717276,749.74101327857136,456.87403016770799,448.46849184512047,454.66703029112426,722.97851696108273,23.032469101922004,811.70943206541335,810.81104587602408,450.07265250894699,717.27298641559628,579.15371690378561,340.0062931537766,53.842091136302606,-31.085200286156507,-54.960954537766412,-32.572015594946578,-33.685477487924807,50.212505259425235,-60.596672952102736,-77.326427371791823,-48.082436188310353,-31.140310392048349,15.345423290567521,-78.120214372812029,5.2094343217616501,-43.723153289547,25.365873826515326,-51.258358273695038,-10.404903738706073,-11.469699213679085,64.965025619199778,71.153814111208504,1.5124387655285516,79.095611553788544,14.58719121779786,-84.897790290173589,-26.43877964963691,31.089999992594244,3.9674164720503811,-22.550594065344125,-32.131724598337186,-53.149707760381617,-17.072280058616411,0.68583337461189031,-15.186493348626524,77.024623694510382,-31.976133551090239,1.6126108877977359,-21.037156024505173,29.330305092044288,82.096736526468533,73.035660817413827,-61.69611897948058,-48.7574251257494,-2.0851504468481217,5.1239128066994954,-8.8654244974823531,-25.692805160070673,-15.665324933060141,-6.9187376449730289,77.827815040541054,-73.745482950242035,17.062070654399665,-6.3661607695156066,61.280833182719164,35.934550224803857,-79.970731485718076,9.8784353510828939,16.052485937216531,-34.109973606943448,29.89252515450756,52.382311072163731,-80.525655869471279,62.657009983248564,-12.739271556718954,-49.604891226948496,-35.61259378146007,-78.132973727534477,-32.468611882783605,75.970783593128843,40.612095790039035,-68.611681880925374,-63.327513521785349,-12.967609381821632,-71.239308566585393,-20.905676854685044,-84.871135795943331,-17.43772428515431,-8.7545446629554569,-34.283726410626535,-4.0373343842390987,84.232468200017109,29.260606753094645,31.606166141100076,75.694170979237867,-28.724424873279894,-51.416918361757823,39.716744298002901,-34.994963617509917,-27.271529131566254,69.456207072827183,-24.692253276484784,-72.354295010084869,-4.8013643466725542,-62.1595998968386,-9.8129314336795925,48.848265249783537,75.854154133277547,-80.524467928496918,37.022675652295888,-45.442051952468518,29.636968455837017,45.403759989946082
40700,-65400,2.0566096921282564,419.83702788564386,164.47387894031482,684.37086830730925,75.540692832922744,795.20952431300543,156.75532256600457,811.66214614082185,120.09989683097201,367.15368951331737,615.10133703975441,375.76789588110876,277.93129557757271,324.15236786474054,317.64991438932486,331.46134874315118,601.71495106425436,706.79489669285942,64.86323757596648,422.64595245525152,778.94948359334217,321.0903717453603,910.34844285562792,593.45059724560599,261.97274741811384,845.06166745632504,87.39862301678528,449.45425165618383,868.07794437380676,640.53786008830502,957.04209242279785,222.69958282897804,243.01209012024827,943.75087636014416,333.01804576242534,819.55955278629813,559.04031959253757,900.85552258604037,341.90757813513602,399.10105808579277,528.2211166084993,659.72593499470622,673.65902886209142,377.12914242255903,366.92293525830627,597.15050220414469,275.37752912515492,168.03275071450378,329.86318858296153,156.49824795179424,570.59752252669466,45.266645993214027,821.86599350522238,188.09968048594126,625.23688352515137,853.81679505086777,346.74730293653624,196.03353480681983,396.51900625636102,445.76720894194762,296.39433760678492,406.21696198701613,2.5827118321991698,888.10211314631601,269.34191904256204,821.22090547670678,904.40865669903656,899.2587558501981,532.02011198135926,635.21042404662046,194.72547858924275,717.6206027550312,909.76289593417437,7.1690721311790924,857.71165194585353,548.75655239320838,260.33520555174351,822.11749120283866,175.22501345752946,754.49139747417098,546.81778264142406,798.04904292796937,37.216430913035282,289.86630694077837,293.78211102848712,781.86173292616957,629.41593313927888,385.01149510594411,770.09448513459904,488.55314486353046,817.64382806651463,479.19330775228946,722.83682641163773,13.393833700314726,758.43361464866859,662.14449237668862,415.73288269603495,716.23507621160957,610.5067546921448,192.52342068059446,199.36355068088272,-31.246851106278392,-39.155982653344253,-33.589954977230548,-57.67167807132104,50.265455105359365,-66.957147616885521,-74.218429798477658,49.154940052602399,28.883855385522558,28.520083244579318,66.325499650031844,67.252722146819593,-43.743687329031886,21.589673747927733,-49.470285237015254,0.35440913296276033,-12.69438873026529,65.147411609567115,-33.153862408183102,31.050846531983677,29.463836912310121,-41.184074802348178,49.690269418832131,-29.72441246033344,58.993147956091903,3.6740749915287125,-27.453461336575803,-32.569585004112859,-30.116806931895692,-17.066663410365233,-2.6051645169787601,64.58219786700522,75.306727291920652,-31.207786949752752,-15.548429726383008,-15.885997026104324,19.897329594230314,82.695475933056287,84.994195371464173,-61.733271543123394,-73.964552393444364,-2.8023537791959967,4.9936618248550797,-0.50192051473108723,-23.057436122058903,-7.6660747664783999,0.093813018386948333,22.051542428589482,-21.708330226060149,15.976612564388912,-4.0343071637262948,61.037949510080104,34.860093008252129,12.291713741287651,-1.2047165263635966,15.983669792417309,-20.943223994573806,26.98609198161612,52.46241406394347,-41.228886120313199,63.523309385028242,-39.653021527938641,-49.795971698239342,85,-54.182634743266256,-32.919701159732426,-25.844224451191778,41.074477946314744,-68.619020199989905,-1.6554627392470067,64.908706531969187,-36.729350576708761,11.571646230713363,-84.102000981491045,-1.4995330708257328,-8.5588455950539313,-34.169122870535354,-3.1220359660906567,83.759927540346368,32.855751056714432,31.915900761259216,81.486583966233724,3.0933916487463327,45.298195075393039,39.882616348917431,-36.288103994741071,-27.302912896791913,67.697948859861725,-24.901404148178383,-69.900058478620366,-7.0634113531531382,-62.283232966998582,30.30587561837595,53.446092440532823,82.722092951643972,-80.947961683013901,37.158693638973482,84.178427535044932,28.361083860331945,-82.961564087213915
60600,-69000,2.0218487781666652,165.54168286822517,5.7119724854309979,166.9055484460618,82.044054658328434,294.91695894670983,133.47187943284911,820.170760443532,317.80092867946405,372.3150106626324,603.05607522824459,361.56682959777072,124.59670017208006,60.725249104182751,592.21891669061836,102.56856405659796,548.67497712537784,731.46302118591984,166.34348104682442,394.60822024351052,832.04566449936465,548.9283393213351,928.34372388650922,556.93513981476724,270.130573969968,843.07825661152049,1000,451.01366562162269,41.004446717689945,239.42352520693368,170.85838685092071,190.34348828790979,309.27818574445701,879.4750822014305,590.18819341878816,574.75208549181161,538.67816965378893,370.1123844093583,937.28997561903509,651.2141779037737,501.93696677895326,876.54155981322651,698.83441644329821,402.07856020532881,403.72514798536258,597.04713489605501,277.60069717472351,373.38547599445133,69.16660830290499,170.34393361111441,580.79343424059527,45.954658115924644,832.99449231503434,189.35868757496621,665.35587905028342,652.36925505749571,667.50237212567492,196.80474674730544,362.63326037501645,497.27223124705012,276.94220679060709,686.86886670959609,873.54820676745453,9.503979422683642,253.74080173423846,800.84692799824825,910.28609927455432,16.642631220808624,489.09739187586547,639.94279467123772,140.18159436461372,727.6689790240747,537.47340433340025,524.43820079432351,269.92506889303394,172.64728104299951,277.80022166022286,818.03959179323328,171.2510688223702,764.71034962985686,623.86366851236141,798.96578668141672,119.58439056395194,41.696535201328004,171.63575237195008,741.5505851903041,661.28297213432802,385.40522474282267,687.79370680455918,459.05272606569912,365.87098820396216,82.97106973377123,750.53650276470478,92.299717846945981,786.71196724473452,806.75995290893604,472.80282938338473,727.83095865047301,579.93727424467863,192.88763212461652,193.63026015608034,-31.332058616785471,-39.663375797471687,24.639907426594654,-34.706344990025322,41.340041088588613,-71.462671288810327,-81.931441302649006,60.737366426910079,22.519172419638821,-69.496795423559703,-58.749013062533237,3.5451776397258783,-43.845973919083555,17.967671684440198,-70.877019562624938,0.476996306538787,-10.081837426760428,64.911355896833612,-31.063020712799567,5.2948302909485534,26.595966944777011,-35.37485428896305,44.390371572991477,-58.37295370190057,32.185298872767369,-70.219043582466071,-22.670709348301827,-47.236365845716385,-25.583794117119066,-17.070031880085661,-8.8487498637993802,60.016341889536044,76.577892201482271,52.119898904530544,-75.387698352370052,-20.801553960585224,21.194466158838459,79.574867515561039,-29.632212544676729,-61.840106624556043,-44.326810663883123,46.356470112161389,6.1366673278726482,85,-25.721902233832498,-54.896913091507287,-8.4398534055431114,-53.2456328340376,-20.051806050195928,16.17855799304786,-7.5269125824139582,60.990539881444676,35.308976105327183,-69.321754290741183,-1.0868803460699688,19.123428104752819,77.800020388551189,59.396073657390488,52.621762982890161,-47.388594110911484,63.568662638577223,-34.932698993462807,-51.9678958722183,74.754105918568868,-69.799642320207482,-65.053162596814417,-24.294333426430143,-10.039089416203929,-68.612397566640254,-65.819673130502181,-11.016329328872345,-70.523046666780715,10.54680207599632,-84.569420993240897,0.59162026668108325,-8.4881070685354807,-36.196867126637159,-4.3104218814553779,82.155098524265867,36.054808742790982,29.921309870886915,84.037806369978924,-29.608383596787121,-51.362919346682432,39.746097123211058,-35.417339486787164,-27.266405455250137,71.144165849036938,-32.384822384511573,-70.113553897165957,-4.3791834968945507,-68.539482090710393,83.016550551775097,49.685063347669384,82.817474844515971,-80.508333810057167,37.024517438241084,-11.019740005914411,29.315173115752405,-73.389143513049405
50100,-67800,2.022249455331008,351.9503553041294,3.690286814414105,346.74229283932232,29.591840275622275,153.16576229056969,133.42939545623355,828.28928810559432,11.888284563453254,378.98049161142717,602.97695464970934,133.2104892397787,159.7741257070241,58.086793186848617,676.97240630089664,82.366486074002594,608.94099424179592,513.65905287285511,85.397868615235694,424.03768724981484,848.95688859778863,322.8344607788631,911.9115052795828,578.7436153009977,266.72548165293779,844.03857100243169,616.89162496964673,447.7905577325929,85.452766197975848,691.48711320094731,913.56136121787404,245.99552352668928,793.72395901055097,998.45056514958048,328.47292205786073,813.50632990049758,527.8696431843407,934.87694257243538,984.86676930422323,117.36975606042847,532.87324311190309,814.64113328446876,676.34017133344469,404.69634296989557,374.26223349010007,593.93395055672852,272.36064849994131,183.20188922968785,327.97583390003746,170.4780581824416,572.65575034210849,71.652536257551731,850.34512356463267,147.03992384605897,656.39501921975511,628.11028585727479,352.45810416720104,201.73054794652685,886.12849585469166,514.2331468996158,651.97540313138222,788.13415071253587,15.729440996010664,166.36608029987045,387.86212725986047,860.01114906479506,910.74919221176538,532.22029832202315,533.66948110339035,646.86302253562872,140.32985668321581,749.96838917542379,931.72596322707591,537.05517279004368,830.3924287235368,184.15688837347059,301.69954258433512,799.19726968561031,133.72156188749977,640.49260369848275,590.91804309758322,799.09264058918302,305.96462922999171,168.87260780677337,151.66231426203447,751.62617777614741,676.88158837863739,425.90007761015636,131.57402344852909,480.80715974370105,824.58943864149478,109.96008605338938,722.17683486743147,803.63250122124236,747.48792007181714,669.25267104985892,420.67675068848712,723.7519806691588,579.8896310658339,193.82304187632749,200.74025022542489,-31.407645650536701,-30.236395788068759,27.684815362564475,-34.240820345184098,41.444931550706144,1.395923901340332,-80.817035518947733,-6.6059549637828141,-33.59240310229896,-62.219060290946707,60.231439210917458,9.0958878840721624,-43.845507159884924,24.590443255431502,-46.414408116720544,-5.9113606352450248,-12.556603940731179,67.491211492956893,-33.455964459099349,36.940273142034066,76.562276747200116,-43.565323950453958,-82.710029666000722,-26.929984228228513,29.210339683747232,-75.027170516377069,-25.713376144281678,41.143478944252571,-51.712985408290919,-17.620005361772893,-9.0699152026623366,59.621743772805914,76.560575150861339,-20.114288119074523,-74.464867370625925,-17.253754137327579,28.401987951512741,80.753608162058882,82.436633383259419,-58.534720263561937,63.156172513113276,44.548768299764198,6.2620931376019211,-14.705739704234659,-48.470038630810492,-72.17014954860818,-11.733069894994463,23.784255754993247,-16.404376730765598,14.345651362974813,-7.0152460304880826,60.811839286849484,34.986026401754998,23.201307594251446,-1.413974594860133,16.855351959298368,77.322566043551163,61.73499356330678,53.447808384021094,64.481861004837469,66.388105775665622,-14.399640974141066,-52.009240181617123,-30.805703929600412,-70.866468651934568,-69.990466958347596,-20.25256166070303,-8.7264069620088573,-68.586169467156438,-4.0838482338226498,-7.5436028509579458,27.208749505458258,11.808089281600326,-83.998763167461718,-17.958158247850633,-8.5442151955918852,-36.963444693812086,17.972892167175942,81.595894065700165,2.4772686080487016,29.925887218858648,81.060095598857728,-28.801650285165209,-45.13824825925446,39.620388929950344,-29.614191501174822,-26.034799498976437,65.216507595443474,-23.369391931830993,-66.290871819651102,-4.4737639495885499,-56.440244822398085,28.887969882757293,48.841746710122905,78.462115038536325,-72.647791307376323,37.569183286035447,33.821880140589471,29.44276426399027,48.931003044621583
3200,-47800,2.0230134353038829,969.34496445649802,222.72151858622661,691.96184842620869,46.969035806269488,259.64136760800312,102.06628453435215,516.8812566050392,107.07364406458281,382.12986474148596,603.56860972680829,376.6959226500864,295.35293878330162,25.739747811942124,44.814360424989978,114.4782126556623,1000,708.03674439560598,69.855262931132543,427.58799163442217,858.16379938934961,337.51706799300752,936.67691666861026,569.59901890779554,262.31592265803312,848.15565341076842,923.58465503252319,431.33909270599133,317.23392094412787,849.80521884875986,124.05559573122802,252.29007422712547,754.99978904562738,821.4164930413184,312.82767415306972,825.35326790021634,505.44092085677596,392.06840614800888,885.18790529879357,640.31595152984346,534.11128698364894,819.36435145114569,271.47783742768644,636.84632305374612,365.20794043165569,596.77383410072275,275.99630492924769,179.46027228000969,322.49049643455601,181.41072375420387,188.4375234078903,60.816941088979384,233.70424609854371,195.05442349174615,660.23523198637702,873.12766963982699,349.47533179850029,224.83336719067651,16.30807037178479,428.68022609535257,271.08717926910202,448.89833410024272,822.39302965437048,648.62372879379973,652.66754554871602,74.380177185785556,641.70634467255809,863.23472237493036,518.08063607054657,643.08237060671388,140.07413630216459,754.2968111029312,651.09843683836414,38.639376352037345,867.62001395003892,568.32104103728193,11.357942854895754,859.93482311515095,296.48332821486787,759.69489295811854,607.88373903796469,801.11230248218078,302.29361032498122,476.08827420287361,160.82265668027384,778.51556373737708,632.81547485215401,379.56240310951802,763.0522189186089,480.9756932222611,848.19310382320464,77.65241247502729,781.03596311850185,14.145006913007556,799.16577442764105,663.5179067538852,75.917213114734466,715.66899723404617,576.76489859833123,190.55108593033899,56.201035976328676,-22.514302739576557,-37.479774730976132,-39.54264111073671,-35.203776940276327,43.34695753435512,-65.642232901518867,12.154664475440839,56.943077335723643,24.91128041145523,-75.890813940926009,-65.8538146912407,60.816547643299558,-43.852230187617764,32.575787083884165,-51.196813917655554,-62.489510992978722,33.513213259136954,64.641540563887304,-29.37371160730202,32.345483047095271,-31.969322492725595,-50.1556431104556,-81.698093504150307,-53.043269094435281,35.953101442045181,-67.159849597493519,-67.630194878722335,-31.47906374262152,34.743780685329583,-17.101657099435087,0.29046859172854889,-11.896509415197901,72.448273924205409,56.642829064247138,7.5517119419480423,-18.404531966033467,29.019482337217561,31.280338842293759,80.438774322196181,-59.771977291647346,-76.837836743354075,46.132917070620053,5.9911571698859492,83.37002641162168,-22.68260122408142,-73.914914922843181,-4.7999577956334587,73.089436101821377,-11.686455828094417,17.026607386597011,-7.0766524873895209,61.126908875656596,35.340293158918513,-63.570353273509696,-1.2849171444626393,20.878103514631555,-11.479680217868584,60.538007033522788,53.224487775054961,-73.279617475320478,53.982795138263619,-76.261345108576904,-42.606824916782742,30.330345535247325,39.961429932313401,-15.814492479964798,-18.375604395679339,34.772361790291363,-68.620902122318455,-66.206070819768371,60.598130751080802,-73.559349191935937,64.0048978102201,-81.966185225814954,4.5837941420835664,-8.6884726803907029,-55.280419140525922,-4.0597145901404907,81.291879392461979,51.286478806431944,31.753448798264767,23.823111054840556,-4.6542629681219445,-79.330518540231097,37.544479739064343,0.37025104634780703,-28.027905498079097,65.711861332293452,-32.466691079431314,-70.725790083889962,-4.7622991045143435,-59.071419857319299,78.290498549919221,49.53939075449393,-51.294938176149138,-81.829037031885633,36.804961858410593,83.344515478751873,-28.429753819179098,49.638550257517643
6500,-61700,2.0212534061338605,994.80061173257741,213.69174895960015,309.29888386221171,70.313561643823931,153.4690717389183,133.46861229065993,825.97184452512931,356.57152730991766,473.8996666075285,616.83481364415661,359.63564351552338,123.74706578450453,1.1943470234896196,626.15720764998764,320.02510645048096,499.57581582825799,704.20310118270834,70.731076104783355,423.36894167674586,864.50688368713463,554.94974113306648,935.78912584869147,594.83918959700782,270.71453797912619,876.02624884342049,636.92368865623155,109.67706598111479,101.46183746235357,181.19894531455867,984.02755517797868,231.51959054162521,302.1753685528555,13.619803770552494,949.35163797898645,798.89966191112671,485.55810920152544,948.14968259592933,452.20244775297419,622.47923142081117,530.09994346473331,815.06928979496831,263.39157290973168,665.22938847865419,365.18132323756868,597.33252075398536,277.78710588792092,177.91236230286731,312.7518594648119,171.69584988383832,587.70931107137676,30.075011035856846,239.53493098694594,196.00388592822148,656.45265604672989,648.91227116711832,340.04836750990535,221.1964339238327,899.36352933415617,894.7122115051078,322.76145587164888,390.7343699644166,926.36227201056158,113.19227096791829,389.84348616684156,75.584340243337806,567.14086759341944,910.40150610160777,532.59214819905787,770.37713129759391,140.14332088972355,748.69129019363822,633.548263436811,532.19339115501407,872.65391881831806,557.3736426603059,273.83206618090304,820.25774529286343,282.48259328638306,638.23733972331809,603.23192622143301,799.52460643070219,305.73041475268246,166.4589000814357,142.68381719472384,754.88639703642298,678.82882291019303,428.57951628568821,72.742118344593905,480.80723710370489,824.41502724781378,125.65254705310954,721.85304166422122,817.64768872104173,391.61282889965491,682.17812259872414,457.87514754532555,723.98764192618705,587.24720740246562,194.29412127924178,195.12008879907984,-30.027933562718662,-35.14582028464141,30.139002215267446,-29.819813978108655,42.042884540961481,-65.451607329393809,-76.866870596242094,70.78875864172916,25.631367553135711,-77.50784800470386,54.7025846333079,11.321031226607975,-44.064008701767989,20.160776045041612,-71.388632260536738,-65.203805144857753,-10.653349009502559,64.832801093630522,-32.743903454929779,-65.995809776429724,76.927117339630058,7.3974483824217181,-84.053656358222113,-26.652279653035581,33.760413552797807,-67.37954196722103,-64.566748760334306,29.72081307311975,39.41720270524273,-17.657671704108708,-8.6184978245120512,65.70863486828766,76.501507419313697,53.267932552213935,-74.628060498334889,-20.567230921794252,28.899124584750972,80.665112765220471,80.431794840679601,-60.677088588785651,70.183527810982369,44.749703328488998,6.150069469583185,-8.4186844066359754,-28.266442364236948,-52.67296894869618,-11.738137480918981,24.929260968677159,-16.42746603531468,-22.744558644035155,20.102293220577728,61.085889117638089,33.030897955947076,-71.637227195021865,-1.6111180491446024,16.371977202339277,77.281086857609012,62.031913752368681,33.565466774224546,51.420204437423777,65.514978029698938,-19.230985330708286,-43.73585041885574,-2.8908392869552202,-69.610071242768015,-70.18281975674148,-23.393249884330114,34.989663017750964,-68.587053095945691,-0.29362796971820515,-9.1415295584554492,-72.250532095810229,-24.289951488123968,-84.219709612909128,-17.707473187119007,-9.7093663093765326,-37.620413658202025,-6.7219562549876946,75.857818207300795,2.4318706954974409,29.917551672914882,29.355312513051516,-34.550034124276721,-44.88179452453717,37.300700296127296,-35.11849468011458,-43.007019903139181,65.663663825625022,-25.485794487099636,18.113670471914531,-4.2842228859454599,-57.164559781065719,29.448546420571141,48.872637204682881,-53.154611583573839,-72.636681321065211,37.007572486571668,33.636232497268232,31.055151299651683,49.00479690518857
6300,-61000,2.0607718877925438,999.97999734610971,219.84253382737433,309.1383959640853,68.433502841460665,267.84153735215597,105.01466953249184,562.71941893756809,343.85025391322205,472.75197663051023,616.83482632536209,363.84042954130155,124.08857037963485,4.2313288642753264,685.0590986602158,324.63870178567993,499.00708329111291,703.26316336474099,71.282167521606027,394.88326891345656,864.5477342675797,556.10256050030171,936.25005126479323,594.17463110554797,270.65681204039657,873.37911500348162,68.884262910827658,106.58788885763096,853.33037328911632,858.27389129496169,979.80583831943306,626.74882519986693,38.141588484783995,93.861553258596871,323.23067038866287,813.30643079138213,484.47770564853244,594.20132187320178,345.17375010561392,416.00243052636785,536.42617554282492,779.40775267661661,264.90993736870632,617.16958696155268,364.83798211399215,597.33903561098964,390.11154705296315,178.21044325952815,124.79485973696781,182.54485453896052,29.088028448355786,788.71411726477254,240.40470164761859,195.53516039685061,661.64923931885357,649.62658306036531,342.72100809244529,220.84275639759952,59.546164943052418,893.96752388037635,296.82767285576296,144.82022425567413,948.60564421309971,55.286221698002961,650.13826715336631,57.446857993520389,579.90812739549904,897.01916890448126,513.28862474588357,770.63496405526143,140.14472213381103,750.11823710954411,634.65269276225661,532.27294429688311,868.84120674339965,564.08696343550582,273.67924023584544,819.91460185264407,285.32075919236195,757.27361769538061,72.65055327922525,801.16039950326376,288.56462617276486,508.84886206095507,142.51021596047516,715.78893154747971,668.00895617774484,375.2266427124157,713.72933941235738,480.87079133332458,848.11727127398763,95.868358347275802,737.05694826172885,41.499332226716504,381.49804243572157,682.91195003956852,458.06611722081692,715.19026504568626,588.52466889057371,229.34196551269355,56.514483116809132,-30.170727084169357,-37.655689145477481,30.146003241081331,-35.061505594328281,41.943450754280235,-61.729752141167303,-76.840954217278735,-13.198492168959035,25.659257870404584,-77.388151383083823,54.977074727994456,59.54532005366692,-44.057823904359047,19.840556061058535,-71.181465898698406,-61.032717221037075,30.969733163899516,64.774907620837098,-11.55632186945855,-72.797893409814876,-42.191338939653406,8.5789395038159775,31.271457430078691,-26.685396202361577,35.542098648277083,-67.379483962802681,-65.148860848861375,29.763016557634135,38.759447794621806,-17.093103410812908,0.70729378682845168,54.753550701129122,71.91920309036027,53.879910415326158,-74.86012277897089,-20.589741681574594,28.885506904236397,83.562218994138505,80.442848467536976,-60.662006853501282,-50.879860390997621,46.197626272602875,9.5349743818657782,83.308032936867235,-28.161423132659632,-55.622222322185962,-11.936936633692827,24.881063845598938,-14.099339644915794,17.043334982898941,-7.526524467831476,61.083790161888672,33.100235428527391,-70.326360123402807,12.591487433015086,18.299675377046576,77.191459256594683,62.033524043785675,34.274314923249207,55.150278372466779,54.154582463700244,47.594787319982345,-43.691488603440398,38.360700212330187,-82.948854742814774,-70.179521714651798,-23.320625522376282,35.095662583119996,-68.587078290634651,-0.54629879246895996,47.040972295197832,-72.661794749060618,65.035892307061459,-81.964856063245691,5.2090467712764204,-9.6867079321976366,-52.200879047582177,-6.6801706332678972,75.966240679450323,50.835471427905006,29.64002514551315,23.480154119668114,-34.582884819659512,-71.616686513124407,37.40317037527798,-35.445549614641031,-42.345901329937007,65.536642687041507,-25.497048687692264,-71.009594545392886,-4.2718464143348536,-63.017401666755916,-9.1162341275370977,51.343036249200694,-55.7840386941593,-76.184534035801491,37.005321361646843,38.451360357363775,-32.703138319807699,49.664697004399287
56700,-68600,2.0024466552339613,233.5979865789559,4.0462022557061248,295.30721428862398,60.637689721198178,207.25901741756542,132.47839975290077,820.08757809851181,328.0090128309111,479.61870419210135,603.19488445256468,382.920255155615,288.38992965463967,34.291581157740524,283.25141064869791,347.39024366515719,501.24966047315712,519.14835230731512,69.135390414091262,395.18272633611991,792.25879256616463,546.24602005529869,923.80959909657258,573.6838079066124,262.38386582746199,846.44405652045168,948.92968739394894,464.10237770338784,5.1018684075524732,808.87653379009248,179.81850937025521,630.10175978424161,143.41118022804042,973.43716318754309,582.28354669042074,814.60500317343576,1000,943.71676286676029,456.59089125798306,462.33080556343191,511.56411978275162,811.40054999714971,270.95427910868784,617.27138571559726,381.99779985887193,595.44170671667143,394.7264722963717,196.47704813051561,325.39128239770707,868.5882884368998,227.84821587165135,46.912597635257157,808.56244919140568,193.88444324210238,625.30452773103127,645.69743100458118,657.69997358612954,205.85656584248113,372.2174314319517,958.90137447162545,288.39353691298084,686.70285632616185,7.6251488476616398,690.41502867920656,660.49123154722236,840.0367876654318,910.73952152716174,538.01571451843756,487.30347909019741,634.76514885591212,162.8508657129139,722.86235541450196,927.38677835153374,533.47723319010026,830.33705190109652,545.98265681055068,260.50654548541604,819.17216631753899,304.50619469424481,764.55063095401317,83.753264493446864,799.62338437972949,298.82577394695249,276.50117946415332,153.0887038265341,845.53867434654796,671.4261960371432,385.30870395487574,749.37346764641416,458.58655404671515,825.08894018256024,101.8237430613384,722.75079833110999,35.095558759459195,891.01970048036083,807.92557827574353,463.68098733750929,712.39528364103569,579.79921314868852,339.57375945899309,52.550464426718648,-31.093637147200408,-54.324496590885843,21.108870138340446,-35.258434675291163,42.131997565953533,28.354865394201731,-81.717829931847746,-12.991783759800683,28.023636068214934,-71.824387349021478,55.898627780664668,7.1251010164806079,-43.784041060278732,16.591366029617866,-51.289490433747133,-65.955010393136007,-9.4772822752350017,64.666596804294116,79.250416004237806,4.3359540398318668,26.073560235383688,13.257533085310214,-84.863575989524804,-27.096403939329061,24.92343007532909,1.476564514552031,53.476129951452734,-31.614424997859484,-56.12456981256534,-17.066079238300969,-0.27080663051010134,-10.444989026551085,77.665983002823353,58.510443245781715,2.9938462432994841,-12.442942401103057,22.515541071956694,81.949339483623959,-22.803471336603963,-30.247725086401964,-77.501629881320568,46.322675518009618,9.6485829155172311,-13.200429164469284,-25.692248420492401,-56.10673461296637,-11.489202336290429,27.155718172621441,-79.590250523941577,18.350170755004392,23.342502892068239,60.906374603527752,36.029067657836848,-83.762178111895935,-1.6105628148231093,18.761277928093204,-20.505060941609109,64.334949967621881,52.494310868318713,16.273655061173589,58.593847712774448,-33.668345335088617,-52.887056155678664,37.717226212135778,-76.880660681211225,-33.882334647451223,41.391586712437658,39.512939382994105,-68.61734828410205,-64.171480219014796,65.452457799060483,-73.134621959731575,-21.101146601105423,-84.116381663583411,-2.0288453718795463,-7.730409702617874,-34.21521620010374,-4.6090632095831436,84.585595904810305,50.486251778139433,29.774786688306499,48.801884779046709,-31.001022083381848,51.055753034813733,36.332216840810119,-36.923364384951505,-27.25091875079443,33.553377804284892,-48.00005798605077,-70.188366001907795,-4.5890056403074402,-62.372801239369075,30.129971031332083,48.826691521474991,-54.924760163644969,-80.506859926202566,37.603900237154384,59.194766024816317,27.778254469605159,53.783752754859286
1700,-46500,2.0587355609887985,1000,221.34870314137524,677.30911545057666,48.276565539152735,216.51371331565804,155.16812603637084,812.96689284274987,123.55219064746404,366.98378140176953,601.95319429656183,372.91655954907844,140.03713826545646,290.44552493097171,290.28322217161224,79.63930356718231,525.17797606186798,687.71319807749057,64.079079815042874,383.71888532986708,798.94079702987744,541.56611520718445,921.00188853711563,548.75535208943779,262.26178568357238,845.130018292111,1000,438.94057186142015,860.56229681254467,368.99901953656115,123.82331231251287,233.73395788956182,219.22565816541254,943.52203250950856,299.38506735349472,833.47666488528205,505.90894377878675,907.81411355320768,406.98039056057769,418.83975484704513,666.10037702699594,896.1011191530697,681.10282384246841,374.70379985060003,382.70285600526427,598.32810206536578,285.50373964932368,184.42149412819145,111.20480412379094,175.88964953943338,93.613800042600502,18.366902101668728,719.19896420907742,191.31867452640125,627.88455130674265,845.83730416647404,349.12651703640654,207.88815382840974,290.09898187499743,920.37965451265745,269.40424858056349,703.58042668689268,804.55743228407323,63.026422864666635,642.64452093467412,68.389674903089841,899.09441470880085,861.00197165196221,517.17000899014783,634.21049129921289,139.51923425242293,721.13936584380463,958.23857796992263,539.72329667777319,833.85428609879364,188.81501814830617,252.96681230901578,859.73949877152654,169.60317766404873,777.71897999742691,49.994540925610771,798.01634885118631,38.532938049100224,37.721236456745913,284.09066272152069,725.64676529666133,628.03976213060741,387.33157971795612,762.85035566269505,455.429912660779,826.030828460571,80.201356764479272,722.11549376490507,13.254687505775983,841.70030958595271,804.91662532088492,811.37691654983769,711.90427187940861,610.95093946037071,188.897460747612,44.398547510923386,-22.495338790704352,-23.416782200535344,-39.045434982900701,-34.27806952500255,50.20614933329945,-56.998860401235781,-69.917528409973187,54.484781259690479,-29.610795499719654,-66.286905518318918,-62.06955277167733,67.439319807842224,-42.500366393003816,26.53291227713715,-49.567023057563816,-0.72238684258377495,-12.552497875625466,67.797813030839521,68.825266545425919,-77.702728311074509,28.312608893378812,-44.723536385609535,-83.284717164666986,-55.90218632582976,57.250711950112894,-81.401147383322282,-23.353208632457083,43.883802131334527,-52.349118235122695,-17.223053743816706,-2.4992999535834839,64.482298340606249,74.988719601767826,56.973422306483855,7.2599777439545647,-15.8262042738091,28.908040482005752,82.917209416193629,80.56594698104864,-63.160390109918993,-77.800342579932604,50.619945009863997,5.0041179804101379,85,-24.818348913787535,-12.686160711802042,0.36267434105390617,16.335775286870977,-81.00887633444114,18.566326657139289,22.282540240442493,60.820343633489962,34.86565894620653,-80.376616378986526,-1.3254522271498921,21.255360600648004,-27.212764612180436,57.379599201573569,52.406217808277468,-82.003575265391405,61.927785145758328,-39.513007641007391,-45.958543373010578,32.88519300927517,42.839584684238226,-32.760155533704491,-24.362521534646106,38.350522676570264,-68.625008260091633,-58.501837328444729,64.059638129175795,-43.903746443300697,76.524253162725557,-84.071497051430313,-1.3358872946023941,-15.964997014548603,-34.412894266454195,-10.749231260467937,80.327749400455616,32.085620568396592,31.718867205852227,49.593162386249688,-3.7756857304639055,45.341457714150408,37.461082537110897,-0.8162408978949145,-27.097630648179411,64.49572095276902,-32.311862026149647,-77.606664465334433,-3.2892108418234653,-65.858118385983431,29.94009204979119,53.45856804278165,-68.341567698804113,-82.16755215932784,36.987136176695586,-12.055766230402192,-27.376858238580674,49.847246951676937
43900,-67000,2.0215120047774522,459.72687151674131,3.328691783325064,299.30769890997294,33.347754618666272,209.98721686810219,109.14396958836107,813.12086879070625,319.06556757317014,390.63192424599328,603.05412020929452,103.37077528419034,280.75178205172847,333.58114103345218,288.91436619533459,98.047611447395909,982.40889753764804,719.53392428489417,86.142541165142148,384.14747950009718,801.53476675335389,359.96983918056475,904.00697021008125,553.54408846723675,270.09685417244765,848.72473148408335,1000,447.44710317028427,381.30387562740617,349.70699029418915,182.00607083709772,234.35526684764835,257.99957130725073,930.82852827120291,832.45906025181046,823.7262443504336,508.82169167070447,1000,879.94121701576978,134.57882687215837,668.74575583118667,907.22645001240403,342.93041987389148,619.59092037431128,374.4864050805877,597.97746856133062,286.39822073403928,446.41787743483394,293.50537983796335,163.95702486524769,102.16366539063699,710.97914243680941,730.26466528191634,152.53817757542305,627.48972871350861,873.25093127406524,632.77190792455713,207.30556626585147,976.418911762687,437.60055376288011,270.27553493345084,435.92310537042874,826.86524507507875,654.96025493371098,253.48107351292691,802.39093829671197,907.61938134250772,939.08775883063061,517.38139514803618,634.00645501245947,139.34932774023778,756.76339230670897,889.31133415349871,473.40799807808384,831.21264513676908,503.43909450334417,280.46213288262993,824.029188313747,142.20109009069517,634.35247792933114,66.564223889787428,830.17686179094028,301.92578606094128,646.21219812574748,193.11481956572746,782.19116789796442,681.51345757099591,419.66386274880819,183.13549708748388,459.26178251189157,824.26793808778302,458.36397815060116,780.82021048521995,12.873361241711716,253.51702474582811,804.04746785986845,411.77620759939714,727.17492601911192,562.25830993404338,192.30365672683641,54.394562273400886,-30.986923244530377,-39.265336451967855,-24.196960561002385,-34.669407157813033,42.95885120213584,-71.949039363703506,-73.736403368518253,56.356969330931399,43.959731704643538,-64.813666570850728,-80.687157801085675,75.964942499257688,-43.785717137161591,82.210454439674791,-47.00454352375953,-5.2736248791927292,-11.01995836649512,64.733958648255452,58.437126666571068,0.76238430664049162,70.972291919972648,-38.969850043775111,-83.18004577425954,-28.050200976165733,27.428975261681853,-1.877573116373533,46.269874979596651,-28.821327980220133,-54.640234451122879,-15.704153965156625,-2.2528087556614391,-13.312684712055187,72.476101060096099,58.857277951916501,8.2111543911996279,-14.645891603595063,19.807204026146252,83.573575555977897,-26.89841108054982,-61.993594642127618,-51.354749181010128,46.971351569726636,5.005027995312421,-3.2674604236433851,-24.554219335450338,-11.65515598194828,-0.34039852789014757,15.522217747679496,-81.854031087404721,15.655067303804463,-6.4021757199291365,61.903602736048356,33.174118289709178,-82.450958032018065,-0.98654659612433915,21.167002600367098,8.1384180078033488,64.944466227435186,33.378369701827765,-37.261903522464351,54.615726106218169,-74.839965258888867,-51.104595592707412,35.315807099538461,40.845916946379717,-71.158426386513881,40.744963801002228,41.087910199142236,-68.465801594333271,-60.470763102321122,54.874018227741139,-82.140139072841833,12.086905094279267,-83.90781155657038,-1.9988935512686916,-9.832845076239245,-55.396995988448978,-1.3040249813250142,83.795117676684896,50.130858778740695,29.621583639053156,24.254747495946582,-6.7953477940702669,48.085799980174222,38.453885862775742,-0.89449058562467754,-45.901414334545684,67.013960234199203,-32.085934392934867,-71.103570126044303,-3.3555560684165444,-65.801511308248095,76.03201652944631,53.729240151922554,59.515677150798766,-78.625726629245975,36.98293221388537,-10.766333271876036,-30.635738577060071,52.16343734542717
66200,-69700,2.0224279585254701,66.896133365386788,3.2504747322240632,664.37784430015449,52.695231540364432,205.63480553954668,106.20797193433916,813.04435804343109,109.75669666306881,387.11104155604323,619.65861788188101,119.95297725607296,283.1276683023118,351.02359379451605,650.744896189158,117.14009226775306,529.60745944624546,708.23922599249818,114.76577494169423,407.92522461941735,13.413819235787287,330.99556357149669,925.68509770355877,136.00157644260173,262.14554643425578,869.76343151527408,925.01660692225994,453.65937558805962,826.09206686968491,849.7295449880595,82.028305398667811,257.0972297069419,73.710449442839348,809.93053825637776,865.53708191050532,839.1208036836515,555.47156331654605,606.35891998396914,844.45445287286827,428.23889114626462,487.63141817910201,522.67463876011152,713.9369743516902,404.25410634662359,367.51973420174789,597.90053677728633,286.5842965053489,179.06348348733465,316.21277131961614,148.59838131944664,191.47044495869656,766.81432466801539,704.52172275135786,195.03197416359544,627.94767752626899,874.3546231290245,347.310949704113,210.38578837008492,306.3529664402098,440.28699012657313,275.43711392777925,402.39229997497119,826.86144472452816,70.50450088643953,627.95778788057225,171.0877187456185,815.59910227443879,857.94307224500824,534.78362734257394,646.89269124358941,144.28385847303718,735.17846846681402,860.28469473966561,529.25911624850039,826.24220873575211,170.43272948925457,4.6526826294028467,803.70772947190244,282.70114046233522,767.17296531075101,99.764133493988481,801.6063398657592,311.96538946763235,751.17031575506871,197.16371307244194,724.31889116448883,677.55445091138836,387.41573353283081,110.92641922796963,480.14479768133765,825.44308252068947,124.40396690791466,743.02558311362293,33.052474815308841,787.73833262005326,665.16155554919703,475.43462364468263,719.1441360001885,577.00173391138208,192.88538023441518,41.669558107312326,-32.393644971064305,-24.116170259641258,-34.381038544761779,-33.397622208540135,43.479753308909288,-67.992693633334937,22.178290411022324,53.928503146851284,-28.351439793776667,-75.893732498165008,-82.944807352866505,64.400511501261249,-43.885074768194798,85,-5.7040398223669486,-55.584101594317659,-11.097801324578677,64.815898354500348,73.62654005881312,33.319832594425321,60.531387609775848,-46.596921848417367,-71.19258511533225,-23.206385932366803,29.882662398422447,-84.021719954245356,-26.98624867120769,-31.276732341742314,37.226093645194254,-17.056123013521091,-0.28477869914075316,60.728202107174127,72.425895218407064,-33.469984407716225,-75.973584408822362,-17.566572230940206,29.168081045899498,84.222224652419897,84.582274653991647,-78.329628211001889,-51.360890625507331,46.317666135935532,5.0956456224544615,77.332919396364119,-24.853263993180747,-72.25756307764712,-8.7282018561445263,72.676026752279498,-84.888956111420413,16.007665266699039,-5.9175907994003305,61.92910438109697,36.370982807142262,23.225431894460243,-1.5660301875051279,20.874528354044774,-16.243093848087163,31.458789609222762,52.395494384451119,-73.166287019914236,67.421299404114492,-57.779285743885424,-53.225572979919797,36.549404141040867,-63.626901171237321,-12.326603556244789,44.626546662399299,38.507786859216779,-68.623958955215429,-57.183665511196558,66.028019444915145,-71.887758854575139,67.194214903626772,-82.229104705347993,5.0195823747224502,-7.3930317969527515,-37.07105234292721,-4.1769271765337947,81.276568537700072,0.67261936385894194,31.948921321506994,80.239413308858602,72.841933350519469,-66.746031572437431,38.661422409037328,-35.084903452993345,-44.403005540208916,73.091388191603301,-26.339572242878287,-69.492207142880488,-4.6476625120048141,-59.352639996728726,30.00898552087726,49.330257324530763,-66.745958900181265,-82.169354698317804,36.79590244469432,-11.714680521740302,-33.041823688014389,46.607486522315298
58600,-68700,2.0223024214992313,199.05623194111638,3.8131388377136592,213.22399806056211,80.666571622743831,267.63333836880298,133.09529934139596,821.31964726612068,319.41516309064076,382.35375675286139,602.5624074934359,133.60155856054305,297.89951738490532,38.716483408557963,63.895458517725359,81.334836666351777,599.84448563024239,735.83615470983284,95.133682448304114,421.97477107971713,81.883950291694703,329.33631354991093,434.47765166199355,581.88878612219537,266.8679563917886,844.75122950466221,1000,433.59729775065961,354.02421033374731,232.04994822361846,915.86997467194897,390.41593216123533,801.63212919706575,881.43418573585745,839.01399805638528,583.69497826311965,537.60913367735577,391.65966563094605,960.16694432355087,634.28500503719624,500.21596074632333,907.8723599145701,295.60059390966552,654.34087169087672,373.82102032625954,597.1111790223797,275.61723358764385,410.14555037366387,74.480716957995782,155.32193585904184,59.307732258378437,743.72558665356632,800.15710805882179,195.63653700664108,665.33103558642438,894.40584935514482,568.29255614884573,197.20053291489444,26.405970216387033,973.50812172764404,647.62995213755528,403.36358417141594,862.70553447023667,676.17151842561839,261.9562362416325,801.2391318302773,900.80101937273002,864.80591471390585,513.27239194694175,639.96060430694354,186.80627675685523,718.5389890005606,537.66582788395181,44.948253810378247,538.90917905145932,172.47173217807432,275.78400962682969,861.18116524136906,144.10000908803227,640.36280980087474,570.58968097161562,799.09870392317487,301.73556735284524,90.193668408931188,654.93502828659678,778.58931455764355,630.81525006359595,416.07517238512861,744.09081036526516,460.54023614487301,366.92842064519158,79.241701181097199,749.18029420391429,16.775099784785688,924.39881897702026,789.98518784646819,474.2705106648624,727.37575927772855,581.00261585548867,200.61325161104838,185.71581984457998,-31.140796317450288,-55.291656589274382,-40.664181791677663,-34.724508230866377,49.262029427043409,17.502933477943358,-76.859709076738227,65.082405170858934,45.191524562239728,-65.161405492005699,62.696321946267894,8.592052100523544,-43.774325236456143,18.013163476865053,-70.689717044765885,-3.61925517470018,-11.463893989128183,67.469646909231585,67.439521353183864,2.9275787742974728,-45.931899539292594,9.9735803855880718,48.868867214211463,-59.923566964590528,34.64187650405097,-83.125897009542044,-22.598624360648977,-29.676104721180742,37.947088518376169,-17.08245944537757,-8.9105648708702141,61.671037059727745,76.561656687806462,54.608384075119915,-10.48450764663257,-20.780330213027007,22.516672427441137,32.048378811484177,84.530764825772096,-25.039738946615373,-44.232635219765406,44.742416206766407,6.0924433242126206,-10.612419868324931,-24.758500422705236,-69.288292116195848,-7.8929266639651914,22.42880645664275,-11.037835413821112,-16.079821695606618,-6.765859824240076,58.698558641218639,35.304376362868879,33.947709121222267,10.320979338397269,18.072613020328763,79.337437596212084,59.450383018797872,52.626516096394255,-48.03145055980427,61.275816210001885,-15.343429065164003,13.219392438663171,85,-69.718983227714148,-63.068006066256125,-25.980868533868801,37.091321347716793,-68.618693968910023,-65.019083709950891,60.602792315132014,-70.285097563956796,8.8377230040440917,-84.803117147843381,-15.968579818552072,-8.7454325210823143,-36.244767682176786,-7.1138291648677097,82.363348418940461,52.7438845896949,29.978592415020241,28.108026713132208,0.98663153523939684,-51.317230380752569,39.70968971440734,-34.737940422757802,-27.303648974983464,70.166106972952122,-32.405074991212317,-72.752950038264729,-4.7641740692533148,-68.722660849049632,78.734216116110858,49.697699218847241,83.342073054287042,-80.504122298194403,36.976924503565073,-14.17222961832298,29.280516303673807,46.731285066350296
9500,-61900,2.023054140268508,970.43261387432131,172.16672847567241,678.04905144266968,66.776996889926707,209.42587772305939,134.01604517596772,508.8794796540285,135.93242667887904,386.48746898536461,604.35629520985083,373.19302823610366,275.10229871776824,323.06106817697031,302.04841126966448,81.599838106348926,985.66726737342663,705.99979617991551,107.00810466818049,427.36962070862785,800.44274589865881,547.88727877429847,911.75518273988882,558.02427956547933,261.89846566239623,846.75775280570338,79.15937685861536,440.8236229588378,855.44422795949856,849.54466719623429,77.005162239950664,220.95649319852856,753.3792598687902,943.43517492423894,823.42950632635996,833.66181596403658,545.38354559566812,887.07734174550114,838.80803862148059,428.1481336907608,550.82387361665326,907.3260481384292,527.23367742908897,390.57132372035289,367.50263181051861,596.79147502717501,272.15819715191884,177.52294254916333,113.00411863976413,174.80916901462928,178.56444418652359,0.40484457143370989,178.90110129037612,187.8504330483766,625.86880352122296,871.50705166630962,370.37703430724929,491.55070369665157,407.35705487906444,913.65848849613553,656.71393563844697,705.24641810232845,30.715151833537107,650.97852074599336,642.52275432247018,15.876751513947625,651.71475573528573,856.84436173324775,492.78532650162123,644.20120754049242,192.1718730839784,718.71065751917763,911.08223396707615,36.327947541901139,812.24197945848164,559.83246036062837,260.41545085799208,860.45018626003105,170.16211964010364,779.85392094984059,65.00728240746588,799.28457764066229,298.40555738424916,292.77114378279606,146.00113093566586,777.35271567722907,628.9614165857804,379.30292698501398,749.47627056198758,488.63264996837881,824.95344441464499,472.04965448629696,749.53908024404404,13.255521915888348,870.49962456365427,799.55904029413932,75.328154036021459,711.78366516381789,609.32008867942159,189.32541853792534,42.484605640955223,-31.520389346994847,-39.328179978754633,-35.655952332017662,-57.811277153834439,49.849785861454713,-67.157017929625965,-73.234854051680685,54.263767139224051,29.434949484205951,-65.786466271994854,-60.288417939005349,61.200211995913648,-43.738621277660137,31.205862432918281,-49.457047391730988,-3.7544875903156036,-12.668543338459953,67.539990084288689,-33.274615464445787,42.345627442013537,-39.186207065162719,-48.312650230425916,-80.129904360506174,-23.539613542790708,34.557236686667672,-81.415878611773024,-26.139455937405167,-33.837233484797707,30.619220350639875,-17.194453384047225,0.25709011200334975,-13.775099208770907,72.28616587323657,-31.751982409508191,5.7539138644539465,-15.73893311608969,21.120127104460806,84.486484089945748,84.564789521385705,-23.243114718736582,-79.949091247081057,41.330317085554597,4.9848019749370849,77.432884480423397,-22.742643282328523,-67.648327226431718,-0.14019955168293707,22.499794938813206,-73.633392483452411,18.597094936887721,-6.518719836232358,60.818564890354637,34.561258581264958,-76.565285612265768,-1.5782470440494025,20.880890936672198,-12.703349145159535,29.430562633421054,52.462567187041309,-41.547316730706285,-18.502980968693102,-78.26561832912364,7.9483170967969485,30.245221582389032,27.766824971658366,-16.579568927843923,45.900831291898101,40.187133855251759,-68.618165026660677,-60.984630979271053,60.580623286905841,-71.022477515636496,68.949894350701726,-82.194550297188655,-15.940565883720437,-16.170476559908412,-34.267604339792136,-2.3666966941765608,70.071637083835924,30.176076253235085,31.656438911049861,78.446146357852371,-1.9104996749259966,45.266343735904314,40.882773968095826,-35.101673490266258,-28.052892213810086,67.056641661054186,-32.237311814583869,-70.0175640011214,-4.762891168085611,-62.451655409389005,-10.203947620862657,49.429999232781782,77.011583379054883,-80.389759186342431,36.797448563833868,85,-32.877071439794349,50.172307980255283
56200,-68500,2.0040350471247077,240.43575595459964,3.1527892382195564,218.77332025115123,51.691219887147682,260.15120989444472,134.35082642048201,835.19188685529036,329.71629625416375,459.69451870273502,602.80997922958841,121.68043625069852,613.58643502986695,296.50478953028738,63.40347589539877,84.672469181718441,520.13885242880519,722.32414315897404,23.834161676528367,396.68608253866029,829.97345909339913,108.52616687580878,923.04110743790409,545.08151544078589,270.48080751724694,846.53826691093354,681.42588905540083,812.60429627713984,975.85639827527916,195.97747593261639,148.58408446931298,243.96717780363653,14.006564884284572,877.78327103068932,349.81805671295967,819.56617494629666,575.71402486108377,925.86760819121082,402.92665135057672,450.91267999181002,48.354253268666781,909.90714830887259,270.4426163162388,385.75120198282389,372.11781119897319,593.81712759253139,274.50486774829386,210.84848599771414,320.58266140974661,171.83633954845467,204.27943320801182,37.729806028973201,189.08803009354912,187.64283651303208,659.74789835665888,639.70961906787113,337.60817918301711,476.40078089265506,907.39652553777455,520.92392415774236,158.46671556804461,721.00532372854104,695.22366286345596,55.812565155703908,264.45219781334885,846.36532771368127,821.82464886581954,949.68937157772575,528.76070604404345,636.79015188805249,181.82010044534667,756.55887779321279,928.629817128181,531.04824504114879,801.76818627106979,505.3871702949279,275.32003131945112,821.99272145087014,296.92693569048527,629.41193016012778,584.66784302405631,799.58524052923542,813.27446801871315,80.988573802936386,146.49496695776949,755.11516845728772,680.07147300559143,389.10504809884429,45.057173436005428,488.12369052690542,839.5977068387283,473.75541663915527,751.00496722413868,20.384975745397469,861.63124544193158,663.00947244664337,413.28537311826676,717.86465741269637,562.80724873775364,193.12531054735891,43.654871608887461,-30.957153711976385,-40.04049783773565,21.856552740273131,-35.212044661313783,42.933678469330744,10.462512656459925,-74.063408912886104,56.727901056903129,28.828257332177333,-77.14351467595273,55.167900308340748,2.655643150177454,-44.081702795400069,20.53056065043382,-48.633319468530246,-4.3446049205951276,-10.466257936022124,71.413379559982147,63.420336769894938,-71.227220358747246,-47.688003854555497,-43.128752149393726,-83.440456572471632,-27.636332628152942,56.203368520409086,-74.452765251849726,-27.103714884533673,34.137633607585528,-21.194775825612105,-17.24290894414295,-8.7744467163901856,47.915043161862258,76.869686669940265,-28.326098741194166,4.11480417593061,-17.149605759978293,53.620825544484283,83.165765390887302,-18.367398614338089,-61.684692455719244,-41.838290763590116,46.357258622684213,5.8879445166768702,-7.88907948885719,-26.622966994914698,-58.180486018729269,-0.32582072827686837,25.227492338326357,-10.381971280454625,14.506790826122611,-6.4467175870123796,60.87120620615439,34.770632162229205,-76.871944696615671,-0.56844950202346989,22.30606164459979,76.144257438855092,-23.853416101789609,65.325558636398682,64.057648370301322,59.897504564258611,-10.738109628142739,-43.228834638592197,2.3274281231776324,60.037106180701223,-68.567677038126561,41.590739313317222,38.1868863522213,-68.583591053179944,-61.734369387596061,54.347360586026973,-76.425403848950509,-15.22550749036408,-84.649777713637249,3.3984479618732513,-9.683185770925947,-37.182386377960277,33.951912397615772,82.183256766033665,1.964226119034022,29.945161315113456,84.966695756408683,-2.3907169686125771,46.77580832159947,37.160944716349569,-72.929702861119893,-22.375968025381766,71.846530898164048,-31.919589493818652,-68.255156335948044,-4.3992121878028048,-61.765917593212393,31.661041565229983,49.57133521547766,70.390552221736982,-78.269977583426794,36.992478440646266,-10.621745645024077,30.072275759432799,48.847586220069836
61800,-69100,2.0022335269770823,140.09747173190311,7.5244148326540881,298.3887421760902,36.101824950737779,215.00065437200459,108.87090277204774,813.87637779645377,125.49801969004001,386.7209100090281,603.05685664759574,110.81542819110442,280.16856581149489,291.06983312870506,52.902028612552471,110.76664878433009,1000,736.64620036377414,88.397380074903253,421.02104081953252,800.70193020600959,360.25734373071577,904.73112316418917,541.52877692036066,261.69478706741893,848.65649215670157,1000,448.07304823217697,361.32149548498171,356.30494222376399,124.77579714431332,234.34642923463093,258.01110479182557,952.86324129386969,795.29995073617624,823.76009609453081,509.27451991056688,910.82579467893186,887.82918568394246,643.99764183326954,507.22091781484721,907.53831451510871,672.01867697601062,641.06241226888335,374.49583277183166,597.12922745367393,286.38963104560094,443.13191582252233,294.14998387486935,135.61498186555497,103.29047307306385,2.730536390261026,727.47440016378982,197.16328900428263,628.01249763841952,862.08831622446905,633.27927302085595,211.99876988377801,89.59683311388666,982.64929620305043,266.26666026473504,433.75573831688763,826.63227318698864,655.25800824440796,259.56366767273255,785.73278388757262,899.14688328040597,865.62520519185136,537.43741622933942,634.28198691223474,139.69543259549891,756.10038774867883,909.18618584952594,38.600862932106537,826.06938581847203,505.13702872755709,259.49102660569463,804.27015103698102,295.51384658227909,792.95956636445271,32.423181094855622,798.00852115479051,302.21012579296143,42.511536615191289,193.90873095175652,782.2906856327711,680.45929653782196,387.87035825846021,763.2628288779639,455.69751883573156,821.12755492407371,573.39728344759271,782.17541193307909,16.870588891152327,867.78176255209473,799.59379126152589,797.44052161957597,727.17932312048458,607.95693398379285,189.64014107278288,53.424866869739759,-30.989407911794366,-38.753623678819622,-39.323611920408602,-34.691461775726431,43.073062985173578,32.523002838317247,-74.314409986642474,58.260720180252221,30.675016185818141,-64.807775936797,-79.942858812786852,77.394529861958006,-42.57744334127343,21.264130352600578,-50.069755067081232,-0.76955904079566428,-11.037373722541361,64.530751838618798,58.061905658151161,71.918357174846136,-52.456262600266292,-38.993344979011844,-83.261872866922531,-56.132909202918839,60.379303244016647,-81.125852541789442,44.805290382728529,44.266205448910185,-53.688634262959091,-17.225312958503981,-2.2658806018922184,-18.009652194312498,72.434658305523584,58.85810794666552,4.9135422463541847,-14.70139969740956,20.615827010643461,83.58558488641728,84.951277520559117,-27.269518496413156,-53.472562286535506,44.896854905663673,5.0009656980263744,-2.7749961927323863,-24.556289686267377,-12.945603684065574,-6.3313885676164912,16.264990289822027,-82.294039468129739,17.497624431729889,21.621994546466031,61.906204948602543,35.391132777677647,-69.287927601714642,-0.61333832080649087,21.164556357076027,8.1556666564642661,27.70461732757445,52.402297127581718,-39.496922804647028,65.878018500759154,-15.633676537513017,-51.079272774396713,34.903208852895823,40.87171453657875,-34.792182753521729,-25.365690095604652,41.019267226063846,-68.619312865437067,-63.742406887678982,59.239463893871523,22.896109458543719,76.133206731503776,-84.083389757874571,-1.9936789881666654,-9.8321833401099585,-35.37784799638073,-1.152107060934831,83.837889971981753,50.13714888543209,29.983458595251584,24.322732977433013,75.289383194584474,48.100444869888832,37.525392047586735,-1.3447976170636338,-46.118719145938684,67.020794519880099,-32.078314693211809,-70.139100330291171,-3.3348904415211162,-65.816898096909384,75.9066926679522,53.727127228984024,-55.058539472511484,-78.632354231073379,36.973442831910852,84.16437932460687,-31.058144227383465,52.106530547461162
13000,-63100,2.0210897981890898,997.2420211647177,3.8722580807043698,694.75839844184463,64.790873724669183,199.41597158766683,134.81691452844478,228.30904638191271,109.14989645598271,372.2436515347174,602.99688181900058,386.99196689589252,278.93107461051841,95.113495954600012,270.59794182820013,80.593991630847043,605.78576069478618,706.67185246405893,96.541669884587435,388.95632759045361,796.16063772556481,310.88020543173383,869.71007676496413,217.90201962166952,270.31747757064215,848.52737805843446,922.61819912688861,460.22159998312617,66.557685608943416,851.99338905406842,161.48506992218276,245.07370676107783,119.53912898368907,416.2717382881965,593.38257590146304,846.88519128537735,555.45780087385526,365.97119577602382,454.79324934231897,415.87423488817882,681.20878060597875,520.8657566173822,665.92096083247031,645.58156198868198,371.70582643758092,598.2465935407597,285.98264028361757,178.6153842511651,313.06837467002981,170.62883071437582,191.50547165183693,36.120630417292375,701.21144467536681,192.86807232317054,629.24386670636784,865.63584921971596,336.49321263382728,204.99771406514918,298.19441677762848,905.70472608620855,274.54514245192485,146.99838918055914,807.52648122452933,145.18910539182662,393.83735643207689,793.63840204317432,812.30225437594754,74.873043423155679,487.84172154371294,646.32030608257674,187.47073890176964,703.36804757594064,935.21121468595334,532.01628956997376,827.49179972992101,169.29784749188659,14.830814700357649,803.52263880449038,122.99375461776626,764.49181679683829,604.42045113300048,801.42234455897733,48.652867742286929,778.49379362758748,188.43557319747882,310.15397981609379,677.63172754984078,392.19715050546841,84.840115036848289,480.35815649596634,840.89804902637297,131.66319659713383,724.59919653949271,77.857069549241828,837.99563269596297,660.87099334059451,141.18442744980194,719.19737440315748,564.05160936259131,193.1857814008047,198.96638736460099,-30.748140407469819,-25.024578623884842,-33.919172907524697,-33.162435220045147,43.294432167368704,-66.716513026032374,-79.905852301804629,-13.564162850110101,27.700322436503583,-75.138745654496404,50.135413610955709,10.228559607723074,-43.830752978344023,22.01857609907416,-2.2091340625340194,-6.1728035026216936,-6.3358796296493658,65.276639666038534,66.561265462879092,33.20196759907116,63.706754021804819,-43.501481518084361,45.19048044099501,-30.583623762044919,29.093765204177366,-82.41944981484734,-27.286990982513707,-35.284172283949005,37.165942948942735,-16.727506611805005,-3.853309272067639,-14.627038646221862,73.924472608780732,58.879852467816669,5.2865009391027753,-17.660328259244274,29.019279832131094,84.914172339939114,85,-60.691592813585082,-56.219940828021976,45.005896662681309,5.0376777152554411,72.289677291247529,-26.494202244565557,-72.509385427928549,-5.819102433120813,71.233830435779623,-83.725889588949386,17.212519026220178,-22.543027065603738,61.623730176484706,-6.6617968897708906,20.16336509356627,-1.388010688693047,21.592208617538827,-13.841158432166942,31.447618364555279,52.086597723391712,-72.857486836007013,64.337668479289476,-15.822834211169216,-49.016163992521314,83.797895577804454,-72.571574723728986,-9.9237051725795986,46.013379109126802,40.727485399437199,-68.626568770895815,-8.4725547829584649,47.332153764959642,27.390546937491052,-17.689914888739928,-83.971581906421946,0.26758841724697202,-9.6916717678267386,-37.024748123046756,15.032869564130877,81.332732392158533,-2.730533647540403,29.845368798679814,80.197105939072642,-27.430202531631302,-77.364533430506341,38.677933353089145,-38.01810917498419,-26.199937634979747,71.821871596399518,-24.897992428410522,-71.197637012485288,-6.971259196991908,26.173736894310494,78.113275259791507,49.582094647787343,-47.224790904023834,-81.070865087085011,37.154161617310344,-8.1073752081099446,31.038419187952414,49.263082126719375
14700,-63800,2.0004066303881345,974.46688728145523,3.9883473855996949,335.75521327910019,74.910261378282158,267.52288727230285,105.73556385042481,540.92656361735771,260.65582567347803,382.27904164298917,615.28034849065534,132.87532376489662,298.14259689025937,38.38014889613649,63.890940084939963,79.876644622135856,1000,735.89857581750175,101.74520253186117,422.34688979028385,47.694042025187912,523.68733178953369,444.44775747687288,582.83948757390715,264.34796562418444,864.30313662340711,1000,433.26342688348234,860.93562828362622,648.86926236791714,909.68455150714885,387.04587425257967,788.01011414851951,876.29973887645497,839.26734913846121,583.68740404920322,550.35408106666375,392.38175448505029,959.57175476007819,463.57053144034052,500.29028653326338,887.83545851467807,284.38754649272278,656.54590739006335,401.28508417916828,596.83149766913823,275.83910421242007,181.38382580367409,326.82226674567733,155.31139557196838,72.464110968227004,34.327460085395849,800.16056330807942,195.70348852769357,665.28265510136737,867.41397167265154,567.40999442150166,403.98086595747225,28.653905959579433,967.04973016474821,684.7626337243845,403.71927835815734,12.227644470150494,641.17498498926216,262.23978340769298,815.50581026800751,640.05179858418478,860.68169008961127,535.84703024739554,640.51153685598865,186.80331731468758,718.5854224725756,525.44764551089906,45.686263535524063,812.07974615112516,187.18077135577278,275.61763471573175,860.37941616266153,144.03900336814735,636.81053488798079,569.78612579789922,797.36217894476385,301.3149177397201,88.68808763814485,194.03421550367281,778.57418352153252,630.64813416722711,379.57423026202338,743.77023190123452,460.54119549940503,387.76263737280772,95.18562767190376,749.14916914287903,17.519349566987344,893.8728845592284,650.68255645539057,442.03278451732581,727.37157687332626,580.76235960756014,200.41031814225076,52.701405003436953,-31.140787822799936,-49.165972104093882,-35.136503217588135,-34.810251532744054,49.265857710677047,16.502398427232833,-75.082424855854526,65.170071037022694,45.578477333868257,-65.161666608674452,62.685929971179576,8.5858136701095695,-43.851433744424085,17.764740325638336,-49.452829936065093,-3.4435490758317915,-11.459895972945406,67.604044205536553,75.781658604036181,2.8138102244224328,74.222275008779562,9.4932245881751811,-80.021258841280726,-25.137739245423496,34.778359781287719,-83.172564953447335,-22.600807645774243,-29.440059531829291,37.416016815775954,-17.082515342467392,-0.12399371195307474,61.67180506655663,71.769328123383232,8.5565444249297506,-10.387849740288999,-18.470934997866518,22.287161199750702,32.063586208132193,84.528740493125085,-23.856534431880807,-47.994212384658312,44.748732381572822,5.9846628971967197,-10.525162177044582,-26.114510921876281,-68.993343768640031,54.376880741203593,22.118462843338605,-10.925190475218074,-16.737850586291128,-6.7167901677102568,58.699328401006532,35.304314500049294,36.68376643556276,9.7711499725010462,18.081254803741825,19.711099391753336,59.455998856833617,52.385749532207839,-82.195385009063543,61.478893484314632,-75.808100506100516,13.214172437485516,84.307092197723705,-78.142499394611477,-63.065157463938604,-25.976755017951131,37.092925677468287,-68.618637300535298,-65.108014982223509,60.679558911726531,-37.328772179884268,8.8383300514381951,-84.134381331264791,-15.972977328138493,-8.6901286013240551,-35.343368638656088,-4.1014647091657324,80.993765276855811,53.034428016660392,31.618414416020155,74.56325677021006,1.8647756781616494,-51.405943996601664,39.704056333547058,-34.735085647773687,-27.470814471307957,70.155921913679663,-32.404857332688451,-72.814860849991888,-4.7647729128093426,-71.349380422414228,-9.2421864554917832,49.697727829400257,79.819488671825098,-80.986138791937833,36.800620776654128,85,30.693446885876888,-74.09518982536116
10100,-62000,2.0219614072075376,999.98271150085498,77.701899617858899,683.13633998230807,49.130126231507276,187.51210944532849,134.27627683509237,809.574375133893,103.62434992324002,475.0783615730067,604.39503060489994,367.98133559141803,117.40236282524945,15.386865174703473,626.00453592845679,323.37996550111347,554.97008133314785,711.9443803820609,47.570924617799676,395.36448082947891,801.67456128777565,554.39300421936844,928.27707009429946,558.87247102027197,267.65527309329536,872.0120876819891,107.42071087581292,118.10885296797787,858.67390524236771,682.85887364197754,1000,630.22510270815508,803.98975347516898,103.95159855708687,535.16528805375492,815.91498717806292,242.79664359621819,220.01828510508335,441.51179923950167,471.42176090653493,490.90746193402703,855.91813904146295,700.66347651949047,624.82122133626171,404.68860595163079,597.81789481723285,387.17977302071841,366.01310061050776,115.91867897299714,176.48653432513495,589.83245508323478,35.103937501298809,758.34325756946873,189.09761319178537,626.79213054728507,628.09878076363157,351.30789131221127,208.43277590391071,901.58563027115042,523.71218577323066,296.08734990174395,708.94392019535576,863.87898387274868,3.0600793446708963,485.8476660763979,13.193200675361823,910.21414743204878,503.33210464119111,488.98203395689126,635.1560743889064,139.89731061374741,727.65005581287903,552.35737079826322,533.53362992445011,266.70086266153697,551.47561420705995,276.43135476114577,839.84650412294525,325.40699016011479,654.77249369367223,97.126945372539808,836.79512605874038,280.06271989483008,297.14467183367424,188.72567118158929,309.43892970639376,680.16722668748196,384.84439920846944,26.145275758705566,477.97642197563431,835.93610850371101,503.92434267903269,742.36666002046445,22.792541154977016,796.5772199960993,801.83792572971481,462.02353523443344,715.74850706839652,577.54661540594088,192.89296592875669,42.6568253463292,-30.511644949551545,-39.832446730745609,-34.325156942305895,-34.586509522396582,41.37020396671754,6.8903039667458756,-81.361918011471602,-10.179785259977052,24.140181011273008,-77.482067875938725,-58.881192922990223,69.735654593785341,-42.967059826622503,16.50524485949293,-48.978380011664477,0.029982681986393089,-12.114981813365771,64.807023856706138,-32.397447277797816,0.37765543054229767,24.910331574405923,-43.428831672440367,-83.480171936263261,-58.538040092487364,29.716268168498853,-69.534364886362354,-26.764418126906833,37.02088578525769,-28.148256605058798,-17.088805674576978,-0.52310761393775662,60.060028370615093,74.939897013563794,-32.529120506164695,-74.286374155101399,-14.613362434061312,27.379539481627909,83.857353840327335,-22.822337738976568,-61.748353871213283,-77.45270435274891,46.319635897262955,5.3782994813763487,84.920727395239084,-23.516905313234819,-52.437057045502002,-8.3517728112558203,-53.768545430114358,-13.266521938516378,16.902699801316139,-5.5336020642933317,62.333241252161933,34.778034032922719,-69.403325753730272,-2.1619019122389287,-33.232517600612837,-21.064870664442243,29.039301969862073,52.49652427085023,-80.523965526216642,-16.640622079807439,-34.078486250553127,-49.16326006363316,74.842220284740108,-61.005627443694443,-17.059497914744945,41.809138405763747,-10.303696896666919,-68.612251004440438,-2.6869698264949378,50.581054492499405,-70.39154604926668,-14.47636746434366,-84.114580927606397,5.0721410394269864,-8.6798133318077042,-37.337845398207264,-4.3136475333902755,78.912625088695847,34.980269497124056,61.383839950305244,82.566171719038977,-24.009305493600269,45.918229208522924,37.313091705520648,-35.811330723696457,-27.365619832605045,36.285325631254643,-32.095026439810674,-70.120082659455164,-4.4246788785172502,41.886225312503534,28.892158833076497,49.481718934892108,-54.37672442236385,-80.884037358899135,37.026778304877276,-12.484050353865332,27.097285111878911,17.514777351551349
59200,-68900,2.0224176479697467,188.19097369903028,3.1757124056087811,199.95136586043358,73.691399139806123,106.87650828421455,133.37998711693118,822.46325350220127,123.10501020785568,476.42723632999076,617.05552019596348,114.59668117299921,162.9007264055019,332.94836492986201,72.715927567829638,99.365536162756186,605.81452498097474,702.40573162975227,474.00578270500876,422.67777378515405,834.23701865898897,322.54566048744607,897.91493611960755,559.08158409547696,266.71283222781398,845.4402420801506,136.5600533014325,463.35029814569384,873.4291979100467,222.61154249181669,912.98999692170401,631.4954184697765,243.4517341402435,966.86523246234867,920.57935622471803,573.55196021015092,547.22265723511521,400.7545538390454,930.78310317379476,409.97072422318678,528.82107235373996,806.5698335466127,211.9073320804298,651.70974453402243,399.7319004259175,593.70935893039746,275.99769210228914,183.33103839760992,333.74983504389769,156.09738002964261,574.22135718079085,43.424411444415071,800.23212960093747,188.65857147381311,665.63372306401448,637.7023178082128,559.94887641522382,207.06851104725121,909.33639746656115,516.57494423881826,665.79320764907823,396.11458386872505,7.2419907683897442,844.52547354833268,267.35542714032061,860.44037101100992,904.43825040425827,955.33065608793959,534.23947621311402,635.25226768089578,186.00633901693323,670.80724360391969,537.16892501779046,535.410384660114,524.67099496219714,617.39123852395937,275.02309916440254,817.67343057574431,647.62458738900682,766.13081783322491,552.38535184940224,799.42863520722858,307.48056830657907,41.70305908037389,152.27353614748338,771.12460620935371,669.86231759564623,426.63396767293483,731.19472966029116,462.00559223881339,371.01116674738881,135.24886362317289,740.92672152831733,91.918914969473036,758.7854874729652,794.58549539160379,473.94720600226401,724.04528588063056,587.34423761627443,192.63360724009863,57.017513294408936,-31.338859302226886,-39.30386329858316,24.428520808220867,-29.401580760441856,49.229551492558684,-80.940418885341671,-78.271521601043204,50.211048048540555,26.868796080533738,17.835274305500125,51.371539113935846,11.397466550167987,-43.82792684543395,24.612779434429648,-71.07473274698593,0.27303731916120189,-10.589056460865596,67.403259958014502,-34.13506194442941,37.308311623398616,63.076117768374566,12.507618707408922,-78.678607964993319,-59.894735266481348,32.252982694757584,5.4626695826177212,-27.168765968030129,-33.679822469261637,-53.192240606042233,-17.06268302251701,-9.0899849063454088,61.645226356590527,76.563883469628195,10.341803087910034,-16.252107654304638,-13.315645279639867,54.397611194490977,82.982965816210509,85,-62.196685880587836,-72.989059028860794,44.671100492877656,9.3777411932387054,-6.0536564424784878,-48.378860755381524,-51.884114498204326,-5.9619018316111552,16.454099305650917,-16.020146276120727,-25.180392005552111,22.920199928129009,61.88173369628835,35.29812928969185,13.186398963352396,9.4293166085637274,16.005271064076055,77.177909293796787,26.79904233489777,52.636819050317023,-47.316123396582952,62.270707366709686,-68.790020411581139,15.711628615805239,2.5909439288509333,-71.470475137177047,-70.913369949797556,82.751171826415685,-12.711117754854769,-68.577782066393766,-64.729129472804132,64.723203251192587,-69.49328872269713,-24.09723838076685,-84.777597794202052,0.033601964014511765,-9.6665637251090057,-35.442797068851725,-6.1507220068840347,83.833492207949675,3.0573209683309273,28.446873008243788,81.956791873995456,2.0587375243211046,40.816422244072037,39.90029761897997,-35.371391151633674,-27.270075957088974,31.406791300905414,-32.945865885710845,26.561201434941513,-4.4344278073567862,-57.774403717432399,79.246073237625509,49.750599940231233,83.201994228680093,-80.499357883542288,37.002152498232327,32.212565945807484,29.384222244959233,-72.654112704893976
5300,-58400,2.0184074173221691,999.98693576122014,173.62523436119935,681.78114895305316,73.222686361120168,186.95398046397781,156.2234921263105,809.04420139197532,122.8570978848106,475.04200709512253,602.18542131993502,362.57324700414483,83.58729178080182,1.9350011908966041,625.0930645827267,76.581377976334991,515.58822449452202,702.87318082037109,48.124578856711885,388.93527785867161,801.12315605120762,551.19964492734698,935.73606250350201,558.54706255326118,267.64622640952263,872.60118552847052,944.16968972174004,114.96973354002115,854.79043975245622,676.38167673436544,942.10455666402027,648.48931693802626,801.50401807142305,861.97096536661695,535.3086031477759,829.81284888158655,989.31263819198477,217.21204691595972,441.27323147775746,468.04019747961922,671.40418228218846,845.63842542613236,696.10470970898552,619.09233611495711,376.26111402844185,598.41834342414927,388.05098283096351,208.91501208250372,117.56596677098935,175.40570526687637,590.82693678043699,35.144773801942684,764.17843725641092,158.09323261760872,627.90274346308968,625.27565256853063,349.33037474931064,187.86480350158374,880.76150530126949,920.68697015160183,295.63628035748604,398.4835129634377,866.35273242424046,636.38094258991157,480.31497145245385,15.229425308017642,903.11041642685348,868.2306962144346,490.03366201200288,786.71849085474423,139.48572904673844,734.61161685683339,138.77922427769067,527.77611984128725,812.69062540850143,551.19339992878395,258.78339430760383,841.30363252063944,323.67013929368886,774.19394391629555,78.644470812610919,800.40411689493703,57.158723645328593,290.14611259496553,188.92997006405832,318.80270667370303,680.41240708001578,383.58510870676417,771.25873255103329,481.04771831673952,835.74247420679137,504.21476450685503,735.17410462847351,13.295521911064126,799.39242551284917,802.45588068720861,98.637342320137179,662.42234225682546,579.0433977414009,192.9609166165468,39.822182569184953,-28.828156500013527,-22.389324218845502,-33.596638227490118,-34.568233336942257,42.54842632042655,9.5637130694182222,24.304062593917259,-8.4089075386299736,28.223262258318893,-77.353940134745145,-57.72227731590322,70.062517459559203,-42.958876726363783,19.616099543333142,-49.138873197478041,-62.71077340613823,-6.3312334334128524,64.810104832624432,69.348108775560647,-64.276251055763865,-39.268370931551054,15.105196606572241,-84.8282709897953,-53.839336340394311,60.639553482889283,-82.410067754238128,-26.312244473294665,40.064085115859562,-25.309580287767901,-17.09191694878777,-0.44589104971400939,64.806133982295464,75.054755732099167,50.53589536751344,-23.173376992281277,-18.077953032815817,27.582342311493274,81.14218669153081,80.752143943243155,-61.748916743930039,-79.895094601020432,43.624283544473812,-0.66459688718066445,81.755202600525678,-23.541928994733745,-8.6914806506601305,52.165907105780249,25.313273761056472,-15.12952229120296,17.263012648458652,-5.524009389105772,62.30805189458686,35.424140547823953,-69.410637345784266,-2.1329004583925948,-32.271331713981652,-25.179130563907197,30.165168734911315,52.401037244440062,-80.548884225185077,-19.867705584847485,-28.343568088245608,-49.153047726778034,31.890956844711368,-62.49917800092544,-13.019536182779353,42.456028316145421,34.76403622316441,-68.617796508861275,-56.167726681424696,-15.141323959948451,-82.186226806819406,79.511696307176123,-82.632078540440091,5.1394781347024363,-16.195258074756673,-54.8403142965225,23.028898614256498,75.208598748035897,0.74521038856242217,63.130402978918305,-5.7801715454871996,84.200478009733956,51.915387760539012,37.394479525017395,-35.08350540561834,-45.367230761725018,65.909489170360231,-33.010635657771331,-70.494238497521891,-6.9964117759218487,42.065711993766215,27.280102260007716,49.806772600971179,79.001715813941203,-81.714616368944505,36.805373707436047,36.492289044884586,27.456312479096471,16.285022158909101
1200,-43400,2.0014720895057665,999.77398407957821,173.71512838814542,687.55777831247997,60.820738599867425,185.40995598320887,134.96139432548136,808.68868689990893,92.367315678746209,387.50200287591008,603.41967812794076,359.84473989089929,290.15741843631616,12.289182319194396,627.02648437287451,112.92427427043826,529.71873134615043,708.25237731353684,92.969963731792049,30.09536547803026,518.29830176970086,512.427849577139,901.73959389913148,139.757424464845,262.48104852517048,847.02095228393648,925.74549431370247,107.04455860546292,857.41584959875365,850.16715840731968,117.61520506279271,619.34837046532016,80.509983062061849,817.71283317565246,324.11457830292613,824.90209139598971,561.71392050380803,893.11014247874141,422.25771251706863,460.9661475282719,513.74357250618777,529.46619371637871,711.2678849183867,628.05006267775673,400.29641400063599,598.53553094246308,274.45603565804015,210.53824048822722,133.35348365569419,174.78660051893235,578.28511079451391,51.865546783746105,705.33294033115362,196.14336785528073,628.02125740604754,890.30866526406157,348.89822646533679,341.23277406963655,320.73134257133535,892.13925998255377,274.94734309415776,720.48140886832391,939.58525696448339,49.519016594504251,482.96549077585655,55.524792410309686,911.06683195723838,855.58353417094622,517.71007129633165,776.03945145835576,191.7810677106676,736.84470862426019,103.98043206476996,454.07865689534492,811.31876212665088,163.96497257668958,6.7446560925784382,803.77484539352213,317.21137161876464,767.3220265662826,608.62113327264774,801.74768305244174,310.59731968608259,301.79459974769372,188.99203714863762,750.48678284661901,677.58281206315155,384.9114907201249,775.83854404794033,481.28683550779397,825.39503457483511,466.86491936094581,741.69721213115531,7.4641125921254172,815.35408333906571,663.62261752817687,150.31484555607693,718.96293610837108,576.80986741124082,193.01129521200377,53.765328856096858,-20.882582892878858,-23.492080916738477,-35.246243331937862,-75.945107633145156,50.041250846127021,-67.108581772932681,16.654251520919392,53.995808603225612,28.16660802219927,-75.859342902266889,-60.761256694006285,64.397809882796622,-43.0624102337217,21.277414763912219,-50.457531408695857,-61.27064199154141,-8.6370370311492906,64.816470206803871,-36.059984450375332,-65.745445134578134,26.149088052350635,-43.476772565151407,-72.181893040164425,-23.086555826865236,61.973911861480843,-80.37858361226634,-23.441559820118691,-31.88194039207179,-32.143018770872786,-16.739216040722873,0.29916084940029836,-16.05382615916383,72.469821608634589,50.260583188210283,-1.4143698141467524,-17.070817847212346,29.048245589876544,81.177302376360359,80.555849442801559,-61.188745461872735,-51.440551132736331,46.11443781356553,5.0916723679207667,83.150228014798671,-24.774502881903349,-9.4675349061578764,-9.4663148613091721,75.10125880477176,-13.13168475727327,16.937877094539946,-5.9165354397277197,62.139165055537774,34.652065966205797,-70.483244165328529,13.161422122982387,20.884270349932482,24.096498584619518,27.242408735745716,52.435026280453869,-82.184288928847252,-28.020057603211811,-37.293457068084876,-48.923160918444111,29.257159625389228,34.608564246683287,-15.003827677903971,40.546280833828277,-10.613188058990755,-68.6186159640055,0.94698319412893284,66.035424229037645,-81.151360553953154,72.669448998527074,-82.242162409051986,4.8204847124454426,-15.806950481752903,-35.99845916050883,-1.8870058137819794,81.302389052751337,15.962785895277001,29.063788963565848,75.29897670981866,69.136989680668165,-72.878515653589673,37.406328292549134,-35.093247585922576,-28.067872589655938,65.944548674542744,-28.620176917277817,-70.470027700428588,-3.5364585874126231,-65.153142266842735,30.876602011834777,51.245217172803287,-64.968654634992276,-80.977003042289894,37.129924357765624,40.615702113900056,-29.983353258990327,46.041628922936582
43300,-66800,2.0562292444127048,458.46932179264445,16.078033447797992,324.50913949832812,58.133804723694084,134.99086058151221,157.43844699225934,823.75175041593059,328.94847693023968,489.94821474799971,603.20571604982001,370.11715995580767,273.23307493541716,43.355864035259657,275.93232763180941,76.873227789300216,1000,717.79071032477555,64.267616419016719,392.38628529517581,810.75058609784674,327.00519673762176,810.7289486267083,545.78603506209117,261.81565160217087,844.87183021107649,87.78491477915351,476.25415933745018,911.98613543994566,181.26225488503979,151.03704407525294,447.38231690150093,206.04033338287746,437.50920757628683,798.99457432670556,814.29145233142026,227.58993485914937,445.98779822254693,422.85701406589027,477.08578856090151,545.64481917478952,908.11419410542351,673.77816740801063,657.71161914304628,375.19461983248897,595.36729267119972,272.19285502380279,96.014565131276953,315.76606823633881,165.28421465277458,578.22667304204583,68.991526826625417,797.0650942446664,200.17763202184469,667.2552129122937,874.99732854507886,369.81449469476786,489.67468116457923,817.14644631745102,450.2300203207335,627.41148556422718,423.5327451980628,766.81582473564833,13.859176246631023,656.88512562292692,359.55361282896968,898.91943455075261,900.30268575635455,480.01714583218569,643.60076683415423,137.86331201113089,754.50487999294671,912.31305061644082,525.58230689606603,273.09319669196952,553.12625238204623,275.91924087158054,817.19555370542901,158.10369231861284,748.08623262326444,549.14077171528436,796.77215918499292,40.287381798191433,683.27379153611946,215.83810216695514,755.40827168993349,681.93341635799072,380.97589653089312,726.53559275588509,459.42452082873234,370.65389312208919,463.0146023190361,725.26650357026585,26.528922871962177,317.17485797703773,807.03789335103716,432.21440380051456,809.81339383139471,562.43823332915827,179.37467491298293,210.77435985646952,-31.146282486881912,-39.559749199520859,-34.115402691488555,-35.547118017203822,49.809502055515907,11.320972821011367,-73.891085548878465,43.335329215215495,47.55940204355003,16.290568519940244,-80.787582046750728,67.878866921907317,-43.844247756082929,19.637737533078699,-49.483665291654439,-6.2266866659605187,-11.41044900627041,67.828312809431324,-35.048165454598703,2.228292917162662,74.021476672073348,-43.12331021657694,-81.332065539290127,-27.173437388258357,57.437490578772397,-84.016093306798382,-27.098186559059002,43.626330705915692,-54.784848323849637,-17.068954111870266,0.8818118992337427,-14.931747506547804,74.999911808533128,4.0552432008131021,2.374109430172477,-11.924055685622966,54.054888689106228,83.614116451148476,-37.716177993946175,-61.500841702298267,-50.986143793253589,44.711251438242428,4.9749959816755478,-10.144584119169494,-25.76412125561637,-11.828509300108141,52.279974660834,23.606031553861218,-9.9677406830580892,14.593906237003049,-5.4422764972954489,47.805472816462689,33.130911167567966,-80.272291640529659,11.661625699377101,20.903199928951928,19.987183517910172,26.42623956530203,52.305298763338584,-42.306781654436705,-15.912681644397168,-16.532287723109128,-52.981396318791738,2.8432237455750817,-65.722326580714196,-30.699519141056069,-19.742294539034781,34.615959532447967,-68.476289467355542,-61.537200684071351,54.830250610746518,-83.055882839538214,11.174898740891962,-84.177423487030183,-0.23115705647512796,-10.067628386853423,-54.602493469498498,-5.226597660121497,80.528356867765538,0.079784846127651576,31.534647102684996,83.928759744364356,-1.6813950396631383,-52.805431174729748,41.074698975210737,-36.649564601671692,-26.919592456172431,36.037411058290644,-50.231163342469429,-70.027709544310838,-7.0106938064249711,-62.293876516049082,28.338338830745688,48.915536091874955,64.082042563445071,-80.501354087745938,36.798476618841981,79.109902839532381,29.621546090581962,51.267334272587604
45700,-67300,2.0028845952789851,427.94573482278213,2.292841664413853,344.0481555765146,78.315502866297379,785.57681039183797,107.58683674166288,868.2116904615641,263.88637379801827,372.57389643474812,603.0388088119214,398.90488970217609,329.67981234262709,348.11712142670922,62.697696926063244,72.625789245290818,609.47610732075452,723.08358445538988,79.102359814240245,421.12791978239039,809.92990529775432,324.4134733182068,897.23657513354055,543.63902615430766,270.50001723601821,844.12959634670585,95.020056273206535,447.78023082253509,67.076192288838769,636.46225654841749,165.44688807252032,223.75369381028997,242.08507172304087,984.07393352072711,575.32667936034284,812.75772812834532,542.98185846902186,894.22730996158271,339.8964590297872,445.07197330831571,477.66835697921658,904.86552872074367,740.73248628638737,374.42062876246069,374.57596113030445,596.82378319574946,275.31350999439286,208.17906633902351,65.257037470602683,182.57409455760219,103.47767450073161,1.2797409520398055,748.78336637012887,185.91160408974207,628.87594161804168,663.69133749494233,629.55639955636286,170.18954849142426,969.6493481244778,1000,267.36388914536394,404.80515104097259,7.9611959106037951,652.26071169261024,259.26205603204289,860.78798860487348,909.97744189693196,959.06759091260074,541.39171755846621,646.84970920102137,197.64001555499348,665.17220767924664,909.13900842701514,19.683108369359843,828.70119256617545,602.49606282808213,301.90149881216047,818.5136482141628,123.27669406120955,757.29483395950899,591.92845129586976,799.42689755100434,310.06604903459203,178.35075825930352,153.94469908937828,778.6858343933319,679.30703144631843,436.46284284268023,756.23440550402756,463.19380453263352,818.93395450645858,564.55166745593158,741.14874864361275,63.481080807199888,867.66732813653243,799.48182636820775,64.501008147286342,723.72692958612549,579.44215484179676,191.05099851639491,52.615483773869229,-31.339377024696173,-39.519009896544496,-26.841879320632415,-58.09034766546543,49.419557124746959,-73.459626176346973,-81.749441819999404,52.138758745868614,-32.190084577627673,-64.143652628697794,-83.668692173003308,7.2354697991029706,-43.874484317910749,21.702474155036423,-3.4616525155601039,0.3570662947193578,-10.546136258418727,67.741678377838269,-35.213338450341674,32.424527513105808,-45.052926825642572,-46.171943537610332,-79.561875041958658,-55.812977319487061,57.964836791024545,12.140667521184902,-27.165730309454993,46.93015326072625,-54.656576889003837,-15.772263513980215,-8.768320687951773,-21.174344938994761,76.608691818575053,58.988758905503474,3.5033471128958711,-13.604300051726234,19.601362594337591,79.524921035348072,80.122624368959634,-29.095177738672813,-74.352933506618299,44.17810825580667,9.608561561994609,-1.8679411866714266,-24.818712045724698,-12.825149692881416,-11.407914575551541,21.92946595197612,-75.341632658824977,-26.418479756996067,20.67851430864232,61.053687569917415,35.971333671632109,-75.62261369442129,-0.14206254272879953,17.200905439720277,79.397380949177204,60.977539128688178,52.454365998836288,-37.915615569299305,-14.664404630987029,-15.910241649185762,-53.446278595690778,83.642477426977763,-71.641156429580732,-34.678944198601855,-23.562303986943899,34.882786781898417,-68.587420776367225,-68.887497370554584,59.199567648980612,-82.116549073706139,-24.626233278960051,-84.136130368366182,0.14684730858047113,-8.4369727492121562,-34.451251489281525,-2.1701296378827517,84.740846632851117,47.847517325168091,30.014709522259402,32.469063436351782,3.267958881371821,44.987969619762062,39.726484764192023,-34.615356363804089,-27.272876033909085,68.741264714863334,-32.144938248151917,-75.981046986548975,-6.7636120221772345,-57.556276969510144,-11.282759708796934,48.966553662436525,-62.584682504560718,-72.800375350715939,37.317458367459835,78.356266655737386,30.70840939439255,-83.959835344683967
13000,-63100,2.021099195811757,1000,2.0091007926972644,696.19896380006071,66.152804218809095,206.63121944644098,135.0149859490881,838.08512894965156,109.29094017211071,479.584261545228,604.36349855231822,388.75132602220634,280.71151410674003,334.02592256889778,651.36633361171039,77.451892436266974,609.56515791044421,500.12357722327755,83.418912919049987,388.81633247665593,848.81713866055702,312.39185480406195,901.39356792805847,212.01265111688625,270.10095417784305,872.96814110774505,89.700218115980988,466.13302346389895,21.750850267837347,691.80272626615306,129.63653991128564,629.262184676277,38.074937443073907,144.89556543012327,576.6401565360261,813.35090002438096,540.09886476764814,340.55052890582863,464.44361468648435,405.78993402425192,542.85308792367528,811.11875304138516,665.07234749187774,616.7535854661603,773.82100953731106,598.41855781435356,273.11937907365854,177.18485843451009,330.07288191238757,170.53320364028741,570.42306399286338,42.742353954324891,831.55060151065504,147.76732327260513,662.03456235812018,648.24216496328779,347.53357993306463,204.97175915325391,349.81557500032091,496.30343862028059,296.51458881808168,769.88515055526307,22.112595366044086,23.170118204118566,665.32094382159175,838.69017389028284,913.64083965507757,536.76811114013162,487.40875457741708,629.65113421162062,137.40055155000374,727.48139893818075,931.58066711280981,533.17312246621248,824.46788024568627,184.21026026907739,6.1185681786618034,798.40323225142879,303.7434219750902,761.53242815057774,575.4400754145255,799.03348544626181,31.011467423198017,283.23928822548066,137.93844417074521,333.33278126194784,670.93522164265062,384.37198978782845,54.838510179804032,459.05827088298742,824.49211984533576,83.163289083401182,724.7248940568835,880.9104452510386,752.08736846269142,660.79510271411516,465.05966210011508,712.4475218967674,579.7333779025879,192.89057645765175,198.90487989667389,-30.744456017042125,-29.802080964446244,-34.050155032771002,-34.059858838789886,43.432760829722923,-66.59828464120956,18.863850658092705,52.10994450107745,-33.840919082772537,-77.385452778461698,62.782213831538684,60.17545891432566,-43.844155717161726,16.911551150784536,-50.174793517220785,-70.770005588034792,-9.4973624357453019,67.376424384536804,69.166174666428063,39.16555113189542,26.970014338917249,11.711413193173337,-83.986875680817462,-58.255121333232182,29.151274074458271,-75.206726419887815,-26.834118450745827,37.23729866035719,-28.425509183934729,-17.690674784586861,0.55812349320338095,64.932897852151399,74.901472285549559,60.045133044894783,-75.529162253600987,-17.230517890951997,29.139994692720997,83.21428822996296,81.344771981496592,-62.35290850106972,-77.44921898762496,44.548723191288254,6.263782142586142,84.816297876857718,-24.76736680506874,-72.081189677395855,-10.691955679610537,26.974046348198858,-18.379620067100092,17.40587773041285,-7.51659118685658,61.623404281042134,35.268578162586351,-72.061298897815391,-0.77756590669274939,20.979681594712915,85,29.327104475165275,52.493926979718644,-75.153788196171902,66.096300445903864,-33.634892841507636,-52.177857896641036,84.702548017898422,-67.337449637290291,-16.341281022682175,-20.444999906993711,39.556444430782555,-68.484391701880654,-8.4571504278984051,59.334544395060526,27.330291696237708,-16.390174296082279,-84.103807616751041,5.5278328623452335,-7.6178799109778819,-37.336321699155803,-3.8551832212383994,81.522465917444293,36.766629104765002,29.811876254686631,49.797827450860339,-1.4006771768043151,51.990250534619989,39.615269884917609,-36.142358788149174,-26.182300403312613,66.154925710115933,-32.313191204196414,-71.193688124359497,-7.0719125407116907,-67.808502988057171,83.779767459972106,49.53271022627154,-54.69580149548618,-72.585288709914579,37.131740452576359,-10.996649306856547,28.282846568937074,49.295590479810286
900,-26800,2.0214054041095673,969.66878236283537,172.39232620396857,693.03673789340758,67.927432141179111,209.21289759270098,134.60563331234127,811.16883887385541,109.81744958189361,474.00611448738266,602.12425352848447,354.34942886438228,299.04209125548482,286.06264960003966,631.53737003023082,82.249923169679064,515.68744957460365,708.02484451236887,97.325843134729169,388.80826704817605,7.6802039714788748,508.51072669557891,870.14366483332526,551.68891645729877,262.318973481515,846.88405374122658,926.36560658604617,431.43177785673703,957.59327582902574,849.71275617047058,101.32231605612357,255.9113497806228,768.46184338667888,421.40866826166126,335.395997030643,826.67214191384801,531.00687714272078,369.00690294799534,280.02213579034083,428.19078897182675,500.93661867939386,528.3214090722671,649.83537468526129,623.0187374583943,379.62267955587146,596.81903155612929,276.24024555286934,178.67674826902498,143.49029016957979,181.53460394309417,186.90456545367365,58.883381677918763,826.83085228109394,195.00356707596873,626.62885995103238,871.39688024670522,347.16050175876751,398.67729460717806,34.351018041232919,898.15803306172552,295.84729816513703,434.79809704285645,829.47927021577595,13.802564845065888,665.64714352250689,783.14539233684786,808.05007909979133,3.2622354205159922,535.62197800865272,633.33735067224154,193.89216856030288,727.68079823910978,597.80236063760708,53.717737192366855,825.30229158783141,163.70408216559136,279.19240393115911,860.33418026842423,292.11409879144833,756.15873733294723,632.10694577610514,799.21790464462811,296.57010508247402,299.64060075276564,141.0827615025751,780.51742910438941,634.07288748804046,387.811861034733,780.8574663587035,480.32591239759671,825.04292845686507,460.86023342824507,779.33044145374004,14.112034228883672,787.82221669952935,662.68293973561981,75.409171420566182,718.44823014908764,587.40535187279499,193.00307012670461,47.365597518908331,-11.844453202883344,-24.098740406698582,-35.473367568274483,-33.790492890146048,43.335800446035087,-68.186191856262454,24.747465153818101,53.842092577881161,32.813962399910139,-75.896726445505976,-82.234138742663106,64.382633405856609,-43.065178395675353,85,-51.152149932757183,-5.8182963640443521,-5.8548959673524772,67.59058066478066,72.394723822356625,-61.440026987794511,-35.172750126622844,-48.441763805984714,-80.355729645337931,-30.12298344859942,34.764454175432483,-82.45865311289414,-21.970933090327602,-35.204612362645591,31.867561047943241,-16.726039165905103,0.25944685907583281,-14.600130869580147,72.470370941096689,49.501984398815353,5.2760797465019085,-18.347879750875602,29.042201081996041,30.852222030929894,84.600121655760361,-60.72059291044279,-55.675125606556989,48.355612329581383,6.0004652599907793,75.597569295142208,-26.596701816837069,-70.516893671371093,-6.300413220247254,73.348504167062316,-83.746146399341512,15.900355459580645,-6.6728313771717627,61.862766176804094,34.555552289768684,23.534504582000949,13.836964311680987,21.383817737248226,-15.674789275069518,28.823957329922383,52.402833050383535,-73.173622945345031,61.603137487955188,-77.14678031674795,9.0415830144148401,30.420234236750602,26.83449934645629,-14.883946371497945,44.720256104062308,40.232451409646124,-68.570189530459615,-65.78495703556591,62.217916296284827,-37.635534979548098,68.857888789365859,-82.056833384081415,-15.868004993437854,-8.6895542314285716,-36.930489562447775,-1.9137173575542041,69.859833811532553,0.50915185695657073,29.157039563509262,78.112413912888286,-5.7150937425408586,51.380822390240155,38.658658369220184,-35.147827149379701,-45.213079238148509,70.415306886580851,-28.512463839318674,-70.427214004397541,-4.7662520064842804,-58.560850741816232,-12.14829715331749,49.356823227388055,77.407139701775549,-80.389396846294446,37.155191900933985,37.842116010381062,31.509727377719258,51.970421417126317
13200,-63300,2.0018828057940281,1000,1.4487710819344812,362.8793218334132,70.355947583938203,220.10814341865949,157.06570577900584,810.07884857933834,119.53027179201177,475.02062116008261,603.08466666362278,384.47800550848024,280.5793693466178,55.177520604750924,69.235564262621097,80.666164750250601,514.61547437310685,743.19902412706676,46.805340786413844,395.9585774889722,801.81449278608352,358.30479269059742,460.48031626923574,559.2047157536914,267.52271056841215,870.04082990047891,941.75995815928093,449.56442902427256,71.96036388194284,675.98608770378769,154.768315031794,636.66591097472713,802.09384717996977,859.37662796204256,530.64377147362677,828.77897495061745,555.33059763070116,194.3211716699692,472.22891860757619,633.21126482531531,499.24566986774812,906.98376259486281,682.16600025759408,643.75863669597175,368.18385173596909,598.44370262177313,271.33142069889982,208.47179381645302,117.05963803662775,176.90066017807482,567.19539547391446,36.440474868874389,764.28033453879345,184.8650397266303,627.78497472957815,872.29910704938914,353.33342870256331,231.10543029866204,249.62903536188975,921.52066371219917,274.97026712469494,400.23227222396667,31.497977792246502,648.2124468021359,248.76506275001975,8.6116829566482807,899.3035961177485,873.14237071284219,489.86541360708907,647.31185281395346,139.49726023835132,747.03939550974769,908.02060962268956,525.29052118358334,812.39103539344694,166.5249816703016,258.53556817189263,841.94641376898278,328.83738493840372,778.29349591089363,54.861060555247036,799.24001781693255,41.241681432852488,179.08569903018116,198.27211424756607,323.68788357764527,680.89811248919716,985.6795794133692,752.59968722405938,481.00762792877362,821.10023738607208,514.91632700217724,735.02987790273596,74.225131204106901,801.00777906097949,802.69898070263423,408.65097793784514,663.47254483894687,566.21231792418655,193.08023009387927,31.123036750919191,-31.080110331420251,-21.998025698158919,-25.473380934583489,-58.060430896607542,48.06823873242422,9.4034245030690649,-82.860392052078268,-12.85729846364818,28.223362014233466,-77.558102613024332,51.816270689192919,4.3223612011752586,-42.998147034117174,21.599607735963101,-49.137552646313907,-64.118066523880316,-6.3503265874525781,64.82355486417282,65.038663101055832,29.397129339930594,77.503045591048036,-45.92875862140486,47.326290696163198,-53.539217481589446,56.617810554100345,-82.216638845127363,-26.366856485260783,44.026390085658861,-56.9616307714127,-15.775581942034385,-3.8886250130531095,56.815747899380533,73.157937782705375,59.195131721910201,-23.163194550502975,-14.583092607315805,20.78194919444449,81.3750607736375,82.019247981496733,-61.666697709082975,-36.454015458204353,44.955097871945185,4.7512402871416342,-5.3519815931734129,-24.323762360128168,-8.221732576607625,-6.9788558074509304,28.016738420743152,-81.929556554007945,-23.005905074373899,-7.7162962414004745,62.306828612147548,35.936967646770611,-68.640174937968453,-2.1633741541958376,-31.998792964391455,-31.283724381701177,60.542144999385506,52.456298599897472,58.208127861316214,-18.708551334407989,-16.187706612327986,-47.997225239050024,84.998161070288148,-55.859810272389012,-32.866866177539862,-25.944560857934036,38.718798762640091,-68.618180926637407,-5.7573579422777712,47.220716141898158,27.966647182501958,81.445939881687991,-84.143288100855742,5.0375416388227592,-15.539196843379619,-34.388364089180016,23.721962234100914,84.963739833547749,0.58559721930118469,30.251712795133219,82.638675381120251,82.247158232587893,57.697730211283634,39.786511325193274,-35.077283988613573,-45.42950028676433,65.89083992109623,-32.132406041264574,-72.701143485449563,-6.9958526061466468,40.068001622561624,26.258404403154085,49.85299202072899,-47.669124693631517,-81.632238645478338,37.380323088277734,-6.5885225030207017,30.775741921424736,49.694436864150816
60600,-69000,2.0028592607479281,163.29932066723507,5.7099911267237591,289.05327375162381,81.453636475965709,208.45369623982322,132.47855033280968,820.0876114321552,317.87690347937951,478.86725039765281,603.19639739064075,382.56171117578674,287.31189756651474,35.199364558088362,595.82330654793202,347.07221944478948,502.23105208832732,517.86668712991775,165.15962904473332,395.18115912338311,831.93978051437159,546.40540852553897,923.83252880523844,573.53710716572448,270.14438361741605,846.45322800973884,999.92626919306213,450.99564105358917,5.3226897943761031,791.31662928255082,179.46314351655167,194.7587012843662,142.90307394359687,878.27225341658402,582.35688818823269,816.48795384866526,547.19567123965396,964.71693107860779,461.28520644498712,457.95965436068093,511.73623871405135,872.43087696608325,702.20315006526607,395.76364015706099,382.28843048745131,595.45742164302123,399.17513375092614,198.190515833262,310.11271153525934,837.28498901147827,246.90387330442704,45.938567172907135,833.07063299485753,189.24429746257667,665.1035606126527,645.69561903440638,657.40761626968799,205.90976473591758,362.65063559879422,953.98832651336795,277.33775786133845,686.70370509959719,862.51113011177245,683.38947634401848,251.05171779659059,839.52258621296539,910.74053587897231,538.07851740499245,489.07213094370297,640.19708234150426,162.97405134504245,727.68182563158837,543.1235532927783,533.66513588651458,829.43347386871255,545.82164534319384,260.20117625024665,819.16126602852819,302.4181038905748,764.55235528406706,73.973793413937017,799.64922410920212,307.06945250001087,272.17653891123683,152.22906754264358,847.72051066929441,660.86507848834049,385.30853877946322,748.17316980886744,458.59242979345015,815.93196926080213,102.03149676930593,750.45414688004166,35.110157017456416,884.52273320912013,807.95911782263795,473.34249120037327,712.249452778673,579.93680072824702,335.5831418022654,192.2511898052469,-31.331661043059082,-39.678391599585225,21.152886357501757,-35.255476887228376,41.378482525396727,32.149415231073505,-81.929618000417037,-20.148319380781221,22.992873748419818,-71.865203885361353,-58.511195042029065,3.5116366390927984,-43.844925948135149,16.616517192519733,-51.457218992202613,-1.1612931529648129,-10.08357662323329,64.665378069307224,82.982691112269976,4.3154643079135271,26.585542809462105,-34.575392563505687,-80.08178326937427,-56.176331182124926,24.5313040509131,-1.2882531060605515,-21.502123710666766,-47.672609089007018,-55.75467710120364,-17.069832325505356,-8.9156283951449957,-8.9724561353283256,76.558978470999534,58.725079460008217,0.26568017187612725,-20.886194512662048,22.442209816616014,79.586916664989502,-29.58280490286333,-61.858362575050677,-44.302465532893635,46.35678990531482,6.3792020507581499,-5.689092534206921,-25.720611503362637,-54.901596299384423,-8.5581537733077973,35.061661540672681,-20.909345454421029,16.235711024821175,-7.7930095580267027,60.903923368111421,36.014921889174495,-69.527358065494724,-1.6046906965876997,18.761593332116391,76.329348859907071,64.251492142175081,52.498241121433544,-50.328010215339717,63.596792053610947,-33.678132945094191,-52.912649030458866,75.46205242715358,-76.674558133407714,-33.486348630246766,-24.5836865166916,-7.804725127410105,-68.617328619234357,-65.792162183054984,-11.315321176981477,-70.518914753612776,-20.620830732112413,-84.581578278346058,-2.0845124887306596,-8.4782344480493332,-34.227809439751688,-4.6292509751366255,84.540594661217696,35.657628009078472,29.920987909536446,85,-29.645959425457047,58.387336018319573,39.69534383099208,-35.333732557788643,-27.250919987663934,33.928102625279266,-32.386597856299737,-70.185686072104943,-4.3758411961984747,-68.419145761454146,83.658637949242419,49.694410147289936,85,-80.508352222220935,37.040874867298477,58.545260045836464,29.37573089809106,-67.107890310693918
1300,-43900,2.0583172035315593,999.76834326586766,173.73612891926567,687.53583491612551,73.10041448812224,187.02763696588846,155.31810997806633,809.25903174823873,129.97763175448233,477.45305399302862,604.41789914538447,363.39452974467383,264.66544580545235,3.5879979331308505,659.74738083023487,79.525879692989434,509.64664382648022,706.70511966908691,574.38001556380357,386.72674069421726,797.20266902633227,509.126075507233,901.06270826947502,185.54073963775491,267.56254914548055,872.03638770362647,953.39105208963861,107.05326083013324,852.96079952336765,831.81535530232145,985.34311750440929,620.51893630279585,215.03156405485683,92.182681350956386,322.90094873377109,829.0502883402828,992.03366229318476,908.22350246935548,418.39806470044982,460.26310402345251,513.3720488052171,881.00901668775373,672.36653173407967,369.97931446403572,796.18540994157343,598.34376226431095,271.08988128370646,209.93663547213893,115.45181264201005,174.89561790361577,570.267224797974,42.875781457291019,237.11303961742269,196.18147272057453,627.75508425238127,620.23354873254061,348.9802185131997,185.88766845487211,361.02310952751213,890.10209925120557,296.3105026728033,706.13569182249887,941.97500285089541,43.333422586126197,474.42655980923558,48.85891750151724,910.87510389552517,902.61938657278836,517.39870370873018,778.0867148818711,138.35773489461269,735.68917791463241,50.07122057862307,460.42626620254907,811.64438358169548,553.05646442742534,260.36445859051588,821.77758892939073,317.82950414128584,761.04046877271253,73.884247385025816,800.64048850825861,285.44163040411604,290.12269925573173,188.95144604706408,750.98749999378481,677.16898626248417,384.9221625103479,776.81387105716544,480.69145345706573,825.47276118220509,465.38662704648414,741.68702975514975,12.169600038016261,798.50287203827213,800.40102149067422,146.57839844543366,712.04802688386076,577.23738633048549,192.8473712761226,54.455502636012106,-21.123777594819977,-23.472268522086338,-35.008261496600142,-74.783461734920877,50.343781419600589,-67.104574892637061,24.575659472176994,55.122346662102025,28.126029004022314,-77.363288611537726,-61.404181489976999,63.163559519054665,-43.074438730661242,21.661351548341347,-49.623522965856544,-60.865401896562425,35.757951068413412,64.85679759075451,71.444310541489045,-63.531685388144858,26.152247205511113,10.013517905417034,-84.918141711160899,-26.622849140272841,27.726657389619753,-80.422564732395998,-26.119098812093466,37.606613757405327,49.697881266424986,-17.178370325209706,0.024736478385465041,59.234422284367646,74.809844605169602,50.748341623772006,-76.671060208283734,-16.5270720155109,29.046298964911529,82.873148656877305,80.588412639725476,-65.993516931980281,-55.946549364103475,0.74790812953095598,4.9532346277233437,83.37370702283242,-24.84173594617894,-8.1986197243771564,53.615177990492427,25.185359140874155,-12.948100342445885,14.813518249789002,-5.456985175878649,57.786287743643513,34.773372666804264,-71.30563526192897,13.703271234279169,20.841961501149257,24.069223027759318,-17.728758508716918,52.442129953887459,-82.042325154105441,-17.50598101980642,-38.334507077035873,-49.126439860409604,38.577747853508178,45.487957439438027,-72.970095045654645,40.527202004684632,-5.6142999062773029,-68.618117967678117,1.7839870995852332,62.767440841974008,-37.475325466537832,67.334683003852476,-81.985117968329348,5.161442955915013,-15.756402484862194,-35.640248331462999,-1.9476623738494503,80.324567863817364,16.188902414912839,31.48152467629194,22.917396779342802,-2.7672847740541684,51.281215062658774,37.395827342598892,-36.330429564630315,-26.873527476109643,65.848992035703859,-28.594423309423835,-70.225758426427021,-7.0716939530696736,-65.232992934051182,29.016365939848431,51.265467213934969,84.028433544627404,-80.937218434404045,37.154091815225605,-48.804188821914124,-29.936549695853856,46.688523831742785
5000,-58000,2.0216110922899158,999.98694108547454,173.11083104187148,681.67391385824794,70.26641945762772,218.37132537024934,157.00521781471184,809.04855087490353,122.46226805234906,477.79291712923464,602.17315186594271,111.0845576580269,84.171416935772967,1.6448108106794734,623.88286578913539,76.704066529722922,515.58744930547221,702.87416359211693,47.089930703236554,385.71370264071169,801.1171364327929,551.41910263098509,935.73729790494212,559.2942709150833,267.64628663785084,872.63226003881164,944.34282009883748,114.94496594757787,327.75242875516307,676.36942632919408,43.57906086406507,648.3745076978862,801.98457045019609,860.22523433647575,532.28369383557401,829.29788538041601,986.64697647125661,208.24454293445314,883.78153990733426,633.78006715924425,670.30624925951656,489.68845205369087,680.71584492094257,643.76498544055823,368.15487433047679,571.04523589113387,388.04215014923557,208.45618971644731,117.55661903826687,175.63606693952292,566.57331708955348,35.139739548306309,763.97214092283434,156.73806263180754,627.90274367141842,625.13477506218555,349.32352698087959,210.857092726438,880.57657509597198,920.68706878350542,295.63457512574627,437.17390086566832,833.99609348371985,636.39460297376149,480.21612125844501,15.249228744890502,903.17621284319421,869.24703630659519,489.87299986492565,629.00525298216053,139.49955906561073,734.61329896115512,936.0978150596892,527.77739140338417,812.7059420270964,547.87629231454639,258.78329112768307,841.32631937851727,323.68761051888055,777.49127518424712,46.098608980539247,799.26703242063036,43.084134869378829,290.24124263562345,188.91484972210671,316.269177883574,680.41232306321137,386.74582184126518,763.13201609293617,481.01522055576146,835.74226296643087,519.3176357967468,735.11335790508326,13.271691731868001,799.40174927655403,802.4564090671596,107.90716136213973,662.39896436385311,579.04576458968893,192.95502585217162,31.550388536013244,-28.324558139274387,-22.347658155260095,-33.594972527328231,-34.158161544937769,42.894126550366749,10.573655245297864,22.199817731853109,-12.846510351638603,28.223217758048147,-77.346113022842815,61.168262290919856,62.895548417816613,-42.958905041607721,84.323277031750052,-49.137832294683157,-62.682566728179772,-6.3365060764600383,64.829242366203658,-31.574900587413321,-68.253128507002231,62.304860147666005,15.105052227571955,-84.82816767792545,-27.966663819170236,58.09667200959538,-82.355609385990959,-26.310834158320098,38.312528509683055,-25.307039777529006,-17.100069337064671,-0.44591520918397498,64.821434681741906,71.832134385765983,50.676492342661845,-23.114759972891619,-17.598317962283105,29.010454849070705,81.282247405138918,80.752327376818073,-61.667283608313625,-79.891245429317664,43.635104675680758,4.7444479581644217,81.727644289766459,-24.615457466860104,-8.6588835577396743,-6.9658964081297654,25.324332408033285,-83.551308574168075,17.2573223834017,-7.1022755573479559,62.30904565786215,35.428910484641335,-69.410252661387588,-2.1977899547901334,-32.879355946144216,-26.349936128834329,30.212700398412991,52.402091620655071,-80.588211497521982,-19.876160628912388,-35.277827541969856,-49.15304390940414,31.93443563699222,41.563578525479414,-12.976522855426211,41.8384990881883,38.717896917649107,-68.617794619949109,-56.168413535227288,-15.130680389217686,27.949082875475852,81.298740214669692,-82.621203073676895,5.1562726118935007,-15.917849863455139,-56.064975312788761,23.144370027948852,74.975371040300899,0.56848732886527031,61.642750365098365,85,84.014002356772068,57.684111632479627,37.403627980449834,1.5413555062644448,-46.635941370762055,65.903479494300797,-33.095318210463994,-70.496214887478388,-6.9957366525384179,40.1875768306152,27.123902824331033,49.800945732837974,-64.695833692479539,-81.68275961038249,36.80530201916401,36.44811972074433,26.505071011850987,16.214397811528801
100,-20800,2.0180855127149684,999.76632679667921,173.68439334585776,681.40876915978458,73.079694289376931,218.3322102148623,134.9593822015446,761.70352145880838,353.61806873942032,472.86233489386518,604.44101067645875,111.80395807969579,154.42663351988006,269.99484540858958,620.16211378566322,79.176970868100128,509.74382261123111,707.9741861043392,93.182574179127641,385.97367804522435,522.09117587045978,508.71601319183594,934.55520134616586,181.44146605358318,267.56683169403948,858.69276163587699,901.49956284409029,115.65056781501214,856.25777969967851,819.11372107427508,975.64514631273528,629.86301862620053,125.75983618051254,947.4349791312444,322.90684062087598,816.98442776129741,990.99829637830044,866.26281276460065,416.18185332353471,461.41047784844358,543.39684497738722,882.94699075441804,680.87068871298959,631.0754688309936,788.55246348428,598.34353081858001,261.35017854210002,210.32682521436482,132.14200034467163,174.89841167616663,62.02941641479498,16.426821399702625,237.02009058769639,196.1802172403525,627.74503129544348,852.0387274008516,348.97220898392271,185.76119374300524,295.15120228021578,890.59378838236728,272.28234497778658,721.97918754631803,942.06499870442485,43.335634926538631,481.11015883417997,55.802367325187362,911.55787302058843,911.58677582445023,517.31696617041882,786.80413953180903,138.38478017421198,735.69530365970286,95.56641686291762,460.11239952051386,811.85385578176977,552.90371482109163,260.36359234696567,820.88792849598622,317.11360387360105,776.49952019472619,73.696020727767177,836.40726815469804,282.35933900542312,290.28264835440166,188.89705618882948,716.18890079711412,682.11854053684931,384.84149067030154,775.93710842154462,480.3129030136094,825.40030475663468,471.66390507056872,741.77301023151347,12.090624702293541,800.67521822494018,807.53865815225993,62.457216433861717,711.67058241149925,577.20856480080408,192.84787993520317,54.484610940133891,-9.8620458299850675,-24.025962085048867,-35.019532790164313,-73.657228247397711,43.149748727262917,-65.339260159126695,-77.96816923555177,-8.5316389880321317,28.159521832658939,-77.351114563721325,-61.548390970703714,70.295908094946171,-42.976059304836802,26.366236981697082,-49.949226606316863,-60.792305000664797,34.769150507430894,64.518041328972672,69.614391054777656,-63.675651623499306,25.906485632660722,14.127972150983709,-84.92816564549392,-52.945191904975303,27.115621578030762,-80.45404695413184,-24.273443120465277,-31.846915282520619,-20.124010537966132,-17.175245190433259,0.022198090137245163,59.388266952151909,74.846974538972873,49.53981140961406,-79.042854827047563,16.795884500228734,29.038912862063977,81.130559106906063,80.589334794427884,-61.719374762305783,-54.494297094474824,-0.79356460175053467,10.364176464379279,83.332640491531762,-24.584168514996939,-57.915873776003068,51.449553863456401,25.749741248388183,-13.826964683185782,16.895139311871247,-5.2688906500299391,57.741970426830015,34.771074134459589,-71.189875601489561,13.721503606815972,20.827860361977326,-14.883106949385343,-17.158984403101815,52.435755779568659,-80.579249694624679,-17.383370029977367,-37.656378800985557,-49.310284058943189,34.481729603799863,45.494149489494305,-72.164397710136456,41.382156123770102,-6.3319346142851929,-68.618518207512153,1.2956613331867819,64.413094770032359,-38.394875720293975,69.373888286913655,-82.241770525248342,4.8380447927365706,-15.744265068596244,-36.848886221967135,-1.9610589223755972,81.49072523971158,16.158241317139794,31.976619360923397,23.856584918960877,-2.7191335672414816,50.79412017646289,37.398901872699206,-36.930314059558427,-27.258441887867182,65.950161256575484,-28.594289710496163,-70.225912269204798,-7.1152098586150441,40.399903338495804,30.619242096586575,51.331655542476497,84.100047967417012,-80.975236458716083,37.142360733806655,39.838745448866931,-30.002002670943522,38.015901934760969
40600,-65200,2.0573024801926532,420.6831855408538,164.4004959115241,696.52429001742473,75.660935705248534,184.88745224808633,135.02129673572153,229.02005544938191,109.65055680380057,366.9026207885837,602.93865814520609,393.84427966462522,280.66101882923277,324.51815531864958,317.82182284527778,333.26374046572039,589.63907580812611,716.45716345807818,83.742587672747803,421.98088588356251,778.35489755641311,321.03881243415606,910.34858773980909,221.40175879035178,262.03969643102653,844.0310975628272,950.16347582236085,449.43785757481317,890.4327155566433,693.44023824659746,892.02823479006383,222.80858813311141,185.8335622752686,950.13870434616899,598.23896369107365,813.43604275347491,529.09125757811319,341.59503130066247,374.05025955833651,395.94919936247186,528.18513713674679,661.93541360168456,665.42689120965474,650.55931867760364,374.48260575109197,597.11691235447915,273.15657799963901,168.17869137483873,312.93361369494869,156.37236330178294,177.06229412082996,45.339204853780004,686.36530330226753,187.76621029797073,626.76601742777825,850.54270950303453,337.16033989544121,204.73657068365929,879.78913113008275,906.23842816038859,296.41582380001779,739.69672699229352,42.110429881503968,177.35349361021952,275.21370357195707,821.72311081289456,913.59045511980298,523.31209894375729,532.51935989824938,732.67710056525971,141.86585573490527,751.82144986965091,909.9676688972537,4.9912915552994832,828.06668660167918,545.57258812294526,7.7412409261994242,822.58385336637684,174.97399461166478,640.41315077378476,602.8292638074247,799.059166056207,37.258175767647735,179.90654023757804,153.17240838402086,344.65977619854311,629.49236009459855,385.04277126622389,114.66529092007067,480.7460099680477,818.09813240551773,469.27523630563667,722.80739091077407,883.05976787362647,758.26582730231496,660.67037017785617,415.69417091047546,716.3140632711785,611.52354759619129,193.84198248876109,199.01238885224072,-31.257556562165796,-39.766434457676937,-33.595931199433906,-34.092667647395515,43.01333470704926,-66.939961315949361,-74.390570153068154,50.669957027843267,-32.129698356595767,-63.631326452732594,59.950187198946502,10.892861665595646,-43.844997829557911,21.503348171171652,-49.427974203622234,0.43156642434328818,-12.598576077811481,67.437251488223538,69.180328918895952,36.961449412487731,66.290558480797728,-41.098883230228708,49.931284128295346,-30.392353683951846,29.455439242110728,-75.522679221195375,-27.42116332890701,-33.352109160004538,-29.416002317350252,-17.652097054605051,-3.8002089803116927,65.022473668503125,75.307159247519266,-30.418210524922166,-15.156673189459021,-15.843174803773396,28.429734564346713,82.674380139174374,85,-60.655125011849407,-54.201593239158413,-0.66079819421867825,6.328852064514944,-0.47227575109097231,-27.25873949424491,-69.921597963129386,-0.18487813677824416,71.96385250077708,-21.700462939986373,17.097904556611606,-4.1148452565384686,61.03674445793969,34.861412845243642,19.626162992783453,-1.1970566726013587,15.874858595571453,79.902336780109906,27.095446114662959,52.485779236074499,-39.323757105804987,66.436028495275309,-13.26943221930124,-49.752120392316236,84.248560445457699,-53.776237183543799,-66.26526729176058,-18.513062094761299,39.539760999408877,-68.586844410718342,-1.5021007881934936,-12.005402073041505,-39.367685568848387,11.09611860973088,-83.994809232764453,-17.887051419041338,-9.6876987170764313,-36.931470182992427,15.870982575561868,83.807228068190668,33.251388350029707,31.950861050125553,81.02325046017836,-27.02105117365042,45.202486721428599,39.89088941306084,-36.315899403091201,-27.29265379304659,67.582034254512948,-24.900629247809508,-69.911213094981022,-7.0100274159456406,-62.664678329130787,33.469902513796399,53.198255064492898,82.705153999057487,-80.933209415970182,37.12661689898961,-10.820883939188818,29.343086032557828,49.818111648223152
54700,-68400,2.0026816953730116,266.10966558850419,4.0464010050799892,296.5953937854714,60.629723326660574,213.17989319820146,132.44766963012532,545.72860917685523,327.96786226082003,480.14746759127695,603.20936515667256,108.1072141160883,289.62877887195418,34.392455336246648,277.35530463163485,331.28624322367978,1000,525.95691137697918,67.981001550485402,392.04769209975939,792.68671763833595,545.92070060304366,919.06572120151532,581.09535657796812,262.36211259411192,864.38882195699875,94.45605658507634,436.31956209339387,4.6335386092818123,808.73180445698233,151.41441167372102,626.78138776547314,806.89331298115917,846.89472488404419,783.76333190695664,813.63462272627976,1000,473.76212323588265,942.68980462972468,465.8521191651862,492.74076494543402,911.21934723611253,270.90070563189283,615.25274385289561,382.07336491354533,595.44561858906093,396.33223698584828,197.31777688597637,328.47695329807561,166.82288339677484,239.08769132413613,46.991445167726972,808.49505911711526,193.73854044871135,657.64800084722799,882.32936672481458,668.67425796314069,205.67008355972354,837.78380669658191,552.18137048746189,649.03117933413,686.20292789366488,7.799294436671576,690.58642219462672,244.38387086529985,839.29919530873599,954.34329131850461,502.98439996695578,480.92066106446032,636.64948408182261,164.29794975827571,754.32260454576658,912.13785336315141,525.70623008533471,825.95683447763849,525.65645107027615,260.39828319954529,819.15606031267305,310.55395238264111,762.81169123738687,531.26119327562367,799.60693442810611,303.30522313244273,282.39372102550499,126.72559154708182,843.56022092297269,671.00269634676135,379.60414236656038,732.80666067586208,459.1207736368932,821.8992291143602,100.98751297836435,722.75251541360012,34.973470623277656,379.44931862672394,664.06161652665503,433.10795254648559,802.8495027018464,579.6036410708291,342.74919545218108,53.506759050240632,-31.098725602188111,-54.465580336301542,-26.127369814255168,-35.260107615908872,42.164395391022524,11.073743997972638,-81.676017848164804,-12.554549009749781,28.322337869953103,13.685730299158102,55.333118970289746,6.9816583787275341,-43.783746120772165,16.590008118212996,-51.35119095390133,-70.299625730173034,-9.475100840382515,64.665427033224518,-28.336517074276149,4.3087995498541733,26.479634176060543,13.24188671445657,-81.351760345904623,-28.029803203070948,31.757197086767391,-82.241267649953812,61.049926984477537,-34.765004055268761,-56.066378467141142,-17.066066165929517,0.84583067012751356,-10.068120260987198,77.663881572480719,59.70513266934757,3.5975384128869496,-12.853220966874828,52.521374151929251,81.960373162685286,-23.783628761344406,-31.914157801684929,-78.492645440556871,46.014445468429606,9.5872252615844129,-9.5012304441589936,-25.80859406202428,-56.293561198543905,-13.725387837850036,26.876785365961123,-11.089619392316635,18.366790311100775,24.510159450275147,47.836110328978442,35.287794204851672,-83.796640680688753,10.582050446798329,16.867458333356485,80.214408559035363,62.749344521364151,52.509872976219718,15.919748022656442,62.155273995624526,-16.349254692760539,-52.965259474243538,0.44504565506477078,-65.226350727126743,-62.157759070960559,-16.999611067199289,37.950891429181823,-68.626292400472238,-2.5455653302673369,62.137054611265761,-73.358339305633962,-19.293131710932734,-84.115768464384686,-1.9222523621334493,-7.8594239185306458,-37.305097485698127,-4.6145646072572166,84.93361453501403,52.876010141264743,29.774977809919385,81.38559417940894,-31.408602439778921,45.855824988966567,39.670071082574225,-34.797519592512593,-27.250924549053085,33.590876465831585,-48.012591162593132,-70.180038706849018,-4.5708912122281271,-62.370572896423312,82.333627843882653,48.826601680600021,73.471725038250156,-80.510852681873459,37.591048086854805,58.097190601707247,29.655641888557522,52.622877262995885
56700,-68600,2.0197644596394895,233.69462507508243,4.1977132635376897,325.96421396659434,60.206883794105643,125.7428514191335,136.6333630373463,823.35963047331882,333.26709896016513,493.91356371183804,603.19499781508637,383.78780986961311,309.67948329224964,45.604581084104431,75.9782590903108,346.73154215877662,498.08139145847713,518.75845092101395,102.55738433478957,395.14020182361492,809.43032778618954,524.54525901178079,923.71471181374045,573.69477095193417,261.84324751752962,847.14841217604521,922.05449709884022,465.05621709246088,17.776749109211167,849.18545627044966,179.51262086610183,451.34351594990255,126.43879352693671,965.31852005428016,589.00082003218699,814.58302936128666,201.22596456689411,903.65365633296256,454.73053327850675,462.16016525380201,511.78045085059188,811.28025673937577,297.25765797127951,657.07495088013286,372.82714742476048,595.35583214834412,270.51676140423029,180.25349732911607,325.23990122432144,879.40901144119971,574.54714284617762,68.849682889330893,799.58561854862114,200.70128910777728,626.45082164405278,638.16708739484181,657.78877084589317,234.28143400104904,347.97385553347203,936.98240870417089,267.09150850004653,440.4674794034953,7.6155888130253091,670.40623222230079,676.50937531818965,793.23394490874466,911.43541897025636,538.60553695616841,487.46940792560554,634.80024868609109,162.84030166987674,723.07371811763005,927.50946924192385,533.33849190585283,312.26346281291677,546.34362985826772,276.82021523644869,817.13789737904938,151.81439642620686,649.26951580928539,102.70402568211509,796.79081683168579,298.84196336919172,276.45344562509922,154.36771859999038,742.2419324898475,671.42412282473367,385.41350285795352,116.65334942572235,458.55173506564336,400.15249409056264,492.49640449973134,721.96979478667822,26.29977062160652,883.02699208265562,807.34156462593398,461.90924353675661,711.13831597643343,567.50470924945898,339.56921181125745,201.95143578392941,-31.093850099204481,-39.400357222032312,22.848538303449793,-34.782552503938739,49.680071368026788,28.85299004099674,-73.935755603517123,42.87365711454926,47.405082985629988,-72.782475468813828,-79.734377440450942,11.552408850878763,-43.845556205993191,17.689341166130529,-52.453556626864888,-1.8925017293569866,-10.526781141076613,65.201434820189746,78.33283326278665,3.7823270087791294,73.744829081511213,14.196366161183484,-84.761569679564516,-27.141417408702701,24.972790782331522,-0.16249344679897604,-34.657921468594907,-31.856893455507901,-53.662406737040946,-17.073273001394117,-0.3027953417254588,-13.966531534497046,77.044401937110806,3.6237657372708298,-11.751003262889993,-18.504419286395517,22.659534608466448,83.580364069623911,-34.341764963629572,-60.098250610098908,-47.689184609621599,46.325738958764084,5.0364290380334058,-13.15711049041561,-25.688969282837807,-71.53560494450744,54.568617454830516,21.889838219777904,-78.185193359138182,14.495710545513614,-6.6326075509947895,60.800812120521861,36.050177223331296,-79.641185997978411,-1.4420969988893741,18.739203447294553,-20.00457411837893,29.198190671999182,51.975497362902509,-82.409410666296083,58.651616851543878,-33.859413376081569,-52.886760899982107,40.102965669286561,-77.052700827791256,-35.416875815370027,40.547147269196806,39.646048956787993,-68.617000399705915,-63.549040257940106,65.402709666611329,-33.59112208902755,-21.178409162081408,-82.841030259846505,-0.3038617842090896,-7.7224565846365598,-34.232818954102214,-5.26055414238078,72.309378894420902,-3.6263765789636437,31.639761986589939,48.848950181069853,2.299456145279752,-50.168677105778293,36.301171394893942,-36.947369206987055,-27.264911642321973,35.868936651500363,-49.088249845456041,-70.638683063706424,-6.8441576548128582,-62.230242101715859,29.87425622064297,48.834547718572793,-49.799478636449876,-80.506860908716206,36.80864341392445,-47.147511597202303,27.764362195562594,-79.140901803239146
45900,-67400,2.0216702961856821,419.84318942960567,6.420199430431623,683.75157920088486,46.505248859850212,834.05738181617062,156.75455430675413,811.69490908954697,119.16187624753788,505.41182258732834,614.87247851960171,125.78587453649116,325.53473461004558,289.92580024591376,317.50960565533859,331.88852826965757,607.581151114882,710.86298530848819,64.868270524217564,422.33880102607861,779.25786246005714,312.52711221816497,910.34594239969044,561.16790472218554,262.12523531472118,845.06108867052023,998.92070403998468,447.81420200820781,37.445932594643693,632.094594497564,850.30203547521285,233.31330419174307,218.4735846283028,997.1819567568599,302.3887659587092,835.14020742047228,505.92913699523666,975.06884817796265,409.12162158702438,419.48047227299026,539.15472832950149,891.34864963606276,700.37950944062777,431.75658265346379,367.0639599194584,597.10366201995851,275.40298769173273,167.58754578368209,339.15036496622787,155.32890247435779,570.59868491971372,45.100082592258474,710.70902454351085,149.62390443170293,656.53237008139592,849.14623106114652,353.60658449237093,207.33711595950172,402.7888134500638,962.60822346789416,295.76318803411181,405.41909210024562,717.8593500923273,887.22854108725403,694.97762987664419,820.78846881020513,936.26981042478735,899.15846816163787,517.48802119517802,635.19161010425933,140.29457387093805,717.52180575414309,910.22683169048094,1.7088069687185339,834.32572623311216,548.92291992278467,260.8756877578731,822.16547820609992,169.4318458088093,754.52965743476022,546.78750123436669,799.5462384550915,33.942122224236044,172.65208511106749,195.34206281967045,778.8068767940465,628.83109746529203,386.7950827858603,769.9250856949526,454.95573906758023,840.94191970406666,466.26116858373274,722.1863677490536,6.9371333031043676,817.06195538880172,662.0762475848843,816.22528713060001,723.05480788542923,609.55294460394896,192.50731663431537,197.08801736382384,-31.216046894248663,-23.281412791155304,-33.397092973356095,-34.465030354179675,50.195707368308184,-67.189416034161823,-69.867569571815523,49.17892429504046,-33.561000567224085,-66.073758785473913,-69.94873310074847,8.3748788407487744,-43.740700601241045,21.590298176709005,-51.232974633798428,-5.9446226025281188,-12.670987549296884,65.156440773576932,-33.16441283012108,29.792790326552893,29.461371196460409,-41.089625707158142,-78.896429701880322,-29.544768955289371,39.083874548646087,1.681621431023089,-27.486947675512599,43.376366849048345,-52.666662805045476,-17.066272738180977,-2.5599671452963815,64.583189689545918,76.504872052526082,-31.583772170805954,4.9689118701253836,-15.894120279920784,-9.7109229028019861,82.698609896591321,85,-60.703960012628549,-74.685638502645929,50.288913951460984,5.068430608852875,-6.7585709287426745,-23.056499785773926,-13.060558844434118,-12.287487631100628,22.052057689387464,-13.194728889266766,16.016468971164787,-3.37891094759454,61.040626823318874,34.859461164291652,9.884265346237644,-1.3274856918021096,16.022454816900446,-20.842571808676997,58.811986312081686,52.454808486696074,-76.881776145998202,66.395386256223105,-38.996064709328863,-49.541191207254116,83.358366030704019,48.206125869878122,-33.035094211772162,-26.238598662409025,38.134511991210331,-68.618238831710286,-59.065401059860349,64.895019294336478,-75.476777933165224,10.115763278217685,-84.009755303461745,-1.3352369231887555,-16.159023271995046,-34.38920363476295,-3.1008604213157684,83.830200421053263,31.908383219020685,29.896650940328858,81.74035628531729,-2.5428179898754721,45.313942091172478,39.811126039229919,-0.11390739239610426,-26.072111511142435,64.563783995431848,-25.277366518093331,26.951443779783101,-7.0342117604409005,33.910995620926023,30.317474033597435,53.455672710804052,-63.252750984487591,-82.017750615987353,36.988925774640805,-15.589321231709555,-27.730080881869767,47.64302331013026
4500,-57000,2.020837485710393,999.98323960337405,219.34637539986883,688.01396931926627,36.344615442898998,143.74279967693525,134.9554652505972,822.09925989716078,101.53984534055795,368.59108453178453,602.26478472623933,362.04229861530496,260.19817071460875,15.479935725244928,259.04069091523627,110.58655067393292,528.07043458283999,711.74585612221927,93.199886126278926,389.0158757532576,802.0365072456749,310.05143017131383,927.53113319153033,553.44858747414878,262.01671735185943,871.72559975332354,933.45688791306281,444.2149779546254,861.03075928923727,854.79526424208927,121.39264100985928,227.7697357341672,142.86052686332494,852.78281520123846,885.91635247177362,847.3338861519336,598.79833631970405,382.8086047081876,337.52392762495077,409.49830333852464,665.97769108868886,518.35392866845086,703.98486492225254,645.5821676517794,382.07020475392829,598.22042658891985,285.62754792979837,368.43693345991795,302.3762794258912,174.00756704485664,189.49663775468645,35.821794626818146,839.66632936970109,193.16523083391297,627.33904520671331,877.58806259647804,349.04005278734223,209.35299477716336,284.25613587816656,496.7332986522498,274.5644959001379,434.86769794469024,822.37900688883951,3.8656202635172319,649.24938184102859,48.650411725545318,904.91670530441638,851.2885841299742,517.31882992997316,630.67416248205529,189.09035946264532,753.14236246588359,589.86192057486551,531.57250616865065,811.33784748375604,165.99273634985698,4.2774997670088339,803.17500352638854,290.44126321178726,756.50242370947842,76.418940364437162,801.53952147439918,31.026037148836767,777.02679164892515,173.01926296193039,295.39956554415994,677.58776249206596,334.74024210956628,151.63604486812812,480.3122535256237,825.80583814004046,136.5064705664528,741.02793306105866,23.092472737936035,788.16947234256372,802.86570691340137,126.90573218158909,719.15666456272277,587.18419346094254,193.0098725789241,193.34077605834347,-27.699342779297936,-23.75091548249932,25.765803210762456,-71.033684848119847,43.398513566473774,-68.123137186891796,-5.0664561163426587,53.810422863685559,24.384012833518224,-75.893702990725373,-82.781139673449715,64.392382376440636,-42.367554409095504,85,-50.161187347146203,0.61112229679405905,-5.8507939869677834,64.81588722117273,72.153026651825641,1.214698651055869,28.756631010416264,-42.710649206822829,-84.564007577619833,-31.350165948212808,34.54209229655708,-69.972939417347831,-39.410063849975913,36.322865795143002,37.715232951706,-16.73965486046162,-0.31097994294096859,-14.832950550131949,74.776169554639139,46.699908661643533,7.3543516113598102,-17.622373038573286,29.203858865674167,81.315946028100356,85,-61.719301896814031,-54.856129496288496,-0.22503252946914287,5.0465289296369846,84.488486446679403,-26.534643706568467,-51.175240704317986,-6.3236828696890584,-37.386249549490195,-84.500869268929023,17.370505811433638,-6.6033958729140174,61.018944077653529,-8.9231034774227105,19.237617107255272,-4.2234132562409741,21.234965946474091,-20.670203014358538,29.452177761806048,52.433725274820496,-73.167565509936139,-16.195809524422508,-37.138026072722894,-52.810892963708653,38.715836489087735,37.586028765929683,-66.410421150618731,44.786712741265568,-8.5768923412146201,-68.575656984902309,-61.116662591905879,61.63803295653242,-66.401629493222529,68.153390819746335,-82.239633035850147,4.8175955675783495,-8.6109586772748479,-36.531521167620014,-1.9485596304161703,81.254749564335782,0.11730137622449888,31.681574606290496,27.358569801986125,-29.125334979346832,-73.757381754898589,38.711996828905775,-37.471363891484032,-27.130111913368186,71.759307563726182,-26.16646774797761,-74.635227303859267,-4.5468584926683473,-66.484391865857987,30.77397272237635,48.982251356862328,-66.868013561001959,-82.155128423440999,37.027786987560972,-10.318709501508827,-30.010999270319239,51.989354782376729
