f0,f1,g0,g1,g2,g3,g4,g5,g6,g7,g8,g9,g10,g11,g12,g13,g14,g15,g16,g17,g18,g19,g20,g21,g22,g23,g24,g25,g26,g27,g28,g29,g30,g31,g32,g33,g34,g35,g36,g37,g38,g39,g40,g41,g42,g43,g44,g45,g46,g47,g48,g49,g50,g51,g52,g53,g54,g55,g56,g57,g58,g59,g60,g61,g62,g63,g64,g65,g66,g67,g68,g69,g70,g71,g72,g73,g74,g75,g76,g77,g78,g79,g80,g81,g82,g83,g84,g85,g86,g87,g88,g89,g90,g91,g92,g93,g94,g95,g96,g97,g98,g99,g100,g101,g102,g103,g104,g105,g106,g107,g108,g109,g110,g111,g112,g113,g114,g115,g116,g117,g118,g119,g120,g121,g122,g123,g124,g125,g126,g127,g128,g129,g130,g131,g132,g133,g134,g135,g136,g137,g138,g139,g140,g141,g142,g143,g144,g145,g146,g147,g148,g149,g150,g151,g152,g153,g154,g155,g156,g157,g158,g159,g160,g161,g162,g163,g164,g165,g166,g167,g168,g169,g170,g171,g172,g173,g174,g175,g176,g177,g178,g179,g180,g181,g182,g183,g184,g185,g186,g187,g188,g189,g190,g191,g192,g193,g194,g195,g196,g197,g198,g199,g200
67600,-69800,2.0035178786523731,42.136451237773272,3.7996583961058139,201.33646849023975,79.780638945737067,141.91474529719187,133.67914980402904,820.0005685487763,312.39104560320152,369.91245575467968,602.94329265804163,373.49312231027835,659.53624823939117,56.767198281731595,65.903032984781674,88.953169538530119,539.50374708254287,731.22626430256082,452.15730540695921,422.02261464003215,808.67149842918445,526.95191393006246,904.51527705085641,552.06259321706659,266.95372935405857,845.46217149079905,114.00935257282822,432.00022677881412,372.13609356099641,645.36902093444189,170.82463170511798,629.13664244419522,797.16209090358643,879.33807806096149,885.27723353450494,813.37129833553854,986.4809498784183,586.88205406666088,938.21000803172524,642.50996784956601,522.35828365213422,906.34329084974172,295.84838425523799,390.38458098362571,381.78025358738449,597.08751489153042,275.74420587876199,422.16833592860553,76.22063982352806,154.00430050185312,592.74886930928596,744.01520185344134,800.32158989656045,154.63142970242274,627.96664703413433,884.61512290278267,359.45972441726678,196.74229222559734,255.44957562308872,516.53444698119574,278.7233483499852,143.49553340578476,872.87764926346313,676.90754455881688,279.70350640684569,801.36337402518893,903.70733635801344,21.663069031602504,513.88389718859503,640.32598951391503,138.41430712795628,727.1555200992459,935.39276002272788,534.22943325276844,544.59157430791947,475.32485282021946,289.83146710514393,818.50288739571374,169.64428349593425,764.68382421228614,576.90031631338854,799.07939011579936,321.83365325796092,38.941542435784129,641.098712085952,713.13568218577052,628.04149048233251,417.04460232285936,725.12866091889191,461.82808500478291,831.91492633540031,102.7231799948956,750.46358155675523,86.799790079401134,364.59500103410528,812.50086250676975,440.2057779224217,727.72384757116276,578.79865318752479,194.67581705111328,185.06548926095314,-31.355328521879866,-54.812525876638396,31.875964220584493,-34.251508583476379,49.13480477101966,-71.018316905095105,-78.753605434864397,59.903511449807013,-32.341056737754137,-64.930904920018861,52.174162765092717,5.7279775253926211,-43.775307249570844,18.818683676002038,-47.085342062983869,-6.3218371453859277,-10.994406397802742,70.646487876440389,-37.263373824310271,73.948626964752606,31.886374896028009,-43.517562888433595,46.446047579114008,-59.226541139600137,29.207760316627279,-70.150073020456162,-22.371899264162465,37.811650723950329,-21.971129441932948,-17.063966527166553,-7.8628277147157224,68.46914392261445,76.488449098478384,58.307111448825594,3.4798091000351397,-12.230568486953317,28.986866004769787,83.452457928524765,84.552616294105974,-62.264078024008612,-44.330838298241353,44.928023472725833,5.389874580191317,-6.4206594851248466,-24.678051724001552,-54.80811176941021,-7.6603042907074821,18.615373249879113,-11.282514454368471,17.238162713354768,21.915082584115744,57.827607793274012,35.309031615097339,-82.661818707649672,-0.72140459214721908,16.055116196648644,78.13183661474703,30.504857104948883,52.619039792710559,-72.309085924379701,-16.683089179567887,-14.83490854821374,-50.54257986659055,-26.921356975860082,-69.756834516235372,-65.514767169990023,-22.219167019665694,35.395824850284328,-68.628897328921468,-59.662412413132884,-12.029518511493734,-70.566641282246465,11.356962910332602,-84.79457084646225,0.40698853548485836,-9.5399004006771531,-37.725412933812628,-4.0108777120870602,84.564194778363486,53.009808236444805,31.535268502038246,27.231367583290009,72.706287335709149,-52.573015073981814,39.740674732183223,-36.665134903419684,-27.30309910514303,17.973633376423447,-32.388044244943892,-70.344846451383148,-4.8236055156204998,-68.38251845057647,78.811531388837821,49.565962587934159,84.995785204320768,-80.444527272721331,36.984617989392568,-8.7104013104310685,29.499371326900807,48.404200176794731
46000,-65500,2.0342053851955537,312.47025491766613,174.71059076114761,276.72671824855473,59.370493987113214,808.94778456986512,142.9798032701521,517.35102340639685,336.72113812538203,369.39641069353013,604.76138256337219,364.99363349441245,286.13956759030231,323.61987234263552,594.46973775133984,83.472996310237235,518.89909428631563,728.22476411798891,578.29363211871419,393.09548559444897,795.00521262715301,144.83413281041589,433.76566785290095,591.36284389539435,262.13690220117655,869.03135967510957,110.3804081492118,105.03504588202,847.79107434311811,214.09555536337007,131.53107488473108,629.96712589028789,227.17914025506366,110.74710374874758,358.51080289284664,818.78432112446683,556.60180770028592,379.41340458647988,418.81616001602504,427.67396102285846,502.41655970238912,507.76721013418057,674.31923100174208,651.59036330263916,734.5191209858873,598.30092633499817,272.95506231933905,201.17362750756357,73.728304342735115,153.33563210916714,585.83089795575984,44.511078984507172,214.49380163110249,195.82767455794456,328.06734362945724,872.41214109779048,644.13927958069053,428.30034413888518,55.056271180800508,868.95412755390123,292.96604922993799,703.95976839521768,705.27485158464401,874.23941549968004,654.71861008790177,99.315022236673258,909.65466886049239,897.89514043012036,524.52261796044013,634.27607511289364,165.98461720545023,736.05149917017923,16.02705627996702,533.85892242428019,843.89361405838554,528.86932166623251,275.6218570206787,832.92433160946894,317.75800780090179,761.49563009508609,60.510976530331959,800.51460300972428,296.46669540673929,285.08209883959313,152.63739846502136,739.60629241278514,677.06240881773999,415.91884502725833,754.84152417681912,181.96346054444012,834.38073674755128,456.19877014323021,743.26589466708072,629.07102362140699,809.887386657001,804.04685262614271,116.4622834004486,718.99401119199194,596.90979833952315,196.93894019119037,53.574187470287526,-31.065857825232307,-24.600819820750978,-19.116064697482955,-33.684219447682651,50.146219120185023,-57.316428488282789,-49.617143403893053,51.728812681663669,-28.592957629441234,18.125676092745305,-78.505188163083204,61.142231220803716,-12.012300313725468,75.753121069059716,-70.263816016806118,-11.896129942409178,-11.621455623154013,64.83763204201162,-15.650681422792239,-74.174634919027397,26.740030405264218,16.31359122771736,-84.664827702958007,-26.458497027368622,60.590406720982742,9.9527301540769244,-21.279473685912656,-33.341386110787042,-49.20183395310157,-17.181853111806365,0.66381754374448798,-20.044618608018069,74.789906561359601,51.300256434792473,-66.035909577216714,-16.083162530159701,28.978919336634824,83.104215346588163,78.709884999616108,-61.947499473716775,-74.891520006728342,-0.54973162235583928,4.9920771749316009,82.051428907489125,-24.767413630964484,-6.4507016875834573,-6.8746047343033876,82.027290252246758,-75.0108880003134,16.867067629434406,-6.5691834560773987,61.087863115207931,35.659891270274841,-82.323077322900417,-3.1962144330210878,20.998422109841705,-26.418567603313434,-31.784958539638808,52.420513205738196,-83.037789321583546,57.889210880417409,-40.153144408988666,-49.140535101586508,-28.309619748131087,48.785254924610058,-32.961034257982845,42.54413565758496,40.548580284050921,-68.494606743870364,-71.035724187965343,62.830979320955556,24.665462676093291,81.313198111337599,-81.973618416552966,-18.361613313088395,-12.206408799097638,-35.672058327708442,-1.4164304736363889,79.219189706560982,3.0563696143794665,31.558696560377705,81.446186268732845,-1.6395627412234708,-65.377560982647765,37.753527790948993,-35.214659271722844,-27.165491165710975,70.029656992885279,-24.694231544845106,50.094604457127737,-4.8037340262525507,35.063633652580002,-9.0042576946612805,49.546685051642235,83.403785447144443,-80.286449730302905,37.031196411742073,-51.678807128623419,-29.728114657079196,39.143862626043102
16300,-64000,2.0628181571754216,949.42672867393094,2.2674700774497154,303.06036365633503,366.2829083517064,737.50469007842969,107.299942846381,556.19909370506025,317.139762357233,373.04339547149254,605.14694315612053,136.3993816759199,673.36150238542882,26.767411081645434,284.85574331031262,74.726143656119305,604.76932675530384,714.87279763553568,66.345606087714671,389.22823516206233,853.86010684952976,98.029110159180107,910.2630942168671,214.4399999270417,262.44532079799848,847.51211079679354,139.06875605739341,407.25586502458412,903.59105855831513,708.34274503743768,701.4603533976948,640.04382624143841,269.86973142355015,882.35031696932947,353.92361786324966,813.66187842310819,553.11997512463904,962.05152323381799,470.34432878662915,426.57261508272228,515.12095839245171,890.480221351061,294.65638447632949,655.56846111194227,376.23746177226735,584.26213191569548,276.33765916519707,211.91252334541707,44.682059090921797,137.46645510248621,32.587457239562525,19.050121849604835,200.08183603172557,152.06086297597571,662.4235087928389,644.29733806606339,630.12393905682825,208.91342182922949,954.24209000708265,506.03267069577907,265.79637832475612,443.00200297402648,26.269191373541407,654.94893659141439,515.36059909647543,796.43216617479425,657.65609136377873,0.50265003343855597,516.23910917596891,107.26461304422548,146.55932961685943,758.13545368287919,609.34582244375815,483.59528804453799,575.07671892068163,501.92864663029098,45.789668691997647,819.43977002613849,172.78889625038266,633.38891392766288,583.01014561507805,849.58342008205659,293.58838600839078,266.78734126348138,198.46604476847676,738.74194092270295,660.65745973950823,387.7936135942137,749.50228551884913,456.6418428454856,822.24851253776012,132.11905439365151,724.897543615872,35.683545609734949,868.69700450628284,790.57131132781387,416.60887280958099,718.64342570145379,607.13319552104315,188.53460390910158,49.613281570598261,-31.358407784603955,-53.161339468542053,-24.857170967943233,-59.413261773013701,39.851003559277551,36.986187424187833,-74.267369899085324,50.907735477273953,26.879238295332666,-66.817152647672529,-48.546115404947514,6.6120003989587746,-43.319281480022532,16.93560187320584,-7.1441188659504284,-0.5602073365469441,-11.179656306216406,83.723032273445511,67.071277182434358,-4.7445359190464131,74.941062320971383,-42.55612986257227,-79.341484868994939,-27.601124574185029,30.192319408969013,-68.092960014835882,-27.082602003432363,43.699752443793628,33.480622529348437,-15.707779119223494,-2.605652548589382,-7.0077627880657953,72.4987317242594,58.800499347501876,4.9551985582386378,-14.60207166941103,29.159766468290393,81.170607166491422,84.784141175889928,-62.264295203038543,-78.176384127608287,44.911410818893067,4.9911681031594108,77.433444036543108,-25.598581056738645,-8.5703354907528411,-8.1629886094704673,79.403449760631247,-76.640898377174736,-23.759129251631254,-3.9297142105902552,60.952329496507865,36.079066616641875,-70.765946930978672,-1.5124056607793288,18.492471899984416,-40.644626666450755,62.890699079247852,53.087925201946703,54.74612994460594,59.97704856456636,-81.292839924301774,-52.981237532765128,-26.952990202529755,69.440256385738678,-66.281978950647826,-21.741294250885822,40.846079391953303,-68.682340395039731,-63.555999691255586,48.13194462867083,-72.334573617740006,-21.526578323477558,-80.743336198784974,-15.12892362837739,-9.5816983047111979,-36.814670226994885,-61.022238661764916,84.465698442959919,0.69195871473757231,31.513050196905951,77.708604606778351,7.1714076991649325,-70.674565562779236,36.353256217080322,-7.2839523561221071,-32.041655159832828,70.845136699106362,-32.539741132372029,-69.918050619650202,-4.2401414270055415,25.571441404812276,-13.219909071395969,48.808457080775383,-70.674774818924092,-78.23176627740655,36.995176300529231,-16.90831631436517,28.411555591961879,50.009786151328591
1100,-42500,2.060933862807977,999.76838695249069,170.95311523953529,684.65500281229743,66.758522380372796,185.25613740846623,134.94856770596323,808.36263906158626,338.25538473388201,472.8775651275181,604.44089238829065,362.61307247200716,274.95286693122455,13.046069034675753,687.96646779057369,79.509455175266226,509.64144574136151,706.70077590597941,77.218322791840251,386.72687186369353,512.52649885887115,344.87544282938194,899.61768208519482,579.64295873776621,267.21103298042817,872.00135126235386,976.2993111646457,105.98076932550981,852.47395616996312,833.16441796388062,1000,633.83225388853691,217.10538074796955,123.85159201703254,326.42267251482195,559.34156663690305,991.92959901927054,893.65271770757647,419.30385343992475,460.2949867768707,543.43055921713574,491.78531137787473,673.77188793955293,379.0706335384329,366.928485601619,598.34646748764396,262.53173599111375,209.76771106056651,130.35193714685386,174.7321088508476,570.7718746625502,42.555744891679673,257.07682795290657,196.03071752069897,627.75489350953376,389.01099333627246,348.98912023649302,498.73496062286904,422.7137859638184,907.53469099729898,273.56827839416815,703.5751622903615,942.34813461302042,26.081742116714157,654.54560575607525,48.259738918235982,826.03564388538598,902.22012058627774,517.31736398053852,774.42845230786418,138.38509412940735,735.69174600061581,970.84698819052198,471.83848662510843,834.07884252716769,553.07898108242296,260.36618360203721,821.79822581362248,283.21449185630865,756.85286239861364,73.886047755797648,801.16920194326929,35.013882745914778,289.83721662804902,188.92152141675203,750.9902375966733,677.15352278718501,384.84304601390926,776.81947025296688,480.30923779101806,825.22378364584279,461.72959181875478,741.58219510598462,23.121042435407134,356.80836161185732,675.94184871646848,477.42140729160639,712.84843196246743,579.13803113105701,192.88566315364108,54.93912576214526,-20.517752745677491,-22.360009771938003,-34.029398424683073,-34.043813242879864,50.189262108631304,-64.768779197400363,23.760419998165418,54.88989403114023,28.132822006134145,-77.344799324789577,-61.556496424393899,62.731140513144261,-42.346932360654854,21.646807908578491,-2.4869990864450635,-60.926776251367066,35.800549059122886,64.857441737164876,71.437682616188624,-71.355329626739533,26.801366604944935,10.057339038888426,-84.920250225101213,-26.632904079260925,28.54523473476344,-80.421114917266905,-26.081702048410627,-28.357314179127915,34.863277437663207,-17.17869196683856,-0.17881358070522496,59.148904792697387,74.981437119732817,-30.928168653368456,-18.638179937866411,-20.688867559323285,29.049160633343845,82.822863984620327,80.592394835708717,-61.720228353245481,-79.779883100653407,-0.6684495210173651,9.1407111284569318,83.37440749817624,-24.838096030603566,-8.1915222876558822,50.629800902527755,25.099630959064832,-12.908367876073607,14.80626235801857,-6.5841278793796834,57.784409856239634,34.889377328480144,-71.193003326942431,12.093278347763489,20.88823820843557,-17.127579969146758,-18.017303970987317,52.199043720466456,-82.082566418663006,-17.42388146204711,-38.437351239304618,-49.126453666194699,38.554800182331434,45.466364824649865,-15.612856699112342,42.066733548002631,38.526179418918964,-68.575442110951002,2.3785929206322933,60.956152299606622,-38.778040443029454,72.005948126291742,-82.225266329149221,5.1522496755880152,-15.74478365314773,-35.641851003043293,-1.9353445408586447,80.330489861396799,32.408842273076779,31.485744786784565,24.699842725981696,-2.7508705027471558,45.708914756189174,37.402261360226383,-37.507437182872557,-26.826988537281885,65.846481924212696,-28.59356050489076,-70.214270472207048,-7.0863928338272864,-65.232544731609352,29.096332191743599,51.23148012611189,83.068192139921621,-81.705739601926737,37.134609831985152,36.913312752801119,-29.933574488452805,46.453187242637654
5700,-58800,2.0606891523327606,999.76322147132157,171.73192388839522,689.05202234872331,66.816129390289575,185.81722453735102,135.49121711643346,809.45319333856162,337.71912313149079,472.92071337854298,604.31328227302788,367.89130879812075,102.85644309607987,7.1995417419917658,666.52075314040917,79.611316486487041,515.31917933626175,702.99641692307546,87.412514259893811,386.70851039396638,512.6475183694854,552.14608145234399,917.98640508509425,582.36552101677239,267.4863186353835,872.16839411450371,888.99544542073954,105.97748262975503,852.97359190037173,686.54002613616217,974.50876824440695,647.39884730928577,49.672943404821879,126.62920680032958,326.83382367768081,809.55520913513999,975.49933597084373,894.36952776783357,493.54360244985861,460.58000590944977,541.68927951173714,488.02242754438987,689.2647027296648,383.92033427946626,366.77697947027457,598.30273127791042,392.63933888773141,209.9765586460957,114.73122875476845,380.29490355798566,560.77989803699825,51.098378196298832,763.9084494554952,192.92406221183128,627.65638187146294,404.07718916828907,360.31077842037246,211.2755087622609,914.04077719151405,920.92510109383466,295.39470714762427,712.28956557108245,945.71786715031533,603.72780578642607,653.16594214429153,56.069947753668366,828.10178803537633,911.41021556974965,489.04106691845442,778.33268325491554,138.36499482323927,735.69085797249056,944.16248916213374,533.08440535580064,812.14868873830574,552.94536163045404,260.38966292502408,821.81916312639135,322.49018814830538,761.35630602683636,80.800902920954229,800.65071671521048,38.409673056387931,289.82558689061455,188.89932218267256,747.72483697766381,677.16597285286639,384.89442290747371,744.35862214636336,480.30573434997353,825.38045101099351,94.142596204285326,750.33815003739846,13.339091042726047,379.90551995600538,807.66964984359709,123.3256446734766,712.88909989329125,587.72619634528439,192.7274786263111,53.773894987630953,-29.231855878899488,-22.736245769948731,-34.021540627625697,-34.084233809988127,41.770918098528114,-64.650684666175366,24.720465921443413,55.017075539977689,27.464361543186765,-77.344611092490027,59.34226531687483,62.822818204383076,-42.440486620852361,21.677160560744916,-49.926720335315053,-62.036714525357226,35.680759048053055,64.851730535005657,71.502554878567864,-63.379454431630904,65.724538191503854,10.144303668651251,-84.745591535500978,-26.637605180483639,29.545030454294722,-80.412143423922956,-26.775076600707703,38.367240055247294,-28.532756384382843,-17.088405433518574,-0.1510940861824282,64.679265673982002,72.097492989806057,52.622553134316604,-17.154373602381177,-16.005985073518556,-7.7200805554624452,82.874300114463693,80.588708404666974,-61.748393502619962,-79.723688412680133,43.450039482158317,4.6510199695610819,82.135382736233765,-23.44638679308197,-8.7958335765923898,53.662198320265396,25.18784466355044,-13.03275961108093,15.225365525772993,-6.7407767128738758,57.734088244988314,34.888841758241796,-69.479442993704978,13.030357558741564,16.405600246545628,-16.2278366113365,-17.723150593404355,52.455309222468664,-82.076226445285172,-17.428925681250089,-35.261875332478638,-49.145155655041478,36.302422481696325,37.215993277764262,-15.631181484612245,40.720888695737131,-6.7309303658877937,-68.620191599838108,2.3572889023162169,-16.322679515907261,-37.683391505373002,74.146119020595137,-81.968727385754804,5.1625151052302041,-15.924144777078405,-35.645648968635648,-3.7127441769362317,80.323861356874417,31.239795485372117,30.524277482449861,85,-2.7244075859236707,45.405467406154138,37.390351477385906,-36.370233536215025,-27.318876742420933,65.663768536519058,-28.598867066334613,-70.197320588853742,-7.0335478757210037,-65.240914218703509,29.017681612152348,51.316398318175231,-54.873232504758022,-80.971819025931921,36.790905201277759,35.626456787114165,27.331895084867394,55.001768638733225
10200,-62000,2.0218627093960797,999.31748441558011,79.394051264388779,732.87542949041892,48.460476171319158,140.66223554228017,134.2551917077586,822.18371449198116,108.67799505614279,479.47235330651853,604.38977664091863,363.31382042231877,118.82484409302718,345.42679674295653,593.91634471198176,341.01187664797624,552.11687271657092,711.65717949784892,153.5972682214057,395.17222335089082,791.25795800860749,554.67517992543412,928.28527676464091,566.04813157380124,270.14369430190726,872.0158051517883,87.155884384495778,450.99157752042589,37.687923334933771,258.90432406629009,163.80483153019912,629.98781997960816,804.15588949426092,121.54740596793468,584.76047157668575,813.93351821038175,237.29831686890395,374.79160591964239,456.81265497130573,409.73356899866667,492.19441576396906,876.44390965261573,700.73756496658928,397.27183872070867,404.73436145828202,598.4296483329814,333.95695793390581,373.24275751091301,330.34249335458833,176.61572167829524,579.5440057297094,49.675537336834665,832.84798272339538,188.64225559689555,662.14329666320464,655.05824371674362,347.17419903861474,209.37158498351343,361.42585084987559,496.64194897530712,276.38979341289598,693.80059488685833,21.419543432531,9.16977862790975,669.85868405805161,860.5268982314235,910.27470463768555,492.80255845886467,489.69423188437867,636.72058946363518,139.84868653844748,726.95122098973923,552.07662091173268,533.29705043095657,288.80582887260022,158.36740328714964,277.79961972595754,817.98156936577709,172.84545066676463,764.16148387214048,623.86114107210528,799.31155335359495,30.678082231101286,297.1715945126723,171.92398967481469,739.42141732248001,671.03495845942768,384.86742751253308,54.371237251913421,459.06677016823392,839.77712747115311,82.91516640252982,742.29233722997401,364.53977058025202,767.85867787195252,807.38945523925941,462.2170308314054,717.71828089161227,580.04445443678321,192.89684174708256,193.7683003453223,-30.726722963360029,-39.701479000698939,24.532212478898764,-34.04727701328094,41.384808143667364,-71.33060631250757,-81.321198809386814,51.434977994903619,24.258022561185136,-69.497084792111679,-58.883391950907843,59.732016223699191,-43.844520222676927,16.586736332473027,-51.184455070245711,0.45310733109468515,-10.288006322743994,64.904795192654262,-33.434832418191874,1.2648639173299416,25.310545923313345,-41.869840093312277,-83.446990458181034,-58.370815303055316,26.8697663034791,-69.535212202652588,-26.78285154360676,37.063056750002545,-28.141063025894852,-17.176453581057658,0.536321430500172,60.017188138561885,77.130026751732203,-33.856572548520766,-76.766718839525737,-17.413398692657434,20.735631867298821,83.594253220375393,-24.245160894055878,-61.858461905223855,-77.527145700058483,46.323452701296965,5.0076726268257552,84.734506579661456,-25.719420823947576,-50.425725745939545,-8.4294538535161863,-54.037285337400313,-19.988704093537407,14.48049813662532,-7.5493084610735206,61.008196609481168,35.273114481587719,-69.313059550150911,-1.130832874555991,16.904307583319756,-20.573985229374983,29.044956140292065,52.493726437339632,-79.214349004206369,63.536564625991552,-34.125148066201653,-52.951176863673254,78.29251206486191,-70.417704336124643,-68.213258170110791,39.718143213505243,-10.373417756702906,-68.612321033344443,-1.0568589900480312,53.713503076584374,-70.83486830020064,-15.316487705838471,-84.111299061034742,-0.079686831895870558,-8.498521513908079,-37.339085301132563,-4.3036037551888979,78.927711130857858,35.764946298507887,29.736401085255377,81.506840536884042,-26.785895372385745,45.898039745368663,39.745709372980627,-34.343000270625652,-27.266880109740629,35.278394978769398,-32.096837162537604,-70.112849695934869,-4.3767903638621464,-70.889588669895943,83.003365216327225,48.97664918302371,-60.879012689237548,-80.508333716056853,37.026419928138459,-11.063169487827716,28.317621560094619,-73.101262618455237
62500,-69200,2.0018522542674604,131.17190245976553,2.2008771608623761,298.58297177728713,62.920756598823068,774.73411115430463,107.08687398961531,542.18811794183534,261.91675807521722,373.10352885067812,603.08677867869267,115.54187920252683,280.29706776636817,348.02228861785375,288.75317648317218,80.801805786832062,1000,736.73298815385579,79.593941851185662,396.40561596884072,836.25706034739312,361.24161634557311,382.58112238676119,545.29436604823422,261.72629964860414,845.531657530752,154.4720406333935,447.36219186177885,361.31222756128705,200.86451538029354,141.51855270811649,222.59556942025546,257.5619513745138,985.02342510466133,809.38237801912271,816.78002956759201,561.10876631870667,895.37145178021717,941.22766775045284,443.19613183932626,499.8311399180925,904.27346223141546,311.18248328946044,376.36297662894572,374.32941382638285,597.2356073486086,272.09894164493346,207.03530618437793,325.34844327952521,137.18865071346394,104.20281189695089,2.9549075995819862,200.9139754675445,187.88257581517314,662.00078923808246,862.06177374161575,631.75946755487485,232.21517942998116,86.516236204249907,986.28282895149516,651.71269268287597,404.62166610364818,9.4285965428128709,655.43523645252856,259.91016363241511,794.28953461255446,899.17596246359221,950.10124112253857,536.83615338786251,647.28671976177498,145.2369988775047,718.50666298716283,908.40605453822513,27.04069749698661,821.03093341918157,493.88039806760651,280.13236571342691,819.2340148990146,172.8225454326458,625.58988791288334,32.585152735361248,798.00821299113386,302.5101287568807,277.74399629560304,194.08320610190609,779.01614160667339,627.91103269247662,421.27002325869546,750.83980572371411,488.62794419082172,821.05214067631493,551.42745528666796,722.00731876722568,16.962576794308703,867.3880443607585,799.65297036409913,414.43639645395734,727.50995487503565,608.39936702771615,189.11496733530191,52.625473788706358,-31.107176078527026,-38.958782890439807,-25.462481459288878,-58.198674748255002,39.272589894069199,35.643878158709299,-74.28991550097588,-9.1348497136264193,29.507293837717928,-66.093287047508056,-79.515533953744509,6.8364415918233927,-43.728021225357253,23.8165803312733,-47.541520745814481,-0.69810432494851349,-11.035119435687067,67.681909745785717,64.152026057020677,-0.73752334059916436,-43.140562170924973,-45.202048057694775,-78.228516525722469,-56.858213319216247,57.031363057752152,11.905423071393379,-22.19118073560826,44.210135527597096,-53.859390049771591,-15.65132638490482,-2.5534972574616095,-18.31436070690453,73.114311567808045,58.847400193101855,4.9438478000789727,-14.61983959349983,20.999634686441233,83.602103923841597,85,-29.915575156195835,-79.793125674586094,44.905980433071981,5.0009591479666451,-2.5371722009920092,-24.819213596511723,-13.096132264173271,-2.3803040512774158,22.134169147612109,-75.743168208043627,-24.308938082253523,20.568875497630636,60.82341713458063,36.077762099509542,-80.076954757463128,-0.082572930404549383,17.276363837827972,-39.028901536576242,61.19166324588614,52.458389576699965,-39.613382885952696,59.45669881919212,-15.174464441131681,16.720317195499337,3.8867811872855356,-56.269867625029804,-32.770840254521531,-25.404709495213091,40.943661672222731,-68.619199989082048,-63.609402081323992,59.497643343668926,-42.430430211298614,9.788607112789542,-84.12005197897345,-1.8034228068784504,-9.6217844420162972,-34.184208648941109,-2.4653919330165763,83.951818803998037,50.182187986435821,29.933207410407171,49.042466164645894,4.9768514728461675,45.755992677201213,39.73334809249706,-35.754810590443469,-27.491529472663856,67.059866937262697,-32.364888339368541,-70.017204984482817,-4.6063476244046058,-62.133359583169927,-13.22377922431169,48.856517096629389,78.909470371097143,-80.951142729921315,37.33271567983131,84.43776693739818,30.727540464497565,49.867857386751034
58600,-68700,2.0223024214992313,199.05623194111638,3.8131388377136592,213.22399806056211,80.666571622743831,267.63333836880298,133.09529934139596,821.31964726612068,319.41516309064076,382.35375675286139,602.5624074934359,133.60155856054305,297.89951738490532,38.716483408557963,63.895458517725359,81.334836666351777,599.84448563024239,735.83615470983284,95.133682448304114,421.97477107971713,81.883950291694703,329.33631354991093,434.47765166199355,581.88878612219537,266.8679563917886,844.75122950466221,1000,433.59729775065961,354.02421033374731,232.04994822361846,915.86997467194897,390.41593216123533,801.63212919706575,881.43418573585745,839.01399805638528,583.69497826311965,537.60913367735577,391.65966563094605,960.16694432355087,634.28500503719624,500.21596074632333,907.8723599145701,295.60059390966552,654.34087169087672,373.82102032625954,597.1111790223797,275.61723358764385,410.14555037366387,74.480716957995782,155.32193585904184,59.307732258378437,743.72558665356632,800.15710805882179,195.63653700664108,665.33103558642438,894.40584935514482,568.29255614884573,197.20053291489444,26.405970216387033,973.50812172764404,647.62995213755528,403.36358417141594,862.70553447023667,676.17151842561839,261.9562362416325,801.2391318302773,900.80101937273002,864.80591471390585,513.27239194694175,639.96060430694354,186.80627675685523,718.5389890005606,537.66582788395181,44.948253810378247,538.90917905145932,172.47173217807432,275.78400962682969,861.18116524136906,144.10000908803227,640.36280980087474,570.58968097161562,799.09870392317487,301.73556735284524,90.193668408931188,654.93502828659678,778.58931455764355,630.81525006359595,416.07517238512861,744.09081036526516,460.54023614487301,366.92842064519158,79.241701181097199,749.18029420391429,16.775099784785688,924.39881897702026,789.98518784646819,474.2705106648624,727.37575927772855,581.00261585548867,200.61325161104838,185.71581984457998,-31.140796317450288,-55.291656589274382,-40.664181791677663,-34.724508230866377,49.262029427043409,17.502933477943358,-76.859709076738227,65.082405170858934,45.191524562239728,-65.161405492005699,62.696321946267894,8.592052100523544,-43.774325236456143,18.013163476865053,-70.689717044765885,-3.61925517470018,-11.463893989128183,67.469646909231585,67.439521353183864,2.9275787742974728,-45.931899539292594,9.9735803855880718,48.868867214211463,-59.923566964590528,34.64187650405097,-83.125897009542044,-22.598624360648977,-29.676104721180742,37.947088518376169,-17.08245944537757,-8.9105648708702141,61.671037059727745,76.561656687806462,54.608384075119915,-10.48450764663257,-20.780330213027007,22.516672427441137,32.048378811484177,84.530764825772096,-25.039738946615373,-44.232635219765406,44.742416206766407,6.0924433242126206,-10.612419868324931,-24.758500422705236,-69.288292116195848,-7.8929266639651914,22.42880645664275,-11.037835413821112,-16.079821695606618,-6.765859824240076,58.698558641218639,35.304376362868879,33.947709121222267,10.320979338397269,18.072613020328763,79.337437596212084,59.450383018797872,52.626516096394255,-48.03145055980427,61.275816210001885,-15.343429065164003,13.219392438663171,85,-69.718983227714148,-63.068006066256125,-25.980868533868801,37.091321347716793,-68.618693968910023,-65.019083709950891,60.602792315132014,-70.285097563956796,8.8377230040440917,-84.803117147843381,-15.968579818552072,-8.7454325210823143,-36.244767682176786,-7.1138291648677097,82.363348418940461,52.7438845896949,29.978592415020241,28.108026713132208,0.98663153523939684,-51.317230380752569,39.70968971440734,-34.737940422757802,-27.303648974983464,70.166106972952122,-32.405074991212317,-72.752950038264729,-4.7641740692533148,-68.722660849049632,78.734216116110858,49.697699218847241,83.342073054287042,-80.504122298194403,36.976924503565073,-14.17222961832298,29.280516303673807,46.731285066350296
7400,-61500,2.056656314525958,1000,208.12242195322705,298.24437520399056,63.165328609235303,138.11675206476247,107.09163183301493,472.00181030478501,263.33813644578163,369.9080198240971,600.88035043790387,115.17627246179242,648.71890293479555,335.4877407014572,64.383232523115907,80.794865772363977,541.69436697933054,518.41590038689583,499.46617687928267,381.87658331348405,51.379452246641904,717.24593306700217,903.8186429969154,208.44194471046734,261.67791308549829,863.92249085238473,639.80156618577939,432.2156388297895,846.22830388953764,694.31164842270152,158.33999613030514,629.63447464215608,783.21537536304299,999.57560546251977,355.89560361709556,813.29474500373703,511.10776943320371,588.88552489046128,417.15191429762058,411.35283531747598,521.54871072543472,872.67661049001845,252.33604667756654,379.05950266945445,773.83554734852839,597.71702451626322,383.98865603647721,390.64963912431216,117.55091042111182,154.13728590887774,572.81669351348705,24.800140746053728,246.43845355111554,154.08017244022381,627.87535217520713,867.55904833070531,359.40756024697032,177.20829014145787,913.11399068206345,507.27629603796299,259.99764687343014,161.09711357604598,70.563741605402654,643.12188034769645,379.81315009115661,834.61082917597196,912.9170263043859,518.15960217931797,532.11259869540277,646.76359171065667,138.46996625015677,750.31840026343775,918.76512660113406,458.86461517694227,810.43604620574615,480.89835981219181,289.7242442808141,843.70277492679043,168.70097769932835,778.37036211130282,561.03239008491926,847.40387245486488,323.84484024341941,649.24470597118363,194.17302551611931,713.04708654658305,629.04698652559387,409.79685264882812,123.74703753020003,333.62738755053329,838.35693432838184,457.5493571976732,737.37629443624212,17.721816797327566,804.77531831682995,667.20989756325901,442.51256312645228,666.33752487340416,579.62538490625889,200.6127436914592,47.151638035758637,-31.56789120058226,-39.481156393396518,-32.350058336367219,-34.248932603185715,40.39979121602417,-71.223881744369336,-75.177467117666808,-8.858854660450767,25.507294757520711,-77.343041152521138,62.013735617905368,9.3020781117582931,-43.732327650079675,24.742688768190312,-46.877956907374177,-6.1165027086394019,-11.04697141190556,70.618179347813708,74.20560696966723,29.96201687218209,70.966403850494032,-45.762656456500679,-83.265533467609728,-53.695628598621298,29.421505208735681,-74.815596876193382,-27.185743162246432,40.104803991692997,-21.950087160126461,-17.177464658954577,51.125966274796284,-4.2312312988235909,76.698838817291588,50.397913883307751,4.5795287934733402,14.141633875164539,22.026915879862592,83.630873884312365,83.382875035349485,-61.600913662450253,-50.952534230443376,45.602298249427378,5.2368221411964964,-6.4055935746529897,-28.457613475434037,-74.052307546652884,-8.4028739220899027,-55.471128476751588,-11.054574779418772,17.255893450917846,21.821789910992159,57.854669295679294,35.132278694434497,-70.414361829284118,-0.10584565810725977,18.221235714436094,84.636677850902515,29.313439668435496,51.932577928573608,-72.610422685494697,-18.056507401261911,-33.561749179259138,-54.204914322614101,85,-58.061089554785084,-63.732594486661739,-21.289458971050475,-11.351981429100398,-68.858634830121105,-59.161426101852484,54.285878503891453,-70.104294000603815,-22.535224395075325,-84.092842811254314,-1.0947922036487512,-7.7372117021252969,-53.771717737302907,18.242840609375158,81.314908855673636,32.930633599328416,31.510129456965977,81.550837036004125,83.685150929560209,-75.946471950757882,37.258797141466729,-6.4009816814803049,-19.123508590827548,22.174413944741765,-32.581151379216493,-72.559269225783609,-4.3006072028321851,-62.012325443076257,-9.0260041508086175,48.921731587390269,79.548736661910979,-75.819229167541366,37.27157606381666,-8.6591175255899273,31.04505244074155,48.897365014963498
59300,-68900,2.0224133433564195,185.93687894585645,3.8136004142866824,214.83265857642436,80.449069608639121,295.49001643507165,133.4157910327082,820.06570122791413,318.53353036803765,376.3303760237992,603.06935403433761,133.60592306861287,124.67680570427981,56.876486691972815,263.85310814959587,81.361244858076475,604.76744996480647,731.68573252519229,451.681945937563,421.95964334325015,834.3480954633385,321.37835534805532,939.41420088100517,556.83577308354552,266.93398436552349,845.41844845883384,1000,447.57658700643748,356.01146214095729,226.66824386180255,170.95485128166064,248.17284011377987,265.18716174444194,881.49995446965499,877.78265981756613,582.97380589447653,537.35058649642372,594.56592469352461,937.71982304092876,643.69548800329358,501.27722560718576,907.15085049093875,295.14049390276818,654.3030390359977,374.1948167377916,597.11114052723303,275.61772147221046,406.20935116544979,74.890828477614676,169.84744952270981,59.001856147764848,743.94058146703276,800.2504578528567,189.40725584827467,665.33070889637463,894.33971212459664,663.83246287983854,197.36452546819368,256.85342904407185,516.74342205764651,647.68575101058104,419.27128246889612,861.68557982292759,676.90745572338722,261.95728361440854,801.58958812404171,910.28622468247943,21.326887970361653,513.7323193037588,639.97036590057473,186.45656215221786,707.75109767305935,537.44233014008853,524.66532121540877,543.79386668521488,172.91360766054305,275.78172863121523,821.29817316238677,171.29951563598354,764.70173403258741,609.24542194523474,798.96627426671625,305.83978937547982,44.313714642808691,650.62067224452494,771.03591795419857,660.86284156300997,416.82713297985595,731.86757099154352,461.09727279373374,366.60938896656614,78.829382742191768,750.4695855236871,89.814847149376931,359.71644455645463,792.16553156711439,473.26737433114863,727.69130381673324,562.68026999985557,194.72775895499382,184.61917441400075,-31.336764158990821,-55.072146474751598,32.854317742652938,-34.724125532251662,49.16005066889381,-68.249052603648877,-7.1783454652899295,60.674450216804168,-29.544958713163542,-64.867852561522795,-82.372958028088547,5.6889488414424356,-43.775927263304695,18.000430655459681,-71.381286125103486,-6.3307032627158648,-10.083944424850493,67.469955579125681,-31.084673044819695,75.786448045999833,-51.597025830304943,-35.370848195044402,46.396451408254066,-58.988682310812763,32.211669557948092,-70.0956505873407,-22.530291141771531,-46.299132856557705,37.949332745618037,-17.070399755156583,-8.8893127141342774,61.702825372256335,76.560055506440861,54.881807697432919,4.6318848714789222,-20.770217696530825,28.187093930113885,30.600153004953622,84.53080894687416,-59.2967825802466,-44.366992554765638,44.908043576027787,6.0920634367283348,-6.4333761889387402,-24.687235445406149,-54.864068111946736,-7.6790740881674342,22.426469894122082,-15.761873008303363,16.205663846559297,-6.765792119530821,61.888304669777966,35.3091580201855,-82.30729395715359,-1.0868415537692089,16.012705845189021,78.104735468432594,58.710646521960207,52.625667683873999,-48.07031697325742,63.954858584075502,-15.174513550772108,13.489108709257916,-28.516595222395431,-69.797669561865817,-65.077741627254525,-25.295332942635042,36.909518310021291,-68.623816509962055,-65.024562588925676,-10.80430621243848,-70.526718563228215,10.552351704318168,-84.801232084541027,-16.119700716320228,-9.5921422104276708,-36.297742180360714,-7.2199681648165912,82.313264972808227,52.750776625905445,29.931964521406222,26.918493295836775,-29.578932708322768,-52.411586993504315,39.709817296207994,-35.380588434458808,-27.304570676244566,71.120179011972411,-32.389367490581783,-70.154511596481782,-4.8197061720431149,-68.528398856417425,77.741090644266905,49.704461975335398,83.198145253834724,-80.508485806316571,36.986865864039643,-14.643344329058394,29.309484354146207,48.397914988797503
64400,-69400,2.0216166310486066,97.143473647794167,0.69046322333362298,346.95029378941047,66.325701058432315,136.70297482850157,134.68235565751161,788.4074711609353,333.67438660211155,476.21554408623365,602.96621835616804,115.09069723031847,120.09754227022876,14.309729945690634,73.582910589989069,79.96676793681624,602.92721106313581,571.83463242799132,72.308421865154372,386.22516430896712,516.71236123183053,324.92556540046667,410.71296446849624,576.95703164378835,266.86279748465728,845.33267238956466,648.63305205388656,460.31591316533155,56.278680875759051,846.96084862627913,955.33279562547773,647.28176395292462,265.05994093550527,980.08563158563175,328.82582379991459,814.02750964227187,512.14730901682731,892.85540898938655,352.47762505513981,155.01560477711413,528.87914950905952,906.29186017285895,269.50158141921071,620.37385055017035,407.95694036855991,593.82253512435284,275.36531034329806,196.37525779358077,334.63819254463226,178.33274269502658,574.00120509114754,698.76882619577702,835.87364572137312,193.17947091086441,658.60267738012885,636.89385920511688,346.39868278581099,223.77352865630121,932.6644003845837,860.05162695287788,275.40831046499335,409.54995724452669,18.226245188744688,640.28059119624197,389.66579677502546,823.34902174029503,899.9218874960909,542.70878243953177,489.16526800011542,635.24218003043984,194.6564423615892,751.11367130419262,928.40443567077239,530.40042913943387,833.16509813849018,561.74221693145819,267.25364964671741,818.58426123354934,664.19085290473743,762.17251373428348,605.85674277725263,799.47928008260465,18.056492311336001,85.453879720208107,152.08454615564153,764.57365397627223,679.75559951776722,387.75411785675209,230.12676219044681,479.25424790414212,846.15662201479699,135.00560185657341,723.51287853318092,1.934454155356832,367.97134264086992,668.08608490261315,148.79823327751461,712.05652784426775,588.47583376339298,192.27661540092723,173.95920199100595,-30.701520091794922,-39.737164342967937,-27.049312534601569,-70.269100069070561,41.994055955254055,-55.932186185497379,-80.608544841990195,-14.381722292927702,29.031887052706363,-79.947948279197206,57.994939072046598,8.1790592105316104,-43.825519771379589,21.777599435797683,-47.873856501702122,-0.76527007007810255,-10.603612062652573,64.75495843365546,-33.864333485948066,38.187968152576154,72.725848602498019,-43.504393759434137,-83.471964171049066,-27.486620084054582,35.371375775365699,8.9388219104386621,-27.100031428183534,-32.700541106549096,36.05660857645033,-17.149827295338135,-9.0435707351838222,64.990323837143251,71.966775234030649,51.470008420373311,-16.614762054661519,-12.829892900491224,29.185886560634902,84.992725478086456,-23.061917495397935,-61.769956336150074,-73.737436849110537,44.166371806524062,9.326469197855042,-5.7124102173880402,-46.867347281427918,-7.3792982293371949,52.026725541107197,27.051759716642522,-75.324996756434942,15.92215562352181,23.515848756160842,60.931652160593408,34.889389193404313,29.378877744908312,-1.277230111179865,15.95274844787029,80.858731519448909,26.594623530765414,52.433860286331111,-78.774486129723556,39.772933364131916,48.165347023976835,-52.958031618721591,81.285029925910266,-65.023909930908246,-69.866260157054199,37.001475962139146,-11.846962980424658,-68.577936672624958,-62.785725984465671,48.402134327653826,-70.431999343730396,-18.893799774668679,-83.638163159948277,-0.0063766944524934477,-9.5770902262866979,-37.056859003538555,-4.8105890656281076,81.260232239363972,0.77307821547271161,28.566052188054215,82.899155435720417,-7.5125365375702486,45.490191381704335,38.671003006455294,-9.0832275993738705,-26.841950406957682,68.739117379161328,-26.421826779774872,-74.40886240402439,-6.8510966479644839,28.170120283316134,29.04871395584761,49.560841740396263,-53.950602920780241,-81.023289806721863,37.165684987423262,35.636962902808378,29.369838523523534,56.212604253057094
6000,-59500,2.0193228509716854,999.99134173698599,171.37302276872055,306.23687751258444,88.33625297100879,190.84122489034104,156.11734493294463,809.35567200964681,333.32108946401559,379.87953112323868,605.78269804115405,367.65520803240793,171.52699560361938,334.83518784513132,82.67606470750593,79.970423443574632,489.23651222229404,699.60519753322194,47.635530491709709,27.347869627674811,803.49076074139964,336.39511316162071,935.6605040905057,578.18405005321324,261.90044730042916,841.00576889254114,141.23929750338988,110.82222259817274,853.04176510772197,350.15779629195015,902.7000501930147,648.50369975078752,214.91745306575035,137.02857600221159,333.75945610954301,562.62866453242884,567.0739171526161,182.18544278842813,417.68693362049407,471.69907026702634,513.51928327171038,852.69567473580116,695.96179704259794,383.68099387149471,377.83214711261644,597.49541431995829,240.01522871282668,389.95388664243495,117.51565614134459,164.0398559628581,590.29057740817336,35.42182724933383,252.63063216585931,157.99578473722764,627.90788875161854,639.84831331916337,300.09697637490285,479.60225358965721,375.51862609173685,920.97144617687138,270.6683537137726,401.01668483485366,867.58316346379661,638.55034981678875,382.45911390771067,15.975616108378631,905.46303167857479,911.53827225839586,519.51876049153975,649.3208512669587,169.92669268718726,750.87643619831624,919.38520517513962,527.28135188446618,812.04484607149368,551.21236375538376,289.16468237031626,840.87062681241355,171.87121205964337,655.85635544814716,80.016237926900686,835.683055166146,310.47141262639542,287.15212864507816,194.13405091171333,318.7681236748864,629.72405444792673,383.58298719974272,772.40009350753576,467.99543419183732,836.24094299135402,503.29017366357886,736.57487210189481,731.17668300355444,807.11970178236982,806.60675962004882,475.04648428166462,722.00354278063719,579.86246224654951,221.16281675696271,44.166427166973946,-29.988689226286912,-22.343047924754991,-33.839773298641951,-34.056219977578344,50.809472389848267,12.139812167917754,-75.294823485132525,-8.2507322986072502,28.218368371568502,-77.282400227636913,67.984100419997219,69.976117924815426,-42.302158951402916,80.949470360582978,-50.223325452713908,-6.1767057245950765,-10.651527377493878,64.649643009155866,69.003098447436997,31.362613251662601,-42.2162346809653,-46.185143845434183,-83.117444811740071,-53.307462501410278,61.053722054283604,-69.729705295449861,-27.527971869817499,40.065635962655314,-23.165373150016826,-17.091056909137794,-0.54814327786934325,58.995133940761406,75.145249374746186,51.732577356228731,4.2018860521783381,15.478150744971646,-7.9933439204281216,83.612457789771398,80.608787555418388,-61.975738396676029,-79.853499299383671,45.871976404256422,5.1541722868975715,-7.0890381818474753,-24.672541429135524,-5.8311383978580258,59.876365305647745,31.494217477027743,-13.245046052976598,15.209626342305036,-7.1636072710193677,62.193421942187484,35.492549709837768,-69.47518078022641,-2.1415239717624104,-32.338576758292859,-22.540242204855311,30.452355166456201,52.414633026619541,-82.203432696030461,-17.546499527423475,-35.564441673074782,-49.16723335137636,85,-60.080674076361632,-14.054268712715864,-23.32789683704539,31.77461022347936,-68.620049570658182,-57.509456334297894,-13.372546346634383,-79.512762969304106,-10.749696105292877,-82.632414028351818,5.1367625715091867,-16.192655302494853,-54.394611292160697,-59.168545350155711,75.219408406880461,0.15445715004764082,75.197779502550304,-8.2418450720913228,82.284396405697294,45.9451767205992,37.525940273231157,-35.850955116182043,-19.645910632064389,22.742997344812025,-32.992945865601087,-72.545489511289404,-3.4661312709125065,38.948398746677157,28.351930957030078,49.493353078230378,72.701283320271244,-81.731356559144089,36.804077284736273,-46.692212626113324,32.800796846139257,18.632880462715264
65000,-69500,2.0024427349834855,84.002331735606788,2.0197320052427461,687.19966038113978,52.223887147382527,207.889223388038,134.67363347775819,827.76669063906695,108.44497421140898,479.47834155345487,602.94634677746637,391.45810613490033,287.88123372467862,323.48663139958899,239.55009625083551,346.36988546890882,605.53335231363417,718.39697209252563,152.17556830868159,395.23159323050908,791.65342024374183,544.75510375546776,924.12214004013094,566.31056857857504,270.25974018325593,846.45886131017505,116.01620667556242,466.29220445994719,23.598456546445526,809.32711074839949,129.24638962023874,630.01773767659654,260.56944685308827,119.24011043047381,586.75284087089449,814.30851279986439,1000,947.24008962073106,455.46868202839812,145.21760072175283,486.40092893156259,810.59048230264784,652.16473097700123,616.94518897040768,407.99012691036006,593.82313362017044,275.60293973608327,196.04751100570806,329.94727505255622,174.19314170053806,585.91351106818536,683.88445225668409,832.459263835672,156.41646013482926,660.5703273738626,646.56058599116648,347.40273427656228,205.70848622172883,360.0807042384609,990.3336415007592,299.41863473602598,693.14487395941046,22.423122880811519,30.907326548269225,658.31794282469173,840.628312408434,903.66594442262578,536.62674418787503,487.47107481256057,629.5077882856699,140.47626770862641,726.37355282292924,928.12622563232776,533.50060112864412,584.70381094808442,541.15428302424539,260.28516046987016,818.58685217183483,308.10963533142706,763.66486697206005,576.86240088338025,799.54206672005023,298.63699959727364,283.06046340024773,153.05986176414234,739.84890464573039,671.10999584176056,384.9857458896501,30.669177874941276,486.91065289911359,841.46929693718789,103.48901535244975,741.70626929140894,3.5090682658504591,878.30597718224658,808.47060560151829,463.02026969822498,712.38642894232737,580.01701478317523,192.23003671582697,45.793811983284513,-30.736445925935449,-39.75849843993629,-33.962080338891496,-34.331788468959815,42.118606524769959,-65.096490335029941,-81.463244756299503,-12.936199392826122,28.249186890215672,-77.397127581201531,56.10021966036016,3.0167197181531975,-43.820700053237459,16.779473923099474,-50.160241418858014,-65.375251740470176,-9.5722010391270107,64.75684990790144,-33.053935123690387,4.2881360045589112,26.935463194054446,-43.422090846827828,-84.900327653667347,-27.060225408587758,24.934861634444015,-67.073891552605787,-27.102570342474699,39.264676721618152,-24.372196660898314,-16.891455982978727,-9.8302433246312084,59.859027735036747,74.964481018878558,58.40430065175407,3.4531050332934896,-12.67422425168615,29.120551136893319,83.567832117822704,-24.319131657790351,-62.22596766340898,-77.555180795315465,46.317653663365199,9.5453129087735196,84.278548473744223,-24.761045736257692,-56.71332424087467,-11.099269790451228,27.151411717979805,-19.210070701536832,14.428679224220698,23.40311854493951,60.902273584429892,35.201607096128008,21.400758751300305,-0.73808259806311882,20.993876368021553,77.603502159312114,62.251598704266904,52.494734064273267,-82.070562620126395,40.319831124409951,-33.669051178777025,-52.934055046877006,36.56066353303288,-66.820454092470101,-70.710017163310496,42.040189666194038,-10.453319849627571,-68.573851914130202,13.077291353130377,62.694864305221515,-71.938090408621193,-22.978209542976956,-84.106908174165682,0.47696663760140812,-7.7223051176493804,-37.18224964465697,-4.656311494114437,84.589704592727244,34.99362479967786,29.81629143609544,47.038030861165993,-2.2184852886099016,51.367527601892604,39.782021697644751,-36.101829402122945,-26.320499886818066,34.228821769926462,-32.511196820901745,-70.215676605278958,-4.377384802503637,-65.396035595045575,30.122854160035846,49.550729777987179,-55.089676147964227,-80.506238376360059,37.610791179021717,-11.029719104533452,29.475072592228514,49.296750557441996
1100,-42500,2.0608381981017136,999.76321972179642,170.97089316956215,684.51790379223792,66.821960052036872,185.78725999802515,135.43848753053291,808.26306830295675,337.71330034727009,472.77175636593188,603.8275481446143,361.13358113457787,114.96558116486614,13.256781356554569,687.41468159773046,80.287425311869171,509.58600059320804,703.00461814533571,100.89324502469628,386.74846418835034,512.03703884435959,339.60984313771939,917.77054631232295,579.61097294606782,267.0776580232025,872.16821206849863,976.4847296536318,105.98540998890721,852.47981645618768,858.20842795928377,976.73434401092993,633.38989273693198,51.871359991195391,123.84401524079516,326.45802227586773,819.25745632654116,973.65494767692121,894.22735209846371,346.84110064195261,456.77845032312291,543.65903283527484,491.7918823070865,672.49114688046279,379.06983752302068,366.92971721496218,598.30330366197097,395.28361308702216,180.81727807954064,130.33163161739432,178.10539633947977,559.01956949934413,51.175810863185959,693.41183011247665,192.93055937520563,627.7560133476353,387.43148603951011,348.97966587545989,222.58702425187744,928.17694870551782,905.88726737247521,274.87444029812946,396.46971285119611,942.37417237898046,26.078350978813322,654.54586691455415,56.069977408017969,827.40895608970789,902.22519256200428,517.60159216371278,774.41469590450913,137.6271235246349,735.69079283135079,944.14999315440105,532.16892943425432,824.78993385499405,552.96060796372149,260.38920335858234,821.81901455052412,283.27269688416811,756.61487640136249,73.510451256426634,801.16677423695069,34.663955781930426,289.82545903683234,188.95247089660748,769.374714481973,677.15412647664755,386.83739049234919,777.53991923944977,480.22336888539661,825.23800375300016,122.59722933364384,749.59362905301577,22.943197332360395,368.92802459947927,681.11039362659619,124.86357117055306,712.85638561605185,588.36538933358099,192.78553237628304,54.944498853103241,-20.525213953558687,-22.745387736625425,-34.01552843213608,-33.438787947145336,41.838766836689089,-64.769176580290448,23.812992288208275,54.889070907758736,27.446285117518393,-77.344818087340727,59.389065960548081,62.956253479425229,-42.445096501264061,21.646557034066987,-3.1098326659911493,-60.974475670621452,35.800564906409448,64.767513199356912,71.503096496689963,-73.089674780853798,66.734178174169827,10.006717435162807,-84.727482449053966,-26.637866018236288,35.052896424599467,-80.419440794797254,-26.83867199722566,-29.579076261372663,34.935231271983461,-17.141299723759044,-0.18000410209412721,64.730100053895541,72.040885316202576,53.92739270254269,-18.090920297204029,-20.665279709615003,29.049183948600916,82.820601314134734,80.588907852703059,-61.760275055949819,-79.723676708853574,43.447442514312627,9.3733255120252785,83.381916565603333,-24.838300167511942,-8.1733778956833341,50.72773042307098,25.099255833127273,-14.407880997018399,15.946807132153383,-6.5840497682541024,57.777825093746358,34.888934010979845,-71.136098765729855,12.192874380850414,15.902731087038143,-16.488968313802133,-18.339478684043087,52.432228352777116,-82.081931922602465,-17.42888407568811,46.519978815200183,-49.126491242608253,36.124784744557992,37.269701584742769,-13.708856334189424,42.016466024695639,38.448574423434849,-68.577416831028756,2.3193167417794243,61.088962931962975,25.322154839748425,74.894155099439558,-82.221563075322564,5.159906070238228,-15.747067215141755,-36.04848612707432,-1.9366710301406687,80.324571080421975,31.302359308550077,31.699923842628582,26.511723552768494,-2.7124890777516804,45.511639108361763,37.392430535955107,-37.566115121771041,-26.825329170360444,65.66616704959236,-28.593734980016659,-70.176983580919966,-7.0869841555661628,-65.215034917741292,29.092274022870622,51.320094461659018,-52.826957512129482,-80.971910297964897,37.134838637102547,37.707851716333522,-32.898781549651133,55.610083530650705
7100,-61200,2.0620145547871744,999.99953467528496,230.66392154356771,342.83662966683715,369.52661020425654,774.08402977408173,135.29056463632165,819.84080742589504,108.58142779544312,383.22601487822192,602.54026913348719,121.25108386360017,125.07482666233061,1.7826709784519039,659.81465334941095,68.053660915906789,608.82026702401834,595.8838144358366,68.374206362228392,396.54328138087948,832.91782123793109,325.04930772494907,941.18170538852257,569.77471426293505,266.90804075423176,885.96375327847329,95.974876765509904,455.17340994956879,7.3553309315868205,678.44068086017842,142.34724076858231,235.11307111884145,27.329323066568964,98.884396259323083,339.98275170097099,814.96435058903671,512.09818646496694,894.71916975320141,473.98555971498797,649.40204953170951,127.69126475597344,878.56802466032582,295.82460830084369,617.53065127700108,705.10181070825888,594.16725606792272,396.70649271185135,201.85425699606594,318.70650352965987,177.18131145926873,592.26201288149127,771.6206895040699,210.60328659377831,188.77079773521771,648.94396384101924,334.57605843952052,662.58382278327917,223.92116178618301,963.50329376396257,488.87606748337072,296.24493457360921,432.67465125813146,829.74644472695525,670.51239807514366,385.54494308558088,87.968013684995697,903.43537008868611,908.88240977372777,517.96662247444397,630.30406923711962,183.60874594620512,742.74414246008189,989.88775469443965,529.00258371692769,561.05862692540745,553.18255070660689,20.291898312956121,819.60204476358967,303.28071254347213,634.11201063086276,52.146042082346177,830.80526751220361,53.076370225685821,278.93957754323975,207.84108413179368,928.73980275343797,667.7338104244518,417.60164614457983,58.329302557522681,458.95532077034545,423.81760128019516,131.95189481938633,748.64865525224252,802.26365466387188,348.14253508403795,800.52651800976378,457.68866714243791,716.15410965968204,564.03344669737783,197.23717870846247,216.48362365751572,-31.369373163042013,-39.051393146466694,31.794964097329686,-34.352249995248499,40.287296284115001,-67.759656300580858,-81.516103590238515,57.45973248499412,27.536227995543037,-79.779084235141198,54.928299829558753,6.5778525896538831,-44.573635850323171,20.84076119340294,-68.116195385249114,1.0728540771363768,-9.512624685456144,64.817583215164461,-26.845823531942489,62.216527418330024,-47.980333500088413,-39.729107460484144,-79.885308712331323,-57.229808142699625,29.782297003188226,-69.073917381482588,-23.594641550685068,-26.613993631932509,37.537024115780085,-17.123884133119326,0.71409927375366999,60.047152585278354,73.014654740106124,-35.006923093285629,9.2432554995390763,-17.597023974667131,29.170787257451849,84.568130280765487,84.97329954712211,-61.612852365546956,-75.203854388857565,44.381336115628898,5.0463287432285409,-10.006674072639086,-24.731752699077681,-54.007233172496733,-10.769682063088633,25.851679020677405,-80.68511111527188,17.39760891530187,-6.6962127070348547,61.752470528705004,32.017400379904949,-61.619374484639003,-3.4624380860097408,21.238713034678533,81.947760981536248,27.416263410442692,53.210167990463063,-77.527810099450008,64.366920521776066,42.526357070847403,-43.109671495627971,-30.370379180364665,-68.72493952275363,-65.314376799518328,-21.162803195935293,35.06168506363187,-69.027272570310203,-3.330246323654773,59.767854022980309,-70.559991371701059,-10.854336235446315,-34.455305003031135,5.0277544988701406,-9.6984580571645758,-51.7056391293373,-7.1092127375784804,70.415966920100715,-0.54820292175112184,31.574052909215972,78.155668275170939,-3.3901670079400539,44.439737625765972,35.899115399431643,-9.8645138100406928,-43.284943236307782,68.122385927809702,-32.152738376854067,-69.87831488041536,-4.6241110400554799,-65.928441232909023,-12.129641818233956,49.587470938293414,-53.555636256926874,-78.351159756962389,36.994272124227543,-11.103962722104999,30.172829293795122,55.709698996377661
61100,-69000,2.0018608248243139,156.48286753570665,2.144877165372141,299.7796770040207,73.687358612020972,769.96750987212215,105.39447421783359,542.18414749183876,325.18231961068591,373.00681539702418,603.02077456887469,121.99354642400827,639.2236973789918,25.733928737378307,288.55792124598179,80.748030247373151,606.17762575941708,709.41914087569978,65.964674023481308,395.5347719870125,842.66552978934533,91.749042053633801,910.33664917259807,544.33718884268296,262.43471711135601,847.43134110282733,152.49036119980281,406.95326140270618,859.43398857420937,196.91806691177254,169.41976243724423,230.07474318327169,265.13064706226567,961.83724462057626,346.08595794958546,819.74459144715229,553.60269965295083,925.922441715074,400.87758672900765,427.20293696610497,515.2456817730133,904.27436877187972,312.02063020870236,619.38788288887486,375.53335457535746,598.26992057622545,272.12706904311216,207.15422075628882,325.34919271040559,137.47200096377787,587.44296202651253,4.9241879399330628,200.17077188878915,151.53816054985268,662.00694504270837,647.27834342593178,630.02723561849962,229.85825708498862,85.800125011888667,979.32995275323185,170.09647450577688,436.0063709438856,25.865630454430516,655.39249955358218,515.47243963590881,793.25712944028407,649.45236539696361,950.14589440559826,537.21394379403409,634.4806850543921,144.6400930656531,750.60080582829289,933.39691980179259,528.71407927918494,572.90800059091123,502.3763098738998,42.166753063637429,819.71464482701413,172.81686470654631,633.45786804673207,66.207003540288312,825.93185911996738,293.44498384784362,270.6493374147488,214.68959510507267,755.29534601884382,680.15822279058784,421.07750886487207,750.51015353511752,456.65494129127256,821.07527428867445,531.78472998015855,723.98606383805793,34.88672990459154,873.44117000303049,799.91491495629441,414.4329631183694,718.45446714215689,607.12266698690473,188.87329432786663,51.849067816038229,-31.102526277417891,-53.14072723880804,-25.089649281982581,-59.400155505720122,39.875716207550788,32.630949018257141,-74.296429645431672,56.263424303358008,26.874629518087161,-66.122444714724622,-79.501165852790521,6.6375743053216265,-43.284449910918909,20.458879701450019,-52.924553643493098,-0.69137815109077216,-11.179842405425767,67.533480502420545,64.43871641632316,-1.4670041720081688,-44.082109283603117,-43.182746897490652,-80.817724265910755,-27.464776778820113,53.482691963148817,12.685557765152392,-27.084615392644828,34.122697619922185,-55.841051939915118,-15.662800953970057,-2.5410131976278807,-19.10426032458367,73.129355641570456,58.880373109493974,4.9440085899742279,-14.571809976039301,20.991279621217814,83.597218837232646,85,-29.742152864986203,-78.594246918171351,44.910684347630806,4.9921617576323509,-2.1018730941862884,-25.683205836518937,-12.325839328997166,-0.099601645817248841,76.296158816089445,-81.866906030012984,-24.024262713258075,-4.6164965245441287,60.821135790434141,36.067819544978178,-80.062561838891511,-1.5199472130810259,18.489780833182465,-42.408253273049496,62.899156179686116,52.460714182033037,-45.681381767370809,59.859258627528227,-35.396106073083487,-49.603163177878315,4.2160761984304287,69.159198122071103,-32.736754371765571,78.661540529965791,40.970039188193553,-68.61722019193958,-63.638473782846674,68.723997015575065,19.58514604082292,-21.181026532665019,-84.04237900235141,-1.8000071517335601,-9.6188529368898834,-36.356655808697873,-61.32682965086272,83.936038940098712,1.8046149014535722,31.626088862203606,49.11343233764687,6.2194952327829265,-70.822495668142949,36.343454094156236,-72.190302985057443,-27.477445864250864,69.991221453282307,-31.922763784986763,-69.979325785028038,-4.6062473504478296,-62.081443032880898,-13.218381155827075,48.835636184624718,63.555134010048114,-78.295302701539043,37.329697518657021,-16.889885986469537,28.341980932340352,49.539827745631847
1300,-43800,2.0592438025889646,999.76829880042271,171.86683667300034,679.43283178447189,66.758509706408532,209.19494664552886,156.1926157233346,809.65425208861006,126.92412062775901,477.55999186276557,604.4183418579953,362.54051194362245,273.95443431637403,324.06388816450925,658.9399141876587,79.532996915902999,509.64081550780469,706.71124763505827,579.66880160747746,386.72677468826316,798.19701312350037,548.38915339125015,900.86946999290637,579.6436208424675,261.90191330295846,872.00286478690259,85.146450257926347,106.94723129490406,852.95508266939089,832.35050244797367,76.675521201193277,620.46784988220361,216.39971625465142,124.53628967453163,326.42419503534722,559.24262346019987,992.44931990323153,907.13719652657699,418.40421623953017,460.27888955240689,513.64685320528247,488.32956283654227,673.7897660604109,378.99352362349038,366.92854048158279,598.34373684828427,272.07045798475167,209.68057172353795,114.65820652077942,174.80736574860714,570.59868419155237,42.635060740531458,255.44430671359206,195.90458542227796,627.80666227466611,627.8677061419628,347.36367469971242,491.034366841924,401.37817492944811,907.55728562607999,297.56953059132337,705.72549618234109,937.983808448937,26.08174675497045,654.53497742822401,48.753008694042364,911.2088371826369,902.40748829166057,489.42578886657594,778.16381539832037,138.35789539206499,735.69176965585143,968.69329097348941,469.87166509748658,834.15057167675423,553.07587438903749,260.36595310473717,821.798112982014,311.63156761362706,756.86306129563377,73.880249851686159,800.63203431852173,46.248165002915862,292.1564959822071,191.19714088545254,751.07135926489241,677.27887103603996,384.91665700890366,749.8006361923326,457.44161937185561,827.21591045479602,460.25765478091182,741.36935864942291,13.251677331394278,798.69188218374268,804.86943721745274,463.28169484391719,712.05036049505077,579.04333311748883,192.88453830727943,53.790253106982249,-21.127862079864375,-22.341206237688592,-33.700378197234222,-34.063560515841885,50.345146669242233,-65.028428964462748,22.875123518880407,55.01756430512215,28.127591842856503,-77.364590702753475,-61.402935391421131,62.731025094481062,-42.344642098680097,21.639615261438564,-49.615361744580774,-62.489004871153966,35.799953779792695,64.858188362789363,71.43756927090844,-71.359078072140022,27.009372607921435,10.058328323570731,-84.918046034630152,-26.632971108097049,28.559234081390851,-80.312732749287093,-26.063167874109048,38.705063901328479,-25.45353433272896,-17.178595412394127,-0.11430324762531954,59.195236356915323,75.075498996103292,-31.6782802065757,-74.715873950308236,-15.835885933772852,29.048419461852326,82.875010401464323,80.592586981789736,-65.707819878110897,-79.781821448902363,-0.83620544396115559,4.9352924018619975,83.374496404900356,-24.86462539841413,-8.799969923446735,53.625887847167633,25.190374388121459,-12.947870529966215,14.829185789548985,-6.5856040543418146,57.784483807151048,34.846263019372763,-69.497920681579657,12.094131792014437,20.920118830847958,-26.61584513923583,-18.037388913732634,52.202491371070593,-82.082570100258764,-17.506725686118418,-38.301858455741908,-49.132197180416746,38.577318142378253,45.48753628332755,-15.652244896285245,39.616832494350575,38.525009245671129,-68.618124091978217,-0.82866310179690883,62.893346193842753,-37.522307700323751,72.011537928261589,-81.978631297282874,5.1522491866833802,-15.921476062712225,-35.639381505905405,-1.9062258243797385,80.3309962685247,32.438839181748513,31.480749581166922,84.077296683204906,-2.2380184234306193,51.278089537540119,37.545979829267537,-36.331416744280183,-27.303166261324417,65.848557308054765,-28.588026498091203,-70.21306255863783,-7.0714227546060622,-65.232988634252877,29.009907024103303,53.801355025612175,82.624627827937161,-81.703595311548838,36.798822807238963,-46.202685282638477,-29.937165516555293,46.44029020593274
56200,-68500,2.0040350471247077,240.43575595459964,3.1527892382195564,218.77332025115123,51.691219887147682,260.15120989444472,134.35082642048201,835.19188685529036,329.71629625416375,459.69451870273502,602.80997922958841,121.68043625069852,613.58643502986695,296.50478953028738,63.40347589539877,84.672469181718441,520.13885242880519,722.32414315897404,23.834161676528367,396.68608253866029,829.97345909339913,108.52616687580878,923.04110743790409,545.08151544078589,270.48080751724694,846.53826691093354,681.42588905540083,812.60429627713984,975.85639827527916,195.97747593261639,148.58408446931298,243.96717780363653,14.006564884284572,877.78327103068932,349.81805671295967,819.56617494629666,575.71402486108377,925.86760819121082,402.92665135057672,450.91267999181002,48.354253268666781,909.90714830887259,270.4426163162388,385.75120198282389,372.11781119897319,593.81712759253139,274.50486774829386,210.84848599771414,320.58266140974661,171.83633954845467,204.27943320801182,37.729806028973201,189.08803009354912,187.64283651303208,659.74789835665888,639.70961906787113,337.60817918301711,476.40078089265506,907.39652553777455,520.92392415774236,158.46671556804461,721.00532372854104,695.22366286345596,55.812565155703908,264.45219781334885,846.36532771368127,821.82464886581954,949.68937157772575,528.76070604404345,636.79015188805249,181.82010044534667,756.55887779321279,928.629817128181,531.04824504114879,801.76818627106979,505.3871702949279,275.32003131945112,821.99272145087014,296.92693569048527,629.41193016012778,584.66784302405631,799.58524052923542,813.27446801871315,80.988573802936386,146.49496695776949,755.11516845728772,680.07147300559143,389.10504809884429,45.057173436005428,488.12369052690542,839.5977068387283,473.75541663915527,751.00496722413868,20.384975745397469,861.63124544193158,663.00947244664337,413.28537311826676,717.86465741269637,562.80724873775364,193.12531054735891,43.654871608887461,-30.957153711976385,-40.04049783773565,21.856552740273131,-35.212044661313783,42.933678469330744,10.462512656459925,-74.063408912886104,56.727901056903129,28.828257332177333,-77.14351467595273,55.167900308340748,2.655643150177454,-44.081702795400069,20.53056065043382,-48.633319468530246,-4.3446049205951276,-10.466257936022124,71.413379559982147,63.420336769894938,-71.227220358747246,-47.688003854555497,-43.128752149393726,-83.440456572471632,-27.636332628152942,56.203368520409086,-74.452765251849726,-27.103714884533673,34.137633607585528,-21.194775825612105,-17.24290894414295,-8.7744467163901856,47.915043161862258,76.869686669940265,-28.326098741194166,4.11480417593061,-17.149605759978293,53.620825544484283,83.165765390887302,-18.367398614338089,-61.684692455719244,-41.838290763590116,46.357258622684213,5.8879445166768702,-7.88907948885719,-26.622966994914698,-58.180486018729269,-0.32582072827686837,25.227492338326357,-10.381971280454625,14.506790826122611,-6.4467175870123796,60.87120620615439,34.770632162229205,-76.871944696615671,-0.56844950202346989,22.30606164459979,76.144257438855092,-23.853416101789609,65.325558636398682,64.057648370301322,59.897504564258611,-10.738109628142739,-43.228834638592197,2.3274281231776324,60.037106180701223,-68.567677038126561,41.590739313317222,38.1868863522213,-68.583591053179944,-61.734369387596061,54.347360586026973,-76.425403848950509,-15.22550749036408,-84.649777713637249,3.3984479618732513,-9.683185770925947,-37.182386377960277,33.951912397615772,82.183256766033665,1.964226119034022,29.945161315113456,84.966695756408683,-2.3907169686125771,46.77580832159947,37.160944716349569,-72.929702861119893,-22.375968025381766,71.846530898164048,-31.919589493818652,-68.255156335948044,-4.3992121878028048,-61.765917593212393,31.661041565229983,49.57133521547766,70.390552221736982,-78.269977583426794,36.992478440646266,-10.621745645024077,30.072275759432799,48.847586220069836
53300,-68100,2.0012420318770165,292.413046695486,4.0736441656507303,302.12394028951246,80.694550322295072,265.30534074570539,132.79529866038183,821.47965410711504,264.2266354226432,386.16986767769208,614.571161431674,96.875996853622567,291.26890270671288,45.533194680530663,96.093875850456698,81.325801103803812,977.32800742451514,728.95568395271164,98.14001946954366,420.97982929033589,73.121719476893304,335.36889244246123,926.84848515343106,554.24704352004505,268.43146068145109,845.20597660701526,1000,414.89251496173461,31.081958400670089,231.7759204605498,906.72947926716017,389.66460445062927,783.78794901323556,882.38798378344302,843.26606194016415,822.6388583352682,562.62820566945857,395.01987740010401,960.16669180563542,139.3799203793811,663.78698129955228,812.42803847021844,345.72374069097248,519.34832062962664,407.18776398291112,598.04473204163628,270.22439333609032,410.58494170742847,317.25195346183165,164.37536184382387,52.118720799118961,738.46323380014564,276.41327964925307,197.7958447869695,666.61311625594044,894.79020437421684,745.20409006654177,197.91732068650421,26.403950272852676,467.44075564197834,259.00577059561039,412.12332476993322,9.5846226846715581,674.34300720690578,262.03787452972909,779.31452333775724,900.81054529885046,71.015887053440849,514.87773763883399,647.43390485999009,185.39638442369798,720.09123408310643,989.39140908247077,474.56849064334938,545.39724661574337,172.92601656327057,273.69643937533431,861.76821654869389,142.36170745173408,640.00098426341424,565.62810186464367,800.48825291765274,314.75553219102414,695.62233845941637,195.23200746685455,779.69274839168747,631.3400416728025,415.02654300433045,748.80033227722743,459.40139869366953,376.90989073623155,79.167396597289823,748.86462904746429,21.477671661814405,327.2195370159028,790.00893290129966,477.01225507347937,727.41865873972301,582.66545660236659,199.88229445633135,203.57980720854962,-31.140885082882381,-54.979710604026593,-40.654728690825777,-34.724497857817617,49.278714494689027,17.542886455620625,-74.851852114807869,65.593957749825037,45.167020231124361,-64.64482496076775,60.951957214370701,5.8897714984944436,-44.102249914120286,17.546072692583024,-70.828287526203781,-3.3973289175255226,-14.144528295324372,67.469678365276977,67.351801438931545,2.3563359948135378,69.710663336609841,11.328934435703879,-78.038169042584684,-53.299463009974332,34.406911691571899,1.4683418264005823,-23.108182790948455,-30.137697384845858,38.223443613829815,-17.107213272917825,-8.910064650056178,61.624754193761781,77.550319522676745,54.567034782103363,-75.689451613536406,16.886039074818534,22.485176900707199,82.247862596352306,84.530987483370268,-26.565020477434576,-50.090531793376634,44.692141427575557,3.0856289834729367,45.127902690224715,-25.565475469167829,-71.03506707470882,-7.9310747689895109,41.106464614436334,-82.466132366369308,-18.294929524553343,-6.558293597809266,58.555699230722738,35.3599264122387,33.071312491932758,10.328070842749407,19.371107074797365,18.56150212507189,28.655237029296504,58.596780687184371,-47.758872649479237,62.156659194140822,-74.344467354149558,-50.463632219642783,-32.728140128185004,-72.471910269067507,-64.140978511616765,36.322367602762363,34.929951185068639,-68.495568905114467,-60.268886300646862,61.37169873565783,-41.190332124575363,8.8505214393252452,-75.083821054958491,7.6650214393530094,-8.7149313113993596,-36.238993946394203,-1.2160222449559277,83.540321482363566,51.874604804811646,31.726423996162055,26.494512164998312,-0.2938750246637909,-51.384941700414061,38.392758261278438,-30.388577062374615,-42.522334331442032,66.241480997798874,-32.392338175517992,-75.338934416257104,-73.695420335767992,-70.631543531901016,85,49.199193369128608,84.06852204159695,-80.492683943259408,36.973707316149948,39.169283133922121,11.998222597407114,46.476581724096093
56700,-68600,2.0055711690834119,231.59406013682417,4.0942016799033967,302.44945677890342,60.836213679520064,246.81022806431616,105.86700150251949,537.5414796369829,328.74541628905905,372.91190543428223,603.18237361529589,74.674012545158178,377.19955790500762,40.559516428469891,282.47990873598246,79.73527266088189,500.25537114460087,524.22208016490879,58.02502976086037,389.98411480903479,827.72766495691474,325.36664035188733,919.51596741752508,573.42964638966123,262.36423118364951,845.09231290559876,969.47001480135259,407.14650833573245,353.1337574006464,709.07928991973108,184.34608483558137,643.96079912759626,141.58765444310995,953.70527919208246,875.24255660277743,818.22789126910334,539.06045334616294,379.75504729536141,487.72651263515911,458.84096082001599,511.51690569795363,811.39038436916155,270.38795211232429,655.00583474511609,381.81172622403858,595.48072043130423,394.02054864687483,184.77343074540275,325.4235558545351,871.9983491407188,211.45861088359334,35.261638450988585,254.97132682306665,189.39933078651558,625.31769151190065,645.70367324397193,660.95912322809795,213.71415532247897,69.701954852860993,960.37623500123823,631.43922899841004,427.78008679396464,7.9860671020339948,680.0822227211263,511.6972583597763,793.00948235714907,911.04289089882423,953.0500870469516,532.35456186611225,634.74246338011073,163.87249777276128,723.03258866887541,585.89490857969031,528.8747498716773,832.49197642089791,205.34772082864831,277.88650875591077,819.14380323337912,171.1148421755137,638.28523685021878,65.367253647800666,796.3946283191533,293.30417921039435,276.46790572898772,173.90633829352981,844.84213703886849,681.88276568003698,394.62376613939523,753.37223754309184,457.94302132044436,825.66649326044023,460.20613163862316,721.45951669386307,34.94709799095255,890.35168652425386,798.7968546741173,370.78184346269205,716.83434174869308,579.81308000034437,341.21552377313901,52.637491416197697,-31.100157238692034,-54.964359008761051,20.118504076221448,-59.525464365721191,43.033523789173103,28.827662774928982,-75.268248642784627,-55.977978467693767,43.726343900392784,-71.665013214698234,-77.604145374816781,6.7854098373842833,-43.292705195969212,21.321464342098558,-51.329528167345629,-6.6773745905386228,-13.087685402959975,67.57781430856663,73.070863383289009,-2.6926341653038941,74.029865400312701,13.359943626987844,-77.407098922374161,-26.073715274231557,31.070979755660463,1.636494914032907,53.222578818023024,-31.73508062684752,-56.424907499703728,-17.075488380757392,0.44890978862324227,-9.326412202921663,77.664589202015449,47.615724233787979,2.980268597184601,-20.673878157326826,22.724302537799829,81.979869139076797,84.917906024355901,-28.799138502083533,-49.282471126148756,44.875214638303852,4.9629194577313189,-8.9972525312079306,-25.69416211206784,-68.893876705373344,-1.4986969229264715,26.631138663552406,-80.156729788788184,18.383277667206677,-6.4081687463691095,61.259415229921203,36.037722795923145,-80.058325228181673,9.9901156473556316,18.716426046923434,-21.279361975262059,27.863891120300359,52.381141049464468,18.68351618854765,60.52466799517746,-34.32707800616889,-49.611687636179724,1.3479611264386051,-76.611224427343473,-32.068648549687069,76.003764589889556,39.676546965581863,-68.618610942557112,-63.658063562771723,-9.6133787684959131,-73.179632066692392,-21.049430659989778,-84.462200168484401,-2.0694610661093504,-8.6303278606522014,-34.163378443749686,-4.6094359615919132,83.930239948727589,51.278141912847495,31.545445646880964,48.832585161025222,-27.937396247998201,-52.262829596838763,36.380249186602114,-36.926834164337798,-27.273813120566057,69.998663997839927,-48.012674538294192,-74.573211481275933,-4.5944065569931922,-62.357910314239973,29.362100155165098,48.829948171944487,-63.059428325189025,-80.531225667487945,37.324391816455496,60.01084373932153,27.787195798255752,53.805787059524981
51800,-68000,2.059172551541852,317.21356658870104,4.0481203787413333,292.72135919527108,59.715870350413176,259.45321657502154,57.857613949072551,548.39392399666372,131.72434041386447,375.86915980672131,615.62196462616009,106.24965158746653,372.39180681924256,40.598082407872241,594.63457809099123,84.71673290114073,570.020977066922,698.06568753086435,69.183702019387738,386.98892144881171,797.60194725293093,506.90769218552521,922.49515988787755,581.6957152427151,262.02896663110482,843.92149244656434,162.95458051421602,407.07968071517183,857.60627781334074,830.63736832930067,128.67155571171276,628.59411072148919,835.16867478749816,826.09329720988023,871.32419580094597,818.60589414388858,547.04967254421626,391.2529374434597,486.58375935257033,458.55807839167682,513.56208640730597,805.87891856361432,233.58000854167918,526.18226949140876,250.36938275432885,595.28127344279028,341.80985514572325,181.43885463646725,324.50624604632975,169.45808034957537,565.66668655675903,35.134052179537811,813.33940543880726,189.31370546868166,659.44863806307069,874.87632110002153,663.29730857453683,430.19515791842531,68.700253275156726,501.45020248187632,663.78373879727189,428.88184233208466,7.7664039675741456,677.02013061943126,247.70618644403211,808.60147042442031,653.28496651347223,963.99806213905629,445.87923370960857,640.07706934317707,163.05964879516242,718.56760666695084,532.94487942854551,530.85495232561573,834.36020307384626,523.38578097699781,275.31607330727599,822.19386863138777,161.06825284840789,640.51167948960006,73.596673123167108,796.23774215949186,295.05560887261021,274.67540627279277,151.60913375492765,841.04115697509701,633.87326790405461,378.72871867717276,749.74101327857136,456.87403016770799,448.46849184512047,454.66703029112426,722.97851696108273,23.032469101922004,811.70943206541335,810.81104587602408,450.07265250894699,717.27298641559628,579.15371690378561,340.0062931537766,53.842091136302606,-31.085200286156507,-54.960954537766412,-32.572015594946578,-33.685477487924807,50.212505259425235,-60.596672952102736,-77.326427371791823,-48.082436188310353,-31.140310392048349,15.345423290567521,-78.120214372812029,5.2094343217616501,-43.723153289547,25.365873826515326,-51.258358273695038,-10.404903738706073,-11.469699213679085,64.965025619199778,71.153814111208504,1.5124387655285516,79.095611553788544,14.58719121779786,-84.897790290173589,-26.43877964963691,31.089999992594244,3.9674164720503811,-22.550594065344125,-32.131724598337186,-53.149707760381617,-17.072280058616411,0.68583337461189031,-15.186493348626524,77.024623694510382,-31.976133551090239,1.6126108877977359,-21.037156024505173,29.330305092044288,82.096736526468533,73.035660817413827,-61.69611897948058,-48.7574251257494,-2.0851504468481217,5.1239128066994954,-8.8654244974823531,-25.692805160070673,-15.665324933060141,-6.9187376449730289,77.827815040541054,-73.745482950242035,17.062070654399665,-6.3661607695156066,61.280833182719164,35.934550224803857,-79.970731485718076,9.8784353510828939,16.052485937216531,-34.109973606943448,29.89252515450756,52.382311072163731,-80.525655869471279,62.657009983248564,-12.739271556718954,-49.604891226948496,-35.61259378146007,-78.132973727534477,-32.468611882783605,75.970783593128843,40.612095790039035,-68.611681880925374,-63.327513521785349,-12.967609381821632,-71.239308566585393,-20.905676854685044,-84.871135795943331,-17.43772428515431,-8.7545446629554569,-34.283726410626535,-4.0373343842390987,84.232468200017109,29.260606753094645,31.606166141100076,75.694170979237867,-28.724424873279894,-51.416918361757823,39.716744298002901,-34.994963617509917,-27.271529131566254,69.456207072827183,-24.692253276484784,-72.354295010084869,-4.8013643466725542,-62.1595998968386,-9.8129314336795925,48.848265249783537,75.854154133277547,-80.524467928496918,37.022675652295888,-45.442051952468518,29.636968455837017,45.403759989946082
15300,-63900,2.0029485026819449,967.22224818156917,4.8071775846558822,345.54898900357642,387.39805126529774,152.34209276522557,134.761370123246,221.71873450396652,107.82346114468706,473.64962276220348,602.69132395620875,115.11006376974393,303.97355926040751,289.12297440325597,64.030241522846296,82.364390539785845,606.9105115491958,520.76322873522133,64.097082807899739,376.88267255708706,826.35153266533791,322.93017778590632,911.8247150265687,543.92821265508462,270.29609663441465,870.43558519962903,616.88717802167048,440.16098288019435,77.710714769387607,205.91555667442276,912.25680468608789,648.77765795438802,266.55233051902258,861.35985141494632,586.9223365650148,821.37825732239571,527.75337750798792,954.96602316946951,455.01124915995126,143.47667799374869,461.14771916971824,816.32898577052515,269.48563506182415,655.15807811878881,372.02464771945347,593.86421483619426,276.58909696401093,195.83468725274616,79.128303998242799,172.14573061113808,577.1954552791118,705.84346946017104,846.96377254217043,155.22362726747565,656.33120261181193,631.42340587523722,570.06462641304392,204.96418634272948,913.68905821868429,1000,277.03584244663557,403.80127870540787,17.012712171265832,129.67380791015069,386.52597141271599,854.71847603044046,905.22464189215111,525.22041216401817,537.74064327103781,646.63646460712562,140.2519607867078,25.467625978036665,928.39342094909239,520.55190775178028,827.60568794671974,175.08412817434836,301.90918673105148,800.4867325437109,163.40935004229308,636.88293983622623,588.94743198528829,799.53746737058407,310.40599145136628,169.34904877432166,152.29426417412449,752.99423264312236,678.06032735669942,985.38216102430522,57.951917979788121,481.49522494974917,841.38230149840592,96.241907713424894,724.20075525010145,883.44947404622803,850.08738832757956,667.79668632477762,462.20277606640326,723.47573804398394,566.08376874431133,204.6260193684239,199.814833868807,-31.403286488244355,-50.834116526952315,29.222819692458692,-33.020726909579764,47.766990901329962,8.2889945143152524,-81.310692536576283,-13.829551990787888,27.743978481646472,-74.99572427542742,55.129530151026898,2.5645834033149137,-43.529157515642176,21.652738866532069,-2.0698463132071794,-5.9883290999309313,-11.190786287399272,70.238385426358178,-33.041547398078933,29.081169496410606,76.776827375106848,-43.505881473471078,44.116426157182076,-27.500020590870378,33.617455278255285,-75.509297533578717,-25.716828542865397,35.003829225521258,42.121928893153019,-17.614017925357537,-3.7159853485119534,59.573791532084968,76.968627021631946,53.250731155964509,4.8543323722166534,-17.929961578322452,28.354121687213748,80.658047218548262,85,-60.673630951706009,63.533411560517997,44.700529839322321,9.3738950810594321,-11.232962320887196,-47.578089590862824,-3.9366830585440873,-7.8260971879556083,27.648877858504537,-16.318008710774098,15.611906217177884,-6.7368997276886855,60.975535187452031,35.961550945824527,23.181309544958776,-1.388208387434301,16.381933688472614,19.710401369318937,61.776508277972937,34.97966944402944,59.794847874592769,-21.98383496680043,-13.30130974325149,-52.830757462830938,-16.095027889994086,-71.207800411466252,-69.930128370713362,-20.799061302224409,36.242392506466288,-68.586269913335258,-8.529619352946586,54.693893983167087,26.944688154533473,-21.635783971428037,-83.984102177826415,-17.169347523751881,-9.6925060545028767,-37.183683827777124,15.174243342350685,84.777142149871722,0.81610517979092667,29.872007450292219,85,-5.3101406669494455,49.897640764110861,39.025805794820819,-7.4123219893714705,-26.048642358013733,65.766621011928919,-25.001725104798933,21.047127220213902,-4.4752488478834547,21.932036911654944,30.455108053765123,48.910405987451782,-54.672154193299818,-72.71397276243458,37.607424466882037,-22.867453605720669,29.389635329699473,49.137299538839621
13200,-63600,2.0005228352290101,1000,4.0657688645925276,341.06228287606774,76.092752128202221,267.04230594967657,105.75715285071297,821.07195934424419,261.84647037829063,382.96574849519595,615.16296586404712,93.212176850198233,323.20883983172735,38.423760679657633,52.777162991235627,79.880898315450835,541.33891019409168,711.17946587123174,78.378930805908112,397.32688041792341,68.194796525021644,527.96267260986633,413.40527372979142,582.80149429277242,261.92169626139304,863.83908037387835,1000,434.15740223066285,853.5861026601317,684.49980771911464,907.82210735048318,642.94548036415881,789.25679788330535,967.12259181819422,359.01670903027298,819.49365181070186,563.0985929101829,394.68053828632844,417.21715423737032,463.58927029301384,666.26549492175491,888.034956727397,283.96244526273051,379.74170303468787,401.02649965139392,596.8298568558256,402.02070902828103,182.208829427203,314.91692673225901,155.29947544724692,61.140097172311641,45.471861208590923,264.80140424603553,195.78809459430582,660.87612449215658,869.2612577000516,564.37731686494749,178.17306760197181,63.946699672358392,967.05110676108313,259.24916628938047,403.72160844172242,906.45260413919164,642.12361941077734,269.62611412781865,86.653348200973298,629.65338031308261,897.96675348211761,485.93067475773967,647.36137529670862,136.33803285300462,734.44604151593285,942.63736503247139,529.76587236939497,811.1470525032363,186.22541954097079,258.26586357374106,800.27883798665005,623.89442794133038,653.28185952554975,570.91854153104714,800.4783810011603,325.4664443213432,699.52068147077853,194.01850557399302,778.72341901801633,631.10760897891225,383.7876559132589,746.75016005878979,457.06348204554467,387.46454387727266,95.820821716889583,749.20484971956341,16.357783467792842,328.78598111768036,666.55923546480153,442.92207835193585,717.92516174532989,577.84137742056009,200.42231350667925,54.664560315671963,-31.142579158501118,-49.099925791360739,-34.300474848274803,-34.727980728501606,49.256100142878388,-80.859485167203914,-75.170359712174204,-50.082507771616328,44.737763378754281,-74.20897806641419,64.303533366249553,8.7042679154479572,-43.848076100682874,17.773000393579881,-49.47029367109397,-3.4018720311089932,-11.027253773168717,67.603219434920518,75.695490026119316,1.2340067971161743,74.308348773560567,10.473735776568533,-80.055015449039686,-53.273693823891108,34.749674551705908,2.8652404673459628,-22.600793410186004,-29.886199220988427,34.140227486921241,-17.082214416506758,-0.15262955505958214,59.775991703129151,71.632463028562242,8.1261344217046894,-73.884325174560814,14.011796558479643,22.294011237079488,83.078048587005767,80.313769826598062,-61.744675592319325,-49.939140416312732,44.750637436171004,5.134929071960955,-3.7910521313898045,-26.110262810632289,-4.378800376109039,53.269404012161431,-56.003096013592909,-74.450803168798558,15.48307387313516,-6.7184663203768844,58.55895707194064,34.858346820089345,36.620204204829307,9.7833004600826978,21.473549824061028,22.112807424667508,27.90771712478881,52.394972972872331,-80.610883684425673,61.431842189161344,-75.650602456317827,-54.426842491074808,85,-75.48093774208013,-32.115888846243372,-28.944581651080121,34.843099271835932,-68.618639232923897,-61.321372270082712,60.999396558465833,-38.712580567829619,-12.913587794868008,-84.181592506000811,-15.852766366198566,-8.6918776416882881,-35.322647132951268,-59.150084243686152,81.462873073071918,51.652037232361835,31.621995195601226,81.68961851146436,84.318332963343863,-51.395364523006471,38.701211351216273,-30.461033215991979,-27.658469113819773,69.195314842585134,-32.802166664588682,-72.713878761383384,-4.7702828866266938,-71.139170801236929,-9.2507617505828446,48.960599972590309,73.066627773050868,-80.977401139439436,36.784741755842624,85,30.656535797094854,55.633057116174328
61300,-69100,2.0029478887234089,152.1538624272759,2.1634704756983894,344.97175898286582,389.79944322976962,768.88660219719077,134.22122737568714,822.35849213712936,108.40561473615018,345.20413060516285,602.9265852230476,121.27211233973482,639.39402407461193,337.953488900487,283.51724951093701,86.288867610459008,605.41406339423736,719.57157447471695,66.045953443125953,382.04522820170132,842.46509429544142,99.075114752502841,924.65532653671494,544.86290608676961,270.27082542262718,846.56852780609472,170.34151544169978,450.40343148682058,50.231523941230762,199.67473721923966,169.53918157712113,234.47346197180767,265.48189832299602,102.42501746818954,346.45596815498777,819.5989179224706,553.68643780547313,927.33598401143479,472.61501329328411,139.17248603073227,95.723391984542445,912.87083634996372,311.17148469905442,619.31871364076653,375.50170365605328,598.20282931509075,275.67933489526115,205.61042334618369,320.55811144794689,153.21646120693089,586.09093640066351,710.38236530224401,199.84589234051674,152.11334298317041,661.6281060933477,634.89522075853529,353.2147613736347,207.58362005203961,907.40882201768568,981.5552783450554,165.04223150944645,437.63136233187385,836.25406108354002,655.46337445705831,258.88375082901428,866.14771089127566,903.68828930592974,542.69096724217047,513.1147451767057,640.11191011574135,181.7707630785608,749.91373219746174,927.95027166062744,530.45728462746843,567.93599545550546,504.07527165911688,38.376263094527715,821.98489310034699,305.46510317379796,633.66300774089063,65.948697495928513,831.00079628379945,281.64328373517043,84.320400811414544,214.62608848171863,755.93389978115124,680.13890301741367,420.82689761963076,180.61087991897455,487.25285282724485,841.32692363077877,465.99336195846047,723.9169718987531,21.534613950255164,872.96936348747818,804.83643241034861,413.83638388733755,717.82988718398803,562.75843507698585,192.28565976090005,45.146747632725308,-30.996412273438953,-55.239205785556877,-25.166766478803705,-33.450350390710184,39.941154532111653,-68.713519257890852,-74.320668414110173,56.214025511329332,26.813468415878418,-77.357772375069729,55.151341568620488,2.6715582302920566,-43.791828123001181,20.373542514702461,-47.605842762965295,-1.0196247160820739,-11.179832798222211,64.773121208709441,63.570578069279897,31.990610828774248,-48.094888622714969,-43.186263674029028,-80.802297303750422,-27.508138665357123,56.173714211818293,10.086605515303106,-27.102599033781168,38.631763387405776,-19.345421718853263,-15.705603594631407,-2.6525569127254087,59.911810836412691,73.113772766725859,59.229823974562628,4.8697017279192165,-12.65525125870399,55.917885992887669,83.608680244995227,-18.293362172462068,-61.611141316554082,-78.170881526965971,46.851528143804394,5.0967802977540542,80.863160893788233,-26.654859239898116,-56.804492471915864,-0.12026117739894104,16.177505195499755,-81.859304241273577,15.589441879235453,21.489492825081022,60.821947772498547,33.600920119606897,-79.988595547439928,-1.2219484099870892,22.254103565735686,76.073487285128948,62.202961834928331,52.459668525736248,-45.516039355776989,38.680985630174384,-57.507969641337247,-43.289754326382564,1.4645459106168399,65.069959035323407,-68.299664628617194,42.125567749318911,34.969500408664622,-68.475639788644699,-60.580178444362446,54.908346094982363,26.857173339821074,-22.540887511583406,-84.043384356180297,5.1221262861097756,-9.6094152674404629,-36.56447871688264,36.123679567293252,83.822202334369734,1.9164515849095718,29.748650976899757,85,-5.8157020610510273,47.27406572607201,37.24740134176438,-72.643133436071693,-27.502814968930082,70.19766640537226,-31.954864477097043,-70.042371086963129,-4.3904951531086516,29.029331844553049,32.19180896973014,49.537691749657334,63.360505989292889,-78.310549874697884,37.613962242715111,-17.195170054377591,29.407485725270622,49.520485304869908
12600,-63000,2.060505985757497,998.59671056206457,17.727954895376016,299.35924684349533,11.962006457263907,192.8527844414125,130.78446772533368,534.26890814532317,325.06281598964068,371.62645794728689,602.55998449456422,118.5282506629151,658.13806769720281,284.99179368540911,265.05058685031253,351.52630575944488,495.93174337260808,721.51457003012615,533.60757241895612,395.38114746202058,506.42766846330875,311.78216838292178,938.18623746841672,213.00078652434371,270.34897245134607,844.87025125975651,961.64223568097577,454.94259960904776,894.4792196350586,689.96561093681282,694.84977626828652,252.40114091433608,27.051628337305939,386.31791133693116,894.09186299113537,813.49205092462125,536.00131291426032,609.56132983864234,463.72092721095476,412.44493774315077,492.5382266690014,821.46964002585548,254.52597678136843,622.0625390652915,749.12196405193674,597.74965269739482,274.7955962978171,388.13299337500399,713.88945461751052,147.2265311348329,601.45502145805256,771.84488683822292,245.84099870969334,188.46546552489679,351.11805185085746,393.78987612243174,578.88605962182066,223.98950591356271,914.44436973574852,489.66052467396827,264.88749318022889,805.76817982214493,875.38511242911511,855.39226835222075,377.25676373215862,843.14159521193278,586.1304537826968,31.292017846434302,516.77369370253905,135.7681337261694,142.45575616734911,742.81854364321634,593.9926994171326,518.05881903643228,850.56664548508036,174.42245147650118,277.23244861484693,819.85777225445122,175.69110024629182,779.33856552409134,562.69569353890483,833.41867084287583,312.34626559614765,759.1836718651416,675.34485143045151,738.34209649818706,686.24876972741856,387.72499455250716,61.428515545608434,457.40721939198636,847.43986778787985,463.65340153809507,750.14760088585285,790.29904003481124,348.40306160363241,793.80787808730622,474.67636630794738,664.59304126438087,563.1829941006938,188.61276779675356,199.22622469907137,-30.940601859008598,-43.687911657158082,30.169816186672445,-35.051938433507971,43.217988231042817,-69.961409323206084,-8.8516977836165864,-12.791189402493426,25.438579428026937,-74.627265159025228,51.653429697636781,6.353191758763324,-43.790201248719264,25.330057100024366,-67.487609546712406,0.95880673359561619,-11.518927420884197,64.552749700774129,-10.021159455881826,63.714917528213952,75.506737402524664,-42.58348935046034,50.270922276889301,-25.509475391313259,29.643544651420939,-69.595545031635439,-23.715987906100715,-54.149740847352291,37.348285903499907,-17.106532932818681,-8.7015442057377062,-2.5876191427892317,71.242445074300264,50.502940588588089,3.1781760503280188,10.615802234989955,29.086695874640291,84.511086979500405,82.562320230890634,-60.702223174730094,-56.269654982686625,46.331964098547658,6.1263522641089621,-10.134761331711587,-27.604916516333354,-54.30571902194967,-8.0121421277727354,72.381284848951807,-80.739868024968473,-19.741024307666265,-6.6874072109920899,60.943899686612909,35.679671045804376,-76.679230448710072,13.578593700146126,15.906005723894662,77.913679174336494,27.442312554785865,52.113094366706576,60.181486458839792,65.523565561642457,-62.209005887678821,-53.199163019651699,66.908786388462744,-69.037284076818324,-65.177924036597247,-21.522399262596494,34.871684485654832,-68.681427644236692,-59.417965564486792,54.169038405624669,17.171170723270315,69.512541294508964,-81.615718336888833,5.5642218068615268,-7.6699890517549667,-53.286659323224754,15.189469919027809,75.957114967362514,2.9870593684408107,31.490876662101563,79.886710640726434,54.257713774975088,-68.955573226974138,36.115936948920179,-7.1903608958041136,-17.781985935183599,70.788218637506404,-32.336536843719792,-64.922160979234562,0.48423981043718278,-63.032713234693162,-10.491832435290258,49.542173261289996,-55.167156158829656,-78.268492287233656,37.30274317088616,-53.078531154671133,29.308168686855144,18.165617083945957
1900,-44200,2.0582661297198501,999.97903787013922,173.48862992542294,320.3468087167272,350.87413120780582,211.48735617805522,135.19763902979889,809.03157959493387,112.74687881705442,380.3557678704156,604.43044217327645,366.85749116176578,277.69740302760295,292.58920379778112,273.09166044277606,66.897348309176806,528.3726645102447,706.73161555032755,69.688797552625346,389.02635918821568,825.36895836243627,558.29494081187886,869.06492535727148,542.46406031026879,262.06933140637409,872.36268147429109,44.773733331334668,105.14003114234001,957.51359168868862,832.9234418441049,70.205127888867025,257.88724894659606,217.57482662288214,124.61808780583431,866.34917705338682,554.56878333867894,992.85107075607471,895.22003271624658,423.18430320871397,459.44716797187334,513.3107889470034,865.39339455400238,673.52970143926359,384.76356819747593,379.63192686499912,598.42733240291693,272.29044212923378,180.0870235757192,106.30158828712183,174.61568405654859,568.98861219272635,44.377328778942001,251.65222368382874,193.36363901266461,660.68405115191808,628.0117395741654,342.80734100866886,489.92392278503689,311.97714929308444,497.89943390717292,296.72520353666494,431.72753313753992,945.75885748875942,25.24380010108716,628.3669963693311,46.625079811990858,573.30333746993415,27.904349688778325,513.1763435404539,631.06165694804884,199.69211619499231,735.79095449325746,971.81050679519046,531.92409801563906,837.19238960528844,565.66820497413448,263.11090910999792,819.96867825430445,285.78197085918617,757.26991321655646,73.895005975096836,801.54533255527792,292.59495037231522,284.13147765226262,137.60398692688992,293.58862446481351,668.57704081801842,388.67563934510588,41.032154392899884,457.37098427157787,827.19521265418052,111.79226890938719,741.89515916007315,12.884026761219189,786.69274742399932,675.88511707105795,457.65545985657332,715.18646929081581,578.82453587092652,193.08583237131202,49.831890997842834,-20.952696838522272,-38.685414421181108,-33.937842569801987,-34.984598197484033,43.375110899096867,-68.174904698819944,-4.8310721613653094,51.263713374417947,-27.737377980646531,-77.321629213306494,-68.579373939460794,62.665451499458186,-42.411816171061083,82.819178333720174,-70.321478844860437,-4.3814768577412941,-9.1779221684520884,64.815105511058206,73.72241992463232,-71.420901484480765,30.975207790137222,9.3627965283060313,-83.446363727008176,-30.263649863672757,28.391159866461074,-80.476956386326492,-65.601554149798375,38.626113181086673,38.981868235175462,-17.101001852024641,0.66537598486745664,57.067655932547879,75.044525401840318,50.385689120704612,1.8824109462639314,-15.775188085189397,29.195954769460027,82.875467513803073,80.449831686532249,-60.800002838778227,-55.208098726063028,46.859870900318725,5.0522341686037731,77.347129024457033,-24.802802830620969,-56.100852405084197,53.934185125683676,72.562738611120068,-12.062313629151383,17.446317250856602,-7.5565305641639293,57.870311321888252,34.047063768673844,22.708183534449272,-4.0794260343426725,20.911299837528212,76.338866005886047,-18.013338440709898,34.568125488344492,54.284247096098341,68.143539622194652,-39.110919754499939,-44.088575290812884,36.632822585613965,37.713978721370971,-16.187953945185832,41.670774387197902,35.057773493909302,-68.586188470827025,0.28069007042151384,47.20954463728512,-38.387072983095678,72.219365042472617,-81.978514742189162,5.1543647481812815,-9.5936740051746074,-35.939160202419558,-6.7655466599742677,81.224384869819687,30.975369557646296,29.614816526227408,29.40613370175566,-0.85574877867853516,49.714223987935668,37.537042782162537,-35.439871379247151,-42.369569140901177,71.55641536295596,-28.56934663056164,-71.024359942871584,-7.0712587005911249,29.977209936056017,29.866964704294592,53.843782672203147,85,-82.719021552967874,36.798135457966879,-7.5484544360604708,28.429127821886517,49.752926880441493
53600,-68200,2.0005704077299549,288.76874357341666,4.0719851146951198,298.5769016207056,77.748214021785671,209.34682272050205,105.42491497355454,821.47961994967159,263.61407881666946,386.19403593843498,614.80926018289824,97.800450186364714,111.78136009222115,45.477876382646173,603.32561011167286,80.508619542150896,996.4835818120572,514.75928292572075,156.09184907694922,397.32846090782982,901.70227107351934,527.58104384069907,908.5448638454144,553.86350445941036,360.34653866320861,864.02438519186273,984.20911183808687,435.4189390733431,26.928424066121352,182.95404095577001,907.54707768694561,661.4947136321797,783.72684636299368,816.31553285258951,358.31217602610485,819.5514308779874,563.3783081451669,394.8804551141618,960.19968940615013,142.14567175813067,663.00623028605992,812.83892254074499,692.56234989490656,524.26669222485418,405.92586378521082,598.03461227101002,383.01704537082526,182.0841747268334,312.93856237406652,163.8949201736433,209.08508854674295,54.368802460016731,269.65373490462849,221.83085120659112,635.67685780834006,871.40055733812574,741.37344028833741,223.84555513385769,14.73662535178045,466.97547336374021,254.61398406167041,192.13613368776711,17.570344751578261,640.16707405463967,269.57245512695908,74.493374524352021,628.9290647438761,71.646948125084521,514.90432511361973,647.31487642933018,136.30189838424198,868.15525526599185,942.53158355934818,462.42939944324672,814.31285704949482,185.63570301104292,192.17243342795956,952.67044170790041,635.35786930727477,650.70712720779022,565.48004032856068,800.45461654731332,314.70361739649132,700.81114844540241,193.29913601552954,779.73040552222858,631.32999549765941,383.71878492684118,748.92053603172019,485.98524841494975,838.66824738613207,90.280368577814329,734.89922498784222,21.366171921300122,328.13391453828797,779.89698505135425,442.92483826655194,722.84911690628815,582.58390973780092,327.28991607863492,203.5945959274066,-31.116326916736416,-49.232515317594725,-34.920278843334465,-34.72847691212295,49.278969849849723,-79.903059418148231,-43.821907856095656,-49.642912145027786,39.708036179880928,-74.232609806498274,60.937750539149029,5.8889642507199254,-44.099440616480805,17.505137964348226,-49.455415198485589,-3.3895644733290098,-14.141131534840225,67.561142871276573,65.119301061314658,2.3541998306571053,71.360447869524506,-42.168773221796471,-80.558018722675939,-53.29185233201499,34.405028422198583,2.9555310302677711,-60.521970370196144,-30.134878714610611,38.221153344140589,-16.122554993784185,-8.3158233124979386,59.42654175793372,10.904633101628754,49.908613329112626,-75.398805154102774,16.737625904042655,20.510225863561612,83.083388392491131,80.410445158604645,-61.869657782966449,-49.969239608539667,46.723919293020202,3.002490663908544,45.407803414608736,-25.560188053873489,-4.6998225602436898,-6.8736038988731778,40.606542651818302,-82.719965766423826,15.490226469332839,-17.889811081108355,58.572825005653925,30.409924830291505,-84.716354210673899,9.7856276707644003,19.35081497510572,19.038583722065432,28.508222243876496,58.582303746285746,-80.385756555597226,62.158867902708707,-75.78823444892403,-51.405263068734911,-30.051205590575378,64.570209246148735,-64.171614178391707,34.762445844126802,34.969903356060698,-68.495141697690784,-60.314885731511012,61.370830523663784,-42.046963977083095,-16.700065829262279,-75.121360725253879,7.0948018013538867,-8.7146818041523595,-35.420898499445194,-1.5204913707362628,83.540447984209962,51.947030260005107,31.689359594663543,78.559747264035281,54.468354173873038,-52.37321647273194,38.393892971402494,-30.41738235282142,-42.883752675434714,16.893860357361923,-32.677687129078343,-75.274247577588881,-73.804660866290732,-70.671038557489481,-12.805606388482976,49.181014130241358,38.885217083198185,-82.316741747097026,37.703916793693004,38.241433703332035,26.914407294022453,55.659328726374582
54600,-68300,2.0022912256580443,272.18758341364918,5.0819696143132518,299.85508792375833,77.738466621304497,208.33159691618894,134.66427244271557,804.45469356114302,190.49801535957482,477.81144615682041,605.06422349631521,97.856029202485644,108.76573358872986,322.04416849862446,609.60509995070811,80.493490934870394,999.58882943428193,524.08158127759884,156.66592316280185,396.78541045935845,891.95891002827398,308.84346435309868,919.24895953282703,554.08850225289461,362.12850974033995,847.03209703615892,97.461800392051742,403.43087041619663,16.219462979632908,177.55579576773249,864.22765114430013,661.29574848586685,268.52067887547082,813.61894856742197,404.52680789082933,821.26226519829527,513.14450464015476,390.6474942481928,958.72523142978514,115.60735157978132,635.19272283122814,813.02144722507308,692.92698216734652,516.42409188046531,737.09448072578141,598.03534670810461,383.65703786942288,195.31068996911469,96.263061493693442,163.77831141401305,214.88933735192927,54.702567246784355,269.6866950323984,221.27359627628363,635.19045721367002,383.32033418917314,731.21929891581317,223.13584959423497,14.80434339710871,497.8078240710073,131.86822277679948,188.60201723004059,6.241524611161358,763.16436482575136,259.0136949026396,851.67693541985273,932.42468289274234,94.223550749831247,515.44404403816532,631.75994818589254,141.77387151420976,845.64433946673296,937.41084656154476,462.22726762219372,884.25659087217241,169.90030494583058,188.7820898016881,961.15448276168615,287.74748443938432,762.22131159339733,65.588215108236682,801.75914521972663,81.298709085471515,290.67098281226481,695.80651502090484,738.84536572099796,687.5358342628972,378.73401998079942,774.71248310949636,485.55463613620918,844.73524317517251,503.61265353460271,94.307195641562714,772.43345326143628,355.39825911819764,791.8582112662906,444.30146268125912,853.18717752444763,583.02136823317528,328.12966779951211,200.05279874116667,-31.118166337649445,-42.817700132412327,-34.953411757962733,-34.452466028087798,49.280058451883363,51.690954163270519,-43.590336696240591,-15.501788461141974,39.780231615170308,-68.133933386025404,60.889323742199807,5.971035104516929,-44.094005041535077,17.504326946285929,-48.108713120048144,-0.47986269595636344,-14.185641234878311,64.744716214535842,-9.6748682209703851,58.677296021856463,-60.132877686493181,-41.542235716439549,27.977949081912612,-57.884074187280234,1.1665190165632568,13.644134697450824,-60.355459852138935,-35.737649523389436,38.252370522338872,-16.068629700506239,-8.6841379072052529,-13.739204969313519,11.458136564214406,50.022401709287728,-9.4202572716291755,-21.699128900637984,20.51818700585169,82.372739403111723,82.449433166804852,-65.451414629406713,-51.425342331838969,46.741792061435184,3.0121673323334628,40.953495254481773,-25.576503739676241,-4.7097108391119207,-7.5880646697413994,37.225077420258927,-82.629446977890382,15.975352114432962,-18.031587849564499,59.262781045522907,30.184876916190074,-79.857787986054447,10.059964935112667,-51.006696345022888,19.172743177340706,57.536129087395317,58.57340142816485,59.803031542971922,39.00744538172426,-41.126722460911253,-51.431830130992836,-35.350948285976941,62.805645376456631,-64.178547029171881,34.196457390104655,34.967615856194726,-62.825182741159402,-8.6935771954716827,48.510382851567684,24.727310122391664,71.743243180517041,-74.601498446600033,6.9895168968153394,-7.6384084489548956,-36.764878901433548,-3.9924552443279566,83.549828828264282,43.141002901223573,29.961077068503485,-78.468438463770653,54.313573876303145,-2.8935833099711239,38.387966097004771,-8.6588812266044624,-42.267951612850318,20.213424034592457,-26.364736114774914,23.73316424502627,-69.521844985305378,-49.15060414539694,-12.802740878153454,49.181243999507259,38.731452722002814,-3.5385945385938697,37.660236131480062,38.844084472197821,26.987597059081587,46.442194257484722
54900,-68400,2.0055261937945295,264.88262449381114,4.0584251085975431,327.31167712184998,60.3873792071605,294.99121158233686,108.37421640966238,548.85198437378574,334.85025003327888,497.41693513409786,603.18384754739259,108.65682431008929,372.98755351225583,40.849860471934115,70.191931340956401,85.551103543145928,1000,514.94810128064591,74.846835775841015,393.43383218732333,821.79437864012596,509.81038384669608,919.61124223715979,581.57210764393869,261.91925185007449,847.41091487199651,621.97214211402263,437.47863399203698,9.6998580278882116,849.34623750230378,197.29167689211334,637.60874950347124,232.3049933072403,839.09224611766751,346.82378564923511,817.05672891794825,266.7048163194296,414.89623567984916,965.86392712718782,458.97067945061286,531.62728669439969,484.54073393779709,290.18516723417343,522.20036708924567,372.31381810118631,595.36137711012759,395.07063311457591,181.4048235992185,328.42398201074741,177.64899448709087,230.29579418089438,37.784468238524759,814.18477041340702,200.3981449158523,658.79258052406522,874.79164410116198,662.71194048865539,234.22845922377263,800.49602632213578,515.82421402317709,639.31249698787292,439.14551552168996,8.0069375983797411,670.55355153795631,260.43574868809776,797.70604627440457,909.99513018869618,979.16545199225629,481.04800759719342,640.05477674917131,163.952832854191,754.32437450019881,539.24880455841333,523.60382624609986,831.33110157214912,523.23084416079553,276.66769248349539,822.03033697690273,157.79808436724105,638.30075758751855,34.039167247065912,796.74653537677852,303.4281107811214,283.12434999673133,147.95178993767684,739.60184184192951,631.85554042501622,378.91400338378139,62.96733253097085,476.39622012088114,293.9049785682696,505.97417912326154,722.99404135283226,28.508675131589449,384.08995832894396,659.08252343231266,450.70030632641902,802.80153069170046,567.32984798651057,340.23261534771933,204.83739921623987,-31.089401352625938,-54.948082750427297,19.818503924175772,-33.334450558373888,50.105775940236676,12.131820376426642,-73.880867241816148,-55.701465065415434,47.789706292617183,15.105601752176721,-79.76244490820217,5.6516650874278129,-43.475728196543884,17.715797290652112,33.671753734614768,-6.2374263129998857,-10.526976195384309,67.589168662172128,73.575414592640698,1.4019141129792734,74.059777150436787,10.737918761776127,-81.321657998152205,-27.046043605107609,32.083387765918609,-83.73222397464815,-22.530844001325278,-35.007240646070407,-52.819047156149082,-17.664160444587221,0.81330596637883779,-9.2345097775875047,77.012737449911626,51.0018547306369,3.0286845748472011,-20.972367928732318,52.392924298082434,82.060765578003114,84.480018841829477,-61.631456304118643,-41.772759584891979,40.65641191528178,4.990311057126422,-10.695587340505554,-25.686900652017979,-71.488120595338145,-1.6011960535154506,21.089058942969583,-9.6387275435757473,18.975664023389037,-5.6216436098092935,61.26100125752955,34.804903349933205,-79.960901303001876,9.8979280371593816,-53.893880759346104,81.791068731424986,27.596550068830204,51.992872867835487,16.991960408455938,59.153961967688311,-38.047980706122097,-51.21603061280409,3.100645232363437,-80.751082266709503,-54.372374406564688,-18.654737478149503,38.057816133287183,-68.618408063222361,-63.646339561181591,62.400162446785558,17.765876995387188,-15.420830462373438,-27.198934534323449,-17.225942757754691,-8.7141602474514102,-37.141602532562786,-5.2300564003611321,81.359032986156208,0.87926848209193764,31.600053431296082,-74.637467539517274,-37.68601913486286,47.46824227349196,39.739281635970208,-34.755463892731754,-27.368633166009605,23.516059277519936,-47.901713637943637,-71.859086905898778,11.232986203029991,-61.886949166620113,-10.524898908321127,48.838924849791219,65.619163440652983,-80.222088477157541,37.000417458897772,-48.061774434543345,29.641836671846544,-80.310104219143042
3600,-45300,2.0015104139288789,958.81940280678054,207.131908214643,338.60586835649207,72.776564995934109,281.22469528914758,108.82618630806056,764.26830958292248,329.43866212475126,369.8982076336448,601.29911184292689,124.88268363599387,658.96956578422999,324.78421788435645,621.2222935781615,84.157980496867864,512.12777370576725,719.59335700289898,468.98301050914677,396.91509533216174,486.94611055621681,524.03195456701235,905.77105035368322,181.38190446306271,262.5477120970553,764.14967095208272,971.33907633743218,439.90633404598253,842.1464149702449,205.03800500463879,905.10677762210253,629.4448876664718,766.6118840278175,70.810829366025672,550.10575056878918,811.36875363207935,546.95456811003396,593.54174693155517,489.28204112451112,411.67369581257265,514.33416391314552,856.02243061603315,671.19703767129943,621.20955544222193,763.71520684595498,597.70790946964485,385.54898517010849,214.69472361997654,310.90396592537684,119.00626304023444,601.60412069945448,23.094871840570136,245.32740709669585,192.47947772269197,627.36218170397899,618.34637771848315,574.38424751379785,190.05609201010259,323.05586939569974,471.58168809264492,265.55713128032261,389.26532116448345,34.123479433223793,664.47425532968623,488.10254716730122,856.76636942695905,913.8937135111828,948.41736191747032,493.69324223382125,662.29164055029185,464.20994912711228,689.88905890790238,15.060905426398335,460.28095012665807,810.54590126851463,555.11501034830735,300.81705676889089,858.18768252533209,674.43285183847797,653.64512477640619,597.3634425464453,846.3215981316597,281.8519170388231,297.85593567125647,196.18881765462666,780.88225340570318,682.09478597412442,910.93938142255979,735.69956504365632,480.26968480248689,839.93084957943461,455.04439916990276,741.36844590254873,90.996281149469098,803.31428208654654,661.43961546077594,816.04050348395083,665.31484778064851,607.91257618601446,685.88835807010605,188.65868142793255,-21.766446922234177,-22.231083106205102,27.145704215624647,-72.225609675452432,48.992537454240761,42.232778603896364,21.682907385371703,50.131014559682733,25.477678345573207,-73.882488133828758,-53.57333809518456,5.8730251301319081,-43.078234657313828,24.285263623330028,-1.0196963023001921,-6.002967004491488,-10.428292493678793,71.539548111269056,-32.010962463411616,0.68757497823693825,17.146981534064352,-37.9713363797973,-70.571665433871999,-54.18376201946149,28.488230707083311,-80.425580938597875,41.668810876090475,38.208727901839715,49.990221376871496,-19.464254891964334,-2.0622887932373857,-5.781591185258538,20.708569919454153,51.54541167890514,4.0665545635952469,10.010600307558017,29.428402550242467,80.965244671903193,73.740106332713694,-61.69973244651942,-51.002824122924473,45.475437918914487,5.972845322950521,-9.2682900886650472,-47.500236011381929,-6.833169648172607,-8.4002153662582799,26.086233196678517,-13.341346638113363,16.899230366027282,-6.6861612730484588,57.852805755894479,34.735330070542069,-76.447846741809201,11.471868577992661,18.818804379668506,22.5543225318056,-20.079296999291078,52.163171296597717,-80.416394833118233,-17.762381792806814,-14.414399338424939,11.392703291436213,32.305873620238835,-77.423699307544013,-68.289476668739894,-26.920181499628356,38.447605718048621,-68.525339223248295,-61.909607849042345,-4.6015874146444418,-68.511601540960683,-24.629487350602375,-80.533940561366478,6.8483972677681351,-7.7635651698931571,-53.589084594689027,13.621766869785706,80.54373750146523,32.926243277316054,25.68222912291149,10.938751863061313,58.038383846650262,-50.967005037079119,39.200555189519932,-7.9721444675787367,-17.655609376409423,22.077679316318104,-29.118204536369262,-70.264616265111556,-4.8308394180895897,-64.914197344187286,83.857616657374706,48.945052644959574,56.821058409208753,-80.446148106781095,37.322432087350172,85,29.157206759675947,38.609585766374011
12700,-63500,2.0038119878114631,1000,13.23661093983938,298.212444462603,80.293400217413776,143.29734681724528,132.56693316115621,482.14685507531192,263.43202607135828,385.89902830391128,614.16625591443756,96.841221022797313,276.86194060206191,341.1452413704709,97.109683004157432,81.332821105953983,539.49765624516772,726.93793953488625,101.72361546300178,382.12090948028731,74.94400427996348,711.90012577588959,926.82063112572609,199.53085982179249,268.38651114389614,845.09340397299695,990.79068614437995,415.13319156161259,820.35280871424129,695.53595604089207,177.37091107579448,397.5694704651778,783.20979771904445,866.18726559830145,825.80279346632256,822.54976320633671,562.52385789323023,400.01894311322837,947.80345255086581,394.71343272485194,668.05836632247735,873.55668282809961,250.9076477732182,506.59650260438031,406.90920143539154,598.06662749233715,270.95224235891152,410.91837531577607,315.60560336078436,153.94165500326653,570.78665591299,735.75158349006597,247.67075561364365,154.77116957350628,622.57798484677289,894.69220511384754,725.98723789567418,177.14881621442078,15.970111502364148,468.85051928848389,223.83416542792983,397.20582679717,67.891937869248963,674.69730216054188,261.55079970715042,779.91964033182308,912.79554595056675,94.816278131420262,532.32796935198189,647.42894437370273,186.14951593693741,720.18820661722168,919.69286826687244,474.23301408491983,546.52972810133292,170.78608925402844,289.56373966322366,843.53325385314974,168.24894376964932,776.33741916533882,560.8938957864076,846.6752719876423,314.86778880967807,648.61412408307103,194.23985232161954,778.77119526566116,629.07350851931426,409.54602482481562,729.00495135768847,454.85854412165145,854.46306060762754,96.388134603349215,737.80301442043697,21.463615073840849,815.78097355149362,668.3460163121232,475.87470518229668,666.89697137258941,582.79697148867979,199.87794239995029,50.373398025784439,-31.146856286968426,-39.486891990931262,-32.406368472342756,-34.712973182005889,49.418207896271937,26.760347067382472,-74.86224889256674,66.524719213162598,25.990758683072119,-64.852544639171171,60.930581625885495,5.8626465181833582,-44.098032672030811,17.518090353351194,-71.426622926651774,-3.3948004780119874,-10.876492941120679,67.580916072521049,67.425166094088354,29.532884614257625,69.777295619135813,11.164039260122376,-78.005657893260107,-53.68869749070182,34.335009642735763,-68.619451526167907,-27.154504686036624,41.960965957463074,-23.275502956369081,-17.104581070879146,52.77793738010827,-1.9187018304287875,77.554448851209273,50.501105411657761,3.9630101950184837,16.801099164279435,22.482894087206155,82.251731421529172,84.525260331691101,-28.291201996335893,-50.963677393533487,45.612337867739647,2.9297124261282903,43.542992972401727,-28.448230997031921,-70.955166639365743,-8.3628368534188908,-53.136345611771915,-83.220611922080764,17.524680291653667,22.573205170046759,58.555860450679575,35.134449167046846,33.280898695496418,0.044607916296331318,19.292423209937777,17.353851254725981,29.322870581222507,51.919971399253015,-47.185878456376649,-17.470289615744225,-74.181217910918861,-54.141679012587538,-30.953420067870695,-71.768233576107164,-64.128690475509103,-22.430854914719994,34.871794249420958,-68.50323902314328,-59.237660183526053,60.925580630378136,-71.930590614800096,9.1341897210854768,-74.954907440666005,7.3468531224177056,-7.7499369320988007,-54.319140191337681,-1.5396172630898128,81.17864646542553,31.792321705541838,31.510610331046291,28.965515780070366,85,-76.084806120683112,38.353551584431926,-5.2330110750617891,-42.870838763904203,70.796481999955375,-32.59794848096552,-75.159067146061219,-76.497438789177579,-62.022313786001845,84.089493683401173,49.20890951907888,79.649083931719531,-75.85146500038671,37.272064270229585,40.219981676695213,32.018979699995029,48.931292646223426
51700,-67800,2.0199847256219172,316.95112197028647,6.9445866111901893,293.12645850316255,60.12565432458787,260.60217830571588,107.9999957255545,819.42691154673798,111.58821913762287,377.59947556558348,602.94480472260545,97.039584345668516,112.41846929243286,28.775688225482654,594.06154683896614,82.158146754187442,560.14376812460739,710.82531035323359,155.66416261051901,387.00213104080308,797.69045733870848,503.08209472905287,928.1450166404901,566.29554409141792,262.71986118830358,844.05921916858256,124.70868150090837,450.54268478308046,878.92835733988602,256.04263357025036,128.72311860035978,640.70176893166558,834.26245360019493,858.55209483867566,892.61331422918954,818.68889657622992,551.56102247157969,391.43531049945079,455.94878873953013,458.71905261512148,514.13758442344192,807.19317259031618,231.20445358515019,519.07684619104032,242.76993509267936,595.38363750049132,333.03453211549311,175.26329297365535,324.5613810718246,176.54422082819661,582.70449619180454,35.131918746616627,846.08835441325448,188.64046408453814,659.42135564566581,876.74526594539168,338.27434895398488,428.45476496362949,54.632116990683855,934.64180546523926,273.91050621719347,430.40384595158878,68.532540922575137,623.99460481193785,254.24556643728314,808.33428826687452,638.08919436770577,487.19914651727584,445.77916584642134,640.06309409322978,163.65970699936787,718.51494914177999,549.11044740803311,533.16041304645375,860.35906822168886,205.23566994479597,277.70958455342696,801.88885728875664,170.56193932347247,640.49794082380868,62.22784812555912,799.05933335487703,306.01928128577953,249.8725764613547,151.31111080145877,735.92802601605172,633.58975905563534,385.26612505928819,36.282941267511944,456.85809427535963,438.64304469458796,102.27011915432746,722.97397488314834,25.439593245087735,769.93926713086637,803.98621882210966,462.18537804478859,717.79176687161646,580.11892827758686,335.31990573714711,192.62280446078785,-30.264406296656141,-40.035720235672002,24.117857243225568,-34.393238013815257,50.238445954677474,-60.933061920275009,-77.136601653988805,-48.001618580706115,-28.158885817261893,10.978848871378304,57.324945369162158,5.330153892542981,-43.721740082948749,17.742450898886396,1.2820694174200362,-10.282476145776233,-11.518416284859498,67.631661587217835,-37.185422836589382,1.5140331242258622,79.148421912212328,-40.476909772075892,-84.865986814958191,-26.461611095602528,28.018052477030771,-78.759356970795778,-22.542940023951935,-33.26857512467609,37.363358028429808,-17.066997529478797,0.0040557070226510117,-17.198379131413681,77.005205885101219,-32.081702885372486,0.6373632962907223,-20.857473352975141,21.618814195999292,83.653931485570055,71.344407312334042,-61.866219157123084,-78.179193610559864,43.615815566853883,5.1144216298467526,84.792323271504614,-25.715723626345017,-15.540690845854131,43.186235285237039,-54.651436329887929,-74.591358046838323,14.304391812301997,-6.3764246480475961,61.001353638637667,35.213507503994755,-80.403616086140403,9.6999249300178523,16.839339423124905,76.75032917863598,29.894002410648632,52.383226034495749,-80.525505762515664,62.649944145347831,-45.934971765602924,-49.60835624072304,-31.509593893904817,-70.279031534478833,-70.37592684259215,39.224958427463875,-10.878172126638813,-68.611100930663127,-63.615757250563064,-10.880244664698289,-72.799972038700133,-20.744002607958919,-84.880828970583011,-17.359448027750581,-8.463750352718419,-34.240684291685639,-5.1079581931805489,84.156699811884423,-2.2959588130815085,31.597404137448247,75.501840534480408,-28.692091540910749,-51.600859594689567,37.869857085547487,-34.342499472079304,-27.278627504564366,68.708808642568101,-24.902629211603433,-74.910383870984859,-4.3691674383041965,-72.086757119497861,81.647965321056432,48.849679778097553,76.625567976900101,-80.520011838940221,37.027302454499733,-16.372199144181742,29.648890560504924,-83.485331782316408
14700,-63800,2.0004066303881345,974.46688728145523,3.9883473855996949,335.75521327910019,74.910261378282158,267.52288727230285,105.73556385042481,540.92656361735771,260.65582567347803,382.27904164298917,615.28034849065534,132.87532376489662,298.14259689025937,38.38014889613649,63.890940084939963,79.876644622135856,1000,735.89857581750175,101.74520253186117,422.34688979028385,47.694042025187912,523.68733178953369,444.44775747687288,582.83948757390715,264.34796562418444,864.30313662340711,1000,433.26342688348234,860.93562828362622,648.86926236791714,909.68455150714885,387.04587425257967,788.01011414851951,876.29973887645497,839.26734913846121,583.68740404920322,550.35408106666375,392.38175448505029,959.57175476007819,463.57053144034052,500.29028653326338,887.83545851467807,284.38754649272278,656.54590739006335,401.28508417916828,596.83149766913823,275.83910421242007,181.38382580367409,326.82226674567733,155.31139557196838,72.464110968227004,34.327460085395849,800.16056330807942,195.70348852769357,665.28265510136737,867.41397167265154,567.40999442150166,403.98086595747225,28.653905959579433,967.04973016474821,684.7626337243845,403.71927835815734,12.227644470150494,641.17498498926216,262.23978340769298,815.50581026800751,640.05179858418478,860.68169008961127,535.84703024739554,640.51153685598865,186.80331731468758,718.5854224725756,525.44764551089906,45.686263535524063,812.07974615112516,187.18077135577278,275.61763471573175,860.37941616266153,144.03900336814735,636.81053488798079,569.78612579789922,797.36217894476385,301.3149177397201,88.68808763814485,194.03421550367281,778.57418352153252,630.64813416722711,379.57423026202338,743.77023190123452,460.54119549940503,387.76263737280772,95.18562767190376,749.14916914287903,17.519349566987344,893.8728845592284,650.68255645539057,442.03278451732581,727.37157687332626,580.76235960756014,200.41031814225076,52.701405003436953,-31.140787822799936,-49.165972104093882,-35.136503217588135,-34.810251532744054,49.265857710677047,16.502398427232833,-75.082424855854526,65.170071037022694,45.578477333868257,-65.161666608674452,62.685929971179576,8.5858136701095695,-43.851433744424085,17.764740325638336,-49.452829936065093,-3.4435490758317915,-11.459895972945406,67.604044205536553,75.781658604036181,2.8138102244224328,74.222275008779562,9.4932245881751811,-80.021258841280726,-25.137739245423496,34.778359781287719,-83.172564953447335,-22.600807645774243,-29.440059531829291,37.416016815775954,-17.082515342467392,-0.12399371195307474,61.67180506655663,71.769328123383232,8.5565444249297506,-10.387849740288999,-18.470934997866518,22.287161199750702,32.063586208132193,84.528740493125085,-23.856534431880807,-47.994212384658312,44.748732381572822,5.9846628971967197,-10.525162177044582,-26.114510921876281,-68.993343768640031,54.376880741203593,22.118462843338605,-10.925190475218074,-16.737850586291128,-6.7167901677102568,58.699328401006532,35.304314500049294,36.68376643556276,9.7711499725010462,18.081254803741825,19.711099391753336,59.455998856833617,52.385749532207839,-82.195385009063543,61.478893484314632,-75.808100506100516,13.214172437485516,84.307092197723705,-78.142499394611477,-63.065157463938604,-25.976755017951131,37.092925677468287,-68.618637300535298,-65.108014982223509,60.679558911726531,-37.328772179884268,8.8383300514381951,-84.134381331264791,-15.972977328138493,-8.6901286013240551,-35.343368638656088,-4.1014647091657324,80.993765276855811,53.034428016660392,31.618414416020155,74.56325677021006,1.8647756781616494,-51.405943996601664,39.704056333547058,-34.735085647773687,-27.470814471307957,70.155921913679663,-32.404857332688451,-72.814860849991888,-4.7647729128093426,-71.349380422414228,-9.2421864554917832,49.697727829400257,79.819488671825098,-80.986138791937833,36.800620776654128,85,30.693446885876888,-74.09518982536116
12000,-62800,2.0210984692455711,1000,23.689934075458144,698.40549480751406,48.460887222504731,207.48304468190651,135.00765596432203,827.54943489274126,108.76685891666298,479.47243173444684,604.40166460856938,388.97315732492274,279.74903511786783,323.43103274953694,648.92264215361888,342.82817733407211,552.12006647102646,718.41655939877546,152.17923449729318,395.30429496804436,791.54045314397536,544.04876874113086,901.36708195537074,566.0480782476078,270.14367036387472,872.00768886726473,88.383644678999985,466.37695423973264,23.636688511685179,819.20143386679797,127.00796280017261,630.0625533153916,19.328825104841286,121.37302008180717,576.8622373624587,818.90524984968511,979.55902307992619,374.78080852617074,452.98643207214434,409.52348415534004,491.29675077758441,811.26281562108363,650.81595058151788,617.03039890038019,769.76209047743146,598.41817347391031,270.58873777105032,210.4550672631155,330.29945816297374,174.21189873328413,579.58745218930574,42.708275517303846,832.45978366673648,188.64470699482115,662.19378819286794,647.98157136703958,347.25047725292455,201.30488196915633,357.50572297973468,500.08127397656375,296.5929781084472,698.10833412281443,22.458913599683228,22.380322700723525,668.91142200991771,840.16261487442762,905.30332334380603,536.65087836450095,487.45325256827857,629.87703131744843,137.39898546093312,726.90722882952741,923.01689117638921,533.2980981144218,846.31351771047321,158.1657595226641,260.34199276847289,818.47449186561596,308.08061135476487,763.70350330401061,575.11673655215645,799.31135706332839,31.033049332156878,286.13619983249475,138.45400869395587,739.41908535088953,670.99056850067575,385.01790136832881,54.84924375269344,459.00864519942047,839.6619808771195,83.049842617943426,741.47958684776017,347.16993850512563,795.27633859535433,807.34505734498759,465.15570666640207,712.16866359419305,580.01697487649051,192.88859796041007,47.550090242329574,-30.743390728243696,-40.328722595239043,-34.068955776148648,-34.057730335159157,42.121569511087444,-65.02609571305382,19.889172707367287,51.737925253701903,26.985328693875413,-77.398429467028024,-50.328814507607149,59.925530104872891,-44.153419518790031,16.712960301314393,-50.139062633526706,-66.067058637052142,-9.5229671038010419,64.878638389434869,-32.539259756828578,4.138372921182814,26.825864194239735,12.377202037969685,-84.904021417937955,-58.335706579360078,26.915210923167351,-69.470507826541436,-26.824823182770611,39.267419351991848,-28.196359878837757,-16.892655246480874,0.5541738967034453,59.910304750509887,74.925635139474238,-33.668838422328378,-72.245904546953909,-17.427676092356457,29.145990634273844,83.562274563214942,-24.551520583710936,-62.298285964815086,-77.52703638621584,46.317147187034479,4.9705251935912216,83.787349164603313,-24.760710129979437,-51.194631430246105,-10.593481895693426,26.836821253834511,-18.543917951365138,14.47165594724823,-7.5471886284351584,60.973960178737087,35.267137298603231,-70.328608924875539,-0.74514963332643458,20.970425094713132,-26.08132770660518,63.21629028700449,52.493733818417439,-82.074484253507279,-17.204995348730673,-33.864737678291256,-52.932934906220552,39.344480967197256,-67.187670597563155,-16.811077956861162,41.623998396796821,38.854874290040627,-68.487169649900807,-0.77567930481765224,62.550942909268805,-71.959292566309514,-16.377179936675823,-84.106959880343851,5.3358775718539571,-7.7231559007208661,-37.33904699939869,-4.3149250077022732,70.43723225889191,35.352231100889803,29.815491252488854,47.819691641713433,-2.158625839384344,51.367337607464876,39.731324583229856,-36.152302064336205,-27.277679482696279,34.205170673028817,-32.380404939774643,-70.212438876512081,-4.3773942895817761,-70.900857729861215,29.764863141100889,49.55067719972898,-60.775167163423653,-80.505717625397281,37.01136759836151,-11.005425854095432,28.283967121843343,49.295718112609755
65000,-69500,2.0024427349834855,84.002331735606788,2.0197320052427461,687.19966038113978,52.223887147382527,207.889223388038,134.67363347775819,827.76669063906695,108.44497421140898,479.47834155345487,602.94634677746637,391.45810613490033,287.88123372467862,323.48663139958899,239.55009625083551,346.36988546890882,605.53335231363417,718.39697209252563,152.17556830868159,395.23159323050908,791.65342024374183,544.75510375546776,924.12214004013094,566.31056857857504,270.25974018325593,846.45886131017505,116.01620667556242,466.29220445994719,23.598456546445526,809.32711074839949,129.24638962023874,630.01773767659654,260.56944685308827,119.24011043047381,586.75284087089449,814.30851279986439,1000,947.24008962073106,455.46868202839812,145.21760072175283,486.40092893156259,810.59048230264784,652.16473097700123,616.94518897040768,407.99012691036006,593.82313362017044,275.60293973608327,196.04751100570806,329.94727505255622,174.19314170053806,585.91351106818536,683.88445225668409,832.459263835672,156.41646013482926,660.5703273738626,646.56058599116648,347.40273427656228,205.70848622172883,360.0807042384609,990.3336415007592,299.41863473602598,693.14487395941046,22.423122880811519,30.907326548269225,658.31794282469173,840.628312408434,903.66594442262578,536.62674418787503,487.47107481256057,629.5077882856699,140.47626770862641,726.37355282292924,928.12622563232776,533.50060112864412,584.70381094808442,554.34262615782393,260.28516046987016,818.58685217183483,308.10963533142706,763.66486697206005,576.86240088338025,799.54206672005023,298.63699959727364,283.06046340024773,153.05986176414234,739.84890464573039,671.10999584176056,384.9857458896501,30.669177874941276,486.91065289911359,841.46929693718789,103.48901535244975,741.70626929140894,3.5090682658504591,878.30597718224658,808.47060560151829,463.02026969822498,712.38642894232737,580.01701478317523,192.23003671582697,45.793811983284513,-30.736445925935449,-39.75849843993629,-33.962080338891496,-34.331788468959815,42.118606524769959,-65.096490335029941,-81.463244756299503,-12.936199392826122,28.249186890215672,-77.397127581201531,56.10021966036016,3.0167197181531975,-43.820700053237459,16.779473923099474,-50.160241418858014,-65.375251740470176,-9.5722010391270107,64.75684990790144,-33.053935123690387,4.2881360045589112,26.935463194054446,-43.422090846827828,-84.900327653667347,-27.060225408587758,24.934861634444015,-67.073891552605787,-27.102570342474699,39.264676721618152,-24.372196660898314,-16.891455982978727,-9.8302433246312084,59.859027735036747,74.964481018878558,58.40430065175407,3.4531050332934896,-12.67422425168615,29.120551136893319,83.567832117822704,-24.319131657790351,-62.22596766340898,-77.555180795315465,46.317653663365199,9.5453129087735196,84.278548473744223,-24.761045736257692,-56.71332424087467,-11.099269790451228,27.151411717979805,-19.210070701536832,14.428679224220698,23.40311854493951,60.902273584429892,35.201607096128008,21.400758751300305,-0.73808259806311882,20.993876368021553,77.603502159312114,62.251598704266904,52.494734064273267,-82.070562620126395,40.319831124409951,-33.669051178777025,-52.934055046877006,36.56066353303288,-66.820454092470101,-70.710017163310496,42.040189666194038,-10.453319849627571,-68.573851914130202,13.077291353130377,62.694864305221515,-71.938090408621193,-22.978209542976956,-84.106908174165682,0.47696663760140812,-7.7223051176493804,-37.18224964465697,-4.656311494114437,84.589704592727244,34.99362479967786,29.81629143609544,47.038030861165993,-2.2184852886099016,51.367527601892604,39.782021697644751,-36.101829402122945,-26.320499886818066,34.228821769926462,-32.511196820901745,-70.215676605278958,-4.377384802503637,-65.396035595045575,30.122854160035846,49.550729777987179,-55.089676147964227,-80.506238376360059,37.610791179021717,-11.029719104533452,29.475072592228514,49.296750557441996
2100,-44400,2.0180404219199253,1000,178.53200824023048,679.26129706477627,88.386193784693731,808.44959602417998,133.05948743836049,781.68370316293021,112.99837163720964,371.91788638489606,604.74369843446573,355.48249778353801,283.75312201971389,324.32930106818645,605.2764757882419,79.84457965429803,490.58373074890989,727.50861480911033,56.245392725003796,68.393265503935936,803.1924935355247,149.18948070640127,367.05484513529876,220.7334406952744,261.50288461902642,840.84347164908115,925.81624939524158,396.75649567765686,855.62943633239831,342.21511232738811,118.65252929382237,664.64647037260238,223.88275957334511,78.111518824750817,355.99636923275546,818.8261832965519,510.43230819414384,372.86246930148911,419.53056449586586,471.69369680370613,121.80296966255224,858.13831375151312,252.44310127660268,395.20649502062577,379.84389615372299,609.35122131162473,237.56756634439625,394.95383955915531,116.73175598023286,165.77459411323841,45.048745122819128,387.89197949123798,247.09098748408957,196.01629723883923,299.75457924835331,653.81049103143107,349.87629517842214,470.04311277936552,329.38857064118275,856.60882854925421,286.92217072386916,711.94152775326575,48.072678409620949,672.14786107196142,380.27616147040897,872.6323899154296,910.74512838925057,896.96925549519517,524.97701908862848,647.85325800253145,165.61602496437266,750.83880055629061,41.023629528348749,526.39582859396694,833.81260848960812,483.69460772142281,289.77867602035519,833.68524411486032,172.29396855201048,758.51916897769877,60.8743552763449,800.88523457651331,52.406019855043965,634.38833868187203,197.04455832418947,790.50497411665765,675.65292156898522,415.14805601893255,760.55352701947584,182.15089645187865,842.64490280614893,503.3177438443027,741.70354694766797,724.91958708633751,338.20722325535814,643.00889664768181,117.37074349431782,722.0970921216342,563.18376524478867,220.51062313973276,223.6802746787418,-21.28046862607383,-40.03033210229281,25.999620407356137,-34.06219263516541,42.234960366836333,52.544275174451641,-76.049138876819001,50.630219254354614,28.22427307092995,-68.717871442522096,-51.653707876612359,66.003014958957834,-45.047629904272419,74.145090423742985,-70.797952643884344,-7.9244135393470749,35.282348778502246,64.653157469112713,68.975091581870885,-76.80709527480937,-41.19888209051274,12.290505617397532,-83.136561320587859,-27.292440838874938,60.79426904744512,-79.638669192227837,-26.095247061141176,39.083981938400306,-22.264398480902639,-17.178018293450073,-0.088875586585399041,57.701117218390699,74.734056210484653,50.736935242342561,10.338449188698505,-18.363953151336716,-5.1984396768726473,83.60576472719292,78.193644220132683,-61.693010354796279,-73.997491132701469,1.2164447460582082,5.8443717409424174,-2.569569789908364,-24.795276921133929,-6.429162194910095,-8.9648910086447984,78.642818928490954,-79.78795249215321,15.812579789009723,-8.2189273201363076,62.06414105953278,-6.4960485219823809,25.162788016227324,-2.134599367011571,21.007581671906141,-22.45659209135405,-31.535708724634016,52.412468029647023,-71.708108647662968,-18.073819841883122,-38.950020931143655,-49.095731125188998,-31.488410695414892,51.910184699922794,-63.356745460569023,-23.992874203344485,31.677208865057917,-68.877440986877758,-3.8113774610421878,62.893627474592982,-79.902175863243144,-10.838478140552489,-82.638165636896247,4.9701503605814112,-7.5314422695520999,-36.276119348576579,-3.5840770324021349,81.103049326793496,-0.10649757760894052,31.376577214451235,81.870368083815464,-2.0084069164640113,-1.5112175290943277,37.314672014656196,-36.383391517224254,-26.980947491482077,66.555134775800212,-33.042393608416724,48.326767700449196,-3.210212979744985,33.367008493765582,-8.7591379879452163,49.361844205762672,77.684616367056776,-81.703212836247772,37.264197671102416,-50.887312101382037,-32.965125784250773,17.614996543721887
64400,-69400,2.0216166310486066,97.143473647794167,0.69046322333362298,346.95029378941047,66.325701058432315,136.70297482850157,134.68235565751161,788.4074711609353,333.67438660211155,476.21554408623365,602.96621835616804,115.09069723031847,120.09754227022876,14.309729945690634,73.582910589989069,79.96676793681624,602.92721106313581,571.83463242799132,72.308421865154372,386.22516430896712,516.71236123183053,324.92556540046667,410.71296446849624,576.95703164378835,266.86279748465728,845.33267238956466,648.63305205388656,460.31591316533155,56.278680875759051,846.96084862627913,955.33279562547773,647.28176395292462,265.05994093550527,980.08563158563175,328.82582379991459,814.02750964227187,512.14730901682731,892.85540898938655,352.47762505513981,155.01560477711413,528.87914950905952,906.29186017285895,269.50158141921071,620.37385055017035,407.95694036855991,593.82253512435284,275.36531034329806,196.37525779358077,334.63819254463226,178.33274269502658,574.00120509114754,698.76882619577702,835.87364572137312,193.17947091086441,658.60267738012885,636.89385920511688,346.39868278581099,223.77352865630121,932.6644003845837,860.05162695287788,275.40831046499335,409.54995724452669,18.226245188744688,640.28059119624197,389.66579677502546,823.34902174029503,899.9218874960909,542.70878243953177,489.16526800011542,635.24218003043984,194.6564423615892,751.11367130419262,928.40443567077239,530.40042913943387,833.16509813849018,561.74221693145819,267.25364964671741,818.58426123354934,664.19085290473743,762.17251373428348,605.85674277725263,799.47928008260465,18.056492311336001,85.453879720208107,152.08454615564153,764.57365397627223,679.75559951776722,387.75411785675209,230.12676219044681,479.25424790414212,846.15662201479699,135.00560185657341,723.51287853318092,1.934454155356832,367.97134264086992,668.08608490261315,148.79823327751461,712.05652784426775,588.47583376339298,192.27661540092723,173.95920199100595,-30.701520091794922,-39.737164342967937,-27.049312534601569,-70.269100069070561,41.994055955254055,-55.932186185497379,-80.608544841990195,-14.381722292927702,29.031887052706363,-79.947948279197206,57.994939072046598,8.1790592105316104,-43.825519771379589,16.269328420868849,-47.873856501702122,-0.76527007007810255,-10.603612062652573,64.75495843365546,-33.864333485948066,38.187968152576154,72.725848602498019,-43.504393759434137,-83.471964171049066,-27.486620084054582,35.371375775365699,8.9388219104386621,-27.100031428183534,-32.700541106549096,36.05660857645033,-17.149827295338135,-9.0435707351838222,64.990323837143251,71.966775234030649,51.470008420373311,-16.614762054661519,-12.829892900491224,29.185886560634902,84.992725478086456,-23.061917495397935,-61.769956336150074,-73.737436849110537,44.166371806524062,9.326469197855042,-5.7124102173880402,-46.867347281427918,-7.3792982293371949,52.026725541107197,27.051759716642522,-75.324996756434942,15.92215562352181,23.515848756160842,60.931652160593408,34.889389193404313,29.378877744908312,-1.277230111179865,15.95274844787029,80.858731519448909,26.594623530765414,52.433860286331111,-78.774486129723556,39.772933364131916,48.165347023976835,-52.958031618721591,81.285029925910266,-65.023909930908246,-69.866260157054199,37.001475962139146,-11.846962980424658,-68.577936672624958,-62.785725984465671,48.402134327653826,-70.431999343730396,-18.893799774668679,-83.638163159948277,-0.0063766944524934477,-9.5770902262866979,-37.056859003538555,-4.8105890656281076,81.260232239363972,0.77307821547271161,28.566052188054215,82.899155435720417,-7.5125365375702486,45.490191381704335,38.671003006455294,-9.0832275993738705,-26.841950406957682,68.739117379161328,-26.421826779774872,-74.40886240402439,-6.8510966479644839,28.170120283316134,29.04871395584761,49.560841740396263,-53.950602920780241,-81.023289806721863,37.165684987423262,35.636962902808378,29.369838523523534,56.212604253057094
64400,-69400,2.0216166310486066,97.143473647794167,0.69046322333362298,346.95029378941047,66.325701058432315,136.70297482850157,134.68235565751161,788.4074711609353,333.67438660211155,476.21554408623365,602.96621835616804,115.09069723031847,120.09754227022876,14.309729945690634,73.582910589989069,79.96676793681624,602.92721106313581,571.83463242799132,72.308421865154372,386.22516430896712,516.71236123183053,324.92556540046667,410.71296446849624,576.95703164378835,266.86279748465728,845.33267238956466,648.63305205388656,460.31591316533155,56.278680875759051,846.96084862627913,955.33279562547773,647.28176395292462,265.05994093550527,980.08563158563175,328.82582379991459,814.02750964227187,512.14730901682731,892.85540898938655,352.47762505513981,155.01560477711413,528.87914950905952,906.29186017285895,269.50158141921071,620.37385055017035,407.95694036855991,593.82253512435284,275.36531034329806,196.37525779358077,334.63819254463226,178.33274269502658,574.00120509114754,698.76882619577702,835.87364572137312,193.17947091086441,658.60267738012885,636.89385920511688,346.39868278581099,223.77352865630121,932.6644003845837,860.05162695287788,275.40831046499335,409.54995724452669,18.226245188744688,640.28059119624197,389.66579677502546,823.34902174029503,899.9218874960909,542.70878243953177,489.16526800011542,635.24218003043984,194.6564423615892,751.11367130419262,928.40443567077239,530.40042913943387,833.16509813849018,561.74221693145819,267.25364964671741,818.58426123354934,664.19085290473743,762.17251373428348,605.85674277725263,799.47928008260465,18.056492311336001,85.453879720208107,152.08454615564153,764.57365397627223,679.75559951776722,387.75411785675209,230.12676219044681,479.25424790414212,846.15662201479699,135.00560185657341,723.51287853318092,1.934454155356832,367.97134264086992,668.08608490261315,148.79823327751461,712.05652784426775,588.47583376339298,192.27661540092723,173.95920199100595,-30.701520091794922,-39.737164342967937,-27.049312534601569,-70.269100069070561,41.994055955254055,-55.932186185497379,-80.608544841990195,-14.381722292927702,29.031887052706363,-79.947948279197206,57.994939072046598,8.1790592105316104,-43.825519771379589,21.777599435797683,-47.873856501702122,-0.76527007007810255,-10.603612062652573,64.75495843365546,-33.864333485948066,38.187968152576154,72.725848602498019,-43.504393759434137,-83.471964171049066,-27.486620084054582,35.371375775365699,8.9388219104386621,-27.100031428183534,-32.700541106549096,36.05660857645033,-17.149827295338135,-9.0435707351838222,64.990323837143251,71.966775234030649,51.470008420373311,-16.614762054661519,-12.829892900491224,29.185886560634902,84.992725478086456,-23.061917495397935,-61.769956336150074,-73.737436849110537,44.166371806524062,9.326469197855042,-5.7124102173880402,-46.867347281427918,-7.3792982293371949,52.026725541107197,27.051759716642522,-75.324996756434942,15.92215562352181,23.515848756160842,60.931652160593408,34.889389193404313,29.378877744908312,-1.277230111179865,15.95274844787029,80.858731519448909,26.594623530765414,52.433860286331111,-78.774486129723556,39.772933364131916,48.165347023976835,-52.958031618721591,81.285029925910266,-65.023909930908246,-69.866260157054199,37.001475962139146,-11.846962980424658,-68.577936672624958,-62.785725984465671,48.402134327653826,-70.431999343730396,-18.893799774668679,-83.638163159948277,-0.0063766944524934477,-9.5770902262866979,-37.056859003538555,-4.8105890656281076,81.260232239363972,0.77307821547271161,28.566052188054215,82.899155435720417,-7.5125365375702486,45.490191381704335,38.671003006455294,-9.0832275993738705,-26.841950406957682,68.739117379161328,-26.421826779774872,-74.40886240402439,-6.8510966479644839,28.170120283316134,29.04871395584761,49.560841740396263,-53.950602920780241,-81.023289806721863,37.165684987423262,35.636962902808378,29.369838523523534,56.212604253057094
56700,-68600,2.0024466552339613,233.5979865789559,4.0462022557061248,295.30721428862398,60.637689721198178,207.25901741756542,132.47839975290077,820.08757809851181,328.0090128309111,479.61870419210135,603.19488445256468,382.920255155615,288.38992965463967,34.291581157740524,283.25141064869791,347.39024366515719,501.24966047315712,519.14835230731512,56.603235052754584,395.18272633611991,792.25879256616463,546.24602005529869,923.80959909657258,573.6838079066124,262.38386582746199,846.44405652045168,948.92968739394894,464.10237770338784,5.1018684075524732,808.87653379009248,179.81850937025521,630.10175978424161,143.41118022804042,973.43716318754309,582.28354669042074,814.60500317343576,1000,943.71676286676029,456.59089125798306,462.33080556343191,511.56411978275162,811.40054999714971,270.95427910868784,617.27138571559726,381.99779985887193,595.44170671667143,394.7264722963717,196.47704813051561,325.39128239770707,868.5882884368998,227.84821587165135,46.912597635257157,808.56244919140568,193.88444324210238,625.30452773103127,645.69743100458118,657.69997358612954,205.85656584248113,372.2174314319517,958.90137447162545,288.39353691298084,686.70285632616185,7.6251488476616398,690.41502867920656,660.49123154722236,840.0367876654318,910.73952152716174,538.01571451843756,487.30347909019741,634.76514885591212,162.8508657129139,722.86235541450196,927.38677835153374,533.47723319010026,830.33705190109652,545.98265681055068,260.50654548541604,819.17216631753899,304.50619469424481,764.55063095401317,83.753264493446864,799.62338437972949,298.82577394695249,276.50117946415332,153.0887038265341,845.53867434654796,671.4261960371432,385.30870395487574,749.37346764641416,458.58655404671515,825.08894018256024,101.8237430613384,722.75079833110999,35.095558759459195,891.01970048036083,807.92557827574353,463.68098733750929,712.39528364103569,579.79921314868852,339.57375945899309,52.550464426718648,-31.093637147200408,-54.324496590885843,21.108870138340446,-35.258434675291163,42.131997565953533,28.354865394201731,-81.717829931847746,-12.991783759800683,28.023636068214934,-71.824387349021478,55.898627780664668,7.1251010164806079,-43.784041060278732,16.591366029617866,-51.289490433747133,-65.955010393136007,-9.4772822752350017,64.666596804294116,79.250416004237806,4.3359540398318668,26.073560235383688,13.257533085310214,-84.863575989524804,-27.096403939329061,24.92343007532909,1.476564514552031,53.476129951452734,-31.614424997859484,-56.12456981256534,-17.066079238300969,-0.27080663051010134,-10.444989026551085,77.665983002823353,58.510443245781715,2.9938462432994841,-12.442942401103057,22.515541071956694,81.949339483623959,-22.803471336603963,-30.247725086401964,-77.501629881320568,46.322675518009618,9.6485829155172311,-13.200429164469284,-25.692248420492401,-56.10673461296637,-11.489202336290429,27.155718172621441,-79.590250523941577,18.350170755004392,23.342502892068239,60.906374603527752,36.029067657836848,-83.762178111895935,-1.6105628148231093,18.761277928093204,-20.505060941609109,64.334949967621881,52.494310868318713,16.273655061173589,58.593847712774448,-33.668345335088617,-52.887056155678664,37.717226212135778,-76.880660681211225,-33.882334647451223,41.391586712437658,39.512939382994105,-68.61734828410205,-64.171480219014796,65.452457799060483,-73.134621959731575,-21.101146601105423,-84.116381663583411,-2.0288453718795463,-7.730409702617874,-34.21521620010374,-4.6090632095831436,84.585595904810305,50.486251778139433,29.774786688306499,48.801884779046709,-31.001022083381848,51.055753034813733,36.332216840810119,-36.923364384951505,-27.25091875079443,33.553377804284892,-48.00005798605077,-70.188366001907795,-4.5890056403074402,-62.372801239369075,30.129971031332083,48.826691521474991,-54.924760163644969,-80.506859926202566,37.603900237154384,59.194766024816317,27.778254469605159,53.783752754859286
10700,-62700,2.0558826277086371,1000,81.299427509535576,301.00460468455378,62.583329827824379,138.23986215906231,133.31752411272868,481.09305125179884,15.765150553174848,370.58538635915568,600.8324251521218,104.68649193023461,115.18742317863189,345.33906413115665,612.66716105001638,342.21041890493279,552.31364466860089,712.98021077015619,506.42748603725056,394.47797371874526,787.23685374863953,556.35745685192376,927.38736974912035,573.20796772929077,269.95058535325342,872.55778158791338,669.41324135559103,451.10267838864547,52.071327088024645,706.08432168813829,163.76386060790932,629.61200620577449,782.87247555895101,156.63988044808178,354.43634012027104,813.91316880531269,521.94363667862103,587.66592803958531,457.05602190408382,411.36958703147957,495.28263471623109,872.76620316245669,688.52651370581714,396.97603091339414,780.2673647170966,597.74164845901441,335.01628356412164,390.85501662038035,327.60402527095926,177.11596463028278,579.3748476587931,50.292472812342162,282.33841037516487,154.15663138790762,660.68598417677845,653.32448115717045,359.2710038118488,209.33754106278798,928.09795362746138,496.38314667986214,259.89327059269215,746.71000897957754,71.120995748091119,651.8849247275557,377.64793197991185,859.9056494321718,912.92566072889838,493.34659343388012,491.36806917263942,646.8839063599786,138.4428693263684,727.39260657599687,923.99680242313661,458.92030479124207,789.90148388530986,481.8907454739724,289.74589417518411,843.86801269927128,168.92257662446352,763.9855857731477,625.13409865615199,851.48904781764043,341.65181706668909,300.72991921063402,172.2509361325387,739.22872572708604,671.10882172809681,384.48406297405717,123.97569480754053,459.23026123964581,839.81790630684918,451.18815884815496,742.2765792663472,368.1880770962448,766.92338906650809,660.74505892242144,443.28395418127997,666.06760188883334,580.04813852834718,200.67909337128827,41.462681938079299,-31.566567933264551,-39.708801311640933,24.593730034111097,-34.249455598240694,40.37556437736059,-66.471423819650795,-81.510123819891604,-11.004938118103137,24.247903453203921,-69.424688147557134,55.619002933561418,9.0669942045506708,-43.851273006735738,24.964689643721012,-46.920538617810855,0.54738492677166972,-10.285259536298399,64.786504984319336,-33.569416847152489,1.1145418803402087,71.628225759527083,-41.130831782854159,-83.446784650800666,-53.835992365781685,29.469940221248471,-74.815459457383852,-27.190075971297436,40.115094915204558,-21.303710301380754,-17.177467861962395,50.379811815511999,59.279251123703773,76.67430535000976,-34.663684645692811,5.8182866160806839,-15.896021014767431,22.005370538659648,83.594630598896728,83.118133066078343,-61.602733929202152,-77.395849462497011,46.31536958628493,4.9970498181846654,-6.4352132821284158,-28.484049680729278,-74.29220577033972,-8.4292450972734105,-54.048881435740746,-20.303544132682024,14.513502451283788,-6.8924713959408601,57.885800164270904,35.144833716112501,-70.417838945061305,-1.1320628140979219,16.899784847170501,85,29.043925819202506,52.478823341704313,-72.61897052246033,-17.364412514983517,-34.161316566254122,-54.207865123102394,78.342843326975824,-57.925752905834585,-68.585113820215156,-17.743880636750468,-11.392825710810362,-68.857840144935381,-1.9856786311667456,53.718131401445902,-70.819130597683852,-15.468928307798283,-84.111844314584729,-1.0393455510646548,-8.4699599340283438,-37.849355474499454,17.920294730273056,81.320906113978722,35.488549926479109,29.744442556314677,81.553636751630052,-28.384987956409258,-76.580267412588142,37.251673899248956,-7.6963423848478296,-18.948488246186972,35.415181766849308,-32.089030732019367,-72.605461790420279,-4.2996248490665057,-70.928065391906486,85,48.920976552513977,-60.726406841784495,-75.860113682703144,37.022230293648619,-8.6227872443717395,28.20555371415378,46.703207337734945
200,-24400,2.0208330963661258,999.99533480647256,222.82147235498945,686.3246723391685,347.37026553187519,209.24671260278376,135.26522506118152,812.94277404487104,109.40828662831952,384.11126047333829,602.13661432662855,118.59538263181557,279.28454969558851,295.43597324539195,267.27828889948688,110.73698761748327,527.74495120655911,708.03893619602343,98.17789181148683,388.95180051637652,1.7094616961121005,311.1998491896706,869.08336160500698,219.87951687549216,262.1434966619334,848.58656348030956,926.27011010406841,460.53032239666089,962.63536676705098,849.706825003414,121.52269829100157,246.54993741073295,129.12790934324852,419.35046598457126,882.30707217791246,846.91429726912133,555.3562578439404,368.72213309443646,344.75101530521528,427.33720108100368,666.49959451110362,524.02519710884212,660.68781091988205,645.54947158956895,381.37144234888848,598.22272572281236,286.07007468667564,178.88817799258831,312.52107958650004,148.44438663588198,187.09953353108756,35.991753416303482,702.79471030634693,193.28449439263969,628.06939724253709,875.52622086937356,349.04383274307867,210.13844010724628,297.99835364461779,513.74997823014496,274.55252319400444,434.65096590195378,828.94032443202116,3.8142346934937628,628.20924575316008,179.13051698199655,819.15718197580725,11.255041420471343,517.42051753176167,633.32183195341349,190.90872630640669,753.5867231868616,602.40991184247298,532.24011987271649,825.50246976332892,163.87793666796372,10.896704194026796,803.49288641324563,288.87579767750026,756.50394215833626,91.33087484282845,801.51354890000061,40.249245238408747,779.11965551998924,184.64398013649705,294.49167273405914,677.58808984861855,388.27957721578287,114.03629833705577,480.38278710639162,825.79243888638052,123.58676806605601,778.97424636734331,23.355309092347294,787.83293332387575,665.12220497783494,106.27508037887134,719.15462285966271,587.17060007991392,193.00987242809339,215.34847306425428,-11.419541934406721,-24.094779304761737,-34.153723566393566,-33.356536532588336,43.335578210320676,-68.151806200604852,-4.3185482482208073,53.809872403729983,-26.647474113948771,-75.89204112732159,-82.28590020933342,64.393194756992486,-42.431205928094421,84.763014368862414,-2.2005330733029993,-5.8865780883109231,-6.0848183491715808,64.815624452805025,72.038429965705888,33.178445425067281,62.791619468145612,-42.762493795761344,-71.170552435500355,-30.281221697313182,34.746612233984543,-82.456104609192209,-26.946942458403615,-31.162730404890713,37.168944942490455,-16.736634514041533,-0.31413603045046923,-14.733758554692578,72.437101652386616,50.234022649372172,5.2731693382687794,-17.601526445579353,29.200571248494729,84.201096469415688,85,-61.818064660048506,-55.119230947513003,46.187180012981869,5.0074008892949493,77.156868211623006,-26.59619786196507,-72.149688842267466,-5.7804825815103378,73.349291561290954,-84.759132899621761,17.467427342118455,-6.595862331970781,61.672259256869367,-8.8444988367725088,23.554843701671874,-3.9422894489023506,21.368505741281432,-15.678584667707216,31.564584448098159,52.406964006246213,-73.151503341936888,65.309936639956334,-57.95905635055621,-49.005361232835334,36.498297855551158,37.440156402037758,-12.769032617956622,44.587275251531388,40.725785390403381,-68.574460550218618,-59.807055903955742,62.222880267429218,24.889293510308477,67.540568733778372,-82.239119419873532,4.9231054346638983,-8.5186247844773053,-36.504228123003443,-1.9480669730529194,81.274692092749547,0.87960959306421316,31.703361955044983,80.174961694974698,-28.95068843653868,-78.158976381386267,38.639558334826987,-37.510464193642285,-45.016342412653259,71.797612248163489,-26.34750625066097,-74.545521712846138,-4.5450663293046416,26.221054434438329,30.031178801712521,49.592207716030074,-66.888880691707811,-82.166304484822334,37.153325317553929,-9.6905787273840076,31.030337244661446,51.939999939582222
6300,-61000,2.0607718877925438,999.97999734610971,219.84253382737433,309.1383959640853,68.433502841460665,267.84153735215597,105.01466953249184,562.71941893756809,343.85025391322205,472.75197663051023,616.83482632536209,363.84042954130155,124.08857037963485,4.2313288642753264,685.0590986602158,324.63870178567993,499.00708329111291,703.26316336474099,71.282167521606027,394.88326891345656,864.5477342675797,556.10256050030171,936.25005126479323,594.17463110554797,270.65681204039657,873.37911500348162,68.884262910827658,106.58788885763096,853.33037328911632,858.27389129496169,979.80583831943306,626.74882519986693,38.141588484783995,93.861553258596871,323.23067038866287,813.30643079138213,484.47770564853244,594.20132187320178,345.17375010561392,416.00243052636785,536.42617554282492,779.40775267661661,264.90993736870632,617.16958696155268,364.83798211399215,597.33903561098964,390.11154705296315,178.21044325952815,124.79485973696781,182.54485453896052,29.088028448355786,788.71411726477254,240.40470164761859,195.53516039685061,661.64923931885357,649.62658306036531,342.72100809244529,220.84275639759952,59.546164943052418,893.96752388037635,296.82767285576296,144.82022425567413,948.60564421309971,55.286221698002961,650.13826715336631,57.446857993520389,579.90812739549904,897.01916890448126,513.28862474588357,770.63496405526143,140.14472213381103,750.11823710954411,634.65269276225661,532.27294429688311,868.84120674339965,564.08696343550582,273.67924023584544,819.91460185264407,285.32075919236195,757.27361769538061,72.65055327922525,801.16039950326376,288.56462617276486,508.84886206095507,142.51021596047516,715.78893154747971,668.00895617774484,375.2266427124157,713.72933941235738,480.87079133332458,848.11727127398763,95.868358347275802,737.05694826172885,41.499332226716504,381.49804243572157,682.91195003956852,458.06611722081692,715.19026504568626,588.52466889057371,229.34196551269355,56.514483116809132,-30.170727084169357,-37.655689145477481,30.146003241081331,-35.061505594328281,41.943450754280235,-61.729752141167303,-76.840954217278735,-13.198492168959035,25.659257870404584,-77.388151383083823,54.977074727994456,59.54532005366692,-44.057823904359047,19.840556061058535,-71.181465898698406,-61.032717221037075,30.969733163899516,64.774907620837098,-11.55632186945855,-72.797893409814876,-42.191338939653406,8.5789395038159775,31.271457430078691,-26.685396202361577,35.542098648277083,-67.379483962802681,-65.148860848861375,29.763016557634135,38.759447794621806,-17.093103410812908,0.70729378682845168,54.753550701129122,71.91920309036027,53.879910415326158,-74.86012277897089,-20.589741681574594,28.885506904236397,83.562218994138505,80.442848467536976,-60.662006853501282,-50.879860390997621,46.197626272602875,9.5349743818657782,83.308032936867235,-28.161423132659632,-55.622222322185962,-11.936936633692827,24.881063845598938,-14.099339644915794,17.043334982898941,-7.526524467831476,61.083790161888672,33.100235428527391,-70.326360123402807,12.591487433015086,18.299675377046576,77.191459256594683,62.033524043785675,34.274314923249207,55.150278372466779,54.154582463700244,47.594787319982345,-43.691488603440398,38.360700212330187,-82.948854742814774,-70.179521714651798,-23.320625522376282,35.095662583119996,-68.587078290634651,-0.54629879246895996,47.040972295197832,-72.661794749060618,65.035892307061459,-81.964856063245691,5.2090467712764204,-9.6867079321976366,-52.200879047582177,-6.6801706332678972,75.966240679450323,50.835471427905006,29.64002514551315,23.480154119668114,-34.582884819659512,-71.616686513124407,37.40317037527798,-35.445549614641031,-42.345901329937007,65.536642687041507,-25.497048687692264,-71.009594545392886,-4.2718464143348536,-63.017401666755916,-9.1162341275370977,51.343036249200694,-55.7840386941593,-76.184534035801491,37.005321361646843,38.451360357363775,-32.703138319807699,49.664697004399287
67600,-69800,2.0035178786523731,42.136451237773272,3.7996583961058139,201.33646849023975,79.780638945737067,141.91474529719187,133.67914980402904,820.0005685487763,312.39104560320152,369.91245575467968,602.94329265804163,373.49312231027835,659.53624823939117,56.767198281731595,65.903032984781674,88.953169538530119,539.50374708254287,731.22626430256082,452.15730540695921,422.02261464003215,808.67149842918445,526.95191393006246,904.51527705085641,552.06259321706659,266.95372935405857,845.46217149079905,114.00935257282822,432.00022677881412,372.13609356099641,645.36902093444189,170.82463170511798,629.13664244419522,797.16209090358643,879.33807806096149,885.27723353450494,813.37129833553854,986.4809498784183,586.88205406666088,938.21000803172524,642.50996784956601,522.35828365213422,906.34329084974172,295.84838425523799,390.38458098362571,381.78025358738449,597.08751489153042,275.74420587876199,422.16833592860553,76.22063982352806,154.00430050185312,592.74886930928596,744.01520185344134,800.32158989656045,154.63142970242274,627.96664703413433,884.61512290278267,359.45972441726678,196.74229222559734,255.44957562308872,516.53444698119574,278.7233483499852,143.49553340578476,872.87764926346313,676.90754455881688,279.70350640684569,801.36337402518893,903.70733635801344,21.663069031602504,513.88389718859503,640.32598951391503,138.41430712795628,727.1555200992459,935.39276002272788,534.22943325276844,544.59157430791947,475.32485282021946,289.83146710514393,818.50288739571374,169.64428349593425,764.68382421228614,576.90031631338854,799.07939011579936,321.83365325796092,38.941542435784129,641.098712085952,713.13568218577052,628.04149048233251,417.04460232285936,725.12866091889191,461.82808500478291,831.91492633540031,102.7231799948956,750.46358155675523,86.799790079401134,364.59500103410528,812.50086250676975,440.2057779224217,727.72384757116276,578.79865318752479,194.67581705111328,185.06548926095314,-31.355328521879866,-54.812525876638396,31.875964220584493,-34.251508583476379,49.13480477101966,-71.018316905095105,-78.753605434864397,59.903511449807013,-32.341056737754137,-64.930904920018861,52.174162765092717,5.7279775253926211,-43.775307249570844,18.818683676002038,-47.085342062983869,-6.3218371453859277,-10.994406397802742,70.646487876440389,-37.263373824310271,73.948626964752606,31.886374896028009,-43.517562888433595,46.446047579114008,-59.226541139600137,29.207760316627279,-70.150073020456162,-22.371899264162465,37.811650723950329,-21.971129441932948,-17.063966527166553,-7.8628277147157224,68.46914392261445,76.488449098478384,58.307111448825594,3.4798091000351397,-12.230568486953317,28.986866004769787,83.452457928524765,84.552616294105974,-62.264078024008612,-44.330838298241353,44.928023472725833,5.389874580191317,-6.4206594851248466,-24.678051724001552,-54.80811176941021,-7.6603042907074821,18.615373249879113,-11.282514454368471,17.238162713354768,21.915082584115744,57.827607793274012,35.309031615097339,-82.661818707649672,-0.72140459214721908,16.055116196648644,78.13183661474703,30.504857104948883,52.619039792710559,-72.309085924379701,-16.683089179567887,-14.83490854821374,-50.54257986659055,-26.921356975860082,-69.756834516235372,-65.514767169990023,-22.219167019665694,35.395824850284328,-68.628897328921468,-59.662412413132884,-12.029518511493734,-70.566641282246465,11.356962910332602,-84.79457084646225,0.40698853548485836,-9.5399004006771531,-37.725412933812628,-4.0108777120870602,84.564194778363486,53.009808236444805,31.535268502038246,27.231367583290009,72.706287335709149,-52.573015073981814,39.740674732183223,-36.665134903419684,-27.30309910514303,17.973633376423447,-32.388044244943892,-70.344846451383148,-4.8236055156204998,-68.38251845057647,78.811531388837821,49.565962587934159,84.995785204320768,-80.444527272721331,33.149170487017251,-8.7104013104310685,29.499371326900807,48.404200176794731
64400,-69400,2.0216166310486066,97.143473647794167,0.69046322333362298,346.95029378941047,66.325701058432315,136.70297482850157,134.68235565751161,788.4074711609353,333.67438660211155,476.21554408623365,602.96621835616804,115.09069723031847,120.09754227022876,14.309729945690634,73.582910589989069,79.96676793681624,602.92721106313581,571.83463242799132,72.308421865154372,386.22516430896712,516.71236123183053,324.92556540046667,410.71296446849624,576.95703164378835,266.86279748465728,845.33267238956466,648.63305205388656,460.31591316533155,56.278680875759051,846.96084862627913,955.33279562547773,647.28176395292462,265.05994093550527,980.08563158563175,328.82582379991459,814.02750964227187,512.14730901682731,892.85540898938655,352.47762505513981,185.62573174951675,528.87914950905952,906.29186017285895,269.50158141921071,620.37385055017035,407.95694036855991,593.82253512435284,275.36531034329806,196.37525779358077,334.63819254463226,178.33274269502658,574.00120509114754,698.76882619577702,835.87364572137312,193.17947091086441,658.60267738012885,636.89385920511688,346.39868278581099,223.77352865630121,932.6644003845837,860.05162695287788,275.40831046499335,409.54995724452669,18.226245188744688,640.28059119624197,389.66579677502546,823.34902174029503,899.9218874960909,542.70878243953177,489.16526800011542,635.24218003043984,194.6564423615892,751.11367130419262,928.40443567077239,530.40042913943387,833.16509813849018,561.74221693145819,267.25364964671741,818.58426123354934,664.19085290473743,762.17251373428348,605.85674277725263,799.47928008260465,18.056492311336001,85.453879720208107,152.08454615564153,764.57365397627223,679.75559951776722,387.75411785675209,230.12676219044681,479.25424790414212,846.15662201479699,135.00560185657341,723.51287853318092,1.934454155356832,367.97134264086992,668.08608490261315,148.79823327751461,712.05652784426775,588.47583376339298,192.27661540092723,173.95920199100595,-30.701520091794922,-39.737164342967937,-27.049312534601569,-70.269100069070561,41.994055955254055,-55.932186185497379,-80.608544841990195,-14.381722292927702,29.031887052706363,-79.947948279197206,57.994939072046598,8.1790592105316104,-43.825519771379589,21.777599435797683,-47.873856501702122,-0.76527007007810255,-10.603612062652573,64.75495843365546,-33.864333485948066,38.187968152576154,72.725848602498019,-43.504393759434137,-83.471964171049066,-27.486620084054582,35.371375775365699,8.9388219104386621,-27.100031428183534,-32.700541106549096,36.05660857645033,-17.149827295338135,-9.0435707351838222,64.990323837143251,71.966775234030649,51.470008420373311,-16.614762054661519,-12.829892900491224,29.185886560634902,84.992725478086456,-23.061917495397935,-61.769956336150074,-73.737436849110537,44.166371806524062,9.326469197855042,-5.7124102173880402,-46.867347281427918,-7.3792982293371949,52.026725541107197,27.051759716642522,-75.324996756434942,15.92215562352181,23.515848756160842,60.931652160593408,34.889389193404313,29.378877744908312,-1.277230111179865,15.95274844787029,80.858731519448909,26.594623530765414,52.433860286331111,-78.774486129723556,39.772933364131916,48.165347023976835,-52.958031618721591,81.285029925910266,-65.023909930908246,-69.866260157054199,37.001475962139146,-11.846962980424658,-68.577936672624958,-62.785725984465671,48.402134327653826,-70.431999343730396,-18.893799774668679,-83.638163159948277,-0.0063766944524934477,-9.5770902262866979,-37.056859003538555,-4.8105890656281076,81.260232239363972,0.77307821547271161,28.566052188054215,82.899155435720417,-7.5125365375702486,45.490191381704335,38.671003006455294,-9.0832275993738705,-26.841950406957682,68.739117379161328,-26.421826779774872,-74.40886240402439,-6.8510966479644839,28.170120283316134,29.04871395584761,49.560841740396263,-53.950602920780241,-81.023289806721863,37.165684987423262,35.636962902808378,29.369838523523534,56.212604253057094
3800,-45500,2.0603342070802895,951.22683779452825,216.76355183040289,678.96475827547397,72.18138172164636,190.60458630489103,144.18021977700602,785.3029533362045,341.01695833982393,370.24348656038399,604.8303756079091,369.96295806792961,283.25224503662884,317.44636586381023,619.41551765561951,79.70112539699798,498.11578675006882,728.33046667468261,102.83123171397926,404.24175918442381,829.74120493083728,153.69014408203813,391.62844475726257,579.57172449504264,262.25077312178104,847.86772249653711,93.812619410188461,105.34123772206947,848.54849429002411,847.93334391535586,74.842652072183128,630.27741524251712,226.34316358812401,111.2835552848571,362.10996462555215,846.98335011905465,559.72189441034004,597.50513464886046,419.59458078376093,428.44719050525839,663.99234394219491,487.0122939850209,681.32029177704112,649.96285063639425,383.74661003580883,597.67788644304005,274.54846807104008,200.85285517317001,75.585802883419618,155.95006306599078,41.206456806798755,44.45850864276953,215.57834820489674,195.82914625976005,333.974160420629,649.76224103328434,349.01981714363063,479.3748570303444,28.172731124029212,876.07784902270316,274.59883508210481,719.34486749699272,958.14132289773897,4.2947042273582845,654.45204646555703,851.46716562353504,909.98569788865188,897.38201491734969,517.42977308892137,776.64148164194899,165.64456615541269,735.10848620387378,16.929354395921905,532.41250456173088,833.47715693378586,552.42091375726557,275.79186362732059,804.43074290408026,314.50534549806065,756.52029305567669,60.783419353311359,800.53563785579524,46.320661851106536,762.52697791683318,197.0288904151609,739.76609948470752,677.36950147787377,415.23323124390362,776.79232429094725,488.76642681735495,825.14548672313481,111.06305677056122,741.49943615913651,23.289839754596965,792.39212882228026,680.86782480081445,106.79760829209083,719.26141713400489,888.87383428695944,229.85488989544032,221.97536953258685,-21.450002537047979,-24.282088358981227,-33.724524866242255,-34.07890452138939,41.625395055457204,-57.43545788147199,-50.644720253656658,51.706060951292443,28.880958031161867,-77.334741788525847,-57.362150488302305,61.34402187788065,-30.83741781147172,20.910116910886824,-71.225767951837426,-60.868491694023454,34.174328859686788,64.777938224261391,71.626453530350858,-73.245972278164302,66.220048442653223,9.9204796194930331,-69.602343065421621,-26.632468714626885,34.829483940370523,-79.640324789954093,-26.88636733383137,41.430601208638279,32.303040326476314,-17.220378672751291,-0.11259711577289494,-15.809621259919759,72.549195397348527,54.149322785360006,-72.78413382823274,-20.211116755869298,-6.8688578750559444,82.868324888975181,80.461176248541008,-65.703640713679661,-73.954531845963388,-1.2006555694949519,9.4874539996641225,77.700137074398839,-28.370920912093851,-71.900642576851624,-5.801764770687174,82.879966217985725,-15.880867147664816,16.295498206784075,-6.5771993669253392,57.706702082998802,34.504698318644301,-69.921888340920475,12.561632529540894,20.951274650595664,-16.832502789214818,26.225214553291067,52.420452991762474,-81.876313878327423,54.128468141676336,48.473285063878009,-49.140527406381281,38.334737663302121,-83.700545694276258,-13.547806931170179,-20.274958039865094,40.600603543759398,-68.576071632046862,2.0528285688536698,62.81887740884688,24.241805788486904,67.485765220317049,-81.971959743094772,4.9228591537854562,-12.461185959344736,-35.66779711098404,-1.9689798740703961,80.993881402273061,51.3529725495939,31.699592373591447,81.332310148987489,-34.157665412722466,-0.79401090966827326,37.35820016364486,-36.330693724801947,-27.742002049184777,65.692806063491659,-28.677746880279575,-77.982494639495428,-4.9213349986193498,38.183674959083476,20.158741420802986,49.543931799870528,60.020779769221164,-75.938518769264434,37.151744750687641,41.694770534609447,-30.922455254455723,45.73034113642256
50400,-67700,2.0018106736238286,344.71140861161558,0.56573463323329731,339.07259772261239,66.2210400070296,148.69710684777868,137.17084628355678,787.00861242816507,333.51312988165324,462.07763131699767,602.44622778328801,107.22376994245714,110.84622513358093,14.364043536946749,54.910212683595141,79.962968778226696,541.4532923021651,572.09982576862137,71.972011676692432,395.6588748829929,535.27251804571836,530.39505404511351,398.86336775497716,576.03162969230277,262.06437713517812,871.09266061678238,643.42336091620507,404.42363529679034,49.811062759619404,849.25163554575806,920.04280355533251,649.51224971906072,843.24418946913568,979.67493000062632,347.43827408130852,814.07631436943529,512.67937718360656,906.28212611497088,400.03921674031727,473.31691592230663,498.0327776031458,898.79722514192679,269.71876224417292,617.01074799919093,407.93406700916313,596.8922361206802,275.37224519038216,196.55260099862807,314.83851038831841,178.74376754604549,46.16057031963777,697.08939777949922,836.17389779612211,193.24033223228585,658.54485021412677,860.95342675778579,347.01029983922848,227.79695059979301,61.433387081631111,861.87909642403326,249.18328916476352,409.32941530606513,922.70768089754858,626.30040420471073,392.32487821136658,106.9131199241084,609.32868059533837,549.95719687136011,486.84703144363073,647.35839901388113,135.52585064886284,716.5435816790872,953.27366142486517,530.40779876136344,810.17906953850661,509.04324016357015,266.69486723334023,823.13754972103152,662.67620646055741,633.30276793560222,606.52678367856174,800.3393213524671,318.10602041750008,72.62516287393882,149.41444618649604,764.58332295131299,679.91051222339991,488.67031285588439,230.30212398684313,457.01282549855642,846.99449135893155,71.304417056865532,743.28732454169335,16.162637176500898,334.2508489400721,805.08577534668007,403.21221821146287,711.8706851398797,578.15018614928215,187.25173733027256,176.77326863179331,-30.714250163053496,-49.325922336035113,-26.992804780145914,-70.248088621744031,42.03478731086517,-56.152926247421235,-75.426249017826294,-15.024479005729418,28.974389920689038,-79.851023116600587,57.983577342710703,6.7626572438393646,-43.867922965272996,25.060876590859294,-49.294917991077078,-3.2428081314466399,-10.608089767488075,67.622294373087854,-2.2289631055910419,38.364764538757441,79.097114464467609,15.426837449853618,-83.49935683892393,-52.387320700825356,35.63159048952047,8.9235279207923082,-21.216551980927623,-31.652971705257301,-50.991761789686279,-17.148335167725524,-0.16433921353316983,65.105209587188938,71.921409776097889,51.483577882963708,2.5090456014344049,13.814484540760771,29.222710356813042,84.673420107152594,-23.949810195150505,-61.74801682691627,-49.187752841863499,46.486029712816048,5.2835250930595752,-5.6942518800873705,-47.60399754824963,-12.616153228747255,52.01228632573028,-54.803674187328511,-75.342764929480097,16.731266372140276,-7.3082802451487403,60.92552925643254,35.941936080783741,-77.162149896894761,-1.2830639772774708,15.962780949926231,-33.818586943484135,27.866288704987586,52.399934696016835,-78.702987984360547,59.709654815789094,41.604757890131467,-52.916669300588381,81.09398373910183,-65.233104545955968,-31.402536683456571,36.485155539312302,32.897359388434921,-68.616934466703469,-62.795442297784682,67.303448610737945,-38.769741056730076,-18.812230754825009,-84.93677935536914,-17.487773490780604,-8.7669394408040784,-37.00682457804816,-59.299235905558753,81.352504599328938,49.20623645068293,31.728825685881549,83.14048989589476,-7.2509006734061412,-66.862403566889384,38.68190972676534,-9.5719395664587132,-26.84093860208564,69.454669583810841,-48.873504724558778,-72.690766288602774,-4.7926534197341786,24.105228724338581,-9.1969263771236776,49.559837810486371,-54.699534232638101,-80.451507703735203,36.778130151236631,36.012090681291298,29.344318844967091,56.369288401263461
64300,-69300,2.0217546144202911,97.455050750186203,5.2354965213429434,346.87574592704289,75.47081565145659,819.85354474269093,103.2963091915236,822.48313539160392,323.22579139100839,390.14364912223505,615.84438770856707,115.04113970113501,328.69054969653246,26.660288228353412,73.580766542410132,79.42632283911658,602.49067398215868,701.7358618783345,79.132168122143412,386.1364246339715,778.06896192912961,322.15178439633394,410.56674920424132,596.00953603302435,266.82762662073276,844.23826852630975,189.27248244303962,462.68910924209541,862.38625485372279,676.45250848817591,956.14851722177082,647.24034527279537,244.51664720491488,968.27108449688831,328.79523561741479,819.59064327699025,546.48045653711563,381.39371716170291,352.60835174111702,145.03334482209539,528.59130013931485,906.49966046389352,283.94076319040801,384.80734494062602,400.4153640458598,593.78844509269322,275.90492558625499,181.95348615820188,334.6494836284399,154.84904127104727,566.50213939182777,36.088648286587556,818.61413042698985,188.42257639944157,661.01987876451733,652.52069344976985,563.73916296610787,444.73884794813193,919.45872172023724,966.45747924245109,275.23654481835615,400.19216098738048,8.2568095713904768,866.11312593037542,258.36017864504731,797.99415861451359,920.76400005716198,955.49326380932439,541.3354793339264,635.15276441545507,195.3553815255575,752.46345733675719,515.36205940914442,530.7074561817501,833.86120854682622,562.0873307118917,276.13812826368246,818.65358794328858,618.72752053739566,768.32050505376912,550.30336701978513,799.53310992720571,25.853558533513393,314.46776992109255,152.23567090286076,778.23930402568453,670.09522794231918,385.66688562002884,746.29458465619291,479.3545373880624,385.89953494912561,134.27203749145008,723.73327438170668,2.1400358640048074,935.9188182869143,662.65675432360945,158.28101014630033,716.7476238716481,588.43070313145779,192.62730799929855,48.906576814585847,-31.133277677316716,-39.51841952962662,-17.646884868941772,-34.763559438662284,49.230686211192506,-81.140769362923308,-80.609335988477838,-49.433123673744518,44.904861611634573,21.161103244950535,57.252742802197787,8.161664638173562,-43.826812110701681,21.728400348236384,-47.873069210100432,-0.88788830840000488,-10.997628751954746,64.715494749204211,-34.211425411782201,1.6372818713203756,72.856250590103514,-46.934856370096909,-80.041202419506234,-28.502283273677136,29.58708544766602,2.9850954338842883,-27.15258741594074,-32.713106180884623,35.361100403233394,-17.06544386083544,-9.0865724373747199,60.383771574723966,71.329852159536941,8.068596299102694,-15.945122799497231,-13.630420024778422,22.561402318764781,79.594712564417478,85,-61.770597164538614,-72.515727101907032,44.136673457968271,9.0371392379862989,-6.7620386865977702,-24.948551785667256,-7.4451573163070366,53.227043738260598,26.388954851840154,-74.501788645021009,-22.609794163067605,24.122146767751385,61.037350572844346,34.977838797369309,26.476223800182972,9.7901647731140251,15.686207325831301,80.624553736904005,26.626414386163642,52.432873212890591,-80.680557101837294,40.273575675258002,-69.166207928493705,-49.880214646191604,85,-75.234512372182166,-70.921573759965099,83.15682703211283,-9.7558874162001423,-68.577442790053055,-61.35295886355096,49.076364784715679,-69.89967536900491,-12.99634030380895,-83.588611860781441,-0.43077749119113129,-9.560278808832182,-35.415806466035185,-4.7136669949866032,83.882421652464814,3.1964941631911685,28.459550790210951,75.696720946485456,5.5539712470689988,42.886699612815086,39.672712276395259,-34.544628886370134,-27.161674420676196,68.734067131605713,-26.419624348720426,-74.424430725139828,-6.8588126194086394,-57.793112449684678,29.00400396795732,48.853107154893891,76.330969587996876,-81.034766014862967,37.161020121920707,73.997927807051894,30.595681913912031,-80.744904506772869
13800,-63700,2.0183998753856773,989.57726632503295,3.6865405673988505,735.42885152797658,49.026502480718797,832.72702634031202,134.63707554002721,822.42085569479309,114.66531414720654,375.79441981107658,604.38550366650441,362.99392423365845,101.30378695729019,345.42510666459668,588.29016344415368,81.415948431897618,551.83976449259546,527.30856126340325,160.72330982318252,394.8331122774722,58.774856385821238,722.93137202589594,900.97101542928272,542.18334905970676,261.69048355311122,872.028165098876,83.203477771703973,431.51323341502217,38.455372709771041,249.80027378925701,928.58203729333411,629.93897819264794,822.40004296935012,109.8667105442118,351.26021574635024,813.93971516897898,558.47631429374928,378.2558957485769,456.44195737097357,458.07300401188212,492.08315539269523,839.0468438872349,765.64898356279195,379.53933752116222,408.05836973074855,598.46999368631668,334.94667854424364,208.45307528071964,329.12436681158704,155.17939996173482,579.86853309994058,34.565358302144432,832.83327760898931,151.01721802696025,663.18635363593808,878.84953589782845,365.44149027703907,175.57758989161565,366.21251357738657,964.13185157431485,276.37278559082245,674.25468951437529,20.431453756705139,7.1320009192396014,382.96689525460908,848.59565921177261,914.03620463948903,490.30338697771799,487.51324905727762,646.74781209684647,140.09651040258274,727.38348889169174,564.05502140692499,532.45726942890974,802.34477179063219,514.48181041418229,275.52062682322992,842.10841085349534,148.11786596787482,763.18700321576603,622.68279338808884,856.29417607170956,34.007113616453665,308.2813139867992,149.69040310946048,739.39522960340366,671.44807776294772,407.49642544498624,132.50626053943341,459.17103699352481,379.93967548440639,474.38711156001,737.45131544845265,358.67830618479002,803.55255101847217,800.15236276240114,459.40999195778352,664.74296998453474,580.10296397371019,192.77812341883947,199.79307626839676,-31.137182895935791,-39.39269294449042,-16.801140347579029,-34.220966967697763,49.085504456392997,-71.039343562018587,-81.425306545077461,-9.7402015832647599,24.278613977956134,-70.931605453532683,54.851792855512379,57.99900244469579,-43.727300046406015,24.679002465248413,-49.036063735996741,-5.9995960611514541,-10.279438206215765,67.545040823102383,0.49874731157657237,2.5459840171409347,25.363882066554876,-42.384730609551895,-83.557502997046115,-58.273413608373417,29.428719177602176,-68.458206582085097,-27.38304496756826,37.664551089677296,-51.537451906222387,-17.060887658704541,0.53043631829380034,-6.9657815449020468,77.128526911840879,46.498784366953615,-77.358813755004576,14.858131876863183,22.704760059757326,79.317910383618255,85,-61.607489008551262,-77.545736566423258,46.326138571551162,4.9965363308793922,-4.9683642931452496,-25.770895513297077,-67.601004792776024,51.238548613165875,-55.441046167354834,-78.417885957274706,-22.301496475814997,-7.0218776003175316,61.008656097574708,36.055693257344579,-69.529911179014505,0.037874101070732746,15.741599748057917,-17.668718523978605,29.152232509278008,52.485170777439549,-80.200256748253111,63.12651901405156,-34.121599239678211,-49.871482047308504,78.112468394154874,-70.65127116030645,-63.597387123797489,81.337501354006648,-11.317996094403746,-68.612414091675788,-0.47675600839531995,54.854322463930153,-69.711622447655742,-15.138306068037217,-84.109718165145509,-18.059250611800163,-8.7655264796020873,-37.053797031986058,-2.8411234363460984,83.880176896195707,51.666683582241696,31.561329878978512,78.042086678773614,-26.732724466030632,-70.847525984970019,39.831479189555694,-34.341991421789288,-26.941840964701793,22.417559069434947,-31.953511404933391,-70.226131156335768,-4.381926992114213,-71.082773529014588,-7.2170335743499621,48.849489434872474,69.26435441574111,-80.508350098053924,37.024374294149887,-8.8697632836564217,31.043709658176628,-70.308107815089542
47200,-66700,2.0041100682776518,349.90367842761702,79.178211090221254,337.0500129936172,74.489989239061572,130.62435908843196,105.44974553202107,811.9496943591746,257.53519656759499,479.46309344754985,601.78171204935563,107.5271051453966,670.63347931136366,320.60045186592413,60.517652037192647,339.02641941952885,541.2823267662892,717.23451605457092,67.600152282483322,382.37864385523517,809.96385128911174,571.09723226398728,928.98684033810946,598.98335442576467,270.12944743793366,869.89249056218671,176.99411307857329,451.27421591220053,845.26810375675109,703.33119700326415,151.27167219267506,627.76013815648366,803.96631581379665,1000,589.01392839000312,813.36915502468867,223.38391707619795,589.79911064383225,417.54838617314067,412.07239836267894,498.24292381403944,876.42784574641166,233.32913168077553,396.79084233746084,362.19832540511976,596.81469252329498,273.87933973243133,369.13578331048723,310.1479524583433,175.58930315132397,608.43539466648576,49.592973005058084,836.16750362581945,189.22331951040107,626.88378649367019,652.30540799574101,347.38858295533328,209.49903334231166,924.0920891299113,486.81607301025588,249.05580399371513,428.19456022767486,899.40225297929419,856.93171937411535,668.30257371343453,860.24989901763786,910.23912160852103,492.80631975275492,534.19797975866311,636.73544160579604,135.98533260441246,747.33787706961925,904.56909982325385,460.26937728602678,297.34884470840933,152.99631218107461,277.73052090725184,817.69604362864402,172.62515732199279,640.24020191632189,552.40023970590778,796.20348216446507,320.50838668033316,635.34213579481866,171.82576848590958,713.80709459877323,630.60821611729091,387.28349700462059,54.576019267975525,454.91233406832464,847.92170327658471,71.796022357574202,742.27630416117734,22.285173055582931,768.69601252466452,807.02050681921708,414.5445462452202,717.98371081766663,578.14352270454685,188.27971477482055,45.635363854546824,-30.729190611176069,-39.697249519344552,23.727717465026302,-34.05439212418591,41.542981437187265,-71.332619370180964,-75.071824547136742,52.718152993509591,25.51260369806085,-75.081676189184805,-56.853430222077243,11.055487462608397,-43.849192152782365,16.653645964743323,-51.234477103827579,0.40749001621786318,-11.011141193112095,64.888832963430119,-33.161816447889841,29.160330837002824,79.066082004581929,13.878025965473052,-79.769496678705096,-53.802703439127569,26.865729176311177,3.0742066723186312,-26.77070951068189,-34.208090553558812,-26.646993143253095,-17.180377339021479,0.7552312416719682,58.62685500870991,76.705454242009381,-29.732710730916327,5.2364303729174537,-19.261749773933573,20.631682723751403,83.404117341294523,-28.134406175940679,-61.850682148199134,-50.972630337655211,46.416448124547522,5.0077752382214555,82.963109596867071,-28.467272296695761,-50.041256089253324,-9.5255793804998419,-54.062763059704174,-16.618847701844878,15.399633652221308,21.042939555325773,60.972279634211482,35.269135215403786,-79.580497302137417,-1.1142559662128342,16.975600294219582,81.274867426058563,27.822080661010062,51.943686113932074,-79.207793594495541,-16.742059521146409,-34.552783630679976,-52.890120797727931,85,-54.516835951567067,-68.051070294041267,42.469893586605778,-10.379136228152909,-68.619980129851882,-62.045777500173337,67.168885450076843,-70.781441152214711,-23.256414579051125,-84.11136752905135,-0.0020616561597854854,-8.4923481926389748,-53.979997505815724,-60.183737146380182,78.874260112215921,35.967971099324693,29.688800197855343,81.289550480179358,3.3300145033179955,40.691263146788593,37.132174252426637,-35.022275109433082,-27.262491476776983,34.993207011667756,-49.415371499607076,-72.446317118136605,-4.2965802220092151,-61.649822600018183,80.987942077697397,48.978719480802944,-54.584667441595656,-80.389274264197596,36.792601002510445,70.46661894470769,28.350163638226601,43.531758262820404
100,-17000,2.0591713067634432,999.78826539350155,221.47504192619553,318.5394459842887,65.853638935680081,190.13473080772633,135.11904346159508,853.2833299344511,119.04420620504511,480.73630679864419,605.74238672034869,362.58529057517006,173.28899361077185,323.56897474350063,60.197669646607551,96.228977959775264,509.40246502954318,710.20469398002774,569.85312283673295,388.11726907598495,798.24705659561425,330.25752382333167,938.83625295228308,582.23483727545477,261.45766490868687,871.93228048303342,1000,406.34662735510574,852.72023396030067,328.17844634200299,76.118473449981721,665.20541467841406,216.09711090235001,108.57013938873132,325.07052518352225,815.1716384499241,500.12289316397647,896.00638617869595,418.45533156540017,459.88444951418472,513.6497486294088,500.8793233339004,680.46539223559932,378.99576443422495,366.78494685301411,598.39287381750114,270.70469966983165,225.48477618302803,114.60328951453951,174.8664240838917,46.91376869589169,418.9557138331478,255.1706474361616,197.23270346936431,297.6840616386404,614.27886769851227,300.47488484077337,491.64597760287836,291.91116298353955,911.48948296515005,269.48384699880086,706.07127937463736,910.80064895721102,25.991136605755855,646.03238420607352,849.51171201515831,905.15892289993917,902.35155426377969,490.94868088898238,770.13433179142658,140.12813181658657,751.16821668949058,968.39295069069146,524.78369459085491,812.15745156799005,483.56965688606061,262.14187376559209,842.29842459429835,165.18813723012312,778.6360671599374,73.226999540374237,833.86962441564992,8.8935128728045925,292.03103907513685,191.05746179554546,753.99457661894189,629.33845939838989,415.14618758459602,749.84240052008602,454.71647887126778,836.07636706432527,501.93059020871112,741.37509328705664,763.187361683787,790.42041333701991,801.63550579428988,474.87611326857484,711.93821473030312,579.03835962433459,192.80752247059618,52.852328197621915,-8.1818778472871152,-22.11790897897184,31.627798905101315,-34.261151933205959,49.721016861080344,-62.247150941048218,-72.259067196736851,55.111534910794255,28.130368946364921,-68.755012865012972,65.650169420666273,62.01881833043899,-42.553649940150606,22.092212094072693,-50.180882997998403,-6.369454234949675,36.110706537693744,64.865751763148126,71.342723610144546,35.898938695593912,26.115359860814809,-47.914629877570036,-83.150468240619205,-53.520484033922585,61.65456929563517,-81.015660696133978,-27.498250535933799,38.704999826277337,-23.21668659176143,-17.177936295824757,-0.55624001187088523,57.928916242162082,75.076068053100357,-31.439754438495381,4.6022606484221029,-16.377404464468238,22.372102467539484,82.880482949143953,80.383276034039639,-65.697958309473648,-79.793858306071812,-0.33583537524710749,4.935263452553607,-7.7342533346883542,-24.588672936915966,-8.760640442010903,57.564030527406807,23.81583509072626,-12.971973749656255,14.808552739486402,19.689778857033239,62.098709658275027,35.541182890201618,-69.499557612921706,-3.5419925219873534,20.137293198768401,-26.569318576279297,29.85612159889337,52.405042602636321,-81.584818070926374,-17.508920758475849,-38.547827189166405,-51.266869218601322,-33.050055839693144,-53.591312903486454,-15.464487225998507,-22.014172635266775,38.492864470230487,-68.860008130802328,-0.36592688577135829,63.018243371234931,-38.068803390648412,74.615603419730874,-82.024342998793657,5.1472516056183419,-7.3566300545498944,-54.301638155649613,-1.6026213701190706,75.686386746550468,31.762522188356968,31.476389068416299,-1.4782691733346667,-2.9754056575381114,46.140576379855048,37.55498463626062,-3.6953418799286677,-27.417963242977947,66.051375381414047,-33.205214053676961,-70.153382725405351,-3.2915148340311182,-67.759880620753336,29.617769312589683,53.766211150186102,78.879056414117329,-81.703572445655539,37.257731265201542,-46.262029833950578,29.172996704831696,46.065280888804146
2200,-45000,2.0175290410502518,999.98003340692105,173.72731334554825,659.47915950030949,89.394192678881481,821.48576353765509,154.21986241391534,813.57951488419894,126.94749531308274,368.82767420414206,604.43434947109483,354.85184009259893,272.20859383983236,335.32509246081037,663.53927771229996,79.484939917951394,491.31585679643359,661.17349120129427,58.449698830971215,25.590592390044037,802.97444707799502,551.41833219970044,900.48044613148909,212.61733561794222,261.92132019091355,840.67126443672271,47.356004835734268,120.34838961464064,856.22929559207159,844.72739581770736,121.06324400753427,620.22092088767715,87.975537416578135,908.60621897302303,357.15959714051951,561.11013894504049,1000,227.30048499517852,417.07542499272398,471.95020001506651,515.48263526094888,848.36551449508761,241.25918724566188,379.02882613793713,378.3514545470336,597.4282324592748,238.89419879738685,374.89985458069322,117.5908115648385,165.26654593867968,605.02434422401836,18.225212093149111,247.32450551622927,154.77043199931006,630.01610615820016,892.10919359934871,347.54846036015385,176.46436019856799,405.50595223666909,852.25198808713935,298.50010046693859,401.02758901129903,76.532703481873341,686.58806178000691,388.08526296057323,72.276360969592531,911.48515976839303,988.59928138000009,518.38665753668556,654.89459332352317,167.42944294827907,735.36663136445861,919.46757332300024,471.08019378585857,832.87900662255481,552.75348558430323,287.74436452563941,821.06479190412676,316.50974342813697,756.61250104348539,34.950155327635514,800.35148027452624,348.54137543168804,630.12607490808762,196.7816992384781,315.32918731214863,677.07312293702876,384.91028462310186,739.7050210063004,328.99750506309874,827.26563062818013,461.46054938004033,737.59378382027694,6.6616546166792432,361.46710717701467,663.41163071253391,463.22569238163351,722.2609210994342,579.92647343814133,220.20159573121745,45.023062760272538,-21.711776948038032,-39.721309318329673,-36.281385310395763,-34.062883377813669,42.567854160078255,46.356289903405255,19.849903373169052,-9.0992836479037962,28.224082696089301,-77.165012253937775,-59.126798957228104,11.202097157902646,-45.169027045868162,78.6574318639491,-49.661738644077751,-62.234833861449403,-10.964890079348317,64.641475897582154,69.097984076350954,-76.105614664035997,-41.150044060919413,12.27290514690544,-84.914557058480597,-26.823313748693923,27.708284036372529,-69.04984275985214,-26.104558716549846,40.094618664918762,-25.425072436068959,-17.178607959864749,-0.11109486970954918,-18.332695220388636,77.068038562145063,50.499546828329613,-74.918202707204387,15.384839368060582,28.93336565680994,83.600884054538284,78.400972689171553,-61.83986865350299,-73.989666847911664,44.371498031351635,5.1386283377767432,84.621061093242417,-24.857029750232389,-5.8992504577793552,-13.117375099780737,-53.211204150206818,-11.047260090845876,15.828742528323232,-5.4763245630904631,57.733969093924486,34.762514173955189,-69.553645726906325,13.501414071979024,20.841916695889783,-22.501518494657493,-17.91717136146109,52.209852316521172,-73.205435084637159,-17.03841353938093,-61.026043071877019,-49.110918770047228,38.426295911530033,41.125235405473788,-67.123556937656346,38.315331892255053,31.723462011154094,-68.619172052455212,-0.82159891860133505,59.213140136813038,-77.078789431853934,-13.533726799941263,-84.38558508668676,-1.1728764620489707,-16.068534774341948,-35.863499012880425,-57.881263500358742,80.350119205331893,0.53293442192165763,31.373652268971266,85,82.931515248956458,51.070097843852565,37.26589839499416,-35.108422765918583,-19.393459566738777,22.27038437771202,-28.417802899263236,-72.615856746111206,-7.0531167310433505,36.01458071590217,-9.6105818755023797,49.392137618415482,82.658017530312989,-81.703121918806971,36.80718466532096,-44.294876079741243,-28.099974220405969,19.03362502260395
67600,-69800,2.0035178786523731,42.136451237773272,3.7996583961058139,201.33646849023975,79.780638945737067,141.91474529719187,133.67914980402904,820.0005685487763,312.39104560320152,369.91245575467968,602.94329265804163,373.49312231027835,659.53624823939117,56.767198281731595,65.903032984781674,88.953169538530119,539.50374708254287,731.22626430256082,452.15730540695921,422.02261464003215,808.67149842918445,526.95191393006246,904.51527705085641,552.06259321706659,266.95372935405857,845.46217149079905,114.00935257282822,432.00022677881412,372.13609356099641,645.36902093444189,170.82463170511798,629.13664244419522,797.16209090358643,879.33807806096149,885.27723353450494,813.37129833553854,986.4809498784183,586.88205406666088,938.21000803172524,642.50996784956601,522.35828365213422,906.34329084974172,295.84838425523799,390.38458098362571,381.78025358738449,597.08751489153042,275.74420587876199,422.16833592860553,76.22063982352806,154.00430050185312,592.74886930928596,744.01520185344134,800.32158989656045,154.63142970242274,627.96664703413433,884.61512290278267,359.45972441726678,196.74229222559734,255.44957562308872,516.53444698119574,278.7233483499852,143.49553340578476,872.87764926346313,676.90754455881688,279.70350640684569,801.36337402518893,903.70733635801344,21.663069031602504,513.88389718859503,640.32598951391503,138.41430712795628,727.1555200992459,935.39276002272788,534.22943325276844,544.59157430791947,475.32485282021946,289.83146710514393,818.50288739571374,169.64428349593425,764.68382421228614,576.90031631338854,799.07939011579936,321.83365325796092,38.941542435784129,641.098712085952,713.13568218577052,628.04149048233251,417.04460232285936,725.12866091889191,461.82808500478291,831.91492633540031,102.7231799948956,750.46358155675523,86.799790079401134,364.59500103410528,812.50086250676975,440.2057779224217,727.72384757116276,578.79865318752479,194.67581705111328,185.06548926095314,-31.355328521879866,-54.812525876638396,31.875964220584493,-34.251508583476379,49.13480477101966,-71.018316905095105,-78.753605434864397,59.903511449807013,-32.341056737754137,-64.930904920018861,52.174162765092717,5.7279775253926211,-43.775307249570844,18.818683676002038,-47.085342062983869,-6.3218371453859277,-10.994406397802742,70.646487876440389,-37.263373824310271,73.948626964752606,31.886374896028009,-43.517562888433595,46.446047579114008,-59.226541139600137,29.207760316627279,-70.150073020456162,-22.371899264162465,37.811650723950329,-21.971129441932948,-17.063966527166553,-7.8628277147157224,68.46914392261445,76.488449098478384,58.307111448825594,3.4798091000351397,-12.230568486953317,28.986866004769787,83.452457928524765,84.552616294105974,-62.264078024008612,-44.330838298241353,44.928023472725833,5.389874580191317,-6.4206594851248466,-24.678051724001552,-54.80811176941021,-7.6603042907074821,18.615373249879113,-11.282514454368471,17.238162713354768,21.915082584115744,57.827607793274012,35.309031615097339,-82.661818707649672,-0.72140459214721908,16.055116196648644,78.13183661474703,30.504857104948883,52.619039792710559,-72.309085924379701,-16.683089179567887,-14.83490854821374,-50.54257986659055,-26.921356975860082,-69.756834516235372,-65.514767169990023,-22.219167019665694,35.395824850284328,-68.628897328921468,-59.662412413132884,-12.029518511493734,-70.566641282246465,11.356962910332602,-84.79457084646225,0.40698853548485836,-9.5399004006771531,-37.725412933812628,-4.0108777120870602,84.564194778363486,53.009808236444805,31.535268502038246,27.231367583290009,72.706287335709149,-52.573015073981814,39.740674732183223,-36.665134903419684,-27.30309910514303,17.973633376423447,-32.388044244943892,-70.344846451383148,-4.8236055156204998,-68.38251845057647,78.811531388837821,49.565962587934159,84.995785204320768,-80.444527272721331,36.984617989392568,-8.7104013104310685,29.499371326900807,48.404200176794731
16300,-64000,2.0628181571754216,949.42672867393094,2.2674700774497154,303.06036365633503,366.2829083517064,737.50469007842969,107.299942846381,556.19909370506025,317.139762357233,373.04339547149254,605.14694315612053,136.3993816759199,673.36150238542882,26.767411081645434,284.85574331031262,74.726143656119305,604.76932675530384,714.87279763553568,66.345606087714671,389.22823516206233,853.86010684952976,98.029110159180107,910.2630942168671,214.4399999270417,262.44532079799848,847.51211079679354,139.06875605739341,407.25586502458412,903.59105855831513,708.34274503743768,701.4603533976948,640.04382624143841,269.86973142355015,882.35031696932947,353.92361786324966,813.66187842310819,553.11997512463904,962.05152323381799,470.34432878662915,426.57261508272228,515.12095839245171,890.480221351061,294.65638447632949,655.56846111194227,376.23746177226735,584.26213191569548,276.33765916519707,211.91252334541707,44.682059090921797,137.46645510248621,32.587457239562525,19.050121849604835,200.08183603172557,152.06086297597571,662.4235087928389,644.29733806606339,630.12393905682825,208.91342182922949,954.24209000708265,506.03267069577907,265.79637832475612,443.00200297402648,26.269191373541407,654.94893659141439,515.36059909647543,796.43216617479425,657.65609136377873,0.50265003343855597,516.23910917596891,107.26461304422548,146.55932961685943,758.13545368287919,609.34582244375815,483.59528804453799,575.07671892068163,501.92864663029098,45.789668691997647,819.43977002613849,172.78889625038266,633.38891392766288,583.01014561507805,849.58342008205659,293.58838600839078,266.78734126348138,198.46604476847676,738.74194092270295,660.65745973950823,387.7936135942137,749.50228551884913,456.6418428454856,822.24851253776012,132.11905439365151,724.897543615872,35.683545609734949,868.69700450628284,790.57131132781387,416.60887280958099,718.64342570145379,607.13319552104315,188.53460390910158,49.613281570598261,-31.358407784603955,-53.161339468542053,-24.857170967943233,-59.413261773013701,39.851003559277551,36.986187424187833,-74.267369899085324,50.907735477273953,26.879238295332666,-66.817152647672529,-48.546115404947514,6.6120003989587746,-43.319281480022532,16.93560187320584,-7.1441188659504284,-0.5602073365469441,-11.179656306216406,83.723032273445511,67.071277182434358,-4.7445359190464131,74.941062320971383,-42.55612986257227,-79.341484868994939,-27.601124574185029,30.192319408969013,-68.092960014835882,-27.082602003432363,43.699752443793628,33.480622529348437,-15.707779119223494,-2.605652548589382,-7.0077627880657953,72.4987317242594,58.800499347501876,4.9551985582386378,-14.60207166941103,29.159766468290393,81.170607166491422,84.784141175889928,-62.264295203038543,-78.176384127608287,44.911410818893067,4.9911681031594108,77.433444036543108,-25.598581056738645,-8.5703354907528411,-8.1629886094704673,79.403449760631247,-76.640898377174736,-23.759129251631254,-3.9297142105902552,60.952329496507865,36.079066616641875,-70.765946930978672,-1.5124056607793288,18.492471899984416,-40.644626666450755,62.890699079247852,53.087925201946703,54.74612994460594,59.97704856456636,-81.292839924301774,-52.981237532765128,-26.952990202529755,69.440256385738678,-66.281978950647826,-21.741294250885822,40.846079391953303,-68.682340395039731,-63.555999691255586,48.13194462867083,-72.334573617740006,-21.526578323477558,-80.743336198784974,-15.12892362837739,-9.5816983047111979,-36.814670226994885,-61.022238661764916,84.465698442959919,0.69195871473757231,31.513050196905951,77.708604606778351,7.1714076991649325,-70.674565562779236,36.353256217080322,-7.2839523561221071,-32.041655159832828,70.845136699106362,-32.539741132372029,-69.918050619650202,-4.2401414270055415,25.571441404812276,-13.219909071395969,48.808457080775383,-70.674774818924092,-78.23176627740655,36.995176300529231,-16.90831631436517,29.961352816566563,50.009786151328591
16300,-64000,2.0628181571754216,949.42672867393094,2.2674700774497154,303.06036365633503,366.2829083517064,737.50469007842969,107.299942846381,556.19909370506025,317.139762357233,373.04339547149254,605.14694315612053,136.3993816759199,673.36150238542882,26.767411081645434,284.85574331031262,74.726143656119305,604.76932675530384,714.87279763553568,66.345606087714671,389.22823516206233,853.86010684952976,98.029110159180107,910.2630942168671,214.4399999270417,262.44532079799848,847.51211079679354,139.06875605739341,407.25586502458412,903.59105855831513,708.34274503743768,701.4603533976948,640.04382624143841,269.86973142355015,882.35031696932947,353.92361786324966,813.66187842310819,553.11997512463904,962.05152323381799,470.34432878662915,426.57261508272228,515.12095839245171,890.480221351061,294.65638447632949,655.56846111194227,376.23746177226735,584.26213191569548,276.33765916519707,211.91252334541707,44.682059090921797,137.46645510248621,32.587457239562525,19.050121849604835,200.08183603172557,152.06086297597571,662.4235087928389,644.29733806606339,630.12393905682825,208.91342182922949,954.24209000708265,506.03267069577907,265.79637832475612,443.00200297402648,26.269191373541407,654.94893659141439,515.36059909647543,796.43216617479425,657.65609136377873,0.50265003343855597,516.23910917596891,107.26461304422548,146.55932961685943,758.13545368287919,609.34582244375815,483.59528804453799,575.07671892068163,501.92864663029098,45.789668691997647,819.43977002613849,172.78889625038266,633.38891392766288,583.01014561507805,849.58342008205659,293.58838600839078,266.78734126348138,198.46604476847676,738.74194092270295,660.65745973950823,387.7936135942137,749.50228551884913,456.6418428454856,822.24851253776012,132.11905439365151,724.897543615872,35.683545609734949,868.69700450628284,790.57131132781387,416.60887280958099,718.64342570145379,607.13319552104315,188.53460390910158,49.613281570598261,-31.358407784603955,-53.161339468542053,-24.857170967943233,-59.413261773013701,39.851003559277551,36.986187424187833,-74.267369899085324,50.907735477273953,26.879238295332666,-66.817152647672529,-48.546115404947514,6.6120003989587746,-43.319281480022532,16.93560187320584,-7.1441188659504284,-0.5602073365469441,-11.179656306216406,83.723032273445511,67.071277182434358,-4.7445359190464131,74.941062320971383,-42.55612986257227,-79.341484868994939,-27.601124574185029,30.192319408969013,-68.092960014835882,-27.082602003432363,43.699752443793628,33.480622529348437,-15.707779119223494,-2.605652548589382,-7.0077627880657953,72.4987317242594,58.800499347501876,4.9551985582386378,-14.60207166941103,29.159766468290393,81.170607166491422,84.784141175889928,-62.264295203038543,-78.176384127608287,44.911410818893067,-1.0785507719568548,77.433444036543108,-25.598581056738645,-8.5703354907528411,-8.1629886094704673,79.403449760631247,-76.640898377174736,-23.759129251631254,-3.9297142105902552,60.952329496507865,36.079066616641875,-70.765946930978672,-1.5124056607793288,18.492471899984416,-40.644626666450755,62.890699079247852,53.087925201946703,54.74612994460594,59.97704856456636,-81.292839924301774,-52.981237532765128,-26.952990202529755,69.440256385738678,-66.281978950647826,-21.741294250885822,40.846079391953303,-68.682340395039731,-63.555999691255586,48.13194462867083,-72.334573617740006,-21.526578323477558,-80.743336198784974,-15.12892362837739,-9.5816983047111979,-36.814670226994885,-61.022238661764916,84.465698442959919,0.69195871473757231,31.513050196905951,77.708604606778351,7.1714076991649325,-70.674565562779236,36.353256217080322,-7.2839523561221071,-32.041655159832828,70.845136699106362,-32.539741132372029,-69.918050619650202,-4.2401414270055415,25.571441404812276,-13.219909071395969,48.808457080775383,-70.674774818924092,-78.23176627740655,36.995176300529231,-16.90831631436517,28.411555591961879,50.009786151328591
1100,-42500,2.060933862807977,999.76838695249069,170.95311523953529,684.65500281229743,66.758522380372796,185.25613740846623,134.94856770596323,808.36263906158626,338.25538473388201,472.8775651275181,604.44089238829065,362.61307247200716,274.95286693122455,13.046069034675753,687.96646779057369,79.509455175266226,509.64144574136151,706.70077590597941,77.218322791840251,386.72687186369353,512.52649885887115,344.87544282938194,899.61768208519482,579.64295873776621,267.21103298042817,872.00135126235386,976.2993111646457,105.98076932550981,852.47395616996312,833.16441796388062,1000,633.83225388853691,217.10538074796955,123.85159201703254,326.42267251482195,559.34156663690305,991.92959901927054,893.65271770757647,419.30385343992475,460.2949867768707,543.43055921713574,491.78531137787473,673.77188793955293,379.0706335384329,366.928485601619,598.34646748764396,262.53173599111375,209.76771106056651,130.35193714685386,174.7321088508476,570.7718746625502,42.555744891679673,257.07682795290657,196.03071752069897,627.75489350953376,389.01099333627246,348.98912023649302,498.73496062286904,422.7137859638184,907.53469099729898,273.56827839416815,703.5751622903615,942.34813461302042,26.081742116714157,654.54560575607525,48.259738918235982,826.03564388538598,902.22012058627774,517.31736398053852,774.42845230786418,138.38509412940735,735.69174600061581,970.84698819052198,471.83848662510843,834.07884252716769,553.07898108242296,260.36618360203721,821.79822581362248,283.21449185630865,756.85286239861364,73.886047755797648,801.16920194326929,35.013882745914778,289.83721662804902,188.92152141675203,750.9902375966733,677.15352278718501,384.84304601390926,776.81947025296688,480.30923779101806,825.22378364584279,461.72959181875478,741.58219510598462,23.121042435407134,356.80836161185732,675.94184871646848,477.42140729160639,712.84843196246743,579.13803113105701,192.88566315364108,54.93912576214526,-20.517752745677491,-22.360009771938003,-34.029398424683073,-34.043813242879864,50.189262108631304,-64.768779197400363,23.760419998165418,54.88989403114023,28.132822006134145,-77.344799324789577,-61.556496424393899,62.731140513144261,-42.346932360654854,21.646807908578491,-2.4869990864450635,-60.926776251367066,35.800549059122886,64.857441737164876,71.437682616188624,-71.355329626739533,26.801366604944935,10.057339038888426,-84.920250225101213,-26.632904079260925,28.54523473476344,-80.421114917266905,-26.081702048410627,-28.357314179127915,34.863277437663207,-17.17869196683856,-0.17881358070522496,59.148904792697387,74.981437119732817,-30.928168653368456,-18.638179937866411,-20.688867559323285,29.049160633343845,82.822863984620327,80.592394835708717,-61.720228353245481,-79.779883100653407,-0.6684495210173651,9.1407111284569318,83.37440749817624,-24.838096030603566,-8.1915222876558822,50.629800902527755,25.099630959064832,-12.908367876073607,14.80626235801857,-6.5841278793796834,57.784409856239634,34.889377328480144,-71.193003326942431,12.093278347763489,20.88823820843557,-17.127579969146758,-18.017303970987317,52.199043720466456,-82.082566418663006,-17.42388146204711,-38.437351239304618,-49.126453666194699,38.554800182331434,45.466364824649865,-15.612856699112342,42.066733548002631,38.526179418918964,-68.575442110951002,2.3785929206322933,60.956152299606622,-38.778040443029454,72.005948126291742,-82.225266329149221,5.1522496755880152,-15.74478365314773,-35.641851003043293,-1.9353445408586447,80.330489861396799,32.408842273076779,31.485744786784565,24.699842725981696,-2.7508705027471558,45.708914756189174,37.402261360226383,-37.507437182872557,-26.826988537281885,65.846481924212696,-28.59356050489076,-70.214270472207048,-7.0863928338272864,-65.232544731609352,29.096332191743599,51.23148012611189,83.068192139921621,-81.705739601926737,37.134609831985152,36.913312752801119,-29.933574488452805,46.453187242637654
59300,-68900,2.0224133433564195,185.93687894585645,3.8136004142866824,214.83265857642436,80.449069608639121,295.49001643507165,133.4157910327082,820.06570122791413,318.53353036803765,376.3303760237992,603.06935403433761,133.60592306861287,124.67680570427981,56.876486691972815,263.85310814959587,81.361244858076475,604.76744996480647,731.68573252519229,451.681945937563,421.95964334325015,834.3480954633385,321.37835534805532,939.41420088100517,556.83577308354552,266.93398436552349,845.41844845883384,1000,447.57658700643748,356.01146214095729,226.66824386180255,170.95485128166064,248.17284011377987,265.18716174444194,881.49995446965499,877.78265981756613,582.97380589447653,537.35058649642372,594.56592469352461,937.71982304092876,643.69548800329358,501.27722560718576,907.15085049093875,295.14049390276818,654.3030390359977,374.1948167377916,597.11114052723303,275.61772147221046,406.20935116544979,74.890828477614676,169.84744952270981,59.001856147764848,743.94058146703276,800.2504578528567,189.40725584827467,665.33070889637463,894.33971212459664,663.83246287983854,197.36452546819368,256.85342904407185,516.74342205764651,647.68575101058104,419.27128246889612,861.68557982292759,676.90745572338722,261.95728361440854,801.58958812404171,910.28622468247943,21.326887970361653,513.7323193037588,639.97036590057473,186.45656215221786,707.75109767305935,537.44233014008853,524.66532121540877,543.79386668521488,172.91360766054305,275.78172863121523,821.29817316238677,171.29951563598354,764.70173403258741,609.24542194523474,798.96627426671625,305.83978937547982,44.313714642808691,650.62067224452494,771.03591795419857,660.86284156300997,416.82713297985595,731.86757099154352,461.09727279373374,366.60938896656614,78.829382742191768,750.4695855236871,89.814847149376931,359.71644455645463,792.16553156711439,473.26737433114863,727.69130381673324,562.68026999985557,194.72775895499382,184.61917441400075,-31.336764158990821,-55.072146474751598,32.854317742652938,-34.724125532251662,49.16005066889381,-68.249052603648877,-7.1783454652899295,60.674450216804168,-29.544958713163542,-64.867852561522795,-82.372958028088547,5.6889488414424356,-43.775927263304695,18.000430655459681,-71.381286125103486,-6.3307032627158648,-10.083944424850493,67.469955579125681,-31.084673044819695,75.786448045999833,-51.597025830304943,-35.370848195044402,46.396451408254066,-58.988682310812763,32.211669557948092,-70.0956505873407,-22.530291141771531,-46.299132856557705,37.949332745618037,-17.070399755156583,-8.8893127141342774,61.702825372256335,76.560055506440861,54.881807697432919,4.6318848714789222,-20.770217696530825,28.187093930113885,30.600153004953622,84.53080894687416,-59.2967825802466,-44.366992554765638,44.908043576027787,6.0920634367283348,-6.4333761889387402,-24.687235445406149,-54.864068111946736,-7.6790740881674342,22.426469894122082,-15.761873008303363,16.205663846559297,-6.765792119530821,61.888304669777966,35.3091580201855,-82.30729395715359,-1.0868415537692089,16.012705845189021,78.104735468432594,58.710646521960207,52.625667683873999,-48.07031697325742,63.954858584075502,-15.174513550772108,13.489108709257916,-28.516595222395431,-69.797669561865817,-65.077741627254525,-25.295332942635042,36.909518310021291,-68.623816509962055,-65.024562588925676,-10.80430621243848,-70.526718563228215,10.552351704318168,-84.801232084541027,-16.119700716320228,-9.5921422104276708,-36.297742180360714,-7.2199681648165912,82.313264972808227,52.750776625905445,29.931964521406222,26.918493295836775,-29.578932708322768,-52.411586993504315,39.709817296207994,-35.380588434458808,-27.304570676244566,71.120179011972411,-32.389367490581783,-70.154511596481782,-4.8197061720431149,-68.528398856417425,77.741090644266905,49.704461975335398,83.198145253834724,-80.508485806316571,36.986865864039643,-14.643344329058394,29.309484354146207,48.397914988797503
45500,-64900,2.0591851237471768,322.45897881136193,210.09976272476069,292.69918537727693,63.173991168820535,259.28861568306763,107.64494971969472,551.00515319447777,142.128758405296,370.25774096897703,600.55498754262487,106.42619426614202,382.72796707120864,331.26750260553797,601.58245856505005,84.688417103739241,542.17354420800802,516.89743075033687,498.9559530182633,387.01904778566757,80.971248644139962,734.88614737250282,900.36735505570857,575.57339084098749,261.6628739254524,863.96159045955528,156.69239802425432,407.28983969531373,857.58781755107884,841.72114299273449,158.77483818301508,629.63513504700381,835.19990723804824,998.78912793489292,897.61999571626836,813.30267843365687,509.92854578294856,399.95528591728288,485.91752324508104,458.42316735528749,513.21992901898193,879.1138166614702,252.05205977552535,371.39833258715612,241.9174892260009,597.75200284198672,386.23412474921804,175.68632061436477,110.54426125169383,154.94946495339258,573.11907466372293,24.384801711186167,241.67249684551712,153.78343512616806,657.58528515622777,875.29193112854466,359.77372089093228,172.0393627560118,921.95235035711369,507.27245214236353,245.16176494408583,436.72131229857553,74.394356108292627,676.0961159913777,380.80036263147457,808.55292983369475,651.79178652779046,503.6934087811772,532.26059750427999,647.14509385825124,162.54626712648968,749.1403174953283,917.16856676765724,527.89486843974544,833.61399208754528,523.98659537191259,275.08001682040828,843.42278638440746,160.8908590309392,776.33936513952449,554.80636066698389,795.9498938249269,323.69598842989234,282.41924451310325,193.77628974349594,843.27299819634879,634.21419222318355,378.79636994928939,138.68479164497199,337.11037203158179,438.23214039260063,454.59296754402584,738.12812623307025,17.764904458685546,804.18682913101645,667.58778818998076,442.51474351658993,717.33829741385682,579.60737941464481,339.28568852552456,53.927417326810307,-31.087744915467294,-39.155381976726197,-32.593444368685589,-34.276781539512143,50.188892426376434,-70.98048229040657,-75.088084397696974,-7.5766508926309442,25.330231469598957,15.267682737119799,-75.275356795424813,9.1331106042682499,-43.723183015225871,25.347844951766767,-51.090654797734487,-6.0818974127723537,-11.050722312476603,65.386499153273505,71.190967405848681,1.3717855048418119,78.990668980896842,15.815555343299753,-84.768153283785011,-26.754292036423948,31.103513283879654,2.9164884978454992,-22.744149659922947,-32.754395696220271,-53.17702370185571,-17.176615787314372,53.673589796149514,-5.2978627597883952,77.013917666243813,53.205900679624811,4.6706670355656392,-20.359608597934518,22.161281505762798,82.078133131647391,73.146294164708095,-61.696319303085076,-50.947125304014932,45.03685471264501,5.1267125108593126,-6.406234279355977,-25.725476158533525,-74.805240382108138,-8.4343764621905937,-54.295303896499185,-8.8991427918389618,17.06142672348669,-6.2188561306237915,57.780266034712575,35.928224383039719,-70.492578988702519,0.5908666210795479,15.868472577725452,-35.49037269477725,29.301860670853443,51.927623229763476,-80.727040373441753,-15.368373066773241,-33.741064221813531,-54.438941675197519,85,-78.800157327459104,-32.521122458107463,-23.882892308047332,-12.27264484406961,-68.861584925785849,-63.216631966372944,55.159046476032941,-70.098025016406126,-20.880445526148581,-84.098262603756936,-1.0252355157697437,-8.7611947383653277,-32.975476829314516,-3.7414662764342914,84.268817313966309,29.428853153303365,31.510166533207993,82.260629884964729,-31.894611652315096,-51.732993986916867,39.708698735147578,-35.467861119855414,-19.203241989532113,22.572200540774581,-24.626031029890594,-72.558218458940345,-4.2905169033488733,-62.014283071704341,-9.8282113840590508,48.848021473827707,79.661826617431387,-80.498612099647687,37.267173229620944,-45.857526039135166,31.05563127827838,45.499738504609887
64400,-69400,2.0216110363822675,96.275982193548401,0.81913859471086048,351.22245134344075,66.003708037278599,141.7838708937432,133.68841955614951,818.52696973729837,332.37958146475006,475.26670159941318,602.96622718694834,109.22617059676736,124.86922506328136,14.026984920351556,66.432488437836881,88.887261841819821,606.19144720733152,570.08237637820343,452.61887358201818,385.77040459499591,529.59033554071789,531.5094475599434,410.99410183785403,577.09067814491698,266.86492501465506,845.33514863030041,687.43325501198456,460.36162938993448,63.288160906472541,846.155651399411,950.96732474012765,647.48736571672043,255.94692413251062,983.32292043269661,885.61980966119336,813.38035218740663,521.37741201144934,578.04126735307341,950.47015394808341,147.67841766536594,528.96216638699605,906.3415088684535,268.90073865004382,361.45672236446535,411.99743140900216,593.9336573201798,275.73806976730646,425.9620341548121,70.143995420711661,155.14284799987229,592.66054956407538,699.16357529054312,837.02575630802107,194.65098357894121,659.17464586759024,645.295993129522,346.55228731442611,222.57236209362497,930.787739420962,485.84124415597182,278.65524891955988,415.77866528653249,873.27579781356337,641.55867972662156,279.99792888020954,822.882771091731,899.74595213404507,545.41834471662764,513.77833331031286,639.9107888072582,138.84102532366254,727.09160076970682,935.46049294667318,534.14171175733316,535.67631346276949,557.91710692800461,288.41151192409882,818.58082325366331,708.88066042970945,762.12190449330035,606.34590549398229,799.08337415635401,21.577127197117875,84.836002060706917,146.29463990076673,763.55907834590823,626.90247961254818,416.1584410510734,178.53498137490584,478.45658410329651,831.83795520636238,102.83807691804058,723.92929357263858,1.4862831627732902,367.94687909556183,819.42409317121792,452.06091199531204,727.37532900338783,578.42882822857007,192.34148166521402,173.88402352163433,-30.715264169674811,-55.425468615916287,30.632577953202901,-70.142589586717804,49.3795399431161,-71.05340404937364,-78.755642635371998,58.088650314641342,-30.88233862081767,-64.855631080582199,57.991862056210039,5.771910816314584,-43.773770100388816,18.732140487937652,-47.11578549847998,-0.89942256317557145,-10.981082817958121,70.140214509410228,-33.877324993988445,80.238282707206679,29.949116149627848,-43.51815126107055,43.343932163614419,-27.556258749920204,35.398163901064329,-74.154817773281721,-22.300719446292838,-34.674156222113837,-21.875677461191444,-17.149635884462683,-9.0089413430115091,69.26653663536527,76.483035664228794,51.129342699259801,-16.6436127193613,-12.832163535585771,29.179360486552071,83.631818518563577,85,-61.783573994104046,-73.596705396909499,44.149946736562384,5.1780390595333561,-6.3580865359310978,-24.756681843927417,-8.0858384798120753,52.003122846467633,27.104906562309612,-12.179455026208558,15.892949520916035,21.838942823909459,57.927141838463946,35.304660571491851,30.965006569604547,-0.71484210583395469,16.054020837638294,78.156459818938174,30.69552201756904,52.616202625610391,-78.459317100208082,41.016172259597226,49.38946748831782,-50.600478188393545,-29.604224836491355,-69.667472664481622,-70.092639573764473,35.425519209614457,-9.7759217544720087,-68.580203776030075,-62.893253527135101,-10.901220955559136,-70.430065914800991,11.179938957212634,-84.800132841425153,0.413227128170639,-9.5773144663659213,-37.746251315471305,-4.8176731103832875,81.264375812650741,56.411169536531254,28.374813126442817,83.45795379720937,-8.4356130012090986,44.666547953267269,39.733980313020474,-8.1426771287407167,-26.820073252302624,66.972527928415786,-26.295988794484153,-74.394500864767835,-4.9296024163142302,29.572550681299475,29.002107977214457,49.565857291264187,77.523223838421245,-80.438113967028642,36.982501066432036,35.029452860501536,29.370201241402743,48.670648267855498
67600,-69800,2.0035234733187122,43.003942692019017,3.6709830247285762,197.06431093620949,80.102631966890797,136.83384923195024,134.67308590539116,789.88106997241323,313.68585074056301,370.86129824150021,602.94328382726144,379.35764894382947,654.76456544633857,57.049943307070677,73.053455136933863,80.032675633526537,536.23951093834717,732.9785203523486,71.846853690095372,422.4773743540033,795.79352412029698,320.36803177058573,904.23413968149862,551.92894671593797,266.95160182406079,845.45969525006331,75.209149614730165,431.9545105542112,365.12661353028295,646.17421816130991,175.19010259046814,628.93104068039929,806.27510770658103,876.10078921389652,328.48324767322629,814.01845579040389,977.25084688379627,901.69619570297414,340.21747913878153,649.84715496131423,522.27526677419758,906.29364215414716,296.44922702440482,649.30170916933071,377.73976254694219,596.97639269570357,275.3714464547536,192.5815595673742,340.7148369474487,177.19419519700739,574.08952483635812,743.62045275867513,799.1694793099125,153.15991703434591,627.39467854667282,876.21298897837755,359.30611988865172,197.94345878827357,257.32623658671037,890.74482977810192,275.47640989541867,137.26682536377896,17.828096638644411,675.62945602843718,389.3713743016616,801.82962467375296,903.88327172005927,18.953506754506634,489.27083187839764,635.65738073709679,194.22972416588297,751.17759063373171,928.33670274682709,530.48815063486916,842.08035898364005,479.14996282367298,268.67360482776246,818.50632537559977,124.95447597096228,764.73443345326916,576.41115359665889,799.47529604204988,318.31301837217904,39.559420095285319,646.88861834082684,714.15025781613451,680.89461038755144,388.64027912853805,776.72044173443282,462.62574880562858,846.23359314383481,134.89070493342845,750.04716651729757,87.247961071984676,364.61946457941337,661.16285423816498,136.94309920462425,712.40504641204279,588.84565872234782,194.61095078682649,185.14066773032476,-31.341584443999977,-39.124221603690046,-25.805926267219977,-34.378019065829136,41.749320783157614,-55.897099041218851,-80.606507641482608,-12.566861157762034,27.5731689357699,-80.023222118633853,52.177239780929284,8.1351259196096475,-43.827056920561617,21.864142623862069,-47.843413066206011,-6.1876846522884588,-10.616935642497193,65.261231800685621,-37.250382316269885,31.898312410122085,74.663107348898166,-43.50380538679719,-80.369848755549469,-59.156902473734519,29.180972190928649,12.943566663264221,-27.171211246053161,39.785265839515063,35.961156595708829,-17.064157938042001,-7.8974571068880355,64.19293112439243,71.972188668280239,58.647777169939111,3.5086597647349205,-12.22829785185877,28.993392078852622,84.813364888047644,-32.673486317099901,-62.250460366054639,-44.471569750442399,44.94444854268751,9.5383047185130021,-5.7749831665817899,-46.788717161502056,-54.10157151893533,-7.6367015960679119,18.562226404212023,-74.428056184594851,17.267368815960541,23.591988516367127,60.832118115403482,34.893760237009801,-84.247947532345904,-1.2837925974931295,15.953843806880638,80.834108315257765,26.403958618145261,52.436697453431286,-72.624254953895175,-17.926328075033201,-16.059029012554721,-52.90013329691859,83.007165346516246,-65.113271782661982,-65.28838775327975,-20.643210267141008,33.32478362433168,-68.626630225516365,-59.554884870463454,47.273836771719232,-70.56857471117587,-18.716775821548712,-83.632601164985374,-0.012615287138274062,-9.5396761605979297,-37.036020621879878,-4.0037936673318804,84.560051205076718,-2.6282830846137344,31.726507563649648,26.672569221801055,73.629363799347999,-51.749371645544755,38.677697425618042,-37.60568537405284,-27.324976259798088,19.740222827168989,-32.513882230234607,-70.359207990639689,-6.7450997472707535,-69.784948848559807,78.858137367470988,49.560947037066235,-46.478041554880711,-81.029703112414552,37.167801910383787,-8.1028912681242282,29.499008609021597,55.946156161996328
8000,-61800,2.0571044461615702,1000,166.38165266338768,677.89146373223218,66.639635329522562,799.46627911627832,156.22936715608876,812.12762957392226,136.10963855742941,366.87832035157675,604.35608392956749,373.62676218911065,273.89636099643309,324.07557410935544,290.99505672109689,80.79246579451106,1000,705.96343611762597,63.725352407093624,386.61922201605802,796.48931317258223,547.447549482255,911.37353262927991,545.68360226386767,261.90375326212029,845.09848061454784,86.172140575667171,100.16940021845565,855.40172234097508,804.9417783711483,77.337452541229894,220.3697685668775,216.79066650540329,943.52032323106437,797.67073394575971,833.68386660401575,989.00756999339535,907.06106064846415,423.30767489823268,442.03820174654112,551.21483618472075,907.86912213221763,669.8339573778494,376.34493199582539,367.15588975257981,598.34739531810578,272.09847356478423,209.72716081524297,111.17164036766287,174.85230924938483,571.66535099459259,1.9871611478585507,199.64077832496787,188.26680279655926,625.87255557327796,848.44615766293578,364.48764481244933,492.4223230088902,400.46824980815882,906.19278320702915,649.82265311223387,705.30668776927291,2.7428602616701028,29.018308955194925,640.97909525213686,12.807657546325004,899.15534534162441,902.39085598799238,489.06399383522216,644.23345396723937,138.10257107488735,718.64337867138227,909.38959939051517,17.487194577384031,834.04189654326956,552.69580184149629,260.28513693915312,821.77826036704494,175.29064745486846,754.58948902024542,74.079919156746243,798.04319405374235,38.498192684500097,289.80722950213243,191.19519931694501,778.45963805417114,629.08489883771347,384.92325201663812,749.80623987427589,488.30015479280502,821.14303547520637,464.90812765460475,722.47859613063599,13.266354444915262,869.36583299351469,804.75385950195152,415.2873198578252,711.88618113071971,610.03115740880685,188.87369306360267,52.698799221762002,-31.240612334002179,-39.158236038656391,-33.734764928509954,-58.394118535217508,50.281654248532789,-67.139748362063273,-73.997890077429773,-9.4926369905474104,29.480199338697105,-66.024602983821794,-59.84694578235468,67.405545891499258,-43.748538367992793,21.589077431792006,-49.576663680692938,-0.86116902083412583,-12.65598776405443,67.68379342242504,71.439963921142748,-71.841129675985258,28.200895133473811,-44.637912348495988,-78.223446514340694,-57.124680915894146,57.234834752996676,-81.459144818493911,-26.13264275463187,43.824998755941813,-53.246144833127062,-17.195580617830768,-2.5214302865502942,64.42836455439641,75.062617260866745,-31.471277010819925,7.2638556313044589,-15.840512195471742,21.112371222464791,82.853217150098487,84.994193996361645,-27.865860595342188,-79.793084339736893,-1.1802922640199114,4.9345801023179856,-0.54724000297758124,-24.819983392451746,-13.140919945488321,0.02264160993372144,22.300434776856857,-76.462041356049667,18.640073847832006,-6.5202740367588721,60.817759559504928,34.861897510509358,-80.294218762689567,12.139383595307578,20.909534866936738,-27.206098732179683,57.634731909725986,52.462562306297222,-40.228628299659334,-18.211834196270459,-39.512004013764155,-45.8300526561233,4.1150045520068943,-54.498357159930805,-32.900873699366393,-25.855850674423191,40.926688215200038,-68.61819050282071,-60.778010555268978,62.911793316771046,-37.349124023241416,11.467958319627765,-84.1130344529805,-1.4616993973864982,-15.965818564793022,-34.243160999369181,-2.4555589731459175,80.324737269159684,31.93189813580619,31.550039194606132,49.637758564926692,-1.8889646012698702,45.408504157294637,40.883891705366871,-36.341704629795494,-27.30282752382583,67.052775924209826,-32.241467200056938,-70.024566007606694,-7.0910608037127307,-62.253367038160562,30.27903023886395,53.470448153841453,82.716572887661172,-80.954232286032891,37.352869539083684,84.231939684827879,30.617573395749289,49.865981393498984
49600,-67600,2.0215365916413415,356.55557280089806,0.7530378123335626,339.17155418902473,65.54172797511302,833.61007024018818,134.79492699614477,812.74009716006071,333.2347426783715,375.65266639014044,602.98186912830374,115.33199590632435,655.44537903067555,330.61072307011216,74.360225844450966,79.975418122254823,604.82615454207689,532.53895216647311,72.264980187892931,386.04031982855287,80.131155714762514,326.20888360359595,905.51321407050227,577.93578342326259,261.47580331316141,844.23048731444078,184.0664562428436,460.18178031428045,24.611322434085082,854.12814748238748,955.29996638896262,627.752904581091,829.30160225806367,1000,354.844618767415,813.4446391763737,544.53105022486045,882.16043206837321,352.97361741236904,477.18058928230812,528.88293756870291,904.70048264204695,269.93810545576895,375.00987553175582,408.11094113293677,593.92902937628378,274.88175104148621,196.59143682453353,308.85926777375124,178.84178085906592,575.13474603855241,11.354005973446931,836.14842406080493,151.24629171368733,658.19512634861292,873.87036138772532,346.45922403341694,222.12614954684295,932.8620547735635,860.32182966651715,250.33436799045944,408.70901090843768,899.2921503939632,647.03641637933106,389.7918491293762,824.06557113347276,899.86961575018859,490.29493301332786,533.6748758424161,635.30929511417935,132.25203906047315,751.0356106966459,928.48205023949015,534.2305745006621,832.96852041600391,561.61833403758567,275.57982508157721,842.27367503497908,662.98230016858111,761.95301704778058,605.84745091036302,853.35351172991068,17.456272852447398,19.98115845095117,149.53874506934926,712.90570980497148,631.22505297220937,409.20420268926387,134.95232195771769,454.89616226249046,383.11095481683873,131.48548519564929,723.72386500582309,16.379969356085724,800.31650674442039,667.5968632494878,411.35077414120644,664.46194338287842,588.8682986898109,188.21283674906397,174.23358169894053,-31.120755680837583,-39.74303037006834,-26.953451429622216,-70.407366575319031,41.969431132961297,-70.572547674961783,-80.926845209699167,-14.709937596080723,25.57329726436646,-80.009204438578749,56.769061791855982,9.3233318393295761,-43.731814480287341,24.755637378433445,-47.858043289376617,-6.222758549938245,-11.004147000599215,64.819366312890892,0.73595621376835396,37.854057132752985,72.803274470884972,-42.199351462678024,-83.270800670429651,-54.313092861660728,35.338578884535778,4.2062711075467085,-27.375382399465103,-33.612910542904942,-51.413372458592747,-17.061077591106137,1.1919946211501697,64.859965234187072,76.68314076195918,51.485678956566844,3.5651219700794119,-13.606613536896255,28.929412997855962,85,-26.306761090207708,-61.770310940935687,-74.424233105569087,44.179935102926713,9.2620908127669992,-6.7333211452090582,-46.81138021924388,-67.869270730225495,50.06806539651437,22.38390720044401,-75.328401624544696,-22.608072691510721,23.500793528286124,60.972525622697944,36.066809787131731,22.721876305916524,0.061403394801125111,15.949446281472508,84.203165462655889,27.960818688610448,51.937688172507144,-78.753478338773462,40.130973609850713,47.939431465788331,-49.722935696320178,85,-65.16409437697348,-63.639397334005977,37.358204439862114,-11.351668340317717,-68.577389104110836,-62.781665133541168,48.138660901386466,-69.655998829519376,-23.371689244540633,-84.1150604733986,-18.079070296078498,-9.5479385292414261,-53.664361885165818,-5.0131499605523047,81.2632453248996,3.8138911978921186,28.623390109392496,75.975163898106601,3.495455110799691,-72.530039570411731,38.668207917556558,-10.035985292579065,-26.940756804167044,19.215945839234021,-27.546661618779723,-72.465062742120438,-6.9290043508402501,-58.04357687603212,28.273458803999382,48.86680581564891,-48.274915017570798,-81.021920292266785,36.790950275586908,36.289948032740256,29.426942500530025,45.655885615044788
