f0,f1,g0,g1,g2,g3,g4,g5,g6,g7,g8,g9,g10,g11,g12,g13,g14,g15,g16,g17,g18,g19,g20,g21,g22,g23,g24,g25,g26,g27,g28,g29,g30,g31,g32,g33,g34,g35,g36,g37,g38,g39,g40,g41,g42,g43,g44,g45,g46,g47,g48,g49,g50,g51,g52,g53,g54,g55,g56,g57,g58,g59,g60,g61,g62,g63,g64,g65,g66,g67,g68,g69,g70,g71,g72,g73,g74,g75,g76,g77,g78,g79,g80,g81,g82,g83,g84,g85,g86,g87,g88,g89,g90,g91,g92,g93,g94,g95,g96,g97,g98,g99,g100,g101,g102,g103,g104,g105,g106,g107,g108,g109,g110,g111,g112,g113,g114,g115,g116,g117,g118,g119,g120,g121,g122,g123,g124,g125,g126,g127,g128,g129,g130,g131,g132,g133,g134,g135,g136,g137,g138,g139,g140,g141,g142,g143,g144,g145,g146,g147,g148,g149,g150,g151,g152,g153,g154,g155,g156,g157,g158,g159,g160,g161,g162,g163,g164,g165,g166,g167,g168,g169,g170,g171,g172,g173,g174,g175,g176,g177,g178,g179,g180,g181,g182,g183,g184,g185,g186,g187,g188,g189,g190,g191,g192,g193,g194,g195,g196,g197,g198,g199,g200
68500,-70000,2.0525121716384116,21.719318221504636,3.0108662985477537,346.94823086629611,58.671642363255287,135.98138757614694,106.57304785918166,823.63950444839099,104.33530133679275,391.8191831956845,616.61081141060845,97.25286389219778,329.06393603080812,332.65247879702338,276.39747970521057,333.0534913471119,996.84269952239083,716.16036861211262,64.769980297178563,389.72187309314859,810.35011548180137,322.55356171778601,808.73847717852163,546.6620589720568,261.73317848894544,844.24831120504803,87.676663412964245,463.23177391434564,912.76566673270077,675.11602811682292,36.371220027684558,447.47550780131786,206.18615327937172,985.62444431892266,302.49643832139191,819.32056262423566,220.2213092141651,389.76059268109253,423.85994189297048,407.64117932462341,547.56448275870525,876.86178853077274,221.89547744318872,650.38289310652567,397.85389258962448,593.79068846420114,275.95207419445006,94.466563446019421,314.70864898990834,165.04783139435284,608.72328999150398,43.520484426838074,957.74554330838396,200.51956344578363,665.91679947016564,663.33807098779414,370.24765046832766,440.60431417906415,818.84352263041023,449.85549160839514,629.61746052322542,399.67709865013103,754.29550687060987,811.30596791255482,280.40912078809276,862.40815900245491,898.50196915343076,899.19602899215647,533.88277620045938,643.69593362646208,195.19895598684039,754.73047630258941,532.5357325077,462.70701861754992,342.05689382630248,553.1281306829494,277.56076051616168,817.69006065695066,153.72965133828245,748.00252049204403,549.12074759934922,799.58411888566934,44.010540887614241,315.2412979952025,148.46303912777319,755.39214340117064,681.69502855324049,381.1069487193123,726.31899767641551,459.34379633707346,353.97704371484303,459.26736413573201,726.0351723815121,1.5949969878730048,756.90598550062964,813.16514308882495,437.52157942132305,811.90134836570144,563.17134582116648,193.37869344871598,54.969971579779767,-31.145579187054171,-39.559406709668082,26.250147931038033,-35.488823170491834,49.826005205305769,8.9186157839884217,-73.74596235727762,43.446154843118315,27.798902118205135,16.287984576271992,-77.817830060579865,68.444199582668134,-43.827378363623957,21.719312551923334,-49.473204220883559,-6.4815545705842634,-10.564511445325767,65.152332244508941,-34.176380296301815,1.9009411470519382,70.074099828020223,-43.111298433851864,-81.311621392989522,-29.041199654450025,58.489668223745767,6.3277022265507625,-27.098285830326571,-34.15546017999317,36.87937078176985,-17.068952927689331,-8.3593835910980818,60.465325847342676,74.944155561045463,4.007006531283726,2.0598990459886757,-13.662726826526077,23.903424444217997,79.537203680642747,-33.387213985897382,-61.482374766180733,-74.841314917735104,44.157164990756094,4.8624677930022511,-10.157897348348689,-25.794209386378409,-11.69667565708461,55.760769285172081,16.10924629396505,-8.7898624735097179,14.595440340772575,-3.2029445501423375,47.881953595483687,34.981214993521384,-77.157452104163596,9.5556478005786278,15.810205717240517,80.537889758191938,26.628205971307075,52.304001281977627,-79.967679470626209,-13.999160731621568,-14.151686679729153,-49.935425613121353,85,-65.534973048631329,-71.518872663415635,82.879614940808693,34.338547312895628,-68.575829970079766,-3.662358545672177,53.887960354405024,-82.349892728959475,10.260714625716213,-84.164433809248081,-0.22856868704291344,-8.5325606631829221,-53.246033823218859,-3.9700810124091799,83.90056041940899,0.10992671007805166,31.6224834669936,82.003590111504309,2.8842941609362307,39.989425591592315,41.090335528139491,-36.67851359376585,-27.262971779484882,30.192210830206996,-50.356726038766915,-74.58311684147067,-7.1829073303893063,-57.703336328450426,28.925533206988469,48.914559161677111,81.231663187979322,-80.501298419413018,36.801583359471117,79.130435385766972,29.619218366100153,-83.997028599194891
100,-20900,2.0173420775389341,999.76895996213591,173.79847086969312,679.51570015031564,73.124618592114032,219.43863455557707,134.82261220317193,561.87637349784222,344.16844474298279,373.41131024392416,616.83522703343397,113.95165608403823,123.76101619105583,268.34406496210931,695.10394127081008,108.87108738969684,527.78462994140773,707.97041940916483,70.929964728531672,386.05061283377489,522.33115203808302,511.70338159754363,869.2921119721093,603.48556919027692,267.50374345212919,871.43377649717831,901.56342220402189,115.62995795168828,853.49461419212787,818.97015686142947,975.61829309364771,247.96873245939844,33.227565688166749,948.76615378914016,320.77558436045308,813.07582194980955,1000,592.93098074202703,422.36492836762699,416.13925433421906,536.84350637684304,540.00965606823115,681.09517456431911,645.22208832758349,368.66624503499429,598.20374668062937,261.17174418596193,209.75936176709709,290.68614737775704,174.31640821049038,57.022804971581422,28.422681350799646,248.07598275355261,196.18563791968722,630.02880942407671,644.6201537678229,348.96893084629846,209.77878839749528,50.631123370721895,539.02939358225035,274.5707742594343,159.25206147080308,948.3787546270828,43.146402090470232,482.62487985334519,55.838573639319108,579.18438751454198,914.28903902606373,517.37898142899314,804.07636344569744,138.27422421697233,735.35403478649619,631.84960735868879,459.77339016802523,814.0961240106684,145.99046859214698,260.35286749745256,803.64666145330455,287.16533645447072,774.94718735795357,90.738683631438391,836.50188776309608,302.19414378743369,789.37785708393494,185.6330142144032,708.61011012447921,677.47026339616048,375.19754451154677,832.94993563544313,480.31320471458093,825.43434085402555,155.12234876277199,737.15224630966406,12.046609953250645,787.8188134631672,664.90242797366864,150.40569556650107,719.05592648375045,577.14727057496236,228.81824038627701,33.937492708522242,-9.886815271463588,-23.810445383175029,-37.662070241040709,-71.96825497089371,42.094875824797256,-65.325704501654542,-78.346277334911491,-12.237567922481269,28.098268801003496,-77.351347760585313,51.262895567564414,59.692118129824721,-42.450151983768592,18.267901611690373,-49.994452551553579,-60.338500342320579,-7.3603541782002857,64.503440713476962,76.337163359997191,-73.45656096137175,26.508629412233017,9.0041733518106941,-84.941639039977076,-53.222896127094238,34.011659888378219,-67.534488024972617,-24.302978172125624,-32.093537367938808,38.063447724332143,-17.175316462884371,0.02059806608412651,-14.752732344402137,74.839714013549198,53.783726216437458,7.7920318280946788,16.786968180320212,29.211092833175279,81.128955507237762,85,-61.743529161516989,-55.041215488589039,-0.88244449923468515,10.357135655754659,83.311712526571114,-28.145334466294909,-57.787762397484727,-17.450255613887684,25.628588515829264,-13.826764658848647,16.903763746303255,-6.5216997748485745,57.788171860468175,-9.480999343420887,23.842609713708761,-4.2011904758357002,20.814297079095873,-12.462676532236358,-19.136369712014549,52.4323491653576,-80.583351526987386,55.545796688220527,44.652926968642902,-49.310188098831205,34.441175992830608,-83.376519598027969,-72.100028582120842,41.320420435288433,-3.5568990924088961,-68.58024093238248,0.9618613354966451,46.729710197992077,-34.748425691789279,69.416667176265022,-81.976011701352462,4.8380191778463804,-9.5881247699077505,-52.092759278257077,-2.276593856691834,81.444218298208838,14.05534726903619,31.65615184531736,23.606518853891195,-3.1897370704874284,51.985380778431562,37.446441791093378,-36.943898394059836,-46.047765286076249,66.014984382610535,-25.445747108241928,-70.398204893772132,-7.3642681796409626,45.200541855611441,30.61637861600251,51.331376229390571,83.902096839531396,-82.185420413158809,37.146894913256524,40.50735760437658,-29.370816610053275,51.022938779958679
100,-20900,2.0173420775389341,999.76895996213591,173.79847086969312,679.51570015031564,73.124618592114032,219.43863455557707,134.82261220317193,561.87637349784222,344.16844474298279,373.41131024392416,616.83522703343397,113.95165608403823,123.76101619105583,268.34406496210931,695.10394127081008,108.87108738969684,527.78462994140773,707.97041940916483,70.929964728531672,386.05061283377489,522.33115203808302,511.70338159754363,869.2921119721093,603.48556919027692,267.50374345212919,871.43377649717831,901.56342220402189,115.62995795168828,853.49461419212787,818.97015686142947,975.61829309364771,247.96873245939844,33.227565688166749,948.76615378914016,320.77558436045308,813.07582194980955,1000,592.93098074202703,422.36492836762699,416.13925433421906,536.84350637684304,540.00965606823115,681.09517456431911,645.22208832758349,368.66624503499429,598.20374668062937,261.17174418596193,209.75936176709709,290.68614737775704,174.31640821049038,57.022804971581422,28.422681350799646,248.07598275355261,196.18563791968722,630.02880942407671,644.6201537678229,348.96893084629846,209.77878839749528,50.631123370721895,539.02939358225035,274.5707742594343,159.25206147080308,948.3787546270828,43.146402090470232,482.62487985334519,55.838573639319108,579.18438751454198,914.28903902606373,517.37898142899314,804.07636344569744,138.27422421697233,735.35403478649619,631.84960735868879,459.77339016802523,814.0961240106684,145.99046859214698,260.35286749745256,803.64666145330455,287.16533645447072,774.94718735795357,90.738683631438391,836.50188776309608,302.19414378743369,789.37785708393494,185.6330142144032,708.61011012447921,677.47026339616048,375.19754451154677,833.71090789406935,480.31320471458093,825.43434085402555,155.12234876277199,737.15224630966406,12.046609953250645,787.8188134631672,664.90242797366864,150.40569556650107,719.05592648375045,577.14727057496236,228.81824038627701,33.937492708522242,-9.886815271463588,-23.810445383175029,-37.662070241040709,-71.96825497089371,42.094875824797256,-65.325704501654542,-78.346277334911491,-12.237567922481269,28.098268801003496,-77.351347760585313,51.262895567564414,59.692118129824721,-42.450151983768592,18.267901611690373,-49.994452551553579,-60.338500342320579,-7.3603541782002857,64.503440713476962,76.337163359997191,-73.45656096137175,26.508629412233017,9.0041733518106941,-84.941639039977076,-53.222896127094238,34.011659888378219,-67.534488024972617,-24.302978172125624,-32.093537367938808,38.063447724332143,-17.175316462884371,0.02059806608412651,-14.752732344402137,74.839714013549198,53.783726216437458,7.7920318280946788,16.786968180320212,29.211092833175279,81.128955507237762,85,-61.743529161516989,-55.041215488589039,-0.88244449923468515,10.357135655754659,83.311712526571114,-28.145334466294909,-57.787762397484727,-17.450255613887684,25.628588515829264,-13.826764658848647,16.903763746303255,-6.5216997748485745,57.788171860468175,-9.480999343420887,23.842609713708761,-4.2011904758357002,20.814297079095873,-12.462676532236358,-19.136369712014549,52.4323491653576,-80.583351526987386,55.545796688220527,44.652926968642902,-49.310188098831205,34.441175992830608,-83.376519598027969,-72.100028582120842,41.320420435288433,-3.5568990924088961,-68.58024093238248,0.9618613354966451,46.729710197992077,-34.748425691789279,69.416667176265022,-81.976011701352462,4.8380191778463804,-9.5881247699077505,-52.092759278257077,-2.276593856691834,81.444218298208838,14.05534726903619,31.65615184531736,23.606518853891195,-3.1897370704874284,51.985380778431562,37.446441791093378,-36.943898394059836,-46.047765286076249,66.014984382610535,-25.445747108241928,-70.398204893772132,-7.3642681796409626,45.200541855611441,30.61637861600251,51.331376229390571,83.902096839531396,-82.185420413158809,37.146894913256524,40.50735760437658,-29.370816610053275,51.022938779958679
68500,-70000,2.0231723018014014,20.779054380462384,3.0000737325241476,324.84729729658562,66.175485273620268,165.94884584811913,135.1346202635429,868.70992377792459,130.21787283097692,391.51712401190071,602.85015666712229,97.688184508844842,283.33095113146231,337.01344920972997,267.37923105628278,81.880093611234471,1000,535.38283160110029,83.274838857037679,389.72034144204696,811.13721293178151,322.56835718293223,804.93076920943724,555.23113411458701,267.27551269199904,845.58206143266807,87.0497669430858,468.40071015361286,891.76984969505156,673.87286511069044,931.93078774093908,219.36580246690798,854.77443753488024,935.4575156312909,312.11412125683466,834.42079217342371,574.19651020649451,394.27575004137481,424.90358102690874,401.46265577638911,459.73073108795774,912.04159831757318,296.55099365517333,650.1741024475931,397.68364918947486,597.86019174908279,273.99547238909645,166.49610889565997,315.18870974259596,165.01069415201761,602.4057211340147,43.520067978903747,698.20504470554204,200.30077461548328,597.99752023546932,663.75440140875435,370.1212461602268,432.02117526549364,784.05243404367366,460.43189005406373,280.29828637884867,758.27155386780805,847.90864999703626,817.71192917936969,396.00213243800283,849.14422854240365,897.77184003634102,897.56779860513802,533.73390636431225,643.62358792116879,143.8469121988748,748.19008637291165,537.22678298477126,53.87513199690801,829.18361934097948,167.82854377465355,277.55604221527517,817.67971840336043,131.7071993852808,739.68673818331888,550.48946321977951,797.2780409583836,44.592138100091383,312.92059106143302,147.49993382350689,734.91750172877585,631.88516040974378,381.05098211186584,729.80127590428606,481.39695589724641,813.80158121863178,458.80296105663166,725.90420104098712,29.027188075589486,756.88138330497225,630.68927359604083,434.43458584665092,812.75415378693128,566.04502009323892,165.12548601355542,55.215661459507757,-31.335483967122066,-29.492240224216655,28.182947326746337,-35.475487929299689,47.856142273627263,-65.619202594029176,-74.499007090541824,72.508499277246699,18.783457936892155,-69.580073986052611,-67.747428313070131,7.0911647971629748,-43.845629646090032,19.036361444012385,-51.425555919227627,-1.7940984449853294,-10.612314958299459,67.723775649161155,-34.683147465052457,38.040110801012958,70.14530776482701,-42.59988668699053,-80.989501712596351,-53.717471693895853,25.95828094685675,-74.507601453182701,-26.704039543945797,47.598567593111071,-52.337949588164662,-17.605001228653617,-8.2386338045772121,65.157135587897216,75.271396496321202,7.215614882158528,6.6060189134945873,-16.173422436766465,28.239627491404526,79.608688023985408,-48.156646915623305,-60.567558351709494,-53.943526155799518,44.582846256528761,4.9932670208204932,-10.241964529902832,-27.055042386053906,-75.228011976115312,55.71285690442123,66.959438232277222,-8.9119070727745413,14.609785901586788,-3.3379510532341543,47.726999410120321,34.981779357154359,10.79866537587327,9.5241809141163127,15.922981346788276,80.852081881514806,30.603104504067577,53.502014107115464,-78.381625930534099,60.571089722306908,-14.201157314303368,-53.214256951661731,85,-65.442965377219053,-71.536797637225874,82.312777815007792,34.3388359842764,-68.585134066748509,-3.7804352422233674,53.234445549771451,-80.417403872743307,10.60270337117413,-84.177239832754324,4.702511264278284,-8.4887035190204365,-52.624571777075744,-4.5225210521856374,84.058169754102678,0.21589977764206281,30.142025756481861,74.479832094672076,2.9460965928120322,39.937473408426129,41.13188172121604,-36.679527439541893,-26.066030829751039,65.710215244726427,-32.047810113322114,-70.963636871153696,-7.183391322305396,-57.390317428900197,21.566457317750682,49.071637996394543,81.274267289830476,-80.153596752025322,37.138898468755784,-17.189754099635302,29.616918379417097,-79.09524938418167
1100,-44100,2.0206277881729138,1000,219.68361311852919,342.1532416110914,73.344714272436335,151.69045657887375,134.94976601853261,762.65560865914904,330.98987773917059,472.22944155266725,604.41441302806834,351.12395813142689,81.874637215687187,267.98420541206264,619.96016389796091,112.19927717631055,510.44025889004013,704.84425344093279,92.398545430893506,386.95675383484456,808.60923387126945,318.32226838017573,912.05769340890583,192.26653952357537,267.55295693694057,845.54958772613543,609.7457853740674,434.17798074396762,856.24865404104821,864.69661799593109,976.60368563802365,247.87548771567882,694.14378046578054,865.07134849633337,322.34352890893376,828.3247158478448,464.77630445932937,865.86915532383114,1000,427.60042803317629,534.62488199646339,522.5930589057715,684.40148995406014,633.12934799168875,787.21790018362037,598.12714609111674,261.82620694235709,209.65088038617893,324.25952102100223,170.45546558492006,580.83590013725438,51.913486453411771,237.02727999746054,196.36955681634316,655.90052608620022,624.24587485165569,349.18067566655884,186.04919496754661,911.77736987228354,513.09272325720758,273.00817576281418,443.80592871572458,941.64869243707699,45.377092845168434,483.0607748729247,56.950370530059104,911.04662668040555,564.24856076016226,516.70695520423726,776.06070323757376,139.52082121668977,750.43980474461762,931.76446124533891,458.87596285859797,811.92054066005744,556.76185604483169,303.11203748348032,853.81392634599229,316.13419165233108,777.08443069701775,73.391170732102978,801.80042409160524,306.49869300573107,175.84675595404372,186.96400389203077,711.14171249312722,676.97855237525744,386.12533565799674,705.35795496041271,480.12246740398325,824.53080831071736,455.55694558680875,741.70486942461139,12.273594293024621,748.44049101877465,675.67802545945995,149.49620832075323,711.83963547760072,577.16903255869806,192.84778392987369,54.187430634352786,-20.505296093846763,-30.22197912904188,-35.03970093323629,-35.956377598116646,50.32935452078064,-68.457046114239347,-77.263974534524593,56.722514393890016,28.30670319496619,-61.952055405592162,62.178636507468482,9.7108442221947939,-43.878013780421888,21.637730093678258,-49.940838747143076,-60.246107245358886,-9.3832073629630113,67.626779334006144,-31.234333594531513,-64.294011502854545,26.326227211094583,-42.88115880922183,-84.985656703380528,-26.940198236449177,30.687285895311451,-75.122000739243177,-23.453861581286706,-38.138500293980236,-51.523585206634337,-9.7258371115652551,-2.8270080051537732,65.061346068858512,74.897876688501668,49.510094421815694,-62.183486845321738,-16.895342622683636,29.038636657888485,80.694887486690746,82.567419145231597,-58.269834244858814,-64.523320170138973,50.194988183961726,10.350356309568028,83.280418557119901,-24.811032281525627,-8.1451000383235019,-9.9699206821085617,23.765804361314672,-79.217794065370867,14.470859518630814,28.357501093044469,60.783407542316162,35.890010204843016,-73.007789609105302,14.509220770607406,21.221810009774543,71.299247206551399,30.844890657803361,53.728452536664854,-82.084452711808908,-17.143729724037399,-38.703741159501554,-49.260919486419525,37.904640763277285,42.026607136350648,-71.804725290395623,40.3270842866077,-8.038385509842092,-68.61850421188457,-3.3288261501083096,64.748174399078536,24.878886913743777,68.555957666914168,-83.972728036592187,4.8512698787021913,-15.579986942082879,-35.785956333650219,16.661392692739351,80.364909326037306,-0.76393857013824906,31.778149755022376,24.16306145569617,-28.170578055146372,44.239233074480381,37.423475865520821,-29.203854422094402,-26.889327938435724,65.955251418667245,-28.561622774261906,-70.376005079942459,-7.1574887342408902,-56.389612922834615,76.469443634008343,51.31815226543246,85,-81.04119164972677,36.981701408070805,35.981920985417347,-30.458168609686759,48.681579420200755
18500,-64300,2.0579881072970934,909.62465113811629,7.0664054175360604,325.59961965358275,56.927159353753808,796.73243353489192,138.22225693701492,506.88640018801061,328.02415002185819,375.66120622808069,604.41307579468719,369.37245983986259,160.00444475142859,65.158361221863572,290.76273615760238,80.628161241255654,620.35454866709563,520.97462701689142,74.737188546867742,386.63926169587239,848.30846269370386,548.53196914757223,909.12282587383504,579.10503958930428,262.47021371785377,845.11399341730134,73.090128603314326,113.10065715604574,25.61385027040393,804.72559100350702,172.8559828117393,219.15967565466707,781.34342873632556,936.25637006425006,331.90268005872986,833.72732570162543,528.02570871858893,458.41899135563852,979.73926342810546,411.814851877725,458.97519979579664,811.80268876003959,680.35742425991225,658.32267816190119,344.80362349548676,593.94048485503299,272.44523015671456,193.01735823132583,331.65391043792903,170.71668322163583,573.24799630152677,36.508757275958104,824.34118841055874,190.54272784181714,656.53118177312922,655.31981650878629,364.30282044696713,211.03648771576354,784.49250360905671,439.5536004050569,256.83469204447749,783.13768045363008,5.4696628327895018,2.8107793248219082,293.69150275647132,880.53073749556029,898.50309514467529,955.09939138670347,490.50559415316462,643.54382990169938,138.39140543635889,748.49297157628757,633.60305155712035,458.83348337727563,828.05772760305808,573.98853646453404,301.96661857035923,798.97706412841501,148.18725324117079,767.37190041309213,79.809184823060605,796.69584727382244,37.563667515675974,169.24090072044143,186.6551187285358,723.3952803661972,667.37973756117674,384.23555443859584,133.50204183088863,480.79964646950901,821.70392885127421,481.85689628460693,721.40739456045708,5.1408861528626062,749.5084040399139,803.21921204793648,421.40774208505758,723.79429199414096,562.71066752824458,193.77940463790196,194.9437718087039,-31.390308587237115,-37.652545184696784,-37.663621571966381,-34.281887856353777,49.81936615083562,0.29854338989146711,-74.102458905360322,-6.7847430666953414,22.706468935781889,-63.108398440448873,66.308475754932701,8.2981686764339067,-43.721572112041564,19.39139322894145,-49.906735625439637,-0.94386270732019284,-10.300884299648061,67.687525463619082,-40.932871683606649,1.357794703597623,76.445878704920247,-42.564384413989991,-78.526875297273733,-55.080990475568036,36.828315985598394,-74.650760624692225,-64.444756182292963,41.129984821053043,-52.89193790655861,-17.601161842004025,-2.1990786209845554,67.405048796452505,75.073549180044481,-24.042588207686997,-77.136696706886269,-17.158938963761887,22.000472968560885,80.59769030144902,-39.498563794849019,-58.382120014218899,61.685865309148326,46.16511514916084,4.9753598328828872,-15.247972591769138,-48.714011999542471,-75.227379875477638,-10.661025228479485,14.043770583824921,-23.214313944613465,16.972100859647785,-6.6816583493204638,58.309020319213509,34.973904726839571,-83.650245504639841,-1.1185191559516863,16.822040786621397,74.746212916951578,57.507028541475556,53.477390983224673,62.764978510031142,59.353250351261629,-41.777128733430168,-53.109969701471783,6.7657447154928612,-58.513753006486084,-71.807061247563681,76.025132474811912,36.099550493483157,-68.475436154256187,-0.96670756422360071,66.803875663604188,25.800956730946673,11.692390813491674,-84.114685240597524,-1.4477519432036878,-8.5042831990662471,-53.774385514177403,17.37928293702452,81.266525211720193,32.210071309892349,29.887212786771837,81.700982328249665,-1.257904743937905,-51.641201755996597,40.84421465888731,-38.961117533027526,-27.324694840248906,67.055725989723499,-31.474336100772476,-70.070426624441339,-4.5072696101499483,-62.274846210848864,28.823979085053839,48.90061026835405,78.71741281153561,-80.509374600638793,37.52847417331764,-12.710833302004909,27.820733551593737,49.896011987610606
2200,-51900,2.0179731498299351,999.76724050393148,171.77285726999443,681.52731235082638,73.577988026083602,154.33722569803666,134.55661064490585,762.12369915697161,353.02543501677582,389.76142356932263,604.47015689501916,119.10205476396501,155.79960281673416,269.76726372676688,703.84774042050651,78.840874004245634,526.27223280450573,502.09970918312632,93.172425748731328,385.9586711324381,521.21522476523558,512.2044842556719,912.79808631648143,175.58492630953199,267.48910290490795,844.72623986143446,898.85850762440032,114.59366423590888,856.25778845957814,819.73176418580306,954.05088918147896,624.05287633549597,121.38605436250089,947.69367519169214,322.66878857865078,828.43412153666634,1000,868.03696302475646,419.69210542339766,127.42120270262564,545.13531040800228,862.18510818847733,680.828492191333,627.12052253327965,802.53358877500079,598.21160960240866,273.00012498413832,197.10154559524909,327.34861519723819,174.96856297261476,54.866733168242966,68.757399221300972,237.00494721389086,194.88903067656426,628.5068314101768,634.45959479739372,348.96773482595285,199.55147846279658,240.12588282755553,505.61565996574626,272.27446122870032,732.75144727341228,939.14390371171794,158.70282476244932,474.60752156448393,64.891006523521753,846.27112230836235,908.52975843008278,516.50074556233596,786.92461940785449,139.50998225032092,750.71447683201984,999.97813260729026,536.23218977826434,811.25628653990634,193.52968499905342,259.67527214095202,817.24968369500311,286.57741847922966,777.37494733068979,73.703100249147496,799.53190578353781,305.75267079795691,174.15036642061551,188.43948858159123,711.67406326663456,677.33775182924956,385.97263614461713,706.09429867511324,480.31292817431745,824.51618292536455,471.10505267444768,721.08420317612445,11.940661456845751,802.15387308541244,805.35279317011145,459.85450372293712,711.62187053994353,586.39819327290957,192.80594769198001,177.45190688422312,-23.608158380148254,-29.98927393053971,-35.008395186762385,-73.627537110577094,43.175501473771988,0.5631406520188591,-80.827485552753302,-5.7562753231162578,-31.006280064460913,-76.793594326906586,-57.741944066008301,12.383926013973319,-43.875458487590258,18.846925976130038,-46.208905911699119,-61.662415197799518,34.787872620328748,64.37129938135628,68.410341146764921,-65.457294464005912,64.097658590121071,-45.343295276314791,-83.331613762398902,-52.916698604145267,27.153603877521448,-75.291269035408305,-23.295305053020318,-31.268759407091775,-51.573491500290743,-17.235412972156542,-2.8524954527512523,64.821782639757842,74.892781276292894,48.975350375075983,5.2635879816639672,-18.117292049266169,29.045611762755588,80.685350530050869,84.76363287950808,-58.553447043755277,63.008005624534619,-0.32130995996558909,5.1393208438771483,83.901872435875688,-48.70827921221786,-13.466717537652894,59.259940300653788,23.659298906169699,-10.744346668555579,16.828952728511819,-4.7198042224511454,57.793429022576156,35.784980679260144,19.065037853487819,13.549110058868834,21.223833954667811,77.957037321911372,31.603793820442668,52.436155730974185,-80.584072174646451,59.328806967531669,-38.6989066443059,-49.201023270989154,34.454884759974597,-68.548715086449846,-71.801598437391817,-21.978660245342233,-8.5776181211457239,-68.618375891746666,-3.3383118023848311,64.386490082617627,21.536225865001434,68.560841753859037,-83.953482545625107,4.8381714761306363,-8.8291658067469054,-36.709448503583829,-1.6203941664102475,81.594887525061111,-3.9355285417045529,31.768003667592339,80.365980527076246,-28.551246179460257,43.792998582276397,39.486216694584549,-29.341195320825157,-25.90076829809184,65.217430129487227,-28.566028683071139,-70.221540492816558,-7.0682314869330929,39.103555530304838,30.389204948266386,53.740125360399176,82.103999920114347,-71.909268581860175,36.976813349723464,43.228030485180049,-30.15769711973017,37.750586196027591
200,-24800,2.0173468608843477,999.9794298616298,223.46412333581262,679.48543100889492,71.577693547078127,219.48569370411744,104.19357714449939,555.76874843549479,344.0550141643842,376.95951273297464,616.98521642543085,369.50420883233619,124.09949798283351,4.6544805028537173,694.41945866148603,110.12508988967153,527.92577370332367,707.86292826018291,70.905142727852066,394.65901925656254,508.99357196959443,545.72529329025292,869.74908613422804,600.51905915562554,270.64238054044165,873.38211406555456,896.79659977573601,104.53826235450697,853.38131132169553,858.75221348664832,981.27236026528919,248.63386297686492,35.628250179780203,49.96983110073819,392.72860686539815,813.30885615925706,483.33332207322189,595.18383560708412,422.10556876357589,416.1008629960653,536.89694769039386,513.02650473200981,670.28779075978741,645.91157280439938,366.57200029654615,598.20641707726111,286.51345141634448,209.758752356043,292.80039810613243,174.31809627460464,188.17685604359804,28.321405560809978,248.16678119471518,195.55270267131246,629.90183671481464,648.61988213570203,349.23288020624835,209.73582632795342,49.803367359319779,536.11559212990323,274.61084792017238,142.29823421006554,948.37953051377986,1.3815686368840012,650.15900333168054,57.448121024941585,577.51147972323599,914.31657964550095,517.37949595772739,627.00730749795912,140.14885778696245,750.15189763273327,627.48306311360136,533.18535794194065,814.08060395416578,159.74242337782931,274.82979987448641,802.91338171420682,288.67896997280087,756.54569503169262,90.897640894663013,801.16066538714381,301.78857233383451,782.383691286371,143.56627339728107,286.06302977062796,677.36750500575795,375.05140809466315,827.8409438813012,480.29841098740872,826.21336401786743,135.33182581921207,737.14165866655242,41.348296281534729,787.24045328015484,665.86552915619689,463.64434497511348,718.99840128305675,586.89223747176015,228.54925016318415,34.87321109644104,-11.515287016813527,-23.812338980390876,31.896899793659319,-35.843162761772156,42.057360119272431,-61.635266659767701,-6.9674646180233424,53.779443919812962,25.785787279113364,-77.362103537625757,51.438239163430907,59.601349774303628,-42.44841724532008,18.391073115472164,-69.802540911450933,-60.31914749083036,-5.4919930200487954,64.818528821414773,76.192082915262986,-73.670562342325979,28.638659237122564,8.8227797663183765,-82.591228740309276,-30.235435220088583,34.570937296704159,-66.643146448721396,-22.061758644959397,31.142424732821738,38.749745236252785,-17.085493250373599,-0.29354505709570622,-14.530839884521292,74.601571867716984,53.856561516842106,9.5957090899724093,16.040224406371159,29.211170443121187,81.314257214221058,85,-61.743671171747422,-55.053606231726036,-7.27597327143366,10.73950717170119,82.533630818000518,-28.152393113635352,-54.895122644395386,-11.594821071808937,25.639113852652216,-15.184950379341657,17.465565480328326,-6.5751106917857758,61.086011788585736,-10.382757462508673,24.065961129641078,-4.0823842582827341,21.474447297727327,79.238617389407878,65.037619537861048,35.064861707984193,-78.805028748253847,55.964228479443349,47.603222169674694,-49.037260509094075,38.370737731532628,-82.255000288515731,-73.745977841885875,46.919218054351028,35.658940115408512,-68.582641907274649,0.96665901803197585,46.923573911926411,17.855285725578234,65.080197087534572,-81.964222444341672,4.8341305332803035,-9.6780822105469131,-52.342369465340589,-2.2710568192814038,80.863921721649689,51.319044019587778,31.659791247496027,23.595543803292511,-34.471559242430104,-71.340460654827751,37.446746174563494,-37.558627402808114,-45.356621005072888,71.940272815170658,-25.456620125339072,-74.574796683631746,-4.2555712628089948,-66.561652949524188,30.855274853639692,51.369612957212496,-67.336170717979144,-82.252946469594477,37.012948230880149,-9.7442327123812706,-29.355485571576615,51.947368157953875
3700,-55700,2.0178804318610228,1000,219.6026535872123,336.8789935783596,75.447483229499966,219.19166218802005,134.95947085260815,762.65358828857086,331.14833419904261,471.86491909189039,604.44288735891178,367.39578256906844,156.36996973147578,30.01852547697294,620.02612600743714,111.69162841268566,509.49178668494324,704.97134267296053,91.932025951170147,386.89722199421817,808.66769601009889,314.1812689348879,934.47292785677462,556.04530578763843,267.55215532055956,845.97806866572671,935.37749893602131,417.23970362116142,856.24807220234152,867.82769702658163,966.44987907329573,238.64999782729802,140.90334829769699,862.84694891091146,322.37083960836873,817.14224748329468,472.88594304732794,388.85752364956932,423.42008916232174,475.95046821554917,534.70556409810115,511.37071019829045,684.4876957270518,630.4048487307108,787.1529453261021,598.10766360962339,263.15169280344463,209.65672000526394,115.10865737000911,164.73526056475822,578.64799349389261,15.49620691045752,231.12192508381207,196.25291893501685,657.9228004557109,611.87178391352279,349.17986030327859,189.44203456343695,301.89029668162243,532.47475692634077,274.25664586181529,731.23734412473641,820.21406014506783,45.379657670880803,651.28624919086417,56.832144943353143,911.5584017172439,939.17034945025068,517.3691111241742,780.11542441841573,138.44422397153417,734.07715929596827,622.24501773471366,458.58081511483567,812.09618193080109,162.83125138071483,259.03644450815989,853.71793384776061,316.14724899667283,774.15494975670595,73.392285776555852,801.97186568572101,282.12153947638893,850.15545418362387,186.97045770979321,702.53933447612962,676.97071123709168,336.22956588397085,775.70888929836372,480.12700543721917,824.47396507450014,475.10311782548746,740.94842638670389,12.275491845859268,747.77296220436347,675.51807297774735,149.44640683637269,711.75991580858363,577.17040815799601,193.01333742570799,51.925014247009273,-26.503309751925904,-23.84477769783404,-35.044180051356051,-73.863690673794792,50.468648051289421,-68.444896670321128,31.873461230333284,60.119510617596205,28.163239512715435,-77.003760647735831,-58.364463341531746,10.362124008001427,-42.932687116171579,20.853789665719802,-49.940849344945896,-60.146472997810392,35.956275684320936,64.811497179625562,-31.542329871308251,-62.788595554953133,26.453485887910045,-42.983796605089871,-84.989580902257231,-53.100170891353478,34.895857257770004,-69.898280896305621,-24.812620314448967,-36.287706919008798,-25.168986828480151,-17.160232170210119,-0.1958908394567731,64.936005290456706,74.846257982038722,46.821026951339881,-61.93579406516649,16.426516460794723,29.044737234958578,80.667084318771899,84.686304002066493,-58.203214186330818,-65.171071840067455,54.871509378803758,4.8219978006111006,83.332362405435561,-24.50141449506382,-5.454217256723247,-10.564642832256379,23.700839175435547,-80.559124263750761,17.379155586148979,-5.9588844986087803,57.769663736172717,35.90325641591545,-69.188109036809578,14.509005518797123,21.3776126644077,71.386800266665233,-15.727448728564404,52.462358095078052,-82.052685402284268,-17.138476897063267,-38.730915895374899,-49.261606223813779,34.522660528303135,45.48004053157841,-72.19380204101526,-26.246880882838926,-6.1483165451434498,-68.576065020303062,-3.3754062953834056,64.391213288073246,26.308152268604342,68.609107034495779,-83.995824808468399,5.1494595675421033,-8.8905991629273586,-36.532782784404155,-1.736168324790083,81.718801574289628,16.072418402987836,61.768368107809742,24.162823895751146,-1.5560607259691341,-70.19858495209067,37.402075969914868,-35.611765232591964,-16.696678763601476,65.88259359113421,-28.550762297718169,-70.224332380353744,-7.1574896167874975,44.958978697733542,30.859353920119169,51.319325123495645,84.120990970024792,-81.02839665116224,37.149059690835315,36.042242510991372,-30.016925742672733,48.650615276763418
8400,-63200,2.0579613767159151,977.36622796069207,212.2895680921356,342.770550932135,37.582513458353517,195.8246318312533,133.45457435151005,168.69841486969023,22.575215025645747,471.6788463889668,604.8007424736021,353.07703737410878,90.781821030886505,95.683169622169061,644.42926353311464,105.36673172176849,610.87333458584578,488.65797835317983,92.046259879694006,388.96554501500242,846.80686925332066,507.99218851803988,901.1330650337901,195.10962225533117,270.5985826214702,843.90232406808991,882.32971485503572,456.8021327237791,66.463554144038767,182.00538317254092,1000,654.97532308266068,784.91312927225442,941.88979924760292,531.89352512868152,848.1505678848298,602.09413664860335,969.77768306803569,484.19219767666596,635.86675024736678,527.55573457580533,873.67982916120161,676.04052265838766,665.92017316202634,369.02661652775049,597.57128734454488,277.82052528493699,191.84458628577497,100.95981935702477,164.75913184813359,188.05413069089155,35.9809971217663,752.37801134755478,190.43840180261981,657.46588994531646,633.86076243490754,348.79177380179692,221.12905470873503,929.18687736492598,895.95153674939752,266.77760105919879,764.58082390491393,896.23966899523475,602.76674549990798,393.22252166571764,796.81753615692548,897.79504732453825,909.98804601092377,519.57935277252864,771.42307588633832,140.14274511281391,748.67679898251311,626.18386609667937,461.4345738600627,812.38692843157855,175.66506905580539,274.26665609278496,820.32803400725766,291.35673621259554,649.77628733638687,597.22069507357423,799.04342386427345,279.71498710906565,273.10524610954451,187.30276493708038,743.29361182578498,678.75193950918083,330.53907267172769,23.892953109225459,480.78112405714865,824.38030208389512,107.99866011579547,740.68708465536554,751.21920010195754,789.41758334073518,794.96161795338605,418.86365613391956,724.4397322306188,547.36580940910426,192.99078947241904,207.03881197020905,-31.401266714269003,-34.930865323209126,-36.089813579530102,-33.844871656006227,42.137629788203448,-67.799465619888934,26.552937429992042,49.862517573551692,28.254243234786649,-76.598055768371069,49.741741574593043,12.012550652742309,-44.071284805494251,17.779398594600259,-49.365295007003745,-1.028120919213279,-10.96208539250814,64.843454766861399,71.433011888699298,-63.365866902905459,27.604150707854096,5.4090981980727904,-84.938805386930454,-55.44533435508481,29.539431742568667,-69.909811180236048,-64.721942103987459,29.430216091635842,34.780035706857149,-17.636531162135569,0.049199434632556188,67.515209576599005,76.528303621225547,65.181734014828052,-75.981259274059141,-17.833003370760643,28.903998932634899,80.681222334326705,85,-58.441196115201052,-57.084870438888757,0.17164669178627456,4.4831120741708759,80.028265209504482,-24.852661608471447,-5.8173163495624864,-21.453106524129002,27.824361728225774,-80.884515020547411,16.810615676159617,-6.7071699767246917,60.896900898333236,34.071292956223417,-76.739055268876911,-1.1428679748036796,16.285380205646941,74.090776268207136,-9.907268848066245,53.833832431617381,66.386398822701622,-13.529774939684749,-36.73733929708105,-52.858127559284917,4.5407776354008078,-66.139244884792504,-70.220642383843327,-23.488352399941729,39.635037764914614,-68.574238295272508,2.071959325942256,63.12664071226942,-73.044993110907896,65.329485267203736,-84.021075572688744,5.4370906779346546,-8.2617782665327155,-36.023482824192257,17.322482000341076,81.75336904614467,0.42748366925072889,30.805133508961099,81.084748912837682,-33.041413084473788,-43.84899864603392,37.423416251175283,-35.612112229352803,-29.045253502291516,71.552753258692718,-26.657079208894839,19.36417481668844,-4.3876698112133825,-61.041106539906416,29.807797326047897,49.625263366797732,74.347645954754455,-72.402316532819313,37.02663392942042,37.465221736753193,-27.498587135685042,49.416030391213361
12300,-63400,2.0201366809235863,1000,24.429022520875211,304.67849464793403,48.078813913850205,271.9521899900576,108.09413767105032,153.30519972976919,109.00895449811874,384.94798641051568,616.57290008684242,368.66517165770762,280.91807850367314,323.3184836332411,307.9935948298625,109.24273124511362,575.72964258739103,536.38408652615465,72.522349767315504,397.3188465333867,788.8187119430039,545.48922687807521,904.56226623006137,565.59427270556273,270.6282538496767,874.73678509895944,95.094268984852874,91.412508862633103,53.026094264230949,660.69012916362408,146.72317535120973,259.06724159194675,24.122857142436864,951.99150941749281,578.31470558882052,813.43041633283724,968.69748566877206,917.6664521969916,331.50547955013099,419.22528070554381,507.75479786911302,811.01801520158506,239.84098253537212,619.34338704842298,373.38240319698474,597.12362536812361,394.54074761841878,231.51263854494863,327.29003989867158,174.20976906096928,527.88380182074343,44.99448687571595,673.7927495087315,197.13958295984395,627.04081231225132,837.67409177812385,350.38338302258501,222.15928172617177,883.53231035572867,988.68111359877821,296.01019260955604,136.53407343375943,32.581961029429408,57.627632730450166,673.34552102758801,54.479171497742755,905.23910726683312,855.56293903581559,531.92691124680573,650.64147175402945,141.57549446341503,752.43262154790636,910.16571096727421,542.57887627145612,826.1861697411548,550.96053452075671,273.87435076298453,820.5188013109331,169.90368806943493,642.81367636388052,73.106157583036037,801.13515564366651,39.946436255287495,43.669521245467678,143.36983745829752,740.3037386281901,667.56520340829127,374.94278266119886,771.41934721223902,457.09448618117472,847.00464559309557,461.26648944148803,780.79380122854707,338.4983590070143,793.68470406260599,654.71257226872478,453.37976454275224,723.60781033640137,580.06750891792024,192.84804821349769,49.922521409617907,-31.360640903433502,-37.705382494095964,-45.712013271308251,-34.089493306053321,42.051372812208349,-67.120263849908241,-76.13208123208787,-18.292480945492215,26.982499690845511,-77.331778584465226,-49.190713865323275,59.725262201140737,-43.89830088330843,21.353959348524015,-71.224900200631254,-67.340349122716106,-9.3847263131532195,64.683651937228376,57.084989621375428,34.162998506158743,28.320228044494488,10.957152338514618,-81.619856014967496,-57.723408148617679,29.330335275790258,-75.063122589622751,41.988448652452917,29.757364631373889,-56.237686935013684,-17.225138031542649,0.64368886006835502,62.746022831898301,71.740211384142356,55.104237064242334,3.923052510607917,-17.372929585616472,28.649025984237909,83.586078909112246,81.393245119136807,-60.930548226958791,-52.890772532582425,44.84778441735584,4.8550117628889566,-17.753537634619466,-27.60667534923509,-50.926057546067376,-10.679541531580927,27.142434530863135,-15.415780820091204,17.549141186376218,-8.7503144549812095,60.974054213796009,34.874767078295513,16.579632888019816,-0.74807440015486926,21.300047739365649,75.661270756285333,62.292196976327446,52.489385450689753,-77.362414402693645,66.483891797037273,-16.121680340684158,-49.686683606368177,39.079902224066657,-81.75778909743903,-10.774922846115011,41.022211900566518,40.981448197771904,-68.623699456551861,-0.69714114251868509,47.421710076198217,25.908129045374313,77.248297293922363,-82.01332321832831,-17.609448478345676,-7.5948800942432246,-37.826952293919987,-1.357670024357307,70.510608752082618,35.471824832295567,29.815454080594829,81.797385964436614,81.07004586552857,51.238683361658751,39.629777361046109,-36.221222331951495,-27.278499200385465,65.430049706526617,-25.12566103425003,-69.819789630446181,-4.2436461110715822,-70.520342841794374,33.214728207424201,51.324408529600916,-55.088805010197589,-76.139864493973349,37.00485221212147,40.371411924753488,-28.254521258390398,49.302124662213721
5000,-59900,2.0212482003557373,1000,173.29498037590812,694.84666147424275,37.029560855148659,153.97914037506706,134.65470955058177,825.60148023402019,354.71409272940883,385.69079578148052,604.91999866839569,365.8113869658863,77.397454146547062,11.690456380390451,626.0855898619933,105.47540376170157,499.68310729553565,693.186379388624,91.830937551199284,388.87355650588006,802.24546146015894,519.75655508921295,934.9953303228516,558.68263339993769,270.53175091509269,846.69085088878251,645.10157543201763,421.87603396516676,870.79405770488779,185.40834664704903,933.86257281891903,232.94640282579485,785.13836797938836,859.829343848794,508.57320171176957,847.6846062294012,604.12831559843335,221.22313287200541,467.78168810031008,466.08248837231065,527.22765491636028,516.59603325653597,695.38263842052322,637.026107007674,382.87253569080548,597.73052188272061,401.86130340898529,196.2321242772052,97.140207804754368,164.55891674101176,175.92685003822385,34.921125415928273,248.12793862805194,190.63513043736768,628.14940526804446,612.99787532672929,348.86479108113775,188.36472953119821,292.1786753515363,910.87404004756161,269.85724291640213,398.5164279813315,936.51736888673554,595.71647088854877,456.89770126510655,16.320300968503748,846.24588429247615,542.59242520344674,543.66409197298799,781.03359512815791,139.52746431485988,748.67000840065282,634.92694391347243,536.1139559398905,812.55701565403888,190.28694844077137,274.40039344975952,819.57441914224319,290.71162297371728,763.48670599469915,690.23897196322673,839.35183305555017,283.65853497157974,182.25910735693873,140.54400391687744,316.85016983687279,678.58879268611315,334.43796542977384,784.02331765732174,478.23304439539157,835.62781040906304,123.38314008683926,722.37335976338238,767.98546488061675,789.15982820509828,801.09529468660423,456.36006959620073,724.52328804286412,587.12097835069108,193.79251973548205,204.74586751654468,-28.100869721367498,-29.643589864685104,-34.403477185957151,-67.455406562049461,42.721633921922887,-0.51151246601527589,20.043470328622199,53.345576179382661,-26.082670355918903,-75.183774794648031,-60.530665101050225,68.124001806120106,-44.07332484124823,21.597202043523517,-49.416598545659156,-4.9000716588830322,-10.830641995201654,67.679774313736601,66.250328463936782,-64.936508259365297,29.769804271511212,-44.292417528934941,-83.39129897188333,-54.039202471601172,60.89879332843789,-70.578434554345179,-22.361520327864248,29.498543376052652,36.421067661063113,-17.234689710208212,-0.39019611490290801,67.504154992764342,76.565795520087306,53.394610772638188,8.5336905681610915,-18.073924212256522,28.865948219386915,81.141680867258529,84.951110912570883,-61.895894392203424,-82.746779105466601,0.50404265483860655,-0.53345143659175021,81.814336981278203,-50.342751139277318,-8.8461459522789312,-20.26056192013364,23.836330222090677,-17.108095354397385,16.843127258042777,32.93237902366171,62.338876458959483,33.927055842086077,-79.378108095777236,-2.2159585474969901,16.280687458920568,76.81962357528667,61.850687394764108,31.408959776848334,46.896153981281934,62.908708894110262,-38.71415063038414,-51.927546503218331,37.692582628377892,-68.660968403970486,-13.312269431439233,48.0500586393551,-8.1996896880467105,-68.573190124897835,-1.2618362077445333,63.261773590124605,22.364772640996865,67.614044757255598,-84.004157189146824,5.5648633286964273,-9.9554636580428824,-37.863115369825238,-8.3319124547038683,81.956825490925809,2.6048346077011701,30.438546096483424,28.158523521494875,-32.256402479925384,-43.97046963710708,37.400327957851481,-35.859576316454906,-43.49673970793102,65.084713976826933,-32.819500814498795,-69.672878177276829,-38.622820557602097,-57.036891720462656,30.205627721997942,49.81350603868254,83.061939790395741,-72.757062242259451,37.029031914878857,-7.7741673272723304,28.662575876862508,48.52058381614804
37600,-65900,2.0211434846671312,464.7305886263037,164.90608126476585,679.52538462102723,28.598862681242988,813.85205722063438,134.97540752346114,769.31589495310698,5.2947715596231717,375.19598421523642,600.62797206775326,374.94243008191756,282.32404622143588,302.05396719552419,295.80587373084245,80.508385096433088,1000,704.46600001341437,49.077424843566327,389.31240546507036,805.45568972136084,321.78891428292718,909.70492241809757,574.17187248342032,270.34121364731283,844.19471830933207,615.61615780316583,457.57967454392633,939.88100510556376,694.49187358848098,916.61544824415046,662.3491131845127,698.72430482391678,914.92208736138264,339.44849250541699,833.36075190117811,450.05456852381411,376.26544968726841,964.62160613697131,411.35099863200935,665.84202978178996,824.45869306461191,696.39561631166305,630.24106980778163,812.68910227793958,598.26066270018043,272.4004328601165,209.84975961101821,138.94224366408321,170.61622854705737,559.37403206921533,36.75536231684795,758.64669938865154,146.72684150010113,656.26396888535396,865.06614199738192,364.23982228734286,183.76366090362833,236.15006590265148,432.49360618526691,257.70556926034681,449.46045462319404,821.71063553442355,157.61620716505135,647.65481068797828,351.78352217301563,821.47508406300562,905.21393375191258,489.36488309005017,647.25216956704583,138.15578095634743,735.45073121058886,99.122761390036771,541.73397188648312,811.89079190260964,191.19626654421111,34.017846609014256,841.70058060508757,283.73841260094656,785.34549472830213,75.604003235729564,798.94268308856533,308.5795983182694,288.27468018278654,188.58566236137108,724.95686241574185,677.84157277299983,424.2858980703835,706.63233470109162,480.82143187096665,825.75121775139905,144.59986665004212,725.13483274900955,112.46292926204045,749.29083039964507,797.94931727067592,439.28148929948082,723.29714825420558,561.76195246728639,193.7963550972982,198.66988039036011,-31.175441851399952,-29.829561375233713,-35.172388025772925,-35.027443988374735,43.455119935578686,19.932797726273158,-78.393701326196833,44.071559704648216,26.736203855044423,-62.912326100945876,50.240896281540557,70.615352695759114,-43.832952751561741,20.065322711371028,-45.018269806071849,-5.1361867681999911,-9.764330277371478,67.3110169826885,69.10791488367741,-65.624383168388022,-44.741452299064363,-46.922406098185192,-84.377140685003013,-57.120980532884793,29.510215903260828,-74.843177267395845,-23.154711315406097,42.578554780557539,-51.892404412594395,-17.155490802832169,-2.8729537470821924,67.19168849382423,75.03893955532422,50.262645512095659,-75.95769721956438,14.962390759617401,29.009325896506166,80.730974968434225,80.4973894947384,-58.62118606693673,58.902680219143839,44.088149247175544,6.1048418207194732,75.207619549441233,-24.210281364453309,-70.32487271369061,49.212968032854725,14.891102826898571,-80.285986288907552,17.032030066013682,-6.409926816045953,49.440739372904595,34.185905997034418,-67.18484038320176,13.334754481209036,20.864649282790079,22.459047551399209,-8.2338311625802447,52.46811324172544,-81.347899737259283,-14.986535441475883,-37.186687091682174,-52.477904728084198,2.3988181401297908,-77.180152629013492,-71.214774695897503,-18.218917805196114,-5.8554278527926105,-68.589832988238115,2.2061957435037529,65.632292432231196,24.572188109426136,14.369853564817307,-84.116285786024036,4.2128347542055948,-9.8778413380557364,-53.672127121897873,13.198999086494844,81.227101353870566,-1.2930119156877447,30.821219858108535,51.500637702611627,-28.191896803937507,44.483712641047276,39.504399162763576,-39.001337860908002,-26.025398064392103,67.297079402911692,-32.068204912400049,-70.044441297172625,-7.2653024424569921,-61.153894676970602,30.887776543590189,49.484152091849339,83.350096868715539,-71.452013911619957,36.996835621543326,35.482017489170538,28.030347390730398,50.971286056124853
1700,-46500,2.0587355609887985,1000,221.34870314137524,677.30911545057666,48.276565539152735,216.51371331565804,155.16812603637084,812.96689284274987,123.55219064746404,366.98378140176953,601.95319429656183,372.91655954907844,140.03713826545646,290.44552493097171,290.28322217161224,79.63930356718231,525.17797606186798,687.71319807749057,64.079079815042874,383.71888532986708,798.94079702987744,541.56611520718445,921.00188853711563,548.75535208943779,262.26178568357238,845.130018292111,1000,438.94057186142015,860.56229681254467,368.99901953656115,123.82331231251287,233.73395788956182,219.22565816541254,943.52203250950856,299.38506735349472,833.47666488528205,505.90894377878675,907.81411355320768,406.98039056057769,418.83975484704513,666.10037702699594,896.1011191530697,681.10282384246841,374.70379985060003,382.70285600526427,598.32810206536578,285.50373964932368,184.42149412819145,111.20480412379094,175.88964953943338,93.613800042600502,18.366902101668728,719.19896420907742,191.31867452640125,627.88455130674265,845.83730416647404,349.12651703640654,207.88815382840974,290.09898187499743,920.37965451265745,269.40424858056349,703.58042668689268,804.55743228407323,63.026422864666635,642.64452093467412,68.389674903089841,899.09441470880085,861.00197165196221,517.17000899014783,634.21049129921289,139.51923425242293,721.13936584380463,958.23857796992263,539.72329667777319,833.85428609879364,188.81501814830617,252.96681230901578,859.73949877152654,169.60317766404873,777.71897999742691,49.994540925610771,798.01634885118631,38.532938049100224,37.721236456745913,284.09066272152069,725.64676529666133,628.03976213060741,387.33157971795612,762.85035566269505,455.429912660779,826.030828460571,80.201356764479272,722.11549376490507,13.254687505775983,841.70030958595271,804.91662532088492,811.37691654983769,711.90427187940861,610.95093946037071,188.897460747612,44.398547510923386,-22.495338790704352,-23.416782200535344,-39.045434982900701,-34.27806952500255,50.20614933329945,-56.998860401235781,-69.917528409973187,54.484781259690479,-29.610795499719654,-66.286905518318918,-62.06955277167733,67.439319807842224,-42.500366393003816,26.53291227713715,-49.567023057563816,-0.72238684258377495,-12.552497875625466,67.797813030839521,68.825266545425919,-77.702728311074509,28.312608893378812,-44.723536385609535,-83.284717164666986,-55.90218632582976,57.250711950112894,-81.401147383322282,-23.353208632457083,43.883802131334527,-52.349118235122695,-17.223053743816706,-2.4992999535834839,64.482298340606249,74.988719601767826,56.973422306483855,7.2599777439545647,-15.8262042738091,28.908040482005752,82.917209416193629,80.56594698104864,-63.160390109918993,-77.800342579932604,50.619945009863997,5.0041179804101379,85,-24.818348913787535,-12.686160711802042,0.36267434105390617,16.335775286870977,-81.00887633444114,18.566326657139289,22.282540240442493,60.820343633489962,34.86565894620653,-80.376616378986526,-1.3254522271498921,21.255360600648004,-27.212764612180436,57.379599201573569,52.406217808277468,-82.003575265391405,61.927785145758328,-39.513007641007391,-45.958543373010578,32.88519300927517,42.839584684238226,-32.760155533704491,-24.362521534646106,38.350522676570264,-68.625008260091633,-58.501837328444729,64.059638129175795,-43.903746443300697,76.524253162725557,-84.071497051430313,-1.3358872946023941,-15.964997014548603,-34.412894266454195,-10.749231260467937,80.327749400455616,32.085620568396592,31.718867205852227,49.593162386249688,-3.7756857304639055,45.341457714150408,37.461082537110897,-0.8162408978949145,-27.097630648179411,64.49572095276902,-32.311862026149647,-77.606664465334433,-3.2892108418234653,-65.858118385983431,29.94009204979119,53.45856804278165,-68.341567698804113,-82.16755215932784,36.987136176695586,-12.055766230402192,-27.376858238580674,49.847246951676937
16100,-64100,2.0216783919156822,954.55714072853175,3.3953158535495751,346.7699553328045,35.631815782427708,151.54566341878547,134.21005252711106,499.48487636300217,13.15169460499969,373.73431372586265,600.72080970467061,132.43869403556209,159.73233045989889,65.259075209127019,639.38570256163825,74.371602600682138,608.93954704840166,518.87601691194789,506.00409155341481,424.06291755895575,845.56094124537492,325.56565132577134,911.64911948932865,578.94706247461056,266.72300442376979,844.04053777928459,616.37185944712212,447.40130593878928,46.569390795855355,697.87372331188953,176.89528419464091,219.157688367654,778.17138574802811,937.55113801101402,300.63673759089846,813.65369897618973,527.55012660069428,613.23363917662027,979.33000167861815,134.24970445086436,459.50816256277835,816.1550061640487,680.88504829833664,406.88920840390631,345.04164530900442,593.83812126107148,272.44630257175038,183.12804483499301,329.42032858899404,170.46984814244604,572.60636495923484,35.350637210916489,850.00531105156801,147.15680121214203,656.49378697304894,652.53979260913786,358.79117710065674,201.66466526867998,886.2943251356678,993.3182661931105,268.9650089803846,782.08271094445558,14.132445453165111,164.70193356854855,267.98161749041174,859.87554608906044,899.31389896057669,954.96516077101228,540.47098862127962,646.97924341669682,138.39804541999351,749.72399102960151,929.09844016229647,458.31464734065224,826.76601200328093,176.48732079840187,301.76593097543025,800.82353957125531,168.89476579955581,765.62408899793513,621.73976009661465,799.08862571094232,305.96347297744541,168.76504320243092,151.3212059190945,751.66391543253667,676.89280787515497,424.37353354433242,134.07352092929739,480.80026511324843,824.84128980762694,108.71374050600024,721.44203159245978,870.24025389030226,750.14930965783105,666.83809546453176,421.2211400698713,723.79516631706701,580.06007048002459,193.82469228877389,200.73474538513241,-31.406974353991803,-39.5024438071788,27.66540347890254,-34.282238835112253,41.000231771026868,2.4966612550134233,-80.816453459703538,-10.093343265205458,22.775993313554196,-63.28815191271314,60.654450941994831,9.1228279517889064,-43.842906885107773,24.9074355050086,-46.397438198756824,0.5517832157472552,-10.301741962753544,67.476599204024311,-33.465781690478835,36.94447891350228,76.449320820589492,-43.580367213975101,-82.718859084617378,-55.023447353418604,29.192349737615288,-74.869978847797341,-25.71335623657459,41.082712352250837,-21.545357598989256,-17.601277008630696,-9.0744621287127707,59.376995833070531,76.553892392945926,-24.543673266125335,-76.678852150937132,-17.287746216630481,22.000175080079501,80.746327495002788,82.436684412169242,-58.436495107582921,64.160670601541625,44.551999998749572,4.9822185677732342,-15.121669977400524,-48.522562656699286,-72.688966006286151,-11.849754499743014,-45.212319270014675,-23.066422924156416,14.47188920235112,-6.6818362099220074,60.811384276371413,34.975123416888373,20.372285325367965,-0.98069011864956834,16.867046001442155,76.778044243647543,62.43319218753355,53.467022126234433,63.679754520906286,61.370809614565665,-13.97090256937426,-52.069234389456476,-31.452127187975353,-58.395898346770323,-69.931339225549678,76.0942217532928,-9.6491478220543705,-68.598737344620787,-1.5035519073365329,66.713326636093001,27.718806409141461,11.70159785614349,-83.99567631814179,-17.958695688640429,-8.5397013156288857,-37.839149454365604,18.381605350876782,81.561867685475562,34.045088618920055,29.924865547427661,81.048828335183387,-28.8101828439708,-45.70009442624783,37.350646741570628,-29.526266413561004,-26.035299627211263,65.215096547808315,-23.418338581265374,-63.52498300368395,-4.453820187173239,22.004785327576819,84.414598253869656,48.898359181683084,78.670773379532761,-72.844318407447588,37.582072201039487,29.108094472196743,29.438303431353525,48.93409779693603
49400,-67800,2.059108431655587,359.55594903309213,6.9608293746020333,324.45426797517871,66.591491848017512,831.50438802656458,134.57524307986964,216.36035701233203,103.21903034203464,375.59781009388701,602.99644105826383,141.61693945621516,274.04672753704261,94.714602038041505,264.95142082511165,80.628072351959432,609.82230163507938,521.00113367125846,74.609746937615967,388.96243696122355,848.3077156997764,547.18578968530494,909.13841387523644,561.31393431104561,266.57729415553302,844.03557125528118,64.889086068426764,469.18548609287757,27.900188833898081,692.2762387896347,56.837106756699484,244.39631451332292,780.91544763489344,932.44766630038021,352.31151150046566,833.31005899571301,529.97516047018598,457.96559588136626,983.89002541923082,410.96026314488586,460.87374423702857,811.75792538205951,679.61900343747084,658.50713437859292,371.39896483064973,594.11835642840003,272.4733243247988,191.98981027844425,332.34036078606545,170.47615699600632,187.74914654733587,36.199782434269132,694.19481957740084,188.99066592405555,656.80625113205144,629.60644736764164,364.07828071889656,211.10233101324656,932.03807914718277,895.91203154123878,274.06627906488308,770.54863122304619,41.700047083610372,10.167668359163471,385.67413299080835,793.13687671208572,897.62070879543728,959.44069914847069,486.67199931848654,646.90600827813489,139.4995245363539,748.48385905257896,957.62541913192149,458.62064804081206,827.5747687005595,189.56286429035043,30.057423444653864,799.15977318478792,132.7590115404216,649.0547514505746,603.73116506624399,799.03000327852658,40.714469054323608,168.93623896315319,187.31015656866697,735.22717006954247,667.3347997423873,388.40048797456171,83.943751887289324,480.79967293646678,824.60109245389776,484.38417896562459,721.26662697055326,4.3214557039657961,749.8476931981063,661.07828347091788,421.50613097118105,724.34996894390622,580.64901042282679,193.77931330444528,194.93656788917178,-31.409819810392165,-29.120139168138916,-33.804506706622249,-34.229248659381682,49.809519016107444,-68.368460715548281,-73.861818115721832,-13.255453841505858,22.445597991672535,-63.10808456064651,66.428436791981369,10.379040737371712,-43.843766307795754,19.34256450855117,-45.334939250735424,-1.1918233919990047,-12.656749176616554,67.451165324958964,-40.230048556270361,38.84757195451607,65.325501555584097,-42.666914597304164,47.814484294803513,-54.499314933086083,36.824709573760423,-74.634587205513725,-63.802080511279144,-31.329929872846023,-52.954569177832219,-17.599583452348298,-2.1708006516135776,65.028338660345256,75.103204383402556,64.695388120101441,-77.130776187395881,-17.250624423403178,28.210360769275113,80.804755692096236,-37.916382664170165,-58.40061434336446,-54.362952548284554,44.55606424823705,4.9637985684333756,-13.031737101053439,-27.023130834150372,-75.892864590306587,-10.609858116547079,13.413677958232114,-20.802936606350375,17.138354988209883,-6.708051215196166,58.302812270630895,34.994666662868426,17.407085863724213,-1.107230511577378,21.456440610004442,74.769835625885662,56.746325009491741,53.412364655143186,-73.696823473409921,59.208218921912845,-14.550487280110667,-53.129326450211565,5.0747236909458096,-70.810363716464565,-66.497083411549028,77.269410349773707,39.448680713508971,-68.582854137700693,-1.1009525065233543,-8.0195815068616234,25.833544947765017,-18.233144263799531,-84.001719723350419,-17.798204992663052,-8.5228621827052198,-36.775808968690498,17.362107804358036,81.591574397181134,-4.313774239069966,30.20450343343262,80.998119664505509,-2.2751721453236851,-44.648966113222841,39.614686458765021,-39.000619473108181,-27.329443512788778,67.020493485961723,-31.542206488290606,-71.156506229413793,-7.0639281649533281,-61.443703784541988,28.399750006978962,48.900822850646541,78.586869108620903,-72.511299019861355,37.119260615450081,-12.54465140451066,29.380023570617841,49.291453768626603
1800,-49000,2.0182673964040605,1000,212.57095897944839,689.22402609158462,73.214354147828516,125.64478805147358,137.03154656810591,524.83454141985385,325.26482281417429,376.43366714976082,603.0514758634323,361.9917571831599,278.68873686689756,54.205327293068336,270.25390888793504,82.794306315702187,500.01246724368139,738.73848767265679,84.064647317347763,388.71336330958906,834.62637604212944,312.15261631742368,935.36387891191953,554.01066270542788,267.52569434048803,872.59269948225688,929.96995249901079,114.26458894667854,86.901207905118667,841.04360450329284,991.37537006902357,443.76124999080264,153.75352509192896,852.16652848511728,596.56953806129866,815.27691838329247,974.24597498094874,214.8119775909571,464.74710976635993,418.98212697716815,657.73381373296161,479.13618114093288,665.53303562693418,645.25168973184236,374.17222606652456,598.22752510235489,277.45854903594204,210.16608024392394,42.659798023655242,165.26848608385922,602.59041786649232,36.493576908696056,838.84645095479743,205.72669846018317,626.40392179037065,632.26475157519826,335.76057922470716,232.08655642622233,918.43958828955476,939.73001612838709,250.21410037512959,436.70158552971924,22.036489666041689,667.77210439999544,389.1324901416545,32.793190391213841,911.00485435344376,832.86872681354566,489.54783693465629,651.27461858145944,288.58664312445711,753.28664036476096,84.949229967474139,532.64437192795435,295.17151646404494,558.97476352629917,11.433788974150406,817.63525579959196,324.96135974959736,754.90425956182617,117.43897566611057,801.59669608965953,295.29123077448537,274.06534907004192,173.07339006738835,788.81705622743357,671.38367955509295,381.30674816472043,143.42847369548807,480.32511001255284,856.37934771746814,110.99455097088358,737.81873256843312,11.723875566338139,746.86301350624274,792.98131188123909,414.04994990997005,718.9164478047702,587.20838457161176,207.556126719384,19.681390282413105,-22.620652687825412,-29.230530760857516,-26.286219659751936,-34.531396919965431,43.478364848114794,11.027477936507498,-80.998100077604391,45.279221668628566,24.383320112668439,-77.372262125474975,-82.932203580848451,67.475866357097459,-43.847942206353082,23.878095510822671,-50.115303359259684,-3.2179468669648443,-10.557575843567349,64.813104346216065,72.317102005715313,31.210396917852684,71.90512131966301,17.055644270178394,-79.42633192376266,-27.184251499301922,59.79795919066278,-67.181591531746918,-26.448182861684383,-33.496867177106175,40.744784038318549,-17.104693797031125,-0.53033355627065459,60.781208533889881,74.684663685312259,3.7260929484989482,4.2963068543803136,-17.743114278576186,29.272334013949774,85,80.368048363907079,-60.113630204247464,-55.07627708384819,46.319108405433923,4.6340798325086112,85,-26.565455073045232,-71.419828728790236,-6.4306311250293904,-39.336112910255963,-78.967598256288611,-20.56420290397298,-5.5512843053324596,61.013594368679321,35.890505345371622,-69.214795600194932,-2.16962803716976,18.559467526405687,80.851849364497156,29.021440578169688,51.989370931299,-73.160919250280614,70.961127999363754,-28.6813816811217,-49.188758371005569,30.807124489580076,-55.162858340158579,-13.374097782746075,41.700695880878065,-6.0293119575227401,-68.618124492576712,-63.406055576970175,49.245271159190011,-32.617224128622929,11.22407674347604,-82.645763006479427,-0.44246423016582481,-9.7462621027915439,-37.066698970575999,-7.0298992584894835,81.144286538028268,0.61518208629547289,31.717332758201618,50.426548823345719,-30.855600588305268,-52.609152885212396,38.725131763162906,-34.54155516408111,-27.306113592279761,63.708048106007745,-26.909723331533783,-70.54581054896164,-6.7246243537150256,43.734931521987676,29.581897601037991,49.50003715869186,-77.482380764424818,-80.454065400657498,36.792951405057288,-9.1536945869373199,26.371873807091394,-80.753381716347633
44900,-67300,2.0222254080970568,439.5656326202951,6.9408761469720979,324.49812090966731,66.239056068908425,167.47900212571153,134.92204185144908,209.28617667260352,131.41570384167076,375.59675053086966,602.9484506898724,158.99131552810678,283.92336517679081,337.00537071228689,267.1824914823107,80.806988489558904,605.30796834569037,530.68913695468109,83.285946191061512,388.87240796104817,849.36812625536697,547.20815091597638,910.87963630869513,651.22738069374213,266.53989909850247,845.51744086447923,68.690849793626455,95.459184469034398,0.54709556976695239,694.2285146118702,980.45791207126899,219.9356919125683,831.91159054361924,935.98048960346216,313.05521408086639,833.97264699034861,553.22726026882526,529.41575742659177,983.94912357085548,401.52702199753969,460.96342736878711,913.55513901788891,296.09486724080978,658.49582586399993,371.28423718753237,597.94120464811738,273.92142855814592,169.43816216002722,332.38997619768327,170.67787879565918,63.461579262104607,43.700589559651256,695.15604626050117,188.93912979243984,600.31012427586927,630.74915593717105,356.61564749354875,211.68451484460104,782.68058259495865,917.63112195908548,275.7076318421652,768.50328640851058,850.23840990423855,10.412224840469207,385.67669493757211,849.38969049431921,897.75937881911989,518.11359878123858,487.32003091017759,648.46294153833321,139.48015474446996,748.43018737432192,909.22960343515342,41.046166555726671,828.05917788833267,186.94267107759327,291.53852946005577,799.76801534764422,131.48726893312488,739.65686085413745,568.64537284846801,797.15439411651766,52.817685470455231,168.88920207374844,187.29766845361891,735.07376628867758,632.84922487703579,388.47037103116418,767.95880728743771,481.1043021870405,821.4768243500298,484.07944029269959,721.2896959553716,29.491246575128855,751.45872027290591,638.35758351103107,434.2598635207537,723.53212228730376,566.00225657537817,193.87489136990652,194.47069261627439,-31.346238451660007,-29.425584833006575,-33.775302761785412,-34.078739913145952,47.844848011753285,-63.762066752503472,-74.491347786681231,73.395612955921621,18.853411783546434,-68.666314260366107,66.697406554653469,10.175995604317247,-43.8455612511193,19.10817890377313,-51.389331428547791,-1.2829552599359573,-10.14126916007968,67.44994639464926,67.494278835151164,38.597464284485937,68.719325352542114,-42.603255390443337,-80.97489914070799,-54.475866330578548,28.076595805505011,-74.662835744060729,-65.356332597347077,46.752638313846269,-50.844247198443973,-17.596360687456542,-3.6251659647242254,65.251750101469014,75.265726244700787,-35.016465309961816,-79.838881939456272,-16.175141617654603,28.206523659999423,80.820712845162916,-48.507346308854508,-60.576207934553572,-54.478641870647465,44.581510470287405,4.9936283649625404,-2.5794224259816616,-27.01401521061932,-75.886962528885391,54.561108490968834,69.056257901199047,-14.950730406707764,17.096654332702585,-6.7348000727853616,60.548553233040387,35.003365202657299,17.171746975905506,-1.1619316065768808,18.098598984856842,76.527247315951087,30.790723082470045,53.522515059834994,-78.285730010023116,59.105402266429465,-17.241390209666939,-53.163923379003009,3.1351208545540175,-55.626411679038952,-74.3000237921962,-20.044205520915,34.396398057784559,-68.585155654187147,-1.650810142149755,-8.0514408345672503,-40.667731232710352,-18.10655714606812,-84.002728879270052,4.7646156019970869,-9.7084445968070714,-36.704968540974917,17.256202727270487,75.039775377268327,4.3015026018223121,30.215608943546108,74.789363635900798,-2.1092262753750619,54.954766635300928,39.614829990533977,-36.34836938644596,-26.030726392038293,67.110829999657341,-31.953454395849747,-70.970022241583166,-7.0088185095135405,-61.532969635249295,29.541523598031567,49.062946752380334,83.545295030375883,-73.423377822453674,37.139097025686411,-14.42975589926964,31.51526528256052,18.263491188649255
300,-26900,2.0222936739495885,1000,217.82866369505018,685.21277803838404,49.032340040000364,266.90049216106564,133.84963056615368,812.10973855074735,350.34937399491258,466.31557294229225,602.99435666252032,363.25024674409019,273.87756432958486,293.04288265229013,634.38148172747083,81.45024241278071,498.81421580230079,535.72314693316991,71.507205935595181,383.46931383474589,18.10366395643257,572.58614539271559,871.95309463644116,601.6055512438013,270.88739657379597,846.88170908377879,633.90703719098349,433.3481574627765,856.44051758936075,863.71300713967662,926.93079747725699,254.32064617332261,755.07972449294812,415.69464483233656,335.13645709672272,821.89639649760545,505.17436555528417,588.74622360592002,356.63755827886422,661.32690365618623,499.388933078496,526.43435603046169,684.22807208679274,633.06045477523094,382.84303581686873,594.01599328418183,272.43870761358426,196.91671334565723,113.49223017370035,175.72357316910532,57.969158772551907,72.288056280211151,262.55552930154101,148.82945409137295,657.62635344170531,640.89562491202776,347.00285303896959,200.13608941958691,54.143263989616997,907.70745768072686,269.2592341573428,426.90801395144393,757.54633728031763,10.110609678758294,666.52848578737348,784.85220918638129,841.91493785724663,15.432690957374234,534.69807009057388,783.24493219823671,139.48263451978411,726.57266594443331,654.4155638597108,536.56993903859734,867.73315260248512,184.50627963571281,16.955712661586404,860.06496129277468,285.17114688897283,776.81852960256219,628.98709458993051,798.53574667968519,306.03649388688268,185.55636773822079,183.39661133037194,711.87680240068744,666.70464028436891,385.96181021349372,780.98664178383422,480.33305595024086,824.49115851959345,107.63029846085428,777.67843708013197,14.084816692419798,375.57171986988635,683.75309989589778,430.90126069426765,715.86789647793159,588.36176272950536,193.77474203944755,177.24086564305071,-12.463491540681847,-24.102695290628319,-38.278970736679597,-33.856612209955429,41.993943580578097,-65.805985794137086,-79.495539321822832,-5.041744969719911,-26.189638009125321,-62.011274561605767,63.135219897860637,79.984382150962347,-43.896481756910809,20.410167346455438,-34.728251805952404,-55.733047575358981,-11.454684288452583,64.504918004762686,77.84911546815502,-81.050226603893179,-39.293533211361378,-44.52614282377013,-79.093774926069983,-28.777263823661201,34.867707866361904,-81.584768213939782,-66.395935185536274,-32.739007911462735,-51.665269966065452,-17.234947326636078,-2.9995819936503807,62.603432677459878,71.826902649159976,55.451685584122771,4.512865237250173,-18.17231223424837,28.444102352283512,79.401825389431508,82.447740433022247,-58.605794137393183,65.975882578158647,50.742263616406376,5.9722567674454936,83.889267837357593,-48.347367827326281,-54.547301047988427,-11.560016876140978,23.44879695156067,-81.946239747587484,15.774104825965248,-6.6620218211148696,61.081469106408981,35.873900730667295,18.882090932126715,-1.1322055754616507,18.435947471556215,75.075194365022043,31.435698389645655,53.787113556487782,-80.31684054268824,54.57131696048954,-40.682083426741883,-52.208314971463466,30.305854899288558,-73.060387774875807,-68.663904188035261,-23.728397162592344,35.04422674024169,-68.624416005594767,-66.375260250060478,64.521047781172882,-38.38457108898811,64.787305292543195,-82.076151799838001,4.8501370483770678,-8.7831650210147512,-36.866474059753045,-0.9406834803164843,81.594902014551096,-1.6312886420500448,29.383017716253867,80.718137829691301,-33.020697177690884,43.484261627235021,39.559692289627954,-34.744070569516751,-45.050615659607331,63.392213154276178,-23.390664779189592,-66.23442012348039,-4.4535277695789564,-56.449831643289095,85,53.608183673908563,-63.959251631916615,-72.257869750021612,36.976503320144026,-8.6087325000314507,29.295077948822495,48.907650740536205
39800,-66500,2.0179504621955977,529.06515281912527,6.5935362682155851,364.96997623660229,58.544925205402848,185.62728233236314,104.10732095653827,863.86882960233118,331.15860652274051,372.32603833509489,604.45973306704968,107.84377309790109,276.1974231508263,33.105903752852953,603.19729331901669,109.55957252889822,594.61028525884763,709.26953466808595,79.302883325046437,396.33965587151607,800.16893090658641,356.21795382319323,898.39991795854064,555.2751394426291,261.90165029031931,875.4044459589079,166.07422990626907,447.31959136164409,313.13369606993382,833.00105022400476,134.0107189871577,240.09859466566135,275.75068147023188,968.38000651555899,801.52368459530885,817.38901431734212,511.76978611685792,595.57686037757594,291.33764008269463,647.75235190310946,506.6731736670252,927.63824050564062,657.22842232773678,620.46636110460156,374.54974111415322,595.32483969138718,285.79112475978502,191.32356157942803,323.79898960764586,133.97942476252891,597.23161863783093,37.397198629066374,810.72528144264572,184.7434353384503,626.94813240561234,655.99967229294725,361.8373657270082,188.21648730342616,921.16942522055933,946.45402881842051,243.61876939502849,423.16381419105261,61.859934158265276,651.96128097362589,259.68749401449065,162.94453873350142,889.17535698891436,901.12832401717355,544.1482126771707,635.15480350873906,151.61191377693638,751.21589963329131,915.65296490283606,39.119768478287284,822.71209260396051,501.7454480094666,290.79861860951786,822.63475185892582,174.57367041724717,641.77620077550125,42.986754192308958,801.71232648779949,309.77925278933634,297.2191364571072,219.29082928709798,665.27764365389771,681.88646422230659,427.3859395938353,763.13760983031932,457.60932579911037,820.80895906126625,131.80932734777224,721.22463960100595,927.40421611283591,868.05229194579033,663.98899978644374,448.96808787302382,723.05001707048586,580.606670521826,194.10307614424511,201.82204760214501,-31.056306877501942,-39.427733353120651,30.519717859342453,-34.263920805601437,43.115353055976094,-66.343046887990553,-74.578905431268879,-5.5063100632410489,-32.123711417981461,16.802131064689174,55.434169716079559,9.8074922331631313,-43.891009864436853,19.724821693906421,-51.45968878692468,-1.1627360318985278,-12.177935598791908,67.670673421737689,66.103765237459299,31.889705359502251,-57.123664484202081,17.361045031689684,-78.370359282172288,-56.157762717574421,29.565073665612097,-69.448193153079103,-26.818584469441124,-37.761724687155805,-50.503899298110127,-17.105429502331422,-3.7120535404014321,66.03984283494168,75.175670096661051,52.549590055405275,-84.9800891153089,-13.774292438617019,-7.4260208215291659,80.589167533503357,79.716723556172624,-59.612316301324825,-78.869163052678331,45.904470064935794,5.1776175006858276,-1.9658245962967342,-24.254291523820164,-71.546103126574735,-10.770425953873804,19.357226871404958,-83.339892964972421,18.07395733456276,23.703038299010785,60.857610260826071,33.052660194428071,-74.066466868251368,12.55960815912996,15.729535306733005,9.0526966684002037,60.839880137218884,52.392332662163689,-38.415821527103013,61.0760477561915,-17.879590472424798,-51.313377648076823,39.373852914796984,-57.853518393472839,-69.062889734172032,-22.582872163723245,31.158707014389943,-68.61303722423159,-58.283247392040366,58.672710991120887,26.357716649710781,-22.587049667722923,-84.929361482758452,0.93606047354759347,-7.6545357918823829,-34.380178997272303,-0.502168527791099,81.37710846940314,2.6032257796949603,28.270839739128906,81.530992340704501,-3.8970219337101994,-39.897434195535737,37.665766833426659,0.18694459007674524,-43.465170863710149,65.549399244398089,-23.376147627041785,-70.150391875950405,-7.0372491232258794,-67.566588793906064,26.052524595437749,49.394483907823641,79.810861306181607,-78.702466312097584,36.820423979628849,-16.978672189028135,-29.362488640606006,20.861833039428795
51800,-68000,2.059172551541852,317.21356658870104,4.0481203787413333,292.72135919527108,59.715870350413176,259.45321657502154,57.857613949072551,548.39392399666372,131.72434041386447,375.86915980672131,615.62196462616009,106.24965158746653,372.39180681924256,40.598082407872241,594.63457809099123,84.71673290114073,570.020977066922,714.89392135210642,69.183702019387738,386.98892144881171,797.60194725293093,506.90769218552521,922.49515988787755,581.6957152427151,262.02896663110482,843.92149244656434,162.95458051421602,407.07968071517183,857.60627781334074,830.63736832930067,128.67155571171276,628.59411072148919,835.16867478749816,826.09329720988023,871.32419580094597,818.60589414388858,547.04967254421626,391.2529374434597,486.58375935257033,458.55807839167682,513.56208640730597,805.87891856361432,233.58000854167918,526.18226949140876,250.36938275432885,595.28127344279028,341.80985514572325,181.43885463646725,324.50624604632975,169.45808034957537,565.66668655675903,35.134052179537811,813.33940543880726,189.31370546868166,659.44863806307069,874.87632110002153,663.29730857453683,430.19515791842531,68.700253275156726,501.45020248187632,663.78373879727189,428.88184233208466,7.7664039675741456,677.02013061943126,247.70618644403211,808.60147042442031,653.28496651347223,963.99806213905629,445.87923370960857,640.07706934317707,163.05964879516242,718.56760666695084,532.94487942854551,530.85495232561573,834.36020307384626,523.38578097699781,275.31607330727599,822.19386863138777,161.06825284840789,640.51167948960006,73.596673123167108,796.23774215949186,295.05560887261021,274.67540627279277,151.60913375492765,841.04115697509701,633.87326790405461,378.72871867717276,749.74101327857136,456.87403016770799,448.46849184512047,454.66703029112426,722.97851696108273,23.032469101922004,811.70943206541335,810.81104587602408,450.07265250894699,717.27298641559628,579.15371690378561,340.0062931537766,53.842091136302606,-31.085200286156507,-54.960954537766412,-32.572015594946578,-33.685477487924807,50.212505259425235,-60.596672952102736,-77.326427371791823,-48.082436188310353,-31.140310392048349,15.345423290567521,-78.120214372812029,5.2094343217616501,-43.723153289547,25.365873826515326,-51.258358273695038,-10.404903738706073,-11.469699213679085,64.965025619199778,71.153814111208504,1.5124387655285516,79.095611553788544,14.58719121779786,-84.897790290173589,-26.43877964963691,31.089999992594244,3.9674164720503811,-22.550594065344125,-32.131724598337186,-53.149707760381617,-17.072280058616411,0.68583337461189031,-15.186493348626524,77.024623694510382,-31.976133551090239,1.6126108877977359,-21.037156024505173,29.330305092044288,82.096736526468533,73.035660817413827,-61.69611897948058,-48.7574251257494,-2.0851504468481217,5.1239128066994954,-8.8654244974823531,-25.692805160070673,-15.665324933060141,-6.9187376449730289,77.827815040541054,-73.745482950242035,17.062070654399665,-6.3661607695156066,61.280833182719164,35.934550224803857,-79.970731485718076,9.8784353510828939,16.052485937216531,-34.109973606943448,29.89252515450756,52.382311072163731,-80.525655869471279,62.657009983248564,-12.739271556718954,-49.604891226948496,-35.61259378146007,-78.132973727534477,-32.468611882783605,75.970783593128843,40.612095790039035,-68.611681880925374,-63.327513521785349,-12.967609381821632,-71.239308566585393,-20.905676854685044,-84.871135795943331,-17.43772428515431,-8.7545446629554569,-34.283726410626535,-4.0373343842390987,84.232468200017109,29.260606753094645,31.606166141100076,75.694170979237867,-28.724424873279894,-51.416918361757823,39.716744298002901,-34.994963617509917,-27.271529131566254,69.456207072827183,-24.692253276484784,-72.354295010084869,-4.8013643466725542,-62.1595998968386,-9.8129314336795925,48.848265249783537,75.854154133277547,-80.524467928496918,37.022675652295888,-45.442051952468518,29.636968455837017,45.403759989946082
5500,-60500,2.0179646760808208,999.98340205371801,171.34820636804071,681.64162662671743,34.935639937655523,187.31408983139997,136.68408381570035,816.4927186649561,109.57873430527863,476.68190434237579,604.47991432164156,139.27073815388249,79.151656914416819,11.794650353127224,631.07624899798282,75.470498795659751,516.77018648913634,692.46257469240993,45.511845136777048,388.87805462942521,801.82340448329956,526.72282257776385,911.18887832286748,558.46775111398699,266.66663165733081,872.5823052796402,944.26325526582718,120.0933516289046,25.515063472758072,693.64386244156958,145.24816689998983,648.56143903361692,798.31064479706276,849.31788702783058,510.59005794599364,814.55972740228538,985.95690378251629,218.17529285516747,429.45983628103767,123.3382659981124,548.25065550188469,824.13173402158225,696.1143675135221,620.03956993481381,382.47204296051547,598.20430370836607,390.06608465124827,207.87963275923784,116.92724215488518,164.94767502699739,175.88563450465199,35.113472579503224,759.97658318413721,156.30111567801623,629.4976778713434,625.7552128405888,349.05381392533513,187.28080316638267,868.18763754962106,920.747516505813,273.35946353187018,444.37484805759203,822.25742263783445,619.21801583753972,461.59991856251128,815.08283391865393,913.5580239057058,537.39771092647425,517.90424679811042,797.10355730278957,142.08269429974371,752.28355155604413,581.07342168673381,527.77391173627211,828.15930023742544,186.57687632513893,25.698429256296834,840.13870313076802,321.18113059464105,768.40152977442767,57.227356066030836,798.79772276301867,35.919731057112074,290.82132805946208,188.44944328605223,317.81029409531573,677.38223929755657,427.79985199162229,758.3541309472489,480.99374584916973,824.85123988723683,134.72330117908049,734.87541747353032,67.387500203261425,786.91447079224588,661.53396058561441,83.576422827281149,718.44581380229511,578.87746355827232,192.94753746855136,202.82849472062463,-28.754575086070084,-29.983091872796603,-33.596552107476938,-34.272048973624891,43.327761705453845,-71.336230795498011,24.241514285287355,-7.6101414682009834,-33.008008399381666,-76.090785755900839,70.114525727012477,15.496903489826074,-25.411487535918432,23.400633660586298,-49.168447411285129,-1.3027290177746393,-6.4302459692522493,67.281605707173725,72.040881503756339,2.5662157400088006,28.586290208770198,-43.604227824805896,-84.538108103900854,-53.274298247278658,27.22564633019817,-70.613850173330817,-26.167864045532937,36.49805609347338,-25.79400072537657,-17.096514632112932,-0.43921472947669127,64.667782299632194,75.043688872580262,48.881081890288236,-27.660177953374482,-18.036039190792387,28.415294406243152,81.142163771208857,80.681226472497869,-60.642799781331526,-80.684785793415671,43.94886885159292,6.4053667823223375,82.008112561592696,-23.610263476564693,-69.27998119507987,50.956759280422773,72.964359504953791,-14.924834819731164,17.253974647611543,-5.5761492618802961,62.238292895636064,33.91652259681382,-65.068722475888109,-2.0894080894777889,21.603090153728509,26.375122952667635,28.975482433491603,52.416290741903751,-80.386922332043738,63.478428952489068,-29.397726712645103,-52.522766196328391,38.769439858329925,36.290532636452326,-64.495209557816025,46.288801009485951,34.738549785846743,-68.620536516845519,-8.1885378070272878,-8.6555580542315091,16.446648799954261,-22.276841194663458,-82.675235289621028,5.147815537067034,-9.6366382070428731,-55.506141661963511,23.195511450609089,75.193048548905338,0.74708388541098325,62.695134197293591,25.966599031918044,85,42.163969045595316,37.389353236498444,-35.925273742223979,-26.176967208597809,71.489503064505541,-33.167409384354748,-70.516386228606933,-7.0118725377341748,21.618329697374691,30.508383243836885,49.480016324301275,83.022354585705713,-72.101866358052121,36.80999184228957,-6.9063201550512803,28.89970641066629,16.345275920373261
2000,-50300,2.017741183785672,999.99973820207504,218.09553701683899,679.31041345811695,30.502017364962761,218.29432495003604,104.66423094744674,562.10116763424321,344.12196867216221,389.12541722856849,603.81798491394795,116.12800229068677,124.78081815921338,272.92099018134985,706.03857878185568,110.13112608428837,526.32997553219195,502.98990839513021,92.629531613672057,394.56807902304621,813.28827243871763,546.53912215382684,869.45012590762531,600.53887990993962,270.63938770504052,872.85229087686673,914.01318795610518,455.48743850293033,855.90909131925025,858.66367188113145,981.50341812818465,247.9116709130372,741.65670543713532,52.772723032377144,393.73439955843725,829.57147844329893,483.59877659906118,592.4319181277483,975.30406040139474,125.93536493285907,665.95584316765337,526.3665472126446,684.96860604097321,651.98285546371756,366.10343308987086,598.31719509768436,272.62850018621623,209.77660693932302,325.96199272206422,174.2630765829027,57.094960244658097,29.147016916169708,247.63803879481736,146.51233060299501,656.57910247122095,631.64163563707029,349.23091627179946,199.59354795687432,55.84498651323068,509.35832769426582,274.6620009941085,137.08571598659179,30.397559485767147,153.64201925999868,650.03758102293193,63.866353421850818,832.60088304267413,562.10750501357938,516.83325918065668,782.52486052041934,139.50726103284839,749.78285149555347,938.60456078044558,536.36050009156065,814.2940604697676,160.0261072612706,299.9214484466309,803.00126424009693,288.8004217397131,777.20642257016573,84.195977133309441,798.52014923463094,301.71440768443233,170.10874247508355,148.19509962841511,281.57917985809502,677.36196027902463,375.09337633790244,829.36063731403146,480.30319674477488,824.52434937198484,108.62927463953793,721.73404359216977,1.9664343401659679,787.65473683893049,666.92177691405095,463.59181516494277,719.01737976107154,586.88846658393436,230.74713276907934,175.33878135302677,-23.169031990504863,-29.81868127947596,-36.235282560785791,-35.921005545202206,40.738982764027369,3.4051895701239516,-5.7949540491001343,-6.7412210491516156,26.224894780841232,-77.723513645651067,59.280074004058939,59.276457365820832,-43.879711908002697,20.13676914924288,-69.677958127383192,-58.17898267770444,-5.2565379173801077,64.701338126971123,74.009054381109721,-73.734176274838603,64.590174801808217,7.5175965015964579,-82.615387387505592,-26.946484264674233,34.484406629185223,-75.005292486428161,-22.060442281279066,30.428852189874512,38.984883922226373,-17.086556480585472,-20.698616382858358,-13.210534770920876,74.596970235474899,54.310774286094698,4.5703182878553736,-17.819616157013506,28.423797430697608,81.284400811292954,85,-58.277033933086514,65.328058345168785,-6.4931560733101534,10.659987119303514,84.018042062163659,-28.523519591296786,-14.01393065677776,-11.818649521415809,25.734112908698172,-82.786405416257779,17.455593949290627,-9.0142815004248078,61.083232838353048,-9.3071764262953902,18.950440398962556,-4.0728235007976874,21.47978405491552,79.237544426811141,28.654313247402424,53.269359100815912,-80.791878357963142,55.86340324291946,-38.057330837821638,-52.231952535701694,37.904140018671185,-82.511066225592103,-71.821013518192643,-25.72373117782249,35.34601414157413,-68.619736079868304,0.84237885093328435,65.231536626128559,17.372408610186831,13.397788840334385,-84.050871268505048,4.8525197139059388,-8.7988386046548523,-51.928034533694458,16.271432563817768,81.595317319158852,52.075652830781564,31.666575989215875,19.795362665758354,-28.657810108505149,43.894879790342294,39.584981390909306,-29.064726872425993,-44.924900538026414,65.070549428219564,-25.501608305732663,-74.557804024666297,-4.2473308805089625,-66.816096058240589,75.279180541818377,51.422491217981992,-63.9241764473675,-81.786760038285465,37.012357227925136,-9.755737922713708,28.320417583766272,51.905735787422572
61900,-69200,2.0225087063202989,139.79934183697407,6.5533418015621345,350.49092271453492,35.069837792677326,185.81188779843782,135.2239032359434,793.9508653606772,258.61329881429344,387.44195148199339,602.94831198907912,107.5485516633492,278.24628039526715,332.51943489004975,330.11384354536574,108.49646475793715,1000,720.0049530425033,88.364416904262896,395.77726795339851,800.86840144637847,360.18364973777182,910.38385528863603,535.11314028411641,261.70011730386352,848.66074480565521,946.48662485173668,447.31437372154261,305.05092861963431,661.38362651157422,898.80277565806068,234.2424407972085,185.9483025642634,996.30042184461513,801.55192390331911,823.72184267683951,509.71132588867732,895.64676153436028,888.24853823275714,644.05328420214039,466.90333903489164,909.19084475564966,311.4528853122128,641.76830803409609,374.52771717477214,596.89897276909619,285.83334882006335,167.46961554231575,306.19850443897553,134.5521150158464,103.43678548890411,3.0810571442006172,728.18554846259531,197.23480931036036,628.03223119667587,862.64226156082759,572.34322807509579,202.38364375631556,901.57985141974768,912.17926946717228,293.80295247214968,758.68256006995432,61.762621677025265,657.80914976221072,259.56306883157765,863.79055048045768,899.17351222569562,900.53722723560168,532.85954446456481,635.23807660240595,153.54644258196504,752.10719748519818,910.01380138388708,38.269699373755046,826.06528000491051,597.74034350505121,290.16855589045184,825.43533223278132,181.06759249061028,642.95492364100278,40.964982885161106,799.00433008752702,302.11850798646606,46.76576936898261,152.21392752319113,779.68865161527833,681.88556747182338,427.56451479084114,764.06833291083717,456.39427916089357,820.97640245128002,478.66114979978562,722.50315537170491,897.3812058838779,866.77485386652279,801.57242270928953,809.20254066543202,723.03608880690467,565.34543293822662,193.74499256516643,53.509223482757228,-31.349276573522104,-39.438238984071106,-33.458514357281082,-34.678102349321492,43.154055715794058,-65.097030800204152,-74.316607574573112,58.845683019355498,33.579136975230313,-64.804355420910127,48.03801351735585,77.769998404781319,-43.891765552603182,17.029292267910542,-51.444075723440115,0.59013332646789129,-11.223871074040606,67.513685356687432,64.535832372886958,33.674130214514342,-52.389069415550992,-41.040232178198302,-78.379323493231837,-56.132324044957464,29.564614631240548,-75.243036742925085,-26.62706161696515,-34.064913783964649,-50.71546417994746,-17.229148396382531,-3.6355101928630629,65.887090423670173,75.174834814299842,-30.049222603122693,-79.65941689809236,-13.811519345906705,20.57559326409282,82.568433401298705,84.951092187736023,-59.546685964257065,-56.100539579188371,44.891212673082393,5.1802312949464788,-3.1290905561593307,-24.547410906497991,-68.959592965748783,-6.2093996630920643,19.391207979428415,-82.264488181082172,18.050107321327008,-3.9867784657470668,60.806977958051036,35.379143327091313,-66.591579114369594,-0.6148709231200512,15.887605275640837,7.4152931541857185,31.623156797631097,52.392280652291035,-38.109367095377394,64.65683193752885,-17.098028779356216,-51.026972649967881,-29.922846081495045,37.913543193930572,-73.690823888510181,-25.33850453592429,41.03823307573176,-68.620106167364213,-57.820304946117759,58.691074995003518,28.269553566053947,73.827728364050813,-84.08302918401462,-17.88697302573776,-9.8412586802045379,-34.387413140341465,-0.81571609934555589,83.838958465705133,6.3842051224627561,29.984339232350859,81.571554394745789,5.9408304155246654,-40.101877240396519,37.531050794653588,-0.59226999410719472,-27.297696250628466,67.583081175661363,-25.062440062350191,-70.149545774836426,-6.7653329737720602,-56.42786199919977,26.114923470457473,53.212690503310434,-49.807125802062203,-78.706382148922998,37.124411756689206,-17.426268014757021,32.940023678199715,48.893071683731456
4100,-57700,2.0212541867444229,1000,212.74428165908859,686.01245758202595,37.19720565706389,154.05904773170181,133.46484637102796,825.97575304226734,354.94046260737269,471.71074296321444,604.9192782446047,367.32272497392091,256.10553913451082,11.642166450786824,626.0595710275195,105.39171068911372,499.87648568876779,704.25204805792259,91.824024607920819,388.98793745197389,802.3480760429178,552.41216561321903,935.5961182221381,558.67712420352905,270.53424329072203,876.04122274618726,644.78415036242041,421.02719212441173,65.88457819815153,178.89819926877988,1000,644.28489131569017,784.81653139031891,16.538315838245921,513.30785454703619,848.50643643164608,606.40445160677677,974.48339009146116,452.26493645216829,626.45709092939524,529.80514116903942,872.17905189293629,704.92358621369306,666.13781328349057,382.65538263343842,597.7461368521997,277.76623587616723,173.0086691193261,100.61142863897938,164.58268988320708,172.02651163230749,34.927767795730965,759.4338705144412,190.64197556049396,612.58914353444538,613.55539049587708,348.86267124681848,220.6181914048766,292.67528192136604,913.83748592154177,322.78148337269107,393.19972025332697,930.75855376788854,607.3470256639697,393.19639609089228,16.318629671194898,533.19782383548022,910.35014610628764,519.55818262445723,771.38220132926313,140.1130230337227,748.67434024481508,634.75892503679893,532.14184828761825,812.57233830842529,561.07801506117471,273.81286137511523,820.14295094742943,291.31981517295031,656.31879568652823,607.41960387713311,799.32569103892411,283.65325041036596,774.06290693228721,188.43769462705666,280.22088367660325,678.68185746263634,334.75576774347854,62.593236381384997,478.06142145830796,836.513394650907,109.16910183500531,740.65982039661537,774.31462168648568,789.13558101266381,797.15348016164512,444.27243729614747,724.20591600858825,587.12251290940048,192.98194383523665,207.09593586902935,-26.868629814317746,-35.200810961329111,29.525030831739326,-67.715372885479397,42.03541617369735,-68.798451846493393,23.450663668488968,51.572646488529998,28.246048301481792,-77.581959029609052,55.406262065149264,12.374141236049738,-44.076969068948145,84.768150536897991,-49.415127430548942,-4.9491858975665828,-10.932572539503044,64.815948707980269,65.108136043704917,-66.83678519674244,27.739000817797582,7.3493639657896495,-84.051319000039669,-27.5719466720825,34.823771159835296,-69.894033489525981,-66.423867677536236,29.719831131322689,40.897629506118783,-17.647726051272038,-0.30906957699843574,-7.5190314865898529,76.553234045585924,53.393793871013358,-75.985953097976932,-19.414420241860697,28.902933515573928,80.673098699810851,84.935241561367903,-60.53302058623197,69.705147532589137,0.15661901601395911,-0.20582180232595082,80.936063991840328,-23.58946321484725,-8.8330753021867601,-20.69787916180303,27.90019001763649,-16.404209293183829,16.80703058012201,-6.7048628974088587,62.263209542313078,33.927677124989088,-79.839927473583543,-4.2649002438831527,16.341673680912336,72.347003852690023,61.402375460538835,32.395775149850209,44.202688321420965,-13.507996070979452,-36.585839308546369,-52.858094332377377,-2.672455431889091,-70.818768529287624,-70.175959702161364,-25.037304980083483,-9.1949454718264434,-68.57481699202205,-1.2798992064943349,63.270119014792492,-72.19430635929568,67.417107096225493,-84.151738396120507,5.5586209259444939,-9.7038557607533082,-37.673125535552401,-9.6449578987197278,75.208242483950642,2.4739166948603919,64.820343339080495,27.735867556645363,-32.314647681515815,-43.843437534316593,37.400302494672097,-35.85239748842563,-42.726963902687146,65.51072846222371,-25.515182428981372,17.369230316373162,-4.2837584344800907,-56.987022463334625,29.449782362539555,48.868375136211512,-58.290732896490894,-72.771501843743252,37.02848149462249,31.885890505042742,-27.508481987907658,49.022807919508324
14500,-63800,2.0585693730776993,978.04572352114155,6.8721652270392086,347.36712236522698,28.85680296916356,195.08639988539633,134.95976239018955,220.27134813042926,17.692912184249202,475.08897725370434,600.53371842839613,353.17349113022664,87.959537377611568,94.334512158105071,247.43008516518816,110.53740346373326,611.60255956005733,528.72374401601621,74.58446215234315,388.96523654742822,846.60527819017534,506.43206392884929,901.3808422276694,196.02753464007139,261.85173635211993,843.88501470045742,881.41307683113416,458.04447814357565,33.223685862125365,844.61092375258306,32.077149400172004,233.64934620966994,780.93201182739881,930.27962279341386,352.18110069117114,833.77430016365224,975.01980439244448,385.64024268013327,981.23753488707405,460.39045026309049,460.62352449894979,812.98406578744869,679.67377526533301,658.58396369829893,368.88560531116644,593.8879919653707,272.7819184534406,192.18776045737951,126.27659533229763,170.52146257531817,187.6088586687618,35.9780667099024,230.2671767668466,192.86669922503859,656.93742484218524,634.82494972926509,348.79108756960784,186.08514749955958,931.25830364212231,895.89511632650715,268.91821913691217,753.27491461368334,894.79561567789028,7.6630140516998821,387.63150470623896,792.4179779377863,897.2960535159126,959.7480390428517,516.94708284796934,773.14885453955537,139.50206322360307,748.34217409933115,959.43709436396193,458.61445111851754,827.57134846048507,189.6717682533459,274.27454697345934,803.75510910496666,132.30558012300958,649.73858716705195,597.42132225840555,799.03593422270353,279.66772580288364,274.77868276056364,187.28922402261892,734.90713685023354,681.55038685827071,388.5352165087661,730.5811257322207,480.82225014483851,824.48888664236529,478.67024932596905,741.5744907063679,96.464997778211071,761.61436241577064,661.15234761224622,420.27755313672321,719.16410279207935,546.61698079413088,192.83329018926082,195.07356325152517,-31.413969254991667,-29.722112963363163,-35.029316988291889,-33.305711762275862,49.79922506467431,-67.777063717889902,-66.820990021273218,-13.358501573402869,22.41767470712988,-76.603244428535774,49.672344240798608,12.017589692442662,-43.88370816658243,19.339660112327227,-45.702636255015726,-1.0622481982761982,-8.5734648770946915,67.449298186923642,71.351209883663714,26.893982940981871,25.381653234057691,-44.501886932118694,47.161688126221094,-54.915181653054681,29.238884585222614,-74.913082448367902,-64.723411953103081,41.186925463788896,-24.065529603323519,-17.636633679013926,0.045000095056912937,64.713757839072485,75.053534562525755,65.133797507024582,-76.380623108737225,-17.850793454253576,29.036632557465619,81.123814507795643,80.890097780367824,-58.451606020327802,-55.019454694239869,-0.88714728449411595,4.4692288168229126,80.034771268241599,-24.835959476483268,-5.8939550864339552,50.49950295099061,27.827517909714494,-80.620703286062366,16.908067769526344,-6.7645794117596179,60.868964363220378,34.075631447341308,20.457091197800001,-1.2683226999385964,20.83973866436471,22.581436748968709,-9.9922604662163259,53.456290252259095,66.059801975107021,-18.581073848638972,-15.232290516615182,-53.221848539449013,4.5364394879630794,40.104428154717368,-72.317148836550061,77.538860059862316,39.964180268848438,-68.623869894243981,2.1093385160882159,61.35130723212098,24.318939270885796,12.915058149827455,-84.020022301809121,-17.533039354602316,-8.2918367857297248,-35.950539278756239,17.290598602567247,81.605936653616837,0.38781899863600433,31.31858509504201,81.226947794068607,-2.2476717365874723,-44.657076599150024,37.422872648034932,-29.518058774538495,-28.604869515084157,71.829990722955088,-26.666083038897689,-70.176273176460199,-7.0345780008730578,-61.217300355483076,29.795161074615265,49.588340297099435,78.634024082736047,-72.402458281963433,37.119384041302368,37.443179714055233,-28.601206230446262,49.402684648424483
64300,-69500,2.0213062375440343,95.890255796916051,3.4244672472089444,346.62959140965137,66.712537695094127,265.87032958513811,134.09878967936257,564.19091620583345,327.98806570555399,373.4226699251135,601.82317462221863,115.54839830694232,157.92237448169823,3.2187514390173497,651.08099551634064,78.591231602073691,618.79992034444706,519.36362374788393,104.81451487576319,395.2967355431461,845.82473493614509,304.5696551703133,911.89421841062335,594.558474989042,266.77235361282089,873.16931926307041,633.39073590073997,440.17682267826939,20.686948319971066,854.99310142087052,169.71123134789866,664.5170569951174,12.340788997071343,934.58886801010294,290.27490384019751,511.80352293236245,555.60894285332768,613.24226619848503,360.88535115444557,452.96053208521772,536.55125211937889,767.52630533132367,683.44079713161841,404.2807699770633,345.43483884213623,598.38577477337935,290.2951522171569,178.04761747152662,321.82362494601375,171.20156381887406,49.143353802625285,36.744100995747942,279.60889139924734,147.12751170255257,662.82363439357255,651.26998765338908,358.81055898349052,201.57173236953312,898.54369593549177,507.41320269684542,270.33925826167911,791.50287555475336,948.932340938994,161.75472531008324,277.89929977543335,139.69858083423111,556.20250219765012,955.11912856667072,541.34151789016823,772.2379133956282,138.39635021907208,751.4020837775995,664.20611298469169,529.96052971143251,826.77333776093212,175.60335622373401,304.19299364648782,804.01453031604126,285.55208913084152,766.20845136785567,624.118532791706,801.58669157710096,281.34200899953703,126.41224650077487,143.61829337360069,753.49693420853839,676.9601052656584,424.20517160312528,117.83259590654467,480.21917997446991,824.81006080930911,108.9660784793905,721.39373289535774,7.5829108899832818,342.54460506347419,666.74372816322739,456.38916309102331,723.78083078800705,580.27606387534399,193.76138407597099,68.10728800506601,-30.029342296290359,-39.541392436615808,27.527319233238302,-34.271514087994277,41.946896021343356,1.9534386764944998,-80.30401990278915,-9.2863628752501093,24.179645685190067,-64.223230220009356,55.383767573596884,9.1227605544062556,-43.840779094288386,19.723074537697592,-47.405220163164849,-61.433320881459096,-10.284202851251852,64.715102097041878,-12.64965807793012,36.935435165766854,62.51084530072734,-46.597442401174703,-83.938260997866138,-55.52141786944307,29.866332792127661,-74.729283655467114,-66.136756708196842,43.570199473282727,39.041371165397578,-17.068492693252065,-9.0876706860810277,54.963972899405832,74.981308226732011,53.409738939387005,-77.48754667355206,-17.285422314419034,21.920312453352317,80.982993428473193,80.627403557202996,-61.876881719383633,65.242589443045745,44.509083816265765,4.8646677966676162,-15.973634282252132,-25.368602766525818,-71.720207602263457,-11.85098029546343,26.585083842252232,-14.780134150806639,16.956210300690493,-6.6904612774813623,60.800815011205465,33.035043530287631,23.306893371341832,-3.6337093000829768,16.797460717463583,-14.920839399723459,62.220435379512516,52.520955647508359,46.002166148252641,54.543262865979408,-12.976706111670236,-43.747439121648682,39.387324708756914,-63.348988042835181,-69.935383234138072,76.302247775118701,35.446495562856377,-68.599047896463404,-1.6397066081113953,66.688350883765764,32.43483271746662,65.263141729350764,-84.055153342637112,4.0067787878195391,-7.5400703221238983,-35.449428452677999,18.501381157291117,81.365137771643731,-1.1966287015060928,29.667071219954565,85,-4.2381869673486161,-46.089551361746985,38.658648381038432,-35.787896012505001,-45.29785464567523,65.215011488566262,-23.366975779537537,-63.179475446792765,-4.275547302883143,20.191342159768158,31.491191272233486,51.365526850383773,79.515270846321144,-76.067763215894232,37.577911797513664,29.541947953201387,24.518165397536752,48.929660551081582
6000,-61700,2.0217515849475607,1000,210.80107464992915,678.28028264923921,65.969211507653583,189.58002050245312,134.16964539457626,768.20851088809763,22.527840244913733,374.09194319311695,604.76615560398307,136.10088524848044,260.64067662993739,3.3292192195423169,636.14621413233692,79.252083129919583,507.9524248127168,517.07474649074175,92.11340214900936,388.98400055688865,848.55849033797256,500.951775578754,908.77975769579666,573.94974176217215,266.48998890279944,872.22626166714076,945.46464761229402,455.94210959338238,4.1126439619234247,703.90258393349518,958.93976482722678,666.44794225546741,758.15556799203046,377.36752003166453,602.16618257660105,830.8931780967589,560.80043592977313,380.95441337655024,1000,448.08963491044517,657.83990349639964,821.91661409211974,696.51380240072024,662.46599228023047,811.04109132645181,598.41080719772197,260.50840680658962,169.717114975502,138.93864529606202,171.59260419160393,179.91479394666595,36.757016022957089,768.66520089067046,146.85809871360445,665.24773813156753,864.35444922382692,348.96031869754756,183.80585304320644,264.61012957250171,916.75353164635487,268.6118931836159,384.31510954261296,949.31699288414552,182.35947478169112,389.25010386681896,797.10595584952443,556.44146084272973,912.16374351020454,542.32414596730712,770.94315488184202,138.36271513554345,749.15414641430311,642.077918769147,526.29682908694963,826.96180575432334,559.33048095431286,24.893281682825418,841.47645578476534,281.09428409255537,656.85455113051489,118.74874645600156,799.3165620493736,281.78058469778034,816.48788429250408,188.46638872982311,284.7213303707432,682.04776368130388,425.93942845608535,731.65762913026163,480.7194199601027,825.25748745511294,108.40422132151366,720.94941828868809,10.833504236849379,384.83963005374562,790.59158395488294,86.172758272762366,724.40847387783379,579.85197413089907,193.77556036692846,82.591710909808995,-29.977552255422403,-35.14048771986058,-39.877141739442827,-34.201286704444954,42.046145468575538,19.572354389699321,22.815977651395258,58.906728305281646,20.240577300199025,-61.626078442031222,55.260952268354721,8.5223012926405275,-43.847353900904061,22.383031313648459,-4.5530366070937234,-5.755397591443713,-14.212845050917872,64.660426147176651,68.847450653665931,-57.719175958239674,-42.208551474768967,-46.999465043209192,-84.031385493961011,-55.579144814354869,29.555765648099257,-69.811135279146725,-65.981403392925145,44.353139053729194,-26.958116332360667,-7.9388549060634945,0.048135386776821498,-7.3485612377050273,74.893279529689181,49.913907633034064,-75.9774637934146,15.839776887799733,29.0442365127344,81.119946343640265,80.571483775728211,-61.913088058918255,59.116054198454542,43.364452684694911,4.9820665075400674,73.416414285744466,-27.098108773583071,-72.423126570500926,-20.62025394299873,30.064932172312226,-81.345628322519019,17.146203872300504,-6.666922495608862,61.625247027210278,34.107860187096826,24.031782810622285,13.471963702825883,16.777610445770836,21.54824370427874,-7.0071525168808257,51.591407354391265,42.949307780316104,-12.727291375888129,-36.334950692920856,-44.084308003976169,38.043843737733702,48.28471894763841,-69.921922390436862,-18.309968617717342,-6.8606660970103599,-68.588452819638007,2.2803588754433752,65.637515114065792,-68.042749571029276,64.547955505327096,-84.019973028931318,5.4983794725567519,-9.955755536607839,-37.047334246564105,15.32952282537261,81.740546101632546,2.6206810657394213,29.071340750661097,74.040478470018215,-2.4556778384906703,-44.693601713012754,37.301089614095424,-35.992022662345043,-26.118988284565773,71.847656546837158,-26.464521854619793,-66.639135238232882,-4.2145515492260017,25.004172742306189,29.419975044647824,49.496381513518777,83.365835976730878,-72.729357069162404,36.84987709753748,37.13401645923809,28.192976732633571,38.700750190221733
60600,-69000,2.0043177182616034,162.26697166061831,3.3191897546823879,299.04174257260331,66.831932050791153,270.97133415845434,109.42579525508474,499.27524009406272,123.81369392570669,478.07790710281688,617.46287117384168,126.06657215775769,161.96774036655324,66.716591083819893,659.16637162474149,107.79191058543815,614.18985032324474,524.09339138813493,63.188228767650145,421.40458833528629,845.22152933768041,324.99740540655756,911.48386584385435,578.37650415194514,270.61290329681975,873.98466372385076,607.6385101938281,472.28148069526787,367.77958210843013,856.36959784866917,126.21240094195906,252.80732134193556,771.3597106694275,951.65158697601646,291.65252195664965,813.60553708392763,483.51758314247621,922.18827500065765,966.53138119733944,422.66970400424657,459.82150894303618,815.08280166342468,253.48953519826685,413.73561195241376,343.17087829173005,597.01656262898496,393.20871869110249,190.2088024802585,332.19554386555228,136.06610526874201,567.47892832266939,29.671656049411297,849.49460786939653,196.16361776501972,627.37076621664301,649.49942466921414,358.88832374176201,201.37855720420515,70.385361562658034,983.4327735020164,266.67928377103618,158.2093567410767,22.314271363281136,165.54833631776739,258.40502178421292,49.071636495998234,561.82951509187581,956.58150267917642,540.4353112703584,647.39691265839997,138.38773357459908,755.97041332882554,929.285570910763,544.28469168918036,826.1868250884695,583.91390629269597,273.6366006612609,800.91917471429349,167.0102223377454,759.63762141954771,64.881486431179439,799.09310567317925,305.33964677615279,42.750691358941197,151.29750857291188,751.87246422615385,667.49520989400571,426.18902520754193,133.6801067865303,457.25050411678058,845.68579878888181,120.98265052002152,783.99835179451236,808.60701217776432,751.43331159287868,666.72072900020532,454.44645831348447,723.7866793427545,607.82976759775397,229.34068798424244,202.5907945838313,-30.929661276402687,-37.796164395533111,27.432706761389642,-34.710212268798173,41.041580372255446,31.804997882254476,-76.894354665662703,-9.9927604784641844,23.055866150085848,-77.428213084839712,53.919006180223448,7.929963676544233,-42.667188498433184,20.986769159639408,-47.352636232852817,2.1511825148029722,-12.297901143640594,64.830215811468577,53.572854345249866,-69.23271381152145,-50.350042403866389,-41.543603766586827,-80.206171860967771,-26.859585373370169,36.569313142496597,-74.699313968470932,44.466894921546874,29.080681935380923,-21.593400859627085,-17.219526654272201,-8.9390317917256432,-17.823734333902383,76.778388035833913,-21.825576649145937,3.999152584962367,-20.281701170422835,21.963328454293269,83.575414085309475,80.585852647349896,-58.423761669780525,-54.45836928934709,44.535650501063046,5.0129729912997556,-5.8488662557435376,-25.586590130629183,-71.306773066620366,-11.907795913795914,17.18030645375768,-15.199371861797738,17.654793912974426,21.956235245251097,60.805424566721101,32.791354788198511,24.876453188183866,-0.28686458592477465,16.853211517754733,6.1298859420233001,62.432831059254731,52.280701902165184,-43.218755113778613,54.103473500232724,-15.990095615709782,-51.107952021358244,-36.706110471267905,-57.20088396887239,-69.931691111297013,-29.474892118514131,-10.426419928684792,-68.599536943868983,-0.6996501359364764,66.548460073298656,25.289762952027836,8.6480197989939143,-82.189196357952241,-2.5740702660487056,-9.6737163578434071,-37.915365715717805,-1.0365610696059946,81.565224267304572,33.643226899417073,29.925715435262187,25.056279089331241,-30.825210045488088,51.774328503800113,37.343048279335036,-36.084488998696052,-26.300482529190781,65.217613262612005,-25.577101459718506,-63.315444357146156,-4.4509042684571369,-63.370444225202135,75.141023016349692,48.896678616707909,75.230403434421021,-73.006994305089719,37.012067759435844,41.094749230550747,31.708706086208966,49.546083636554819
47700,-67600,2.0222065219281284,381.27576501583525,12.632333479385213,325.48993252341216,66.059703862110183,822.32786462954186,134.57439757299596,757.39260574116247,103.93755820590903,374.36794856188931,603.14787511986367,148.85448180776831,272.23941210001209,1.8298127835712066,265.24050229232506,80.374211397167414,507.91561382252428,698.9825073808089,91.243943044134824,389.27628369224982,499.33843851682974,547.05374392987017,909.04690027551726,561.8135644588275,266.56205710563017,872.27951541600862,84.884282693148407,468.85355381010862,841.12419905144884,695.21299200872807,1000,244.14402977906855,696.93655261611661,806.92689471421863,296.20604417092744,816.55911497962234,544.08260058913152,456.93059194749094,983.95351308104966,410.82012930048592,659.56191800349029,883.62508782544262,671.69400892833937,630.6702050727406,794.41363802533465,598.64255123373391,261.79964490487367,209.74789582342788,333.146859876718,170.47591855960971,180.07416244205507,52.034409268901591,695.94567190029898,143.52630626494488,627.66232326722502,869.09986441648869,364.26110419474253,210.42852026238717,904.86708544870328,891.579158858656,274.45907590782565,770.12910839806239,89.065610919885216,10.20292305601231,478.79664229317405,898.83397626650424,823.16369936654712,915.16104346448412,486.36573548027468,644.70691980272306,138.38327103647688,735.72669488724034,898.92358790251592,460.11494516627931,811.85186550286949,186.04227812368143,15.673418214277604,799.06474893178131,290.14628208889553,765.15891941869882,79.874557608040561,801.76905382961252,43.282467560932034,182.3834556993657,188.67401063200745,749.80956483260672,667.89907059977372,424.16545357797281,127.94699392580918,480.79964337806751,825.90524641826369,484.82003049931836,721.37815839433665,4.6347428263185151,749.46425956769917,665.11931625620662,158.83590348382916,724.28610579742485,579.78920095103956,193.77119714363567,55.34672341284697,-31.158352275013488,-38.918161318256821,-33.795905362502403,-34.209097377139443,50.147369371612008,-68.381756078250319,18.101120772765093,54.142325385332889,23.049299907826818,-63.272464760234996,67.137587320087988,64.826809313056657,-43.037459145201062,21.638884615479181,-3.2403476459564473,3.6935160265322198,31.087958240582694,64.764952596377469,-39.127516053922577,38.676914979577958,65.513328255782,12.710688592404384,-82.073793728267702,-26.59755127286018,36.825989993623999,-80.144071468993786,-20.240609329097325,-32.547325155484629,-61.138952278540508,-8.3612081717075704,-2.1841562882248455,59.371771846542231,76.564709993358889,49.450305921742256,-77.133938921351941,17.399498891945463,28.23511561078249,80.802607134578537,-33.998931534549172,-58.398311348221824,57.884195672795059,46.180619581736252,11.346629322589271,-13.749111926376166,-27.03039664312525,-78.172019051687244,-9.8873925827297455,13.214858763519478,-21.899890050232194,17.135685329880783,-6.7073647549297188,58.280989090942519,34.998892070405518,17.344030710975606,13.614974560481937,21.460626494973923,75.221350941730734,57.441629656696506,52.398652029517265,-77.149587731432732,60.381332946305925,-36.660109880444928,-48.849188135647424,39.1842674924128,-68.948977746040924,-66.536658071196896,44.655317978301255,-6.6155222639619247,-68.58252142113183,-1.1451312090047832,-7.8147413713153995,25.714252506166869,-24.404817032848936,-84.002418954925133,5.6835535379897264,-16.028840422634755,-36.759288764485518,-1.8764308725716257,81.202035786998565,-4.0037145193550137,29.983967298707039,24.410519754450092,-3.8884546012685313,-45.902587392815981,39.614970943216413,-39.09643185529675,-44.374689913550512,67.121719104900748,-31.385918026585969,-71.171078280428247,-7.0650902807991685,-69.677746638279757,28.295376152148634,48.880660462419328,83.5324049034149,-82.444086143202256,37.121059766081885,-13.140454586188245,28.331324114154693,38.676962863648455
58600,-68700,2.0223024214992313,199.05623194111638,3.8131388377136592,213.22399806056211,80.666571622743831,267.63333836880298,133.09529934139596,821.31964726612068,319.41516309064076,382.35375675286139,602.5624074934359,133.60155856054305,297.89951738490532,38.716483408557963,63.895458517725359,81.334836666351777,599.84448563024239,735.83615470983284,95.133682448304114,421.97477107971713,81.883950291694703,329.33631354991093,434.47765166199355,581.88878612219537,266.8679563917886,844.75122950466221,1000,433.59729775065961,354.02421033374731,232.04994822361846,915.86997467194897,390.41593216123533,801.63212919706575,881.43418573585745,839.01399805638528,583.69497826311965,537.60913367735577,391.65966563094605,960.16694432355087,634.28500503719624,500.21596074632333,907.8723599145701,295.60059390966552,654.34087169087672,373.82102032625954,597.1111790223797,275.61723358764385,410.14555037366387,74.480716957995782,155.32193585904184,59.307732258378437,743.72558665356632,800.15710805882179,195.63653700664108,665.33103558642438,894.40584935514482,568.29255614884573,197.20053291489444,26.405970216387033,973.50812172764404,647.62995213755528,403.36358417141594,862.70553447023667,676.17151842561839,261.9562362416325,801.2391318302773,900.80101937273002,864.80591471390585,513.27239194694175,639.96060430694354,186.80627675685523,718.5389890005606,537.66582788395181,44.948253810378247,538.90917905145932,172.47173217807432,275.78400962682969,861.18116524136906,144.10000908803227,640.36280980087474,570.58968097161562,799.09870392317487,301.73556735284524,90.193668408931188,654.93502828659678,778.58931455764355,630.81525006359595,416.07517238512861,744.09081036526516,460.54023614487301,366.92842064519158,79.241701181097199,749.18029420391429,16.775099784785688,924.39881897702026,789.98518784646819,474.2705106648624,727.37575927772855,581.00261585548867,200.61325161104838,185.71581984457998,-31.140796317450288,-55.291656589274382,-40.664181791677663,-34.724508230866377,49.262029427043409,17.502933477943358,-76.859709076738227,65.082405170858934,45.191524562239728,-65.161405492005699,62.696321946267894,8.592052100523544,-43.774325236456143,18.013163476865053,-70.689717044765885,-3.61925517470018,-11.463893989128183,67.469646909231585,67.439521353183864,2.9275787742974728,-45.931899539292594,9.9735803855880718,48.868867214211463,-59.923566964590528,34.64187650405097,-83.125897009542044,-22.598624360648977,-29.676104721180742,37.947088518376169,-17.08245944537757,-8.9105648708702141,61.671037059727745,76.561656687806462,54.608384075119915,-10.48450764663257,-20.780330213027007,22.516672427441137,32.048378811484177,84.530764825772096,-25.039738946615373,-44.232635219765406,44.742416206766407,6.0924433242126206,-10.612419868324931,-24.758500422705236,-69.288292116195848,-7.8929266639651914,22.42880645664275,-11.037835413821112,-16.079821695606618,-6.765859824240076,58.698558641218639,35.304376362868879,33.947709121222267,10.320979338397269,18.072613020328763,79.337437596212084,59.450383018797872,52.626516096394255,-48.03145055980427,61.275816210001885,-15.343429065164003,13.219392438663171,85,-69.718983227714148,-63.068006066256125,-25.980868533868801,37.091321347716793,-68.618693968910023,-65.019083709950891,60.602792315132014,-70.285097563956796,8.8377230040440917,-84.803117147843381,-15.968579818552072,-8.7454325210823143,-36.244767682176786,-7.1138291648677097,82.363348418940461,52.7438845896949,29.978592415020241,28.108026713132208,0.98663153523939684,-51.317230380752569,39.70968971440734,-34.737940422757802,-27.303648974983464,70.166106972952122,-32.405074991212317,-72.752950038264729,-4.7641740692533148,-68.722660849049632,78.734216116110858,49.697699218847241,83.342073054287042,-80.504122298194403,36.976924503565073,-14.17222961832298,29.280516303673807,46.731285066350296
63500,-69300,2.0197001862257249,111.60630479219503,3.9423316715037466,736.11587616010297,60.13439199420344,150.38424503863291,108.31250732431099,827.92725319272893,108.41145810222966,490.28005286310713,603.19384444371883,150.32072847063623,307.7387135068542,45.81037023379902,67.595948377882593,344.70456262693051,606.39205115826826,520.71361704384424,101.76208352260838,396.40335926969675,808.12874111004385,518.56851504824738,397.62144439420962,553.86452999131268,261.97250417974629,870.19289931417984,617.43436145066403,465.30813233599076,17.760635090295317,689.01198327823772,908.43911333024391,243.03602778233358,123.23877503626676,886.77637880133568,589.04571769574761,813.97981191701444,209.23028530717011,897.26299038588968,974.52573152985406,467.59562241814109,542.54015753233261,811.12943125042602,335.34234884898956,643.37448856819958,372.83864381477025,598.15821230564507,270.4903580816229,180.11323240258386,342.01121561754337,164.3291445387228,188.07867609535367,69.088689444075712,799.79275828430718,145.69182871837791,625.91865899663992,632.7125879001203,657.1959120939415,234.38716709773084,354.45687177319746,982.0001853512249,267.010939780135,771.5944674884513,7.4958564413167457,149.45558464501556,672.27094857006057,792.9893616475232,899.41408268145506,526.15376264699341,488.44609099646482,635.03376940066585,139.96568793512407,736.41406641507194,908.46034154026825,545.37198646619561,835.87828010615476,548.1205260808872,280.91812530445264,818.16713454970738,151.26847786524246,649.31985466971491,588.06132168941156,798.02650645922881,306.40391537626778,180.20497001646268,154.36669745617493,741.53720142993541,679.27262535734133,386.39931960344597,91.738929382632662,457.836908758292,822.18337866326431,500.67426019737655,724.57785326788257,96.23671030610204,881.37611144070763,807.19993070834755,463.0688047691221,710.90977066155631,567.54199775153722,337.35547214146203,201.96767611412821,-31.093207430215386,-39.33981515142176,24.507699590778632,-34.792150380872954,49.682046461566152,28.905179166928981,-73.909425308619291,-14.293809039414054,29.144637717594314,-63.410381414040636,60.493127330979277,11.449526085362745,-43.739508099170564,21.74393837059322,-52.297085963768922,-6.0562274195496162,-12.535502628423838,67.437383600969056,66.820650700993426,3.6105463919284837,63.252806963926915,15.822970874584058,39.844228494431135,-55.724368107816602,28.900575906223629,-78.578369867430993,-22.149523874806071,-31.854994751524831,-53.704349830353152,-15.785799542498989,-3.8816976246754908,-12.830751741751005,73.134104010859332,58.401413698637263,3.8483713040791612,-14.350841258404696,28.337780850973306,83.609840020990433,-32.899550526979361,-60.612019560772893,-56.255052020601042,52.231538392556587,9.425522275411744,-13.086832156692925,-27.262426106361897,-72.211661868297739,53.820384786425493,28.744522499913458,-17.586272923531801,14.227637064339246,-6.6208260477717715,60.802891885472796,36.049409134311901,20.101622393575465,-1.4234720733960855,21.445741984506373,-22.993461797541705,29.169926611469766,53.388894618552435,-82.400034888406068,58.707520435484525,-15.386698475163579,-52.94689505109077,41.126514553179049,-77.924645311922035,-31.090351739994723,-19.302689752780488,36.503675341944209,-68.625602864193283,-6.9183204395367603,65.412252945566351,27.238081622923893,-20.764718594013495,-84.017034590228448,-0.30206927895604302,-7.6237842121746775,-34.280363366193399,16.875385442768795,72.280976132917814,-3.6258170445229934,29.715654154737486,81.523558331007067,4.2340985679955105,-41.683560060013832,36.286936898683919,-37.104843596997043,-25.993251662230772,63.979808461967821,-22.929365246503082,-72.893747885091955,-6.8439683359430612,25.155247856883463,-12.096161153016126,48.83460344988071,-53.072377311511168,-81.276216037672398,36.822399520091075,-45.478025361774321,30.604189549620415,50.609622406592379
13400,-63700,2.0551436782505457,990.10752775667845,9.035844531175087,710.20079100337693,59.682508111472018,265.64231266816819,104.5345767706844,213.76615197601166,359.39798178858541,469.35020387980626,602.91368303356523,371.73677916766593,315.3337552332722,37.054672977514173,237.39830648829306,80.090981639854249,613.10800671088509,708.06748726470016,74.723552573775109,389.57829663610153,847.16352073632845,506.23643073549493,872.2877429225166,204.05085062492242,261.85102367968898,843.87666467426163,78.650387201616297,458.71878595615902,23.553901196004972,844.57357070828277,31.981539762839589,234.26895729536963,220.32500247793172,441.91869014980881,353.01443981286815,833.67892562132477,502.93913731021058,383.01729896718109,989.94690369539194,643.31178155961231,499.30265251870435,908.29696509499695,681.16325824031128,383.18722209287603,380.63528454847705,597.1117398132867,343.39843023929853,178.44142004726027,114.3787960969095,175.11428182297445,628.27755864704613,58.838117573734401,828.95182674232251,200.25785028950628,656.98332990277834,862.57209806940648,559.42834205751592,200.12317179720938,928.57723611826384,483.9308961192022,305.96024787052346,431.46711520462384,894.64168443702613,680.78806703908003,378.37648800763219,823.92145494069098,898.63284077624598,958.6745122783916,516.42385953143389,641.71736787808845,138.12798564687816,725.79827849672324,545.81132916533102,529.55989989583441,850.73376479375236,171.97853127411832,279.93359443189343,803.1015496670301,133.73803405225601,650.53867261358778,583.60074457762516,799.20557137731771,279.04594675415393,280.07309948010322,183.03883245426022,734.83291779395654,667.37789635725824,387.71541582728167,730.29898776676271,455.65349633382363,824.53524125103684,433.21829697936721,741.7916377696771,98.594569517477495,731.82457492144886,661.37036750268896,420.13429745941289,715.37253600867621,580.73420442244117,190.34733621094085,212.47628097263356,-31.203808053149881,-37.539523503768642,-35.101819229900407,-33.235531069332957,50.081866830874773,-68.026083243407726,-63.004042628927238,55.561734047433944,22.370895969938687,-76.951269976959026,-66.446400674132832,3.6178976584721747,-42.538864761920479,19.051937525084025,-49.98497182863629,-12.258425186824425,-8.6031739816151607,64.513706100217007,63.395306311464239,-1.3273904421760996,23.202762525517922,-44.997811408529039,51.859263204574354,-25.348654492617023,37.832160013373205,-68.475198927601809,-64.503757625656604,-24.681889083610372,-22.668962668837885,-17.100014743389533,0.044884523573411057,-13.934184673961596,71.902270081238484,55.169782975466788,8.6989098868975674,-17.845533517179046,29.082598103235803,81.124242571117989,-42.468008081043735,-60.623023178066731,-54.966005831754273,0.044717453445684896,4.393443500629103,82.741619939347132,-25.85569073919558,-14.359644513284687,50.045211418363351,27.897599488684421,-14.096639569460301,17.087957804953092,24.255280186748465,60.184579340066094,35.421310954270233,20.452058221771019,-0.74317470316862266,20.900856859765561,21.840030557393536,-9.3637229951706544,52.525184365135239,-77.198481099521203,54.354862947420564,-15.829333800262873,-43.388201340095591,2.2892204525455808,40.17231237524323,-30.948800817334085,44.684106726472166,34.086114626884118,-68.622338702020613,-57.899589392109093,61.329141879948217,24.810858580182888,66.367088969580948,-84.000243772288599,-18.054685186473243,-8.2840667604664695,-35.942055856243229,17.127448360383951,81.026303818858906,0.35577254804114977,31.317484406134895,76.407151283744412,-33.187084334970891,-52.269709481132267,37.39788410138874,-29.363051516842006,-45.050663049388,66.976749737801455,-26.681814870991605,-70.178589992295443,-7.023747212146894,-62.840627653924926,29.860760555800425,49.349868174294961,78.541312969222659,-72.246260500249576,36.982708954398895,37.569927027330451,-25.502870302711763,49.307651372886063
68000,-69900,2.0552771124189393,19.798171723870752,11.287163009347752,346.92315407193212,78.024389406510238,130.37978256877392,134.05514684034119,559.14772264251019,106.07603979551868,372.82740237772197,603.02361777345914,114.37942847360951,165.46672674727569,341.0374860378945,638.91870151338173,325.85919410835913,991.63747722111225,519.10601862933913,78.126628200115888,389.01437844622916,813.23507243899735,309.68156644514659,912.6965082040997,545.87729487023057,261.83399863993446,845.23026515642539,69.248602026755236,447.97542207946913,933.13231904837812,874.13909969242422,43.255089532690633,642.15545706133685,19.236196355564289,998.26225455737756,570.22432706869506,834.18139535642297,254.43829199831626,626.58073574494063,339.88382927911078,625.3158893335011,549.44017919097337,753.54210933074398,716.4134259843247,661.46984267222979,395.53941150169663,593.57410158816958,272.02594938027158,191.90629712930084,313.54909047909518,165.06465718093588,606.69522596930301,4.8814780626236693,740.3585988107227,149.41783698443371,662.96531023666637,665.19841363993146,363.89266733247553,206.19188858703313,899.98643234913516,508.3379217055591,226.80203467245386,436.51934656884958,13.777139045369836,824.41063219088085,342.3762721108568,858.25558168148382,905.17778263599916,900.00187858623065,542.72171365753491,641.44235870881425,138.33150943203881,754.18164202435025,651.82475847116416,499.89528504098723,363.1585425180308,553.64836353045223,305.0886799642401,800.23117917244781,290.26826751489762,748.64399872976787,587.02540327866041,801.56385197624752,35.046400574409802,276.69019413704933,195.14106206060572,723.81899828631731,667.48065361788929,1000,755.72682402331145,480.98102078491644,824.82372938067567,463.16213005344332,722.45337305792771,13.274747989130038,872.40222519666167,798.69235435129099,473.37754073687529,723.71976445127427,581.52601561387178,189.12986742761831,50.260290237671356,-31.144854671287188,-38.519629605351561,-25.52752096173711,-34.087204623239757,42.022981867199036,-74.194143840663855,-80.378055661649029,54.225245736195781,29.627210266302392,14.958582772573497,53.235604819687083,69.652600400914807,-43.727413677946814,21.636739874886352,-49.328847606952792,-6.6284856802915737,-10.624959616610015,65.073497191691999,-37.483256057121253,32.320579645659464,74.039731561792763,-45.319473815674939,-78.188613462150911,-56.832575648196745,29.69419684867816,3.2608755775521319,-28.498464860748161,45.073428748450034,-57.632694510668799,-17.232143695238932,-2.3507162776850077,68.418577200939197,76.585183432130094,58.514086577533959,3.0344239514581086,-17.193537791281059,21.806135938488438,73.345389376082991,78.484279439446112,-50.503761386925078,-50.329424292029628,44.219536465744014,10.150559992508324,-10.369603929069708,-25.92776521906552,-76.092614264391813,-11.941739500910025,26.221789920120596,-14.336719698534688,18.647356466191365,-2.8479294906129651,60.726923093163791,35.766657493007585,19.882688622562394,11.561411283328813,16.765917722171569,76.058100183298563,56.036377730923284,52.635165248994149,-40.114761670912664,-16.364180638775441,-14.587131992196165,-43.51556737466823,38.410023944708939,-65.612801696473383,-32.317319451188638,76.02487702025806,36.582785380749925,-68.599194074260609,-3.1640540486091142,54.078704105199677,-84.403457736890317,62.62431782570691,-84.11403801891538,-1.5821483766338424,-10.195977313135414,-35.260840487311469,-6.3331668183933472,81.206107331503006,5.843357445283976,31.788837423521812,49.935371775339263,-1.5594180727635178,-50.459959761603216,38.776046659395647,-36.658745698473211,-27.130007809938721,65.096123621521002,-31.86486505954969,26.907534364409717,-6.995858449644345,-55.621951680067895,32.277164017830344,49.617067200903037,79.506700836733344,-80.677339162868179,36.795721985451415,-16.801714513787147,27.795485330668079,48.903080306473136
6800,-61900,2.0593540585373176,1000,175.0587665998188,325.08552207936896,66.594761104109836,208.10353537964318,134.5735554030793,237.64167776728729,340.96612751950687,378.05640761864049,603.01120286287505,141.44264415015923,282.42022212521567,272.78959210885182,622.4801629381999,79.166094327704997,509.43581416802357,705.58010539124018,74.733413080021919,388.92445478145623,825.89553983456528,546.00844639866727,908.99903447166741,182.09542803004075,266.60545322512695,871.86912654227308,37.789642555027342,116.30057502202698,852.71988964849027,689.55093232243871,957.73022027627144,634.7454487841253,111.7224536465107,932.39359555274143,320.35542064375863,833.49921912136995,987.71088801913447,464.42756037604022,965.96808498247003,460.77458969582506,541.48066709829197,811.08969441400598,679.64026729501597,631.0111169368073,800.79669181244503,598.27771772317612,261.39059691565058,192.19166050241876,329.69801510821469,170.16603310457725,60.303164899818029,35.776597630395983,703.20772016254932,189.10334767119002,626.43619570847954,847.8590073923998,349.00407938592184,211.98200876995466,1000,895.8479712941064,272.24917930454967,722.17196601865498,76.945303367952363,10.338981472691238,480.07160170437459,754.29887529966686,897.49073106888306,962.63992109937408,517.07852432853576,647.88257175535102,138.36584906888382,748.46469612279043,84.224966823246234,458.65803940206308,827.44368559343593,550.34696657006248,32.998325734709752,820.90918549985452,129.28504343700411,777.99796099358036,74.433852642144529,796.9689489579664,272.16178295140639,171.6896995070411,188.85239346010351,716.40636680454531,681.77113635910018,385.05753699100904,784.98061688135112,480.79483194816902,824.57048667153515,484.65159720248698,721.24956823028128,4.4516232411185594,749.88563819621436,663.86945428455317,414.98401045211261,724.83605913656436,577.23916740985283,192.8403872684346,192.23446086657484,-30.866336331615553,-29.0731182944313,-35.022525928654481,-72.559808878496767,42.982158265459248,-68.447496538701103,-78.070837116114021,-13.207840723250431,28.163018005270654,-63.148780042470257,75.335291573649656,9.7995203784606382,-42.927365416789179,19.745686515055112,-49.811547708304019,-57.921617791063305,-12.588524439358464,64.387382152311588,-39.162134358494768,40.770806733934258,26.299736281169217,-42.997395299329085,-81.969903044976448,-52.902534364575132,27.224464593878793,-74.355491007958278,-24.098419167421842,-31.855520714904628,-53.682188822374904,-17.594511096439614,-0.00081929975442762704,65.256558751426141,75.080618295456247,64.719659711498721,-79.040129557461157,-19.125030347477587,29.124807881338487,81.128512918820476,76.483947258594384,-58.351585892596624,-54.361471936806602,1.0314486414029815,5.0106125339337773,84.644520194199757,-27.014171988153809,-75.915778234838569,55.848348871376928,25.790977895060731,-20.817655057731002,17.131373634743685,-6.7195904279126939,57.775155306381698,34.987462316909472,-74.511532418475142,-0.63363189178241086,20.833606558071548,74.792230803065806,56.063335655840206,53.421974332649022,-73.842075300187673,61.039616586061001,-37.202158676911047,-49.314931697137283,5.4907202091760432,56.639503695954716,-82.484104937306526,77.009816016802375,-4.9093805308787246,-68.582859736452534,1.4298919947613493,63.457841179733457,-40.157265527615856,-15.469912438648713,-84.010270044668928,4.7273541194304372,-8.2242224150637551,-36.851133899825712,-0.80937964730061918,81.482607257305389,-4.8669074246718216,31.968338011584571,27.280460446781074,-2.7116732575362907,55.086583120561855,39.602830595057419,-36.956603021676045,-27.25584344943713,65.947690169674203,-31.586932168031502,-71.188641993436377,-7.0647360981860459,-64.264648494736122,28.309039155578542,48.954396791178944,78.42729844620311,-80.981415440780424,37.143607689026631,38.99611569902612,29.907542237219289,50.006585588802295
56700,-68600,2.0219023521490236,232.64394752220358,4.1936923175524408,277.87805966975969,65.717557204480471,126.38859508736596,137.03736814895584,540.29404588565205,331.87601779716761,376.73713563492288,603.07081214594371,380.41481901419832,282.60917157487143,55.643870310125621,76.072389839732608,82.828158686485494,500.5506148534073,738.65986862037619,85.800403903828936,395.1289526529726,837.33489393834816,315.14011560431408,924.03546325439197,573.20859035371075,269.82274778208642,847.29757218437499,929.81974805545929,446.59464695214137,65.431406916360402,853.88351860833086,172.18745220360722,452.64010592409636,800.52409438165273,967.28511872097863,593.2647651837791,814.6275289580791,518.34137489807495,903.48763335462218,464.72755785877325,693.60446822224503,513.12030023483067,822.44315219999999,297.39551052641968,657.0538551495755,374.20027576886815,595.39564606698877,275.39803625804637,207.58097851488733,44.774380551800846,886.78723994044276,578.60716088129016,36.470838271893996,786.75389152535035,205.4695554597123,626.44780949664698,638.0831956366444,335.46257046643098,231.84424229386818,918.2672196912315,937.04348206266786,251.88155032207769,444.39750372718066,18.244888433323833,665.18322868284099,388.05657546672921,793.23939963638543,911.31644889647418,538.94768758841258,487.46281154648705,646.62061607698172,162.38063499552536,723.31269863254181,927.6074585348756,532.6433861109432,304.23696333834278,182.49119964692471,11.170902410769543,817.15553507595052,123.98810149542606,639.895478424987,118.90777675806123,796.77654165543731,299.05833548045558,273.99827340537939,151.99125306515506,776.00154019179797,671.45113205974815,424.60367363952105,118.14902846901991,481.49900107733265,397.83770909513476,71.176063307417337,721.94356672818253,27.847799013399609,747.88476463659697,792.17124663383527,415.79655194707567,718.88274438425549,565.92509487836412,207.61886712741915,198.99090216468528,-31.127260139353417,-29.213372488362467,-27.082946354817022,-35.054295363838605,47.909725475886496,33.325867175280898,-79.908513908383043,43.529928397372402,47.365952497212213,-72.401988032120286,-80.109941424229689,10.12069498344237,-43.840075078746111,17.657968155611563,-48.88931136017095,-1.8545084430684042,-10.549418267933486,65.231758141631516,78.471630972437268,30.348834215085031,74.233615379883574,-46.886567954549406,-79.267989317569103,-27.21896052907665,25.18206190588689,0.4482414557630392,-34.411078749330507,-31.428475444294062,-58.638360469954222,-17.08444480402402,-0.2738765092689357,63.865752365785085,77.07863226915309,3.9984535129264316,-12.056139272251151,-18.668913610707282,23.013901424652357,84.924351103194667,80.371875180946546,-60.109849193428744,-47.194558427487323,46.316628180183599,5.1300168666369377,-5.6402002799032713,-25.733576362956459,-71.57169544206161,-11.129729671226588,21.989917560785379,-78.802043132319426,-23.225609712168975,-7.2903202193306278,60.824354066108249,35.984828517987751,-79.754179238135535,-0.1299687183296544,18.762052819431215,80.772242956616992,61.059926242305096,51.991797751528047,-76.958380544935054,70.902256790212391,-34.436797915636582,-56.219956759881718,83.219439193125879,-55.032142000710557,-35.852054574160441,40.970642277556252,39.557480585104948,-68.616774178608708,-63.731571573631911,48.114333822786648,-33.781402967595966,10.030549406352266,-82.816391792731608,-0.5620863232501172,-9.7197897861046876,-34.232232475213323,-7.0321396315515639,81.143169563768666,-3.9870685373189683,31.76939479991038,49.856681805552498,2.2673546848406825,-50.287878127744833,39.625394737564577,-34.405924396623746,-27.299228246610614,37.136330626776328,-50.991408423331436,-70.571734313410616,-6.7380352408620992,-60.909646931221147,26.462557409325967,48.849026503441117,85,-80.458700882423486,37.121150336126313,-9.254035106001993,27.841970939978253,-79.863704598201863
1200,-45100,2.0207230729245786,1000,193.41364497845623,696.22781157285988,72.552042271644339,156.5098565364882,135.43743875015653,762.79072464020055,330.00435437663413,469.25652577892185,604.47830586539203,351.72919101691872,85.170690501426236,44.43911940719218,620.05312576255915,112.20044966677384,982.34086372086551,708.55193879241358,71.134578516493576,425.26208791967417,808.49854927042736,495.11074047339991,872.56973443390166,570.18285254082366,261.98599579419289,845.04292366937364,80.996916674307158,434.06800197588672,978.10132039722134,851.14731967325383,1000,247.70360862399284,226.46432279882254,889.58459408497015,334.99219163230856,828.08141538184782,466.0082581696667,861.5189856667007,388.70522475603821,426.53829788166507,499.54167599026317,523.38335514993628,634.43086773292555,378.54385651296536,351.37446195455914,598.1341158749924,260.45481078826896,178.70694360392389,112.47536373074321,175.34829849265122,580.83776810376924,59.049486002742889,234.0807284206183,196.3479183420007,655.92369080201729,638.68912363171148,559.78327492809001,199.60734261178399,52.213480521492386,512.4581296417773,306.78632360472659,443.73311021556867,25.92684238578175,681.86070227845471,662.99196056748008,836.65821906234635,911.64968419329023,523.10467055731567,516.95395987677205,773.80761550152215,138.10624460087655,724.96005141882029,538.55679905222291,533.86462686144853,813.70443424073505,526.67272990291281,302.86930787531935,854.15933558137078,297.5067572555833,758.68987443315177,73.427114932536909,801.69139088182237,296.74845055699666,277.32655122357977,186.91920564088693,711.02999160061518,667.80429748330107,374.35153472708163,781.05961017881441,455.73852540331666,827.62227805127532,455.75581630166727,777.88139778694233,13.800631004303366,725.28144932920384,675.80499742470624,443.60344628836503,711.72789443161787,588.51870585876543,192.88974263055081,54.272208050271878,-20.860622723313355,-30.089937707759127,-38.378792018631977,-35.099935747166022,50.318832758995647,-68.031401466176973,-74.314987797508621,56.753706588954699,33.064401645833101,-64.944634439285451,-64.055556810296991,3.2301543467536322,-42.578677567506027,24.306210074373986,-49.941420403369541,-12.092253634559853,-9.324663354917508,67.742091703271953,-31.294879151908653,-3.4999684224097223,25.735675559855689,-44.960817186230145,-84.780245356952662,-24.981408729033614,37.552108171888563,-75.154048800134916,-63.795893740956771,-24.014687782061689,-54.175201756701867,-17.178476686475637,0.16811910481793579,-13.434769058384951,71.881006214639456,49.498761022963997,7.7831524094241722,-18.185280803390842,28.868800514796721,80.719462997507691,82.814207294763889,-60.63946580826412,-64.192405738796566,45.950046434023768,10.359357469072624,83.264185044240463,-25.778911512720395,-8.4659090476577337,-10.551911403786868,23.77872911696911,-9.4016921173983334,16.986306022443937,28.290232961816006,48.41654713478345,35.402196032126753,-73.581585492449378,14.516216422140733,21.257627514938971,71.275791011002568,31.038234752535057,53.728662198024082,-82.071694527287235,56.049479353273213,-82.215227245445192,-49.175095127384196,36.882535061175361,40.216482081706268,-31.6168064784138,40.598374529967856,-8.106786589634865,-68.466597246152403,-58.483598633612417,64.513350305204014,-37.365757868688277,66.898687995292462,-83.996166215100132,-17.619140943705421,-8.5586275094311404,-34.134189145748628,-1.722984788765352,80.353352742842574,-0.76298676885602257,31.782647482092386,24.571414329793768,-32.295255076907139,44.456868025510559,37.466774011558243,-28.689671599946109,-45.066621198347619,67.020505018450592,-28.554272770805461,-70.379126550177773,-4.0796726295226433,-62.735402672885158,75.732876170886925,49.402090222093626,75.92625186487048,-81.102174810087703,36.981677081337359,73.252764513607261,-29.433908666368239,52.664012733625903
43400,-66900,2.025616259598209,458.37003152845386,14.027201454104741,323.53088247792346,57.137871319296899,266.40132161882104,155.85178249522136,823.80114040807962,329.51185001082234,375.62632362577534,603.28529076965071,373.83538470381143,242.86235767646326,21.37219691701322,272.50734694902781,112.56184703475371,586.12344873819939,714.62610881609373,69.806993971726911,392.6611937759572,858.48974206308685,320.84744379973063,900.32009470048843,582.1530503105015,262.39452533850357,843.98884846931492,163.33680131051153,481.45771544779416,862.00950232663934,835.93197517551005,121.92678500090273,632.3539480720442,753.47324572206185,941.33588487790291,808.48403415405801,821.8877954430227,501.70567350862297,444.85143624139226,422.1048851968701,477.34208045865722,526.37216570828207,912.51874195149003,292.24313712604521,664.7256567053646,376.65529566813626,597.17389157140769,272.06515490813882,188.60674132418589,326.67614076528429,156.95406633677973,573.21780788776755,69.464788592016347,812.88006187272833,189.41511236288034,659.37865437454832,873.02606321916301,369.23850029665817,462.5675440681614,926.86477010970134,445.22542618103796,263.15371430405241,422.14093098480868,758.17005332925828,9.185969307411483,677.65420672797529,820.06976687033887,941.30119760917489,860.71392579366136,519.99797234015421,643.78940216772094,139.54260500679649,754.94781552752386,635.99519207147989,524.67368339637653,788.25092796495278,552.33584523829336,271.77752790525426,817.13942350510104,288.15742415270319,768.39505818199279,85.797935515093513,796.6179104337391,37.78085457376028,486.63004815368515,220.05642761837166,779.64966068914111,633.35376931452879,388.9025440366392,750.03312204595863,480.75049014005009,829.05066992431455,454.84197430013813,723.44742119412285,25.200242018242776,802.3495326009355,715.70455951585052,434.05818324991139,717.2839315927115,562.27915697573724,176.30935639303499,208.25810854547342,-30.747524566961591,-39.703060336409202,-38.313688769172664,-34.786564302853165,49.827684840199275,-64.636108138751339,-73.916738625382621,47.409793193047491,23.877027933788447,15.30894770169798,-83.932425017709477,67.914665157388512,-43.729966306028096,19.145889339088324,-49.829307728347359,-59.78725351710186,-9.8245943852901032,84.885299051953695,68.454331096114672,33.777185986583689,74.098551171931618,15.396043960284869,-84.962577150000442,-26.334736151790253,28.068609299692277,3.5933085214093765,-22.694706309630529,40.026216476589894,-21.003951790210433,-17.072140000438292,0.88730451669714627,-15.021325343469901,71.526342722158347,8.700978957409955,1.6050053169564422,-21.239377200625654,53.424698537246414,82.134863851939301,84.854555056730305,-61.553777268606972,-48.746000106783626,44.696192536726052,5.0240724382461979,83.297252941568189,-25.762243096098526,-11.176659289565151,-9.5092844249745507,24.381763145006733,-81.357029730605603,17.108441778484501,-5.9344658192318995,60.660511850053261,33.04814285964401,-80.62307674462987,11.638493298957931,16.051848825375092,70.058392135381951,30.797618323192829,52.434185979646017,-42.133708065067225,62.766099276980526,-40.564325314962623,-49.396804596522422,3.720060111987876,-72.518894839678737,-29.982691292613918,77.13716195342252,-9.9129076109346013,-68.610665681990866,-60.494571264419335,55.112675369177133,-71.54949644985642,-21.77996678313048,-84.12290570188793,6.0153227857221525,-10.004884422258554,-56.401475077317556,-5.2060946223857902,80.279600950877452,48.011559713183701,28.672937762669477,82.771983210790438,-6.6534635915077143,-52.99349256310655,41.05431699053846,-39.255242428384356,-26.934013227271457,37.687295068362609,-51.646084552730834,-70.094313767554027,-7.0650465561625406,-62.360221699832607,28.492719681908746,48.848632598624803,67.644716689834908,-80.509060578257149,36.985546231600289,-9.0184349198218712,30.430537671313544,51.226046158968174
54700,-68400,2.0199994997785393,266.20630408463074,4.197912012911555,327.25239346344176,60.198917399568046,131.66372719976951,136.60263291457082,549.00066155166223,333.22594839007405,494.44232711101364,603.20947851919436,108.9747688300864,310.91833250956415,30.137997947541521,70.082153073247724,330.62754171729921,1000,525.56700999067812,101.4029954711837,392.00516758725433,809.85825285836086,524.21993955952564,918.9708339186833,581.10631962328989,261.82149428417949,865.09317761259217,67.580866289967616,437.27340148246691,17.308419310940508,849.04072693733951,151.10852316956763,448.02314393113414,789.92092628005548,838.77608175078115,790.4806052487229,813.61264891413055,226.05171826666398,433.69901670208498,940.82944665024843,465.68147885555629,492.95709601327434,911.0990539783387,297.20408449448456,655.0563090174312,372.90271247943394,595.3597440207335,272.12252609370688,181.0942260845768,328.32557212468998,177.64360640107469,585.78661829866246,68.928530421800716,799.51822847433084,200.55538631438625,658.7942947602495,874.79902311507522,668.7630552229042,234.09495171829147,813.54023079810213,530.26240472000734,627.7291509211957,439.96755097099833,7.7897344020352453,670.57762573772106,260.40201463626715,792.49635255204885,955.03918876159912,503.57422240468657,481.08658989986839,636.68458391200159,164.28738571523854,754.53396724889467,912.26054425354141,525.56748880108739,307.88324538945858,526.0174241179933,276.71195295057794,817.12179137418354,157.86215411460319,647.53057609265898,550.21195446429192,796.77436688006242,303.32141255468196,282.34598718645088,128.00460632053813,740.26347906627211,671.00062313435194,379.70894126963816,100.08654245517025,459.08595465582147,396.96278302236249,491.66017441675734,721.97151186916835,26.177682485424981,371.45661022901874,663.47760287684548,431.33620874573285,801.59253503724403,567.30913717159956,342.74464780444544,202.9077304074514,-31.098938554192184,-39.541440967448004,-24.387701649145818,-34.784225444556448,49.712469193095785,11.571868644767648,-73.893943519834181,43.310891864600165,47.703784787368164,12.727642179365745,-80.299886250825864,11.408966213125689,-43.845261266486617,17.687983254725655,-52.515257147019085,-6.2371170663940143,-10.524599706224125,65.200265049120148,-29.254099815727308,3.7551725188014355,74.150903022188075,14.180719790329841,-81.297183340112397,-28.074816672444591,31.806557793769823,-83.880325611304812,-27.084124435570104,-35.007472512917175,-53.604215391616755,-17.073259929022665,0.81384195891215605,-13.589662768933159,77.042300506768186,4.8184551608366846,-11.147311093302527,-18.914697852167286,52.665367688439005,83.591397748685225,-35.32192238837002,-61.764683325381881,-48.680200168857908,46.01750890918408,4.9750713841005867,-9.4579117701053175,-25.805314924369689,-71.722431530084961,52.332431953270905,21.610905413117585,-9.6845622275132328,14.512330101609997,-5.464950992787883,47.730547845972545,35.30890377034612,-79.67564856677123,10.750516262732063,16.845383852557831,80.714895382265539,27.612585225741459,51.991059470803513,-82.763317704813232,62.213043134393956,-16.540322733753491,-52.964964218546974,2.8307851122155583,-65.398390873706774,-63.692300238879362,-17.844050510440141,38.084001002975704,-68.625944516076103,-1.9231253691926469,62.087306478816608,-33.814839434929937,-19.370394271908719,-82.840417060647781,-0.19726877446299262,-7.8514708005493308,-37.322700239696609,-5.266055540054853,72.657397524624628,-1.236618215838335,31.639953108202821,81.432659581432091,1.8918757888826789,-55.368605151625459,39.639025636658047,-34.821524414548144,-27.264917440580628,35.906435313047055,-49.10078302199841,-70.630355768647661,-6.8260432267335451,-62.228013758770096,82.077913033193525,48.834457877697822,78.597006565445255,-80.510853664387099,36.795791263624864,-48.245087020311374,29.641749614514957,-80.301777295102539
53900,-68300,2.0199992054434373,283.6575235849877,3.3956557113495469,346.70021675456383,60.004983003565478,131.40173334361018,134.17741616699769,550.10327765618979,10.663735347028023,372.67405655179925,600.65544025914119,109.42112962806731,159.26849616339075,64.275960260548388,589.24397458218004,319.57596055811194,594.3168577849483,525.66172538503952,495.32131236785153,424.41077686991866,843.91214104355674,325.89974772776202,919.133947077372,578.98960459155273,266.61926437745836,845.45423260005032,620.23937751698327,437.40758877998167,17.61432153647522,706.20326075353501,177.24753611272402,432.29316084519064,789.71592420156503,933.82151273728834,337.79417601258251,813.61456199662859,542.36441308943165,434.03755838195411,942.42683020979416,475.36311170170586,458.87146209475253,905.18064179518296,661.58350700145797,656.82801269426966,345.17324841244869,593.78911996417673,272.43453932671434,181.09235817509455,329.35681480290759,177.63665304846532,585.71919077544533,35.303969284083877,852.68499997485458,202.3639979445494,656.36404994505097,644.92631894564681,355.66394713314219,234.58527483159435,884.44787725431752,538.85848236554352,259.89526255706949,784.16388188926703,14.237961849926029,165.77340719766278,260.10163845272444,791.4811107772905,951.29704708684505,499.442745889712,537.93523781981878,637.16212364540297,164.14678777239317,749.71586586235992,929.7255552073434,530.3373876645544,825.31782297254756,530.31837527317214,275.10900759990955,800.80277512627902,168.94140665747685,644.25069114740415,615.14386946334002,799.06311267920967,303.26783659873303,284.77358078321936,151.08180541029532,740.94565103135483,670.64926988806656,424.53036274544331,101.49970435708366,459.25260701188012,823.8701968084298,487.30834796613897,721.4216622386615,7.0539143500085402,342.95689992114325,662.98869729818989,421.16508431390452,801.92908808912944,579.59908789612712,198.95648960485505,200.76879598030396,-31.092169736634148,-39.541171789873211,25.283944820240091,-34.254217652986519,40.887810895638793,11.974888088329049,-80.488614843635219,-11.367480467999282,47.651726489010784,8.6326317791156377,57.170416440250193,11.347353490873015,-43.84298358387408,24.542991251274909,-52.443015933480211,0.59046794015724657,-10.523968216692632,67.481036242275778,-33.32586274781152,3.4809596064644381,74.143360095899027,12.681741194626724,-81.246324677367653,-55.005951043119673,31.802011582275465,-74.743592035834965,-27.127753543093259,41.48736612918114,-22.516800562627708,-17.617182304069427,-8.931819302219516,-15.380829806832935,77.034710887842692,5.1696120657762439,-74.648911519458522,-18.935211379957067,52.547495441168493,83.630776646369497,80.926092929483659,-61.7371956968841,69.237144114411507,46.055441398078507,4.9752453554485765,-9.4312486259589772,-26.918762718310575,-72.723638868268324,-8.8961139662217192,-44.607524244184091,-10.46866361308604,14.513722191138521,-5.4422529403984194,47.467812601950726,35.310259379144917,20.782641096559374,10.566063814072852,16.865963053215545,80.795940123673049,62.99664233096729,51.95267527734871,-82.507843762961443,62.241684853109447,-16.518287100340284,-53.003326579796379,2.7849240606471728,-65.130306476756374,-69.860045682579653,-15.163930899360743,-11.425236211565158,-68.598948973401249,-1.9219156597260088,66.980007150580491,-32.598527895653945,-18.457034571474701,-83.970235058786386,-0.50269887356629894,-7.8798154589686575,-37.315365961188213,-5.318846662265539,72.521650923772711,-1.8620209273423391,31.662871539945403,81.429028163231692,3.6347176317065539,-56.03561782052995,37.376944789847983,-34.921024522705451,-27.25484905798799,35.434194530843214,-46.983035799583639,-63.369868809736836,-6.8294939279345659,-60.447082944599707,84.448578288294129,48.835735420738111,78.670333657673567,-80.232483973952014,36.800090534591028,-47.175002530301015,29.433061849789148,51.183899274829535
52400,-68200,2.0220589670918856,309.77981786281345,6.4629322897528212,344.08044403738842,78.272520968510889,185.4790630079487,135.26735852414262,228.58565949377024,253.10852971594775,373.16946479076068,603.01159249739601,390.44302331800401,158.75646754766245,58.841537395975195,322.79304720647383,80.46098123690831,590.63251296780686,519.3215473166423,84.089760925080938,395.7088015406664,812.5897819161313,304.94843350268013,910.1739437270312,535.24237033270583,261.73246221924643,845.11980474022016,962.47563699027421,447.7929749143305,859.91416953766952,872.38839252513696,148.34217511563753,241.10299262179879,16.307593788902921,998.32722290707852,572.37932583738586,813.51137417534619,527.64916652946704,622.72263132673766,334.1841089816316,629.89015819742974,467.13957340475042,825.32690382855628,300.80197476637329,435.07074949334731,373.60482293386673,596.93788965750196,275.05807517082371,173.92666212308703,306.10387606441236,181.49565874928055,56.672045976579561,43.512008028366871,686.52691857864897,188.25865085838004,629.74333945222747,631.73562663299288,360.27328954317261,206.10057440797488,898.65105029869324,512.42121504173497,294.15786790343958,743.6044146282477,16.601665031973738,187.07360604131503,338.20988586082132,824.12629811224065,905.22115260701855,943.21943451063487,531.99169596770878,660.37811253168798,140.46268695030247,748.51842256996883,621.24541507928177,15.995354697749661,827.97917886368782,602.20825209936322,304.12542786828368,800.22439284354209,174.66934632177524,777.49989917770949,558.98073115146929,798.99190657216957,281.10548237988627,178.91190182599229,194.39050036616618,748.8958545023462,631.28678690029108,403.2780162216846,755.29609309708746,480.23298646622169,817.6082863136221,110.34786648777498,724.40512990003151,878.02727382221178,866.55271443425136,810.01720709979168,68.076101952679892,723.72834548494939,579.61774196215015,194.04086388536288,50.031825081752771,-31.352143761896549,-38.41922459643942,-33.824319561740694,-34.088105823311913,41.887516260260035,-67.094358378050103,-80.379974254920015,69.673548743294177,23.294860960799198,-64.852523169013381,51.612285947958448,9.2952004472833547,-43.875282953793672,21.666411722881584,-51.450911275944648,-0.70844690148846989,-11.234073185877445,64.861185308450075,64.985121684975482,32.46862343522033,76.88487920063271,-41.095227396855115,-78.071759826188256,-55.880664882414095,29.468037511505941,-73.386470092874845,-28.244901289582803,43.953867834664436,-50.933212411257202,-15.805526270891249,-3.5479074006271754,65.380426864605226,75.271713411011206,57.750041700368698,4.0161952135836518,-17.464711528484365,21.706849819364805,82.586995074484278,85,-60.631551973382123,61.425196647712184,44.992847648890397,9.8265750863604566,-15.817548406231372,-27.598640014298645,-70.272332011920767,-0.7763973967036728,71.623979096434738,-14.812754630079462,18.541588644730627,-3.7133304413530448,60.814949369630263,34.857134364785033,16.968463372509433,0.22050204397061091,15.86409704303759,76.084476236070785,31.44646503345124,52.387967588434023,-79.206603822865361,-17.876689752980241,-12.814761011429267,-43.689833710212646,-32.000799718554163,-64.830136109674143,-31.836018716194861,75.874735324784083,39.556740319821209,-68.599074956630204,-1.6787439618818845,67.643942805895279,28.338401104784904,-25.313745934744162,-83.984792139633541,-18.037363650366487,-9.6786894716677132,-35.488717014279331,18.317567126171319,81.335954913752047,5.6933787535097,29.940774763057011,85,4.1659709501303501,-40.78834309333142,39.594999667842337,-36.31525066450466,-44.83727071073892,78.055668531192993,-25.120038458667903,-69.234761987791117,-6.7409326864746291,-55.030742517863608,32.016628057541077,53.152249914212511,83.652416898204748,-76.240863509286896,37.562648416578469,-14.701096780878657,24.725602236774694,48.928507642510432
1500,-45700,2.01838127306852,999.98621600723902,173.63086589236903,681.78369054144537,73.263306512155182,187.39646358234029,135.59079001118533,809.04406702996573,333.36783389663998,475.07003549851311,604.39510274225734,367.77810864396849,83.595919175861525,12.174680323656503,625.02008999591965,79.922723347716115,515.05741274556658,703.25461097915581,48.11410361975706,388.87852060996181,801.12323249127257,525.53927414133716,935.6309926365135,558.50587468074139,267.67918145176441,872.60117563688539,944.17208350396379,116.04168759515146,856.26091069283621,681.68786469172892,973.45362508578,648.49343356840848,783.55327483038184,904.50313765412034,535.25697664099289,815.90055669441506,989.23770989378363,217.24409939894065,441.21292991763301,471.91740962498017,543.87649219098375,855.93651836233096,696.0278047766077,620.40213890122664,375.80993742182017,597.72064203135824,386.67249423368867,226.93479148989928,117.56625148321054,164.64862898428811,589.80303435551264,35.112770476308008,759.78982543404777,158.07414805027625,627.90171938978324,626.84832251933528,351.41741066767162,189.28828774889337,902.75394350822557,920.70594543818538,295.63634167694232,394.75739234890955,868.67913962405646,637.11009755541261,484.99761424341676,15.033764645634513,911.48905156796229,911.95898206727099,519.50749960894007,790.07315070572781,142.08568508521824,734.61155549051944,85.955878117657164,527.79012552048403,812.04792101747319,551.203035331725,258.74845360483198,840.56280297910723,323.26912074378458,656.17703170754373,78.96498874975012,837.24277243995527,282.80441505566267,290.15184832003564,188.57206098844006,318.82773145621275,680.40788613831933,383.5842984662246,771.31313696066798,478.0334515824336,835.96732360094825,504.22648049993012,737.86836702757705,12.092587261928145,796.9370477104693,801.82128844903752,490.77691095658122,663.28920632335678,577.5906275748556,192.77946875982681,39.667080517672929,-21.824953787913145,-23.569647375850142,-33.885902290002264,-34.581729450916086,42.529867614709467,9.569323209256325,24.142392819985407,-8.4104968663344621,28.218606144446742,-77.353660942352178,-58.053049781485797,69.755788317808538,-42.967141342016809,23.023697216572948,-49.156166446321798,-64.219263723835084,-12.103324561479401,64.810864174247499,68.498736056126546,-64.266467043120954,-42.168276266135422,15.119741566601803,-84.54146394085906,-53.378499613243008,60.759242357861289,-69.845131760729728,-27.344050907513818,40.046390171352556,-25.228726823739823,-17.09191450510626,-0.52272404000396788,67.981738744294887,75.000953266503487,50.534647652619149,3.7879254279890588,15.520264070934841,27.604825304049314,81.142418507795,80.743554333749728,-61.747850299554507,-80.148071782083619,45.828859967216708,-0.65235216273006458,81.754414660505134,-23.554141008383102,-8.6904596161425545,51.705653165133143,25.758298673450629,-13.271532467782775,16.919802876454778,-5.5330713269051595,62.269743578941927,34.775890264439546,-69.402859271875514,-2.1330794574948264,-32.260612193711921,23.922776707317404,28.913113679607665,52.433923806747771,-80.548622927070227,-17.408120960134426,-28.662256228057881,-49.152953707173936,31.892549460941126,-60.938338249670075,-13.019651522560434,-22.997093894619113,-5.8927662804530989,-68.617835551684777,-56.332840812510462,-13.362798818421817,-79.526065977728848,-14.43595766142213,-82.632039211906928,5.1408555365598883,-16.188600696632324,-37.035447914556727,23.031314471638019,75.213198319630209,0.74631224130928331,63.1710787615553,-7.981888722790103,84.199744907432446,52.033520583868317,37.39477282727578,-35.850121293096485,-19.3814802026141,65.909459968652882,-33.005448155343288,-70.49429687112044,-7.1248375182643002,42.046841115493393,29.573274619122827,49.492021436126905,77.345512532556739,-80.880782406034825,36.805370698474597,36.492708403913355,-28.636520095263855,18.026698682382111
59200,-68900,2.0223630568140596,188.08463049497777,2.7042982556248072,321.49248377443837,73.885195161262459,125.29163268292511,136.77851547201286,822.45275441183946,124.63428854784102,494.91079504910459,617.44570862307444,380.62036744499466,312.22759882662859,51.866393165165817,72.670959102474569,100.25498852099003,614.72769677750125,705.57381919299917,110.53660035288974,421.4290399605963,811.48825178096854,320.81668549058156,923.82357823154939,573.75125177816562,261.90520396126743,847.15570052079863,73.082965639338227,463.27797130156529,753.19299754655685,837.11229084056731,934.90597676317066,450.12156306570353,253.418333913716,918.55273332680952,918.58519933690127,572.31717040641854,200.38846743880703,871.9208393465351,446.68303196639408,463.23746313329423,511.45960323947946,811.26132223993773,296.07540620061127,657.35405643640979,372.76066357913368,595.35077011917963,270.48882927424899,180.26993336940197,325.86411904031741,883.74857893662158,574.54256080528285,69.864744368827061,800.18067663863224,200.73342134161592,625.96538445908493,638.14379467415165,560.5045271705219,207.2561663538923,306.96304330988323,514.62344612265963,271.15885738866609,442.34272327311942,7.2330139384056711,659.65599043035979,671.5239613284316,794.80641711196529,911.17686184634147,571.66641742144577,530.04655890414267,635.23507859699987,162.38956622109259,670.67964140789718,942.53300005674987,533.3240788672158,525.21564683470547,545.75426351371743,275.06221482253881,817.73852284545023,637.4463155446432,763.94990336478156,122.45476488019125,799.66692391229253,307.49161343618033,46.986107461254036,152.17948980558316,740.75471613455943,671.41768290624645,383.9873745526034,727.76053761736694,458.54412754258556,401.85890723270683,150.90390721177582,721.6212641532735,93.157354461271581,758.95421126118674,794.61995680343409,462.22921131382111,711.45221914625245,587.54274289581554,194.24110443694633,47.847149234394152,-31.342896007910067,-39.303775040281941,22.913482295113624,-29.625542335865116,49.703200407987488,-83.602046994486045,-78.268359249558088,50.435403197980655,26.845420602427716,16.857863283153961,50.749220642610879,11.550218074038636,-43.845492153908353,24.434504369351085,-49.094424807494249,-1.9298227778395201,-10.525988594902842,67.408212756736631,-32.985201755526887,3.6082505190258267,73.237089282671405,14.224136763344301,-84.781559883325855,-27.94420003257526,24.219473504271161,5.5496304635938838,-34.654181698971023,-33.649480086516483,-53.190876525661253,-17.062607029710261,-0.20064007472362366,-13.205306244206309,77.041399557912442,10.546652873728272,-16.172924903354026,-18.632239955289553,53.878124570278004,83.637387920574071,-34.278046174365365,-62.234271055443337,-73.105131718754677,46.232272687943585,9.3546381691608662,-13.040158132296382,-27.848632354636564,-51.665997672612043,52.008633394003979,21.787186326893369,-79.68607333246257,16.354042841066004,-7.1061201884563037,61.853060325893324,35.288221180094531,11.29303718435002,-1.9498745493258811,16.192917364229679,-19.298443709636771,26.762448847829525,52.032279025688993,-47.523095685150523,62.452322347439726,-34.502326088788209,-56.244133598059484,2.0058322805862545,-76.920432867954347,-70.890358969919077,80.410058315337139,-10.643659834586312,-68.617235619531897,-63.527992109818889,65.371671284644947,-32.394174928178245,-21.420648930074403,-82.792205506695197,0.034313452183672544,-9.4368878042432875,-35.445553769025565,-6.1513843167844087,72.15488371675967,3.0393178847232352,31.565018024530833,47.476807672435598,2.2988765757391403,41.039616709307744,39.947410827413655,-35.389034624108334,-27.269879329271273,31.684587250531724,-33.308897106489816,-68.457598522324986,-4.3820678034225207,-62.214298239561565,26.13160131524727,49.877075712608416,85,-80.507239202518107,36.81239505804276,-46.171374843482397,27.789927435162042,-79.181832304651095
56200,-68500,2.0040350471247077,240.43575595459964,3.1527892382195564,218.77332025115123,51.691219887147682,260.15120989444472,134.35082642048201,835.19188685529036,329.71629625416375,459.69451870273502,602.80997922958841,121.68043625069852,613.58643502986695,296.50478953028738,63.40347589539877,84.672469181718441,520.13885242880519,722.32414315897404,23.834161676528367,396.68608253866029,829.97345909339913,108.52616687580878,923.04110743790409,545.08151544078589,270.48080751724694,846.53826691093354,681.42588905540083,812.60429627713984,975.85639827527916,195.97747593261639,148.58408446931298,243.96717780363653,14.006564884284572,877.78327103068932,349.81805671295967,819.56617494629666,575.71402486108377,925.86760819121082,402.92665135057672,450.91267999181002,48.354253268666781,909.90714830887259,270.4426163162388,385.75120198282389,372.11781119897319,593.81712759253139,274.50486774829386,210.84848599771414,320.58266140974661,171.83633954845467,204.27943320801182,37.729806028973201,189.08803009354912,187.64283651303208,659.74789835665888,639.70961906787113,337.60817918301711,476.40078089265506,907.39652553777455,520.92392415774236,158.46671556804461,721.00532372854104,695.22366286345596,55.812565155703908,264.45219781334885,846.36532771368127,821.82464886581954,949.68937157772575,528.76070604404345,636.79015188805249,181.82010044534667,756.55887779321279,928.629817128181,531.04824504114879,801.76818627106979,505.3871702949279,275.32003131945112,821.99272145087014,296.92693569048527,629.41193016012778,584.66784302405631,799.58524052923542,813.27446801871315,80.988573802936386,146.49496695776949,755.11516845728772,680.07147300559143,389.10504809884429,45.057173436005428,488.12369052690542,839.5977068387283,473.75541663915527,751.00496722413868,20.384975745397469,861.63124544193158,663.00947244664337,413.28537311826676,717.86465741269637,562.80724873775364,193.12531054735891,43.654871608887461,-30.957153711976385,-40.04049783773565,21.856552740273131,-35.212044661313783,42.933678469330744,10.462512656459925,-74.063408912886104,56.727901056903129,28.828257332177333,-77.14351467595273,55.167900308340748,2.655643150177454,-44.081702795400069,20.53056065043382,-48.633319468530246,-4.3446049205951276,-10.466257936022124,71.413379559982147,63.420336769894938,-71.227220358747246,-47.688003854555497,-43.128752149393726,-83.440456572471632,-27.636332628152942,56.203368520409086,-74.452765251849726,-27.103714884533673,34.137633607585528,-21.194775825612105,-17.24290894414295,-8.7744467163901856,47.915043161862258,76.869686669940265,-28.326098741194166,4.11480417593061,-17.149605759978293,53.620825544484283,83.165765390887302,-18.367398614338089,-61.684692455719244,-41.838290763590116,46.357258622684213,5.8879445166768702,-7.88907948885719,-26.622966994914698,-58.180486018729269,-0.32582072827686837,25.227492338326357,-10.381971280454625,14.506790826122611,-6.4467175870123796,60.87120620615439,34.770632162229205,-76.871944696615671,-0.56844950202346989,22.30606164459979,76.144257438855092,-23.853416101789609,65.325558636398682,64.057648370301322,59.897504564258611,-10.738109628142739,-43.228834638592197,2.3274281231776324,60.037106180701223,-68.567677038126561,41.590739313317222,38.1868863522213,-68.583591053179944,-61.734369387596061,54.347360586026973,-76.425403848950509,-15.22550749036408,-84.649777713637249,3.3984479618732513,-9.683185770925947,-37.182386377960277,33.951912397615772,82.183256766033665,1.964226119034022,29.945161315113456,84.966695756408683,-2.3907169686125771,46.77580832159947,37.160944716349569,-72.929702861119893,-22.375968025381766,71.846530898164048,-31.919589493818652,-68.255156335948044,-4.3992121878028048,-61.765917593212393,31.661041565229983,49.57133521547766,70.390552221736982,-78.269977583426794,36.992478440646266,-10.621745645024077,30.072275759432799,48.847586220069836
7300,-62700,2.0212490136499959,1000,165.57157115707946,692.06322126101725,67.945964548402387,150.89610479709387,134.93965666640895,826.98587028215502,351.58809711104664,375.88120843103337,600.76889546368932,370.16985212040169,282.42332557919735,93.850305678934689,625.39133872235823,76.777439588091596,495.24073986943858,708.84380497402049,48.227457659697379,389.27262432938221,793.66810564474429,308.32238822654267,935.44662515972254,559.42925904800427,270.70239021784124,876.15450081170889,617.59609614278736,422.8700677873594,809.46162970663818,845.98532316397791,945.24322718302233,664.24212406169897,699.48360474639094,931.59529060260184,297.50074508522982,495.01802368603222,984.01234238482425,606.04577019911585,267.09267128540051,455.123871474868,529.49959351695531,767.00049692665107,684.88523695236756,630.57387860762515,347.89357786282835,598.42288636425735,291.85755706515295,212.9513364920175,304.7353087446316,163.71728009946474,167.25234068180322,36.172480811259021,263.98349525205265,145.12695520120306,657.07709397248755,616.45886921982867,348.95240084410989,221.51903967104008,934.09010369450164,893.65069014398898,269.68808622216369,448.62802252593178,866.24730210980147,602.52415797944866,385.98808418854225,148.97179968756126,821.95305702165331,909.25630180801659,486.11225467130186,772.25007198195271,138.360240863277,735.4975970540786,75.289840778116172,529.83235402345395,811.56313004851893,183.05151764740711,279.78952665625178,819.30106603395632,139.27715813728224,767.9702414023393,583.20937057116043,798.94809028642169,271.41084832520585,244.78136195876186,189.01093564584522,808.41803223591558,677.09243821909467,425.23093012768072,88.67246608053506,478.36323059748105,837.242129339901,147.57647849260542,725.12008077013684,109.70656416705258,716.98192064953491,667.40870622298235,460.17838888006008,718.90997272732216,586.92229675035071,193.01209000706245,200.67482484640865,-31.175405999547031,-29.900593416174551,32.370187434022391,-67.374642806825236,43.170838300947274,-69.382677949875671,-81.115703564944823,-17.263636134190559,24.558783561857705,-78.706579749015759,49.86570514137582,71.118395143955524,-44.063020970920668,21.601057834026918,-44.936874490386614,-4.5432491127847898,-10.530659040091097,64.715845282417462,-10.575690970281833,29.446305674759742,57.230497455938917,-47.432983842288657,-84.391252554325149,-27.772752716092988,34.423738303948852,-75.356763976996007,-25.558177213430124,42.490125918110976,39.036769653140631,-18.057407174007384,-9.1041086809138996,62.108832376092181,76.33370403666234,53.336671960968907,-76.242201549621413,-15.654196148486811,28.925272789433336,80.990604112240476,84.773285260627858,-60.681697651832657,69.721126908766337,0.8553096282586985,6.1409567703532781,-14.020999925127015,-23.740066773118919,-9.503045373113455,51.493997147142807,68.868387384933001,-13.786119198551148,16.957221123125635,-5.5223223538347348,62.223273861909789,33.943628949750327,-65.429036396998583,-4.3524205423859552,20.864379349084484,-11.444267717261164,61.296065390201207,52.363601647268268,-78.225920018421249,-16.053038070880191,-37.299007381767851,-52.305303371052069,-2.715226131126748,-62.559017989104703,-72.294796378197475,-25.85720817871292,-5.414005606664591,-68.576370123008275,-1.6045862870586343,63.274704106854102,24.52909924396527,15.045656268719469,-84.059406818963097,4.4390289059523438,-7.4745967241080171,-37.656430653338148,-10.644992310572157,75.645533891184158,0.75008203221649494,30.861731528344787,23.499471651617842,-28.615216401097832,45.260243803283046,39.597945980084695,-35.846015667806093,-45.440963890574466,65.469622058303429,-25.573621400734343,-70.382824112399192,-7.105531158798474,20.89594189540766,30.241444933719851,48.72796147836528,73.078806486024874,-71.873290104786747,37.539354838860525,29.651980315364476,-30.920679460529225,49.147986300224765
66200,-69700,2.0224279585254701,66.896133365386788,3.2504747322240632,664.37784430015449,52.695231540364432,205.63480553954668,106.20797193433916,813.04435804343109,109.75669666306881,387.11104155604323,619.65861788188101,119.95297725607296,283.1276683023118,351.02359379451605,650.744896189158,117.14009226775306,529.60745944624546,708.23922599249818,114.76577494169423,407.92522461941735,13.413819235787287,330.99556357149669,925.68509770355877,136.00157644260173,262.14554643425578,869.76343151527408,925.01660692225994,453.65937558805962,826.09206686968491,849.7295449880595,82.028305398667811,257.0972297069419,73.710449442839348,809.93053825637776,865.53708191050532,839.1208036836515,555.47156331654605,606.35891998396914,844.45445287286827,428.23889114626462,487.63141817910201,522.67463876011152,713.9369743516902,404.25410634662359,367.51973420174789,597.90053677728633,286.5842965053489,179.06348348733465,316.21277131961614,148.59838131944664,191.47044495869656,766.81432466801539,704.52172275135786,195.03197416359544,627.94767752626899,874.3546231290245,347.310949704113,210.38578837008492,306.3529664402098,440.28699012657313,275.43711392777925,402.39229997497119,826.86144472452816,70.50450088643953,627.95778788057225,171.0877187456185,815.59910227443879,857.94307224500824,534.78362734257394,646.89269124358941,144.28385847303718,735.17846846681402,860.28469473966561,529.25911624850039,826.24220873575211,170.43272948925457,4.6526826294028467,803.70772947190244,282.70114046233522,767.17296531075101,99.764133493988481,801.6063398657592,311.96538946763235,751.17031575506871,197.16371307244194,724.31889116448883,677.55445091138836,387.41573353283081,110.92641922796963,480.14479768133765,825.44308252068947,124.40396690791466,743.02558311362293,33.052474815308841,787.73833262005326,665.16155554919703,475.43462364468263,719.1441360001885,577.00173391138208,192.88538023441518,41.669558107312326,-32.393644971064305,-24.116170259641258,-34.381038544761779,-33.397622208540135,43.479753308909288,-67.992693633334937,22.178290411022324,53.928503146851284,-28.351439793776667,-75.893732498165008,-82.944807352866505,64.400511501261249,-43.885074768194798,85,-5.7040398223669486,-55.584101594317659,-11.097801324578677,64.815898354500348,73.62654005881312,33.319832594425321,60.531387609775848,-46.596921848417367,-71.19258511533225,-23.206385932366803,29.882662398422447,-84.021719954245356,-26.98624867120769,-31.276732341742314,37.226093645194254,-17.056123013521091,-0.28477869914075316,60.728202107174127,72.425895218407064,-33.469984407716225,-75.973584408822362,-17.566572230940206,29.168081045899498,84.222224652419897,84.582274653991647,-78.329628211001889,-51.360890625507331,46.317666135935532,5.0956456224544615,77.332919396364119,-24.853263993180747,-72.25756307764712,-8.7282018561445263,72.676026752279498,-84.888956111420413,16.007665266699039,-5.9175907994003305,61.92910438109697,36.370982807142262,23.225431894460243,-1.5660301875051279,20.874528354044774,-16.243093848087163,31.458789609222762,52.395494384451119,-73.166287019914236,67.421299404114492,-57.779285743885424,-53.225572979919797,36.549404141040867,-63.626901171237321,-12.326603556244789,44.626546662399299,38.507786859216779,-68.623958955215429,-57.183665511196558,66.028019444915145,-71.887758854575139,67.194214903626772,-82.229104705347993,5.0195823747224502,-7.3930317969527515,-37.07105234292721,-4.1769271765337947,81.276568537700072,0.67261936385894194,31.948921321506994,80.239413308858602,72.841933350519469,-66.746031572437431,38.661422409037328,-35.084903452993345,-44.403005540208916,73.091388191603301,-26.339572242878287,-69.492207142880488,-4.6476625120048141,-59.352639996728726,30.00898552087726,49.330257324530763,-66.745958900181265,-82.169354698317804,36.79590244469432,-11.714680521740302,-33.041823688014389,46.607486522315298
2100,-51400,2.0179467457553004,999.78000045878969,173.31376814684992,681.09830014021088,38.120046951524017,154.0029134475048,134.55239545455831,828.16311267491665,353.04903496345258,389.80036329685709,604.88031366961366,364.82372456537263,157.10467891876229,16.535727833613436,625.50495565247957,79.88715224874214,499.48845924335961,501.63764527171696,93.200407512680428,386.03353540296786,800.26671460094917,512.77479987076049,912.28626256118355,172.56147412423761,270.52630304756769,846.66837623779361,900.19805025758228,415.19116316270663,856.37887876582818,832.64979152549267,955.89667039484664,619.62191073082693,794.49647521320321,952.16089716045894,503.41340171417517,828.2065141048904,603.19951686342563,183.40925842750647,420.57025539192239,127.08106167140781,545.48646290378827,856.75105977693863,680.85289951152333,636.91669255199361,800.72918206724717,598.21030969587639,272.74051831500498,197.1448358297784,90.309637196343431,164.92361706286675,180.77757567010551,69.456391263028465,248.13232559242604,190.45941729172776,628.50531293310905,613.53867977497066,348.86703170623474,188.36147502027853,238.17612749036815,926.80218841229407,269.80316301262462,744.56661896913056,936.49335755337904,160.73558820215109,456.4682061784066,9.3531943622324079,846.24590486492173,878.87543417456811,516.4740902248268,787.1998500746389,139.52772729817909,750.7729760828862,603.79654446996278,536.10992899264613,812.54824651558977,190.31758104439419,274.65364963231502,819.66244210991908,286.58533491493267,763.31456326067678,722.99064528693486,801.85536277710946,283.84391704244285,182.14618922579328,189.92298900557742,327.35291092460864,677.26249292560783,385.54793828109939,704.07005903658137,478.38406180148951,824.33172756187048,127.86877091709232,722.36583297703635,772.41319055718259,788.49193915511739,800.77517512161455,459.77802007104293,724.19076971414313,587.11814659455638,193.80621412056982,177.57949501315568,-23.501452186960215,-29.656774156963948,-34.965174450162756,-73.689965676617945,42.723991095169914,-0.53147570198716354,16.807802583232753,56.835146296799245,-26.141226114686219,-76.823839000341835,-57.751552505654303,66.037287529984809,-44.077704545053209,18.828205998795156,-49.558729997425353,-59.479465268236396,34.929554165750446,64.209230859398531,68.406889608462421,-65.404472984231873,64.810000823832098,-44.299129114114102,-83.327515577668592,-54.084168102012733,27.088491491334636,-70.438816759312516,-23.301450569270159,-28.624914946567273,-49.766736042068885,-17.234688184080461,-2.8305111869887458,64.801300474469926,76.570575786184747,49.086828057549155,5.3096455950868489,-18.077859735177647,28.867807501562563,81.113183405895057,84.761422315541111,-58.560398298406362,-70.654150718823558,-0.31280994068361767,-0.67833191641462998,81.996809220351935,-48.749653069810613,-13.557123103401491,-20.288778056798041,23.659179695779493,-17.213253261926177,16.82868921196518,32.471643703142512,57.742521295125769,33.827158980497629,-74.860947522036469,13.599521473552809,20.950256403428821,77.934245985984333,32.79973086767049,31.422261333063805,-83.29691027273887,62.797392698936044,-38.698683302588606,-49.26197089180809,37.745169907400928,-68.549313573448188,-14.009388509925827,-15.26444827834948,-8.2219960918225752,-68.621955335949011,-1.398900338970416,64.394698011436049,22.360651748964823,68.534619949125315,-83.953254445815915,4.8208512525501215,-8.8296852630237446,-37.882828597282519,-1.5388702380833426,81.599869472204404,-3.892844530724199,30.398333404980285,28.754998565430977,-28.498118259284968,-43.647334292569639,39.434993543026422,-35.940926801244721,-43.639850322001102,65.087200621332201,-32.911898853551065,-70.248388512907994,-6.8524596258595292,-57.607259651881414,30.389792101853747,53.688327956495471,82.056141908805373,-71.896550561675454,37.028669230744882,-7.4148823454413311,-37.109867510855707,48.475373824258916
34900,-65800,2.0159470946329514,613.05622137255216,7.7950854938673189,325.10444924315908,58.531096857060824,185.93941370216169,134.50093423741811,230.78164092775444,329.64936678816656,378.11346227297389,603.01344467073238,106.74728309075113,282.11602009818699,35.851821509723095,603.63454746946513,79.262323801820443,594.42960877769428,705.87495039581006,75.028672524744735,388.78249456085211,801.80150484543037,355.85776243277473,898.34297939320663,169.5835691491678,266.59619538611599,875.39050744040253,164.2715413617581,463.20880164529137,855.79088110249313,829.18871560969717,109.94142488588341,227.78160727646721,107.30484172833009,969.25328487538798,812.81067625999947,833.43128117319554,987.13974699824746,461.14442236130827,969.11392764338632,649.96478904702121,542.05370980963198,928.0677928833212,680.0359066450302,631.17504717882366,372.61970530100393,595.32551321950905,284.28595767146436,192.17083321333956,323.80350852115623,134.3907007305086,602.36123338256562,37.40326572502282,808.72599463440577,188.94281830188766,626.92917248471645,844.03458259545334,360.78099709001083,210.71137611412075,918.27771636051125,946.70587956787847,243.57990061565926,719.70813952415278,62.464190122340369,7.773535562669565,260.07883958140303,158.26938955039464,889.21133052108462,965.1705042526313,543.92771878334145,635.289593588716,138.12817771228538,751.20723336668061,997.27473375782415,43.963231230970422,822.47434225917209,501.21027793866813,31.785481735786021,820.8689487571213,174.76347246452076,638.87344911568505,75.305864642622538,801.59276880268249,308.79735123251055,296.99666510118743,188.52522448015048,665.09714528560039,681.75595542030987,385.91185983514816,785.59005048871154,457.48723821812155,820.73129111442654,130.67927738983283,721.22455431534468,5.3637179460339439,868.35158729563113,663.87158533072773,413.62044451195396,723.07090298190178,580.77935302662627,192.83196013022157,201.55564264074414,-30.862833655680237,-39.544143080007061,-33.403986250652792,-71.343648472337151,42.981819030864372,-68.433342314340024,-74.610036723357112,-5.9356971979776851,27.353848640810014,-76.064010850982626,56.156383416191339,9.7979326322348559,-42.93948917763467,19.725414113202199,-51.458706305413259,-61.136597837886121,-12.584253137214329,67.68137546311219,-39.276298352371803,40.663319042513884,-62.144600482776944,-47.009113955332992,-78.761033411377682,-52.807930467818537,29.486098249524087,-69.504739349307243,-24.159572229489175,-31.839219129825874,-53.72149125703406,-17.583892861951458,-4.1584426434769757,65.225937098043246,75.171234499903278,50.65238062791137,-84.99021172814922,-19.108135480710491,-7.2150847982395341,81.126580950585065,79.648536904268397,-58.380491562930239,-80.416358853053964,48.252157116917132,5.001364049029168,82.979909496456756,-24.243675604429413,-75.801522928194856,58.19423305132581,25.857903066210596,-21.995501888167542,17.156529167910989,23.835043421216284,60.94853956756161,33.049014495919799,-74.065604714858111,12.436450068639463,20.806072495597046,9.7902653013903986,60.816696965828292,52.423543160696028,-73.553945536158921,61.039016352368336,-17.727998176823615,-51.165688915173924,5.834663127574526,57.643271655986062,-68.93052555332514,-23.235659527235892,-3.7796408585157515,-68.613039124699782,11.841780232626618,58.677909799990204,25.071774068683709,-22.610823167226172,-84.940455246602255,0.93139163898972055,-7.6451452729108542,-36.823337903393963,-0.80543673508004154,81.495049347691165,-5.2042571187537012,28.198725184395862,80.425850987158015,-2.6437472077866655,-38.780719446163545,37.681200849275442,-35.875960458586519,-27.330946094133004,65.547973992357456,-23.529429744056756,-70.15488427752878,-7.036915736163496,-64.097402863569968,28.359781720960822,49.386399337388433,79.854209979319521,-78.72459765225058,37.130402088703242,-14.435478207538557,-27.702621333886114,47.409181656228071
40700,-66800,2.0200458129180792,517.52883740386051,3.7106501187105714,682.09791807910426,46.803345737018432,271.86156554942323,108.03825706093312,884.78585777481715,344.7707938088451,385.05731142072688,604.36298640891482,108.2882529952403,322.86646427454536,322.58573100279955,294.04057352128075,78.037383432027397,576.27933952062426,530.28333496272251,79.394040494928589,397.13417904197297,788.82976521825083,547.28268233405458,904.6653094710623,565.74987164168783,262.09210054584338,874.8648042439446,158.32563252361302,91.528857527741479,53.040971638713302,840.57349736152833,146.44561104840102,260.47442778819391,22.789940090871568,413.69487676884313,578.5683867849001,813.6214551443976,547.71838834023856,158.55254881492363,331.47243467664362,421.56183350474623,507.76120032302083,916.05121077015872,241.8612103226065,613.33832215536745,375.49561567481913,595.25482885902477,394.59606473235527,231.93849579919046,323.76805472202426,182.94687122069269,578.585918540737,69.701060434435831,813.88587244605912,197.16353971278821,627.03859446551189,835.77162338764469,555.18691216379386,220.61861374820739,922.83019993618666,438.5895997021214,296.30272409987799,422.2417334791723,32.603614167489454,697.53193332337253,673.49009150227664,38.523108889994205,900.54133704990568,960.73266414487784,534.68409490095974,650.8656593077618,142.02232544422944,665.35681967070877,910.2218265246712,21.108019304167215,786.78779722823401,550.97034951861394,273.89172486391874,820.45430160325759,311.40882530000977,767.22155977074135,93.234830006579017,799.45752342859362,313.71753118094381,290.15958698084057,222.66908639957117,742.08348800779709,680.80991969650779,374.95021825339688,756.59932576918447,456.9332013950492,846.74281194782134,454.74705315230472,739.2270209374077,337.08886310270077,793.8388317951833,807.55873951830688,449.69133756536235,717.44917619095372,580.58949596090258,202.97406015735035,196.61649409885314,-31.364112768515067,-37.726945319963654,-35.540087455626377,-34.096531935077316,42.320013474380772,-67.054531862615121,-82.222455829004076,-47.806325498656989,-32.001546423817103,19.09027784061481,69.13506841902003,59.112352814238335,-43.903687663973187,19.748567166127984,-47.588468289036918,-64.408808893822496,-9.3487978143597417,64.559128043231212,-37.483600578943161,34.078970865676823,75.555493579897202,13.046696113162376,-84.942217733150912,-53.17295976484025,29.966185221161954,-74.912000362570836,-21.819557061403493,40.210508311219705,-57.432528889363688,-17.100271191322587,0.28869850047034329,-16.008217202062081,71.577800276702973,50.95684522507981,3.7610341973385788,-12.011987133002217,-8.2900298386982598,80.418892652056712,80.094954032816233,-62.232552745060588,-80.564733790269045,45.80825264913647,4.9197477931961844,-16.742113303800558,-24.146253094225855,-16.29419040475398,-11.120606348048415,27.120262375241069,-15.461381927914735,17.048867486420455,23.034974301920343,61.071311938514924,34.864945098056573,-78.10605062705821,13.816786822871432,21.2941729812737,-22.148616902827101,62.362900808649258,52.431957882222399,-45.894856530835305,-12.668971421582164,-16.027110065057624,-49.686597181459689,3.6626903051536708,-81.689527713735345,-9.9086921874774969,41.885928307427683,41.116587897834222,-68.612799497322612,-56.266313107544931,60.816452864959771,26.822724939186401,-26.055474932551661,-81.96629858439708,0.66230362360750306,-16.166421912070302,-34.615877719047191,22.554543393884824,80.016670192282291,2.9207313488129181,29.850773874537932,84.568628417608139,84.99278108993731,-49.698491070882483,39.58079378518422,-34.974762420378461,-27.325851437125138,65.614332445007506,-25.171322123155882,-70.098912794111627,-4.2160503575092827,-62.812083889684082,28.417967401935634,49.497756597948552,78.230966692510506,-80.870677266050535,37.011122181724254,37.466877383584226,-28.21900382705774,22.316078370196692
4800,-57900,2.0588421508086525,1000,173.05539076923063,676.79796262828677,37.198128031900872,153.48525624018112,134.59835435055197,825.22175080718625,119.51294908536941,366.4835815110589,601.91100347502913,365.47075543366077,140.05849885751078,291.82431850915418,625.87935675111669,79.682545108596742,499.79604601876036,693.22909175888117,62.106206027169421,388.94780787741638,802.43741212349357,519.39640463901617,920.86358233818498,558.69630092928708,262.30909221015344,845.15324973967222,1000,438.615533635139,860.5515748276448,370.13141548913399,925.36436270589695,232.99355448311286,226.18023379165936,860.38852538505284,524.27079208813575,834.18246279245193,611.99750273736345,939.9017394998009,464.72403371236908,414.18638780165952,667.45149113227637,480.97944003782112,681.82409186481948,334.68598997231504,382.87373425338149,598.3284904564108,399.35683702343442,195.65796396964171,97.354537405553543,164.53537022572698,93.49033544439753,34.755330162700979,719.477798197222,191.33195452249797,627.88448906879967,844.88504300682541,349.13769020387076,188.06840257850646,292.1768792842708,910.51431074478012,269.89077012703058,411.43152464303898,803.94948149775132,54.489492345841882,641.60723858360711,67.059049216285061,899.21890144314193,556.90100269753805,518.90358517908101,634.92487639519959,139.5188071278794,721.16405259137036,963.45209570108489,539.62786713536627,833.95773042102746,190.56589305812756,252.05540591571818,860.32113445821108,167.63625688060915,763.30680064619389,692.1904555478277,840.40096411951731,285.37813034919355,32.458239917236398,132.61533262589234,294.87939803664267,679.2432695432384,387.77271754497428,784.9181861449091,456.47686113135626,825.78416643963999,121.32565784260007,722.37261113887553,24.872403514737186,788.98464302629395,801.23670665888073,419.08024025203031,712.23780070797909,612.42323187957606,188.99879707326176,47.91727954575093,-28.004611397531136,-23.590959474212585,-39.030954976290602,-67.084747842267888,42.856799615864318,-0.64886432093013013,21.156203978941864,53.399671072915865,-29.634135211679418,-66.056865945198183,-60.607574125747384,68.138420569824348,-44.107705378919867,20.77820805766067,-49.419242933365034,-0.96207444749396021,-10.849745879171243,67.796588192579847,68.755441018545739,-77.757113031451667,29.749731538988023,-44.728785631854215,-83.386081586847553,-54.083751693478234,60.961125418816188,-81.63960162978664,-23.369652589506263,43.873442668997058,-56.200050505837496,-17.234638791904423,-0.35427808203970179,64.519273883615554,74.991731649556343,57.10310110307951,7.2453411537211663,-15.843076462103593,28.905284133110467,82.788327340187053,84.904059650391488,-61.904483490342791,-82.788763984784765,2.6113971187812304,5.0690581527609746,85,-24.247448855513294,-8.8566638689734152,-20.759392410735941,16.128675306849988,-81.816389289885308,18.515100607689075,21.832959219408419,62.3357482632032,34.824799143374811,-80.380309386091952,-1.2942094740813748,16.072446750388679,75.883579802899362,57.087743541623723,52.295155768253352,39.485532696318572,62.889507856283586,-39.518026891703833,-51.834752799069065,37.711443733161964,42.227609830081647,-13.565007763912016,44.360526103852372,-6.416406441341465,-68.573488318583088,-0.4393266439676573,64.085920975988017,22.477023014522025,67.815026848271316,-84.006687643588762,-0.73089644318825231,-9.9875010969967377,-34.265764487417478,-8.2461177818101667,80.373765904949281,32.715795779244289,30.404443505845499,28.883787553057395,-31.561612462459053,46.235123719513624,37.46044094505239,-0.79960725277596367,-43.814345617521653,64.511991888069502,-32.285601045288104,-77.566053779074323,-2.3651255028426021,-57.507423900007794,30.212253932652445,49.822873633288253,-67.47739352021577,-82.31518353626187,36.987869413937545,-7.7841456701997602,-25.499789510193906,48.555031843859965
2200,-51900,2.058656914942314,999.99860480844325,172.06201934462169,681.62218660460053,73.419951222745212,155.44290214244432,135.30573249312792,761.27738298747306,366.31852471723062,366.69329383842984,601.89479828676349,119.23396726963838,140.30434187725587,290.82368523753149,699.88127311059054,78.853353067674846,525.17665948966112,694.83349368247832,92.743528113463213,385.99118350747301,526.46755452964248,511.83435354252083,912.89847299043549,562.97292107608496,267.42980386471692,844.72347144767707,899.04117980594197,119.0739325064211,856.25898138159698,365.72593281857047,943.05942710065904,617.8807996294114,219.88759828921724,947.80217327459354,297.31969557989345,833.58506473132695,519.1827966735068,909.11489937545753,406.96172438280234,122.35735856167338,663.79151003233778,862.1951291731209,681.1324581381034,364.52284343222885,782.41819687075031,598.32594190050224,273.112036668732,184.62302934877823,332.96859630116222,174.97295294161478,55.166625584920887,16.406676829803942,702.902607282031,191.36863167892659,628.50112861260084,631.89677149739668,349.12716962789381,199.96362303478438,290.11114463580276,928.4656591667042,272.47137294445128,703.21105930951842,942.18264780814491,159.42528061192945,649.92804150348468,68.52668033320856,849.04965096881426,860.43953325285611,516.43509658677146,635.93501883517649,139.51925697196052,753.1124763961576,959.37757462718173,539.69454102594568,833.72511062217166,193.59505961292396,259.49783210614697,859.66056598527189,286.12127075191751,777.37531155187594,71.780461484457518,799.52245777245628,36.174964694577938,24.33751367580669,287.49839802771839,711.73809229016615,627.99018534103971,385.99473535195807,706.00718150059424,482.32060524388248,826.03148006336164,84.45403693517946,722.1645148823477,11.945045671157688,842.970801208892,804.91232683763678,454.45523235580777,711.90155383612171,586.86676699782902,188.7806437262013,47.226843903517491,-23.648185600251846,-29.969734609169588,-35.01296224431502,-73.323721017907545,43.249789388127219,1.7479485121630525,-81.0045350494443,-4.7920116633709,-29.584652780472084,-66.182572437995418,-62.043316515884442,13.063937674903922,-43.87940134921098,19.132079024223135,-49.468569560070435,-1.2584844285140733,-12.335854103324726,68.111454766629407,68.407655113054702,-65.50574757896203,62.577651541478971,-45.344032382971314,-83.2848629762793,-55.869001901231151,57.695510203060209,-81.405533370730808,-23.29567694669333,44.896593177983377,-52.325444853395084,-17.235822849215992,-2.8550268229222975,64.460501436178021,74.992156755873395,48.994093691810768,5.3169541965498937,-18.146688526235071,29.04428571331902,82.914242356880521,84.766520038774189,-58.476515787460741,58.928530728117025,-0.42168947191258965,5.0020749857936764,85,-48.990877495086195,-13.480048408061034,-0.057878860878513905,23.347245621428833,-82.268557161257206,18.571397988420706,22.166157300744459,57.979805704501111,34.886375963679107,-81.646313420645228,-0.9679040971545394,21.22414065665275,-27.233690931914531,58.18345875578818,52.436235100227726,-80.597029592700565,61.898651368999289,-39.519554746832775,-49.220966616471188,34.467398311771376,-72.561619137158047,-72.774236518328863,-24.333420889728465,-7.8982905251437536,-68.625238693061419,-55.741015256893675,64.059908961196157,21.824211426754182,68.37391512695217,-84.075202898745317,-1.3518070792135741,-15.940539303520858,-34.491511881078615,-1.752022247454855,80.339884075928737,32.687621416020868,31.768276301654993,80.414857599793052,-28.194801539867406,43.663431454900184,39.574593014770649,-30.143087784306598,-25.889553183559304,64.515540571791661,-32.179489809577667,-77.455890890639296,-7.0646439396671852,38.355754846766274,30.366757911425996,53.442381401392879,85,-71.61675816938191,36.976851553837548,45.222713012480455,-27.362567711680263,49.730823206970172
1600,-46400,2.0180517958764197,999.76863569548834,221.05954106674798,677.2142411968025,48.434602342491118,215.40803687125037,154.41900418814876,813.81320901224842,110.25910094700927,390.05191113266227,604.52855290481739,372.78464704340513,155.53239920493479,269.38910342020716,294.24968948152821,79.626824503753085,526.27354937671259,509.90114126784283,64.507977450310989,383.68637295483211,793.68846726547054,541.93624592033552,920.90150186316168,161.36735732288477,262.32108472376348,845.1327867058684,999.81732781845835,434.46030359090798,860.56110389052594,823.00485090379379,134.81477439333287,239.90603459564639,120.72411423869617,943.41353442660716,324.7341603522521,828.32572169062144,986.72614710528001,866.73617720250672,419.71077160117295,423.90359898799744,547.44417740266044,896.09109816842624,680.79885789569812,637.30147895165078,402.81824790951487,598.21376976727231,285.39182796472994,196.90001037466232,105.58482301986693,175.88525957043333,93.313907625922582,70.717624493165758,253.30130414093728,194.83907352403889,627.89025410431861,848.40012746647108,348.96708223446564,207.47600925642192,240.1137200667502,497.52965531169957,269.20733686481259,733.12081465078666,801.51868818764626,62.303967015186501,467.32400099567337,64.754001093403019,896.31588604834894,909.09219682918888,517.23565796571222,785.20009187189078,139.50995953078333,718.74136627966698,998.83913595003105,536.26094543009185,811.38546201652832,188.74964353443565,253.14425234382082,817.32861648125777,170.05932539136091,777.71861577624077,51.917179690300756,798.02579686226784,308.11064415247915,187.53408920155474,185.03175327539347,725.58273627312974,677.38732861881726,387.30948051061523,762.93747283721405,453.42223559121396,824.51553132257391,466.85237250374746,721.03518205868181,13.250303291464048,800.88338146247315,805.3570916533597,816.77618791696705,711.62458858323055,610.48236573545137,192.92276471339071,174.62361049162899,-22.45531157060076,-23.436321521905466,-39.040867925348067,-34.5818856176721,50.131861418944219,-58.183668261379978,-69.740478913282189,53.520517599945123,-31.032422783708483,-76.8979274072301,-57.768180321801196,66.759308146911621,-42.496423531383101,26.247759229044053,-46.3073594091925,-61.126317611869219,34.571228848028007,64.057657645566394,68.827952579136152,-77.654275196118391,29.832615942020908,-44.722799278953012,-83.331467950786589,-52.949883028743876,26.70880562457414,-75.286883047999794,-23.352836738784067,-32.281550453740621,-51.597164882018347,-17.222643866757252,-2.4967685834124382,64.843579544186071,74.88934412218731,56.954678989749063,7.2066115290686383,-15.796807796840195,28.909366531442323,80.688317589363976,80.563059821782531,-63.237321366213521,-73.72086768351501,50.720324521810994,5.1413638384936107,83.899285661731639,-24.535750630919196,-12.672829841393902,59.680493502586202,16.647828571611846,-9.4846658417395133,16.823881397230402,-4.6034212827531107,60.633966951565007,35.764263661787574,20.334734895146525,13.191561928873481,21.255053898663064,77.977963641645459,30.79993426622805,52.406138439023927,-81.990617847337305,59.357940744290708,-38.692359538480524,-45.938600027528551,32.872679457478398,46.852488734946419,-31.787517452767446,-22.007760890259874,37.671195080568296,-68.618145458776894,-6.0991338739358838,64.386219250597264,-44.191732005053446,76.711179789632411,-83.949776698310103,4.8540912607418161,-8.8536235177746505,-36.630830888959402,-10.617603179423329,81.582752849587976,-4.5375293893288262,31.718594571789573,49.544285313532882,-4.1321303700567569,45.471024841526621,37.37270621692479,-0.014348434413474109,-27.108845762711947,65.197610510464585,-28.698400899643119,-70.372314067511695,-3.2927983890893731,-65.110317702444874,29.962539086631576,53.756312001787947,-73.999639801175519,-82.460062571806105,36.987097972581495,-14.050448757702593,-30.171987646630576,37.867009940734363
60600,-69000,2.0219287296244595,161.60547857987319,3.3117826179581198,279.21164035485828,65.748018598573566,127.20022399161347,109.81575213535349,499.98419642701685,327.67781922039921,479.32263541126451,617.07913755076038,131.18781203239803,282.01224275903155,66.309232377706564,668.41469502654422,82.774764034318437,616.94392641069487,737.45467776900477,85.841075786706512,395.3722575880023,837.16991700818949,325.09061190448523,911.44706411054983,578.24090410673023,270.60823664358981,847.1787756766023,588.63211697059012,471.70931488875112,67.550908252577614,853.81166129120447,127.13060479074188,250.477618770856,771.30622962139887,951.72067619208872,218.09561674227513,813.58544655646881,518.122209244239,922.49386674541563,473.86387645989566,414.1307682850624,459.89954705107942,822.37679707043355,254.08479333885504,414.78043268441058,374.50493535670245,595.39145142736493,279.19472284701561,189.53041096425494,44.672858039477916,879.59425850916091,578.77313529144567,29.846319702307952,790.98195020101514,195.84555258722816,626.43784867318641,638.13751901801493,358.73783609272573,201.30652188552838,962.75679808143582,941.28477026806422,251.7951418810685,153.50119082426357,18.170696564579966,182.21251597528118,256.878060314653,790.70826498603117,593.66947579359544,957.20245015549892,484.00111709342167,647.43180500195558,138.50183012877818,722.8889371408726,929.27108996228208,544.78888796664046,836.19865331020276,584.55310955300138,13.659570371711396,817.91875410171485,130.49079062379275,758.28644088145438,117.91018214216089,796.75368489663651,305.46770211660646,58.347022041060001,151.95681885515503,775.22243661786638,667.38978725428012,426.23411597561699,118.31440764356437,456.94161904666419,847.32884751619974,120.34357058166219,784.88548666018892,805.80855102966871,751.4155633422273,793.95995978440976,413.38409542394851,723.85096698244843,566.178589263866,229.52637100694227,202.59016130451877,-30.929834739429712,-29.11543252398155,-29.684724216416914,-35.048290942324421,47.867635369500441,31.812336203099839,-76.681108167920712,43.589437390678704,22.753373943155573,-77.199014959517555,-80.618929636295718,8.0103103840436027,-43.857804054122958,17.68357762630788,-48.849896502605866,2.1892074480298818,-10.520455963516762,64.845215836631397,77.919527815550026,-71.046815640981578,-51.779320209808432,-46.870420539068391,-79.270778774967411,-27.217248020486135,36.073728446443837,0.75996342406881467,-35.553275788437816,-30.226473253769782,-59.720804726037571,-17.214817163853763,0.17100758491517443,-16.135833862519057,76.798545268423851,-21.549636173865153,-12.095823971255568,-18.660891836212461,23.00338399311061,84.917827833522111,80.367381288584511,-58.378591766164845,-54.065540650547234,46.272748436552639,5.0132433239685188,-5.8440964589656721,-25.586610269402208,-71.306873788810506,-11.922594849995111,21.913839068433891,-80.364235413706425,14.287075443686611,-7.4032867718662381,60.824366287436305,35.688030775794189,22.815275424626787,-0.11321863567223454,18.758575799599534,5.8112267731258029,62.427691887839281,52.287792132334992,-41.900544449032907,70.710825099400026,-15.659611774356412,-51.04896673808588,-30.405502816660729,-55.017574591721448,-35.14649900053498,37.427374276623667,38.815905500032692,-68.617127832005508,-0.51307574228846775,47.484372796915864,24.820897494372097,10.021779624609763,-82.20284113594461,-0.49692587170718738,-9.7214302855758667,-37.833439820562617,-0.99019360403325551,81.56272279777393,-3.1885553848580699,29.90109234510544,25.515106722572995,3.0597720810379361,53.28447757706644,39.388197148560266,-34.355771773886602,-27.258260140104216,63.672677174511364,-25.423270894121757,-63.391068367184175,-4.4359797750380139,-63.308054842721397,76.397948117194474,48.896695942081926,84.840732801809708,-73.005054745323292,37.016612184283623,45.263917432318053,27.974984878060056,44.005443061248783
56700,-68600,2.0042913407861676,233.30544060294869,4.2010994542767088,297.70816188750467,66.801470656698058,270.15970525420681,136.64741126868711,539.58508955269792,128.01189250247506,375.49240732647525,603.45454576902489,375.29357913955801,162.56466918239309,56.051229016238949,66.824066437929844,107.84530523760519,497.79653876595705,525.29858223950623,63.147556884772563,421.16128340025659,845.38650626783897,315.04690910638641,924.07226498769649,573.34419039892566,269.82741443531637,874.10346023162333,948.82614127869726,411.18496301992047,365.66008077221295,856.44145516579556,171.26924835482438,454.96980849517593,800.57757542968147,967.21602950490626,600.29769862121123,814.6476194855378,483.73674879631227,903.18204160986409,957.39506259621703,702.14340394142914,513.04226212678736,815.14915679299099,296.80025238583147,656.00903441757862,342.86621870389575,597.0207572686088,389.4120321021332,208.25937003089092,332.29706637787524,143.25908670002383,567.31295391251388,36.296174618997341,845.26654919373175,205.78762063750384,627.38072704010369,649.44510128784373,335.61305811546731,231.91627761254492,25.895783172453775,979.19148529662016,266.76569221204534,449.10566964399374,22.388463232025007,648.51904902532715,389.58353693628908,51.602771146352438,879.47648819475467,538.32674011209008,543.89700572342383,646.58572373342622,162.26653844134626,756.39417482049487,927.62193948335653,532.13918983348299,294.22513511660952,181.85199638661922,271.14793270031907,800.15595568852916,160.50753320937872,641.24665896308034,65.879081047079779,799.11596243198005,298.93028014000197,258.40194272326062,151.33194278291191,752.65156780008533,671.55655469947362,424.55858287144599,133.51472761198585,481.80788614744904,396.19466036781671,71.815143245776682,721.05643186250586,30.646260161495263,747.90251288724824,664.93201584963083,456.85891483661163,718.81845674456144,607.57627321225198,207.43318410471932,198.99153544399783,-31.127086676326396,-37.894104359914024,30.034484622989535,-34.716216690312358,41.083670478641501,33.318528854435534,-80.121760406125048,-10.052269471770487,47.668444704142495,-72.631186157442428,54.42799439228947,10.040348275943,-42.649459523056329,20.961159688943091,-47.392051090417901,-1.8925333762953138,-12.326863448057319,65.216758116468711,54.124957502137107,32.16293604454517,75.66289318582561,-41.559751182067842,-80.203382403569449,-26.861297881960684,25.677646601939653,-75.011035936776707,45.609091960654183,27.87867974485664,-20.510956603543729,-17.089154294442455,-9.3839158859097545,62.177851894401762,77.058475036563152,3.7225130376456459,4.0388372839667834,-20.289722944917653,21.973845885835011,83.581937354982031,80.590346539711931,-60.155019097044431,-47.587387066287178,44.579530244694006,5.1297465339681754,-5.6449700766811377,-25.733556224183438,-71.57159471987147,-11.114930735027389,17.256384946109169,-13.637179580410745,-19.857891242881159,22.069201797786707,60.805412345393052,33.088152530392065,-77.693001474578452,-0.30361466858219449,16.856688537586415,81.090902125514475,61.065065413720554,51.984707521358239,-78.27659120968076,54.294905191045089,-34.767281756989952,-56.278942043154075,76.918831538518702,-57.215451377861491,-70.637246684922474,-25.931624117581542,-9.6848448436125381,-68.599183290472183,-63.918145967279926,67.178421099169441,-33.312537509940228,8.6567895807364152,-82.802747014739239,-2.6392307175916354,-9.6720758583722279,-34.314158370368503,-7.0785070971243034,81.145671033299308,32.844713746956174,31.794017890067124,49.397854172310744,-31.617627441685343,-51.798027201011166,37.580245868339347,-36.13464162143319,-26.341450635697182,38.681266714876969,-51.145238988928185,-70.496110303372603,-6.7529597342812231,-60.972036313701885,25.205632308481189,48.849009178067099,75.389670632611313,-80.460640442189913,37.116605911278533,-13.423203307769299,36.706986216173284,-74.323064022895835
100,-20900,2.0173420775389341,999.76895996213591,173.79847086969312,679.51570015031564,73.124618592114032,219.43863455557707,134.82261220317193,561.87637349784222,344.16844474298279,373.41131024392416,616.83522703343397,113.95165608403823,123.76101619105583,268.34406496210931,695.10394127081008,108.87108738969684,527.78462994140773,707.97041940916483,70.929964728531672,386.05061283377489,522.33115203808302,511.70338159754363,869.2921119721093,603.48556919027692,267.50374345212919,871.43377649717831,901.56342220402189,115.62995795168828,853.49461419212787,818.97015686142947,975.61829309364771,247.96873245939844,33.227565688166749,948.76615378914016,320.77558436045308,813.07582194980955,1000,592.93098074202703,422.36492836762699,416.13925433421906,536.84350637684304,540.00965606823115,681.09517456431911,645.22208832758349,368.66624503499429,598.20374668062937,261.17174418596193,209.75936176709709,290.68614737775704,174.31640821049038,57.022804971581422,28.422681350799646,248.07598275355261,196.18563791968722,630.02880942407671,644.6201537678229,348.96893084629846,209.77878839749528,50.631123370721895,539.02939358225035,274.5707742594343,159.25206147080308,948.3787546270828,43.146402090470232,482.62487985334519,55.838573639319108,579.18438751454198,914.28903902606373,517.37898142899314,804.07636344569744,138.27422421697233,735.35403478649619,631.84960735868879,459.77339016802523,814.0961240106684,145.99046859214698,260.35286749745256,803.64666145330455,287.16533645447072,774.94718735795357,90.738683631438391,836.50188776309608,302.19414378743369,789.37785708393494,185.6330142144032,708.61011012447921,677.47026339616048,375.19754451154677,833.71090789406935,480.31320471458093,825.43434085402555,155.12234876277199,737.15224630966406,12.046609953250645,787.8188134631672,664.90242797366864,150.40569556650107,719.05592648375045,577.14727057496236,228.81824038627701,33.937492708522242,-9.886815271463588,-23.810445383175029,-37.662070241040709,-71.96825497089371,42.094875824797256,-65.325704501654542,-78.346277334911491,-12.237567922481269,28.098268801003496,-77.351347760585313,51.262895567564414,59.692118129824721,-42.450151983768592,18.267901611690373,-49.994452551553579,-60.338500342320579,-7.3603541782002857,64.503440713476962,76.337163359997191,-73.45656096137175,26.508629412233017,9.0041733518106941,-84.941639039977076,-53.222896127094238,34.011659888378219,-67.534488024972617,-24.302978172125624,-32.093537367938808,38.063447724332143,-17.175316462884371,0.02059806608412651,-14.752732344402137,74.839714013549198,53.783726216437458,7.7920318280946788,16.786968180320212,29.211092833175279,81.128955507237762,85,-61.743529161516989,-55.041215488589039,-0.88244449923468515,10.357135655754659,83.311712526571114,-28.145334466294909,-57.787762397484727,-17.450255613887684,25.628588515829264,-13.826764658848647,16.903763746303255,-6.5216997748485745,57.788171860468175,-9.480999343420887,23.842609713708761,-4.2011904758357002,20.814297079095873,-12.462676532236358,-19.136369712014549,52.4323491653576,-80.583351526987386,55.545796688220527,44.652926968642902,-49.310188098831205,34.441175992830608,-83.376519598027969,-72.100028582120842,41.320420435288433,-3.5568990924088961,-68.58024093238248,0.9618613354966451,46.729710197992077,-34.748425691789279,69.416667176265022,-81.976011701352462,4.8380191778463804,-9.5881247699077505,-52.092759278257077,-2.276593856691834,81.444218298208838,14.05534726903619,31.65615184531736,23.606518853891195,-3.1897370704874284,51.985380778431562,37.446441791093378,-36.943898394059836,-46.047765286076249,66.014984382610535,-25.445747108241928,-70.398204893772132,-7.3642681796409626,45.200541855611441,30.61637861600251,51.331376229390571,83.902096839531396,-82.185420413158809,37.146894913256524,40.50735760437658,-29.370816610053275,51.022938779958679
100,-20900,2.0173420775389341,999.76895996213591,173.79847086969312,679.51570015031564,73.124618592114032,219.43863455557707,134.82261220317193,561.87637349784222,344.16844474298279,373.41131024392416,616.83522703343397,113.95165608403823,123.76101619105583,268.34406496210931,695.10394127081008,108.87108738969684,527.78462994140773,707.97041940916483,70.929964728531672,386.05061283377489,522.33115203808302,511.70338159754363,869.2921119721093,603.48556919027692,267.50374345212919,871.43377649717831,901.56342220402189,115.62995795168828,853.49461419212787,818.97015686142947,975.61829309364771,247.96873245939844,33.227565688166749,948.76615378914016,320.77558436045308,813.07582194980955,1000,592.93098074202703,422.36492836762699,416.13925433421906,536.84350637684304,540.00965606823115,681.09517456431911,645.22208832758349,368.66624503499429,598.20374668062937,261.17174418596193,209.75936176709709,290.68614737775704,174.31640821049038,57.022804971581422,28.422681350799646,248.07598275355261,196.18563791968722,630.02880942407671,644.6201537678229,348.96893084629846,209.77878839749528,50.631123370721895,539.02939358225035,274.5707742594343,159.25206147080308,948.3787546270828,43.146402090470232,482.62487985334519,55.838573639319108,579.18438751454198,914.28903902606373,517.37898142899314,804.07636344569744,138.27422421697233,735.35403478649619,631.84960735868879,459.77339016802523,814.0961240106684,145.99046859214698,260.35286749745256,803.64666145330455,287.16533645447072,774.94718735795357,90.738683631438391,836.50188776309608,426.62801281662598,789.37785708393494,185.6330142144032,708.61011012447921,677.47026339616048,375.19754451154677,833.71090789406935,480.31320471458093,825.43434085402555,155.12234876277199,737.15224630966406,12.046609953250645,787.8188134631672,664.90242797366864,150.40569556650107,719.05592648375045,577.14727057496236,228.81824038627701,33.937492708522242,-9.886815271463588,-23.810445383175029,-37.662070241040709,-71.96825497089371,42.094875824797256,-65.325704501654542,-78.346277334911491,-12.237567922481269,28.098268801003496,-77.351347760585313,51.262895567564414,59.692118129824721,-42.450151983768592,18.267901611690373,-49.994452551553579,-60.338500342320579,-7.3603541782002857,64.503440713476962,76.337163359997191,-73.45656096137175,26.508629412233017,9.0041733518106941,-84.941639039977076,-53.222896127094238,34.011659888378219,-67.534488024972617,-24.302978172125624,-32.093537367938808,38.063447724332143,-17.175316462884371,0.02059806608412651,-14.752732344402137,74.839714013549198,53.783726216437458,7.7920318280946788,16.786968180320212,29.211092833175279,81.128955507237762,85,-61.743529161516989,-55.041215488589039,-0.88244449923468515,10.357135655754659,83.311712526571114,-28.145334466294909,-57.787762397484727,-17.450255613887684,25.628588515829264,-13.826764658848647,16.903763746303255,-6.5216997748485745,57.788171860468175,-9.480999343420887,23.842609713708761,-4.2011904758357002,20.814297079095873,-12.462676532236358,-19.136369712014549,52.4323491653576,-80.583351526987386,55.545796688220527,44.652926968642902,-49.310188098831205,34.441175992830608,-83.376519598027969,-72.100028582120842,41.320420435288433,-3.5568990924088961,-68.58024093238248,0.9618613354966451,46.729710197992077,-34.748425691789279,69.416667176265022,-81.976011701352462,4.8380191778463804,-9.5881247699077505,-52.092759278257077,-2.276593856691834,81.444218298208838,14.05534726903619,31.65615184531736,23.606518853891195,-3.1897370704874284,51.985380778431562,37.446441791093378,-36.943898394059836,-46.047765286076249,66.014984382610535,-25.445747108241928,-70.398204893772132,-7.3642681796409626,45.200541855611441,30.61637861600251,51.331376229390571,83.902096839531396,-82.185420413158809,37.146894913256524,40.50735760437658,-29.370816610053275,51.022938779958679
67100,-69800,2.0538500791044969,48.907061064982145,3.3993451021807317,346.95408029111951,58.633642802309133,151.91751111429596,108.61777293079592,494.07998360181057,103.61496795885749,373.50039633216892,600.8246820039069,97.946933455308979,161.6049693491783,56.652942223695135,635.89001594915362,81.945660609991364,999.23499612457726,721.20460108329053,500.96172407454162,387.93927162624078,846.17534497703275,322.54922756971467,809.21139025965147,580.12038169904122,266.7118701944313,844.04129782115331,651.2091655999335,463.99717717054722,910.88709135543945,676.05529732259311,191.49600365521115,447.90671717427119,785.64959540149448,873.39575154445106,300.61745424196511,813.9773958243519,236.33801708713028,614.24629479411817,420.76463019889451,110.27590569421378,547.96755153959157,877.04687109525867,235.18186472079773,646.98152358792754,347.49743605929933,593.8358268405824,276.07083261659778,182.84567437769869,329.06489377099433,170.45980642600145,607.16485142423414,35.468651080912558,847.70913363121304,205.38554555849461,656.54243775806856,652.80170185303928,370.49900821789862,200.13905619191314,819.68903597996871,1000,273.38794656259074,806.6576664598656,728.97389364312619,163.77313847672605,280.76058786445384,862.4066671189895,898.49856310740165,953.09343437632049,533.82643469073207,643.65295169608669,193.35048712920553,754.63607559603599,942.14002196915476,462.77281034128447,358.32941188730672,174.24454501551728,302.62811771806861,786.006854857191,169.49870025075717,748.63768287301116,621.72659167828806,799.5980686783945,38.937702230473121,319.85328245191641,151.3763793160245,755.37690136359117,681.64707034389437,424.33306690021368,146.85781675382992,481.18528756237669,834.23106686637652,116.21689276470309,721.64336417409845,823.97075441423544,750.11263289618068,663.05446180356103,421.55811744849598,723.20884604863977,580.34303352716802,193.7950686318886,52.438325390441847,-31.401654636203894,-39.499265996367754,26.216282866131092,-34.290116216898198,49.806777330531894,9.1420722349605263,-73.745701930735095,-10.014541187321143,22.734220797134952,-60.659084919694031,-70.536332740072893,11.892354651576994,-43.8270732195829,21.971362034307873,-46.209537631331351,-6.2685689698213825,-10.296708041000015,67.454987421458299,-34.177435560272819,37.005378672009655,76.39172421650332,-43.535652981657641,-81.35492571974838,-27.787021546188015,26.671245498245064,8.7711525267793391,-25.710358046388158,36.147471219803862,35.352541832537156,-17.053324812051649,-9.061765088220648,60.503958006408219,76.563041242473787,4.650889991734811,-77.135777888464162,-17.386331736651837,21.927754864741651,79.51023349659269,81.101468939042988,-61.440675100546507,-82.428809166704866,44.530862417167178,4.9854950697198195,-15.135700670276812,-48.760069202208875,-10.246938540948367,56.110072993393743,16.458980930080031,-23.576739347110735,14.472005241602064,-6.7730064622012103,48.512314049707648,34.981229790341075,-78.27174689681047,9.8108988186662085,15.805168859219291,80.478852509468283,64.383934719727492,52.317573738072625,-83.426781962168121,59.951354244832153,-14.145826319419857,-49.911781272087786,-32.095889984377798,-58.32294992184984,-71.510921193242766,82.878606989909557,33.867992956450117,-68.576133536775274,-3.5155647507857215,53.543630831334511,26.213353616000489,11.744136832000354,-83.993016900553172,-0.040603378048519545,-8.5324809166858469,-53.08225750574276,-3.2733110982182323,83.68500144058666,34.808123359498786,30.010101793465658,81.044224339710752,2.5825864332829589,-46.670000165532102,37.37373352884466,-29.484966013386511,-26.051337649738048,64.59601540704665,-50.034708720714903,-74.468878232547155,-4.5539315088335375,22.399398619420509,82.636113660690967,48.898096593245867,78.614587578601643,-80.708490479244105,36.78778860541864,30.703914045777775,29.436072900869803,-83.160542749020976
100,-20900,2.0173420775389341,999.76895996213591,173.79847086969312,679.51570015031564,73.124618592114032,219.43863455557707,134.82261220317193,561.87637349784222,344.16844474298279,373.41131024392416,616.83522703343397,113.95165608403823,123.76101619105583,268.34406496210931,695.10394127081008,108.87108738969684,527.78462994140773,707.97041940916483,70.929964728531672,386.05061283377489,462.20450146659431,511.70338159754363,869.2921119721093,603.48556919027692,267.50374345212919,871.43377649717831,901.56342220402189,115.62995795168828,853.49461419212787,818.97015686142947,975.61829309364771,247.96873245939844,33.227565688166749,948.76615378914016,320.77558436045308,813.07582194980955,1000,592.93098074202703,422.36492836762699,416.13925433421906,536.84350637684304,540.00965606823115,681.09517456431911,645.22208832758349,368.66624503499429,598.20374668062937,261.17174418596193,209.75936176709709,290.68614737775704,174.31640821049038,57.022804971581422,28.422681350799646,248.07598275355261,196.18563791968722,630.02880942407671,644.6201537678229,348.96893084629846,209.77878839749528,50.631123370721895,539.02939358225035,274.5707742594343,159.25206147080308,948.3787546270828,43.146402090470232,482.62487985334519,55.838573639319108,579.18438751454198,914.28903902606373,517.37898142899314,804.07636344569744,138.27422421697233,735.35403478649619,631.84960735868879,459.77339016802523,814.0961240106684,145.99046859214698,260.35286749745256,803.64666145330455,287.16533645447072,774.94718735795357,90.738683631438391,836.50188776309608,302.19414378743369,789.37785708393494,185.6330142144032,708.61011012447921,677.47026339616048,375.19754451154677,833.71090789406935,480.31320471458093,825.43434085402555,155.12234876277199,737.15224630966406,12.046609953250645,787.8188134631672,664.90242797366864,150.40569556650107,719.05592648375045,577.14727057496236,228.81824038627701,33.937492708522242,-9.886815271463588,-23.810445383175029,-37.662070241040709,-71.96825497089371,42.094875824797256,-65.325704501654542,-78.346277334911491,-12.237567922481269,28.098268801003496,-77.351347760585313,51.262895567564414,59.692118129824721,-42.450151983768592,18.267901611690373,-49.994452551553579,-60.338500342320579,-7.3603541782002857,64.503440713476962,76.337163359997191,-73.45656096137175,26.508629412233017,9.0041733518106941,-84.941639039977076,-53.222896127094238,34.011659888378219,-67.534488024972617,-24.302978172125624,-32.093537367938808,38.063447724332143,-17.175316462884371,0.02059806608412651,-14.752732344402137,74.839714013549198,53.783726216437458,7.7920318280946788,16.786968180320212,29.211092833175279,81.128955507237762,85,-61.743529161516989,-55.041215488589039,-0.88244449923468515,10.357135655754659,83.311712526571114,-28.145334466294909,-57.787762397484727,-17.450255613887684,25.628588515829264,-13.826764658848647,16.903763746303255,-6.5216997748485745,57.788171860468175,-9.480999343420887,23.842609713708761,-4.2011904758357002,20.814297079095873,-12.462676532236358,-19.136369712014549,52.4323491653576,-80.583351526987386,55.545796688220527,44.652926968642902,-49.310188098831205,34.441175992830608,-83.376519598027969,-72.100028582120842,41.320420435288433,-3.5568990924088961,-68.58024093238248,0.9618613354966451,46.729710197992077,-34.748425691789279,69.416667176265022,-81.976011701352462,4.8380191778463804,-9.5881247699077505,-52.092759278257077,-2.276593856691834,81.444218298208838,14.05534726903619,31.65615184531736,23.606518853891195,-3.1897370704874284,51.985380778431562,37.446441791093378,-36.943898394059836,-46.047765286076249,66.014984382610535,-25.445747108241928,-70.398204893772132,-7.3642681796409626,45.200541855611441,30.61637861600251,51.331376229390571,83.902096839531396,-82.185420413158809,37.146894913256524,40.50735760437658,-29.370816610053275,51.022938779958679
100,-20900,2.0173420775389341,999.76895996213591,173.79847086969312,679.51570015031564,73.124618592114032,219.43863455557707,134.82261220317193,561.87637349784222,344.16844474298279,373.41131024392416,616.83522703343397,113.95165608403823,123.76101619105583,268.34406496210931,695.10394127081008,108.87108738969684,527.78462994140773,707.97041940916483,70.929964728531672,386.05061283377489,522.33115203808302,511.70338159754363,869.2921119721093,603.48556919027692,267.50374345212919,871.43377649717831,901.56342220402189,115.62995795168828,853.49461419212787,818.97015686142947,975.61829309364771,247.96873245939844,33.227565688166749,948.76615378914016,320.77558436045308,813.07582194980955,1000,592.93098074202703,422.36492836762699,416.13925433421906,536.84350637684304,540.00965606823115,681.09517456431911,645.22208832758349,368.66624503499429,598.20374668062937,261.17174418596193,209.75936176709709,290.68614737775704,174.31640821049038,57.022804971581422,28.422681350799646,248.07598275355261,196.18563791968722,630.02880942407671,644.6201537678229,348.96893084629846,209.77878839749528,50.631123370721895,539.02939358225035,274.5707742594343,159.25206147080308,948.3787546270828,43.146402090470232,482.62487985334519,55.838573639319108,579.18438751454198,914.28903902606373,517.37898142899314,804.07636344569744,138.27422421697233,735.35403478649619,631.84960735868879,459.77339016802523,814.0961240106684,145.99046859214698,260.35286749745256,803.64666145330455,287.16533645447072,774.94718735795357,90.738683631438391,836.50188776309608,302.19414378743369,789.37785708393494,185.6330142144032,708.61011012447921,677.47026339616048,375.19754451154677,833.71090789406935,480.31320471458093,825.43434085402555,155.12234876277199,737.15224630966406,12.046609953250645,787.8188134631672,663.27186509942601,150.40569556650107,719.05592648375045,577.14727057496236,228.81824038627701,33.937492708522242,-9.886815271463588,-23.810445383175029,-37.662070241040709,-71.96825497089371,42.094875824797256,-65.325704501654542,-78.346277334911491,-12.237567922481269,28.098268801003496,-77.351347760585313,51.262895567564414,59.692118129824721,-42.450151983768592,18.267901611690373,-49.994452551553579,-60.338500342320579,-7.3603541782002857,64.503440713476962,76.337163359997191,-73.45656096137175,26.508629412233017,9.0041733518106941,-84.941639039977076,-53.222896127094238,34.011659888378219,-67.534488024972617,-24.302978172125624,-32.093537367938808,38.063447724332143,-17.175316462884371,0.02059806608412651,-14.752732344402137,74.839714013549198,53.783726216437458,7.7920318280946788,16.786968180320212,29.211092833175279,81.128955507237762,85,-61.743529161516989,-55.041215488589039,-0.88244449923468515,10.357135655754659,83.311712526571114,-28.145334466294909,-57.787762397484727,-17.450255613887684,25.628588515829264,-13.826764658848647,16.903763746303255,-6.5216997748485745,70.38136327612807,-9.480999343420887,23.842609713708761,-4.2011904758357002,20.814297079095873,-12.462676532236358,-19.136369712014549,52.4323491653576,-80.583351526987386,55.545796688220527,44.652926968642902,-49.310188098831205,34.441175992830608,-83.376519598027969,-72.100028582120842,41.320420435288433,-3.5568990924088961,-68.58024093238248,0.9618613354966451,46.729710197992077,-34.748425691789279,69.416667176265022,-81.976011701352462,4.8380191778463804,-9.5881247699077505,-52.092759278257077,-2.276593856691834,81.444218298208838,14.05534726903619,31.65615184531736,23.606518853891195,-3.1897370704874284,51.985380778431562,37.446441791093378,-36.943898394059836,-46.047765286076249,66.014984382610535,-25.445747108241928,-70.398204893772132,-7.3642681796409626,45.200541855611441,30.61637861600251,51.331376229390571,83.902096839531396,-82.185420413158809,37.146894913256524,40.50735760437658,-29.370816610053275,51.022938779958679
44600,-67200,2.0221284781204645,442.53389631118574,7.3748029860076851,324.44799126478785,66.672740765533987,272.08490796072539,108.69565603360141,152.82926320099776,109.24960576395121,384.78351315659563,616.56451923260317,386.95009387337251,280.97211961809552,337.03664062368608,267.36961893179864,108.45533093711882,575.74731404150202,536.45953039739425,73.029578934785334,388.90079646787655,788.22832556474395,545.48917358041331,910.83108009686589,565.68972743577717,266.45247640906524,846.35348340977305,69.438958720062033,91.305899753273792,53.108930127862578,695.50593079740145,133.86859741623488,219.77039864420939,834.88499305291521,936.38336388160235,577.15573183503579,813.90023908545106,970.48115668587013,556.63570734343853,963.0076923371239,401.60784644116876,459.80931130709683,910.96038291348327,295.09213351947602,618.84177283271049,371.3154221746654,597.14951008773608,390.310777525319,168.80509664894544,327.16260489278818,174.24402316658876,60.084221214543533,43.684374355511949,694.84484843595339,188.86984725803126,626.46752089130814,632.9892321206388,350.50685362699022,212.19367303042546,882.47936531135804,987.16978969704508,297.41137794403289,119.87450503709556,852.20302107978728,11.384657194781404,665.48851772704108,66.916992132719201,905.86275052343638,510.70922517509894,486.67828246245517,648.43828069617018,139.5100334289246,752.25175647357787,910.22294597684845,532.84526850069938,826.186249308372,175.78326590074704,292.11014166081037,820.81152966709772,170.0029589326748,739.40683510075087,571.95534980705133,797.25583290076713,39.959767261537806,46.968505882515821,187.7237799357296,735.05049335159811,669.36699353765016,388.45560274705133,767.86598176943903,480.56019201099491,847.04031601748125,484.10800145754399,715.69978788514879,36.486711145768908,756.03201669811529,637.763834306832,434.07952148211535,723.60932414795468,579.79643858695545,193.81804068488773,198.18216568162029,-31.345056409801114,-29.261836156020291,-45.527522470351002,-34.089459823716808,41.823447382050517,-63.786079467662091,-76.297658433318944,-14.870384599136926,18.911619065716014,-76.936030976089256,66.62319834160941,9.4084117566476984,-43.845434472820941,21.185639738093904,-71.073773496595095,-66.365255016028414,-4.9474529429120517,67.461768752340561,57.938832978806722,34.057826582980539,68.999946056957086,9.6002239343643758,-80.960782353906083,-54.552918230400806,29.333531804798785,-74.666390569510938,42.763557979054802,30.039740803505328,-56.079711402030377,-17.582549666325406,0.42631629682136674,65.301100634995819,75.539074433318973,-29.23185836003363,-79.668392223743595,-17.364011834217511,28.651335852989352,83.582062362890568,-48.059213254241243,-67.56350741473014,-54.485940700507015,44.844119341856299,4.9963518116732173,-18.230363140569217,-27.608163584385792,-50.917017250924332,-9.5683964522786908,29.014357482888716,-15.396972511803813,17.553569787630479,-6.6875866522343657,60.555899725162163,34.87490688702875,17.136711566272826,-0.75446226640069824,17.918128235217338,75.647756673903046,63.576630541530108,52.499400751960962,-78.119186470819201,65.935930885297623,-17.250498072939418,-49.498534743035201,2.3865198603941735,-82.624189943827474,-74.420287310090487,40.791431248805736,41.24766249334354,-68.621828729697555,-1.597752241667179,-8.339442494994497,27.474469286205625,-16.607021074156851,-81.926367186920146,-17.51242754937968,-7.5714260110064089,-37.820371776082951,18.004864392773094,74.9994246307145,34.642913657944916,30.216121126126964,81.964205374980395,77.668717282308876,51.214050063008266,39.614840733153429,-36.349895913457274,-26.055139958861293,67.138255178608262,-25.316027906412806,-70.890273649932112,-4.1822752971714205,-61.249650394788567,33.283752658543186,49.043296453892317,-58.210415728334162,-76.097777783496568,37.014583610055169,43.220791792470621,-27.803105074819342,17.375856181173479
12500,-63500,2.0202336109001786,997.03173630910942,23.995095681839622,304.72862429281344,47.645129217224635,167.34628415504375,134.32052348889798,209.76211320137494,131.17505257583832,375.76122378478965,602.95683154411165,140.70639331244189,283.86932406236843,323.28721372184185,307.80646738037456,81.594388797553705,605.29029689157937,530.61369308344138,82.778717023591682,397.29045802655827,849.95851263362692,547.20820421363828,904.6108224418906,651.13192596352781,270.71567653911387,873.90074255366574,94.346160058417297,95.565793578393709,0.46425970613532641,659.41271297809283,993.31249000624371,259.23253486030563,21.14945463314092,951.58863513935273,314.21418783465111,833.5028242377349,551.4435892517273,890.44650228014484,352.44691078386262,419.14445626191474,508.90891393080329,813.61277130599069,240.84371625670582,658.99744007971242,373.35121820985171,597.91531992850503,278.15139865124576,232.14570405603041,332.51741120356667,170.6436246900397,531.2611598683045,45.010702079855264,674.10394733327928,197.20886549425251,600.88341569681234,835.43401559465622,356.49217688914354,221.65012354034738,783.73352763932928,919.14244586081861,274.30644650768841,785.16285480517445,30.617349853880683,56.655200376137962,393.53369823811897,836.95186985934276,897.13573556251674,862.96731264195523,532.56865969452815,650.66613259619237,141.54561577896038,748.61105244865053,909.17236842557918,50.779774326483476,828.05909832111547,562.11993969760306,273.30273856222988,799.47528699147949,131.38799806988504,643.06370211726698,69.796180624452774,801.03371685941704,52.80435446420492,165.5902174367003,142.94372597618687,740.32701156526946,631.04743474767702,374.95755094531171,771.51217273023781,457.63859635722031,821.44115392564413,461.23792827664363,786.38370929876976,331.50289443637428,789.11140763739672,655.30632147292386,453.56010658139058,723.53060847575045,566.27332690634285,192.90489889851651,46.211048344272001,-31.361822945292392,-37.869131171082252,-33.959793562742661,-34.078773395482457,48.072773441911124,-67.096251134749622,-74.325770585450172,69.973516609566332,26.924292408675935,-69.062061868742063,-49.116505652279216,60.492846048810293,-43.898427661606789,19.27649851420324,-51.54045813258395,-2.258049366623645,-10.15791760990678,64.671829579537075,66.640435477719862,38.702636207664142,28.039607340079513,-41.246326986293099,-81.633972801769417,-57.646356248795414,28.073399276496485,-75.059567764172542,-66.131441923948955,46.470262141714826,-51.002222731427274,-17.238949052673789,-3.4077934014772371,62.696672298371496,71.466863195524155,49.319630114314151,3.7525627948952405,-16.184059369053568,30.499661650995023,80.824729391384594,80.945112064523542,-60.932925642104841,-52.883473702722867,44.585175545786939,4.8522883161782788,-2.1025969200319103,-27.012526975468617,-75.896002824028429,53.449963411666602,67.184334949173476,-14.969538714995156,17.092225731448323,-8.7975278755322055,60.966707721674226,35.003225393924062,16.614668297652496,-1.1555437403310518,21.480518489005149,76.540761398333387,29.506289517267387,53.512499758563791,-77.528957941897559,59.653363178169108,-16.112572477411678,-53.352072242335986,39.828503218226501,-54.760010832650522,-10.654659328220735,-19.813424869154222,34.130183762212923,-68.587026381041468,-0.75019904300126106,53.994107854998028,-42.234071473541668,75.748761222011098,-84.089684910678216,4.6675946730310915,-9.7318986800438871,-36.711549058811954,-2.106331689859914,70.550959498636459,5.1304137761729613,29.81494189801397,74.622544225357018,1.2921023078446225,54.97939993395142,39.629766618426657,-36.219695804940173,-27.254085633562465,65.402624527575682,-31.76308752368697,-69.899538222097249,-7.0701893234137021,-70.803662082255101,29.472499146912583,51.34405882808894,85,-73.465464532930454,37.129365627752705,-17.279135766986776,31.063849098989465,50.189759669689494
68500,-70000,2.0211292431800589,22.643102976178227,3.0898277686223965,321.22990796309011,66.537702201504018,135.0943829804423,106.50466393841262,818.46626368463126,103.09541297712627,375.98624321842198,602.70869480257454,155.06276721780199,284.1084753384846,332.54886982420055,275.88610918903549,336.04834991427879,597.23005724601808,552.84878012305194,84.407155919634334,389.72875290249743,848.12046852619687,319.15195874379936,910.7287976580061,547.7809178702671,266.54600425574171,844.25036148106517,85.733332903542788,461.28648578480147,908.70268320131891,675.23987195650614,1000,448.92088354931536,205.37160402073761,931.42364081146513,302.41986513464917,819.50457866909073,545.59473992372716,531.81892188426252,952.87921427148535,407.72933421837178,462.50380901104381,878.19784999275089,300.35061282426756,650.83302922249572,371.95710175256744,593.62531226191095,273.83314750238515,96.892375585308258,332.67292165674252,165.35013436847305,580.07071857271603,43.524337269395254,704.64700107484418,189.02296645046451,665.46602175229202,661.8546849479178,356.56909478921602,439.74104352316857,783.21165826466699,918.40877291811751,635.66548340338568,390.86430087462031,752.76667712110736,811.52758906590316,274.88266483318768,849.27154877249393,898.49848010335904,521.64964173686383,534.82160132603838,648.47300644576592,196.25886358327853,754.64673708093619,522.90374847818282,57.022977839235153,829.45105175967319,187.15595038732374,277.36928836673701,798.94305661509611,153.75661481076023,747.76149213533552,568.02493010678927,799.33727387214708,52.739594520138198,160.95553653185081,148.1126294650509,755.02394325861042,681.5157306107875,381.06083632224681,728.60124013215398,482.05542332881913,353.21456916537034,459.05979157981147,721.28714786246678,2.8275345846769824,751.62891392763163,811.93957578430673,437.37999324502096,715.80964338827403,563.27881586000183,193.36606124433067,54.181496951204764,-31.148607683819918,-29.069108018182796,25.716314047649455,-34.155618248970647,47.823933029162227,-63.933597908696825,-84.695634672805824,73.420821292648498,28.084507591574742,14.47089352544964,65.583878443282913,11.728433893420977,-43.825973789103493,21.711627949884384,-49.467519504840418,-1.1523255755381361,-10.566485336018554,65.148697303822743,73.285423544791996,1.8222439509446957,68.70191562712597,-42.576587266553382,-80.968416275215006,-53.677132370349781,29.269544654797258,1.947783271901308,-27.421587470434009,44.960667762176868,-53.718708751089423,-17.59538662011925,-3.4853865023958677,60.402730434624416,75.250064659304257,-34.716307335046515,-81.346707333410194,-16.129017526193955,28.395208942293657,79.53812943745865,-47.955751516413208,-61.455061008612383,-74.474943344490555,44.138115214438507,4.9884599280057804,-3.1608785920976352,-25.772572303544223,-76.967052141302204,54.553940505922085,13.438283113610137,-8.9596487577036523,14.603840681460062,-3.1388315551581436,60.928347116322271,35.003622403608389,-76.886396811302177,-1.6817167760677316,18.023594937281686,76.418383460513823,30.86128580234713,53.482194847211396,-79.963809190503412,57.248551083486085,-14.208252423351531,-50.028193450954731,83.05960966120189,-65.526557114890124,-74.280932461571339,-18.198380672553313,34.394092029171546,-68.585639039538748,-3.7767774680728499,47.242290253972655,-41.397103801925958,-17.465921128746505,-84.159733119303823,-0.34490951025600358,-8.5295211998918603,-54.13714847696194,-3.8872494782322802,84.281708768152754,4.0818976122861326,31.561453152412707,81.985936404131763,2.8215690174080681,56.024418279921647,39.613073206802234,-36.359014819303539,-27.222964471028661,67.307826020813138,-30.980824738548897,-74.539644732945717,-7.0149294611893227,-61.541976892398473,29.532283125637257,49.065657239289195,81.307705791819274,-80.333156172475569,36.798068044428611,-16.095347263343314,31.529025734972937,-84.166868372072955
700,-27600,2.0581534162908635,977.402386987201,211.67043889583448,690.47381932034841,49.049432212934036,197.2637866922737,133.45855775633751,814.84686599918155,345.0997540164995,468.52915507475279,604.66247026399822,354.50201478421332,295.57835229389127,16.34407426032903,633.86554624653047,82.45491864779838,496.28476447826966,707.55668204289918,91.867242842229174,394.7810224729738,126.32939745574811,570.8565613311539,900.39326696334399,187.8244166666434,262.26246653276979,846.74982403835963,882.39929494481726,432.79168274606582,967.80670763859598,846.57329307997873,1000,647.8302163057557,782.64987192098351,425.94168463038807,527.44923893725581,822.24915884520033,503.71028762621597,609.04988007888983,485.3754427865656,635.6919763671882,497.4512748067765,881.40753152281945,681.95083853858921,668.20998092301454,368.9864983612527,597.56767386518732,276.0636995396402,178.71316427136659,100.59931645265542,164.72265950486434,199.64791798305836,57.41484548986206,757.58837503621623,190.34623138636218,659.38564134320882,869.33947047810716,347.06752071676624,221.18007718647991,903.88832433736627,896.23874896972734,269.34967962636716,768.48306708512268,896.33909248112309,6.727830978989175,385.65885439140732,788.63962992656093,822.04724472765088,4.2472940821542693,517.15247439793927,639.65523316029453,140.03970660058022,749.27307045551379,649.44372448891704,460.03431609095207,811.01703005415573,159.56735651492127,25.958176029351662,860.02451425292782,291.23423842168756,757.28651557778812,596.14375790177962,799.27838366584251,279.79909394265985,272.54666812858034,184.06833431340385,744.23702399132526,679.18141217550374,390.78526394130284,791.47111458280267,480.78381234515541,824.30720298081872,108.1682015182368,742.13961992392626,726.71922593994623,804.33943362550417,682.91840420370647,834.63427745874787,724.50782555048124,589.09444249416413,190.30679331895254,44.469387982047223,-12.371519644573645,-23.918424183971478,-38.22171769994705,-33.844869837502024,41.95746317942892,-68.167340099740144,12.913988265625541,49.829918455497847,28.103898518337395,-76.64393755489597,-66.047360499528239,12.218673617381885,-43.172501948997457,19.455240253572967,-49.37474994795501,-2.0893920229044127,-5.2823608482204634,64.836958920527096,71.183593517325932,-62.877179552374912,-38.907846095080146,8.2981368002149019,-78.927519763117829,-56.316687689211903,29.921061146905501,-80.615165041567025,-66.550087867725509,30.856932244932633,34.075669971637282,-17.636695077123907,0.055940492852523532,62.652352368069408,71.808280521349332,56.577795526430037,5.6151788495335708,-17.832281565313021,28.905298969357929,34.734973363185269,84.99533408388055,-58.399917364583366,-51.094879084654004,44.356854786993239,6.1024262939609679,83.158621994001692,-26.654785717933155,-55.755005298860766,-6.0465839304273707,16.161817820085094,-80.670023964574639,15.765962162687373,-7.0178135954758538,16.358873474135862,34.062106504223514,-82.64279384731293,12.237376305757143,16.277425523082279,74.97159025350571,-7.2208949673106915,34.577124447901689,60.069752407126671,-13.917252759088807,-36.057424168350124,-52.780720945698071,31.056698864664739,39.196336900946974,-70.199528776913638,42.083846035479652,39.593062162325296,-68.569690583895692,0.17451912316584384,64.636765659396659,-73.136747658704536,64.168390231099636,-83.942900702186378,5.4426404100680283,-8.2905438479267399,-36.005835038238587,-1.6191442019627074,81.021439813840075,-0.42246963349887778,29.365453112679848,80.72348412394895,-33.040055440211624,-43.140422609493484,37.429806822435197,-35.5915693715923,-29.258712558560696,65.401112207524761,-26.599509552376375,-68.300804498828867,-4.2867559200980434,-60.950986933253255,32.086763729786426,49.342989655004097,-68.337439003263967,-72.692913520920541,37.025889728372654,39.696078655591798,-29.173551586536934,49.497681994497626
1100,-44100,2.0206277881729138,1000,219.68361311852919,342.1532416110914,73.344714272436335,151.69045657887375,134.94976601853261,762.65560865914904,330.98987773917059,472.22944155266725,604.41441302806834,351.12395813142689,81.874637215687187,267.98420541206264,619.96016389796091,112.19927717631055,510.44025889004013,704.84425344093279,92.398545430893506,386.95675383484456,808.60923387126945,318.32226838017573,912.05769340890583,192.26653952357537,267.55295693694057,845.54958772613543,609.7457853740674,434.17798074396762,856.24865404104821,864.69661799593109,976.60368563802365,247.87548771567882,694.14378046578054,865.07134849633337,322.34352890893376,828.3247158478448,464.77630445932937,865.86915532383114,1000,427.60042803317629,534.62488199646339,522.5930589057715,684.40148995406014,633.12934799168875,787.21790018362037,598.12714609111674,261.82620694235709,209.65088038617893,324.25952102100223,170.45546558492006,580.83590013725438,51.913486453411771,237.02727999746054,196.36955681634316,655.90052608620022,624.24587485165569,349.18067566655884,186.04919496754661,911.77736987228354,513.09272325720758,273.00817576281418,443.80592871572458,941.64869243707699,45.377092845168434,483.0607748729247,56.950370530059104,911.04662668040555,564.24856076016226,516.70695520423726,776.06070323757376,139.52082121668977,750.43980474461762,931.76446124533891,458.87596285859797,811.92054066005744,556.76185604483169,303.11203748348032,853.81392634599229,316.13419165233108,777.08443069701775,73.391170732102978,801.80042409160524,306.49869300573107,175.84675595404372,186.96400389203077,711.14171249312722,676.97855237525744,386.12533565799674,705.35795496041271,480.12246740398325,824.53080831071736,455.55694558680875,741.70486942461139,12.273594293024621,748.44049101877465,675.67802545945995,149.49620832075323,711.83963547760072,577.16903255869806,192.84778392987369,54.187430634352786,-20.505296093846763,-30.22197912904188,-35.03970093323629,-35.956377598116646,50.32935452078064,-68.457046114239347,-77.263974534524593,56.722514393890016,28.30670319496619,-61.952055405592162,62.178636507468482,9.7108442221947939,-43.878013780421888,21.637730093678258,-49.940838747143076,-60.246107245358886,-9.3832073629630113,67.626779334006144,-31.234333594531513,-64.294011502854545,26.326227211094583,-42.88115880922183,-84.985656703380528,-26.940198236449177,30.687285895311451,-75.122000739243177,-23.453861581286706,-38.138500293980236,-51.523585206634337,-9.7258371115652551,-2.8270080051537732,65.061346068858512,74.897876688501668,49.510094421815694,-62.183486845321738,-16.895342622683636,29.038636657888485,80.694887486690746,82.567419145231597,-58.269834244858814,-64.523320170138973,50.194988183961726,10.350356309568028,83.280418557119901,-24.811032281525627,-8.1451000383235019,-9.9699206821085617,23.765804361314672,-79.217794065370867,14.470859518630814,28.357501093044469,60.783407542316162,35.890010204843016,-73.007789609105302,14.509220770607406,21.221810009774543,71.299247206551399,30.844890657803361,53.728452536664854,-82.084452711808908,-17.143729724037399,-38.703741159501554,-49.260919486419525,37.904640763277285,42.026607136350648,-71.804725290395623,40.3270842866077,-8.038385509842092,-68.61850421188457,-3.3288261501083096,64.748174399078536,24.878886913743777,68.555957666914168,-83.972728036592187,4.8512698787021913,-15.579986942082879,-35.785956333650219,16.661392692739351,78.899875400967645,-0.76393857013824906,31.778149755022376,24.16306145569617,-28.170578055146372,44.239233074480381,37.423475865520821,-29.203854422094402,-26.889327938435724,65.955251418667245,-28.561622774261906,-70.376005079942459,-7.1574887342408902,-56.389612922834615,76.469443634008343,51.31815226543246,85,-81.04119164972677,36.981701408070805,35.981920985417347,-30.458168609686759,48.681579420200755
13400,-63700,2.0551436782505457,990.10752775667845,9.035844531175087,710.20079100337693,59.682508111472018,265.64231266816819,104.5345767706844,213.76615197601166,359.39798178858541,469.35020387980626,602.91368303356523,371.73677916766593,315.3337552332722,37.054672977514173,237.39830648829306,80.090981639854249,613.10800671088509,708.06748726470016,74.723552573775109,389.57829663610153,847.16352073632845,506.23643073549493,872.2877429225166,204.05085062492242,261.85102367968898,843.87666467426163,78.650387201616297,458.71878595615902,23.553901196004972,844.57357070828277,31.981539762839589,234.26895729536963,220.32500247793172,441.91869014980881,353.01443981286815,833.67892562132477,502.93913731021058,383.01729896718109,989.94690369539194,643.31178155961231,499.30265251870435,908.29696509499695,681.16325824031128,383.18722209287603,380.63528454847705,597.1117398132867,343.39843023929853,178.44142004726027,114.3787960969095,175.11428182297445,628.27755864704613,58.838117573734401,828.95182674232251,200.25785028950628,656.98332990277834,862.57209806940648,559.42834205751592,200.12317179720938,928.57723611826384,483.9308961192022,305.96024787052346,431.46711520462384,894.64168443702613,680.78806703908003,378.37648800763219,823.92145494069098,898.63284077624598,958.6745122783916,516.42385953143389,641.71736787808845,138.12798564687816,725.79827849672324,545.81132916533102,529.55989989583441,850.73376479375236,171.97853127411832,279.93359443189343,803.1015496670301,133.73803405225601,650.53867261358778,583.60074457762516,799.20557137731771,279.04594675415393,280.07309948010322,183.03883245426022,734.83291779395654,667.37789635725824,387.71541582728167,730.29898776676271,455.65349633382363,824.53524125103684,433.21829697936721,741.7916377696771,98.594569517477495,731.82457492144886,661.37036750268896,420.13429745941289,715.37253600867621,580.73420442244117,190.34733621094085,212.47628097263356,-31.203808053149881,-37.539523503768642,-35.101819229900407,-33.235531069332957,50.081866830874773,-68.026083243407726,-63.004042628927238,55.561734047433944,22.370895969938687,-76.951269976959026,-66.446400674132832,3.6178976584721747,-42.538864761920479,19.051937525084025,-49.98497182863629,-12.258425186824425,-8.6031739816151607,64.513706100217007,63.395306311464239,-1.3273904421760996,23.202762525517922,-44.997811408529039,51.859263204574354,-25.348654492617023,37.832160013373205,-68.475198927601809,-64.503757625656604,-24.681889083610372,-22.668962668837885,-17.100014743389533,0.044884523573411057,-13.934184673961596,71.902270081238484,55.169782975466788,8.6989098868975674,-17.845533517179046,29.082598103235803,81.124242571117989,-42.468008081043735,-60.623023178066731,-54.966005831754273,0.044717453445684896,4.393443500629103,82.741619939347132,-25.85569073919558,-14.359644513284687,50.045211418363351,27.897599488684421,-14.096639569460301,17.087957804953092,24.255280186748465,60.184579340066094,35.421310954270233,20.452058221771019,-0.74317470316862266,20.900856859765561,21.840030557393536,-9.3637229951706544,52.525184365135239,-77.198481099521203,54.354862947420564,-15.829333800262873,-43.388201340095591,2.2892204525455808,40.17231237524323,-30.948800817334085,44.684106726472166,34.086114626884118,-68.622338702020613,-57.899589392109093,61.329141879948217,24.810858580182888,66.367088969580948,-84.000243772288599,-18.054685186473243,-8.2840667604664695,-35.942055856243229,17.127448360383951,81.026303818858906,0.35577254804114977,31.317484406134895,76.407151283744412,-33.187084334970891,-52.269709481132267,37.39788410138874,-29.363051516842006,-45.050663049388,66.976749737801455,-26.681814870991605,-70.178589992295443,-7.023747212146894,-62.840627653924926,29.860760555800425,49.349868174294961,78.541312969222659,-72.246260500249576,36.982708954398895,37.569927027330451,-25.502870302711763,49.307651372886063
200,-24800,2.0217555230080042,999.98014260023876,223.47214418246151,679.51747761370291,65.961371187452443,188.64989266855559,133.34427311101783,768.17564855891408,347.31711088607238,377.05471428726764,617.52491811849222,114.64835937841906,261.38146368609648,3.3416490402079817,693.06416050854841,110.14012290070529,507.92570892973117,709.49691148906118,72.615838960279405,389.15689474058331,504.13308722725765,501.76968850346259,868.38510797357355,601.29234942664482,270.55940519114785,809.2958138297671,944.95044827544336,444.65000683986716,847.24402017775583,863.40451860370672,981.41653109098547,666.36549773430761,29.669430473428179,379.64869948157241,612.18741881683434,831.14468234243213,560.29564562608584,602.60092812896687,1000,416.44797719121664,541.43878447935606,810.69867745732552,669.01025849435518,662.31199573869105,807.44021561862098,598.20874583128375,286.06635116688989,169.70824606310703,294.72688280875246,174.36450675460716,179.7504472671796,36.325737996102923,230.52309655245415,193.26357535138524,628.9111267262299,658.71681206792448,349.23435031983291,183.84208984139846,263.64842991611499,922.48123984229028,274.80473422376429,381.7469111441622,949.30245276763617,179.07368034595945,645.75392194933102,115.19956290988887,577.94843236284532,914.30705706661399,517.66870151266676,772.8663628016327,139.97137022266202,750.22161210761408,626.86223193779961,533.18380539697591,814.57454076013198,567.8968874239589,18.411761865654796,842.38724272454147,280.86337434175175,657.45145537647159,88.729264441409995,799.33481353839875,281.89538011079696,816.06732787495014,187.7114511931793,286.14468542211324,677.46917660741985,374.71322635890505,728.81270095095613,480.3215831309721,826.18399814413453,135.71099476341246,720.38849780867429,40.72644507398897,374.29517272940961,671.54178411026692,103.25867165554064,724.44252010506818,586.86968093868313,228.64701965442771,84.919467200610683,-11.686652927758372,-23.958498896617492,32.265163760692893,-34.200846430898565,42.046533730297078,-57.601267322664484,-5.9584106480910464,53.772562310160161,20.310273071275752,-61.255454516180848,55.143913039989506,59.554745310285668,-42.396308579340399,22.387850263606303,-70.423205234613121,-61.643262326517629,-5.8068792503500077,64.660881013207813,68.750737077677002,-57.609378416167807,-40.284447865874604,8.32573661704334,-82.631090210251799,-55.368222490953045,29.647261014519501,-69.811820336612953,-64.166195810708302,44.284137990005931,35.682302905795936,-7.4278934811638759,0.039645608508097063,-14.146504051862578,74.896184933279869,53.793214922185207,-77.38049572636632,15.838469519032904,29.043849264485637,81.120126810164905,84.988287333807406,-61.913964663715198,-54.306745325595998,43.748645887414852,4.9680576367980915,82.126245993074392,-27.120943555489717,-71.820831157549804,-11.935335538884971,30.025001998450861,-78.359940529495219,17.132331133246559,-6.5752881902612197,61.630511439446487,-10.35758099653837,24.066903963144672,-4.5026518410046545,16.950971443719961,82.384283637973937,-6.9605063428077329,36.667455052950721,-78.66309814881528,-14.577156367408122,46.714300086133768,-48.951882517720243,38.361847983581598,50.538377414719086,-73.950807691660657,-24.296587290792907,36.238399191892285,-68.582660135383833,1.0262370440336681,46.831838449751046,29.51751291746049,65.091792904080833,-83.982016333183381,4.8435973965038164,-9.6779704014816161,-36.74983162321027,-2.1918347153837674,81.741237632921909,2.2423098765038354,29.167249224223163,75.357195145567815,-2.5418353807370622,-45.326926002089692,37.439394273705695,-37.569772764912109,-45.27966200886307,71.941041776725598,-25.459431018127194,-74.197348881847375,-4.2153283742167966,25.069254654801117,29.422916084779416,49.507781515080943,85,-73.342187654182936,36.855245744646346,36.108676644314912,-29.233556810346926,51.847505208737509
