f0,f1,g0,g1,g2,g3,g4,g5,g6,g7,g8,g9,g10,g11,g12,g13,g14,g15,g16,g17,g18,g19,g20,g21,g22,g23,g24,g25,g26,g27,g28,g29,g30,g31,g32,g33,g34,g35,g36,g37,g38,g39,g40,g41,g42,g43,g44,g45,g46,g47,g48,g49,g50,g51,g52,g53,g54,g55,g56,g57,g58,g59,g60,g61,g62,g63,g64,g65,g66,g67,g68,g69,g70,g71,g72,g73,g74,g75,g76,g77,g78,g79,g80,g81,g82,g83,g84,g85,g86,g87,g88,g89,g90,g91,g92,g93,g94,g95,g96,g97,g98,g99,g100,g101,g102,g103,g104,g105,g106,g107,g108,g109,g110,g111,g112,g113,g114,g115,g116,g117,g118,g119,g120,g121,g122,g123,g124,g125,g126,g127,g128,g129,g130,g131,g132,g133,g134,g135,g136,g137,g138,g139,g140,g141,g142,g143,g144,g145,g146,g147,g148,g149,g150,g151,g152,g153,g154,g155,g156,g157,g158,g159,g160,g161,g162,g163,g164,g165,g166,g167,g168,g169,g170,g171,g172,g173,g174,g175,g176,g177,g178,g179,g180,g181,g182,g183,g184,g185,g186,g187,g188,g189,g190,g191,g192,g193,g194,g195,g196,g197,g198,g199,g200
67900,-70000,2.0222951183609501,20.715969771359255,14.141033737661473,314.08963364949398,67.59571884775815,121.03397379452929,136.57648971781603,750.02344724520322,29.707567237619216,373.59712777592961,616.34280150975064,162.07361114774142,143.63342720097774,109.47064470898758,213.37174398178428,83.46891161420443,604.91453807725009,706.11010247095248,73.361678581346908,389.41290352521656,860.6532525606508,294.90891992867751,909.76816148662283,532.51306791437457,262.53032528274662,871.17964435865406,954.91644782113974,58.375959703061369,789.09605412006704,821.07996712132046,947.87466979329099,272.36126383220142,761.74465856400775,895.03528393782415,343.05847309757223,834.69801949706562,601.46264108622859,922.62394171212361,470.00288738979651,432.07254592580313,509.35706907856547,533.80553289151396,707.72574954773631,635.66546272274309,371.24329228603739,598.63499599240652,272.19037214546483,109.2917096105553,309.03155063897691,172.46163592094248,557.38768080061368,48.326096666475649,206.4756904497238,193.24998825166546,652.54086912065463,627.37432352117298,339.06010811973692,220.38402006949286,202.42465097780084,901.85595131837272,274.59915202468443,437.23670487302752,966.40784445881638,182.50074513118909,255.99008674532988,796.72276806651337,816.86569371772816,916.40313747269556,542.79132743052344,630.66822186602258,139.32277941633163,725.74132455462325,633.93734979613725,469.66326279602055,784.578244898599,173.96637197554907,303.98637281036099,860.22044593984606,287.82059043550754,646.99731090743046,594.71515749357434,799.77358686888749,415.64572421639076,177.49521335880607,188.71606930831149,722.33261904313417,683.12620322864007,375.83334592147145,138.70357204311455,456.63686260102764,881.9982764688483,487.04024996663696,742.81337033183365,14.846603307605861,684.19079610480992,669.74824235266306,452.65999000553586,821.21398203411047,587.91778989390775,188.58296586307577,37.606769984404437,-31.36912256528359,-30.998970176151051,-40.668578093599592,-35.034299327695138,42.121577794147299,-63.24705169155245,11.987411328815526,56.458233271982671,27.823111491947945,-81.500875298005852,66.648245919934922,12.767498033002113,-44.070175594644475,21.46295059912153,-50.266143726484671,-0.54769366294071986,-12.499228104783608,67.89530065126651,-25.508626595955903,-74.891738365383119,53.538816394164002,-59.393970888571062,-84.869201133129465,-23.175678731472885,30.829098560050333,-74.508315035489389,31.941032924478556,-29.611126919759275,19.026511800793376,-9.2295334600679233,-2.413146327816813,54.070495540841677,75.016861133732206,37.390146316419255,-69.651442112540224,16.809207919284191,23.514315724276297,80.769419569751179,84.225980922586558,-58.931555315682751,47.604333464322785,41.965892574821709,4.0835851268373551,77.307778720652379,-26.188796408636993,-55.903488282028071,-12.187217590097253,22.864982414551893,-71.651915128352528,16.89098816863023,27.593060342227055,60.57644101627416,35.067634919012356,33.951436604024153,11.394394737265676,16.754356434106018,77.386307679961348,32.662246874979928,57.519732150085829,-71.345035840149023,47.922936952577523,-37.312225820707489,-44.626588838864414,6.9891474540759315,54.74795506890586,-74.948324109343204,39.826564020868325,-14.159270097081777,-68.610803273863453,-57.713755789736709,66.263028741659895,25.618824497873817,76.762514594413759,-84.128435687459785,4.6252682516699242,-9.957312528810851,-34.179008307370268,-7.821496629576254,81.883540501326422,9.7615663107757182,26.880251949061524,23.866088290304802,-37.56505227534538,-45.792463719551684,37.163276101906121,-36.01598088143804,-25.802594829313648,66.315111474557455,-28.116547939620595,-78.906999869228187,-7.4151866014563996,-62.170008144369284,76.405333415040133,51.360918383126304,84.522161061036073,-81.109692206169171,34.357735324330257,-12.01465587966063,25.161430688339856,-75.349622766565489
100,-21500,2.0174246187069302,1000,221.55751690092444,684.2886525005465,72.398245039477317,220.67578822661346,133.55079209784702,552.98674636773319,118.92023360146281,462.39995205398907,615.89592919595395,381.2175325891759,252.07923837444247,45.214950483849869,693.86660578717601,109.71001960195494,507.55417068930842,707.84383459286471,488.89739095741186,423.61240573526987,496.78917493467264,311.10003330779273,918.69355172096698,597.55278811549442,262.2952078262507,809.05320095732122,904.0370703388229,431.69546903194112,974.9143526474985,815.560272059353,122.20925247401669,263.31929992984823,31.176406918120453,929.15059999083496,394.00299060813649,810.77735671838968,486.29076537288404,591.08245656321492,420.69139298462159,426.15215368729559,467.81581873414791,488.56623449546441,684.23407780698301,635.05329751786383,343.15385243300182,598.41101517920663,285.91812720155588,204.11906598486655,95.652447622884551,174.28988664135801,196.71589395911229,85.682521533760763,770.50015851293745,202.93047481216558,655.54337587200939,644.47254223540199,351.59728461431416,210.97877520908,863.46769492475573,522.0449530490381,273.82365466211593,140.31771024972426,912.08816438707959,55.458933165306412,478.87857075510613,831.52661512805798,520.31698666032457,880.52241923375288,517.25517518443826,633.5369714761805,138.09601244497699,835.94633021373807,632.1409499354985,483.98173261925029,825.20585456724041,147.60831024889404,259.76415602722267,782.94708528375509,302.63770180098618,744.22256456488594,68.234199918206002,801.65795976080653,295.47099717873027,767.31674585674534,187.61795440501137,693.37659724339937,677.47137423587424,425.11378526450125,779.24097652440867,456.47036388714645,824.2561836796026,457.52059809083545,741.41748731588655,48.461615715217661,718.15747544488306,664.82172940562725,80.093824711648153,722.64203697188475,564.36377005009444,229.91295611906031,13.450440756483232,-10.045279275248301,-27.300597912671183,29.286981024780989,-69.982551768422383,40.46439141530972,22.24595501429798,-7.775779877526773,55.396119232201542,32.603157253006806,-68.821427333570455,64.810177544746267,57.982019451554393,-42.455301792535728,22.511046733370719,-51.864410323591919,-61.526919843593184,-5.2323881420428613,64.435910003096083,68.797207567565479,-68.124004823798074,31.436381498928728,-42.419800455537832,-82.557645407716123,-30.144711997850248,27.780700354100443,-74.66585335542554,-60.962673155642733,-20.810692044185338,40.698950294297745,-13.486817360848086,-2.7699767084684233,51.706027916965354,77.174459153419775,53.938687060953662,9.4678610709460589,16.562509114584401,28.797762154891135,83.888510882452053,84.975277338243927,-61.984109391343317,-64.859072140387113,2.9129159692755975,10.048670110504483,83.319711927177607,-28.136323979461039,-54.459676274665284,-12.684489377354254,25.709134660176698,-15.676772311882567,17.145553553270535,-6.6914858230776986,57.767467444119859,32.622254284325628,31.023648631751282,-3.4271066478830874,16.442398611808361,-19.074572056160093,-14.536012065737019,53.716678219385834,43.710894373240436,-11.51957977577122,49.405361304939277,-53.006588969711416,36.783550013369087,-74.58648976577669,-73.805558395286283,46.509863344961985,-13.765558159628178,-68.58325106766182,0.69824841421589212,47.466062286670805,-43.666316542457309,68.406349397843258,-81.972351594355445,1.3456323583952825,-9.6799414522846909,-50.787435679144714,18.643963039695635,81.464232206963445,13.843092524218356,31.677834448514584,28.684257534468259,-2.9213839776039574,48.051944592508079,39.701862265977297,-39.101249347887688,-43.288713223608084,66.013449018547277,-28.509456227380749,-70.456549011488121,-7.0231382255036605,-61.364047648616854,27.127647179880825,53.229021134224702,81.937165896674514,-80.834670649645858,70.797033085404422,-8.4834357994743392,-30.184547092723314,51.029424497566048
67900,-70000,2.0222951183609501,20.715969771359255,14.141033737661473,314.08963364949398,67.59571884775815,121.03397379452929,136.57648971781603,750.02344724520322,29.707567237619216,373.59712777592961,616.34280150975064,162.07361114774142,143.63342720097774,109.47064470898758,213.37174398178428,83.46891161420443,604.91453807725009,706.11010247095248,73.361678581346908,389.41290352521656,860.6532525606508,294.90891992867751,909.76816148662283,532.51306791437457,262.53032528274662,871.17964435865406,954.91644782113974,58.375959703061369,789.09605412006704,821.07996712132046,947.87466979329099,272.36126383220142,761.74465856400775,895.03528393782415,343.05847309757223,834.69801949706562,601.46264108622859,922.62394171212361,470.00288738979651,432.07254592580313,509.35706907856547,533.80553289151396,707.72574954773631,635.66546272274309,371.24329228603739,598.63499599240652,272.19037214546483,109.2917096105553,309.03155063897691,172.46163592094248,557.38768080061368,48.326096666475649,206.4756904497238,193.24998825166546,652.54086912065463,627.37432352117298,339.06010811973692,220.38402006949286,202.42465097780084,901.85595131837272,274.59915202468443,437.23670487302752,966.40784445881638,182.50074513118909,255.99008674532988,796.72276806651337,816.86569371772816,916.40313747269556,542.79132743052344,630.66822186602258,139.32277941633163,725.74132455462325,633.93734979613725,469.66326279602055,784.578244898599,173.96637197554907,303.98637281036099,860.22044593984606,287.82059043550754,646.99731090743046,594.71515749357434,799.77358686888749,415.64572421639076,177.49521335880607,188.71606930831149,722.33261904313417,683.12620322864007,375.83334592147145,138.70357204311455,456.63686260102764,881.9982764688483,487.04024996663696,742.81337033183365,14.846603307605861,684.19079610480992,669.74824235266306,452.65999000553586,821.21398203411047,587.91778989390775,188.58296586307577,37.606769984404437,-31.36912256528359,-30.998970176151051,-40.668578093599592,-35.034299327695138,42.121577794147299,-63.24705169155245,11.987411328815526,56.458233271982671,27.823111491947945,-81.500875298005852,66.648245919934922,12.767498033002113,-44.070175594644475,21.46295059912153,-50.266143726484671,-0.54769366294071986,-12.499228104783608,67.89530065126651,-25.508626595955903,-74.891738365383119,53.538816394164002,-59.393970888571062,-84.869201133129465,-23.175678731472885,30.829098560050333,-74.508315035489389,31.941032924478556,-29.611126919759275,19.026511800793376,-9.2295334600679233,-2.413146327816813,54.070495540841677,75.016861133732206,37.390146316419255,-69.651442112540224,16.809207919284191,23.514315724276297,80.769419569751179,84.225980922586558,-58.931555315682751,47.604333464322785,41.965892574821709,4.0835851268373551,77.307778720652379,-26.188796408636993,-55.903488282028071,-12.187217590097253,22.864982414551893,-71.651915128352528,16.89098816863023,27.593060342227055,60.57644101627416,35.067634919012356,33.951436604024153,11.394394737265676,16.754356434106018,77.386307679961348,32.662246874979928,57.519732150085829,-71.345035840149023,47.922936952577523,-37.312225820707489,-44.626588838864414,6.9891474540759315,54.74795506890586,-74.948324109343204,39.826564020868325,-14.159270097081777,-68.610803273863453,-57.713755789736709,66.263028741659895,25.618824497873817,76.762514594413759,-84.128435687459785,4.6252682516699242,-9.957312528810851,-34.179008307370268,-17.512265914604555,81.883540501326422,9.7615663107757182,26.880251949061524,23.866088290304802,-37.56505227534538,-45.792463719551684,37.163276101906121,-36.01598088143804,-25.802594829313648,66.315111474557455,-28.116547939620595,-78.906999869228187,-7.4151866014563996,-62.170008144369284,76.405333415040133,51.360918383126304,84.522161061036073,-81.109692206169171,34.357735324330257,-12.01465587966063,25.161430688339856,-75.349622766565489
44800,-67400,2.0225803534717226,418.85652813738199,32.772786266726285,652.7924188149384,36.218729547961736,231.18381325563928,131.95374747117216,753.06840294661015,90.236556898338179,372.25128051526241,602.98090110648377,390.18523589547908,150.86449294465439,311.47547568357197,620.43898080811175,110.64980414967818,495.5509463685799,492.60256722356132,89.609904801887296,389.26297337257199,860.94248801366984,315.30980444478519,867.69941317657026,223.8259153072114,267.86265208919025,870.75876674770643,954.54355995684477,91.382246943473746,54.952414678211653,792.31081825170281,919.36607823396434,693.54811471107087,746.63130197640248,944.48927225863406,309.52819999497348,834.63316029219993,544.26638343546347,944.50097660748565,933.75110964203975,446.20201596533389,663.3454804572815,791.61051769435687,690.05180889128258,635.74512970990384,367.87178346003941,598.28722068666889,271.98169897650445,217.32336683271325,331.59591952570736,170.56681614063166,76.028071736042207,2.0750579872160095,784.76289612321739,190.75321900578305,624.33765542916319,630.90984102840355,349.56823066065658,208.54899597281323,779.48888295166898,868.38243918719979,270.57425943521207,812.19944781628556,113.55158502759286,185.98281503563734,375.72324175044992,801.72442056579143,908.63408584903129,968.67101310003272,531.39541799933056,626.98359312177672,138.40468757032656,747.28316986100208,938.03527343238852,460.22707586250147,826.31838700941353,174.34380936345428,281.24714663245913,860.32744919260767,290.40233716487745,651.52963212246596,578.77735065875743,796.51276303229054,410.33072240142383,179.48335217710741,185.76009939334276,725.14297777772572,667.53248180991523,423.04250741879326,147.13108051541377,454.06085390436101,826.84688913049365,486.02055316373094,742.91884988951074,80.311794253133087,780.46675067394176,804.67351843134338,438.89994073467636,818.98677056347731,587.53657688408816,188.2732403873529,192.45610659242132,-31.29143820958614,-34.717619132135844,-43.289300328995431,-34.13932520748272,41.537307217389646,-70.105495859433745,-74.537405200067013,-10.391052486051869,23.136679714522522,-78.102020984476027,61.251074852721622,14.635320151936387,-44.074834802684187,21.452069159509978,-50.388498182605659,-1.7525332777845559,-8.281873946354084,67.493433782720729,-34.745959532332506,3.2562183646059069,25.467802196554921,7.1863432869585413,-82.731093136005441,-25.60172629148564,28.851143704873191,-70.205973410609118,40.23594684356933,18.902233649061536,19.654387183534645,-17.649565423491755,-3.6194661723682011,61.335933676610559,74.978887389298322,53.325257018415002,-77.038697905826652,15.458206162534408,22.74667510173289,80.659066521943046,70.874355730010819,-58.613032726741224,-47.684334143664145,41.748661238444129,-13.379917844486773,-18.801668825447315,-26.690087678854574,-67.303011990320513,-6.9538695486338122,25.459978764986825,-23.622683501772098,16.795248341940876,28.135354080963097,61.069142443379931,34.131741734124148,20.059699468454365,0.41521562728822126,16.891594745260154,78.517323505999357,29.072125901306258,51.206910318558769,-83.058266291962809,71.554004845044716,-40.905713918922373,-49.99215218771046,9.1986934937372951,-55.94956901639906,-74.845588719919022,38.77643496711228,45.534683759806057,-68.621897544134086,0.25425751754008985,46.061874295109547,25.203854887308776,71.1765066383347,-84.008614128603455,5.2826630661171121,-8.7776099994832357,-34.642695974106296,16.705274904831256,81.886603136925842,9.5326460702062619,29.959402966392709,81.327498289650549,-3.1821392580162371,-46.060832323950301,41.078410174598211,-35.903297362818194,-27.594662326624167,65.410578549328037,-30.439853862995136,-69.279709895516191,-7.4867697210667314,-62.170115346800792,74.46748060888568,49.581414370632203,84.942165107786423,-80.504718212449617,36.089065337612098,-11.210392680938114,-29.259171986847065,-72.844904914332972
40100,-66800,2.0225762040290798,422.77498132002307,174.44079040401135,638.435775148007,37.184800491288357,114.71038862653123,136.64339036780046,749.97806165734426,89.377825141580686,374.05697983579915,615.87594220281619,376.27923806816602,151.14399461718853,306.5298216242353,599.15586199850554,110.86484157289071,607.63206348343476,496.50223725629019,73.412830248818338,389.26432471284897,860.79460258791698,289.99354665520895,909.69443104454251,504.90364226811187,267.89724104443661,871.2070258947715,82.604458175784828,510.41185450855551,790.00325353142046,820.86034925062199,321.66561852336309,727.40591326686558,747.32533355581188,946.28853406640667,346.09136599038345,833.23304188602174,601.33796902388565,913.37201696282602,472.04820070154562,432.06883045322536,509.4475429235502,539.30657187204929,668.48863494593991,635.75500544250963,370.95492120316715,598.65268214457546,272.19238663546662,195.31635459957232,333.79706159572265,172.49510928160672,88.207030241139563,48.331149732744151,164.30519401381974,193.28112548263235,658.9381483674639,628.00673720739815,340.23434234104548,220.69499043422954,201.71191306533063,901.34357505081016,274.49156145774487,437.3192097884409,964.05248018808015,624.9782227563054,253.72723160034286,805.5528933995713,822.24359990530661,914.33973505797053,542.30510289422375,629.4522116037989,139.30664380688768,725.64203063286527,636.54377582684788,468.97707159329485,824.98537457736131,190.96501873691906,268.55393202955571,806.06219089646243,287.96748642798411,647.23701994743601,579.01001890601356,796.57460870235536,271.10864993790835,44.979815718787904,186.70660828722706,725.72720129518405,667.36680312329202,375.86802848568141,138.84490220725428,454.56803247369805,830.10953871397805,487.04777854831877,741.60680169084503,759.59596421385447,791.79424960120639,665.69507367089045,452.66452987621091,818.70138628528548,587.90571533502043,188.72351679914232,52.072332299177887,-31.369356199203448,-34.702194936578046,-40.698099402839283,-34.893567428132741,49.843039232712314,-74.209852437788399,9.3567755342887367,-10.117571038177843,27.820917187057265,-82.909684300435998,61.272236979572433,14.558490840200735,-44.086783015462991,21.544264182504552,-50.269264271193009,-1.3943178106951806,-12.421557062675205,67.895952817540191,-24.827236318363809,2.3354822962662851,53.764479441479281,-59.985422898188375,-84.864431135122857,-25.571160700955904,30.73427263699417,-70.213130652930417,31.908033984954315,-29.916423741732466,19.12001076517144,-17.532477481214976,-2.4017357524922014,58.875467977353765,76.669251294306562,53.249873744855996,-77.238162842440858,15.45204952888705,23.774765547121849,80.767485736994288,70.835031655435131,-58.933236644828106,48.151393035125338,42.004063065548323,-12.206815303149416,-16.302899531484243,-26.42558380302205,-68.000036017441005,-12.031694015188364,27.602711803701737,-16.482976473760367,16.778337153278127,27.08729059748179,60.591681675357577,34.103869492650404,20.790782651784589,11.33874664907585,16.75429603907213,73.851179389184637,32.142581985179639,52.602939354678213,66.260200363038749,-16.701713777039405,-37.337412734839646,-49.911139947920951,6.0337086135433697,-55.992437068381705,-74.970318903511867,39.828550790313869,36.104864347063433,-66.411026770672393,-59.153899682609577,66.16348181580922,25.606725840992691,71.137877260230468,-81.926463814825084,5.2599458019688692,-10.074770514505625,-34.636424492967592,18.277333429139254,81.886878904249741,11.939492414805322,30.028324563298973,76.210522634726189,-2.7159442418686375,-44.009418528752313,37.313700915218909,-35.90527932570442,-44.657246019812519,65.37187825518113,-30.531397264839516,-78.554240739972101,-7.4358947922534213,-62.083761733634418,76.991647965968752,51.2806089102315,84.508876304325142,-81.114913475691409,34.305714891326218,-12.000962981906495,-27.366129097271944,50.043391276756118
36000,-66100,2.0171856896989189,577.42164219032782,25.868266566832713,702.69803275499339,59.813318044666545,116.01778263230287,160.43868687552174,752.92270457666427,16.644142972478754,373.93041839174759,618.2114710678477,372.16764887383243,297.31127674148712,305.51149354767858,324.620239330049,102.68617151881485,491.07990439529107,704.08059431049696,77.624141615518823,390.82091721769558,824.770002265779,516.04129492680386,907.30463344356974,562.60105832267129,269.48322621442048,845.24844502144219,77.079993968401226,468.82903488365355,976.02487975040458,441.76242940296481,940.7693003182244,222.9401596551385,757.71086777557684,863.14488143057952,630.44011970577822,837.14872968918473,200.16407170155736,876.30658734523695,428.05978393310016,455.72220733306921,524.80699764794349,492.21959035029266,685.26782986642445,613.3209831932935,370.49342680367897,598.45427781125875,270.53108999536613,214.60344622350965,109.7354562879254,166.1139802296945,573.44116126305278,70.572114434605609,247.89562424874131,189.0285195636497,623.82803804214291,631.70657262714838,350.19229583548179,236.70627616701466,888.01416489003054,918.29620238105554,269.42017460589841,455.3079160934264,132.70905739138894,27.235274936743167,463.51175859346046,65.688330243411031,910.40948128731577,970.85950475054926,545.34839855620032,778.13148771311046,139.30216939926166,720.92104323751755,935.22413340677895,454.1350217717436,828.21660342517202,630.03971408042912,306.2395312357076,801.77663062736281,630.59445607593307,658.19590251720581,13.937490220380596,797.37333139924488,17.198322230515473,168.8144035144725,188.85700443628599,739.74986517805564,667.15631453166611,387.42976265504871,87.608708832987816,456.79167579202567,438.73408071678114,461.32874807183617,721.07133876661396,8.1116572758540926,410.50979535108405,802.20871671436339,95.824158972294043,722.52489973647846,614.48740672241149,235.91362439931956,30.95496157536698,-31.123025190849528,-30.223073018398814,-36.156095191989934,-33.63945904428045,42.528539850704085,2.0452884370909565,-78.359885771620625,61.499574606092587,45.747524797307953,-62.362535384697551,40.785873801021296,59.832547289580468,-43.814630937668959,21.673103525039728,-49.594325226756986,-58.728418394310076,-5.5395853177891148,64.607669154095234,-39.945695373270823,-64.905468121869092,24.25788261059866,-49.742636236495542,33.812229068880661,-51.239177074122487,31.237145345469447,-69.993529987197036,-61.299913991155499,41.944528575720099,-56.554052871342186,-7.5297359276729425,0.15936715044936345,-11.50128415455224,75.007561831380102,11.051412972184959,-83.393412120416002,16.990675387133976,23.043630423746453,83.377313582918234,-53.248810285568787,-58.314349399208012,-75.339588171612633,47.684001892618809,4.6921943199281024,-2.7537351013213893,-26.771073067399943,-68.968846127012483,-14.424336602418915,70.193535040408236,-78.308695569379182,17.121954710590483,5.7866159042597243,60.563593521808102,35.042511595137434,9.634158255475155,15.360725379255074,16.759884970904441,61.601576412886402,32.878675536916418,53.336178732495924,-75.135058861136457,72.377481650454015,-77.203687966971401,-46.207146595002556,44.789805534504922,-73.56935714250038,-72.55158779415838,73.060250508288377,39.615433445887149,-68.624177090136897,-61.03760801251903,46.207013135523788,-41.669367105737734,57.655221586812416,-84.80009733921959,-14.704929566065628,-8.5455627270367192,-35.469047884204613,18.45291949218927,81.253840665604812,-0.71719716780383891,30.156190159213516,26.555788028962091,-3.0108163089613225,45.169172732516721,39.574922538796272,-35.404390161952705,-27.444011085726721,67.555178919303557,-33.449582217908741,-76.68097647270065,-4.5430741173820524,-65.301668572654336,23.083552835425902,52.893495335527419,81.849359787562591,-80.784572399417854,36.120221518500244,-12.614555580185588,28.553171761799586,-68.658412462360701
18500,-64300,2.0582897897582515,908.97360053468094,6.1937569495484599,342.63216723223758,56.947334400085126,234.87622398431211,138.5055226747111,773.26664018826159,337.32528027996875,485.45572612488724,604.3278558384427,321.15260148957157,95.497659786158138,99.451765617247361,76.785750139440168,80.86978725401282,530.94546257709135,533.17760075602121,165.65256891438935,388.81480920746878,812.56766525222201,543.40232502217282,922.68815172054065,568.46210220210185,265.3500921479087,871.76860255603503,909.04844252879525,130.36765737098483,4.5308518872682271,772.79060198563104,973.19856735017788,179.54611033428483,764.22314955894501,918.95455441985735,341.7160581555849,848.54793756965262,602.20100822302265,467.2936590421902,958.90806403388478,423.92758763093144,460.00596725000986,824.8421582638415,684.09575367439334,657.73891277723499,375.40019294139483,598.28073750185206,258.39564527750991,192.02466521855501,101.74462506897568,161.34867392756257,551.57849679604044,36.856021517243391,828.98903624059722,189.0705292950401,656.54578299818638,633.15004686937289,365.19245370971908,210.9502151632949,767.97798008694645,433.60345954436315,270.39463813514379,766.71171661540393,889.00766066107929,30.14542797647556,300.02848726392978,816.92009063894693,898.49310549555241,942.7583157686189,490.16514294267381,646.76177085280654,140.11908166578147,748.27226287396695,619.65534779055452,459.29363507965019,812.3053298466873,182.86188185542329,273.6918325762901,819.66430509290478,291.9353458918963,774.81365349042505,82.452554570890115,796.89535088753644,281.80966349805027,171.76097598651077,155.87647521249536,743.4781572563503,678.39784004084026,328.25632103044057,721.26746761488039,480.78102472574483,821.72657794260385,485.45218400921198,721.8839465885934,3.4277468642338844,749.45094192318652,802.34361904941693,420.17461999087499,724.93328437199784,582.67911424452359,194.339118695407,190.41221154766288,-31.389650906282544,-37.7154528850497,-36.5328099345667,-33.863889182499612,50.706299384576269,-0.033264442385705362,-72.919672313715097,54.475523502741012,22.778462992886848,-61.322428841290893,49.312533845869076,12.043981886532707,-43.057693047509872,17.363244801127394,-49.326880245459627,4.0429910975881551,-10.528015699122173,60.099386053362906,-40.250082956629896,-5.0186940902384904,75.219969352804839,3.9828937267511968,-84.678052366833384,-23.960393548508797,25.363557173281858,-74.612083343057151,-64.446117856227119,-38.189153375180155,-49.376786919195332,-17.601069685866367,-2.7638708092838984,67.286693328005597,77.134384401079771,64.304589664047853,-18.889841090138106,-20.358449305319088,22.253816591512923,80.588522466643113,83.485885587790165,-55.506001399377531,74.452380606926582,-2.4534668383334441,4.4339175701671412,-16.598106005949933,-24.620155639970662,-75.371712980729583,-10.708070676814671,23.316951748403913,-79.241381499633022,16.966553352440815,3.4739476796102502,58.398390478615447,34.061651343342696,3.7765349631614029,-2.8496414768147895,16.224376834071613,81.124417119605539,-9.1236217925977936,52.373024589970719,-83.138717359774091,-19.908639223277532,-41.176489022746992,-53.214300893239098,6.912288782806149,-65.936598287822719,-71.926630286273905,80.600631355967195,39.094300239029259,-68.616004934912169,3.2799183816370059,65.190076139114581,27.719639453791423,9.2114122950664203,-84.116383623923184,5.0345346642767632,-9.4429052464277117,-54.121126940484608,-12.341134474494256,71.697010100007361,0.68360653058630272,30.785639569390298,48.946915611276893,-1.2789362147411012,-45.237557884369629,37.414271838589109,-38.678384090659293,-27.320642716167114,32.246805658316696,-26.898834163466542,-77.063301344786026,-4.5796671093309005,-61.978516799201451,29.823769020342581,48.892380579940436,74.770779568982249,-80.614302751037783,37.0146821897807,39.450857434742765,28.500918701238483,48.911157268688754
1400,-46200,2.0174900095291757,1000,190.71400273562068,677.31522354079982,72.420075967896011,156.31469507205617,103.44384517680832,753.49607801797629,31.060026096019083,472.14435402737831,604.85832873716436,382.53948923526525,161.4060910005187,287.26424598634759,571.73484748224405,108.47939939889719,504.31816511276253,506.76042166918523,92.639141844667023,388.33695939402105,866.50253663127251,318.63205633767308,938.2459004356632,607.72516431812107,267.90251186928475,846.24878373455454,584.60239339259374,471.04146314292734,847.55710841330449,696.46640347464472,188.9083566281351,236.55911371244596,825.52535121727658,391.0214337343694,339.16851969299319,812.12579466662169,555.26853231553696,467.36072462088845,458.83640483297404,425.06706313560096,673.33408741869687,804.71853079031985,317.50014640640075,649.15829963311546,372.14088876641262,598.15133314411139,276.11686980834628,216.93788674262845,110.79959528687826,179.62090590546202,550.26860977845604,50.442574123934797,267.52656062038329,189.09738197285122,627.81146756351552,872.33543981458206,348.9787004714135,209.87948881303916,861.08564632399737,571.83435110331845,273.90913568631771,804.93100340117178,34.92199412626114,1.5460404944943313,465.48821984843966,51.529167891976215,904.40157993411015,921.36703667143865,543.7092059431734,645.36695700302698,138.5603501619714,749.08672770235989,657.45961993939159,458.21114100974955,786.07286484301596,539.9284588932037,311.65023323670175,818.66988115339336,302.77002760758324,758.60402299795953,17.320597813598056,799.19046395108262,349.51957665564657,191.05402518528402,186.58800471412565,724.0017578566011,671.68341396918174,429.65166489973888,772.73551537518415,455.51344194723947,824.56176632351378,473.68404104793905,640.43512166433197,13.54750921507117,419.65598076253156,799.22427251301599,440.01252712366215,718.31626566704551,565.20131375247388,245.74473610420964,83.09249105754941,-21.279568180318343,-30.284668048166107,18.504155730266472,-35.967419625317007,41.739655051165457,5.3749391861014608,-70.879687805253525,56.656818778964862,33.734837952161726,-61.114842001891503,62.219878474433358,57.339537566125472,-42.51863217647427,25.257048793165634,-48.827740729624651,-63.277066689181744,-5.7853700227489888,67.908456595386767,-30.819573645044493,-60.829002096795875,82.664697720680181,8.3798244085824081,-84.720740293322024,-27.666436743719721,28.8433544480766,-70.271290280346818,-11.388699294486013,-22.991060736456205,46.883449049613816,-9.1432395999017224,-2.7716498249877044,-14.861525992501845,74.826193086422407,50.831964389189217,-80.419758967551672,-8.0948812241490504,29.083703447731139,80.537255728544594,84.999990997409512,-61.943206818666241,-66.538553376183685,51.982880296836719,4.8653739584741436,-12.269837306213171,-49.411925868706518,-20.792241219830217,62.338787214970104,72.51430417032465,-83.807487574041545,17.134753137366779,-2.9219763691483389,58.425237996658375,35.083055664083588,9.370106911953652,15.028335420779278,21.01231064163299,22.497063225700614,28.140758807318999,53.687797404175939,44.24223733037514,-14.712585433819768,-73.225813241618326,-49.809736217853363,37.738470083780221,-56.515459237683764,-68.003458170741951,-10.317967625879806,33.062350568427043,-70.631732172043513,7.8242536185710501,64.695465747205603,-47.15731283024985,74.48080508705597,-84.127562523627901,5.7504571510936584,-9.6730298988812038,-34.984103973414697,18.41946853847006,70.87357984625082,-0.87066670846976901,31.72233398153757,19.688497098371506,-3.8643920501285574,-43.547267845717627,37.429559073397165,-29.140701601158518,-46.999359416207049,72.356281103262234,-26.828218179215327,-63.509088497498681,-4.0323554363014829,-60.981240436722835,76.783840134320371,49.793510525845456,-48.961791482382992,-80.830303546803577,37.083141795340495,-39.52300481669802,33.200268016655166,-62.524074846719131
1100,-44300,2.0173536644383372,1000,192.85985486282991,679.04057280830091,72.449915043257732,189.66390865879649,103.24897716539388,753.17121998636389,40.970328527323858,368.49185623965104,604.8568102156288,380.72034457919972,165.4178266766022,0.7909041115929677,618.4212418948315,112.22958028471911,528.2690221594504,708.04368414256032,92.075148993467934,388.87796450490379,858.38838949375247,320.17541522656956,872.74105307780962,564.01109664949649,267.86348257905058,871.33548063774242,947.91803589551876,455.54462825369563,797.32410356510832,864.97464362422534,976.59742231298208,667.22216983125531,117.73271687790026,362.35873455296525,320.02716720882603,811.61305138747684,479.7452656221019,852.05097235937808,416.56746650644931,427.96846217269558,668.57402485766977,526.0271384853279,694.89260880634424,636.78126741722497,760.72282740392768,598.13213552438583,259.7260638607795,213.16384068844798,112.88723958972676,175.32200797086412,573.87877337500072,49.527705161213675,236.83453402904314,196.34981394774024,627.70265746861082,873.66866563322833,348.96493584619344,183.73316964346253,47.271779514817325,881.49645223726111,269.33939577113858,492.26939596289242,92.535764940151353,52.399220322214177,466.90929723927769,52.453655272195647,813.24906570266035,522.03696175958044,543.402933486645,797.55017857870746,138.35889372724608,749.19233284383404,942.37540837680035,455.19068818964212,814.03409633498939,138.96952478839856,312.03954752607285,853.62373421010147,296.25937129084042,758.46641909333607,80.079130185744745,799.19822242630028,43.317696318520149,824.06427927171512,186.34638210740937,725.43410602998279,677.0255317984122,422.52168483218747,811.87888515933059,456.76688117017517,826.25295198791252,449.9444733860833,721.70962935802527,10.825021727124758,396.7109229627178,664.50775464121011,439.28235488707475,711.67088217737955,587.30182769609667,241.36388948779251,81.957564099351103,-20.458457488058468,-30.254945454763202,-42.490653123055708,-34.905049270555097,41.920318536127603,10.289976662781601,19.714536797129771,56.737485613110351,33.901179800651597,-61.635950574013989,62.084287395075776,15.053170442001845,-42.556738809896025,18.434244062522929,-48.65383280757635,-57.705524628207741,-9.4906165600486787,67.843692432383619,-35.765619993863147,-65.520380481962988,25.405581048260959,10.942211309180841,-84.732296172818295,-25.144861449783633,28.85245648234233,-70.174192282659448,-24.142497696476351,-23.387354730662835,44.939756093822481,-17.489300062023368,-2.5152577211850757,-11.06580606195249,74.885855433353484,49.661495056588684,-62.688196056074688,17.659235327155788,28.876861154719915,80.710834536703572,84.723255214543954,-58.5929651390313,-54.08705085375847,52.912152208604198,4.8860870702862647,73.602218782640492,-28.541595644111972,-69.178311784878389,-11.966516393586357,24.06312353391414,-81.649184756306482,17.136796816615696,27.865357045373049,61.657322942035783,35.831636252588723,23.073734075429833,15.230341803268768,16.787926771382523,22.166842929526219,-5.8744566886049014,51.577865931264775,-69.797086327183465,-15.815710415094753,-82.303131442937683,-49.712538157401688,37.961436259860989,50.890387127773948,-72.008924530913674,-14.455043935901756,32.789986824093837,-68.621174480771813,-54.127913885493911,64.546942872128326,18.905082939947192,65.314458025013792,-84.124549328919244,5.5621590581387927,-9.7023918028419143,-37.06535310310143,16.438205732413849,81.711296133903758,1.9062734495522236,29.000266317633383,75.116029993992285,-37.884552304540975,-37.945160685753493,37.466638027717849,-29.01636574591112,-46.68170033975607,72.08026538256432,-26.474067874820431,-66.549407646471991,-4.0384460288994468,-65.223513936220158,76.041547908521792,49.489191244599219,84.082573307206147,-81.045342827919882,36.020947152298433,-6.2807821006536102,-30.038205813195876,47.904861439254326
500,-33100,2.01708756567694,999.99999973389765,193.75388168079721,705.24009616790477,72.633661559224066,232.27036032896794,101.23019017171903,765.73939509460342,351.29630392764119,373.38386629910866,617.68268095838414,178.16956947572945,35.180934085807031,255.18121092737215,692.719551370207,109.0041772999349,503.43523929746863,692.50262044004683,86.257153034718471,388.51819114369346,808.55953982584435,319.11268547215377,876.85480478398415,595.24892999581971,260.90002161710339,845.00254839062302,977.72148145620827,440.65110362258872,992.13296693927339,860.18049670426774,209.97718444363932,283.8624341451407,189.94358716466309,335.02337639029247,655.44617872075185,813.65431199051284,554.04619006421649,458.56960965096897,959.09832061005625,424.34509215201086,537.43343461784241,887.92319500465646,668.47140387343416,661.79246555262375,330.69374587760001,598.39604358430063,259.02350738674505,163.10754268689189,96.413008992742647,173.96585450432707,206.89638203541335,28.74679936904386,231.37810817985979,188.74201774307804,653.98412695507545,855.12817904872406,306.3414737933424,196.55579241965944,190.44903200064314,540.02769688446381,301.88525277997786,382.05445058505614,93.171175261195032,80.667266582534552,678.06233723837011,63.501906061952333,524.82582212855323,914.9038706122368,514.43227189909408,640.73994274394454,141.14442441066055,823.32914903005974,597.88817817164409,458.93584314070989,784.4399579009405,604.79472505032413,311.37974769931361,801.98982990605066,298.02387931776286,756.62329979796186,611.4211258654143,799.15243889275121,328.57576810267699,765.06116030938631,184.3988585521696,731.32561272447356,677.05252991432303,423.79680408814102,817.62484824833018,477.67365894694183,826.16331442537842,417.33920244030537,720.58675427689604,8.548397480626555,759.15748374130419,671.47562796768398,88.762711565334158,688.51880896929208,579.00683949180848,241.6526154087781,186.65775560136655,-15.293397250947663,-30.335268798424909,-40.870456916787013,-33.825437970629828,42.134721350786393,8.2120355071730113,-3.5978475677797377,53.418406929107597,31.803414711606674,-61.703788784358849,56.063875153246734,10.468725941783415,-43.768325865627567,22.190241518604847,-49.869698578759589,-59.933900429569128,-5.6948436912610392,64.51937192401428,66.52461269442594,-64.775230997790672,24.932606500589078,8.2173103628967539,-84.745255247017298,-30.528465419303654,27.591251014514999,-74.120380713518557,-23.432455315187571,-20.484620420848678,40.738914145732622,-17.665140095513042,-2.8727262532287847,-15.018412471482339,76.565837370702198,53.610329927355878,-76.909920080028655,21.744252666014752,28.797181461256947,81.17360060578396,-27.81121246150721,-62.205704780129437,-48.222803164000013,0.97368527570997809,4.5173548584549836,-12.159601312142108,-24.175328248655575,-67.846033208775978,-15.334770955323833,75.025716995440263,-12.698973384979332,17.122515796186015,29.039959462148026,61.268533635141814,31.742221079302684,8.4409872919356363,12.628653208201015,21.644982209355287,-10.362960920432094,65.272965384902932,51.16513258774976,-67.679914837339496,53.714710650741267,40.462724440664658,-52.86337083457996,38.033464045703475,58.677332363339382,-4.0685690694506356,43.985427163376926,-1.0474119971518361,-68.581574132340876,0.95350213374207193,66.186974718844823,-38.044764315718076,-31.376604780945108,-84.097993425527548,5.9605490222260107,-10.090880790821219,-51.799879045489476,-2.7632772497038331,81.100747660002241,15.185008645471456,31.716775511904075,28.916143788437491,-2.0708874440133203,-53.255590109010164,37.178288056088363,-29.634735298600159,-46.650629297199828,72.338899536005783,-25.517349669213079,-74.690146711532023,-6.9185142950490244,-63.635946614681593,77.26955504614287,53.048595020662539,80.3538816565882,-80.87562024568274,28.387585885687045,-22.505853670670774,29.642222175135508,52.30872083022561
59100,-68800,2.0196758716291945,180.08791098936126,13.738779965508161,313.5591220622768,72.265793223483982,151.47312921523553,160.6971801109238,772.54114338370675,329.29489337535625,374.52076189000604,618.71299967972391,156.82729466145835,141.95100855673718,123.23128057859562,325.65340891522055,83.653903005585391,524.5365097729948,705.2910224289767,73.907124676364361,388.55765163419886,860.27741869537169,293.06474216304628,909.35483404350521,562.92555983726947,269.1444772838986,845.8169231707318,948.12293694418588,73.587963956236109,1000,842.4327394232206,947.93161387864927,228.93210270737532,761.62121224335021,940.62771233038904,345.7572569717496,834.93493852792619,601.46102767213085,917.98297574928495,468.80845598235419,419.70641224815239,675.50260236549911,535.29280176122336,682.31698680526074,635.68291000033742,371.57684549559877,592.77783533222669,272.1248262742306,109.10068557593141,307.00984340715848,172.5701976851808,572.11267948821501,31.284291025082197,202.63854280355963,193.09038710163904,651.93343417141557,626.96292864266911,650.01748117407044,220.65222174490077,23.444104564457177,912.04481675581076,273.30667610804164,444.40053178494736,29.521434301947068,200.8744374594431,457.1562486234692,146.73221240734318,816.76226865203137,89.556843730292883,542.58005369688044,773.68731928393981,77.418891552661592,720.55602077407093,659.18350627323491,469.96788557864238,815.77202611545226,173.93691304496389,304.11120751267646,861.50511956448452,630.28495220549314,735.88095508871788,583.12068854940128,797.54821211650517,413.54554361861182,171.67206361760168,188.72143292319754,742.5566633049342,683.16714388595244,375.82950441146062,139.78440372403406,453.11808805678862,821.66614490188852,449.27328758238087,743.28254990719211,14.610453651594725,762.14822815156288,794.28278845199509,452.67299764846604,726.04758974435185,588.12600756439008,228.9565015851627,51.576221353971881,-30.947570038509042,-30.99839840623213,-40.43491025400013,-35.061324066776258,49.120880069189077,-65.611301784178011,15.508084107044319,56.486118723192504,30.786572187483099,-81.47170313218551,67.423604406592517,12.70293633336002,-44.046056957418621,21.634754863531629,-49.177822024575853,-1.1167854428582726,-10.83288973942825,67.636633748252905,-30.619350278959374,-74.8727571975719,45.975471002189785,-58.899338937495983,-84.920192532388185,-55.265021327199833,28.917434989014644,-74.389189548121948,30.431531425243904,36.3800751340533,19.231916919463039,-9.3984514398039636,0.17184157947152845,53.299755778440087,75.016799995350198,37.206040355227444,-67.330142078038023,16.727038884143276,23.485238973537648,80.617091940525015,81.48837229008474,-50.744137983655556,51.259798972640141,42.152487813727788,5.8295384142972946,81.56163417546577,-50.313775671083278,-55.907494399681752,-9.3497519827698525,22.899767416472013,-15.787116069263526,16.786430754158115,-9.2198728942742711,60.561172925838115,34.812571562754094,-79.467670231793178,16.43755016421872,16.754444031475341,67.724403483263146,32.514033727318214,53.501712473950931,59.405379517571554,49.235958908961003,-37.163889649925991,-44.62811739954499,-2.2988724816052386,54.0801111859939,-75.01653103722181,46.810342965655515,-14.584478166386031,-68.619464902314903,-57.705164814554628,66.282063463280124,27.493598453170041,57.622651675206725,-83.949851169459336,4.617028318085997,-10.015969177396048,-35.549614464924417,-7.4969370968088063,81.883164304690482,0.93186829930193227,29.790778896533748,24.304784696049786,-35.150131240394771,-45.806237869649181,37.196055125623758,-35.979190975105837,-25.796955071434848,66.352992709452309,-28.199294546524623,-78.896193685720533,-7.3918687578472664,-61.613570560852857,78.507910074977076,53.967627869143044,84.517495834523956,-72.408964981203468,34.511286052251521,-46.750109842666788,25.492371279914384,-78.206692668454991
800,-38000,2.0213246952578161,999.99999998803173,193.3868025728824,704.80152853379377,72.427389091049605,151.9025550144579,102.19097560093674,764.29394668119096,30.954811146340887,368.16968051629533,714.55438332120491,178.09943177723738,30.087130660475587,286.77577156868244,697.06938607180791,103.02063813682022,507.31634026295455,697.4464340880977,474.64499658432283,390.94843379910947,794.21436490810356,314.61943175660662,869.63240315239375,595.41405912509049,269.07138709388533,808.25645875402984,899.34920708242828,136.91268962132872,821.22179688615017,698.20602383143751,213.5417329764079,286.33797376919841,189.66445161005274,863.59302009493558,650.15202421031086,832.82248096864907,552.74392375786022,454.8497530170381,413.04072810397366,446.3041142911307,537.91070587824322,887.71624453778668,668.03410963809756,636.45747990196253,376.58255272981052,597.03343991385157,259.01301885577271,215.61180374991869,109.99513680317028,173.76242268482312,214.7425897022097,38.460690967850105,978.18269592952743,188.97297551436171,621.54602060340369,855.45617205127735,351.60129877143572,195.67073737162053,207.99074492607303,536.15079622286203,304.24654498695503,787.64230575476415,98.55238799899945,55.961522385435941,664.00462808019688,802.85804166161643,923.89966170360799,942.55615876115939,517.05512419286504,638.19312094792429,140.98057370252951,826.58387093158296,921.36496336220307,459.46166500903826,784.19525581250628,596.02093684829458,312.2616459841019,802.44007523773791,301.87947455346051,657.29486034925685,612.40332068012651,798.77174369937347,344.69124805879648,767.16131134202033,186.89589068539109,679.91063754783602,677.05459709518243,422.32943846772201,818.45044264359251,476.70157485048912,856.36060100836835,416.62636882689054,720.17040102343003,9.3616828840351296,430.79805354175255,671.58328089901124,447.87685953933897,688.01446452937694,586.74381263983059,196.4486175450977,184.76249256834728,-17.738013127833767,-30.267870659285812,-41.38501683553681,-35.792520159945134,42.127852718813891,10.059711119279404,-73.511495823480672,57.244689624064648,31.860168408696666,-62.191281535480925,56.390833491740274,11.703466431412732,-42.354773845702887,18.618928045603692,-47.462293073362389,-61.397748478939832,-5.7057406368177679,67.681160198281233,-30.558831983101491,-65.606585588291935,24.931029618856083,8.5916913590075055,-84.747539104839674,-30.606495252642929,28.43270343041096,-69.828154334521699,-62.979753712457359,-30.782691624477469,40.819668037319722,-17.086329119985656,-2.8747986593836354,-13.660131131529717,76.53469843042825,49.960422130787471,-81.224204757279239,20.658090647002325,28.750760986916237,80.731023785553532,-39.127842705733158,-61.936154060118568,-65.673750324435915,1.7560564024632705,4.5204460508292197,-9.193925559172623,-49.079641384346772,-21.932259534543462,-16.031146458333353,74.924716228329302,-79.2109167562039,17.120860497463624,32.665706625566912,61.591137708942433,33.816005869306146,9.0867569549301948,11.934983805478119,16.767943306252064,-15.049520713908144,31.946142727964716,52.301493765279069,-70.351474638289091,55.178432490555181,40.170354309702091,-53.707426376377953,37.72664327133441,-71.027846434041948,-4.6293321407300754,41.020876822798868,-2.0967448139883835,-68.580429483812622,1.0269238854838783,66.952206441401486,29.37535291413073,-31.459899773626319,-84.050428460634478,5.7205042492119942,-9.7099332748315064,-36.500537173015786,19.867053406419139,71.299223524135286,6.5289998862717447,30.245401731561294,29.324068665653762,-10.30162177418773,66.649129221978939,37.328568688451597,-29.115710232468786,-25.381459047346244,72.696498049142534,-25.36961533742819,-63.462310994539585,-7.0611425469452147,-63.700849310087158,76.717967498709086,52.977968428137736,83.726160098608176,-80.890806671193474,38.165335196349332,44.940654299700839,-33.284557924789283,-72.024775093844596
26800,-65200,2.02210079759121,653.61275566682468,193.52418031447499,693.79769498878852,38.862890906515673,198.1152631669832,108.99171366972847,177.45636790306673,89.393564040573551,374.42959162355248,602.53434945386527,377.34987284910284,266.34932799239914,39.169995019765537,609.34395237614387,105.15413748903255,612.58505519500272,480.42939479293096,112.94606242326488,389.40915616291852,839.99633791849249,290.40831263797998,908.6888714899444,215.15560606155472,263.1543222281594,870.2367484753463,69.578527678627225,445.91944984272004,764.95461765620212,797.12799977241741,251.36447160200822,710.25354641008812,744.70155565577784,947.17607367318976,289.06397996448851,832.59918456440494,606.17659922361952,939.82721677892494,933.48084765538351,422.33488590310481,528.0783778268335,495.43412539828466,668.64265392010554,669.27763887942262,376.7623609298148,594.29938921362771,272.39071915825667,180.54597715249733,92.905200933050892,165.17437818278532,102.66518629228872,45.493612196757127,823.80720245307225,190.63606616753449,627.53831919608183,884.34169324081472,348.21059957131143,210.22345748649434,966.64339938164551,872.50018103010973,258.14399695841962,778.67740116114521,11.903805055478017,626.6429729942522,293.37656193768169,756.48543858653352,822.17950453461754,958.00629297997091,487.59928614360916,767.34585615942149,140.40418742858864,750.7366970168614,650.40496458767939,458.93394579072992,827.97660012359813,146.22089101843875,280.38341568857015,799.99602104800817,290.28165565214607,640.58456880651761,599.43389847641402,799.09585807075848,412.30857192919166,37.912405827742901,185.96459132707724,740.34508058141751,666.53626297432731,373.90111633894128,790.30584951755509,455.39113076789869,827.26608604492924,486.55236877243055,778.80306154394418,9.980551883289877,791.90684221665606,800.52137717006372,448.24580964594844,709.22843820433457,579.16861327083791,194.12692887039145,45.295620715493058,-31.401199590666408,-34.88771011663296,22.755849887177817,-69.3068751288762,42.631951042699065,-75.533889849645405,-73.085055997104874,50.827958223218054,28.206344603025986,-77.051633501981243,-48.780718591501973,14.690452033417277,-44.004574707029761,21.657632541911635,-50.437431762888558,-1.396621803394712,-12.362599476388644,63.775372442552886,-34.695292674166836,-2.3436666221704456,25.730516446924334,-46.564554042163493,-78.621679277531641,-55.132883003127965,29.101876780542511,-69.950172628801667,40.38022652536381,29.952410216286712,18.984157039318585,-17.119826650926409,-2.2212355649376394,58.986876147701892,76.666577375404941,52.420926719052943,-77.195766458741204,16.705303483528265,21.74598564900479,80.68157519775383,84.987585486635098,-58.897965548347592,53.864666733222201,44.346175696021703,9.44036931739317,-17.625926109005466,-48.793964099355847,-12.396371717351784,-21.748480888824016,27.780658868201744,-15.367968085674418,16.791805142914022,-6.5732685987779718,60.913607503772667,38.646912311513333,20.211858926604101,-0.52348441959013015,16.501712244663661,79.531398308821736,32.129605912930167,52.410144629991642,63.168854307244331,58.72076818539324,-37.227054365472526,-49.858008172354424,3.7405409048667178,-56.520813041737753,-69.831348578746741,38.248369574986796,35.811205387291047,-68.621097469760471,-1.0594882076760879,45.887199546129899,25.783633844701615,71.986356115531578,-81.988616953103843,5.1952009916089219,-16.440749239170188,-34.452045399623735,17.373690613985556,81.319055701272475,33.799305424389253,31.577728142289125,83.45125006817139,-37.453511792339683,-43.222370532478898,40.850256804889661,-35.869111273622082,-44.797571940923078,71.289487906889491,-30.467447016423218,-69.079994910700975,-4.4390151794804193,-59.702936250680352,83.278868308576165,51.256186988639911,84.719169224740199,-82.441843174455471,37.579224163866279,-15.52484833929242,-23.948695018638102,50.376574765688673
61600,-69200,2.0212109091541013,127.62619777809297,25.692036344188271,694.00439771339938,73.991523421556195,116.45822437017672,160.4080868580495,762.01195323917545,21.140018057377315,365.83875380194257,617.88607588113939,372.03724445927003,312.71976492976188,305.69748725389491,324.36080143491768,101.9636144870334,491.968752677861,519.28048642139879,94.034516064261595,387.77541351681305,824.75893532697387,513.57667100921856,907.42807158867947,563.42470738082966,269.48700986466724,845.14783193267567,74.450731810385534,462.76543871013138,97.673675436148812,435.44630644328851,940.46357654083101,208.09025520975146,157.7081949765801,860.17141228198921,293.18638660802537,837.11013437042084,199.20932828427078,855.06539812416827,476.30021056777042,429.14462424282902,477.97601795583677,424.07069442068797,685.11562542041713,612.58530455164907,371.25461537955016,593.40845729514251,270.59810682669575,215.05328139054518,107.44539926681989,166.20332655987229,564.88591380487765,70.456640989273964,247.95140472281872,188.83906164097928,656.77565284408206,656.19178266146537,349.60852837097843,208.12778368870693,37.344664322082636,898.38497074152451,269.17233229361295,455.34749228529324,108.04497714185982,712.97440804119094,461.57894403804443,795.37580265310794,910.49981850931897,971.29839706145765,545.95264781502237,778.32449449635305,139.28281855744061,720.09292782019691,639.95158283833234,453.95538056254588,828.26810823214532,175.60198462568559,306.62369534792219,862.59735890047193,628.57646264991968,755.50107443519948,11.724504199230012,797.36632791594354,19.242986573340005,167.20373287363296,188.80989370428907,742.94815217870996,667.36597006055842,386.74785276014831,789.40040084295765,456.78983416001722,826.25340221659906,461.87909672750135,721.07278345507348,7.349033379182206,412.9794457933391,801.20960359303569,457.4365342691986,700.57885294486778,588.11669349718329,231.55073424470621,59.715794369139658,-31.136095108976978,-30.217330283754393,-30.489960530038193,-34.098037815743133,49.69595458422549,-57.754472704076996,-78.340943700021128,51.126398554247331,-23.231864792211912,-61.304011306257479,60.259222678562658,63.785052544127574,-43.812474627648442,26.605612980157147,-49.575995880140304,1.3675653979794025,-10.858344872048967,67.926099693759411,-37.826876297041537,-65.754595559108566,23.98617564869561,14.32887539485956,-78.583836051483232,-25.432513785348824,28.872194499928824,-69.886821174285828,-61.422583037597491,43.531929210749489,-53.535420425934319,-17.072309800618978,0.12749439322558473,-14.194420408947924,76.53311021873327,9.9405486477828529,-79.971612581881459,17.506395452929933,22.341707461097627,80.619752929857427,83.099318329436002,-58.311827348561025,-80.291644964964988,46.400178818857711,4.6948850042732992,81.581892357545598,-24.049671302837702,-79.314776013627124,-13.267989167545643,70.201174065423601,-78.250165841924087,17.124016065938456,4.8183195043008826,60.582053180055837,35.266552908137569,2.3301762934542722,15.736465501705545,16.76009464253633,68.562181337222142,32.078671967882613,53.52967714753602,-75.015718433196383,57.911104265147301,-84.182890201628709,-46.262902951928702,6.442381671536479,-66.216886393330995,-67.005927915552491,-28.172906941885888,39.605336314019475,-68.564047932279593,-63.286489014654862,67.484272826335086,27.556408615270914,57.615819777043853,-83.943595737756795,-14.605160404175757,-8.5468121929621041,-35.414595459324637,18.45351862918675,81.246075669775692,-1.4802882539418647,29.971286894435082,23.106372954701754,2.15902040643999,45.25457242326322,40.88740327917376,-28.480639810310834,-27.450059808201456,67.534070775524256,-33.298440807199484,20.013085116909426,-4.4689574010298472,-61.599444607356148,27.075249383456249,52.879820114544096,81.867284965281044,-80.6036970498579,36.119919725911849,-23.896022337558421,28.525319615909726,-70.303174566495784
600,-34600,2.0214504897385028,999.99999999997158,193.4436399116083,702.9455555812508,57.32533622290039,231.18264723793095,106.88128423703661,764.66830923949726,332.56023219027759,368.21782983783129,602.88898429750736,346.44087430145618,44.332852111746639,257.80306144011752,596.56515804228889,108.90547084122632,526.45934177747063,713.06297391489795,93.186688637735429,395.13829475405015,858.93528036554721,312.41321710416742,872.16319569358677,599.66909052914912,260.19489239052717,873.68187209623989,602.03832107718358,453.03030750036601,818.91874939867762,690.22240195394613,994.63956424284424,682.47872450817317,194.68477416851897,870.03266236319587,345.51227528789889,811.91689415526832,477.54088735420311,595.10450876464188,418.11383407778658,427.96542783448194,674.24638027815956,811.57115368184634,317.15914478556238,635.15130971206156,803.68620662332728,593.08301870696062,258.95356816604175,215.62234314921213,111.19900851692664,171.53345924061915,210.3560279600554,28.858304581271966,995.32993894895844,189.08145884624733,627.37100546642603,877.79950180976959,348.57132197000232,182.87712555247967,4.7599648757550881,889.02214535192184,273.34604394625836,784.41796706933133,129.97086965695496,46.759618760072499,663.0339133102176,772.64515829327934,918.10122141735951,971.9976880666668,517.35002373899522,799.86792915742865,141.03512246598822,725.30361712252864,639.58466097869677,453.55749397530383,814.63484703398694,191.47853009750597,269.59764595355193,802.72670740610465,320.31493651838667,666.29935198044211,531.34933255943508,799.15466086112735,342.8330491794087,752.37740735083378,186.88548736401651,727.72958125195271,676.74215955297359,421.80746284439522,820.4601423596182,457.17073210730132,826.30797573545578,483.74226089540701,722.08110653389178,3.7231291630291126,397.25837709954158,798.02270573340775,441.40326847598197,835.47933018093863,587.41573940459341,228.78162853751661,30.369177144708427,-16.09513250875769,-31.338762806618981,-41.045015605959279,-34.236061484813114,42.449944058443435,-59.052484388694467,-75.918291748432225,52.86363486948153,32.091690710858217,-76.938350524830739,54.934230948813408,11.098183734578152,-43.776804311050341,21.906810231774479,-49.711150761768522,-56.042501558585322,-5.763904409884737,67.670446181555832,-24.047177449540527,-65.643799602057726,25.136356163314282,12.316457874342509,-83.3613116721084,-30.897853872637118,29.028950618218069,-66.229904516647679,-18.305208350319329,-21.053344030500515,44.798319065243675,-17.150050330205026,-2.8641160704174804,58.579304753376626,76.601582359953838,49.901722003301408,-83.186776625930392,-15.572551834529598,28.733683486628717,80.746438205924377,-36.863998247844592,-58.738678702468142,-46.33143556952411,-3.0145763073433649,4.6931610562461259,-9.0982639242362175,-25.854468557074675,-67.61117753643363,54.363381929850519,28.556181811167782,-77.255459219304271,17.146572940131183,26.032538363930723,61.124620852052509,-6.1039470728885128,5.2312479619151615,-3.3055948867185911,16.861376930834009,71.417610521391964,32.33417207246481,51.237995831390649,-69.711435784668069,57.122751467640512,-83.773415702926386,-44.317489327990302,37.812661680033557,-77.239898510996099,-69.317913827787407,43.942373341571255,-0.080287005697059044,-68.574812220097556,7.7696012307800402,-13.132723873825455,-28.984219573718576,61.468916002962011,-84.128526924063252,5.2807874121916658,-9.6947691579767987,-35.609739060026385,-2.1811903266429189,81.798539102578474,-0.89454713661828233,29.011507649285846,25.145704102777319,-1.8248014063987812,68.652166445605758,39.229012050236186,-34.498019524205624,-27.362795113534666,72.706789305695253,-34.394484616371763,-74.74927854738489,-7.0543436789793548,-63.612712959555878,37.963575899333421,52.833130392465719,83.889802432694324,-80.906433900681549,37.782760624521011,-21.871176424276239,27.6100128540618,47.523256225102259
900,-41400,2.0174208359502486,1000,190.9845869946098,684.94031828081768,58.742043258542353,215.47020227426424,106.65307884830433,765.91330666078943,104.9944380784213,462.33402614146871,617.15277809050394,161.18713925538435,250.95034030397701,45.089455799251887,698.87546708941193,102.17531082114452,529.76746441243745,702.04136921245447,79.788720592751787,422.13183699783343,880.51766349272839,320.9155127703757,868.92169793910352,557.88981569302859,262.18032588433374,843.83024521203424,117.4066726535828,119.23768562940151,831.60817630849181,703.5431524379494,123.37569180387845,671.42093456336784,53.720240340795904,929.66235851728709,344.48338511583705,810.3382461592563,490.27637047811771,592.52652851268795,402.13542442504894,431.54654940777169,470.77185994123477,819.46083083268263,667.46675055032688,662.94984596710469,342.0763045647052,598.58123191980383,286.07189817695252,164.60461073577906,109.1128603307917,174.21617580300179,197.27224102948966,85.497807624086533,264.40600493262991,202.79831146184196,656.85743199393551,654.25073600508119,349.65588785193688,196.45742960109874,899.92067545824932,543.47673041820474,274.33111802532028,768.48001718026239,924.18171892650025,221.02522021481673,673.80828680436639,724.18091053498142,848.3093211374686,942.80482064238163,517.25496960448811,805.92947905639176,138.10012036098433,747.78274990483419,635.5605342382479,458.14626854613471,827.0960260143886,151.14384924134282,275.6939717185158,855.64154198471147,295.36975577424829,744.21117915589309,556.0876400004779,799.38133845043171,337.07235993639767,767.34856200189483,187.60433849089205,665.88398181971513,677.13607843090688,372.54338792411994,779.52218931698792,455.91258125257963,824.62038573591394,464.73265276205393,719.99474487929797,50.458818034942155,709.1932371253348,666.25122020284743,78.932972473770647,723.79266959401139,566.33958541499896,241.11450505247188,187.26771741651461,-19.204270951252788,-29.588532020415219,-43.279300498911901,-72.667658379219375,49.956502337380357,20.140114778411068,-7.9349862089576018,55.529694164448713,-23.906225021319177,-68.744828022015639,65.076097734751286,11.537782203237697,-42.578750338232894,18.744406964092029,-51.685084944526601,-56.729359747739295,-5.1972825056791034,67.562919907079475,68.694068059914201,-61.946566328016523,29.10695352417769,10.066551161767677,-82.580134282730512,-31.040567688474365,29.988366436747054,-74.221860925233727,-60.963678414042008,-24.899330085349295,40.898247281353797,-17.138376158803297,-2.7595435533418029,-6.6758018026480528,76.532056632585181,49.817492221281285,-81.558179324113041,16.906937536969643,29.045392561883467,83.745013230435319,-37.849369246036545,-61.939887486720487,-65.0502476531681,3.0341862270136191,9.9997351044739453,83.324632170867815,-26.886540667193689,-54.948685690187098,-11.989962535305153,66.673815846626482,-16.505589949813274,17.129827695436227,30.432237592915712,57.301010056725893,34.330496936788705,11.285887152680816,-3.8748316755553818,16.818085720757033,77.76383790420175,70.130447849906361,51.193372233704217,42.392247689935118,54.683387698958107,45.98553219259091,-44.570810343284585,36.770331574725496,-76.903000896850173,-73.647150693545527,-14.701432496069634,-13.785721059860281,-68.582682162250279,9.2193222657602352,48.010439344145901,-45.084727028230191,68.673688913340413,-81.972327828501221,1.2270884551806698,-9.9708081021534003,-36.275589136305456,18.464227760784045,81.47069530452616,5.5181027778218557,30.121050870900429,83.096413153735753,-3.8070353776148451,51.424589473699562,39.73820856863702,-28.354227776700583,-24.729840857436908,64.668037585014517,-28.651081742387856,-64.534820463399257,-7.1875437595644032,-61.37234485487226,25.978599997690804,49.217721137617943,82.744477511039079,-80.834236194744804,33.889199931631154,-8.9125089551385095,-31.645744157678834,49.760160631553099
64400,-69300,2.0172450570602831,88.701498715988066,12.62333261406792,702.6812927891491,72.913514994446416,225.31001506290551,136.57008274750743,750.10852074990851,354.32569632721254,373.59622185326316,617.64141694105103,162.19779336116704,35.722639422240988,112.43308977708305,203.21552398383557,83.708823079822139,606.62234914404053,706.11668835900207,93.31030102117019,389.40285080203387,486.48982027709735,319.76554074163232,910.3787519945854,531.0788965783936,260.63279279680137,867.80497256038507,955.04441564394654,460.03839955263902,778.85489252649973,681.04043822514711,946.2094489633173,687.26956901141182,747.25349830031155,966.23432645752689,345.66045580362368,812.872285669039,483.21331178395741,925.49550803700754,466.01692449524376,426.78531909760341,509.43725049222598,513.14965091004603,657.75880662674729,635.51255570683861,790.29305462664774,598.17962856454687,259.03339159894841,208.11004358883315,111.89112608369587,158.84603503603628,203.4349920481516,27.997720459822141,236.47729489602881,193.46616910778118,652.61262474195041,869.64146804423706,339.26549974453297,222.1181110983853,45.072827998864426,901.8919201087582,274.64981598794554,364.60897335548026,930.82327770848485,582.19437346465531,241.8554065039377,831.56511647312914,908.41355718362968,915.78138759254932,542.15496392051227,799.91476652262213,139.35465704633933,725.73944563916552,622.15080301350224,462.11606832664671,784.96811444999753,159.33029748541816,273.13181597308562,859.89385676801339,287.24253271250768,647.62528239183393,147.28602520054463,801.68287930826011,431.13730572844787,181.90583633405436,188.74028753748451,728.14661575192372,683.08634673640495,424.21189744994047,841.47182854600374,455.3192931783222,881.09708299604631,430.16327923997426,742.09498836661373,14.071407139009656,757.37636915053918,669.55702512162088,452.52967425374561,707.98600456584552,579.19669645625572,193.16798953185236,37.328425706844733,-31.47317142416253,-31.076489068038846,-40.849467627724898,-34.431598832819837,42.106004438593168,-62.775111708646783,11.617144214990928,56.46310949745456,34.126833931823697,-82.040306231566177,66.88089502856397,13.498361597726593,-43.80827062195489,21.251848934911891,-49.678988483204101,-5.1490112715779217,-5.7875658341183929,67.760452047092187,68.176268778406182,-74.988746283166606,25.221936071818675,9.0451021431981715,-84.860865816575057,-23.108482091727463,30.831139190568564,-66.318391416562903,40.048320676521527,-19.924807852522346,19.323754692591088,-18.116437451395672,-2.5607937896535145,-14.467678553624999,75.014668497283068,39.098141325989474,-82.934378749009667,15.941661370367328,22.93589555533126,81.1310757180173,82.503983432504597,-58.932727147128503,-77.395605293427892,-3.938734887917434,5.1907352691782913,77.316849553063776,-26.18967320677185,-67.974197421456296,-12.304794241998584,23.34020796502093,-14.446878441274361,16.910273097162211,25.793872119398966,60.57783003016177,-9.7157517976951002,35.603925868531476,-3.0602840315264705,16.754408360518209,82.990082779228331,32.694714671750958,57.702890387213266,-69.65467284608647,67.26613555896364,-37.271124974123239,-49.095039065047672,36.568336901973872,-74.369880829593299,-73.798760493690025,40.09241101042339,-16.849891361096958,-68.609890094318899,0.16332516144441556,67.624818044476029,-37.844445714774722,63.945497176176779,-84.154391639919183,4.6066294607269196,-9.9567878964433998,-34.156998529567943,-3.4013417014759875,81.884825714640968,15.269019553282618,26.936797839740336,26.613929966507214,-5.7336420270386235,-43.044208805591936,37.095964157706639,-35.122475624187025,-26.118510813263605,66.274477637333774,-26.558463036972942,-70.18151177887168,-7.2331731857882282,-65.772144013873231,36.180997420804076,49.668623693499569,82.655358571990618,-81.112434717462619,36.102059052579172,-7.1792060919598448,31.6586226821554,-71.364939108046173
31100,-65800,2.060797189832217,675.19631629260039,18.481993133449834,754.27606618415302,66.468889159173813,198.77268874606034,109.93769359548477,194.6647369114263,116.41238156396538,482.66082008309201,602.00396959881721,340.10782832742723,97.681916448863348,109.03513920804318,247.36482066678101,105.54276300172272,598.49968548136223,534.92463518063062,56.827283192269931,389.2289847199404,813.52741904547827,308.08999298343184,918.52182694393912,567.71705336207253,266.33535610159635,846.37317285502024,897.81866779938423,442.44270306344526,56.437863828916683,845.60096143057558,234.95436594141751,684.03398239644707,194.75980531556155,847.96230036565237,597.24173713504183,810.23747538988903,580.20758338980295,593.09220953642148,1000,422.65116107524489,528.18358086768251,811.33864782897604,277.58813245592671,629.24698461445882,336.39449960687705,593.26023248267916,258.91137740859148,191.87437415866052,327.79778061540583,165.70912764025204,552.99395271758101,38.916320384768703,802.03385688789126,189.05948581739091,656.40514191309705,642.13221479181834,347.44817906795794,220.66957811184295,768.54561265763823,883.44384568429791,263.7027867430553,425.17751139662778,16.108609187338857,77.279733829122179,456.76463262346442,881.60299436772311,895.2996159582251,555.41640043565576,489.96307904937487,645.96015878352534,149.52688226800819,748.83421135201183,633.31456213148203,456.43016243419839,788.64058729352985,535.65615220732354,279.52040864382587,800.91379841009518,290.74208321125315,776.46260031939619,647.91533074997039,798.92166834336535,287.92454137408993,43.998570996647643,189.19708231952251,743.65032217649957,677.40298128662778,384.23749898637618,711.11020689360384,454.84023476693255,824.22282122144645,472.15291250780399,722.51830717530152,6.4133981224167016,421.8612784931592,658.756477236009,415.74030338756234,707.07640422853888,578.20960687804939,193.19104674171106,80.575711405068205,-31.425243116251288,-32.232041762342298,-29.319123995854472,-34.114435817189204,40.309698182630747,-0.11931422182789575,-72.197170493452674,-7.612185867484758,29.099920202158337,-60.566223796542168,52.06587149049642,12.171198504289249,-44.062858890094503,21.402253493155357,-50.789774871906779,-0.72442501582010621,-11.073775408428666,64.923031521043285,-39.732796014058309,-1.7888558209826744,25.084252114616589,-43.890077446327254,-84.677594111566066,-56.782685414652207,27.825021215318465,-69.818312160163828,-60.574673386283038,31.81934733738133,34.943679210853475,-17.558585072013987,-2.6465879056973147,60.860899911584646,77.163683285393645,50.781679598700869,-77.50474192859069,-20.406725604435199,22.328426988745115,83.525864185996824,80.71755523073054,-55.69674060492013,-63.924347212452354,0.49548871303099418,10.110799172957833,-20.674328209590275,-26.031645389720346,-54.628611521907217,-21.484886810088817,26.885091770158375,-81.191089550128382,16.788285453595851,-3.1407634159509952,58.611626821836069,34.1198246363601,14.614679953675882,-4.6871011236376328,11.158419388818238,80.751962692151977,-11.144502751975887,59.831005703233217,-84.187100597521649,53.640366165285144,-83.691107304170288,-49.879329496207021,5.758144111879627,-74.250610356167925,-69.454836020551809,81.286906775752627,-14.793668895059723,-68.766456673633613,4.8017776060519601,47.505072234430443,23.265092358707644,75.671638224792062,-84.222907944225497,15.355818247136721,-9.4798893120279288,-54.667309939898445,-9.8495239704568007,81.789881783835497,-3.7722061102406825,32.122755232649659,48.784631731199909,-2.9874487856952818,-38.416019800810879,37.415632597741613,-39.386648477527018,-43.54072549295379,48.689501618131033,-28.725413172250907,-77.935045081448749,-4.5513582555544279,-56.931634703099483,26.923160710707513,49.415287170864246,84.886318426523417,-80.955812217394637,37.537453599270926,-50.254973891973428,29.286303959228551,13.078131988228911
29900,-65500,2.0220453801909843,683.93931432975853,32.130197033867475,298.05193153498362,58.194744090414019,232.41749616059607,138.23029111133667,201.69140097157327,326.65200119627104,461.15424197744051,604.03796517696787,126.88253508762162,151.31211086412225,325.07164245921808,608.93232239320741,109.77695964116637,510.37374803424098,530.89673620216433,401.2309229410132,386.65770433874502,836.22591433749244,328.85898615084062,936.50145126708401,566.21353180743301,270.655816111408,845.7026875884834,1000,468.83204856770107,874.09479451889297,697.41766398774519,60.15345761293878,258.07547868017986,743.33033255779139,979.19668780987945,274.94334341407694,828.82776551121856,957.08809291352065,952.78447988404423,951.76049243056104,409.63142882882363,508.70467421345336,494.1294853943042,305.68901679208977,634.72126204951564,377.88486096995024,597.1506192135837,278.92637598933663,194.06112633669431,345.40366635398567,170.63569215144616,169.03157287341176,38.323014212928697,240.5500022022002,189.60070440215745,654.8314550778141,877.37954086502964,350.8593784357854,211.75181887748167,895.25348488560826,489.29183220534674,274.99718293944619,447.52714183700192,896.52625149452979,51.939196164290074,378.84983799530931,782.33312486430282,546.58046844028422,954.87343383354767,490.8190014951129,646.74204733436886,140.41934691555306,748.11000285825332,926.92815758393726,534.61161812241755,812.13427000679303,507.66886648236277,10.799055683989167,794.35718343287397,296.66182780118788,739.7544541327984,765.53546649588668,801.58389899228325,24.294140900635426,174.8222617371741,186.19098358712083,743.52531371866655,668.21159258271302,380.68253943509347,734.37167685574786,456.13451450341046,826.20914016992765,428.2831293114715,740.96882894300472,4.5248272940053589,790.48997255709719,683.59147757200765,86.884065367611953,709.75762169321183,565.14133191879398,194.20695733302512,46.837946157157333,-31.354936649386488,-31.22488617293293,20.368375918985464,-69.723881885567607,42.530315306323246,-1.2593840211173197,-73.617020124607166,50.394449678645998,45.976270084068922,-66.158526616029491,50.728822995715248,71.414335880520937,-42.321444568058155,18.668454159960344,-50.645296446316259,-8.8225918126769294,-12.452729690809075,67.86178604380585,79.041633991620031,-82.409823283214337,25.472296213782588,-44.716770728817345,-82.530028300954072,-25.281843185202039,29.109635451396311,-75.522731542299226,-21.550706001651861,48.017151866777802,44.501155128394196,-16.893012682169665,-3.5000532596170864,59.073883223693912,76.911735272292006,53.087216703132206,-80.03674325740343,-15.799693672122942,21.465443214619011,82.592954016930619,85,-58.465352792715343,-61.468011685182994,44.962717247379942,9.88407218014828,75.126652666898138,-27.983955078110188,-72.814613667820652,-10.499780622897434,19.639454464212179,-83.432767088835448,17.001115037979897,34.09358105896446,60.344796108670785,39.54353164425379,12.643795973785753,-0.89600149550390418,20.990701720312671,-17.143751098106478,58.315153156337139,53.752201690981806,-81.155975050694948,60.22555275392611,-83.964700668568653,-52.646755724351728,32.989898014825684,-66.799429083317577,-69.97460831976683,45.407075481804803,42.171301366205817,-68.598140827344125,-58.771280912467773,63.175783026543151,24.542736575481502,70.440091310476092,-84.147588539862554,4.5246731410301546,-7.2538273353902305,-35.380474633559096,-8.6719072951718665,83.756313585361056,1.6675333362056719,29.856792578013636,77.281621953214483,-28.775440335847993,-57.851866543600664,37.473674939888973,-28.922391219573633,-45.967790631164746,67.154032115002167,-28.600662879303158,-78.018919943169522,-5.1678128449558081,-57.657373382887634,85,51.271375549596414,84.436477230845242,-82.800882614106925,35.51889838138014,-50.060564777269249,-27.372165341756698,50.33899274936519
37600,-66500,2.0173378092335992,570.9287595621488,1.9252903795436254,679.88457605906456,72.309891972761818,189.66864116775875,132.94303648843527,752.69176700177809,121.60153344163712,368.32462376659521,603.74563152172595,358.67481387061957,168.55710009542452,6.6040411182034404,257.41052869389978,79.743604966273807,522.42363979178367,709.02339365568321,458.9828438097926,388.87844514291163,859.96048836689442,320.16845757151134,870.66178899273348,564.01532941865003,267.86420907033403,844.76481291183336,940.8362671444911,468.92527829826935,797.53275403104885,777.52940261915091,977.29850416627596,224.12225825867716,120.29038549786821,914.55428600094251,330.65288635619129,811.58272767334836,482.16265718019918,854.64276662950545,416.61041798093964,456.6461050295959,521.46693158216863,529.03610856886689,689.06716015692609,637.06940886124346,334.22449319984298,598.28962952674772,259.92189878490984,230.79301538536569,94.842539853318527,175.37617643596863,570.8071399440164,28.760418646237262,235.89617190956753,196.03626438524816,627.69563765221096,626.48202099223613,346.43879076193838,237.67523230690315,895.83942118228197,566.30798406566748,265.98252502437299,490.29869062200049,131.50450973754448,20.529535560217997,467.31972743265186,52.533095207310716,813.52758566697764,915.401433897885,545.36568712215012,790.33635650288318,140.77691231421329,749.09532909172685,935.19773915431324,456.13021501321748,814.38028427962172,104.28487708574016,340.19304690278904,801.53523575079475,296.20611770001494,652.74332247743723,627.63308406878832,800.69988792025629,59.403802783918181,821.75227670629738,186.20728308065731,830.10806044236176,677.02858697390161,423.08826498165445,96.253803131934035,456.76616917172163,395.01325932145579,450.23730466615564,721.28246104685979,26.344715439540785,401.11830744850909,663.02250339821933,428.9238563268085,711.47702048232009,614.85244312405132,195.92544145337172,82.069544325116425,-31.444172442465426,-30.158114722797311,-36.366506017956397,-34.924011873499104,41.914052476209783,0.45207521025195163,-78.47877948755027,61.365653686333324,35.506619053194086,-29.71512392777781,63.065344509074777,15.273203825775344,-43.802182511860074,18.581345951494487,-49.604384976482635,-60.56794189174861,-9.5026785353274441,64.843283670651672,-33.424350402846422,-65.526701638643345,25.426011124528685,9.7244730211595005,33.153900205561015,-24.917888731737325,31.187503977765562,-70.302713877608582,-24.718661724044356,-23.692248874379821,44.966646198202099,-8.2095252509132521,-2.5199645945611282,-11.543379950749241,74.891232985511252,49.732740512497429,-63.143722075671903,16.614391490699628,28.894024679502564,80.710224025004635,85,-58.59274752917387,-75.203586188091336,53.261514991107148,4.9156276667083407,73.283031126609728,-28.585546014443047,-69.160520026819682,56.48277121344033,25.67982634809206,-11.452925655923153,17.131871888604064,28.121466921645929,61.168826013612907,35.049430860239909,23.572463561800145,15.592654713619527,16.788242659164354,22.848747224984464,-5.7227701333514833,53.380695735100232,-69.828409369142904,-15.19634201069551,-76.958533832904635,-49.698625220688378,37.872030356168032,48.053744049687495,-72.028608444322501,71.539210422293024,37.780270162875631,-68.624101439661047,-52.013659847403815,46.099894358633961,18.905967882116393,62.639008499937539,-84.151498000506635,-17.677187431331308,-10.080186869230193,-36.867030457203526,18.46570439497334,81.72007059287543,2.1930019548158786,30.133755676662826,27.386878710531846,-3.5550040704630561,-34.144309502462292,39.56238463358774,-35.261547315390544,-26.730261607488551,72.339946732582632,-25.445373229424103,-66.127933108167682,-4.1277466852503437,-65.619278149510961,22.496423935056661,48.800611723224037,82.604099903444364,-80.780477724690243,36.100944903157988,-12.852254712842601,-30.796053650245568,17.098079306797906
3300,-56600,2.0176853433618365,999.99999974015509,193.54647642663872,675.00618753811932,58.931150756088947,233.08686116646174,154.89792944424553,758.66496648546115,114.86908655898873,368.25011484387142,617.59990692565952,367.91946386955141,41.503488223781211,286.77205766393593,684.74801298049533,113.57520890698734,527.41970843654303,699.98128505701652,95.781515727113629,388.84412355598909,828.9449687674321,304.17864668337501,940.50639598682358,556.31219248303114,260.25856051182285,846.8960288505225,165.60572929296484,453.55166448469458,846.3089241029603,869.42396313426229,987.62901017288027,256.76923396579883,194.46140814401966,910.15317803395692,654.13800395563271,835.17620445628506,546.17254468601948,592.72335784681979,951.94404089971363,425.31708427569509,548.15469971649475,460.08891936267582,657.28042893676047,663.56648133856186,386.05054205657729,598.17892678267492,260.23879268706895,166.41956888980224,109.86931049308919,171.75566411575281,217.74774398667259,38.23839424610528,267.8516316672746,189.16964136607365,651.0388792374705,843.32792621334568,348.61495258072,196.52760327676941,884.73158560558579,542.66986508711102,303.77848633379955,771.96828985381705,944.03408391530706,56.774424868202615,466.64765233740013,145.2666335606616,514.66161912473876,945.6542318203085,529.587524960618,623.52907869933858,141.03309968642151,752.02963672183762,923.23722400488896,498.47194801917192,785.1752557067382,625.87827056815865,279.49283495724814,859.83568031114862,302.6550829864438,661.10815616545824,562.52243783755387,799.18828906094791,346.3964736912589,806.90427858568705,185.76791716353128,726.60757800377917,677.33922574395285,343.51319601767585,817.9654175915208,457.40020168351543,824.88352977077034,458.22683159429533,720.89196005731105,48.680435746334197,396.10626479158054,681.16274622713559,88.125140048945553,723.191927762359,579.54443870938576,241.54743622027411,40.73577518721126,-25.643288048396172,-31.110417642769029,-40.880794697843037,-34.26756126778421,50.698859905360017,9.6317352381727996,-6.9378819021765565,57.223209504270926,26.950025413271476,-68.943734676354381,56.020160985382525,58.054130762329905,-42.568299889104004,21.873518429456698,-49.714523857601208,-61.377597028632835,-5.916734261978374,67.580819182533574,62.088867552897149,-64.409453019793958,25.438750593355611,8.8977266123125816,-82.755939471534489,-30.774641370564709,27.611287522081426,-74.212168602425137,-19.217358139403252,-21.63325821543452,30.591299235146415,-17.566838179244698,-2.7776457601097388,63.625556260519666,76.555629575908597,49.649791031198269,-83.04266852824378,22.225973262183331,29.192994326323561,81.192391636800835,85,-59.900139052124459,-47.917329319734748,1.0165721682082414,4.8813831716540417,-7.9194368053100099,-26.810910768281754,-73.461998001084496,66.284056279920861,22.124122424985121,-79.193650938033855,22.816052873877581,5.473722776237393,61.680995054324192,33.779348019377885,9.7467314183049041,15.079620937111486,20.647929072067399,-17.845506893379202,67.022118395390663,51.147123476820362,-67.810405648204352,-15.762776532225192,-65.905504555501679,-53.169051178758238,38.019644266049852,-77.076185989321772,-3.336051457313185,41.901900147561292,31.301611637978912,-68.576445992660467,8.3597114067527443,33.39720847959768,-46.801349466414194,-21.472793628159266,-82.830417820162054,5.3388808318193535,-8.6258582987643919,-53.891887354526375,17.509187682342521,71.205578237523767,-0.054408114441959921,31.691465993470871,22.47778156757667,-1.2126247213751595,-50.859830816370895,37.429204249041788,-34.518302567464865,-24.700299177808848,64.546345778396685,-34.504076930646747,-75.14613001544987,-4.0406937605424691,-64.893024901285855,76.551831900170569,49.446091292238428,84.051684152795133,-80.903124461195347,37.735075719714445,-24.762059089239614,32.743177173302229,50.347047303681727
6600,-62200,2.0224966970252525,1000,191.7219285441725,678.42581130018812,59.574146856430616,216.84373245988297,132.24377101986855,753.25623238210505,76.749745652010617,373.24304999048894,603.18683384649785,156.31616502202411,31.773822145551215,307.99986768497553,700.08223198925941,110.64630448985723,494.66342878182735,489.07087701107969,88.878499240109207,390.75594199507356,882.33153876882977,321.16459245184382,868.81940303506883,593.8345441832131,267.86267729183919,869.97709415607278,76.97948823611091,79.829944990787112,849.68113617636686,795.37408617157814,914.78748543151949,693.45525969977143,766.50351009578503,942.9946443769627,343.02490311693538,834.71178113728911,544.2676882786634,540.1635538330986,358.3899260230682,431.1133285132521,663.06651790123419,819.3635353428441,684.37539970392538,662.55998752955145,391.02754026618942,598.30667333652013,286.72916850433046,217.32233872890257,313.52470420760346,164.74540118920399,220.63655346973101,50.42308275969593,227.8897738583957,193.17899879657276,624.33601591401919,630.99799598627158,349.6338312878546,196.43420820193168,899.74927654985777,552.70050754347312,270.15310775987393,811.46432089022085,122.20007887754167,214.27652207609989,383.55563226855588,721.96204695337178,856.38626370540953,969.21750314867086,531.10275197417661,810.26190748698775,138.02737356258942,747.28862164736574,635.76323683493888,460.24992265240206,826.38079494124429,168.027793245032,282.593750385063,860.20743338795751,289.97447031228933,648.44129909292542,534.72039608523244,796.57332936488206,338.65001991669197,829.17883449232477,187.56975495550518,714.97100455179543,667.34874406213146,373.45629433219153,825.77386539485724,455.28681752046265,779.69154561304208,496.1075035098072,742.33931242131598,81.343019104599136,405.15624218802679,804.98585666925567,87.568426080685555,818.97744765842651,579.61960200100089,188.23723524572685,196.06019023208418,-30.458267395279613,-34.595314333025193,-42.44101543084826,-34.038389474126269,41.497633798896395,-70.100993304323779,10.634405380851504,-11.297239657950605,23.805468543449873,-77.584087961350775,53.187533475859397,12.818513000735237,-42.579578524811673,21.318387194734502,-49.733558058884476,-1.1771409911336548,-5.8080963884290639,67.685482211619103,62.572308630893822,-0.061143724374375097,28.039519541901967,6.4398817291139849,-82.724949277441098,-25.749733929981787,29.97591416789167,-74.993296029128103,40.215084169366392,19.167270422486283,33.111214567146426,-17.64430616293804,-2.4189492566375215,60.577826636477255,74.890316175124951,53.369586376547737,-81.38293214615733,16.763582293908428,23.325932718588177,80.707904836619392,71.989444220886753,-58.627566795984293,-72.898715640748463,41.548740287198655,4.7416412162219936,84.259158556484238,-26.69067643017322,-21.636306868142036,-7.1392608987936512,27.676078829666171,-71.145939060506294,16.790334950682087,28.131130972355344,62.033166005948672,34.33884341874559,10.496762361701432,0.46457046558294168,16.823337150469158,79.65876847072488,27.085697120549156,51.208705284281898,-82.939950025817851,72.273840597614495,-43.827585490438935,-44.593055702817374,9.8418349093015465,-77.212051756413373,-73.676458388681539,-16.043772307959181,45.598629968018216,-68.622372871080003,0.32476337765201979,46.061879879083378,32.327807389038298,73.72220105420314,-83.992704565438814,5.2722693224083628,-9.9351873966773603,-35.566470032792708,16.79003884433132,81.886440980787143,9.1679029452042773,29.981289102256572,81.359697014520066,-38.852592870764511,-45.831866116772481,37.512365802811161,-35.535069996410854,-24.908341603101334,71.254540941311362,-30.477377008914075,-74.784418193809131,-7.1768889887869181,-62.160546477087706,78.16428486281994,49.513304977127078,84.852516081409931,-81.933612836722162,34.246396030335859,-11.333406611934794,-32.540161629188887,51.899641383411932
700,-37200,2.0173155561029761,999.99999999997181,192.853686724037,676.73047542414702,72.449990311511257,191.67403590774066,101.8181156849076,753.03306451685523,41.225398508947919,368.50114526106324,618.33463572605729,385.46359563308806,22.761304978838695,2.205457630581094,683.9795781507064,102.5991747184999,528.43765257780831,707.99706562246251,63.810891158727401,388.76090760359972,858.01432131144361,320.47054601179434,868.97269382010768,596.25873962035519,267.86525985037525,810.3529904324721,76.146256254374805,454.31639294677154,796.46582935600168,864.79199031569158,171.72601735313469,661.49360226025749,187.14021383627818,365.81968979668966,328.83395957651544,835.49194581429481,545.836013474418,860.52983133391126,957.66238048925061,427.97125179112697,541.1636140070807,487.29881096286385,694.4794114380885,636.43967523722927,776.99240719916111,598.19027534321822,260.25377253434243,215.02847900200848,110.2194004929608,175.29723120302796,568.57921376133754,38.037413681554625,236.65259895313574,188.98032548451386,628.26618667723324,873.90045970979645,351.58540396963099,195.67067391590331,891.88008529363901,552.75744148264357,269.56737902634046,483.28545367744107,92.597789895644269,55.843978915371324,466.89610161247344,63.115993969980707,900.97553899913385,917.52756279749894,523.80154044503251,786.28247609535561,141.00591936177034,746.46135423141891,921.34957840519087,455.1479102779777,783.68144806549446,123.68773312086876,312.04005054443888,799.39467029500213,296.38842681425052,758.82611395087906,620.16510341244089,798.77694582666652,33.703971550986267,822.95503642229494,186.33873030091604,725.29012097142459,677.02573942964989,422.54608958799912,818.50361801984036,477.39191261344126,829.25269604676646,449.65705802597654,720.20123276638992,11.17695214075286,430.39983390780372,664.03322151978898,439.187363145794,711.75342618990408,587.31641203223342,194.24928491727076,185.66605402147732,-17.306623522451442,-30.267544941342337,-42.472100657470946,-35.879644856415332,50.632404239009091,10.28970801312609,17.5992339068098,57.205785032508544,33.793446663092311,-61.643427815940761,62.342777759167653,11.983491863871006,-42.555192513360623,18.573554036614588,-47.483107602974123,-61.308165522017617,-9.5445879467111485,67.684775192139,-35.677704042720791,-65.630842095229823,25.43789301583114,8.6595957369981118,-84.732216397982313,-25.102907735171456,28.435476754733205,-74.302961107818192,-24.925991773385736,-23.361685012934014,41.103472449436268,-17.586697250893611,-2.8796789628511128,-13.703684684201283,74.806909408349142,49.64005109516981,-63.403124744530587,17.561810191181653,28.747924927027196,80.711024335092219,-33.215170960311283,-61.871426137250246,-65.927652407405546,53.628069141463563,4.886138698031484,73.846915244265602,-50.091545220340919,-71.391335765337743,-17.166545495790068,77.035576844897406,-79.175530361100726,17.110046850350251,5.5247059126627018,48.935735202821348,35.648858772574826,23.62426652044056,15.056720337638032,16.787950007420587,-18.07341105059615,-6.6297955315880692,52.288781879134113,-67.748507116987113,-15.821647075192041,40.505911346164893,-49.825124088000784,37.948563486516136,44.866482314854913,-2.8856354707529093,-14.711471383346197,-2.1944152216377475,-68.621456181611222,0.84835515845340126,66.931169332419856,-44.372126337868458,63.093795795763377,-84.09009324824406,5.7278237416177555,-9.7099090599017632,-35.477098506784877,19.809942062201419,71.386451516746476,2.1169918924009283,29.007925225443881,30.308085753257178,-10.913879350986932,-42.428121170297331,37.42473537280091,-29.112263241054343,-25.030813460334961,64.571959544971108,-26.492768309189014,-66.484019394942607,-3.9875778961659294,-65.216990902527655,76.720190799078622,52.889214608832113,84.061628890927054,-81.047340506104561,36.027675147880736,-6.86353302992271,-27.823021401612998,49.7841959639902
52700,-68200,2.0112840308984774,295.15425992897269,13.695568978389215,687.21831304498892,67.950108371672883,190.72263757812127,159.68605079360077,748.01558275374305,12.99558451493855,374.53759788213102,616.68446111804042,373.64117146174414,102.14853778812613,302.6033647960632,607.23235354890392,110.6353042289321,505.79756966607664,686.23198695569022,352.22641215874421,389.25335667428806,859.07337862595307,280.69387665315213,908.5659968125583,220.92480907132907,269.74672088793989,847.21133485548501,36.935485089679695,442.63827796384368,42.567404113808387,773.75559341692144,49.293513092895751,629.03343926488515,818.93675480355796,863.0455605746007,287.20436549769295,816.32287749609884,613.11955530761168,867.17144872905624,947.82569872956606,446.26594175446286,665.73074282330538,936.26828088279524,687.59377578365547,627.67739631135248,388.78141435997861,597.70854291725641,272.2582292258902,194.6403892561888,108.23470193918375,166.28852689240361,556.40449660979493,43.59367966935644,805.3543519302392,189.5847475185372,656.87995636748951,628.97819549652274,351.62421038511923,221.60055374716484,56.309284825873235,502.22911421409998,274.21617755759411,527.71050613448381,166.44400163193052,675.67208706167094,299.74888510442764,799.83365628562012,845.53876984161479,523.92215258553392,488.16140989590542,624.84378436634063,139.57441962312328,746.11441876772267,638.6654745191953,460.81809264257913,828.27936715705766,172.18792036872583,308.53628039506935,799.12427001811238,288.86543949202598,772.462221019921,36.237018686947422,796.654649890766,54.735003050998955,174.92090988228898,188.65149105359313,725.62972870774468,667.76171501925148,386.73620103015611,768.33486265078045,456.80718555046332,886.26499137252472,489.45474727894037,720.14956306200827,722.79895133729747,732.86195827320944,641.16208314901428,457.31077965038321,697.76607697028737,585.74514291503328,231.80633668965535,58.518781182436229,-31.409615049084067,-34.601470561978012,-30.828459907214338,-34.099787817556759,50.000939747640416,-74.431857746095204,-78.669516482871543,52.130798663454428,-20.296714826067777,8.0456015559802481,59.940613557079125,4.1600597112331172,-44.128218219563252,21.378665021707963,-52.474941925293209,-1.4071905800846385,-10.263850459174577,66.638722139887776,-38.062164652713435,-79.257354404281259,25.732230590444701,7.9613044196463658,-83.496784428142561,-53.761626816894392,29.007899977941893,-70.153509562451063,40.147242951112794,-32.411846063960979,18.710141159508076,3.8518243123365004,-2.3651005149983524,58.911796608229785,76.578998078799344,55.406482464598589,-73.001863243213691,17.641919994238716,7.5331235937773116,80.660064604487886,84.291395537869121,-55.676861318312305,-43.966933448839342,41.858028664015542,5.3816428639828704,-17.307279123422305,-24.21722293152153,-80.100258906229868,51.898369751674963,27.82037288953158,-67.598892839502568,17.159561511601723,-6.4982506271059082,58.935031636366915,35.260417822561998,10.289687407985969,0.11558198897530492,16.75815956458435,-19.978991934997019,31.996770765546486,52.473072115157656,-74.749456733691773,58.402317837941474,-49.047204667803463,-52.720527988041475,34.491193741980013,-58.247768576961057,-74.869392814416983,54.623067030641153,38.583389570134116,-68.501830286735839,-55.819504720360257,45.245245098923455,26.616193237408456,73.69793349456836,-81.796881828075584,4.7472879249592346,-8.5112558610972613,-56.28146002946982,19.354434855242332,81.909748698658504,34.444486072294602,31.719246964606373,22.958794129196622,-2.2763841141516621,-61.556867894559559,40.846564683944663,-29.115935809002799,-24.968572993724351,67.562239663718458,-30.700327646940195,-68.592808890711041,-4.4901012580504345,-70.903944023586348,34.239799402384165,51.494306098595267,75.900335268685382,-80.370542673384946,35.482014075376625,-11.930685174652357,34.412087484839269,-65.685105093625936
2800,-54800,2.0217572138549236,999.99999972610237,220.90567683303331,704.85707484422517,65.756842260739845,156.79929598377888,125.20117575476719,753.49575360920664,31.084230992373431,471.86569146246461,604.85057333129976,382.89620682789138,59.383314725011836,287.30917350244016,690.99283767768975,108.4522746927087,507.02986720569567,509.24109220317672,88.399430318162217,388.36653589017055,501.58805319368935,312.5309987571531,938.08219081972675,608.178160649858,263.20838424040522,848.53920134016744,576.34473206090092,465.77494793126459,851.55487499559194,784.32071667896344,188.88427824865499,236.42059970430179,749.59627163933624,396.33344726065832,311.5662685460569,832.53403720309927,545.83336342279563,347.30657886312804,961.3628441773767,446.81961719806344,675.14359420220046,893.40508521446327,316.6050957851196,636.55442826992498,385.91451726097108,594.40576577402999,276.02374760728264,215.74628616769863,95.656570849908903,173.34997348533946,548.16246473661408,50.234480258305105,267.26283611473639,189.09730598235021,630.75975154989237,872.49930505303735,348.96654254475931,216.36704978856841,861.50746959201319,543.88619902351616,274.51536963666524,805.43890822700587,34.886956309100839,2.6005092696205239,469.4139452525672,50.721139155617585,904.98580542814818,941.13954297397584,543.70485684325422,645.50980146248969,141.14432515702333,748.29100458159041,914.38445566294774,458.41304940153771,785.23259145249858,528.55746070000816,279.05268251087909,818.92642007072561,302.1052621114311,789.14483063295813,111.33047516002904,799.14241219372673,350.59459146398279,812.51747193158951,186.5941915074431,724.10259675805901,677.69992871371835,338.36259576035064,771.80112136591947,476.01602534138664,824.51345614149079,480.98442281574177,715.01786211565047,47.935357153941183,424.94479282965449,802.12508815038302,446.46207477019055,718.10689685660634,565.15422339640838,243.51625171264342,83.731487298636665,-24.919571388672413,-31.334440874441189,16.920904298249017,-35.96420934364599,42.220155494924505,5.3580780725779587,-75.109699301031696,56.688341711332711,33.599643254674675,-61.008224965420183,56.527418158296797,57.112590002563145,-42.40478770214056,25.231458013510323,-47.837538154445433,-3.1209179425876208,-5.7177221426761911,60.548158534653624,85,-65.151308502832947,82.736244696176087,6.3906002603008485,-84.669073578496992,-27.82194507753141,27.547178768343041,-75.662939819197874,-11.089724020326557,-23.004621116498935,40.604052021195841,-9.2028972864249781,-2.8683938507050457,-14.853996727890062,76.561572230824254,49.168642811356634,-80.435267117129058,-22.071140170516497,22.45583670055446,80.548785382595099,84.999991179536252,-58.380418142264318,-66.844557121280843,56.494903476464856,4.8671194965376188,-10.373576981671548,-48.976343283590175,-21.964783597374115,62.333390557442478,25.647477577248779,-83.754724289113611,17.11685834244884,27.546524050319793,58.430131074761192,36.106175230175815,7.7064750022977631,11.84753927703712,21.003790665780887,85,26.614344698520441,53.687422220650973,40.795500606121166,-14.70215604659168,-76.925378070010382,-52.873397810392518,37.731915492327552,-67.841384948235302,-70.95897932167675,-11.063642462356412,33.025118793710014,-68.555914154983796,-60.247870096066215,64.722637282305087,-45.231386226261364,74.354333116093429,-81.870367936406709,5.7195184418679155,-9.6799753507872985,-35.005745184407957,18.412733817869764,82.707787421728028,-0.64683782236723175,30.169906263177381,31.141105717708754,-3.7079695086622033,-55.528477099059991,37.441000534293075,-29.147005164155235,-47.044341801260011,70.88623366669438,-26.845258175367565,-64.250017860100925,-4.0958651206592336,-61.198463396192139,76.782451855904611,51.332782973667889,-49.046119450457113,-80.831298918258213,69.232999852011602,-39.545213915617616,-28.350892573259028,48.744950055494726
200,-24900,2.017427026427685,1000,220.79284965282136,684.37010163386537,72.372989419536864,192.35567662882545,107.94200160750172,553.10216220408506,113.2226466376748,378.51728778333234,616.41609045695827,376.33508060499645,251.23067481443547,43.824488422588431,621.96376723229673,101.82674148218989,504.16681242073287,709.38876123841499,484.13822479382435,398.73278468289629,481.24511333100054,303.29962930491797,919.5081097205076,552.41277359760852,267.57645534278129,843.17058910405842,886.27384180605736,128.45861853922602,841.35345571719563,818.2776582378292,976.82942821221855,263.01309972345501,30.040966658557586,933.76713060361544,324.35032797055374,811.2568976992286,553.37881051253589,464.8309456354682,999.93433754284501,426.49851759365345,468.74710515538862,514.76545758800114,660.54902190354858,635.51607574439026,342.70814821642995,598.13699377365629,276.77791918218605,204.14829365287733,114.38428915132366,174.30476313728315,196.68420127298697,83.179405033018838,778.89373951476409,202.70807774014835,631.04526813736527,651.32860212441665,351.62579684377118,181.68517705267212,893.41865514259928,556.99089703723098,269.39558687745279,454.34466144479273,50.930787182556742,60.66132977034183,486.32551649858499,785.59849695285993,515.21479700104305,880.21877145260407,543.99339647725139,637.87634794612256,138.09308972997482,837.6928613369646,632.14649002076123,484.01016192011764,813.97645992391256,546.77550124321829,15.09839683401907,854.50589545753678,281.07228826081507,744.33031103862243,644.14304054532795,801.87645207453306,421.45269469652487,767.07650246647938,184.2579773377438,704.75103095563736,678.84379926895792,377.3769557781547,789.17529107958171,479.30250195837885,824.81906307477539,447.18429309229464,719.47376155598727,39.053808332976836,718.7628538235515,671.56024194911356,90.905550693054892,723.98480460299254,579.9139661913357,236.4462444686794,14.448310050153154,-11.571891637565178,-27.335246985330972,-37.727211345324505,-34.693729569764059,40.426222265458414,22.21618495798349,-74.495464388807662,55.625570545156755,27.492789071616635,-67.165043843878308,65.342193820806358,14.437707067971104,-42.55989936354247,18.361051823157727,-51.658829921676222,-61.72399558697645,-5.2078243573729575,67.571789134257699,72.255070680488188,-62.144712235338098,25.931593657036768,5.1217210692979904,-82.574332760621189,-55.698527577895263,28.826853860038039,-74.658477266301148,-24.523863897826587,44.202579705795138,35.559888858006914,-18.426429535482967,-2.8424468290695146,53.126416460378536,74.936284424532914,53.903273774337805,4.9085445366017897,-17.26570946666207,28.886197008958003,83.943136899247321,84.643672553491328,-61.937838237769341,-65.022874220386939,-6.0153372795157516,10.022402920427757,83.32008917924999,-28.426591893384288,-56.542298594325345,69.718613091557742,24.036586587233018,-77.858415169391421,17.473598431648018,26.822201978602799,57.773786274032823,33.225067494791219,30.824805132236598,-3.1180462614879936,20.879034745560844,85,64.882023805490547,54.357392209366587,-83.417278059482186,54.530768177133204,48.999258225089058,-49.346494606204004,36.828467149528151,-74.062505685545744,-72.096874741198945,38.191926976893043,-13.983029764491933,-68.600153601413083,0.77747832780106585,67.346834450232649,-43.284499530569867,68.435459649956996,-81.972294531209755,1.3647767999408027,-9.7317788248301884,-51.967001259319431,16.024944928485276,81.92274730703879,5.9548706941515448,39.305027090463625,29.79049320453209,-1.6987978293314647,51.878030837765472,37.550816699656849,-39.29520000170583,-47.429465869835752,64.315004361894637,-28.492532458940975,-70.340527222240752,-7.1712115194777324,-61.424841576661414,76.653413607055356,53.120658625370567,-47.407844477622106,-80.836232821453081,71.580171032418278,-8.2566180536880918,29.669303467656476,47.98710196704188
4500,-59800,2.0217496721958086,1000,224.03795579002073,694.36569635720718,65.456519690251426,232.6109918141409,137.76418987468404,753.03680485759151,95.645879920821301,469.4326135114602,604.86710031262703,366.90087115411461,58.507670291055788,1.3045552272318774,693.72387068982744,113.40482577591943,529.88687836653776,695.69134628859342,92.188873252986326,386.69618003082019,851.17259221177255,373.1615666880578,871.95160960600128,567.83739843307251,263.28203540698655,872.29883034499551,954.4925586956324,465.29401976797811,88.48433165826151,779.99160836887404,72.056521910441916,191.06126622321798,740.96893363814479,927.90874667920514,310.76343588913716,832.97108651352255,546.74441567121994,348.24196628839258,393.53642495710392,447.62780752189752,516.97154250874519,881.66198683572645,697.02796646996512,636.3102086277064,349.52774595874553,594.43426273068951,270.41603519073755,230.94419676147155,95.822549423502039,165.56060461349097,197.89994789430654,27.481587158522093,261.50272109960474,189.17940331422588,656.71252381405134,882.31710403836894,347.76099504764545,217.82592818955527,775.2053321406496,525.96872629954385,270.67754637537269,752.7138409872681,177.18311029262151,44.060659073527319,382.3775751371046,792.75179428423337,935.1406489547735,959.71379812482837,532.66613710131207,622.80516999561303,138.43604410953949,748.17791736349329,625.33264558633016,458.41563335717598,813.07811004975304,157.3886724838093,279.51361673144305,860.35502807035778,288.86745814871841,771.5646482706403,105.70002768920654,801.91485018317724,343.55258512805585,67.281839597957514,185.94233794210407,725.18826413921647,733.03938337483373,340.06449876381492,821.75866817918677,479.77660539798461,826.94642924051493,481.15395137385542,740.02069900024355,49.557388531716796,431.73706943081879,802.45173304535228,438.5848793480348,708.83845711046581,623.31986900297954,177.06141988178905,195.18369606577858,-27.677880852195898,-31.186630015658313,16.685344640551538,-34.159528912270609,45.584943851840571,-6.9166876966549182,-73.925617647395541,50.449516411749755,18.44172375857978,-62.431103579658334,56.531668972110729,15.836265221716825,-42.410646603952721,21.732651160276973,-52.515702821143201,-2.0523614192441637,-10.819901362601541,60.879294651150012,84.968299424752558,-65.464500705719757,71.197425392285751,6.4937710263798616,-83.415215660116189,-23.181822479452215,29.609236463372746,-75.489619951470374,-59.207809262348135,-24.438854023556779,34.531050294954099,-17.099080939420261,-2.8686593950024633,54.895847805009801,75.017387745848964,49.262147969467591,-77.270501710115738,19.037193757122118,22.420693945625676,81.150004726691179,84.850851560152449,-58.246246086823589,-54.07635437525088,3.6432877172455882,4.704372352676824,80.067203860905948,-26.956847718223219,-73.481868940066988,-7.7327071013607638,25.404330157898396,-82.64885376637848,16.958268728761812,6.7492631885490226,57.677608469935315,36.020450965173637,23.943220863896478,11.840163441087048,20.669324051476806,85,28.978844176862232,51.121477716903549,-70.098948339998742,-20.935099180103428,-44.709237220588314,-43.75894700670127,37.909450096297427,-66.64449126183861,-72.234302225983143,80.336965297505259,36.329355907431662,-68.597898858933291,-59.837108688058784,63.298834986164394,32.70958731730483,73.226586243439542,-82.07827648399558,1.3294963214935742,-8.725906612446801,-35.470824118592475,18.443735286345202,83.406854009432294,14.173744190132879,31.617525887106183,31.468229262741023,4.7668793441539377,-41.845620802035384,37.271685528675036,-37.559090366289247,-25.384129667288128,70.918147012597501,-5.3321547648045842,-78.096540224662604,-4.0286207905279072,-60.441829981401867,76.139270658953507,51.278345745486234,84.992790378230069,-80.320507097286793,68.780111678927213,-49.205320164674347,-27.357385119882593,47.65269087230817
66500,-69600,2.0222879086775674,41.233912260852037,28.959501136439751,298.08392367353304,58.073421452845089,119.43559074551783,138.26870315473863,761.57819310592618,320.9682370804145,463.75978021603163,616.45007900797543,162.87449448528855,151.33372059384322,104.99167778387971,182.0466785888361,83.632777065406188,497.00393607610584,533.12398608117326,406.88933244817952,389.4855701114526,860.57789790328968,327.67730205214417,936.53355672346856,566.02820286733277,262.42154209886672,846.01699809797253,998.98092747302337,78.381317375653964,787.77427013870965,697.47296475097278,49.589666260196054,271.69587435444618,743.12158822164224,977.83851876333119,343.52318549114887,834.93582691592633,594.23438992154445,922.62430111769629,460.68353769298346,431.9674868883792,508.70170546187273,534.16895927525763,291.5278715799775,634.73935228541131,371.43921345483074,598.62247030072501,278.48028434751359,104.76923498950397,345.53112557995183,170.5781587540836,560.62047093389094,37.921203087603125,240.60623887867663,193.24000437463116,652.56218307071561,627.56598059965074,351.13257583921364,211.7825042290205,892.76722746585483,905.4104158332085,274.6143267209676,447.51214601767538,897.0997048334325,183.91683628789156,257.97766540623331,782.36788747236324,548.12100298575899,951.71279787197375,542.39084624378859,632.11648338202588,139.30840273285534,725.17259937199242,927.63637080304352,468.68969761434505,784.75265040593638,158.65104812554893,3.3342186753937142,857.999349575363,287.91588001474054,646.15904636782045,587.55578678493566,799.74365411489032,23.066270307283531,177.39023099242215,188.77940625546512,742.72850485108313,668.20054585169635,380.80534455944309,147.47533976901497,456.16211559049748,825.79294239199362,487.31145436847999,741.00266459534885,4.6760700502750305,688.48961613428844,669.75924886549205,491.96130615082416,710.45820716763956,587.88941370229873,188.57903707122617,37.425549757059024,-31.355036257354961,-31.223503069932772,20.458110002211182,-69.734017639444545,42.525052498381989,-62.331594389707192,-73.756984661964438,56.681361995945828,26.663915997889777,-80.419386799092649,50.712359736092743,14.428909263050553,-42.284659291032412,21.681188873204011,-50.268190462273502,-0.29689364018996756,-12.452122933664675,67.894182295107143,-24.841173462669275,-74.632841769744459,53.621415819127847,-45.091314920975215,-82.492520551368116,-23.200335072913667,29.124460252635995,-75.533290090362954,31.018776495610915,-30.042571762767309,18.882309049136111,-9.2940382656144767,-2.407843569571301,59.217158165439855,75.089998530800457,37.419941158025111,-79.913393631783478,16.979459817059642,21.489481977876459,82.590055994124228,84.983405868396233,-58.47245410262412,-60.70648359529789,44.911647064968072,10.239133632176189,77.312598634991005,-28.057942594851344,-72.508168283789587,-12.213652141454901,22.750817619872088,-70.271656397076896,16.89129992926804,27.643680715708769,60.342607452668773,39.718105525978999,32.6236107420699,11.231066826255404,21.088767776564751,-13.172046534781565,58.291991696873943,57.559148322882798,-71.222704552078994,60.871869596754181,-82.208674977672729,-44.424910416869281,7.78342624534538,52.339629950171414,-69.920633309128689,45.26493638600833,-14.490162781072302,-68.598247945418521,-58.67280918807166,66.261535519685765,25.629838607451301,70.513816817217347,-84.148843449193819,4.625476425258479,-10.137615984324938,-34.151184067301642,-8.7387192216563037,81.933822057677162,1.6779949202923907,29.886774671515081,23.192578196459799,-37.416717431581731,-58.166056609733005,37.157330892677926,-29.050533443931279,-24.775493763044565,66.349689229414295,-28.613497860517697,-77.986561530802021,-5.1565913738756288,-57.586341016046056,85,51.268155723273459,84.522599146098969,-81.021651627581406,35.517348830487883,-12.050604981359253,-29.812972901008301,-77.099806230487445
200,-24900,2.017427026427685,1000,220.79284965282136,684.37010163386537,72.372989419536864,192.35567662882545,107.94200160750172,553.10216220408506,113.2226466376748,378.51728778333234,616.41609045695827,376.33508060499645,251.23067481443547,43.824488422588431,621.96376723229673,105.29472122709109,504.16681242073287,709.38876123841499,484.13822479382435,398.73278468289629,481.24511333100054,303.29962930491797,919.5081097205076,552.41277359760852,267.57645534278129,843.17058910405842,886.27384180605736,128.45861853922602,841.35345571719563,818.2776582378292,976.82942821221855,263.01309972345501,30.040966658557586,933.76713060361544,324.35032797055374,811.2568976992286,553.37881051253589,464.8309456354682,999.93433754284501,426.49851759365345,468.74710515538862,514.76545758800114,660.54902190354858,635.51607574439026,342.70814821642995,598.13699377365629,276.77791918218605,204.14829365287733,114.38428915132366,154.15701320465047,196.68420127298697,83.179405033018838,778.89373951476409,202.70807774014835,631.04526813736527,651.32860212441665,351.62579684377118,181.68517705267212,893.41865514259928,556.99089703723098,269.39558687745279,454.34466144479273,50.930787182556742,60.66132977034183,486.32551649858499,785.59849695285993,515.21479700104305,792.4736198972721,543.99339647725139,637.87634794612256,138.09308972997482,837.6928613369646,632.14649002076123,484.01016192011764,813.97645992391256,546.77550124321829,15.09839683401907,854.50589545753678,281.07228826081507,744.33031103862243,644.14304054532795,801.87645207453306,421.45269469652487,767.07650246647938,184.2579773377438,704.75103095563736,678.84379926895792,377.3769557781547,789.17529107958171,479.30250195837885,824.81906307477539,447.18429309229464,719.47376155598727,39.053808332976836,718.7628538235515,671.56024194911356,90.905550693054892,723.98480460299254,579.9139661913357,236.4462444686794,14.448310050153154,-11.571891637565178,-27.335246985330972,-37.727211345324505,-34.693729569764059,40.426222265458414,22.21618495798349,-74.495464388807662,55.625570545156755,27.492789071616635,-67.165043843878308,65.342193820806358,14.437707067971104,-42.55989936354247,18.361051823157727,-51.658829921676222,-61.72399558697645,-5.2078243573729575,67.571789134257699,72.255070680488188,-62.144712235338098,25.931593657036768,5.1217210692979904,-82.574332760621189,-55.698527577895263,28.826853860038039,-74.658477266301148,-24.523863897826587,44.202579705795138,35.559888858006914,-18.426429535482967,-2.8424468290695146,53.126416460378536,74.936284424532914,53.903273774337805,4.9085445366017897,-17.26570946666207,28.886197008958003,83.943136899247321,84.643672553491328,-61.937838237769341,-65.022874220386939,1.2311478827778792,10.022402920427757,83.32008917924999,-28.426591893384288,-56.542298594325345,69.718613091557742,24.036586587233018,-77.858415169391421,17.473598431648018,26.822201978602799,57.773786274032823,33.225067494791219,30.824805132236598,-3.1180462614879936,20.879034745560844,85,64.882023805490547,54.357392209366587,-83.417278059482186,54.530768177133204,48.999258225089058,-49.346494606204004,36.828467149528151,-74.062505685545744,-72.096874741198945,38.191926976893043,-13.983029764491933,-68.600153601413083,0.77747832780106585,67.346834450232649,-43.284499530569867,68.435459649956996,-81.972294531209755,1.3647767999408027,-9.7317788248301884,-51.967001259319431,16.024944928485276,81.92274730703879,5.9548706941515448,39.305027090463625,29.79049320453209,-1.6987978293314647,51.878030837765472,37.550816699656849,-39.29520000170583,-47.429465869835752,64.315004361894637,-28.492532458940975,-70.340527222240752,-7.1712115194777324,-61.424841576661414,76.653413607055356,53.120658625370567,-47.407844477622106,-80.836232821453081,71.580171032418278,-8.2566180536880918,29.669303467656476,47.98710196704188
300,-28000,2.0173580128121174,1000,207.96449759095478,684.69704217406513,74.034188504047791,155.23021674218961,134.75583963022893,759.98803869130688,22.176836131330305,368.270560101721,617.18132318433959,170.64244613231941,248.75923042574814,302.5219297804282,315.61326699012642,101.96363928333709,491.51388163491458,515.08952094276424,94.731759275828495,390.44927579538449,819.89189242627583,525.23180048877896,919.24841681573969,555.41643166264248,262.77241739405315,845.14816744083078,73.665933149362331,113.40089187192905,85.952131113320263,693.6675611694078,967.41180766785419,206.31357964636334,31.017791924279052,927.84707668894475,290.88314475407475,810.43827291499167,496.21243778627638,851.8192377480276,502.40742348058996,429.11345365054177,477.94338438376258,424.18353308254609,684.41566812183885,635.66856359571875,370.65092053188215,593.15611590014248,270.46524314101288,216.79552813464784,114.11625299005719,166.14101221864561,559.53323340793145,84.695211222706874,756.87946267162567,202.83275851949233,655.54626282428751,651.24479770564847,349.61265137476784,211.10761231231911,33.448662894168024,522.73301619490826,268.80324877569154,179.65632301181276,933.76733879988046,734.9560957334163,478.80112121216035,793.53978335830516,520.91004254137738,969.25972702480783,545.86443146945567,781.46641035681046,138.11982147553897,725.25754624162289,639.87427786541252,454.52126878495767,828.31406191881172,175.6265450842219,276.12638685624478,862.74876087795133,653.71011329238695,755.44694679163456,67.456750142286296,801.66577941316905,17.427426610773068,165.84567447042679,188.80924108003023,748.29274747957641,678.38389243138749,425.63984201927775,789.66753083222898,455.9067628023061,824.78780690223653,461.85166269503731,720.06365536244016,7.648172578363301,408.09865252827217,800.92721797834827,70.337402247012932,700.85851088932282,566.19977366254034,231.08824455889683,190.78763484905357,-12.985552351837367,-27.333117865511831,-42.907382229335866,-36.170614304244424,40.455135669489167,-59.797220048839932,-8.872049584554965,55.675146423891626,-23.195525175729834,-68.766201739297443,60.376900932171424,14.827947163106437,-42.422803779295826,22.422284200840661,-51.58118608344472,-61.336516523192529,-5.3962826976873188,67.924888509232815,-38.161252783464363,-65.763346528828308,27.189462521943128,-41.729491886629432,-78.616828282429267,-25.509266537476368,27.680282385342046,-69.890704578133708,-61.414187443027465,-18.95449255018298,-51.604732258003786,-17.0696306808589,0.18903422930319769,-14.194964413667247,76.549330649712786,9.8242615782385734,-81.250312454737013,16.876514395417146,22.373086132483884,80.645779993451882,84.956394109742448,-58.323562177779479,-79.94169255526549,46.91146165247217,10.018543220451978,81.571194672807948,-28.317809923984875,-80.473973531977791,-13.157045521965035,67.115112114000084,-78.86624895107235,17.124294077063112,4.8574035579052666,60.5541138014975,32.530558277934404,2.128437627974435,15.42029644604197,16.759871155613709,-16.762615709989181,70.043704597136625,53.716809154297216,-72.981630412130869,57.893599959213304,47.72354508051103,-46.119900344003355,5.0151227008630848,-74.68476184953137,-73.71919212954252,46.286748650968221,-16.604153111154076,-68.564217237489999,-63.692686270654335,47.728923880573248,26.608948351766344,57.977126133696174,-81.966878170770187,-14.491205526580083,-9.7419508224589713,-50.734610835147912,18.43198972103637,81.466604055031283,-1.502682698445954,30.131576724531886,28.521938154854478,-3.054485648449357,47.977948879917406,39.754234001779622,-28.271004459059064,-27.444698262022865,67.36188767098912,-28.493083767901876,-59.465232540049129,-7.0235463470173105,-61.595373198701289,27.070171472102015,52.885578722610603,81.827419686145944,-80.616966447600845,35.423844543637728,-23.686370827320395,28.443250030715902,50.081664865965365
1900,-49600,2.0174066006997822,999.99999972711544,192.42744053797065,684.44914566141983,72.74181356334573,152.63470015955292,133.45714949479208,763.41161748564116,31.054675428982186,468.87949836900651,616.6374057402403,384.62036738729762,77.61751632656771,290.17728534417063,696.99342625510894,103.06844032526995,502.32014302253776,707.81892350372698,466.26770523149884,387.99162617790711,496.53325052485854,314.66564985076769,915.17707458460734,562.77928687770236,268.6543849745272,845.71464864147606,902.55541201950734,432.52331405861833,990.34010867850986,861.99362125475159,92.902982509050389,771.68405002060263,51.734926943994253,911.77193617602109,383.34988042859675,811.69223892112905,551.77417048741233,463.00322375286345,1000,426.14085313537095,465.74032544959709,485.78569144185724,684.03574835364805,632.96149343735829,376.91690620017562,598.14777686074228,288.89248426776987,165.83524690670308,110.75671465385743,159.24578019479551,301.1747975342879,39.620497996741378,247.19293613891193,190.23678614973997,627.88807288803116,656.36872108801333,351.50319488214041,181.75472317931917,863.51449014397781,548.00511786772313,272.0745465084882,753.32091849323228,918.96431168434776,55.90260867497566,467.31142523091449,831.37912759152823,509.22681632048472,916.60717600205749,542.44068184838568,638.03739829791698,141.06535153563544,725.92911509501141,633.31162543167216,484.29101464467027,818.01009773258534,171.27795252637421,259.60748337242615,843.17190143619223,302.41208339077002,739.47747908670135,21.412313722561464,799.24194495154109,407.12076004199002,757.46887117648168,187.63120567875353,662.19828734352541,677.04377896348979,371.79367564276106,808.29090800150198,455.82208448812639,824.42510852716907,432.45994182410931,721.29964944291271,13.44915354604945,737.65585470372275,664.89190247594797,406.76432214206301,723.1340519039959,580.89085613904888,237.99306439453909,185.27194516791883,-22.767804421957209,-30.443932141646631,-40.728098067598289,-34.021428705728056,40.465447091296596,-3.8044150624713549,-7.0911361937983992,53.957277110254125,27.164455390162718,-62.921770945838745,64.506354984172404,11.491820854559275,-42.555575104398734,22.534668875168443,-49.738542454794555,-61.511300988491037,-6.0401155997720073,67.736284799939227,71.208741562680075,-65.584721028273549,77.078347506450555,-41.674820876378888,-82.827055550211199,-29.811821856258756,28.433594447020965,-74.697805549134046,-64.605265474347803,-20.794297314956953,-48.291886516706143,-13.810506487470066,-2.769038864017749,-12.736606593683664,76.584708837253586,49.223244977171561,-2.6217254923055862,-19.419340396781902,28.828373884136226,81.100067986398571,85,-62.018652071988939,-64.775256846125956,1.7853433189305323,9.9318600242776203,84.844599482660456,-47.316262303375005,-69.618179379267232,-14.179496465504698,30.209034008938783,-81.36470722666327,17.158314147638556,-7.3268679859484402,57.948434686614924,-13.694901829357768,29.176292457222587,-4.2057166503591681,16.109930931222529,-14.734943331135222,65.98207874612649,53.709079611457639,44.683033661867725,-15.376793815402259,47.45761274473054,-53.006975173077123,37.687638453365516,-71.71816830177579,-74.286997385418331,-13.166470125271792,-14.306808177556366,-68.579287467298926,0.48910888802773522,63.794967211468105,29.327219417700015,68.514041115891345,-81.970493675266127,1.3714278408089615,-8.6186844716898303,-50.954070026278366,-8.5516206776939292,81.724677296296605,13.090875930609602,33.829004884398536,21.071864040444229,-2.5645260853830978,54.80777749930553,39.452784182106861,-38.999377306146357,-27.481144145577147,64.300519510279017,-29.125046259987958,-64.16318437579298,-6.9456829883802094,-60.651559817754283,27.315141606416415,49.531801121481777,-34.229104652348887,-80.842676954276925,73.716118944671607,-6.5974480071546733,27.386778986278259,51.426259726640268
1000,-41900,2.0174921366852079,1000,191.22542153635925,679.37632376925615,58.946594601491107,216.59466356846164,106.1239880611535,765.73657347043809,77.041567259651003,373.21687197405066,617.33337249774831,148.04540445060553,30.544250567413343,1.9465050219384921,699.32600995631185,109.44796846042524,529.96601388067825,702.0114983840283,72.988913105762009,390.76630110000957,883.12919761761759,321.12170219646322,868.76254589132532,602.00108004367189,267.81223833349947,843.82406110564659,111.43824948259487,516.90850908888456,823.66647841642362,864.53301594725724,914.96304220073466,672.73728966270164,29.148060988218162,897.94493633883769,343.27064664284279,831.27220399901671,546.07554953300951,565.35420867484731,408.74513922613284,431.51833138313521,534.28475301107028,819.2227241585839,298.26680281575,662.89135477874902,390.43847223363611,598.57272251868483,286.82679653040066,217.15515364876777,109.19788597085795,164.74050346017586,223.77953225095862,48.818597882946513,234.25075526145952,193.14207842331763,624.4426057915407,619.76753595645312,349.63455634977134,196.40432565391518,900.36710345100846,543.97530766853185,270.15961449026958,778.79101433857898,924.13276724487696,212.51491571248079,676.28030449696575,724.04354928303098,855.35929403376338,943.98978166426491,515.74029869915591,810.48783650606856,138.02709769692257,748.17880252180805,635.50779807559275,456.20183403546093,827.13696492975623,679.16152340303711,307.10743085510018,855.63807480869127,295.48586202042617,756.32412934292199,535.89413365243786,799.29188704493242,336.67953490418773,779.31220380239381,187.59479811910799,714.96849051703316,677.06133215353236,372.50292982700631,821.64494572733486,455.26516936383365,779.05350256841666,464.57067394033078,721.46667150690735,11.315105528711207,412.00383184179577,830.72092958365351,88.978182761965797,820.24763922646707,579.74491102191712,191.62053564548464,65.774613064131415,-19.447034822525818,-29.783110992586543,-42.517967004472993,-72.777643298018347,50.07708803686684,-70.183315687299853,10.56853964737493,56.80015636699941,-23.461666300749172,-61.649180423405845,53.236781910875777,12.876503466108696,-42.571452372552976,18.781833863007432,-49.699709319991619,-56.753358354522405,-5.8293277185415269,67.683947957313023,63.578735080394026,-76.206395323154922,-42.329771569467873,6.369285153959094,-84.652660315073277,-31.042770470345761,30.035756810219304,-74.898265810814209,-60.972943421843482,-24.902722789305333,32.129931444038718,-17.116795097399329,-2.4050931905984188,-5.66033301203022,76.53432985514651,49.807735056768784,-81.376317913930961,16.772395775882444,29.051371918356974,80.707510735948688,-38.521776264433655,-62.07417907773597,-71.556197584664119,3.0331512681825901,4.9298193458140052,83.434476183012421,-26.910889776459303,-20.529204296811631,-11.976859527840647,72.024166415645112,-73.055903477155681,17.129659429555904,32.669718225195986,61.988660456460416,34.336855562021412,10.539415874035994,-4.7587407986890273,16.823992610064021,79.637531901184801,66.089517791369758,51.05548515195116,-78.603120228139545,72.292463351950602,-77.63840877364558,-44.556477128773913,38.576826258328467,-76.957995833625333,-73.636565003424906,-16.137196555504342,38.421113530691329,-68.573337584304696,8.5358157968216659,46.137530871946716,32.252102309577452,73.702644051342361,-81.910988478284892,4.6365517412902566,-9.9790732816892476,-35.573201260618909,-2.8050269940960177,81.901568561455576,-1.6000343400044921,31.694213874662314,81.895560173532033,-39.342556787665366,-45.829398817197799,37.511959160074142,-29.088011865085793,-25.050622772195034,71.29803986473344,-26.93922980286106,-74.758653023135466,-7.1874127484561097,-65.16518723751669,78.104636801427588,49.514617380877937,82.73952728162665,-81.928400950558498,34.283407368802877,45.720240586896985,-32.437623043361768,49.750812327783215
8100,-63200,2.0175023011856963,989.67106755657119,189.97641767373392,756.26470982868079,72.355069789030452,197.95085876616471,109.92901183277156,201.52611416675035,38.523900164743345,372.69009257575908,605.76930107892667,338.21871643187421,102.83681241497568,109.47727324609092,243.98754680229447,84.022195659911603,500.46326102677892,534.83252048461463,72.279335481232408,398.97363076302048,813.62091014974362,283.91350672518018,918.62069819402552,568.06859321079662,268.02784929246633,843.73566184620495,898.13162385006285,533.73789336457514,117.12347704685379,799.12903235140641,217.61507421368879,261.35115874412736,773.75046797830453,848.32262949197093,353.72555057009498,809.28922055316923,475.666874027728,593.16416618673168,993.98310292212136,422.87065169269727,675.27632395801174,811.29151595834901,286.72098201945926,636.56289462584266,362.03641713973309,591.16482306631406,259.88110902400592,164.25747405681207,95.777380764678753,165.01972943734398,552.98726974166186,50.496917487026629,815.15925396976286,190.30112033968061,658.41838913005631,646.65803778026986,347.32770749163336,212.61394267450521,768.19419681175486,522.55000796400964,263.53910685985682,426.47488379258806,914.33075242416851,46.541479181250487,456.82240591795517,889.26483490834494,813.82128793511413,556.16783488002773,489.96661474618583,645.98615046756242,137.71221384562651,748.44461027774651,946.957821764512,452.44454430696391,826.39248124069911,174.5519903963787,279.50635343672127,801.268219291901,280.81307699706053,756.21086876253082,85.325667277835748,798.92086215987763,287.60160735547544,62.788754090802001,187.59689848811993,743.62998079014392,677.00943307800753,384.49311035241323,711.43321753191026,456.64214884374172,828.44362665938024,472.1999554734345,722.52049170130215,6.4749210427332464,422.35500623170191,659.1305502535439,415.6635901642706,715.04861114687583,578.03676483021241,192.3789958387502,80.945767697690556,-31.591724479994653,-32.276577364352192,-36.270614807989723,-74.087363685980804,41.845635103698683,0.098953039694606559,-70.275262796994397,62.209317701952138,-21.410033562075846,-60.645090335708055,61.807832815437379,12.832017014360032,-44.080892329968577,21.478180871171389,-50.902090656576682,-10.880100165206606,-5.4684626568064001,65.210942502538998,-39.930372040846045,-71.572231195116075,-44.578892943017649,-46.499429046345384,-84.694348980540397,-26.880143654715887,27.829804137061828,-69.835716490328991,-60.6240679572308,33.023785470587811,34.93300255550411,-17.496053329517313,-2.5858788406861644,60.781825235857383,75.028680604011583,50.628927532909842,6.0559856390399105,-17.862674533344837,22.308407896872072,83.489577380062599,80.292553846377146,-55.696355808262332,-64.312226707126896,0.48687127982503997,4.8347580930618896,-26.315775671984227,-26.017009523062026,-54.447832732963946,-21.536930813839668,24.094609694304598,-81.713368962813249,16.795940743103671,26.875003613101583,58.338076212061345,34.118632818656657,22.714678492987641,-4.7723130723481457,16.575919522346293,79.333697654441082,71.640365380428548,59.949545986906251,48.946891190217464,53.339099691523622,-83.60245035262713,-44.434117371977024,46.80682796946585,52.633907284560223,-69.412150356009278,-20.667623539750366,-12.644053909770115,-68.482872003098365,4.2111540052181509,47.939972011892742,23.265550490914165,68.185404585113659,-84.084288023682447,5.4156481575828916,-15.517731600513763,-54.249026897778315,19.928956017384177,81.450409032675466,0.64643614843515329,32.062913419887657,80.028712635525338,-37.463883699663327,-45.765937934881428,37.415388598427249,-38.685403750391636,-43.538422422795897,48.40639595268933,-28.660916856412697,-77.241813161016793,-4.0268106940457562,-64.98796477720667,29.969342024858818,49.413660292027387,75.036521751879008,-81.062226615168754,37.544173922780423,46.188869002963671,28.475150281693821,13.830867814619943
48500,-67500,2.0222582543944387,366.51354014066237,14.227441171075899,307.04589919892152,59.921962239182811,123.45904954779262,159.33840201371146,752.87968524077849,28.144134308925349,371.98548676078059,618.33835939606797,178.57587042457726,302.8222921427174,299.39522444988557,212.74253561354337,102.90259579094996,490.052636924799,704.03169133419556,77.691895904282418,391.37959516293739,860.84172167659369,282.37925316571449,920.5321705155859,530.91432396647667,269.54126050272777,845.23668837791331,960.73808414204984,458.18847367232172,786.97936745628806,441.78280731824594,940.90208033278691,269.03230821697662,757.81545851822159,933.74317626981542,629.29383466513889,834.55361811148418,205.15869661946905,465.10436756583033,476.0502381741868,432.39794725778899,658.59675893068879,535.37240914355039,684.95120351458536,635.35165153631715,370.50417188548471,598.63751294813801,259.55139497499835,106.22075283481999,105.42472091132653,150.81370253544421,557.75898472184338,70.699869993701071,856.10920131167404,189.18662738457243,656.85799043436384,631.63711645997807,338.90335750802655,236.59657248198448,37.129235604555902,466.55935696215647,269.33285092267596,436.27144196669792,158.28763354083378,33.617794995514828,250.36532950005676,801.79223397366286,910.40793346192766,971.55138784714859,542.75310022360986,626.0771197351105,140.61947837022589,725.6833655610551,939.04145346581799,466.58171929092185,785.62892611078905,630.10178721883403,306.19750955592883,799.52725830078896,307.12987236263643,777.88282786277864,593.93819241136157,797.37386679624615,48.91485469464137,177.54006120108969,188.85798062417786,740.14118785480616,667.4288507201627,387.47737425873459,152.21802822815778,456.63759329877871,422.9249654531061,461.12247759822702,723.89417485322781,7.9821542221636141,694.33392383345586,802.65213246525082,451.42506749036465,709.15972442527391,614.41417873923638,237.63333505316913,38.276171957018846,-31.12413519020976,-30.20647332244857,-40.672896073250904,-33.613522888182814,42.132609225108503,-71.943101332487828,-77.826305380450492,56.278014367409732,45.444636475896367,-66.928833983646769,40.530956202316581,13.136964709813334,-44.068686324758936,21.734658772972594,-50.267570679992623,-58.159489108598308,-11.436780103128507,67.91882459264319,-25.304933116342113,-65.005603368290465,24.611254395511022,-59.01703652911376,-83.677000646393509,-55.279593028615686,30.784919074398324,-74.678840343009185,-55.466137774039424,-34.110863959303181,-57.68814402032833,-9.2153395209536608,-2.4310515916945756,52.549623738758712,75.017435869257,36.871526339113259,-84.027876434070464,16.802741128436125,23.019487284820414,80.701430268508332,85,-58.328900470989105,-75.779463787526268,42.020206080448354,4.1229731059984047,74.400387966593556,-26.766713467197597,-67.501745099743133,-14.419623810648362,27.893149115008889,-71.807950707731337,16.872003771485286,5.0540322556202515,60.567397127573834,35.049702682277633,8.4767132754489793,15.367041888840147,16.909745323232485,61.231900186444292,32.126400694630306,53.194605839774354,-75.138630671439003,71.524905049460173,-37.68435524841405,-46.202185078907483,45.375400257880635,49.85147842180271,-74.8672430895313,73.491479046620341,38.993969727384162,-68.53867246834011,-57.620966623833802,66.703822335893534,20.58064621608353,56.979374326413883,-84.799831111583401,4.8372313098955573,-9.9322552935773842,-35.42923064448744,-10.425008615244035,81.885815427130211,9.5450305303358114,31.734096465402239,26.584285222214106,-3.0163972194826103,-34.337063227909695,37.092302570700376,-36.013946983649184,-25.73273949615497,66.280901066051626,-28.036203850008938,-78.94598431461047,-7.3872149814573049,-65.487908855469641,23.007345081638523,49.264050970476944,68.934499428189312,-81.138629017508777,36.140163585109335,-12.649224101841527,24.871397012014732,48.258798785609244
400,-30200,2.0171459667239402,1000,191.96900807051236,704.24316635992182,72.876550660287933,223.84164675974824,133.83312010971349,766.16641218106395,349.44200342674981,373.07284400410128,617.60057375626184,114.05472774849287,38.315392925898962,255.52763224972745,693.0885508922936,109.04405641888447,503.78690411322157,709.0845033354301,93.130662779733257,394.94312072184891,499.83161220953298,319.54374629355891,872.63614324677894,560.77821596480817,260.58556320196965,867.722152098641,901.85475464858177,452.8590106205088,1000,687.87149783590894,981.28410391524596,681.41399465983818,195.31985362027166,961.65615667478914,630.87664010859305,813.32531099302867,478.64916759231647,576.21821835457604,417.76170747558581,426.35397079815817,525.29192736980167,513.824993548473,659.05777586269005,662.91121813197356,803.77393922909653,598.1769705011925,258.85733588079586,209.14801089970567,112.9434607319543,158.77498068087584,207.520808924958,28.571634095469097,236.39932236240307,196.3228029988656,653.72053961531287,869.25849854647583,351.61002955403632,182.7804874220908,45.070943189666124,900.08957388053648,273.85921735190232,364.34292594858766,931.22573750087497,561.25621051451117,634.9680221926692,63.486189058487241,908.02196717537322,915.78037746221059,516.81193164803835,793.57554312348782,140.7826977731107,725.70832095674757,622.07068514411685,461.89268468747622,814.87647594792827,158.11787524963657,272.6414539141914,844.11230064684128,298.02450339675539,774.74559307243919,95.716943221567021,801.68795781648964,431.3499727529163,758.31041517782785,184.36370683816372,346.88307808010666,677.03633773370245,423.3962970087419,820.83123281574058,455.2512789592426,825.21531228215747,430.46136693313809,721.47846032563496,14.082023208719725,756.84867422454249,665.15373889807483,434.06867517178614,711.82712923481574,579.40942451958676,193.13645571061488,30.774700204736796,-13.996419945040198,-23.493183458101345,-37.425746117495706,-34.43885192111955,42.106809589371302,-3.7917281897607396,21.310058814731416,53.548720657688456,33.999325557760621,-61.880778532154572,54.822373777102705,13.481262231684987,-43.80604692898406,18.477851404631775,-49.69870047177433,-4.9761005581995921,-5.6041946249266941,67.755866180414941,66.086850707625601,-65.290274613003703,25.122950943431778,8.0647134013069213,-83.367032285008491,-25.542011511326088,29.402461186844647,-66.249621948667709,-65.534424134847896,-20.496587636478459,-49.596550652267275,-17.655381967278164,-2.5621908010952521,-13.96264854594509,76.598857097180129,54.780501689804524,-83.308929172455109,-16.836392017653438,28.809054557848604,81.123155058687885,82.468120869410825,-58.626772947779337,-75.000203555417045,-5.1731812407520597,5.1989786387965085,77.891095138052236,-25.900943976861967,-67.89514854863863,-8.8139881687413499,30.129956913952785,-14.409292029599662,17.502258247983459,25.755246405581836,61.164364847459986,-9.2145053528272918,10.809025423902293,-3.8471347327426955,16.786987295057468,83.176598305000397,-8.1946693470111018,51.174408834167686,-69.705960411659746,66.674855125467488,-38.946385808152442,-49.036860254152494,37.810794346172166,-74.768209918559194,-73.769501650917348,44.076389164141965,36.859165967941323,-68.624891465105406,0.7010227001274103,46.182182469493995,-38.852829363933978,64.871472459619923,-83.830153118021528,5.2727570453933144,-10.086954980280092,-36.974816318808919,-3.3834386068180278,81.720740872180514,15.272302162390497,31.63811170519071,26.75793096163877,-4.7041073960238844,-43.028821760805144,39.288228010438878,-35.176509800138454,-47.477739101942952,72.060049604964561,-26.553831840532332,-70.312534410845529,-3.1898738401355975,-65.700017027645529,37.052976197095134,49.58861283154279,82.714925458152294,-80.873241813532488,36.104131241121287,-7.2294255422417502,31.580889712343851,51.459279365248875
55600,-68500,2.021485668985386,232.65371238076588,25.692684094420169,694.02515090113627,73.991502866431006,116.48964782760255,100.94077289351674,762.01181737435525,21.177192461356022,365.83875534634473,583.11129578660041,371.08630100515592,312.73288074589215,311.2722028181733,324.36478420022638,102.07576013489376,523.71274206639782,487.86375563571664,92.128607566267419,387.76282309724076,825.89201968402119,552.5858749271689,907.42794919129415,563.42469950675331,269.48701189151654,869.14491239531878,74.455551035839861,455.72221854013623,58.170040340984372,436.20979365928349,940.45146346909985,641.86237813128321,156.87360060954529,860.05741546501474,293.25760248224822,837.18099846314431,196.63196792604469,853.19886158315046,475.84447253332382,429.13864683650274,664.42679039357006,802.71877741332764,306.16604990600007,613.40727767326473,371.25419861898564,597.88861027092184,260.33099986440197,215.37823795921213,107.43763139333983,166.20413125267197,564.88598213490582,70.464820943537646,247.15002155380733,189.46772105775744,656.7757103330232,656.26203605398985,349.60882009422085,208.19503783224692,37.347550110228738,891.11378377888525,269.17554245430847,790.02226476943838,170.83765612901618,684.32681956266822,461.80255312376306,795.45224925292121,910.56653782881165,971.29491042666234,546.0055553248161,624.55299529706099,138.24623896934162,721.82410029495202,639.92819732712849,454.02107159869433,828.28894421857808,175.56452675527976,272.32118526155278,862.61086324225369,628.57919840801424,755.49835059219902,13.011078919838649,797.356302394556,339.10703141820812,265.96860016182109,186.37420526131422,742.9763460826498,667.65904396756605,386.74829036039313,790.63054658269607,456.79868119022672,826.28629583892814,461.87328513461154,721.06696720832269,7.3488971064712247,412.77311634111959,801.20967660301494,457.4284748991991,698.74863010183151,588.17399949066498,231.35360603106415,59.715579643964041,-31.126245852849536,-30.2265823085242,-30.489828126160383,-34.097832167391481,49.695954498762958,-59.71518642390879,-78.336635964153515,51.114607045855827,-23.232177074871135,-48.299459289771512,60.260414619958517,63.785085125900167,-43.812513873561151,26.824863953217946,-49.575991222691201,1.479079957244918,-10.830225765576079,67.92214648335451,-37.827446529840422,-65.760243684516652,23.971136756173319,14.294047170362697,-78.583526586317788,-25.442653330906364,29.01664406453818,-69.886641109902868,-61.884691596835559,43.551935855543185,-56.062577815937544,-17.097651026961636,0.12749366932623665,-14.567059855046312,76.533138721066507,9.8985559493765312,-79.984649213476615,17.506394653143147,22.341730483352439,80.619748151715342,84.029350379830447,-58.318652533896241,-78.473119418172615,46.400173111101793,4.695682857948019,85,-24.049816577316129,-80.129082478392291,54.242584113181024,70.180177660241213,-78.178774131003024,17.12434468772847,4.7007738131716357,60.571173917305721,35.271780434580236,2.3695132104602612,15.70881901987679,16.760084288032662,72.998148983262425,33.21394802973866,53.464189023678344,-74.97677672958234,58.465513292901548,-84.152322341481408,-46.264252522896086,6.4423596150828315,-57.277636578049922,-70.286306144649117,-28.295701132390356,39.591158927883761,-68.5640422402181,-65.318552199685783,-14.240134323682078,27.681288976746327,58.24928974586566,-84.117735155723082,-14.604982074902615,-8.5434320314768719,-35.416101434489121,18.454222494385167,81.2382795054734,-1.3263032508385211,29.971246751899368,23.046882639814172,2.1610375601157856,45.276904433267042,40.887402893363131,-28.661836727374766,-15.903742295751794,67.527803896488763,-33.305670878401848,18.261307470985326,-4.485187517470334,-62.200162931592473,27.072447392422063,52.88032482240633,74.791144347946499,-80.370220312744991,36.119905469648984,-23.905716366454524,28.531461923086326,-67.777913026074032
21900,-64500,2.0524743884432328,835.89406879610192,8.2874504975103953,360.95007981208107,72.32694368027326,152.66847443249304,131.96917508870919,772.5279066905789,316.00181929368199,374.73337781726315,603.80141030909942,162.74946853319037,290.6865212408452,123.78443232544876,232.58570024769034,290.51304262792763,524.56436801498921,693.62500073263686,58.982672744241263,388.55068725634328,809.50575742914009,528.83930508419007,937.35300886619586,546.44279721274938,267.53456809938643,845.04034835075868,954.37114116600651,467.03547256774715,993.49620636656346,716.54007847880894,967.15590383115932,228.57475649580044,782.15568840847209,941.21295846263899,487.09091086427651,819.99413635623955,548.48375762811986,460.4115559464218,362.7319425521822,418.23397407120831,658.85159270370366,552.21705974109318,691.49100141659142,636.39802337865592,364.27703015622023,593.91548113081387,283.41017017110426,90.996645777894685,304.22935567729252,201.30851506440814,573.3697091301309,32.461396711139059,189.08592001428542,193.49519055807889,628.58640672187232,621.39238575847742,646.71074697980862,184.54602898604904,821.87581058983233,877.1568763625769,273.32040751458686,741.84040455866193,91.789082945994551,225.73466184463211,226.31109226673726,156.83094789388036,815.74898043535154,83.178246499687873,529.18301750008061,768.04514457820392,139.44323238164066,748.36053086917093,937.09918108568093,453.01679581125813,815.9231046868781,172.94414909863767,276.30712863308952,791.39571822417997,154.28214209131073,662.24185469360907,575.4843157109492,800.27205143951414,293.21441732033969,19.72133613376775,186.3604176618251,758.24959184293323,632.11735575563989,375.30377180672474,707.90677802031178,483.25253270592685,825.27669336116298,448.82236235671684,721.40533405853444,0.5921718999486425,748.07229114958989,644.90502797239378,455.85171169561863,712.54846910697097,587.60339599056033,230.17832042027729,51.134927745141532,-30.92980541936846,-29.114662474900648,23.582129844658152,-37.885810191835304,49.193111862506214,-65.634285464056831,-76.046103329113052,55.613170471202444,31.372131097568733,-60.015108422422443,52.141159680090993,8.9649003809683911,-42.532703612433473,18.276567053365426,-51.617101334164005,-3.7768946750406118,-12.553797516383066,67.497453590533979,-60.504581596328038,-69.766274309524931,-61.076630691117714,-40.841301134224814,20.304252804935857,-55.582475191343057,29.293963735837377,-68.052501807642429,-23.650452311371385,-20.714661827322516,-50.18962524277724,-17.639585213135607,-2.9651012784900255,53.286368041269952,74.948762601770909,69.795830176627504,-19.204803175781112,-19.346682124629961,19.814768249180855,80.387544291607313,-45.042390600438551,-62.059753459516784,-54.835467855305602,43.015986729786896,5.8080556328129935,-7.0816606721216928,-49.73913063619009,-55.848766107509952,-9.2904913717265991,29.00674355886834,-15.609669921680352,14.715640684038707,-8.4270457315726297,58.356730045163097,34.819470313311477,20.114930684260756,1.0628101001804042,21.782165391488363,74.28299358583034,29.900745904958931,52.40982403375174,58.405600380838109,-20.128393071988683,54.144759938250857,-52.87428072570836,32.857632585366339,-52.932539051677615,-71.916522315014348,74.84036327426692,-20.599275385950779,-68.616497035678748,2.0726162636204801,63.581543056094958,25.866043389755585,56.450233395601302,-84.769606928863922,5.5480943714819517,-8.1954326915022264,-35.558551781334089,16.002344617238919,81.865517148052618,0.61888614572206146,30.470777946775215,82.581066594495994,2.5960355696484885,-44.026908009633047,37.563984038250126,-36.098489997160513,-25.33364414021716,66.915451187585631,-31.855213724383393,-74.66738631307237,-3.3261308917783103,-57.124362279732928,28.274874836666346,53.795480703006092,81.709880930101633,-72.844172789939151,40.036816827850195,-10.353408092892833,-29.652031808878611,47.530291174408219
56200,-68600,2.0115091621235077,230.5927143647844,13.733933063779244,687.03845473097635,67.808993090165444,231.93169368754411,159.33894318334495,749.59551755904658,108.73180356681414,360.59647069464859,616.60737685045183,337.94651990598663,89.241755011482809,311.79769767154437,326.07786346984653,109.46926233926663,507.86125197639319,504.20822308233198,76.06455405797405,391.41779443134249,860.63236630833489,288.57232585039105,907.35411722180982,563.03018332092665,269.7771838175035,847.36384151959362,37.888207805208722,455.85521405835317,41.002045993495926,777.04621467677066,79.034328021836416,642.38400439336158,822.37593187257164,863.74904305019209,293.54735920857786,834.59293760009541,192.53071822659726,856.91340313512558,475.26988413639123,429.21146668277106,666.97698487017749,802.56771124865645,330.31177811125121,615.15312816941844,371.26550949468793,598.62731981376555,260.35874280789938,215.36710644927305,118.70637476902371,166.13076043872508,565.24531429711408,69.418496052964656,807.30525066742211,189.58525467695159,656.87987152951973,655.37511454115042,349.82591221940095,221.67556749507466,56.609626722102504,888.48885409512081,274.59318500468373,795.42777663457105,155.76527685068942,674.81844450852179,458.80187158553986,795.4702418278124,910.18110211782312,524.07449867114542,546.86581758783871,624.52761907019635,139.6416991019648,721.82457210314317,640.24825330858005,454.14974721006246,828.28790347653205,175.39576427272536,308.44933452082887,797.71010542876968,288.89064966810213,777.37015134950059,32.590733116544016,797.36280973640635,333.04790906310768,174.90194583684337,188.63721802362343,725.5088883967768,667.5987160726105,386.74813483981347,793.22322694141201,456.79867766419869,827.07224479111017,490.00826597445501,721.05197523200957,7.1325509521987644,732.65285436540046,640.90030868723011,457.35647781771206,698.7413689617789,563.92307250344913,231.39377422311159,59.84380103413249,-31.126251477845916,-32.240098971837284,-30.735319795196276,-34.09979769346856,42.085990047612597,-63.108087147390044,-78.524881218492098,53.002990884795437,-20.580211069539658,9.0739924891697932,59.933969378647006,60.968636771091099,-43.810836171498146,26.672212193564498,-49.600030760342861,1.4393511200531033,-11.162567592303509,67.573979699041402,-38.063227316528938,-65.25128944809299,23.984247830169508,15.619183215207979,-78.569891894938692,-53.691896958129092,28.998562107078452,-75.404401823264593,33.174915122290628,-30.472652837253253,18.360419621798506,-8.769600767701478,-0.039452416200486562,55.987773207706645,76.578597194190593,55.129010099891403,-79.988953008858843,17.514235327305133,7.5152424360509471,80.620524745423708,84.011308655524687,-55.638674359165137,38.119938559298717,41.739708458399562,5.3790148206926851,85,-24.101532278020233,-79.489209940379965,53.352968443896046,26.747321350194198,-70.1619700010842,17.128819177338976,3.9255437067152812,58.856114289090627,35.280718067739542,1.6208078563437098,11.503660803254515,16.757989595169761,73.057822848390089,33.260030135544589,57.443983094785217,-75.734847899296582,58.411649902801528,-36.961222402064479,-46.302003337594854,6.9426579396742785,-57.573169700122619,-74.820729906122622,54.551672692308429,38.586429222053091,-68.496941628324322,-57.431059041617878,-15.293723145216138,27.618730457304089,73.294247122074665,-84.116741582352134,-15.140285078852207,-8.5109210598791893,-56.300245558463217,18.625828104921119,81.882808728217483,-0.65292244744493821,31.67469197463873,23.014345038443849,2.1081924199976045,47.155070928576414,40.979574887159508,-28.401445111039791,-27.515352398967874,67.572923435893344,-33.419323613837378,-78.845470349805424,-4.5523676022674939,-61.934545904397993,27.001950370184794,52.849281066135013,74.843555913635072,-80.370410125855955,36.16338303868497,-11.929417013064104,28.181900957804608,-64.832467342142621
15300,-64100,2.0170417596783445,957.89872284452292,10.767088580175468,692.97351899852833,72.451621120343816,181.89081633928325,134.0174523621213,803.18892197733419,122.31985027159834,374.4392241359842,603.00267283716073,376.90679327451539,93.863007765585678,292.63276443611284,232.89546347340698,314.39737971885091,596.42917581577001,675.79969765486965,474.41700223490807,393.76510962481177,840.8848513796388,296.62583858748246,923.71269503711665,221.13307295822923,267.61046037307904,843.85970874907025,76.359323573445423,446.51484603797041,792.9473299736253,796.06317830320586,984.31342795777141,211.98094802381479,746.11109431970851,975.72159475599165,287.53903881300596,810.9228008948586,552.28257418728072,587.72264495065383,940.24929457330745,454.3304726316922,656.0793459572933,484.7398393325027,293.25129390319762,662.66118765806993,335.26079318159429,594.523018109433,278.07777279116408,180.82914172758234,337.66227996988687,177.11386209488199,586.86866540433414,43.614978890991246,242.27207432792829,188.97828559425855,627.60789627716895,628.22936639554871,351.58331477858854,209.4320557391431,903.76481402736636,501.68559362467886,258.15615663477365,448.34310349989306,134.09142328771901,634.39817208694831,409.90013598261874,735.78391639328129,829.77745377167525,520.45985949866827,487.6477893094771,643.69438005008362,164.83595248800029,748.41143747840158,935.48268235585556,515.04006389134668,814.88116337608187,640.0802412470232,339.34907535985121,801.45207553642524,290.30715354271979,761.86324992239042,30.393257733453254,799.04942580848842,335.43359866116811,171.48879447314917,185.91684435319254,743.22155578041725,671.3903153687744,372.45148422526836,771.63431892492906,455.36656707805838,826.76327819774497,495.76675670218009,720.94800018660146,6.8236535950097572,736.43358065544714,666.0159647783031,454.84478954478925,722.32757500435264,585.64273894280825,245.64353464930741,41.550704129312976,-31.402296388370978,-34.931458554602742,21.165968375867635,-38.55666206420846,42.639328708777917,-77.002228171040372,-72.120002260614797,61.568077988468254,46.332998745910388,-62.648695840975009,68.096432476599489,14.699408392936427,-43.781091073285651,21.57324863735732,-52.546296304824807,-3.0482547979341383,-7.9476474520962919,80.236415476002065,-33.62852422643693,-78.842963574768703,25.73387514346798,6.2668562324826027,-83.514081161575263,-55.125451776195597,28.858715532523863,-75.212455032434733,37.231591936892521,-20.950307790713481,34.351389720584088,-7.6005731795828542,-2.5663479692454518,61.87691393578362,76.980667405120187,53.741254889220222,-12.995113311224685,-16.734255265880044,23.701957230952615,83.512195301075437,84.929719967813838,-58.900249551243384,-45.088296959936642,44.739255446655555,9.4082173528191664,-17.158786772698672,-49.503733428051952,-24.239048602401532,54.973646005535329,27.761385988350483,-83.883156041172583,16.789512081345279,38.298341520195727,61.048641037821859,35.045755274149045,6.4753883346411722,-2.2835500736079748,16.677934749749177,22.038021099907439,32.381651966410814,52.44317692969269,-72.003477763632318,72.039821652807902,-42.767005491688707,-52.641237312967554,32.498329016990922,-74.239806760837865,-69.942755110372218,67.937303610211984,-15.293543619407611,-68.597959020638001,7.2927477916411885,45.914693033674574,23.864896984598804,60.253473258936879,-81.776613044900103,5.8933820432770343,-16.917730618664329,-37.354601766617243,17.740997890739987,81.597506048139763,32.261127395029156,31.596617746712429,29.064702370884486,-37.994838801012015,-41.276808434125073,37.463451650660033,-40.143503287509127,-45.516704695002133,65.403900902044029,-30.379976233387836,-69.422267703896892,-7.1646309259305436,-60.251798591412808,83.608749939984662,51.248978969027043,-46.303814415935662,-80.742147758234182,36.090952002237621,-46.597311622391231,29.789182080900343,54.882261599853003
10900,-63400,2.0222935370104635,929.56066348093805,198.5594856596127,280.56237901019085,67.847408065286558,157.70005992189931,157.95163541599905,785.66810229681505,27.993151572006511,373.54561755952142,605.3060003141818,167.80492149891325,94.999412430221128,73.972264094275403,210.10885429900236,321.6478610877939,507.09836731133748,710.11669998289824,80.118834556541003,392.27897625135375,862.2428994770853,329.40012270254891,923.79086751214572,532.81235664084727,261.85206655989208,845.91303690062728,898.53908308655923,49.630347896651983,822.09142353466905,697.66952075995198,866.44160578252331,274.12403250069644,823.50303525039408,936.16312911201828,349.65283262402539,835.13472236691723,553.56435505624188,460.31287732031848,450.61634080768619,429.13598299344432,668.4574313335047,821.71546187449235,713.02474928842321,656.20204282257941,370.00126890734856,598.48301375222695,258.03450595550561,168.35278142806493,317.80552629699099,177.60937459601971,555.52752932967019,46.969620223156831,294.83596903929788,193.17405541441065,656.34097803126417,654.72317398793609,339.10226417506209,210.89125232510665,846.11123987048245,438.12234660436673,274.6593921001429,436.15216465481205,31.516315415911379,81.325462714013042,455.19239769562097,796.24469527436224,895.69681891573475,508.87327632226845,541.59126001071536,637.03020079010128,139.65614273441238,724.72898566498191,646.76618560417694,459.05591790181614,785.20982828931471,519.629902799467,305.19526738495261,802.31717089991025,294.29151298983214,728.62781591662724,616.56661676220574,799.69610222781614,339.24377995400562,177.19052210557334,186.85511441537443,723.95883835568929,671.3831107049042,427.99969820846741,149.14729582258764,454.89042954804199,825.72586914886801,486.47849236146749,723.85315065288091,0.38120048441572418,422.83993798708286,634.4957584272945,438.82043347133896,709.54102412989437,588.3683068849507,237.68727891629513,35.656911402959956,-31.183201989396537,-32.037863585094307,15.496997786444817,-33.802838743868769,40.327188026248301,2.6161051732912526,-68.19974814986189,54.751394005037135,46.758597817062899,12.869281171759255,70.257821714327889,10.318791430211073,-44.061463663553724,24.505529828981807,-50.053054919274217,-12.05911535500665,-11.11218027141167,67.96766304170562,-28.58293942632034,-79.108203821988127,26.40977419360911,-58.307309925323395,-84.748478821193046,-55.399529425267332,27.735522187488307,-74.570343302332986,-14.529215697291761,-29.996306012194573,19.00681039581859,-17.050410114866995,-2.4236188208970493,70.192973342760268,76.968025410683893,37.151804218520404,-70.962722397082672,14.720584262630913,23.778336994064272,80.998411868823993,84.231387233340911,-55.762283983190322,-61.476155846806378,41.932614644628025,4.2198213682845989,78.504411864588832,-25.455477381320751,-21.267857739604821,-12.189200120644188,26.764729886979207,-84.974108758626826,16.851850612442604,-3.6186535971567775,60.54265779825122,33.970498261204206,-82.103846040889053,-2.5225857918712267,16.97136841270359,22.030486590592787,32.832618980335091,57.663498113907778,-76.293089847118679,63.349443668004284,-83.901411166252927,-44.890519809320729,38.83806487085306,51.639224255212355,-69.820975601007731,-13.693439219853119,-13.761433465650594,-70.703924837216974,4.4574150619727888,64.837154486314688,26.548476957333065,61.356269289607432,-84.117207912534539,4.5756131282775421,9.4775406388212655,-37.552985180123201,-7.7657744986575077,81.91860648579727,-1.2240378498776305,31.723095755202284,22.975476379218343,-2.2627587019015429,-45.728700475416431,37.169247318973198,-36.069327989200836,-26.806112975410979,63.838293696597113,-28.118020543665899,-77.510255480300501,-7.3615131718603504,-62.177351562194026,30.423219182256037,49.466892369174083,-49.298768757152892,-81.115410399606219,37.210577667612711,-13.910902748909614,25.298635000311094,-60.74626710689305
2000,-51700,2.0221197206706285,999.99999973395506,193.56653512588392,683.33456321844528,72.427447695448279,151.10581113170761,102.14659720507208,774.40262440381855,31.360884055328818,369.08944715906387,618.1855439466932,178.08883537272055,29.941537653245994,287.42852891573432,697.80633497072949,109.26210361609211,507.31816958070652,692.06186499101659,493.67951464689565,391.86234489182738,795.11771339401582,314.62045659039484,937.61203748500134,559.31605991672609,260.89295198920337,844.98373571819673,977.78899535243602,136.87726947429044,816.3056986082737,698.83633576736122,212.20699081655283,284.04493796333742,189.84570924742076,863.25559917017358,650.00800529122682,834.67246565019934,554.00749138712501,454.90557717666138,964.68449528031738,424.24836994194305,496.48416187599463,898.57209037536495,684.70093849293823,635.18195073694062,344.86248375968239,598.39070266383169,259.01737536020329,165.72886213788405,110.00537495502073,174.03476177575362,214.93894469343283,38.794842005049681,963.14169820515531,188.80113955338817,621.47864585313346,855.57266401861898,351.60117146543871,195.67252796502513,190.9017498600129,536.1659594748661,303.39972906627742,787.53395022312918,93.401301660093679,55.909041157144379,664.74123995500645,57.11608556526005,532.50724624829979,942.10977221790051,517.00857517899658,637.82437781389012,141.04347738266935,826.59738186745619,921.39029339516378,459.18722829452173,784.19030721924253,607.42647209579877,311.00860067510649,802.96701537065303,301.87775786792787,657.34309739350238,611.22253152607902,798.76152154276303,344.6894464618872,767.17872678424897,185.73105460507409,744.84989476459339,677.05458598556049,423.78723541269653,818.03070498139562,476.70042042024602,826.05205786579029,456.56527642985913,720.27440526664725,8.6048445281854953,722.44194035589942,671.20059236980933,89.009365963864923,687.35267967357663,586.74728931845334,197.16239524683314,184.59796977347273,-23.673579903117069,-30.231206292846853,-40.851197125710449,-72.405398158106649,42.123874009130908,10.058039154882364,-71.735042607142248,57.200029329565176,31.76914953944874,-68.836220649604314,56.04421158520131,10.33006793069179,-42.566640527847575,20.670431539395633,-49.867573423206267,-61.402772839333224,-5.6959293373170201,67.674230050483246,57.748030458657254,-64.769643370818414,24.937770071157594,8.5915506516173377,-84.723874318460531,-30.607339298493461,27.662033118751609,-74.098088086754572,-62.981318547279393,-30.74501591077771,40.840874981718812,-17.539822953808706,-2.7600874634716464,-14.982446942640419,76.565702804774261,53.615157308457796,-81.348465727727586,20.630105430136243,28.731332247929899,81.173432914615702,-40.597542849903618,-61.936059318274268,-57.075185792629803,1.7560103445640256,4.5093494893766142,-9.4141765720173325,-49.076413613484583,-56.347903856018306,-15.312456803116408,74.965302386217857,-79.121347218470447,17.120714536904732,29.104441925653447,61.27711681804135,33.816829243358697,9.7535138131458563,12.362668185970559,16.930694891756495,-15.326499535107654,66.968562907766994,51.908970289722902,-67.810667162773868,53.694752733616212,40.216856418289225,-52.862430670484322,37.726652620977198,-71.168703226557739,-3.663800250010909,42.012924395496377,-1.0412129682098659,-68.600101304715281,1.0265180611242795,66.944837600982879,30.252085385711062,-31.478380256080317,-84.091483888870712,5.9500144943778697,-9.7093310353012843,-51.620375938433419,18.73956519138639,71.127766592202349,6.1857790713028136,30.247019267211527,28.811012242769245,-10.40238505905031,-53.063243173888338,37.612840005533016,-29.328094438500901,-24.694046926703901,72.365720520692292,-25.506952647772181,-64.151600495787108,-7.0765327270005773,-63.626341764055958,76.723544737956331,52.98532512709383,80.315062016951217,-80.890555644136839,37.506471486636912,56.278176919588262,32.373537402500837,52.291651946760155
2500,-53200,2.0171396768170409,999.99999972817136,222.70837399449539,679.73405055101705,72.653665493103006,157.26436507423605,107.38356366470821,765.73598863163272,76.400254502111352,373.24316368172725,617.28976599749399,154.61610515114245,93.152986635225318,67.094786202588438,695.51538860510038,103.1475182211414,529.99825272890291,702.12587309532648,67.400412349263547,390.94459991023905,521.46309993150851,321.36173399345614,915.92682815129444,598.96928872249509,268.67231546324109,845.79328316655653,123.65408615908194,515.12416425251774,982.70419640125556,868.24238619799598,147.27327223154396,667.41312595513728,639.6767768966331,899.10774400328432,342.90583133248811,809.35911373285182,546.06774865557657,564.69620039735878,965.5270369532642,425.32151717667824,466.18687671397817,823.42178888577632,285.81100302581183,633.1528494957779,376.7480220394562,598.13662091692368,276.35858423153456,218.06700153850085,114.46349217991023,164.63433126559298,312.96805506753492,48.538129033594345,234.30124260946215,190.18029784184961,655.29868761524324,651.48759866545163,352.70845724173648,199.20809086211941,874.67048782637187,553.26415549793398,270.47251605082067,454.23054574950595,923.44691410839278,57.388789676622224,632.29252940516312,794.33265588660981,846.19479971076203,946.96851778926043,515.76969899899279,631.25920148702539,138.20648612018826,726.03100239552839,635.55095757963227,455.0884500027833,817.87960569416146,133.92401608019361,274.91358818829917,855.52195354877949,295.68473621101754,756.51581389510318,616.78593336103722,801.82250096975008,411.68616934928065,757.90621000253327,186.95319089659932,712.64559399822747,677.05508014228656,425.63107994556577,821.73851401173715,455.2427470862786,856.77451267741458,463.64608286226951,721.56114636168854,14.788040359227479,406.49223379576142,825.3239565110739,97.869022838477605,704.85169428104837,588.36147455989203,191.04848070312431,64.20115721383344,-24.343919973483818,-30.442815395904006,-42.509541357970747,-34.053583812746155,40.504508053505511,-5.7342484015715911,10.621364317447203,56.905400153434051,-24.523504827813287,-61.644811043309574,52.869815364778148,12.051601339305169,-42.557160705862884,18.793561481404065,-49.755926022286893,-56.736621359859818,-5.7193840560591536,67.703508529627229,63.205057724829885,-75.834958129852652,-41.745682465257786,5.6295172304715244,-82.919069950094638,-30.347573137089746,29.980541744320796,-66.117314641819092,-65.509439288731159,-21.500327180978694,-45.403061446847431,-17.115113613273699,-2.7896496583316699,-3.7849027827734538,76.535074228825096,49.807376410476905,-79.141060940785394,-18.662275063844191,29.051369359936832,80.723843423311621,82.907826122682195,-58.686069729529443,-71.503372623510288,1.284344032895216,9.8038077091656994,83.488956477157288,-26.66154110401823,-19.086121500093032,-11.95683700973683,29.368200596370205,-72.965477640855966,17.566320550752156,32.701813822566884,61.821752809756575,-10.125240086205967,29.267866112711687,-4.275579935172261,16.630982758057339,80.625748059841101,66.16659982514841,53.746188848189924,-78.444877544548135,66.584901311451688,-82.165891823845143,-53.231249865611616,36.78921542538567,-74.988412465912234,-73.710297193473849,-15.889097192804448,34.713064803471511,-68.624597484255418,0.69496469297875407,46.090911723247913,29.197892903479566,68.538782671220474,-81.911467696701195,4.6638979836294654,-8.7081184004113705,-38.18939527892698,-8.5709264170061203,81.902087650251985,-1.6318219089439561,31.735398093333931,80.442993392052358,-2.9555857637881395,-46.171634717875435,39.556402252712012,-39.743879420077448,-25.826471397263226,63.645055622909297,-29.101612373054461,-74.640986915250565,-6.9468266377209185,-65.554041772220884,27.136772368170377,49.601923729109487,-41.787915936117386,-80.395285104012316,71.240901524309407,45.509095199833233,31.571800363542426,51.446962325200175
24700,-64900,2.0507402231991541,794.03684257323425,7.7698273626001395,699.55500369233789,74.05239461547373,117.57046799559777,132.29821473550152,763.36491906930985,13.997216802315876,374.42829283926073,602.94910647030053,377.51424616863318,289.94247872286434,8.1076119803151343,233.9607752058385,287.87025457031939,491.07546745961298,515.96577932149853,59.597187226452533,387.76208785032367,810.62988717504993,514.28257450341425,937.44024975354523,546.6696315097513,267.53348921144493,845.07047384747068,161.11108212238003,81.887815224959752,94.263371921524936,729.0167343322064,967.82192850416959,206.50075076310185,782.16078789894664,938.22580957537161,485.20100639514339,819.79258080752152,573.47729917119182,460.41233561712755,461.43319404615545,418.22180461752453,450.80997153605074,553.3231725500284,691.38007112666412,611.30048500142232,373.04282317990538,593.91856219013175,283.40720833520948,91.490169647982412,104.81540752872959,202.62785857112004,573.36461264186119,72.763772449550885,188.64548950301565,193.38125691031578,658.37150827437119,622.84545990205004,346.48647757692231,208.62027939201695,856.60530785485287,474.21377797010928,268.96802400111801,741.78259174856476,30.486893644094387,738.54439636871246,227.13642774186479,774.16832347933962,911.20045768823968,862.63015714829089,529.13781011149024,778.00695110467677,138.16559267096287,747.25046740451114,939.51525446630762,445.06225193215641,828.13491619234117,175.6115714937452,277.20556600312716,792.26278574675689,151.44616616966505,662.76045464224103,115.56046353615443,800.31364605786075,41.048451768433935,170.867238031722,186.16587184575945,757.83648126737933,632.78759622438963,387.23098595279822,798.71202705003668,484.8853240869974,825.34375988152703,345.03996585198388,739.5434471739519,0.47497025721942299,747.77150077986232,648.66010340659489,441.49077136531986,712.07794072609647,587.58016438941581,193.35241442458226,61.128195445176317,-31.117037778320892,-29.099545435979259,24.450044136720059,-37.796466464081703,49.657109518076162,-57.888238030122857,-76.04515496211765,51.607172108592238,-28.594312406788003,-62.018837193428759,60.560643395559772,61.457542674079306,-43.785501088951591,33.326007780734841,-51.993364876465684,-3.9320964008581183,-12.554429964828445,67.491677057840334,-66.532370034610693,-69.930349708388732,18.829700706948117,-38.440271612679368,23.619499056636137,-55.583302047499004,29.291331775348485,-67.978069171498817,-23.646718066257066,-21.140927261502934,-50.203297337684567,-17.085091710893813,-2.9281984478370475,53.702957794136793,75.107355269448618,11.454707080804585,-20.110162483727173,-18.560306922771144,19.936941158100922,80.395619450455428,-36.631567095587592,-61.889803286843161,-65.45367506381497,42.954819977344428,5.1439197349809644,-6.5059637938063091,-26.665809827540244,-56.849401721182538,-10.593105930652662,26.803425071736175,-15.608548884174732,14.737286497783375,-10.468146676190848,60.527283047588021,35.268780301478984,19.578279694945195,0.31828860021365557,21.733075119045989,74.324021317036085,62.053191415121574,52.429102866568726,66.379999190980811,57.586776311169785,-38.012508947797343,-46.246354571676861,32.795802767397383,-66.337426240340847,-66.761650750707048,72.960690069215616,40.086335244473183,-68.61655726886849,2.4884624787270404,67.640720001563935,25.863848753226723,56.45465614837763,-84.774056123679955,4.8730846608402336,-8.4880562973594458,-35.410831721751613,15.981481018191918,81.229919010264382,31.615572192148498,30.452997383380659,85,2.5957982817948633,45.048952097088488,37.670926487789039,-36.186479026025147,-25.345471835444986,67.405525377113122,-33.267791352407876,-74.793629529046896,-4.4609102219232666,-57.124727982307689,27.0909163622992,48.869425688431484,81.971750105129857,-73.308120658186454,40.028902795664308,-9.9725720996930534,29.55016911429113,47.600073943905542
50200,-67800,2.0225624028419222,339.59903251059023,14.138411813578887,304.20635446913928,36.83895833055491,197.84745994755005,108.29702024019555,154.86334785774631,15.182531196678173,373.91505585352434,602.54496786152095,371.75270011437033,97.348067522628355,296.70108944628379,193.40435930393585,85.458910566406473,605.17364198190853,714.26068962821034,91.77924285267423,391.40516479781922,862.12400907414599,287.36553684208803,920.95603921217139,221.17862848022267,266.77424122237437,870.40317188617098,97.346918211441221,437.06925927484247,65.486453413224865,825.18529266767837,283.25954752910269,700.29015033093594,684.05846501960787,935.61711105018094,289.58484183614848,816.15964406063267,602.79430352757618,913.19873047715384,468.83082205331596,432.0584710838292,666.97826141528606,540.81447635551854,707.334399767641,635.97338047586015,370.94161047017059,598.62932216109539,272.60812635691656,195.32275300495579,318.17183638247565,151.43232670228531,570.46170442984192,46.750037539692833,833.91182648236725,193.23800531177469,657.34642168396329,658.49211660232481,339.00530335531511,210.18374089581033,100.50875615007766,457.4763247650086,274.48898386070397,434.25273741520311,11.197654242371641,620.95373132180043,293.60192447197068,128.87956070647908,820.67089889174213,903.29020330365154,486.0653937560507,766.01783983958774,140.58839116488119,723.03764769280519,633.20126908180896,466.69748743851545,827.21964117284233,561.77603633036892,281.83168893716538,799.51623996878971,294.24145817254299,772.97619465566208,594.52442993019508,796.716402985787,50.21327693678802,40.423056234492577,188.70389577599778,740.11613258177704,667.97196771742085,384.63908225927901,133.03520658514947,455.80962037105843,886.3374604806254,486.41448264727256,722.45123533972685,23.675290016884787,685.52024147182181,634.79876956536998,448.22009012284701,723.78793609121476,588.31887739214471,237.58301790753814,52.319821329137561,-31.401577497245288,-34.622324936466121,-37.661762424727883,-34.994840343256143,49.765389245130926,-64.007716692371162,-67.866016019437239,0.13427851019783432,48.545927105161724,-68.898682711758312,74.216357203212596,12.086063554900345,-44.070488630662496,21.446353265188737,-50.392961249917334,-0.63256490067751692,-11.579462971758691,64.893350165650517,-25.235609614807174,0.41746706362965114,52.426545069434667,-58.437961422392966,-78.724365575625527,-55.3943548895368,29.098315461420682,-69.911438303333981,39.831722287345656,31.862387446053155,19.134201783434968,-17.802566983317345,-2.4244249427857931,54.247689982032959,75.104262535830927,51.700159506158492,-69.66058071164035,16.819807891433786,28.329777215456215,80.781223289542396,84.222198327308661,-55.600551335188463,47.552137989199714,41.924564748625031,4.1128717410589299,73.140509464438907,-48.691866720261118,-58.07976829598649,-22.307818909981037,26.784621601053018,-15.975853830337339,16.865423377468524,27.202262079762047,60.916641132245537,34.728018102211429,5.9684070421398303,11.537543824998057,16.900980091817548,77.253128763305099,56.37777821446371,52.501061802884188,-75.180333473504803,49.172365568810214,-37.520231932400776,-44.554717517893422,5.115704680674388,54.651667464329215,-66.622202033846264,49.272291082330348,55.639877704472553,-68.474381298444882,-1.3872926713957234,44.99114066214473,25.623865471348896,71.335089048776879,-84.323887509997022,4.6220385274835989,-10.000137318843439,-53.158333909666553,-7.9788008960672885,81.211937419120659,9.9030651402539185,31.676860423969131,28.155444993704233,2.0921597657151745,-45.7593005881617,37.168686216791954,-36.022665475790205,-25.211608883530666,71.360506123119677,-28.015085178011383,-69.28026614832163,-4.2120265508268515,-70.094982578111029,74.962622987863185,51.201894414153884,69.066950889358353,-81.150543273031516,37.208529213222931,-12.142356695308683,-23.775653863048792,50.926399212585167
300,-28000,2.0174246722394771,1000,221.72707946136407,684.73890556747449,72.401162003272603,156.23036853377238,133.55366614767902,264.25445127507726,125.26080563154434,465.11221330515031,617.15190013693848,161.11918667251479,252.31465521446822,45.214573505199844,693.33784856865134,101.96186680787505,507.61976623257164,707.84439088339866,488.80865689854227,423.06132251569704,496.0276860744894,309.86712518003179,919.19716542823687,555.265168536499,262.21640213728779,844.99412145314193,904.02644855225674,116.27650361966786,978.30260754676522,701.53959486402096,122.48889362171332,263.31818013172466,31.181206917082438,929.14773992802975,394.02233550303561,810.73524852825005,490.69973866716333,591.20875834196647,976.76268371661149,426.0829671902909,468.09780058796173,488.57518352135355,684.41249139561876,635.05869842016762,343.15391081352175,598.41101454878878,286.0759414492079,165.16979417342853,114.31202658710596,174.28909610418847,196.71676568642974,85.680276556588112,770.5424993401499,202.93314707666738,655.52481958406872,651.30926737165646,351.59729309319312,210.97335798861337,873.92616907808031,522.04538778146946,274.2511991857063,160.27593506912348,912.10723959730831,55.46518257171892,478.76202359591196,832.77482836432171,515.10371790232477,880.48754269198866,517.25555801067333,637.81335217585115,138.09601385226622,835.98789600712064,632.14860152999779,483.99494128148388,825.20710515747805,147.52442505509831,276.30565691293532,856.02733671481735,302.55345786648775,744.22447083713371,69.387575402190805,801.65319041440807,297.08221658958325,767.18165465124014,187.6042643691151,663.85900107332225,678.80028136707733,425.05792806296284,779.92099955285471,455.90391560908699,824.8167898087288,457.51829871807274,720.0701583662709,48.408129606236976,718.42838714787638,664.82172940089254,79.298365605351847,722.62937311502947,565.64911814217987,236.29842323191835,190.2756063738787,-12.969907496234354,-27.334425338620381,-43.281743562547668,-36.047133305431515,40.461767232121254,21.749402032488529,-8.3721780462613253,55.527586788072632,27.5083573324588,-68.821604436594541,64.930835121999891,11.65693152693877,-42.431113328808017,22.496767723058287,-51.678383929145191,-61.634808508802799,-5.2309014552271176,67.55851860730003,68.819216986651284,-61.963628134974364,27.169385623804562,-42.329520131637068,-82.555372598134568,-30.72708430256246,27.629775559929691,-74.215623166077236,-60.963426068836981,-20.808347177723498,40.604445987092262,-13.435930898028332,-2.7705402156917192,-6.7043830345120803,77.175434537750135,53.938553631652127,9.5643063212587442,16.905027442823716,28.795405830479645,83.828524731419378,84.973968482036739,-61.937610023543343,-64.859573878359953,2.8089163846387812,10.048826054141168,83.319814724531028,-28.361355214666442,-56.661186373253273,-11.346453362519959,25.629253774227777,-15.639639602273679,17.103132864640333,-6.6917522861507175,57.767501396345665,32.578827747276641,30.906276375649345,-3.8088975713020461,16.227694536385776,-17.902985323859802,70.054558972173567,53.716904339484799,44.166733677987295,55.447841702684656,48.798263538406339,-52.908955195857253,36.767563747519297,-74.671817785627496,-73.790367542351561,46.512118762858485,-14.046358925374332,-68.583073457448805,0.69825615520975981,48.049620867600062,-43.839896386033054,68.408081905741213,-81.972344230059903,1.3160450243086974,-9.6796525056877059,-50.786689387433867,18.596278681250016,81.462161621563254,5.6550151365901735,30.130775499611886,28.681841654487449,-2.9208715261552531,47.961032392038462,39.699729881558078,-39.1614567725155,-43.282360124650424,64.31285195269777,-28.565006453329545,-64.262264557091243,-7.0197128746752462,-61.432943568246927,27.13956519699876,53.185473695781887,80.975108849363494,-80.834682404790399,71.836808852978749,-8.5016340057018365,32.353263187762629,51.150709645249172
400,-30200,2.0171512803643021,999.9990472720915,191.30106743832093,680.63445580689279,72.868010523864683,224.13774294061864,133.95891281297955,560.43855218814963,350.54818463983634,373.22456565759444,604.98289136427081,539.07768024800976,81.192695055795326,42.209543870056379,621.94034654344512,109.0068309942026,503.94691386901951,723.8666544707703,92.704543306942057,395.04408025854895,482.18140742639736,307.54582208428246,868.84391348158908,565.14993019865426,260.44728499137926,868.76083678541022,901.85132674767203,463.96283524551649,998.92666983628578,691.3831297692642,980.70238469599485,227.81588852291222,672.69057773021871,966.93219785487906,323.26446220569562,813.89575101135881,478.6540131444732,574.83739769013937,391.66175459640755,426.3690901204269,519.82783905161909,513.71827888033624,659.40831250763506,630.34770168480065,837.78036576363866,598.17718408851636,270.06436484642347,209.1537081212746,112.83864022415081,158.94292089553016,201.35633800407922,50.746609915661551,236.4302613736576,196.26460243732978,651.8139735083123,648.2384361012605,351.61318779160649,203.28137716539899,51.069008479189137,902.14385484387105,273.87854419929448,487.05437519070693,979.46772742391181,570.93344279071619,466.07599557851495,61.963815009897964,908.87323722805809,914.99977521754499,471.04928485223985,799.42174357521549,138.33593551903891,739.54447328017511,622.16552732703508,456.58454015345552,814.88585084864326,519.56878973846665,273.17178517514594,844.13535672581793,310.59425339125693,740.80743655530352,91.07608644076376,801.63684991796254,410.87707197387317,770.06718414874149,184.37060836485446,330.58280048407573,677.03289734428597,373.52324062245401,820.77912561035373,481.25537348744092,826.18990747263854,449.67111717710566,736.44504072958205,13.097643627224373,756.78512803949377,671.47066287265591,469.02088037260671,710.37035927573027,579.43338376363795,239.41968513284755,30.588745097584383,-14.010076320643126,-23.480253434340653,32.826571403502065,-34.640033340056625,41.653344022177599,-4.0440470264888866,21.514904630674636,53.542093461580343,33.751456791389657,-62.566174001242956,51.761560713660913,56.916174056203687,-42.541347873821934,18.363250550435062,-49.698754005165526,-59.119742956918387,-5.7939236992194179,67.836934449989101,-27.826365031246716,-65.400984401414149,25.13633891105367,8.0345155502149055,-82.625071424063051,-31.097908166867377,29.391532655635356,-70.265099875885653,-63.069221305616765,-21.815036289169452,33.253725709792043,-17.581574538958474,-2.9976317116753899,48.152697470798373,75.069751488160193,50.237156829019654,-83.446068753098501,-17.306056006433508,29.119148255493847,81.092958361143459,82.532231784560594,-58.629246776945088,-54.307422525108251,-4.8418365433416968,5.130594864940317,78.108963618047326,-28.187639976903803,-67.832526122366346,-10.48199237818605,29.983175020207689,-15.554781587342706,17.501224255445941,25.755200021764971,57.526688852121168,-3.0346818009637815,28.562266363726227,16.881585275105252,16.856571693829068,76.957071338168845,-9.3833416748188228,51.259471424984106,-69.951335868029176,-11.207859388501351,51.19444317861992,-49.037953026001745,37.824025611759012,-73.219564765964435,-73.819030459535327,44.128994485609162,39.492600518975635,-68.626499430666655,-60.146206478182336,45.672220281271301,17.305850016870771,65.334059227428497,-81.886715059756355,5.2837697896642233,-8.7098240997684115,-36.979624848248967,-3.8866731668845906,81.733004732347425,14.574328526270302,31.59681054717915,26.658928398878309,-36.988171814493434,-43.033309321527639,39.313626733571745,-35.182983157030151,-45.997208625316468,73.001399402769209,-26.559463248614758,-70.309917488009916,-6.9188657550829102,-65.164493168902411,36.463427031683494,51.432503250826194,82.715254820267177,-80.872420359197264,36.105916709315622,-7.2289582399036139,-31.194301493939395,51.477180990438718
11100,-63600,2.0175376329490291,929.30463910737546,193.38138395666076,702.52471812088947,73.186260221619619,156.11625402593089,106.2864139145627,764.49537523341451,113.00864440728219,368.2400334208221,605.04470151242583,160.02957450045704,96.962743880738984,262.46079935038443,671.20839321848234,109.67024727312938,525.96505330111529,701.0853191672669,80.400880549349807,394.42843674664141,792.42333241877168,311.34409488477547,868.44937348977089,599.70800696656306,268.57046755731835,846.05005065147679,92.82061262386253,453.1260826679661,820.14843735918271,690.4611884859371,993.48236482165191,679.3814939385727,814.52805491759796,869.71814639443028,342.74411126965691,811.12457452064041,472.83815801710773,461.94345840322563,1000,426.50912763402124,538.82688675886209,811.61048559669689,297.70062430133589,657.5401620390154,339.5892776796012,593.05139772106418,277.06124682422683,167.22660143475724,111.40078105156738,177.78076510693313,212.3124393206671,54.415648517442264,1000,188.98493894982491,653.38180822408606,640.94764686136773,348.64852328028934,196.52215646192008,856.14527464232197,899.7696304409609,274.21624755184041,796.6348736280014,967.88616947261369,57.971150364955186,462.59201236188619,801.891301411163,503.50609838956183,536.92512687613532,516.51648147566902,797.9708050643975,163.6335746126629,750.36196731541509,911.50593774503864,459.03189126931278,825.16509134975195,532.15466994933058,309.5139832326642,796.38879338753645,296.20860434703451,667.13289950262958,531.92882328653695,799.21462166287745,344.6486175446417,193.19463433352604,186.6382712818903,723.6831440724917,671.57757611001375,421.80940669291016,819.09266652169856,477.04310523790309,826.79947827957994,478.5655457740317,722.08084984423306,3.8479373910840948,417.61086444984556,796.45978267457951,441.90158392717274,724.84940971801393,586.22425307995013,244.68632735680012,37.791905551620175,-31.326979694960063,-32.046771933771616,14.362728644607285,-33.807489123375539,38.133629220401289,-59.798586380443282,-72.358441423620945,52.829636550175088,32.485864030647996,-63.37747067457876,66.840526236147269,10.285851087197685,-43.181668861919071,18.588964703221329,-49.684198392606007,-12.302514717703247,-5.7285598817358379,67.679447726847215,-29.10330087384688,35.638122047731478,25.412685577421264,11.735006443330747,-84.693010358689676,-22.28065221072762,29.14653124263366,-74.554774272173731,-9.2253199191094453,-31.345369918766803,46.689010160170341,-17.148325523043006,-2.8747280289027612,71.0317648542337,76.954611848257414,49.873595699916265,-16.366984632106231,20.301174570533082,23.667695411911922,83.804257804961267,-36.090163851968271,-59.548444912604339,-48.931545825543964,-2.1713152893142436,4.8807219662539278,-9.0263130356869432,-27.046850019176464,-73.054275404257254,53.638186079448445,23.887316071723685,-79.254228611525804,16.353917501108572,-3.0530353059987512,61.136822326485742,-7.203141723514598,10.482672253174748,-2.7959410313477395,16.75663544046045,73.215295804916735,33.387714097345906,52.256248658062852,-66.91689663989132,55.667040109388822,-82.262254022944177,-53.620215060696772,38.844289461532867,-74.362110559940646,-8.7145086587542906,41.18724535753055,-3.7074095054641276,-70.548185752961317,7.812315179631983,63.725835635475235,28.759954671187447,-19.419645253352378,-83.908416583695072,5.4578274690247479,-9.6993465968061496,-37.101496328494868,-9.7089561002041496,81.898885428460744,-0.9216583970792227,31.479494072323632,23.960025566634108,-1.719472305746425,69.316248138520578,39.259633717507306,-39.45842916385579,-26.858130036248209,63.710756528361898,-34.20593482061021,-77.582338191558947,-4.0451149784913589,-65.119498360619502,24.899874093193475,38.437787913893089,-53.050220607509445,-80.925642107749013,37.091778114097522,-21.577324399457858,30.843694400311367,-67.042185025119167
58700,-68700,2.0172958905995206,187.54568605197969,13.112413933730364,710.98094399901072,71.777435488549116,116.04333214435378,160.42432948415501,752.74105094103413,314.63519275098929,374.52439921660584,618.72034624886635,157.97754556171748,296.09106080681789,304.21237088557018,324.62620449593186,84.287059156422984,526.93477029937662,704.12139260399852,77.589319986424826,390.89662986781786,860.5273500016649,305.5869733802586,909.37756367499264,562.59929869628513,269.48849123932553,845.78691008409021,105.34228733887073,65.856525345970965,999.86861603479292,444.93734716862627,940.97593515615529,229.12851844237258,757.90112530955776,868.66058363519574,346.10768396709335,837.14534424260239,198.04792869825411,918.44931538774927,430.23417248253139,455.16278008586653,522.48163497987639,535.05012265794085,682.27952614659637,635.64482971070777,371.5622023340938,598.43221433818178,272.14114335666028,105.05832801735457,110.19914937082345,166.03799299717025,572.14284490711873,31.818301484823731,249.51605730369661,188.992850221711,651.38108621070739,626.71709575690863,629.81036422729846,220.14068540669518,39.801758691366331,918.34240930718124,269.43408167007544,455.36991779519855,132.24939504965073,199.5549601067936,457.08702719437747,151.57684356509435,916.05854018265768,1000,545.32215494645345,773.80661004003048,78.653199989913887,720.54504492297121,665.24239448000912,468.98147576389806,828.15737870954081,168.30659174316051,304.20561238599225,861.03810223359289,630.29579199549062,735.82077772985929,583.95182682311133,797.55388048104885,19.74101853796364,168.75247191744126,188.7236927549973,739.81165057672138,666.99474245956912,374.87190773419792,89.558767588375559,453.22140983030886,441.13024797957462,461.86858047879849,741.67413436126867,14.517593191220026,422.77484326471563,802.55197387064266,124.98118345054914,722.71640716197635,613.12789228255849,228.9589452811779,52.302870643546534,-31.119676291385741,-30.979084533562954,-35.900516240254021,-35.062777492916382,48.926425907523445,-67.030065348634821,-74.492916779552928,56.509928761466611,45.731202584783276,-62.561066148134422,40.858485806821285,10.402235190790194,-44.050143557455847,21.674582135015118,-49.593543473718043,-57.516207883631026,-10.997077286265238,67.668284845046074,-30.885070274129976,-64.972975534273104,47.061857833268732,-49.701740362962738,32.498796097166576,-51.216822267655502,28.920052882649223,-69.839491368195297,-60.042627433487795,36.7308283323406,19.818048852751289,-9.3519292016986419,0.17162329476382868,52.895885487977388,75.01661379567463,38.160777202813115,-68.025921434903665,16.989338755566052,23.491168595186341,83.36415927212866,85,-50.915651855708496,-74.437825065583098,42.117172656695125,4.6563804933973678,80.331220502865705,-51.136622826012342,-69.14332531011695,-9.1219599503786046,20.969207741464761,-13.696784375227402,17.117618080720803,5.6898985387140479,60.563546524436127,35.033909656445232,10.465336829983499,15.394168043409831,16.75998431479454,61.74305386173107,32.512288053945376,53.505620879917721,59.550666597598465,47.504943698813804,-37.653937139075076,-46.193451177907889,44.722704059095683,-71.7602881537548,-74.987566645595564,47.575505920372088,-12.711309130097836,-68.619494263307871,-57.599187584032421,65.577720353752966,25.934020536576902,57.623305424150018,-83.945978748102391,5.0843436273759206,-8.5280496648011397,-35.550299978322691,-7.3494483255387184,81.863605889243729,0.85906389217399814,30.130159842945286,26.611804898149472,-2.9409011124735649,40.989061536264884,37.187732365925918,-35.969885960004326,-25.791884327293005,66.3671306971533,-28.23446281741515,-78.977898003643958,-4.6974162812823188,-61.614710141442366,24.213462060680797,53.927964195908423,84.507804175240267,-72.197381575999458,36.069453618448904,-46.464440605426134,25.51787968242953,-68.663730264750242
67900,-70000,2.0222951183609501,20.715969771359255,14.141033737661473,314.08963364949398,67.59571884775815,121.03397379452929,136.57648971781603,750.02344724520322,29.707567237619216,373.59712777592961,616.34280150975064,162.07361114774142,143.63342720097774,109.47064470898758,213.37174398178428,83.46891161420443,604.91453807725009,706.11010247095248,73.361678581346908,389.41290352521656,860.6532525606508,294.90891992867751,909.76816148662283,532.51306791437457,262.53032528274662,871.17964435865406,954.91644782113974,58.375959703061369,789.09605412006704,821.07996712132046,947.87466979329099,272.36126383220142,761.74465856400775,895.03528393782415,343.05847309757223,834.69801949706562,601.46264108622859,922.62394171212361,470.00288738979651,432.07254592580313,509.35706907856547,533.80553289151396,707.72574954773631,635.66546272274309,371.24329228603739,598.63499599240652,272.19037214546483,109.2917096105553,309.03155063897691,172.46163592094248,557.38768080061368,48.326096666475649,206.4756904497238,193.24998825166546,652.54086912065463,627.37432352117298,339.06010811973692,220.38402006949286,202.42465097780084,901.85595131837272,274.59915202468443,437.23670487302752,966.40784445881638,182.50074513118909,255.99008674532988,796.72276806651337,816.86569371772816,916.40313747269556,542.79132743052344,630.66822186602258,139.32277941633163,725.74132455462325,633.93734979613725,469.66326279602055,784.578244898599,173.96637197554907,303.98637281036099,860.22044593984606,287.82059043550754,646.99731090743046,594.71515749357434,799.77358686888749,415.64572421639076,177.49521335880607,188.71606930831149,722.33261904313417,683.12620322864007,375.83334592147145,138.70357204311455,456.63686260102764,881.9982764688483,487.04024996663696,742.81337033183365,14.846603307605861,684.19079610480992,669.74824235266306,452.65999000553586,821.21398203411047,587.91778989390775,188.58296586307577,37.606769984404437,-31.36912256528359,-30.998970176151051,-40.668578093599592,-35.034299327695138,42.121577794147299,-63.24705169155245,11.987411328815526,56.458233271982671,27.823111491947945,-81.500875298005852,66.648245919934922,12.767498033002113,-44.070175594644475,21.46295059912153,-50.266143726484671,-0.54769366294071986,-12.499228104783608,67.89530065126651,-25.508626595955903,-74.891738365383119,53.538816394164002,-59.393970888571062,-84.869201133129465,-23.175678731472885,30.829098560050333,-74.508315035489389,31.941032924478556,-29.611126919759275,19.026511800793376,-9.2295334600679233,-2.413146327816813,54.070495540841677,75.016861133732206,37.390146316419255,-69.651442112540224,16.809207919284191,23.514315724276297,80.769419569751179,84.225980922586558,-58.931555315682751,47.604333464322785,41.965892574821709,4.0835851268373551,77.307778720652379,-26.188796408636993,-55.903488282028071,-12.187217590097253,22.864982414551893,-71.651915128352528,16.89098816863023,27.593060342227055,60.57644101627416,35.067634919012356,33.951436604024153,11.394394737265676,16.754356434106018,77.386307679961348,32.662246874979928,57.519732150085829,-71.345035840149023,47.922936952577523,-37.312225820707489,-44.626588838864414,6.9891474540759315,54.74795506890586,-74.948324109343204,39.826564020868325,-14.159270097081777,-68.610803273863453,-57.713755789736709,66.263028741659895,25.618824497873817,76.762514594413759,-84.128435687459785,4.6252682516699242,-9.957312528810851,-34.179008307370268,-17.430990885226098,81.883540501326422,9.7615663107757182,26.880251949061524,23.866088290304802,-37.56505227534538,-45.792463719551684,37.163276101906121,-36.01598088143804,-25.802594829313648,66.315111474557455,-28.116547939620595,-78.906999869228187,-7.4151866014563996,-62.170008144369284,76.405333415040133,51.360918383126304,84.522161061036073,-81.109692206169171,34.357735324330257,-12.01465587966063,25.161430688339856,-75.349622766565489
67900,-70000,2.0222951183609501,20.715969771359255,14.141033737661473,314.08963364949398,67.59571884775815,121.03397379452929,136.57648971781603,750.02344724520322,29.707567237619216,373.59712777592961,616.34280150975064,162.07361114774142,143.63342720097774,109.47064470898758,213.37174398178428,83.46891161420443,604.91453807725009,706.11010247095248,73.361678581346908,389.41290352521656,860.6532525606508,294.90891992867751,909.76816148662283,532.51306791437457,262.53032528274662,871.17964435865406,867.02495390556123,58.375959703061369,789.09605412006704,821.07996712132046,947.87466979329099,272.36126383220142,761.74465856400775,895.03528393782415,343.05847309757223,834.69801949706562,601.46264108622859,922.62394171212361,470.00288738979651,432.07254592580313,509.35706907856547,533.80553289151396,707.72574954773631,635.66546272274309,371.24329228603739,598.63499599240652,272.19037214546483,109.2917096105553,309.03155063897691,172.46163592094248,557.38768080061368,48.326096666475649,206.4756904497238,193.24998825166546,652.54086912065463,627.37432352117298,339.06010811973692,220.38402006949286,202.42465097780084,901.85595131837272,274.59915202468443,437.23670487302752,966.40784445881638,182.50074513118909,255.99008674532988,796.72276806651337,816.86569371772816,916.40313747269556,542.79132743052344,630.66822186602258,139.32277941633163,725.74132455462325,633.93734979613725,469.66326279602055,784.578244898599,173.96637197554907,303.98637281036099,860.22044593984606,287.82059043550754,646.99731090743046,627.88369942268218,799.77358686888749,415.64572421639076,177.49521335880607,188.71606930831149,722.33261904313417,683.12620322864007,375.83334592147145,138.70357204311455,456.63686260102764,881.9982764688483,487.04024996663696,742.81337033183365,14.846603307605861,684.19079610480992,669.74824235266306,452.65999000553586,821.21398203411047,587.91778989390775,188.58296586307577,37.606769984404437,-31.36912256528359,-30.998970176151051,-40.668578093599592,-35.034299327695138,42.121577794147299,-63.24705169155245,11.987411328815526,56.458233271982671,27.823111491947945,-81.500875298005852,66.648245919934922,12.767498033002113,-44.070175594644475,21.46295059912153,-50.266143726484671,-0.54769366294071986,-12.499228104783608,67.89530065126651,-25.508626595955903,-74.891738365383119,53.538816394164002,-59.393970888571062,-84.869201133129465,-23.175678731472885,30.829098560050333,-74.508315035489389,31.941032924478556,-29.611126919759275,19.026511800793376,-9.2295334600679233,-2.413146327816813,54.070495540841677,75.016861133732206,37.390146316419255,-69.651442112540224,16.809207919284191,23.514315724276297,80.769419569751179,84.225980922586558,-58.931555315682751,47.604333464322785,41.965892574821709,4.0835851268373551,77.307778720652379,-26.188796408636993,-55.903488282028071,-12.187217590097253,22.864982414551893,-71.651915128352528,16.89098816863023,27.593060342227055,60.57644101627416,35.067634919012356,33.951436604024153,11.394394737265676,16.754356434106018,77.386307679961348,32.662246874979928,57.519732150085829,-71.345035840149023,47.922936952577523,-37.312225820707489,-44.626588838864414,6.9891474540759315,54.74795506890586,-74.948324109343204,39.826564020868325,-14.159270097081777,-68.610803273863453,-57.713755789736709,66.263028741659895,25.618824497873817,76.762514594413759,-84.128435687459785,4.6252682516699242,-9.957312528810851,-34.179008307370268,-7.9027716589547081,81.883540501326422,9.7615663107757182,26.880251949061524,23.866088290304802,-37.56505227534538,-45.792463719551684,37.163276101906121,-36.01598088143804,-25.802594829313648,66.315111474557455,-28.116547939620595,-78.906999869228187,-7.4151866014563996,-62.170008144369284,76.405333415040133,51.360918383126304,84.522161061036073,-81.109692206169171,34.357735324330257,-12.01465587966063,25.161430688339856,-75.349622766565489
7900,-62500,2.0225532947992244,983.95258866072265,192.1318441598354,638.83043732844953,37.239124957189659,154.9941786265606,103.45636548613945,746.78376851294672,89.362422630912135,468.48488020043993,615.69155127506076,380.79260022973313,150.91645189939265,320.72808172789468,596.02644124221217,110.99268260500131,504.73815004897148,487.00877598101056,91.347049646792541,389.27298384746496,860.82902584894691,312.45506636477586,871.64476793721167,605.688936567317,267.8876941505892,846.26531377266895,610.53659450648445,461.23378313048931,789.89741767868281,824.51402714090659,175.14214021492691,732.83148700585662,746.70622415361527,912.08549544773757,346.11764960342163,835.05491076966894,602.10225179401243,475.72087348933178,419.32311111532329,429.38528884910943,507.59718816882304,544.91815825436368,724.84800109326682,439.97511615865591,747.35632156093766,598.74500226028795,271.38096669035349,194.59806502153501,320.16764993587947,155.77579871993709,88.157866832473005,43.573083151103489,168.07177045842863,189.12235299417048,627.2187944299103,634.35559954206656,340.23616250435538,220.34347584006139,197.21578755503864,894.92712746040513,269.19162196255093,810.24309736025646,2.0379277142994852,652.55902534251391,245.35263144860241,792.99779888050898,822.46875522063442,971.00409711557688,542.30884368287877,623.44086805379027,137.77428191469468,748.68029871003591,652.00999019004416,534.56118910206612,814.39652490887431,190.26776230039056,264.5264762516918,805.76973009500728,319.83002269714711,736.86207156620571,572.22140963179936,799.05444183178099,279.01156600598426,47.492171457782888,186.7069063494844,677.12110905650695,667.36702646812114,373.3019612420178,131.76970646487342,454.62518756428858,826.51948773800757,486.9328400429834,741.38891460727268,758.88334085912959,789.71583147067599,797.74118962959233,464.28101338693239,820.35290334387514,587.11140875680451,229.8498834748419,59.845490659767897,-31.08341966076236,-30.893036294687523,-40.698849689043122,-34.846684617821765,41.883667244506277,-59.431265778440995,-69.788651019715459,-10.235895872907875,31.991463082374512,-77.293378009230821,66.503010015429467,14.925358118246541,-42.698520154401805,21.544351034603093,-48.734042688611879,-69.100129175720923,-4.5442643927187243,67.915955909701637,-24.888124354424228,7.0522026052388433,54.079176395550796,-63.4176844428371,-84.86907869199436,-26.280139098936314,30.718833026796514,-70.193090578521208,35.002402491355575,-29.919734262460722,16.5557952218807,-17.781833287195596,-2.1181012446092029,-14.480964167396127,76.672801430190447,53.321423712282453,9.1542752322351646,15.466867720744002,66.875341348962721,80.767115537087435,71.51490894002778,-59.323969295905584,49.387669592085587,2.4845491705241471,5.2159907205521883,-16.270538101141668,-26.78692404224336,-67.893212720987563,54.83948498665923,73.751738541555099,-16.694961887675845,16.786886099100535,-1.189787870499611,61.636908522658963,34.11604109434596,4.5415999295373037,11.187692103102226,16.754167921579935,73.167939683803269,28.177105134704256,52.318997302949271,-69.536308251235042,-16.672148614269158,-37.305287430033502,-47.244396347094757,6.9040766135563292,-56.003575549025761,-75.016107189471271,38.05534711482116,33.12431571448959,-68.477660659611715,-61.40960518514067,-19.178051880610809,31.390639438929661,71.011065319022478,-81.925690325924705,5.4453086594543194,-10.076446286630883,-34.642962899190486,17.568405944150438,81.893377334087432,-0.94249361910388441,29.953117601495116,76.314784017247376,2.4729157724881041,-44.676290797188493,37.310236631582242,-28.881984622752309,-44.631016146260066,65.467658375634116,-27.083972896886163,-74.432136161711924,-6.9988277762406694,-62.086801550878342,78.177008056676769,49.693486517200306,83.890795716204636,-81.11439336592214,34.273591639175883,-22.327058502625768,26.797256789105415,50.185534562009678
37100,-66400,2.0172374010117942,570.09016067474909,13.650966892896694,304.9611227295552,71.923919007609882,190.89232873902543,136.65589707390995,752.77440288182106,129.25872584488982,368.05136112127582,603.77147525653038,364.49308812595666,168.17000487267205,148.41007010699715,213.127233265445,83.539977646601244,602.75748255448877,706.08874000253718,76.717922710780613,389.41415124462344,860.64907628419815,292.51274066605237,869.82387696229591,564.16786083210104,262.5089595615882,871.15191214850108,941.46435021022967,29.216935828993456,797.71146503740204,779.40380050371539,947.80279557425888,268.33467437729007,120.67116849898127,895.62030885870172,342.98000850782466,835.3897542643806,475.81728242482012,920.77927828529596,414.4818804366131,432.34424122975486,509.1611590587807,528.98505504219952,706.64474978705198,636.92298336263502,334.87580631704395,598.28361398372272,259.50519309946515,105.08896017432187,305.13371022025495,175.35605730485301,570.78335701743856,49.780050227243123,239.84052895112367,193.25265977400321,627.04986641907158,626.3695870863811,346.17932603934014,221.96323478063988,920.81457218206606,901.15612405814704,265.88812904950828,437.67189526288473,129.22799792430521,178.12430701214697,468.89802473953199,843.26280330824443,816.88675237800737,915.42362149737744,545.37853446387635,627.86423160157369,140.82553311096692,748.90166762998138,629.15947618960467,469.99523823468735,783.95571829483981,100.58241175431803,338.00351651860041,801.76624796746933,296.2775798161652,652.81932743823916,627.21533210227813,800.74381519798419,52.928382214433185,192.32001802653247,188.66934302526218,829.45881479300749,677.02900449476442,422.38283990563855,96.013757975593393,456.6314992216536,411.93994390640353,450.53183200044379,742.68784720129497,26.266812455813827,395.38722240158427,669.48741305139879,428.62657831849054,712.80875194598366,587.8928622781566,196.02659970623262,36.774851954822182,-31.442814450649102,-30.157796074899181,-36.371843339775204,-34.915823657609316,41.905690554082071,0.18820852120053644,-82.948162779115762,61.767667992833935,28.097015434474649,-80.41829963281063,63.183653714006802,15.211894410410773,-44.075158678027876,18.571014852346675,-50.275366463988576,-58.928333585756,-9.4231394328055256,64.847780625037529,-33.280950961534309,-65.507556763250605,25.565043502039536,11.136069867941409,-84.53236563602465,-24.943707258164647,31.188532413956928,-74.578682808812417,-27.79053639371292,-29.740349579832017,44.744542165333456,-9.2422527353173169,-2.4126040091205168,53.960255874122034,74.890369823129816,37.55852853641467,-63.356380905706729,16.821258619078431,28.783994064938192,80.710531233214809,84.212616846246902,-58.597606090585295,-70.040263852272318,52.981681885774996,4.7941880647972459,73.188126825197457,-28.572684492033037,-69.151685575428544,-10.865252668737899,25.697384284553245,-69.798856758476475,17.134624380110093,27.598928631757477,61.17152208216239,35.049554660562343,23.387437065038295,15.605426542306692,16.789991786381304,24.671680280842857,-5.8907881158547184,57.337406870391362,-69.870308047622984,49.865321984779683,-37.605451444328999,-44.579922205478958,39.966004859448596,54.707162138458216,-72.045810502554161,70.753268322133778,39.442429799703774,-68.623915327223045,-52.473656687832467,46.177800890038121,25.543301810548119,62.240556958714627,-84.151831208570272,-17.39686488780643,-9.9621409603443531,-34.181510247234101,-7.5517084392589995,81.884404290017343,9.8902755018308675,30.151038701921554,27.396648104337743,-38.796808241380383,-34.270928272121303,39.584914949533427,-35.263118660323464,-26.687634193298553,66.782354855777754,-25.544020826887603,-78.907149350629666,-4.1471429103374176,-65.421041660002928,74.905580927381635,48.780135054163161,82.568566319288223,-80.780206782096002,34.512104447439249,-12.875077854186847,-30.18230837789643,15.482124472455116
13000,-63700,2.0175031535767589,1000,13.981145919012661,299.27628699712994,71.437227329211936,197.8492815454961,109.82537094021444,155.31791920902992,38.48552206796839,372.72552014022017,605.75026834318771,372.17395826339731,102.66019903043281,292.73125930155629,239.58554330482707,83.890917687513792,505.45929784149132,536.62914301207684,90.9283072983566,398.89032913303367,863.7709628874486,283.81475656991319,918.71117158433015,214.35382338186326,266.7541728844929,870.36868324147986,913.61873479134806,540.76250910023077,61.246565708567374,826.13737988804314,284.22688963868325,254.22551327953946,771.62443403736609,936.48053147009648,355.34359571013454,816.20376483030509,608.98462766902287,899.18003230322915,998.16689810699165,431.78909431875377,675.30516754915993,812.72522814930699,265.08273997222454,636.55092762795698,370.98957681329978,599.18755823264723,272.44298698652108,164.46725362389407,317.98288566479994,151.42507472225634,570.0573601578061,50.34128097168805,833.52457549407518,190.29410882976484,657.28786862386096,646.74270652784719,338.99691257299315,212.62945184970476,89.948829748077173,455.86863786020064,264.17176588960882,426.23700332447976,902.31699512096725,104.32425184995739,292.05235341298157,120.7374980514283,820.67109396818489,889.27746754052316,489.89072835931881,636.19699650199709,140.77434383166815,723.96764254050674,964.62960619557828,451.90676958214635,826.39201128172772,166.29972189185813,279.53963541350629,799.4756952798773,280.83668154360697,774.03791426782038,97.652395018151225,798.82664407619882,57.673232114648471,62.752685066110018,188.7055718769725,740.1861688715685,677.04714235244057,384.49118607973543,712.07132954962754,456.64464594253548,885.70264486530198,472.38365612135061,722.4500892478253,6.7099242080826542,422.49039411958904,634.30628864677556,416.11715658205367,723.82356586940182,578.09531324478542,238.01653628079313,52.265519815643273,-31.407139767148703,-32.24103219500288,-36.282962275775823,-30.924557750478556,49.308695176974446,-59.16352548030531,-70.302433117333536,62.082537904907738,49.175079838169637,-68.914603706729409,74.407294096489139,12.082646222141664,-44.080703413937094,21.47815791042645,-50.889687894064402,-0.68712708860893734,-11.771735477441231,65.203861958338877,-34.57810126546466,0.09324055010436183,52.580429894990381,-46.507283095674367,-84.721238822883166,-55.032043366156948,29.120226664887568,-69.839953065539689,-61.098981780338278,33.081351391648425,34.976768820481432,-17.787373770639796,-2.5881838388819269,65.496077967927917,75.038113498814795,51.713219718000992,6.7129297201294627,16.582852659653277,28.703751657096618,83.451316553968539,84.226000348281943,-55.701631679779389,-63.057125358536439,42.586783587752379,4.8494622262348281,75.924328598998173,-25.707856018410329,-58.097393359401153,-22.304018774852029,24.11761642409056,-17.578654805237839,16.864976473210223,27.178295890735814,60.810844432122721,34.113008395173303,22.558023283594487,11.503761054628022,16.903012086472192,77.293427353062157,56.431771213637518,52.221799472616638,-74.66227484528892,49.104534499375013,-82.963560067225771,-44.556410433318298,47.676982894495481,54.585236450433698,-66.656410233339429,-22.45043104797281,55.625048088355172,-68.474297967557234,-1.3823216802546807,44.935756470806844,25.647566251005621,71.325920769084433,-84.325226717122106,5.4021408603782657,-10.474887125132316,-53.127177461200738,19.584494269239944,81.461872551001889,10.034474970869434,32.044231522064855,74.241646331761018,0.98974322108866986,-45.759292212709504,37.402245947436029,-38.654472856741606,-25.266825096673237,70.6309832309461,-27.989580517719286,-69.499193262897805,-4.2225876834102056,-69.81412277656338,74.626447503485934,51.19267067100774,75.071235174095094,-81.064939191837865,37.54551139118319,-14.165488315619019,-24.489440803599877,49.701574181535413
1600,-49200,2.0225760098612429,1000,193.39928994820932,676.12568533431818,74.61270299786716,115.43132883531882,137.14728516657468,749.94043844521912,89.377099360844468,469.63368097090768,616.13103507100209,376.40341279027848,151.64629205962413,307.11406620889244,269.76026093841369,113.65382026871488,606.3325925533062,486.68633768902981,92.041350463203045,389.29733932601221,860.76461238372224,312.53903894307501,872.76874840118535,607.31087930594981,267.88781529220552,872.08855149271551,604.60726542319844,510.72692924576182,789.66218302096831,684.9822392098589,323.8651094785406,728.00849549604209,663.54782367438509,947.18779846153291,346.1366644322257,812.47137119154502,601.46552007486014,444.42934775385942,475.84040987441142,432.18983112676739,510.39007549640496,805.55920679689382,670.20670639916375,442.49338318826238,731.46014216755498,593.31635998279853,272.62841514979709,216.61329604950603,336.46001127458095,180.20495084434188,95.105124162793985,48.579249861215175,231.46149329100072,193.1101773165642,630.17676123299293,619.83179550098055,349.28715398655407,211.08472902904651,46.349013199034871,894.73065849006457,269.23879065479349,814.30012707831361,91.289806297950008,606.26815532364162,252.54820924648769,792.56511620489096,814.03030610512019,970.25027189876744,544.32708399405385,623.34712213012972,137.78100699820152,748.28580430426018,650.97289025561679,468.39393759359245,825.44083286690352,212.10027272847574,264.24547916879635,863.493116896944,285.96526253871008,645.69362971611145,10.371848559213845,799.08883532443724,270.52479182189904,42.267147017061248,186.48834433861023,723.55786754492181,667.43545641423475,375.89133447156098,786.92750530819183,454.48558562614346,830.0995011038242,487.1535698279622,722.10676198785404,25.902225549841262,794.93020718090213,664.6008311444117,453.19972375199183,719.34143326236278,587.88464649810101,188.73222914595365,52.45166330646466,-22.473445126168137,-30.976461195715459,-40.697576041534525,-33.812450527067568,41.854517316560091,-73.71513379991093,9.8598199065314382,-9.3955665241318655,27.633183138690693,-82.886932053759622,66.754614273138898,14.930868896027413,-44.081157028239453,21.550818487854315,-48.805859860578707,-1.7874010868737003,-12.240329096824125,67.895893893903491,-24.712823497479267,5.4146349154405762,23.173228733179052,11.204920836517356,-84.864514839735833,-24.914923666086832,30.781697819833685,-70.213294777869109,37.715099572605553,-29.977045446406027,19.804577557485761,-17.498791518809298,-2.1260618749270948,-16.593380965876019,76.670702386226964,53.198791841587109,-76.289254635044855,15.271093968135794,69.814086656282825,80.777966582582394,85,-58.932905403383486,-65.193039796553052,42.361663539582125,-12.925915602621403,-9.0625695999336493,-26.796117013293507,-73.048607258778034,54.795190203456627,72.89520023789045,-72.075393877555229,17.147558040202959,-0.89222206466582499,61.610587368191922,35.044559602826268,4.6634114141500973,11.538646516981679,16.751212409931433,73.851559890019246,28.099513183078798,52.59936357006476,-66.973609827089831,-15.983000697894079,-42.166773668613089,-72.583165632993627,37.357776059857102,-55.548837463007807,-72.080006790988179,37.666678539878653,33.087657709974756,-66.553851354646824,-59.537159567473623,-16.172124472317329,25.617068993680174,73.540226764728786,-82.406365833522628,5.2639426010145591,-10.076500458582158,-34.587666228141202,18.378893557018433,81.6041795345879,-1.0273362060573579,28.960866320111798,22.665336508063398,2.4910636031291942,-44.031515423694394,37.533086547910486,-35.529532295174278,-44.364294066612281,71.559515869972088,-26.917904097211505,-78.543295116878099,-7.4468826057590123,-61.32114509021698,77.032040895604155,51.295861908555139,83.902992729912228,-80.825511499634715,38.098173373334824,-11.865016072813679,-26.033958103537515,56.250850603334378
40100,-66800,2.0214373487628277,421.95525383874252,174.58639904305815,639.57664906382797,35.299460066491392,153.68810928876383,102.99301365955117,746.47880580720448,89.987836091660981,372.17955282252092,602.97630421167082,380.71910789529272,162.98174547044786,319.72625842921974,630.68000833274243,110.96865992409259,504.0007130785304,496.66611620449731,73.429191457139567,388.40140361729675,865.21853057825399,289.7375547998343,908.95191730098122,502.97065871965629,267.89730357303773,845.0259274717472,78.622958538615819,460.51480257693726,845.59212378379493,821.83050890178959,148.24606469187057,660.82977958524771,747.31663174523567,911.5320412954469,344.5080845483572,832.76903175011796,554.56670237820401,934.40993901451202,414.40648670810697,429.52290600854434,681.59948190267164,538.03288177123102,723.34458367053253,630.49477813827286,381.92401764088589,598.80191754861698,259.80951175106634,195.69781690652164,108.56103112388963,172.7392505479082,88.310881769990417,43.440282253660669,166.15503800437145,189.27870254321448,656.33837832620588,883.52669139887405,340.25718917150817,220.89768118987087,200.24763117769908,901.48247458382025,274.41596774083308,427.1809493291251,879.89382414637919,71.492007961093634,468.0209307600212,805.74642011467745,822.19612572464484,913.5615400380583,542.32273802690236,629.44664698374072,139.29709207076684,725.8359588149824,637.3762988608454,537.48524289257534,814.17315903050667,191.13067252269317,268.83993160602051,806.03699450346289,322.09542668442981,741.38239264617278,582.33726226705664,796.63064284717984,27.524105079559291,272.98150880024639,186.71620401727691,678.51274811725273,667.36667215937018,373.03285956366165,160.55959271492145,456.83292557898255,826.47463385742572,484.79537378254486,742.22512981312298,737.41934219311906,393.32218148659047,801.35200580726985,464.91416483200322,818.78365161535987,587.11136307101299,229.19536790970804,59.55997572772916,-31.276408581852301,-34.761572759633083,-40.681069022437178,-34.891186752023032,49.923200971755094,-60.219812708745664,-70.683426933081989,52.094697540798364,32.266064907994618,-76.88196208638486,61.222235344762012,14.557578418433046,-42.560704904873568,21.617734037992079,-50.293268692701545,-69.098285386035698,-4.2150303898613881,67.916555834788738,-22.872407556404756,-68.709352682991593,54.569960275014445,-58.844440462475703,-84.868924690017238,-55.139519426944432,28.982283122018377,-70.193864109981419,-70.716415712822837,-24.637246999364319,46.272610486010294,-9.0143020980917523,-2.400729124657738,61.004211595732954,76.531066931268612,49.211161673640561,4.7040266016313268,-9.062160068728911,23.819948299717289,81.386949194371738,70.612177727543795,-62.31232008519153,46.907220990030261,2.9420009200267714,5.8326671001241959,-16.323751159114071,-26.427475945244378,-73.46482292914537,-12.358397794569907,27.935347052989545,-17.712600523307032,16.764610505341089,26.733779369804488,60.601239439261569,34.109550233984507,20.892880320271885,15.952737351237516,16.754310435071453,73.148763280208357,32.192660729216826,52.314640706613737,63.468509214839571,-16.660636221954334,-37.503267404592165,-51.020698379623553,6.399559988901462,-55.985660682659734,-74.957819082215465,-9.8352739861588194,36.11181951890412,-68.434347701324626,8.2113531834258282,67.029703615606792,31.401091164807529,71.119186508830765,-81.926041902928532,5.440957163786269,-9.6637861848306219,-35.671394578008744,-5.7796826671078554,81.879355610632302,12.07430999471244,30.025379818704181,73.515900643253701,-2.7637204586749204,-44.651336110108225,37.327269244279066,-29.624301253605136,-27.249616536817648,65.294443414020563,-30.48310310445251,-74.693020696348853,-6.9821577160740249,-62.078848533790783,78.132401862343897,49.720189646535772,84.501233650975166,-81.12422924657308,34.371284734735944,-22.508724911098206,25.41115132071522,49.983440579144862
200,-24900,2.017426979286947,1000,220.80248361636444,684.37036779744778,72.399406038675835,192.17888961027734,108.22085170075601,553.09895499344668,118.83230265879753,377.49422847114374,616.44657858773871,381.22673447266055,252.08723073162872,43.82485374583117,694.26157915204931,109.17337914665667,504.20247693131813,707.84979294995117,484.26335972140265,398.70481697615355,496.20064831917023,311.14751106722883,919.49899538510829,599.01199980116587,262.29184579120209,843.64948398519493,886.45437071783829,126.40393636027346,972.79853133201755,818.04095429043525,93.655494489153341,263.02994990547552,30.031955415769161,928.97388043961348,394.32115442919365,811.25288219671756,552.3726618867139,453.66987166487775,1000,426.49636303278936,468.77156066890518,487.52771567607135,659.84886107619275,635.06053359116129,342.70556324530196,598.42531470988581,285.78599852835856,204.14786519412692,95.440328884428567,174.29020801385144,196.71675359780983,85.838142011736807,779.26691017817768,202.92859687284812,631.41724593153435,651.17823722783089,351.59813959619976,211.52436514940482,892.9384984863558,522.04492118630469,273.91029357743395,140.67440707166946,850.49136474334114,55.390660131256183,478.97416211586778,831.60105847981811,515.21439576935086,880.23010176300158,514.25019437047297,633.55516436390292,138.09323000287588,835.90448887242826,632.14126831288002,483.98172782220649,814.27678230206664,551.43340922787957,263.37892925080098,782.94407898083784,302.38676208094921,744.22238190438088,104.09231918798466,801.65819331569651,291.30244665432247,767.08865608090412,187.88605156822175,705.31135387413906,677.48907112332745,378.56574390677309,780.17211630619556,479.0540623608947,824.80750180077723,457.275825229492,741.22893129668216,49.162596826214269,718.1540237105304,664.71338203786638,79.838733137938902,722.69853683600672,578.62002075446389,236.38456467443939,13.460234950055137,-11.542077715517975,-27.300753453591113,-38.503546264307836,-70.750719072048099,40.42950780429949,22.24557111430827,1.3515904705513577,55.631653650491906,27.31864046094632,-67.166064792418709,65.340103416186409,61.448586092112926,-42.555985842758268,18.407330100469281,-51.861556413426591,-61.516724898767727,-5.2081047808170542,67.533861787561435,72.260457269604203,-61.955528812224266,25.844913212817488,3.0373100746802741,-82.558260096489363,-30.64857189431924,27.801030289313687,-74.665953957052906,-25.942648359700257,-17.442259198273646,40.688706435611579,-13.43126983823511,-2.7734523491236409,53.199653054567385,77.090079459761284,53.903107928672185,4.9977345333326193,-12.966312462417253,28.885996926275379,83.887428126279005,84.635282727817469,-61.983971913089732,-64.853930714144383,3.2802760003027074,10.048993237735736,83.31970881142631,-28.133139713814895,-54.487448058489953,-15.523706740154047,24.033148767168512,-77.714220720774037,17.475617081744566,26.480734646107447,57.767521746134626,32.622923335245282,30.82415738552535,-3.4082403446715075,16.442726687386671,84.634099843720151,-15.904512178587847,53.704733806063018,-84.312135827483559,-14.266746782108182,48.997514715166361,-53.09024887208929,36.783698600350142,-74.067111842605385,-73.812137050111048,46.583782462609868,-13.758772553155831,-68.583340140011856,0.69907369530253738,47.627274811690626,-43.285179372218842,68.40637851367768,-81.972350548124027,1.3456394600840149,-16.749875667471258,-51.972272157586154,16.004046359308791,81.467570969899924,6.034842259825032,31.135549202146745,28.649526366256882,-2.9180024638403266,51.885098689881232,39.719193039989428,-39.092872529257775,-43.187517332616622,64.271891000897526,-28.492411783595013,-70.33847583380394,-7.1661665773350673,-61.425668760737338,27.346295223401917,53.118749160944176,79.85726741311764,-80.836236234701857,70.798985813728621,-8.2589007574554216,-30.431976502743126,48.04587197740144
100,-21500,2.0174246658476687,1000,221.54788293738136,684.28838633696421,72.371828420338346,220.85257524516157,133.27194200459272,552.98995357837146,113.31057758034008,463.42301136617766,615.8654410651734,376.32587872151186,251.22268245724922,45.214585160607136,621.56879386742344,102.36338193748814,507.51850617872316,709.38280288132853,488.77225602983361,423.64037344201256,481.83363994650301,303.25215154548187,918.70266605636641,550.95356191193707,267.5798173778299,808.5743060761846,903.85654142704186,433.75015121089365,843.4692770326767,815.79697600674683,1000,263.30244974782772,31.185418160908881,933.94385015483692,324.03216414949662,810.78137222090072,487.29691399870597,602.24353053380537,343.025847973297,426.15430824815968,467.7913632206313,515.8039764073942,684.93423863433884,635.50883967109269,343.15643740412986,598.12269424297699,276.91004785538343,204.11949444361696,114.59640788977964,174.30444176478971,196.68334163428943,83.023784555042795,770.12698784952397,202.70995567946585,655.17139807784019,644.62290713198774,351.62494186188553,181.1395871123473,863.94785158099933,556.99092889996427,269.30894796213471,453.98796462284753,112.52758682629519,60.729602804392059,486.22992513782333,785.52405360109981,520.31738789201677,880.51108892335537,546.9983772912168,637.85815505840026,138.09587217207593,837.7347026782744,632.14617164337972,484.01016671716138,824.90553218908633,142.95040226423274,11.483623610440773,854.50890176045402,281.32322798085204,744.33049369912737,608.28492127554932,801.87621851964309,425.62124522093268,767.30459224232061,183.9898801745334,692.81627432489768,678.82610238150482,423.92499713588285,788.24415129779493,456.7188034846306,824.26774495360075,447.42906595363803,719.66231757519165,38.35282722198022,718.76630555790427,671.66858931687455,91.160642266764143,723.92830473887057,565.65771548696625,229.97463591330029,14.438515856581249,-10.075093197295503,-27.335091444411042,30.063315943764316,-33.925562266138343,40.461105876468636,22.216568857973201,-83.622834736885792,55.390036126866384,32.777305863677121,-68.820406385030068,64.812267949366216,10.971140427412571,-42.459215313319937,22.464768456059161,-51.66168383184155,-61.734190531801907,-5.2321077185987637,64.473837349792333,68.791820978449451,-68.31318824691192,31.523061943148008,-40.335389460920112,-82.573718071847935,-55.194667681426274,28.806523924824795,-74.658376664673781,-59.543888693769063,40.834146859883447,35.570132716693081,-18.481977058095943,-2.8389711884142965,51.632791322776505,75.020664118191405,53.938852906619289,9.3786710742152302,12.263112110339584,28.79796223757376,83.944219655420355,84.983667163917801,-61.937975716022919,-65.028015646629683,-6.382697310542861,10.022079793196504,83.320092295001288,-28.429776159030428,-56.514526810500676,72.557830454357543,25.712572480241207,-15.82096676049996,17.143534903173986,-6.3500184905823467,57.773731972018062,33.224398443871557,31.024296378462527,-3.1369125646995739,20.878706669982531,-18.708671899880237,66.250523918341372,54.369336622689403,44.605752141241815,57.277935183470163,49.407104814861967,-49.26283470382613,36.828318562547103,-74.58188360871705,-72.090296086374181,38.118007859245161,-13.989815370964278,-68.600064529063033,0.77665304671442059,67.185621925212828,-43.665636700808328,68.435430534122588,-81.972295577441187,1.3647696982520701,-9.6805728630078214,-50.782164780877999,18.664861608872119,81.919408544102311,13.763120958544869,39.847312336831472,29.825224372743467,-1.7021793430950953,48.044876740392311,37.533485925644719,-39.303576820335749,-47.530661760827215,66.056562379544388,-28.50957690272671,-70.458600399924947,-7.0281831676463256,-61.36322046454093,76.434765563534256,53.230930598651085,-45.327945994065232,-80.834667236397081,71.578218304094094,-8.4811530957070076,29.916732877676289,50.970654487206481
600,-34600,2.0214504897385028,999.99999999997158,193.4436399116083,702.9455555812508,57.32533622290039,231.18264723793095,106.88128423703661,764.66830923949726,332.56023219027759,368.21782983783129,602.88898429750736,346.44087430145618,44.332852111746639,257.80306144011752,596.56515804228889,108.90547084122632,526.45934177747063,713.06297391489795,93.186688637735429,395.13829475405015,858.93528036554721,312.41321710416742,872.16319569358677,599.66909052914912,260.19489239052717,873.68187209623989,602.03832107718358,453.03030750036601,818.91874939867762,690.22240195394613,994.63956424284424,682.47872450817317,194.68477416851897,870.03266236319587,345.51227528789889,811.91689415526832,477.54088735420311,595.10450876464188,418.11383407778658,427.96542783448194,674.24638027815956,811.57115368184634,317.15914478556238,635.15130971206156,803.68620662332728,593.08301870696062,258.95356816604175,215.62234314921213,111.19900851692664,171.53345924061915,210.3560279600554,28.858304581271966,995.32993894895844,189.08145884624733,627.37100546642603,877.79950180976959,348.57132197000232,182.87712555247967,4.7599648757550881,889.02214535192184,273.34604394625836,784.41796706933133,129.97086965695496,46.759618760072499,663.0339133102176,772.64515829327934,918.10122141735951,971.9976880666668,517.35002373899522,799.86792915742865,141.03512246598822,725.30361712252864,639.58466097869677,453.55749397530383,814.63484703398694,191.47853009750597,269.59764595355193,802.72670740610465,320.31493651838667,666.29935198044211,531.34933255943508,799.15466086112735,342.8330491794087,752.37740735083378,186.88548736401651,727.72958125195271,676.74215955297359,421.80746284439522,820.4601423596182,457.17073210730132,826.30797573545578,483.74226089540701,722.08110653389178,3.7231291630291126,397.25837709954158,798.02270573340775,441.40326847598197,835.47933018093863,587.41573940459341,228.78162853751661,30.369177144708427,-16.09513250875769,-31.338762806618981,-41.045015605959279,-34.236061484813114,42.449944058443435,-59.052484388694467,-75.918291748432225,52.86363486948153,32.091690710858217,-76.938350524830739,54.934230948813408,11.098183734578152,-43.776804311050341,21.906810231774479,-49.711150761768522,-56.042501558585322,-5.763904409884737,67.670446181555832,-24.047177449540527,-65.643799602057726,25.136356163314282,12.316457874342509,-83.3613116721084,-30.897853872637118,29.028950618218069,-66.229904516647679,-18.305208350319329,-21.053344030500515,44.798319065243675,-17.150050330205026,-2.8641160704174804,58.579304753376626,76.601582359953838,49.901722003301408,-83.186776625930392,-15.572551834529598,28.733683486628717,80.746438205924377,-36.863998247844592,-58.738678702468142,-46.33143556952411,-3.0145763073433649,4.6931610562461259,-9.0982639242362175,-25.854468557074675,-67.61117753643363,54.363381929850519,28.556181811167782,-77.255459219304271,17.146572940131183,26.032538363930723,61.124620852052509,-6.1039470728885128,5.2312479619151615,-3.3055948867185911,16.861376930834009,71.417610521391964,32.33417207246481,51.237995831390649,-69.711435784668069,57.122751467640512,-83.773415702926386,-44.317489327990302,37.812661680033557,-77.239898510996099,-69.317913827787407,43.942373341571255,-0.080287005697059044,-68.574812220097556,7.7696012307800402,-13.132723873825455,-28.984219573718576,61.468916002962011,-84.128526924063252,5.2807874121916658,-9.6947691579767987,-35.609739060026385,-2.1811903266429189,81.798539102578474,-0.89454713661828233,29.011507649285846,25.145704102777319,-1.8248014063987812,68.652166445605758,39.229012050236186,-34.498019524205624,-27.362795113534666,72.706789305695253,-34.394484616371763,-74.74927854738489,-7.0543436789793548,-63.612712959555878,37.963575899333421,52.833130392465719,83.889802432694324,-80.906433900681549,37.782760624521011,-21.871176424276239,27.6100128540618,47.523256225102259
800,-38000,2.0213246952578161,999.99999998803173,193.3868025728824,704.80152853379377,72.427389091049605,151.9025550144579,102.19097560093674,764.29394668119096,30.954811146340887,368.16968051629533,714.55438332120491,178.09943177723738,30.087130660475587,286.77577156868244,697.06938607180791,103.02063813682022,507.31634026295455,697.4464340880977,474.64499658432283,390.94843379910947,794.21436490810356,314.61943175660662,869.63240315239375,595.41405912509049,269.07138709388533,808.25645875402984,899.34920708242828,136.91268962132872,821.22179688615017,698.20602383143751,213.5417329764079,286.33797376919841,189.66445161005274,863.59302009493558,650.15202421031086,832.82248096864907,552.74392375786022,454.8497530170381,413.04072810397366,446.3041142911307,537.91070587824322,887.71624453778668,668.03410963809756,636.45747990196253,376.58255272981052,597.03343991385157,259.01301885577271,215.61180374991869,109.99513680317028,173.76242268482312,214.7425897022097,38.460690967850105,978.18269592952743,188.97297551436171,621.54602060340369,855.45617205127735,351.60129877143572,195.67073737162053,207.99074492607303,536.15079622286203,304.24654498695503,787.64230575476415,98.55238799899945,55.961522385435941,664.00462808019688,802.85804166161643,923.89966170360799,942.55615876115939,517.05512419286504,638.19312094792429,140.98057370252951,826.58387093158296,921.36496336220307,459.46166500903826,784.19525581250628,596.02093684829458,312.2616459841019,802.44007523773791,301.87947455346051,657.29486034925685,612.40332068012651,798.77174369937347,344.69124805879648,767.16131134202033,186.89589068539109,679.91063754783602,677.05459709518243,422.32943846772201,818.45044264359251,476.70157485048912,856.36060100836835,416.62636882689054,720.17040102343003,9.3616828840351296,430.79805354175255,671.58328089901124,447.87685953933897,688.01446452937694,586.74381263983059,196.4486175450977,184.76249256834728,-17.738013127833767,-30.267870659285812,-41.38501683553681,-35.792520159945134,42.127852718813891,10.059711119279404,-73.511495823480672,57.244689624064648,31.860168408696666,-62.191281535480925,56.390833491740274,11.703466431412732,-42.354773845702887,18.618928045603692,-47.462293073362389,-61.397748478939832,-5.7057406368177679,67.681160198281233,-30.558831983101491,-65.606585588291935,24.931029618856083,8.5916913590075055,-84.747539104839674,-30.606495252642929,28.43270343041096,-69.828154334521699,-62.979753712457359,-30.782691624477469,40.819668037319722,-17.086329119985656,-2.8747986593836354,-13.660131131529717,76.53469843042825,49.960422130787471,-81.224204757279239,20.658090647002325,28.750760986916237,80.731023785553532,-39.127842705733158,-61.936154060118568,-65.673750324435915,1.7560564024632705,4.5204460508292197,-9.193925559172623,-49.079641384346772,-21.932259534543462,-16.031146458333353,74.924716228329302,-79.2109167562039,17.120860497463624,32.665706625566912,61.591137708942433,33.816005869306146,9.0867569549301948,11.934983805478119,16.767943306252064,-15.049520713908144,31.946142727964716,52.301493765279069,-70.351474638289091,55.178432490555181,40.170354309702091,-53.707426376377953,37.72664327133441,-71.027846434041948,-4.6293321407300754,41.020876822798868,-2.0967448139883835,-68.580429483812622,1.0269238854838783,66.952206441401486,29.37535291413073,-31.459899773626319,-84.050428460634478,5.7205042492119942,-9.7099332748315064,-36.500537173015786,19.867053406419139,71.299223524135286,6.5289998862717447,30.245401731561294,29.324068665653762,-10.30162177418773,66.649129221978939,37.328568688451597,-29.115710232468786,-25.381459047346244,72.696498049142534,-25.36961533742819,-63.462310994539585,-7.0611425469452147,-63.700849310087158,76.717967498709086,52.977968428137736,83.726160098608176,-80.890806671193474,38.165335196349332,44.940654299700839,-33.284557924789283,-72.024775093844596
53400,-68300,2.0125833946909615,280.48038371077399,8.3334549215619251,370.59014278390339,72.493117251629442,152.00503596430383,133.36119474591075,750.07059100396623,109.28210513413083,374.22889853120557,604.45222067081136,350.72052543468658,276.38341777916878,322.80713673994831,234.93850189858193,292.87662401675766,508.09984814309831,506.84087144078478,59.400679579767683,391.43264673782159,860.91147289046228,559.61261262845971,937.18327884186033,562.75593066955912,269.83234174758337,847.3462031016054,32.227894360454684,467.10596316618501,56.574782199483423,719.46367822471279,951.06424789651669,655.68976708630794,780.93899613521239,943.61882250376016,283.14516569453156,818.65887997693778,189.85419758519728,473.17071583338895,366.04510552850866,418.40317433416209,658.794636578824,548.70456506970277,318.24112075231915,614.47990091417478,371.43098877324144,598.76918475209936,260.64283097507661,89.361203014109236,315.43211845140564,165.68075779703142,573.83718734879665,69.711749897179459,151.15687978209041,193.7710975637147,629.94276345890978,655.63366133547265,635.72954455973854,222.76692806840705,845.2963291214196,888.71700424050266,274.57190775671484,740.53905875331179,92.978161712474943,684.60368015235554,226.87727422782359,786.71720432769075,911.38441376501453,89.841055540766632,547.12618625654829,765.99061678879525,139.44916629980833,723.52779090066883,946.6500651719839,453.00131556671442,828.11111764215082,173.02459507932392,309.2105276494496,791.7480506327945,151.18943336419687,777.44068106489078,33.866400273147576,800.13721931690202,294.65442885924159,23.911995864827858,188.64732198877408,757.2704897218473,632.37994124311626,386.8174404583296,706.53409321626998,456.69524277016052,825.28086035546301,489.30662853983159,721.36615356899506,7.2271388923273401,731.89084471965157,644.81986314044127,455.85397772100043,712.10975647507541,564.24261864492212,231.38143702334537,60.080315596306171,-31.132535900261246,-32.280659631219585,26.775626884732517,-37.852780927269073,42.109271237938238,-65.651680626414304,-78.501114358249453,53.054684679855548,-23.227473527662635,-59.443511760650459,59.764069555052053,61.387537438140825,-42.537320817742113,26.253473466616381,-49.587145390558362,1.1923126243449014,-11.170041838876724,67.573916941641045,-37.17977167038498,-69.384632258033449,23.547489174493656,16.097542534146775,-81.815026816170359,-53.743919652176835,29.293492732959429,-75.205675693352305,-23.428826043083411,-30.417109228206055,-51.603549438138657,-17.828878489704977,-2.9764341766912743,55.99123432640102,76.565587185573719,54.612320623172906,-80.434267336984206,-19.459958722592212,7.8944861971190869,80.409788148322335,85,-62.141950745760944,-56.202608223395231,43.013627826269044,5.8079895777947694,84.372885410046777,-49.702881383168091,-57.386849325727795,59.585913578588809,29.010283510747165,-16.43837367567183,14.724857617560687,3.7866786352852726,58.360818392384971,34.826437419193816,2.5650205146216152,11.461133949332401,21.785011561977594,74.276015925513178,33.230212897074203,57.743252044050202,-73.873691209586411,58.218804155547765,67.267912072469827,-46.34696838642104,7.6095503908140483,-57.635646195376111,-71.998875271593747,74.77295839497603,-23.476349305140133,-68.618001421463077,-57.523550047105701,-17.330630206462757,25.861588620871796,56.352344485358053,-84.766387998059599,-15.245489161166532,-8.214293295578516,-35.473054016987518,15.984013069802634,81.883002507390003,0.63373112245129515,31.707695647249416,23.117822160820726,2.6094926503997615,47.11595976875094,37.540541500036895,-28.215209874980214,-25.380090349778069,66.909736201521412,-31.867533097187252,-79.03257415826674,-3.3360365475949307,-57.099629945802015,28.388502375568457,52.853889134638607,80.930956153693046,-72.903416706112949,36.114378623610818,-10.339036239040336,-30.521238215802843,-65.776710227526678
44800,-67400,2.0225803534717226,418.85652813738199,32.772786266726285,652.7924188149384,36.218729547961736,231.18381325563928,131.95374747117216,703.20906462386984,90.236556898338179,372.25128051526241,602.98090110648377,390.18523589547908,150.86449294465439,311.47547568357197,620.43898080811175,110.64980414967818,495.5509463685799,492.60256722356132,89.609904801887296,389.26297337257199,860.94248801366984,315.30980444478519,867.69941317657026,223.8259153072114,267.86265208919025,870.75876674770643,954.54355995684477,91.382246943473746,54.952414678211653,792.31081825170281,919.36607823396434,693.54811471107087,746.63130197640248,944.48927225863406,309.52819999497348,834.63316029219993,544.26638343546347,944.50097660748565,933.75110964203975,446.20201596533389,663.3454804572815,791.61051769435687,690.05180889128258,635.74512970990384,367.87178346003941,598.28722068666889,271.98169897650445,217.32336683271325,331.59591952570736,170.56681614063166,76.028071736042207,2.0750579872160095,784.76289612321739,190.75321900578305,624.33765542916319,630.90984102840355,349.56823066065658,208.54899597281323,779.48888295166898,868.38243918719979,270.57425943521207,812.19944781628556,113.55158502759286,185.98281503563734,375.72324175044992,801.72442056579143,908.63408584903129,968.67101310003272,531.39541799933056,626.98359312177672,138.40468757032656,747.28316986100208,938.03527343238852,460.22707586250147,826.31838700941353,174.34380936345428,281.24714663245913,860.32744919260767,290.40233716487745,651.52963212246596,578.77735065875743,796.51276303229054,410.33072240142383,179.48335217710741,185.76009939334276,725.14297777772572,667.53248180991523,423.04250741879326,147.13108051541377,454.06085390436101,826.84688913049365,486.02055316373094,742.91884988951074,80.311794253133087,780.46675067394176,804.67351843134338,438.89994073467636,818.98677056347731,590.78188759725367,188.2732403873529,192.45610659242132,-31.29143820958614,-34.717619132135844,-43.289300328995431,-34.13932520748272,41.537307217389646,-70.105495859433745,-74.537405200067013,-10.391052486051869,23.136679714522522,-78.102020984476027,61.251074852721622,14.635320151936387,-44.074834802684187,21.452069159509978,-50.388498182605659,-1.7525332777845559,-8.281873946354084,67.493433782720729,-34.745959532332506,3.2562183646059069,25.467802196554921,7.1863432869585413,-82.731093136005441,-25.60172629148564,28.851143704873191,-70.205973410609118,40.23594684356933,18.902233649061536,19.654387183534645,-17.649565423491755,-3.6194661723682011,61.335933676610559,74.978887389298322,53.325257018415002,-77.038697905826652,15.458206162534408,22.74667510173289,80.659066521943046,70.874355730010819,-58.613032726741224,-47.684334143664145,41.748661238444129,-13.379917844486773,-18.801668825447315,-26.690087678854574,-67.303011990320513,-6.9538695486338122,25.459978764986825,-23.622683501772098,16.795248341940876,28.135354080963097,61.069142443379931,34.131741734124148,20.059699468454365,0.41521562728822126,16.891594745260154,78.517323505999357,29.072125901306258,51.206910318558769,-83.058266291962809,71.554004845044716,-40.905713918922373,-49.99215218771046,9.1986934937372951,-55.94956901639906,-74.845588719919022,38.77643496711228,45.534683759806057,-68.621897544134086,0.25425751754008985,46.061874295109547,25.203854887308776,71.1765066383347,-84.008614128603455,5.2826630661171121,-8.7776099994832357,-34.642695974106296,16.705274904831256,81.886603136925842,9.5326460702062619,29.959402966392709,81.327498289650549,-3.1821392580162371,-46.060832323950301,41.078410174598211,-35.903297362818194,-27.594662326624167,65.410578549328037,-30.439853862995136,-69.279709895516191,-7.4867697210667314,-62.170115346800792,74.46748060888568,49.581414370632203,84.942165107786423,-80.504718212449617,36.089065337612098,-11.210392680938114,-29.259171986847065,-72.844904914332972
44800,-67400,2.0225803534717226,418.85652813738199,32.772786266726285,652.7924188149384,36.218729547961736,231.18381325563928,131.95374747117216,753.06840294661015,90.236556898338179,372.25128051526241,602.98090110648377,390.18523589547908,150.86449294465439,311.47547568357197,620.43898080811175,110.64980414967818,495.5509463685799,492.60256722356132,89.609904801887296,389.26297337257199,860.94248801366984,315.30980444478519,867.69941317657026,223.8259153072114,267.86265208919025,870.75876674770643,954.54355995684477,91.382246943473746,54.952414678211653,792.31081825170281,919.36607823396434,693.54811471107087,746.63130197640248,944.48927225863406,309.52819999497348,834.63316029219993,544.26638343546347,944.50097660748565,933.75110964203975,446.20201596533389,663.3454804572815,791.61051769435687,690.05180889128258,635.74512970990384,367.87178346003941,598.28722068666889,271.98169897650445,217.32336683271325,331.59591952570736,170.56681614063166,76.028071736042207,2.0750579872160095,784.76289612321739,190.75321900578305,624.33765542916319,630.90984102840355,349.56823066065658,208.54899597281323,779.48888295166898,868.38243918719979,270.57425943521207,812.19944781628556,113.55158502759286,185.98281503563734,375.72324175044992,801.72442056579143,908.63408584903129,968.67101310003272,531.39541799933056,626.98359312177672,138.40468757032656,747.28316986100208,938.03527343238852,460.22707586250147,826.31838700941353,174.34380936345428,281.24714663245913,860.32744919260767,290.40233716487745,651.52963212246596,578.77735065875743,796.51276303229054,410.33072240142383,179.48335217710741,185.76009939334276,725.14297777772572,667.53248180991523,423.04250741879326,147.13108051541377,454.06085390436101,826.84688913049365,486.02055316373094,742.91884988951074,80.311794253133087,780.46675067394176,804.67351843134338,438.89994073467636,818.98677056347731,587.53657688408816,188.2732403873529,192.45610659242132,-31.29143820958614,-34.717619132135844,-43.289300328995431,-34.13932520748272,41.537307217389646,-70.105495859433745,-74.537405200067013,-10.391052486051869,23.136679714522522,-78.102020984476027,61.251074852721622,14.635320151936387,-44.074834802684187,21.452069159509978,-50.388498182605659,-1.7525332777845559,-8.281873946354084,67.493433782720729,-34.745959532332506,3.2562183646059069,25.467802196554921,7.1863432869585413,-82.731093136005441,-25.60172629148564,28.851143704873191,-70.205973410609118,40.23594684356933,18.902233649061536,19.654387183534645,-17.649565423491755,-3.6194661723682011,61.335933676610559,74.978887389298322,53.325257018415002,-77.038697905826652,15.458206162534408,22.74667510173289,80.659066521943046,70.874355730010819,-58.613032726741224,-47.684334143664145,41.748661238444129,-13.379917844486773,-18.801668825447315,-26.690087678854574,-67.303011990320513,-6.9538695486338122,25.459978764986825,-23.622683501772098,16.795248341940876,28.135354080963097,61.069142443379931,34.131741734124148,20.059699468454365,0.41521562728822126,16.891594745260154,78.517323505999357,29.072125901306258,51.206910318558769,-83.058266291962809,71.554004845044716,-40.905713918922373,-49.99215218771046,9.1986934937372951,-55.94956901639906,-74.845588719919022,38.77643496711228,45.534683759806057,-68.621897544134086,0.25425751754008985,46.061874295109547,25.203854887308776,71.1765066383347,-84.008614128603455,5.2826630661171121,-8.7776099994832357,-34.642695974106296,16.705274904831256,81.886603136925842,9.5326460702062619,29.959402966392709,81.327498289650549,-3.1821392580162371,-46.060832323950301,41.078410174598211,-35.903297362818194,-27.594662326624167,65.410578549328037,-30.439853862995136,-69.279709895516191,-7.4867697210667314,-62.170115346800792,74.46748060888568,49.581414370632203,84.942165107786423,-80.504718212449617,36.089065337612098,-11.210392680938114,-29.259171986847065,-72.844904914332972
8000,-62900,2.0174879790765621,989.86716510199892,189.92673949062157,694.05582817419327,72.274049897600506,197.17760115059508,158.32088864430108,724.7528518406873,96.225432313871877,372.69700072276487,604.99640165967776,374.06935345565296,102.03254391763332,0.73927184587963524,271.77778742373948,109.8618159641356,500.46019300118593,695.69034969633003,89.780153316908454,388.68325106535633,812.96279911631245,373.26439925851457,940.24885856329513,567.64612223554514,260.64082276800355,870.88967911605982,954.16548697479891,431.91278518318109,74.423257554431444,798.41542978356688,212.256205950702,261.3417333297358,562.5887562731258,848.30210661968977,278.74920865387492,833.1498791654501,475.57084600056976,564.54997693048836,358.13265333304508,446.19415271665491,679.2484270659188,823.72956508945015,701.94822098667453,636.56249805237428,349.87519705878344,591.23554380723192,259.99446030529975,162.78830781161625,96.416410279370012,165.02890016923362,532.32629722870513,50.713162246277655,829.70941830389438,189.20627085620507,658.44967077117144,645.9711289753177,347.69816335311907,212.57299723333304,763.80099005677732,525.28218079924773,270.50523096711055,400.21142810494644,904.25555256601626,46.593044540030021,377.24153565767909,805.50776859054758,810.99312994293643,550.33115319885087,534.33579196920994,622.13489518079666,137.69914914926545,748.04450040848303,625.22559584976784,452.4859561739197,826.36865336946028,145.76436677030122,279.98132623480495,804.50348369587653,280.37173670731886,632.37023520481966,69.965409635649081,798.86460986403085,287.0173161150027,38.747831798070152,185.94215493280657,720.96236695982452,676.22368265337468,383.79460370406537,710.6711600724841,481.16201079338947,828.75949110950887,459.45146800877694,722.69523538922442,7.6335900343111973,422.46051389350714,672.03181955976345,58.837035790008002,712.19514828937815,622.45484867701134,177.97161262381502,202.11246717486003,-31.67384440867098,-31.05872041335304,-37.508177655401319,-73.845153156639341,45.781064273020597,0.05664385062547872,-70.175584902938766,50.674531004414867,-25.489746465842394,-62.424296147016314,61.631387873750477,16.82396684329267,-44.055808810023905,21.468077491232272,-50.877951582016543,-12.053146592982447,-10.685757981741839,65.046571440340472,-30.88838233256223,-65.546700892117158,-39.101155892432857,9.2307196419583271,-84.666311693541758,-31.027643465733444,27.882489334669991,-69.747165244046428,-60.618838940719193,34.437737003258206,34.465040397636351,-17.496315745710156,-2.5874685212641402,60.725721536319966,75.028570334642737,50.573933053721355,-74.999644156452007,-18.222007674606544,22.310481369577616,83.466011040100895,80.402409216591778,-61.625517722738145,-54.045753796098012,1.7581593127150539,4.7167748551619129,77.126341287862516,-26.033195326131878,-55.691478908999485,-20.796580386379823,23.880436729464218,-81.758397149911445,16.796315805035221,26.751402615050992,58.2058580035891,33.193723805087998,22.729638247458986,-2.9434400946165864,17.195186546875508,-19.371577762208354,68.929835911160964,59.808775284326366,-69.96924626338226,53.963232646058856,-79.356421618575851,-43.763686973231479,37.748174353407897,52.21832624444388,-70.469476407534202,40.768728399293501,37.091244855457006,-68.602369250546175,4.2002402704821948,64.316444830402261,23.009349158165456,-27.775391791731206,-80.683168083376458,1.3831806586854563,-8.744840213745249,-53.287082817900441,18.42038538623892,81.358656739804331,6.386898378968425,31.587041038505362,25.858036444612193,-37.078214054949186,-45.673479734862298,37.412373484384744,-38.68978022982585,-42.864824094999825,71.7016679678473,-6.0095738905740816,-77.197406162033687,-4.02675004136068,-64.491785553048047,29.497569599560897,49.451701473085478,75.491771905216638,-81.065157442051472,68.364053682976987,46.222875334934791,30.170053550989941,55.560950552823911
4800,-60300,2.0213206256335949,999.80390245457227,187.25271183342284,756.01744773354653,72.358142625099262,171.04157195778586,44.662027756702614,234.63211796622019,38.727564107318059,371.53251398995872,605.76343223023605,336.38692216723234,32.234781232999325,111.84234778552795,653.79924426277591,83.43713791664895,530.38490405796892,534.80088060262347,72.313084904551047,398.74700916359279,853.46362508791071,285.53642893091978,918.70209588242813,568.05208587344941,267.91269380545464,843.88719395864814,898.74508598237173,534.96109444010142,116.76979800248094,853.9852435250034,991.40864871283088,260.78476963287937,773.62945270477223,895.4324277041294,353.64978013906818,809.25662717902992,486.56719397177505,594.55979022692122,1000,422.87124092892361,533.25836023469492,488.34775967506459,281.9113125421128,636.54531999163885,361.95992649100117,598.16044561747287,258.20934981478308,228.9297656945653,109.37467934186273,165.87178679513613,216.52930624064447,38.556467827324035,232.42302876114371,190.27681400119778,656.53077426179402,839.91050921357191,347.31980364466153,198.02094405067029,199.01599554153768,522.64409515522948,263.81463270725402,815.79468724097364,913.63885929806963,43.878907269411314,456.25045539189324,895.32699527078285,929.48154237750975,965.72898547742739,487.87912313558155,646.67459199050279,138.46555964999021,740.1990646716182,946.64890462958442,458.20739882994667,813.06848134049062,173.60839773148254,279.51193452960564,856.90997914359843,304.49391104581355,760.34737259059125,572.5728898277124,801.98430290081501,344.02780559304642,62.650835373594575,187.56496193281154,746.68004815466338,733.53994283233033,422.23215401502762,819.42059856523383,455.30609418396119,825.27012116110654,472.02675485661086,739.17365269520985,48.443532639012389,432.13727598532682,659.25634662513028,403.42309244958437,714.97879231644868,578.62579227013748,191.62269942297752,79.271733769874146,-27.855370107620608,-32.317956911220804,28.530814455936856,-70.9674440332807,41.792554639070893,-6.8573191690042243,-2.4663535263909466,61.909506283677295,31.077011663652733,-60.547700227256577,56.707569084956127,54.709964731341657,-42.588790100728374,21.75489281779624,-52.338625597926416,-60.258799000523922,-5.5856613790738603,68.125835292048293,-39.984581322223093,-71.647161749383017,18.174933253036482,-47.02862196190398,-83.360505951050783,-26.701168497582433,29.573648780426815,-74.336040948372315,-59.305607901785102,-25.702708113533525,34.916518859962871,-17.101116923739859,-2.761645773921233,57.370036653096932,75.015922808829359,53.641181946211681,3.8272303955951941,19.506754637996757,29.129227313837809,80.746461238484315,84.739566584658334,-55.827548566521564,-64.266096432401667,0.50024754263248772,4.829776829629739,-23.398605481423964,-26.939599157990326,-54.518447502448865,-8.3147872460070964,75.025872833522868,-82.630486171456141,16.95233532490326,6.2608985487176483,61.658656314644219,34.110326662638613,24.698848275695802,15.104984912978956,16.56363500491673,77.958314812324147,31.427894767533729,52.084845696902299,51.068999325075595,-15.586653262924219,40.200631387866309,-44.475243871403642,46.743215004432962,-74.494986435781584,-1.159535355914457,-21.723264956584394,-13.255393731044091,-68.477656905768086,2.1283282909586116,46.935505137568185,33.500100692566761,66.212326313902821,-84.145863870277935,5.3414007677166246,-15.385191985057048,-36.871552795428741,19.952104951405218,72.02034796313805,0.79354963593685612,32.106200625310635,83.000959266515451,-10.185250104343055,-42.581839681413612,37.631395304725942,-37.818664286736045,-25.373563773956029,49.587701804627216,-27.828630152712456,-78.014267317268391,-4.0327787366503909,-60.929491000646884,76.547800637965253,52.851388221575803,84.352447332686097,-80.31585747882697,39.956866840999346,43.928304965314688,28.436861105267127,11.587814582864421
3600,-57900,2.0175070739017253,999.99999999999807,193.34910898413605,703.21677733914601,58.751510308209312,233.35650614547956,105.60008191334721,765.92379045576797,104.95932605657593,462.59077358173244,616.51397153291782,161.97904298521209,43.978788433777368,260.52281469847264,698.86666733783477,102.25160215643979,529.78632352764077,699.47148387363166,92.913288258484343,395.77881081471708,800.75174693079668,313.03151152493569,868.9616505865697,557.83934560551313,262.08089613752139,844.38762201648649,138.55050897075233,460.77419510533548,819.95184921427187,690.1179459063485,1000,685.33565706960178,53.466548788000793,869.07920230976561,342.84423541534522,811.12803906186525,474.77914678421502,592.52915437513491,402.27540238539785,427.10254812128107,535.7855539234979,811.79258846394464,669.89397830997143,662.93727655368025,789.99586751313223,598.5005345993228,259.00876188963758,214.64624301880912,109.18543006442034,174.17723417492914,198.1427161777556,85.539467708549097,980.32340440199346,203.25566459933881,656.86684762136872,831.64686563401631,348.65120892050129,196.45701029378486,208.80461442961985,543.4258033395073,274.3295053844526,768.4810826561029,970.62434172924782,50.543465107312784,673.80046306668237,724.3595749279076,522.81864382428296,974.50367814024639,517.25569639618061,795.6177877814489,140.93199436064222,747.79060222013788,635.44673595554593,457.21321935974362,812.97632295731785,152.19550700527722,275.76374017197946,855.6422448502625,295.44092373875185,665.82600229845707,556.0670771373326,799.39737010850274,344.89070512224407,751.91594019695242,187.63466975149422,734.64391408273002,677.1315208148734,373.54825345955271,779.14106873428602,477.00240327892283,826.95348390109689,464.38760919855014,719.90778600533554,4.0433176185380333,400.05038837504071,658.78688399947941,68.220845541585078,728.93308651707025,566.6553273307884,195.53189484398098,188.12391510097166,-26.321154358977818,-29.569701862855908,-41.322222262585463,-72.904346142732138,42.395425154481863,17.214090789567432,-10.190525486195924,55.487794359685566,-23.186350333196899,-63.098115443198409,64.931421500097969,11.534817395192343,-43.764601462412088,18.748021253818887,-51.681001748752877,-61.417159237456787,-5.19497831878141,67.682023375760153,-12.815786900595338,-62.157409911291232,25.2236299746471,12.568908151918153,-82.563813755044237,-31.04926361327971,30.021349170539541,-69.773976804268429,-58.002293004683452,-24.650320677676905,40.946094466792765,-17.138829457057614,-2.8762540115299058,-6.0862208343883282,76.60174817714686,49.815253513500188,-81.21047226468238,17.137396868243364,29.039097787732167,80.824590600923671,-36.85584147113147,-61.91381676662197,-65.796622001337198,2.8854233159994287,9.7837981254803239,83.85071949407947,-25.860062460424572,-74.448356485656731,53.436724118898297,66.245104457261519,-17.690509046501596,17.129846919249697,32.798378110235774,57.373363793834564,-5.3268967831063705,11.26612676419478,11.270919929539037,16.832998894002948,77.704829139708167,34.629857686065307,51.125567162686508,45.08402998299249,54.668253522834071,41.950837253239811,-44.821216938852338,36.788259095530279,-77.115026185759021,-8.8805394164190332,-14.666590231383712,-13.58453881308942,-68.574958901394893,9.2024744927063651,49.028543401730417,29.741659058190908,-16.14759759288345,-82.007758865179895,1.0693101884364258,-9.728984385128296,-36.287517479344608,17.265504710862889,81.02126491048945,0.037120041728225583,31.471969086153493,22.632009331026378,-3.8359089356727694,65.652745804110765,39.712661505120273,-28.483522703677011,-25.345661137696407,72.743417824661208,-34.038445167058917,-64.554219488121802,-7.0566452605273513,-61.163621286844752,77.8685286567069,53.06788088773267,83.890475896023474,-80.903729360027768,33.8412130564612,-8.9248120280531555,32.126275333949316,49.97004922812927
