f0,f1,g0,g1,g2,g3,g4,g5,g6,g7,g8,g9,g10,g11,g12,g13,g14,g15,g16,g17,g18,g19,g20,g21,g22,g23,g24,g25,g26,g27,g28,g29,g30,g31,g32,g33,g34,g35,g36,g37,g38,g39,g40,g41,g42,g43,g44,g45,g46,g47,g48,g49,g50,g51,g52,g53,g54,g55,g56,g57,g58,g59,g60,g61,g62,g63,g64,g65,g66,g67,g68,g69,g70,g71,g72,g73,g74,g75,g76,g77,g78,g79,g80,g81,g82,g83,g84,g85,g86,g87,g88,g89,g90,g91,g92,g93,g94,g95,g96,g97,g98,g99,g100,g101,g102,g103,g104,g105,g106,g107,g108,g109,g110,g111,g112,g113,g114,g115,g116,g117,g118,g119,g120,g121,g122,g123,g124,g125,g126,g127,g128,g129,g130,g131,g132,g133,g134,g135,g136,g137,g138,g139,g140,g141,g142,g143,g144,g145,g146,g147,g148,g149,g150,g151,g152,g153,g154,g155,g156,g157,g158,g159,g160,g161,g162,g163,g164,g165,g166,g167,g168,g169,g170,g171,g172,g173,g174,g175,g176,g177,g178,g179,g180,g181,g182,g183,g184,g185,g186,g187,g188,g189,g190,g191,g192,g193,g194,g195,g196,g197,g198,g199,g200
68500,-70000,2.0525121716384116,21.719318221504636,3.0108662985477537,346.94823086629611,58.671642363255287,135.98138757614694,106.57304785918166,823.63950444839099,104.33530133679275,391.8191831956845,616.61081141060845,97.25286389219778,329.06393603080812,332.65247879702338,276.39747970521057,333.0534913471119,996.84269952239083,716.16036861211262,64.769980297178563,389.72187309314859,810.35011548180137,322.55356171778601,808.73847717852163,546.6620589720568,261.73317848894544,844.24831120504803,87.676663412964245,463.23177391434564,912.76566673270077,675.11602811682292,36.371220027684558,447.47550780131786,206.18615327937172,985.62444431892266,302.49643832139191,819.32056262423566,220.2213092141651,389.76059268109253,423.85994189297048,407.64117932462341,547.56448275870525,876.86178853077274,221.89547744318872,650.38289310652567,397.85389258962448,593.79068846420114,275.95207419445006,94.466563446019421,314.70864898990834,165.04783139435284,608.72328999150398,43.520484426838074,957.74554330838396,200.51956344578363,665.91679947016564,663.33807098779414,370.24765046832766,440.60431417906415,818.84352263041023,449.85549160839514,629.61746052322542,399.67709865013103,754.29550687060987,811.30596791255482,280.40912078809276,862.40815900245491,898.50196915343076,899.19602899215647,533.88277620045938,643.69593362646208,195.19895598684039,754.73047630258941,532.5357325077,462.70701861754992,342.05689382630248,553.1281306829494,277.56076051616168,817.69006065695066,153.72965133828245,748.00252049204403,549.12074759934922,799.58411888566934,44.010540887614241,315.2412979952025,148.46303912777319,755.39214340117064,681.69502855324049,381.1069487193123,726.31899767641551,459.34379633707346,353.97704371484303,459.26736413573201,726.0351723815121,1.5949969878730048,756.90598550062964,813.16514308882495,437.52157942132305,811.90134836570144,563.17134582116648,193.37869344871598,54.969971579779767,-31.145579187054171,-39.559406709668082,26.250147931038033,-35.488823170491834,49.826005205305769,8.9186157839884217,-73.74596235727762,43.446154843118315,27.798902118205135,16.287984576271992,-77.817830060579865,68.444199582668134,-43.827378363623957,21.719312551923334,-49.473204220883559,-6.4815545705842634,-10.564511445325767,65.152332244508941,-34.176380296301815,1.9009411470519382,70.074099828020223,-43.111298433851864,-81.311621392989522,-29.041199654450025,58.489668223745767,6.3277022265507625,-27.098285830326571,-34.15546017999317,36.87937078176985,-17.068952927689331,-8.3593835910980818,60.465325847342676,74.944155561045463,4.007006531283726,2.0598990459886757,-13.662726826526077,23.903424444217997,79.537203680642747,-33.387213985897382,-61.482374766180733,-74.841314917735104,44.157164990756094,4.8624677930022511,-10.157897348348689,-25.794209386378409,-11.69667565708461,55.760769285172081,16.10924629396505,-8.7898624735097179,14.595440340772575,-3.2029445501423375,47.881953595483687,34.981214993521384,-77.157452104163596,9.5556478005786278,15.810205717240517,80.537889758191938,26.628205971307075,52.304001281977627,-79.967679470626209,-13.999160731621568,-14.151686679729153,-49.935425613121353,85,-65.534973048631329,-71.518872663415635,82.879614940808693,34.338547312895628,-68.575829970079766,-3.662358545672177,53.887960354405024,-82.349892728959475,10.260714625716213,-84.164433809248081,-0.22856868704291344,-8.5325606631829221,-53.246033823218859,-3.9700810124091799,83.90056041940899,0.10992671007805166,31.6224834669936,82.003590111504309,2.8842941609362307,39.989425591592315,41.090335528139491,-36.67851359376585,-27.262971779484882,30.192210830206996,-50.356726038766915,-74.58311684147067,-7.1829073303893063,-57.703336328450426,28.925533206988469,48.914559161677111,81.231663187979322,-80.501298419413018,36.801583359471117,79.130435385766972,29.619218366100153,-83.997028599194891
1100,-44100,2.0206277881729138,1000,219.68361311852919,342.1532416110914,73.344714272436335,151.69045657887375,134.94976601853261,762.65560865914904,330.98987773917059,472.22944155266725,604.41441302806834,351.12395813142689,81.874637215687187,267.98420541206264,619.96016389796091,112.19927717631055,510.44025889004013,704.84425344093279,92.398545430893506,386.95675383484456,808.60923387126945,318.32226838017573,912.05769340890583,192.26653952357537,267.55295693694057,845.54958772613543,609.7457853740674,434.17798074396762,856.24865404104821,864.69661799593109,976.60368563802365,247.87548771567882,694.14378046578054,865.07134849633337,322.34352890893376,828.3247158478448,464.77630445932937,865.86915532383114,1000,427.60042803317629,534.62488199646339,522.5930589057715,684.40148995406014,633.12934799168875,787.21790018362037,598.12714609111674,261.82620694235709,209.65088038617893,324.25952102100223,170.45546558492006,580.83590013725438,51.913486453411771,237.02727999746054,196.36955681634316,655.90052608620022,624.24587485165569,349.18067566655884,186.04919496754661,911.77736987228354,513.09272325720758,273.00817576281418,443.80592871572458,941.64869243707699,45.377092845168434,483.0607748729247,56.950370530059104,911.04662668040555,564.24856076016226,516.70695520423726,776.06070323757376,139.52082121668977,750.43980474461762,931.76446124533891,458.87596285859797,811.92054066005744,556.76185604483169,303.11203748348032,853.81392634599229,316.13419165233108,777.08443069701775,73.391170732102978,801.80042409160524,306.49869300573107,175.84675595404372,186.96400389203077,711.14171249312722,676.97855237525744,386.12533565799674,705.35795496041271,480.12246740398325,824.53080831071736,455.55694558680875,741.70486942461139,12.273594293024621,748.44049101877465,675.67802545945995,149.49620832075323,711.83963547760072,577.16903255869806,192.84778392987369,54.187430634352786,-20.505296093846763,-30.22197912904188,-35.03970093323629,-35.956377598116646,50.32935452078064,-68.457046114239347,-77.263974534524593,56.722514393890016,28.30670319496619,-61.952055405592162,62.178636507468482,9.7108442221947939,-43.878013780421888,21.637730093678258,-49.940838747143076,-60.246107245358886,-9.3832073629630113,67.626779334006144,-31.234333594531513,-64.294011502854545,26.326227211094583,-42.88115880922183,-84.985656703380528,-26.940198236449177,30.687285895311451,-75.122000739243177,-23.453861581286706,-38.138500293980236,-51.523585206634337,-17.178239404458999,-2.8270080051537732,65.061346068858512,74.897876688501668,49.510094421815694,-62.183486845321738,-16.895342622683636,29.038636657888485,80.694887486690746,82.567419145231597,-58.269834244858814,-64.523320170138973,50.194988183961726,10.350356309568028,83.280418557119901,-24.811032281525627,-8.1451000383235019,-9.9699206821085617,23.765804361314672,-79.217794065370867,14.470859518630814,28.357501093044469,60.783407542316162,35.890010204843016,-73.007789609105302,14.509220770607406,21.221810009774543,71.299247206551399,30.844890657803361,53.728452536664854,-82.084452711808908,-17.143729724037399,-38.703741159501554,-49.260919486419525,37.904640763277285,42.026607136350648,-71.804725290395623,40.3270842866077,-8.038385509842092,-68.61850421188457,-3.3288261501083096,64.748174399078536,24.878886913743777,68.555957666914168,-83.972728036592187,4.8512698787021913,-15.579986942082879,-35.785956333650219,16.661392692739351,80.364909326037306,-0.76393857013824906,31.778149755022376,24.16306145569617,-28.170578055146372,44.239233074480381,37.423475865520821,-29.203854422094402,-26.889327938435724,65.955251418667245,-28.561622774261906,-70.376005079942459,-7.1574887342408902,-56.389612922834615,76.469443634008343,51.31815226543246,85,-81.04119164972677,36.981701408070805,35.981920985417347,-30.458168609686759,48.681579420200755
1000,-27000,2.0209920245726631,969.77821198118227,171.55531455419867,693.26543272343258,48.789080833077513,266.40840821688806,104.39895902154908,812.11193792707184,350.27159047596206,468.73395111485019,602.1094027159786,354.54309664019087,297.53182032510824,16.861621960574041,633.97045385906961,82.468465566275285,498.97168768391589,707.8693286251987,71.349285969611273,394.5773160488306,15.864775745629117,567.94560629241801,870.72913756030323,570.63941968942879,262.3196055364545,846.88116025471186,925.62551529394227,433.01257552606415,975.77827585136242,849.67004587371162,101.53913539128857,253.55114820637431,755.04010484218259,424.7965789780676,335.09410388657182,822.19710910791378,505.64530736899502,591.4815681371573,357.55599563982634,644.87433144367481,499.44104960480433,511.24320374608374,682.06999950506895,623.01987082946073,379.46371252926036,597.13095358326098,276.06348652931098,178.78322590285094,117.72858967107582,175.60501720155227,199.63137983860798,58.767791307157012,298.67229471404727,194.98283653774837,627.59316866290874,871.39030317510526,347.12109702200456,200.09132338676932,57.613731919369556,920.91437636887838,269.27170281726023,434.82265226544297,794.37887179285485,13.551822107336434,665.30404064557672,788.48916528129507,811.91231118259668,0.15283302580905911,517.13353196428716,643.07089000206918,136.13553699225682,725.75601630756319,650.25168630446456,510.9804567272264,867.45587666463678,545.66749942626029,16.251613795389687,859.99651395645196,296.4722231761379,759.25483194264768,631.84702761234939,799.28385626727527,296.58344961755785,300.22324753474919,184.01164820110455,781.30494773420116,666.57248901328478,388.43688242445961,780.63845990211632,480.33060685720039,826.09603795116095,73.793682789185908,777.75915894385946,14.107512245115043,380.08400467369626,683.86477752114206,825.13817643338393,715.67709477185133,588.49983621941863,190.31118693883172,47.643461853805604,-11.950069606472734,-24.332070996626275,-38.268024705897915,-33.845232151057402,41.94411329563443,-68.162910836834698,11.965043862837501,51.532181768208616,32.872828974088186,-75.739483072578992,-65.583961107362413,76.344216146114718,-43.161516279705872,85,-49.863300005391096,-57.151293484573884,-5.1400971525464687,64.497620051692977,78.779385979644616,-71.891016290139277,-36.213489592650603,-50.147095924361921,-78.820437073678733,-28.818196215354888,34.815550165900149,-81.875005844905999,-66.628663045259941,-34.386023234521936,-22.574075326881353,-17.101079614878095,0.2555352019500729,62.60967671795872,71.932535507522701,56.253776697243673,7.2750833457851343,-18.171194349672174,29.017013981656572,34.41453746223263,84.477143859721394,-60.669805066094625,-50.888822282341621,46.172615802009446,5.9993307562098792,83.157831179311529,-26.628143277828066,-55.593497666149574,-6.3445406346889666,16.343215662871678,-83.782937701088784,15.783981487720872,-7.0189568255581838,20.111686966213142,34.571869007387434,24.437251200336895,12.679161750500624,18.341729561120587,75.054150488992363,61.694899983484028,34.472999599893576,-80.317463988678597,54.550372156870196,-82.188287228754675,-43.463560785495318,30.464087569718856,40.165162886114757,-68.599399351513128,44.814894085784758,35.031644670551501,-68.570070222971722,-65.333549253027968,64.5309456745956,-37.881361525838912,64.18560529519651,-82.054270000395022,4.712344088063154,-8.6842713757388914,-36.82812603471568,-1.4756982661304314,81.025732082116562,51.129417990838242,29.374543837173196,80.726855848315367,-32.956105454521989,51.545239276378091,38.61362516016959,-34.812548505010149,-45.132493728260293,65.66216640998077,-28.351362885442384,-70.479825031479848,-4.2859500721374069,-62.790148067462461,-17.202649699561569,49.345603917372081,-63.273708221624901,-82.057937566763684,36.984134084868373,-8.6083276184627113,32.274060045633881,49.493656619486437
18500,-64300,2.0579881072970934,909.62465113811629,7.0664054175360604,325.59961965358275,56.927159353753808,796.73243353489192,138.22225693701492,506.88640018801061,328.02415002185819,375.66120622808069,604.41307579468719,369.37245983986259,160.00444475142859,65.158361221863572,290.76273615760238,80.628161241255654,620.35454866709563,520.97462701689142,74.737188546867742,386.63926169587239,848.30846269370386,548.53196914757223,909.12282587383504,579.10503958930428,262.47021371785377,845.11399341730134,73.090128603314326,113.10065715604574,25.61385027040393,804.72559100350702,172.8559828117393,219.15967565466707,781.34342873632556,936.25637006425006,331.90268005872986,833.72732570162543,528.02570871858893,458.41899135563852,979.73926342810546,411.814851877725,458.97519979579664,811.80268876003959,680.35742425991225,658.32267816190119,344.80362349548676,593.94048485503299,272.44523015671456,193.01735823132583,331.65391043792903,170.71668322163583,573.24799630152677,36.508757275958104,824.34118841055874,190.54272784181714,656.53118177312922,655.31981650878629,364.30282044696713,211.03648771576354,784.49250360905671,439.5536004050569,256.83469204447749,783.13768045363008,5.4696628327895018,2.8107793248219082,293.69150275647132,880.53073749556029,898.50309514467529,955.09939138670347,490.50559415316462,643.54382990169938,138.39140543635889,748.49297157628757,633.60305155712035,458.83348337727563,828.05772760305808,573.98853646453404,301.96661857035923,798.97706412841501,148.18725324117079,767.37190041309213,79.809184823060605,796.69584727382244,37.563667515675974,169.24090072044143,186.6551187285358,723.3952803661972,667.37973756117674,384.23555443859584,133.50204183088863,480.79964646950901,821.70392885127421,481.85689628460693,721.40739456045708,5.1408861528626062,749.5084040399139,803.21921204793648,421.40774208505758,723.79429199414096,562.71066752824458,193.77940463790196,194.9437718087039,-31.390308587237115,-37.652545184696784,-37.663621571966381,-34.281887856353777,49.81936615083562,0.29854338989146711,-74.102458905360322,-6.7847430666953414,22.706468935781889,-63.108398440448873,66.308475754932701,8.2981686764339067,-43.721572112041564,19.39139322894145,-49.906735625439637,-0.94386270732019284,-10.300884299648061,67.687525463619082,-40.932871683606649,1.357794703597623,76.445878704920247,-42.564384413989991,-78.526875297273733,-55.080990475568036,36.828315985598394,-74.650760624692225,-64.444756182292963,41.129984821053043,-52.89193790655861,-17.601161842004025,-2.1990786209845554,67.405048796452505,75.073549180044481,-24.042588207686997,-77.136696706886269,-17.158938963761887,22.000472968560885,80.59769030144902,-39.498563794849019,-58.382120014218899,61.685865309148326,46.16511514916084,4.9753598328828872,-15.247972591769138,-48.714011999542471,-75.227379875477638,-10.661025228479485,14.043770583824921,-23.214313944613465,16.972100859647785,-6.6816583493204638,58.309020319213509,34.973904726839571,-83.650245504639841,-1.1185191559516863,16.822040786621397,74.746212916951578,57.507028541475556,53.477390983224673,62.764978510031142,59.353250351261629,-41.777128733430168,-53.109969701471783,6.7657447154928612,-58.513753006486084,-71.807061247563681,76.025132474811912,36.099550493483157,-68.475436154256187,-0.96670756422360071,66.803875663604188,25.800956730946673,11.692390813491674,-84.114685240597524,-1.4477519432036878,-8.5042831990662471,-53.774385514177403,17.37928293702452,81.266525211720193,32.210071309892349,29.887212786771837,81.700982328249665,-1.257904743937905,-51.641201755996597,40.84421465888731,-38.961117533027526,-27.324694840248906,67.055725989723499,-31.474336100772476,-70.070426624441339,-4.5072696101499483,-62.274846210848864,28.823979085053839,48.90061026835405,78.71741281153561,-80.509374600638793,37.52847417331764,-12.710833302004909,27.820733551593737,49.896011987610606
35100,-64900,2.055182733124119,504.94922611008303,193.20270180573036,702.47212191773815,59.473283115516431,264.68593322304082,104.58982697473553,811.33288891609209,351.63591949740817,469.38054341376682,603.04252132470026,371.56047623899246,300.93566471404256,38.290404546426075,603.91329808373359,82.449001358653035,980.38960285397138,708.29854167666895,71.254234330362166,425.2852584329392,795.17351941191089,497.23678619650519,871.43533348926803,569.88461933396297,261.94904481861397,845.0265504037194,69.198416690035344,402.12348406593475,975.84956387582451,849.63273168773605,101.45777076944765,254.70228062997532,234.56452007861628,425.17374598617158,335.22082250710741,818.57744296347892,506.13184175981081,586.90218175187556,355.96583276924991,642.49980890925531,498.97160375447072,905.37475751774832,633.96669014139604,373.73390284985419,380.56642295026171,597.18565486200032,344.09488839847836,178.51458172237798,114.49752898894982,175.37981873628698,580.60610757380925,59.222865346884589,806.7660647700385,200.19974721241033,660.84397087734578,874.91825744702055,559.34796317756809,199.7364049092858,94.677597190424819,477.44693879681824,306.91134144490871,433.60324007158471,40.278135079491847,684.83132043885985,665.11869843957481,823.80989089615332,816.93566270371275,2.7360772271566702,440.2687741590882,643.00711177244148,138.06637419849932,724.96258702152659,549.38224179618726,530.38757100841178,269.81959782136312,523.70727522999186,20.739970637452664,861.4055065046341,297.92838483841928,759.53126898760695,50.316182774754736,796.61411996987192,296.56405276558377,280.17426997201812,183.22953915793556,781.70661078077683,667.94678156756959,374.68401831816686,780.94356871240336,455.75065413621166,827.56466542379906,436.18846656106331,778.326915775271,13.762117502484095,377.22259900967146,684.42879332791915,450.18586437220711,715.60147692625878,588.50989722427448,190.30977546227294,47.644967778511713,-31.205246770517309,-37.750221653165092,-38.20561462920152,-35.10136255623771,50.078846026816983,-68.026776395180335,14.118936051113266,54.072838372169628,32.957009117800254,18.795390147918862,-64.632531884800784,3.826678719398565,-42.587643505954752,8.0723710424340922,-49.967099708191604,-12.497296095718895,-11.484779597330066,64.496534988067936,-35.116508899305892,-1.7007958448591296,73.538087743457424,-44.979809787663648,-74.208197862364969,-24.94313496078145,37.827395865410473,-68.490121731012181,-64.505842587591857,-23.362589145461488,-54.204237626565046,-17.101845866755912,0.14350205592108925,-15.503750169603464,71.934227389014126,55.311277019679238,7.2439690108629176,-18.124401021504671,30.487013355680816,81.943939105652049,-42.707352788745816,-60.655455007094126,-51.024218003606165,46.229487610614399,6.0505794643796182,82.715691837597234,-25.798406352945079,-14.462963520128859,-10.550441412503632,16.349657086348916,-9.3908917408494403,17.084339059807835,23.512223613152816,48.554484328285753,35.399504459296196,20.804733077626533,12.709304559022366,18.275797508608356,76.561465929749303,59.393790945401946,52.579559922377967,-79.565372336066602,54.540897553350412,-81.971919396530495,-43.249967416683866,2.2597172869554001,40.170555597455902,-30.891243854744612,44.82075410126653,34.095384476294178,-68.479825412740269,-58.568461738236749,64.512432487262345,-37.443051762122977,66.990890909526101,-82.193087794920203,-18.060121235234817,-8.6592615500437287,-34.292572080346872,-1.5053554052112186,81.02883004741031,3.9007832156027114,31.512917972259469,76.378364590064891,-32.456762061495994,52.109775301962685,39.66229568145453,-34.920448826630484,-44.596678794753927,67.033644984649115,-28.46587551626758,-70.429320578697897,-4.2190583409658178,-62.889731176716751,28.673897870163422,49.348225651767216,75.7230764929391,-82.085016780750138,36.983612889150741,71.879182365818195,34.022474231199169,52.582936998610066
1900,-49600,2.0222366296620033,1000,218.11122020394896,344.32374556192474,30.165779784984959,153.55692978996009,134.54791262944423,811.17691203947766,324.91745381066153,389.40257020972189,603.00030859055573,119.34000577773554,273.79633260744174,285.70969967608085,706.26899576537505,113.11490618519561,526.33540404738505,513.67328779031357,92.399353309378469,382.99516593765765,805.44663072483536,311.8982599104645,912.070073400306,601.75626992776915,270.73310818247535,844.93690284901152,607.99988130640952,447.74872010029156,855.9741989964491,864.52460898739753,953.34669926367724,233.77123630794438,782.16184055133397,998.0774663505797,339.90721135180803,828.59632471595467,458.55370370582341,928.89956352661784,980.16009761559303,122.05561826540398,665.82043590082208,526.59089905015401,684.35841291922338,370.17126465748902,382.87149933684117,594.0121446223892,272.54196880819876,196.6816407270685,326.3540606851829,170.53644234079073,54.767353490911262,72.021210521157727,262.45524030946592,146.91348493511961,656.27311348609817,631.92672529689844,349.18182978543985,199.43777094601273,240.47143538325383,509.04049632954309,269.92480890460956,426.80844803537059,15.852364097112286,162.67454099621409,381.37273388672799,871.64639777231309,841.25663056448354,561.55660686714202,533.59120755233243,782.66977326339475,139.5069168283033,749.78356311422692,951.11371496674337,536.42668037005342,833.47391684913691,188.92162189300211,301.32292635844306,854.22843424121425,285.15276558485823,777.37403133541329,591.51947953396393,798.51268438604939,305.99914136357518,175.73736112032591,148.18067700290717,711.58827562224724,677.09576803759751,385.98207585602751,705.34640296901921,480.12115596576751,824.52012377972017,109.18300064976319,722.19267618834704,3.9220230665773101,746.48643324993202,675.77223334060557,461.26357992141197,723.74553165211614,585.99132794043783,193.82137306714716,176.17140817949141,-22.923054824931828,-29.891589862550084,-36.570631682509116,-34.251306323054166,40.722521479008456,3.528318208101318,-80.722894972098345,-5.7391273399114375,-26.98888371431228,-62.191311169952129,59.386255759124865,9.9198453486005995,-43.888777164492218,20.108738267740314,-46.196149936725121,-6.1791439618484709,-11.336238355429817,67.495472024734781,-33.267899151082318,-81.107201580784135,63.637087567909482,-44.755460480287837,-83.306119889899335,-26.941821637174847,30.583116789649594,-75.055184769508244,-23.296567815528071,41.13215907255821,-51.695152295786727,-17.235957352424844,-2.9249497641087556,64.93817886363405,74.892307950551242,71.262195222324905,4.3666703641329789,-17.356920449215718,28.430791479356849,80.697197521469391,82.44935966222252,-58.568645930598969,65.407117528025822,50.497727232703639,5.0261607890123807,83.906727298765702,-48.326918101453472,-13.543385369419727,-11.815326652146183,23.730913219717451,-81.840773002917203,14.482860374710398,28.48258329521326,60.810179677302258,35.864105800890556,18.888092998490713,-1.1385819143247469,21.219499600093041,79.184360337924971,30.898276654980165,53.734359661366781,-80.808209350425585,57.12850625660711,-38.756130302500225,-52.218266737338702,37.914985256334091,-71.59038654560625,-71.818796746166669,-24.377042932892792,35.341847814071457,-68.62456436538281,-3.3147636498379782,64.751961839277996,24.532360388041536,13.1883870108677,-84.005686167815966,4.8516182653651292,-8.7809829734827112,-33.868143409731211,16.74437132521966,81.594104409733603,-1.4252739354807957,31.772552388923568,80.98063897018605,-28.554206537282486,43.461573232921836,39.529595961495012,-29.254699290681618,-26.035608386755584,65.199831013469989,-23.259758084673216,-66.244218751171246,-4.4534983045634471,-56.379899788313395,75.363039875942903,53.591710568889184,-63.955619396878106,-72.239071014146745,36.976421878548472,-11.850590905791915,29.33547114523201,48.924661532856014
3900,-56800,2.0178585643401932,999.76285327066341,173.68878410427178,681.40964372903056,35.635162816146803,218.36645329868705,134.95944159517828,761.46001796794121,351.19860362687206,367.17948328364832,604.44338450042903,367.42511977942615,155.3456177127257,18.931615691783819,617.32511804748503,78.97197669656272,509.47592733498897,707.89323299204148,91.938895400559616,389.08151161869529,803.96812294806784,522.89443441069659,934.57085680932425,538.38962262881353,267.62041250632979,871.78331669212264,933.13078777664509,114.74285229357241,855.9710981313591,693.23164634356158,144.63439989454611,636.9987126716768,124.3997282217216,903.94388306229541,323.82582967790745,816.9795007012525,589.40712825035962,389.52460340183836,416.97503911553503,474.02145042192029,542.61711205314225,874.67939052207817,680.92351938214074,630.39011145210202,789.21705276100317,597.74350054699335,285.54249201642415,210.34419501378045,115.03838138110149,164.70256352388432,182.02063150339652,16.615522826081293,721.10085649474934,196.25976652420479,627.74458245646565,612.54880943481282,348.9748272354102,189.32830891935501,295.20890792558913,913.16095320195564,274.27406800845944,725.66449570983355,824.9358688467878,40.626284325240647,651.85157701834839,15.688555123807976,911.55753973239212,911.52068598843562,517.39159619858742,780.23021440662365,138.43266676465291,734.39497263817225,632.05347639128968,462.55961180302535,812.09311917460468,154.64453113805101,260.27266803221119,803.64266214935026,291.8740407834789,774.23315429394893,73.439405326341188,837.15246348535072,282.35949901755356,772.306751267138,188.38672306963409,318.30218945271406,677.31491993703719,336.34975150514435,775.99805430412073,477.92731242205838,826.02940991090918,474.96329288720085,740.96450093934334,11.669733222542241,800.70295939452467,806.99448705796806,145.68289707017888,713.3686657271669,577.21822047802152,193.02021693975087,51.927914363650999,-26.609230843038542,-24.017249158730873,-35.044116356197605,-71.027743903235574,43.193127088150391,-68.739555760098199,27.41667448677423,-8.0242062344525671,28.159572868935257,-75.843390297440976,-58.059350114516519,70.282493352962589,-42.970020581727987,26.655797131840739,-49.937995072952205,-60.151344252739534,34.629180362257117,64.830251490510179,69.640566095274821,0.9838375663414034,28.3328931044996,-43.892409675456754,-84.562156249926559,-53.258323892344031,34.797972279509267,-69.939798210070848,-24.824596144324293,36.276587403226195,-25.310961172401388,-17.159592036699443,-0.30444519473868037,60.117696857459684,74.846393066674608,46.83584008961617,-82.177371442448418,16.513698089165104,29.044714532441088,81.131269156039039,84.671372069323652,-61.748234136650325,-81.681878436494685,-0.14705075158262026,5.1754850616223909,81.715904079777033,-24.54930757596242,-5.3575576879182272,51.447857555642763,27.876043558330558,-13.831193921307877,17.381284699909937,-6.6060066546291454,57.892653691862684,34.765264515951856,-69.253733142427365,14.562458735292784,19.268883218715807,25.192463776795186,-17.103103558199173,52.433925656576477,-80.577870613042776,-17.348086406119389,-37.229086348900744,-49.281378249959559,34.571397677032195,45.463924177617429,-72.185914786486876,-24.833996814754279,-6.2021017594912466,-68.576014203382826,-0.33953463388915139,64.401418198389834,-66.47578452848272,69.481562487201074,-82.221095312337056,5.1429491462426133,-8.9490552591973369,-36.5272542223492,-2.0688613879468267,81.678633726889757,16.098183271395037,61.736177627706567,24.099223131811616,-2.1361963850717984,-70.062142724236026,37.401578691099431,-35.960517818009535,-18.255444592995623,65.879738404959866,-33.021960281402464,-70.225599794671112,-7.1590977056104714,42.392535358130772,30.763700770353495,51.319357186367682,84.120117825608602,-81.028478304744723,37.141109800479896,38.73195158445553,-30.015257578641108,53.731082531221134
38000,-65900,2.0574729691397513,456.08486927192496,167.06267421377478,344.68995625386611,27.228459418261071,824.63506685761126,134.01846485411869,812.66284435765806,330.22039505375619,389.40508220144756,604.37796307552185,370.48153719118943,145.98542188086378,287.73351045616477,294.08115577119196,80.60870771893579,977.72684029046377,524.22411491949913,71.206622950795477,383.29338154358112,805.38938099494897,309.82441976537478,937.83227806631953,604.02014697434004,270.60318854123886,845.10017408960607,612.96288230662071,442.10422124528918,939.07410463086046,804.2515076464872,81.270605579523817,233.76644467381058,781.1099788917752,908.56870922660653,339.44450782873088,833.7704685534917,456.01492105162924,913.97359695647992,445.90017387623192,410.18306854418501,666.0938081533925,529.95286331950911,684.68641607492668,367.91336342110242,367.69078722249787,593.99472864413121,272.54687426281998,192.64002463264802,320.96205520473961,175.6255968426928,558.80659188208892,3.8158557030920974,261.58266991332226,187.50576519670358,656.27193802819147,625.0961551136927,364.2713761490279,211.1527828880661,225.89991339089187,441.00738587178114,258.38623853193405,435.31453149120279,15.743387089468598,157.75342123635022,647.86530345247934,356.78812452812639,839.80332332282842,905.29784570313143,489.27631672648477,647.71022565107182,138.15368229843196,751.25955483120276,634.36370299786381,542.18757211077832,833.88988098219875,191.20321272559298,263.33387547572693,852.27659837163355,285.75286902304168,782.52360067105508,75.451488052990328,798.50882737453935,308.36020862575458,289.90308610231318,183.46297425090765,725.41600074045755,677.98390648094994,386.00703084932769,705.98654580337552,480.11290570457413,821.51283397026862,465.60062415673173,722.44324891259441,12.87428787896074,870.78541896715194,802.25744875615703,419.17669798606175,723.13002450036788,561.80168372181765,193.74514479989588,52.23036648480646,-31.093736768543181,-30.041731413704216,-36.653573721857853,-35.037322533604225,49.935185766540755,-0.24238130938832825,-80.346466332633725,44.230116607141326,26.875720745990566,-62.398075194064397,-59.064014582177037,67.604086448968218,-43.720464170109686,20.072639408708223,-46.275329421691453,-60.206173277492695,-9.8267726151941215,67.498320830729114,-33.289676007752519,1.5373898195382765,63.626479657715286,-42.639605573816119,-83.305203136581824,-56.908431660369097,36.798950584585384,-81.899504632553487,-23.251461272647283,43.898366423693268,-51.758040243372193,-17.194218730805169,-2.9417352010606796,67.215507345137041,75.023888988548805,70.298202183967732,6.8846599462079965,-21.384154991216267,28.391012185689135,80.724751331705633,80.445630005343489,-58.696772401215888,60.69533597725124,46.138922612831685,5.0266745976543312,84.017782869761078,-24.235166617761358,-10.881572029767179,-11.78687322768983,16.262478342889096,-79.026096695881193,17.034975376692795,29.347421104290042,48.353167904995921,35.397429362491629,21.262123099505292,-1.1446180901273619,21.217264104976937,-24.151819169356717,30.953171404869693,53.766570219592964,-79.116206474098419,57.005311991727069,-41.310739679265417,-53.198432742201788,2.4588739297270976,-72.190419578110365,-33.882571432586019,-19.824384944279725,34.667511719340695,-68.619788375798876,-0.098232445761336606,64.77091753464056,-35.834982382130526,11.250479587371307,-84.113661985214492,-1.6327159881484632,-10.209555002181951,-53.634483300379877,-5.3196909534238035,81.293301416169797,-1.1855736654712175,31.768356909288819,51.186858043614826,-28.176833877411795,41.859080839622422,39.544267819671809,-38.882970481694556,-26.019720375065084,67.041702880127644,-32.052068428478968,-66.43406281281942,-4.3884754682491991,-63.008096649265624,72.904183326596723,48.998857102997036,84.087707244530236,-81.47985285550422,36.982736563315669,-20.049157382091526,29.33599403547678,49.871611340597092
200,-24800,2.0173468608843477,999.9794298616298,223.46412333581262,679.48543100889492,71.577693547078127,219.48569370411744,104.19357714449939,555.76874843549479,344.0550141643842,376.95951273297464,616.98521642543085,369.50420883233619,124.09949798283351,4.6544805028537173,694.41945866148603,110.12508988967153,527.92577370332367,707.86292826018291,70.905142727852066,394.65901925656254,508.99357196959443,545.72529329025292,869.74908613422804,600.51905915562554,270.64238054044165,873.38211406555456,896.79659977573601,104.53826235450697,853.38131132169553,858.75221348664832,981.27236026528919,248.63386297686492,35.628250179780203,49.96983110073819,392.72860686539815,813.30885615925706,483.33332207322189,595.18383560708412,422.10556876357589,416.1008629960653,536.89694769039386,513.02650473200981,670.28779075978741,645.91157280439938,366.57200029654615,598.20641707726111,286.51345141634448,209.758752356043,292.80039810613243,174.31809627460464,188.17685604359804,28.321405560809978,248.16678119471518,195.55270267131246,629.90183671481464,648.61988213570203,349.23288020624835,209.73582632795342,49.803367359319779,536.11559212990323,274.61084792017238,142.29823421006554,948.37953051377986,1.3815686368840012,650.15900333168054,57.448121024941585,577.51147972323599,914.31657964550095,517.37949595772739,627.00730749795912,140.14885778696245,750.15189763273327,627.48306311360136,533.18535794194065,814.08060395416578,159.74242337782931,274.82979987448641,802.91338171420682,288.67896997280087,756.54569503169262,90.897640894663013,801.16066538714381,301.78857233383451,782.383691286371,143.56627339728107,286.06302977062796,677.36750500575795,375.05140809466315,827.8409438813012,480.29841098740872,826.21336401786743,135.33182581921207,737.14165866655242,41.348296281534729,787.24045328015484,665.86552915619689,463.64434497511348,718.99840128305675,586.89223747176015,228.54925016318415,34.87321109644104,-11.515287016813527,-23.812338980390876,31.896899793659319,-35.843162761772156,42.057360119272431,-61.635266659767701,-6.9674646180233424,53.779443919812962,25.785787279113364,-77.362103537625757,51.438239163430907,59.601349774303628,-42.44841724532008,18.391073115472164,-69.802540911450933,-60.31914749083036,-5.4919930200487954,64.818528821414773,76.192082915262986,-73.670562342325979,28.638659237122564,8.8227797663183765,-82.591228740309276,-30.235435220088583,34.570937296704159,-66.643146448721396,-22.061758644959397,31.142424732821738,38.749745236252785,-17.085493250373599,-0.29354505709570622,-14.530839884521292,74.601571867716984,53.856561516842106,9.5957090899724093,16.040224406371159,29.211170443121187,81.314257214221058,85,-61.743671171747422,-55.053606231726036,-7.27597327143366,10.73950717170119,82.533630818000518,-28.152393113635352,-54.895122644395386,-11.594821071808937,25.639113852652216,-15.184950379341657,17.465565480328326,-6.5751106917857758,61.086011788585736,-10.382757462508673,24.065961129641078,-4.0823842582827341,21.474447297727327,79.238617389407878,65.037619537861048,35.064861707984193,-78.805028748253847,55.964228479443349,47.603222169674694,-49.037260509094075,38.370737731532628,-82.255000288515731,-73.745977841885875,46.919218054351028,35.658940115408512,-68.582641907274649,0.96665901803197585,46.923573911926411,17.855285725578234,65.080197087534572,-81.964222444341672,4.8341305332803035,-9.6780822105469131,-52.342369465340589,-2.2710568192814038,80.863921721649689,51.319044019587778,31.659791247496027,23.595543803292511,-34.471559242430104,-71.340460654827751,37.446746174563494,-37.558627402808114,-45.356621005072888,71.940272815170658,-25.456620125339072,-74.574796683631746,-4.2555712628089948,-66.561652949524188,30.855274853639692,51.369612957212496,-67.336170717979144,-82.252946469594477,37.012948230880149,-9.7442327123812706,-29.355485571576615,51.947368157953875
10800,-62800,2.0213599404060361,999.53865058981921,76.770767278878537,329.88518909976511,75.115471600006742,206.33005905136358,134.77084789474773,498.58753672009755,104.48715282491411,373.21325055601017,615.40252325375809,132.20680428083026,312.87637140410015,399.65809959083879,637.83153172518303,74.371422405351325,536.56172499947183,719.65550642658866,513.17763681743327,424.07955114504773,777.01188515469482,324.71641620987543,935.42532790395637,565.37440813633123,270.16567253030769,843.53805093105041,614.6456179203816,447.38618235220389,46.529366713259606,289.21548395469694,177.57154380775648,221.15335873824188,802.80545918575513,937.79643947801503,857.19850064766933,589.79800908684558,219.4784217243685,393.33407551768317,943.4898683727356,134.65082740167151,500.79337055425395,877.54059128161225,684.30937956331979,398.10788068489518,397.36274049076349,596.8049711876464,272.39741241322969,357.65805139109796,329.35477357301414,176.53622000403456,572.21184867393038,35.347762523094843,832.97014733297783,141.39552205806643,665.00758988389111,649.26211037364158,565.34553221126203,201.56178847261026,890.96962554277638,963.15548313779391,306.36010807044721,708.26453217806898,14.096040120693354,10.562665002434287,642.32548138089328,812.59193260989173,915.86410007369113,497.90551110460842,536.58426271219662,646.5566682399425,190.98334504987469,726.18686078434655,933.16573891987207,548.40547614448656,828.47772232107832,176.66540224658135,275.81986894190578,800.30312863349263,168.80007876232352,627.90580795577819,623.61178963168368,799.07210420158651,305.97327858427201,180.46815896304656,151.36592631683976,752.45725598798731,630.43310366911442,361.4329768535224,79.52688123905574,480.77500065096234,824.82542752096833,94.981944481049425,721.83303115322997,277.5758963963757,750.80957619275057,808.73142360986162,423.23868292068039,717.64819849185596,580.06013256086032,193.77835407756308,50.809500102796804,-31.400561116960077,-39.500936513345486,24.240210564894106,-34.816527528071319,41.013694269640958,-73.55727999552272,-79.676062922850889,-10.291756627787166,22.804699670929423,-63.253039591337249,-51.799472038332055,8.320840556321965,-43.851162426615197,24.427533436794004,-46.533409587459786,0.43042227856491566,-10.263765118552245,67.480273062785088,71.389790908833419,37.097040192363053,76.908191474125971,-43.04957731028793,-82.690388857744807,-58.26543605104402,29.129601887364615,-74.920913548231155,-25.709239321596669,40.359634552737276,-26.502934822789783,-17.59749196669847,-0.44049902573154753,59.438725367124476,76.541543018949497,8.9873735276662536,-12.826552999030362,-17.287424021130171,22.017120750897131,80.818140760437899,83.537335015888203,-24.944802013849245,65.647419407433119,44.501150921873389,5.0188921274225304,85,-48.644736527560859,-72.593925845637557,-13.857495899887283,24.142624832734249,-10.919395387338042,14.50804010122026,-7.5206649887251737,60.813054616348602,35.273955814780372,20.927153597262418,-0.74544224344346854,20.899715308744835,78.078247048931047,28.301366702007154,52.415101355752796,-76.8964604337407,63.549944156161217,-15.907161452417348,-49.782926173155872,-34.115140452936792,-59.05500360959811,-62.769854216358269,45.048838358924975,-9.3320346832079402,-68.598770163205884,-63.995715247774427,53.515267933912099,35.332043299977634,-16.403182324221127,-83.995898039068734,-18.083073619041546,-8.4991107424317764,-37.445866006392805,-5.0824073929549733,81.669845136612039,34.982898324984049,29.751200666651748,74.862493383193055,-26.194573265776881,-45.666743944883279,39.813618463630171,-34.497875944975071,-26.02747775133291,35.298928635013198,-32.217321920009908,-63.616523310081753,-4.4556235081771058,24.642430984280619,76.754317508499696,48.905626879479811,-57.71717218285076,-72.696358669560027,37.023452481106581,29.253030301039416,29.441287473456171,46.116203569900328
16100,-64100,2.0216783919156822,954.55714072853175,3.3953158535495751,346.7699553328045,35.631815782427708,151.54566341878547,134.21005252711106,499.48487636300217,13.15169460499969,373.73431372586265,600.72080970467061,132.43869403556209,159.73233045989889,65.259075209127019,639.38570256163825,74.371602600682138,608.93954704840166,518.87601691194789,506.00409155341481,424.06291755895575,845.56094124537492,325.56565132577134,911.64911948932865,578.94706247461056,266.72300442376979,844.04053777928459,616.37185944712212,447.40130593878928,46.569390795855355,697.87372331188953,176.89528419464091,219.157688367654,778.17138574802811,937.55113801101402,300.63673759089846,813.65369897618973,527.55012660069428,613.23363917662027,979.33000167861815,134.24970445086436,459.50816256277835,816.1550061640487,680.88504829833664,406.88920840390631,345.04164530900442,593.83812126107148,272.44630257175038,183.12804483499301,329.42032858899404,170.46984814244604,572.60636495923484,35.350637210916489,850.00531105156801,147.15680121214203,656.49378697304894,652.53979260913786,358.79117710065674,201.66466526867998,886.2943251356678,993.3182661931105,268.9650089803846,782.08271094445558,14.132445453165111,164.70193356854855,267.98161749041174,859.87554608906044,899.31389896057669,954.96516077101228,540.47098862127962,646.97924341669682,138.39804541999351,749.72399102960151,929.09844016229647,458.31464734065224,826.76601200328093,176.48732079840187,301.76593097543025,800.82353957125531,168.89476579955581,765.62408899793513,621.73976009661465,799.08862571094232,305.96347297744541,168.76504320243092,151.3212059190945,751.66391543253667,676.89280787515497,424.37353354433242,134.07352092929739,480.80026511324843,824.84128980762694,108.71374050600024,721.44203159245978,870.24025389030226,750.14930965783105,666.83809546453176,421.2211400698713,723.79516631706701,580.06007048002459,193.82469228877389,200.73474538513241,-31.406974353991803,-39.5024438071788,27.66540347890254,-34.282238835112253,41.000231771026868,2.4966612550134233,-80.816453459703538,-10.093343265205458,22.775993313554196,-63.28815191271314,60.654450941994831,9.1228279517889064,-43.842906885107773,24.9074355050086,-46.397438198756824,0.5517832157472552,-10.301741962753544,67.476599204024311,-33.465781690478835,36.94447891350228,76.449320820589492,-43.580367213975101,-82.718859084617378,-55.023447353418604,29.192349737615288,-74.869978847797341,-25.71335623657459,41.082712352250837,-21.545357598989256,-17.601277008630696,-9.0744621287127707,59.376995833070531,76.553892392945926,-24.543673266125335,-76.678852150937132,-17.287746216630481,22.000175080079501,80.746327495002788,82.436684412169242,-58.436495107582921,64.160670601541625,44.551999998749572,4.9822185677732342,-15.121669977400524,-48.522562656699286,-72.688966006286151,-11.849754499743014,-45.212319270014675,-23.066422924156416,14.47188920235112,-6.6818362099220074,60.811384276371413,34.975123416888373,20.372285325367965,-0.98069011864956834,16.867046001442155,76.778044243647543,62.43319218753355,53.467022126234433,63.679754520906286,61.370809614565665,-13.97090256937426,-52.069234389456476,-31.452127187975353,-58.395898346770323,-69.931339225549678,76.0942217532928,-9.6491478220543705,-68.598737344620787,-1.5035519073365329,66.713326636093001,27.718806409141461,11.70159785614349,-83.99567631814179,-17.958695688640429,-8.5397013156288857,-37.839149454365604,18.381605350876782,81.561867685475562,34.045088618920055,29.924865547427661,81.048828335183387,-28.8101828439708,-45.70009442624783,37.350646741570628,-29.526266413561004,-26.035299627211263,65.215096547808315,-23.418338581265374,-63.52498300368395,-4.453820187173239,22.004785327576819,84.414598253869656,48.898359181683084,78.670773379532761,-72.844318407447588,37.582072201039487,29.108094472196743,29.438303431353525,48.93409779693603
49400,-67800,2.059108431655587,359.55594903309213,6.9608293746020333,324.45426797517871,66.591491848017512,831.50438802656458,134.57524307986964,216.36035701233203,103.21903034203464,375.59781009388701,602.99644105826383,141.61693945621516,274.04672753704261,94.714602038041505,264.95142082511165,80.628072351959432,609.82230163507938,521.00113367125846,74.609746937615967,388.96243696122355,848.3077156997764,547.18578968530494,909.13841387523644,561.31393431104561,266.57729415553302,844.03557125528118,64.889086068426764,469.18548609287757,27.900188833898081,692.2762387896347,56.837106756699484,244.39631451332292,780.91544763489344,932.44766630038021,352.31151150046566,833.31005899571301,529.97516047018598,457.96559588136626,983.89002541923082,410.96026314488586,460.87374423702857,811.75792538205951,679.61900343747084,658.50713437859292,371.39896483064973,594.11835642840003,272.4733243247988,191.98981027844425,332.34036078606545,170.47615699600632,187.74914654733587,36.199782434269132,694.19481957740084,188.99066592405555,656.80625113205144,629.60644736764164,364.07828071889656,211.10233101324656,932.03807914718277,895.91203154123878,274.06627906488308,770.54863122304619,41.700047083610372,10.167668359163471,385.67413299080835,793.13687671208572,897.62070879543728,959.44069914847069,486.67199931848654,646.90600827813489,139.4995245363539,748.48385905257896,957.62541913192149,458.62064804081206,827.5747687005595,189.56286429035043,30.057423444653864,799.15977318478792,132.7590115404216,649.0547514505746,603.73116506624399,799.03000327852658,40.714469054323608,168.93623896315319,187.31015656866697,735.22717006954247,667.3347997423873,388.40048797456171,83.943751887289324,480.79967293646678,824.60109245389776,484.38417896562459,721.26662697055326,4.3214557039657961,749.8476931981063,661.07828347091788,421.50613097118105,724.34996894390622,580.64901042282679,193.77931330444528,194.93656788917178,-31.409819810392165,-29.120139168138916,-33.804506706622249,-34.229248659381682,49.809519016107444,-68.368460715548281,-73.861818115721832,-13.255453841505858,22.445597991672535,-63.10808456064651,66.428436791981369,10.379040737371712,-43.843766307795754,19.34256450855117,-45.334939250735424,-1.1918233919990047,-12.656749176616554,67.451165324958964,-40.230048556270361,38.84757195451607,65.325501555584097,-42.666914597304164,47.814484294803513,-54.499314933086083,36.824709573760423,-74.634587205513725,-63.802080511279144,-31.329929872846023,-52.954569177832219,-17.599583452348298,-2.1708006516135776,65.028338660345256,75.103204383402556,64.695388120101441,-77.130776187395881,-17.250624423403178,28.210360769275113,80.804755692096236,-37.916382664170165,-58.40061434336446,-54.362952548284554,44.55606424823705,4.9637985684333756,-13.031737101053439,-27.023130834150372,-75.892864590306587,-10.609858116547079,13.413677958232114,-20.802936606350375,17.138354988209883,-6.708051215196166,58.302812270630895,34.994666662868426,17.407085863724213,-1.107230511577378,21.456440610004442,74.769835625885662,56.746325009491741,53.412364655143186,-73.696823473409921,59.208218921912845,-14.550487280110667,-53.129326450211565,5.0747236909458096,-70.810363716464565,-66.497083411549028,77.269410349773707,39.448680713508971,-68.582854137700693,-1.1009525065233543,-8.0195815068616234,25.833544947765017,-18.233144263799531,-84.001719723350419,-17.798204992663052,-8.5228621827052198,-36.775808968690498,17.362107804358036,81.591574397181134,-4.313774239069966,30.20450343343262,80.998119664505509,-2.2751721453236851,-44.648966113222841,39.614686458765021,-39.000619473108181,-27.329443512788778,67.020493485961723,-31.542206488290606,-71.156506229413793,-7.0639281649533281,-61.443703784541988,28.399750006978962,48.900822850646541,78.586869108620903,-72.511299019861355,37.119260615450081,-12.54465140451066,29.380023570617841,49.291453768626603
1800,-46900,2.0183891059300891,999.98630484228397,219.01557632043969,688.15840547634218,73.394960430480893,143.83869703377499,135.58170524183402,808.74402775067688,325.42450163730734,472.35777362038351,602.24162805081221,362.52199949134103,88.711927849982359,15.56369833422462,266.71788787892046,78.857616020018895,527.82512001683142,703.5255543577689,49.368778428719708,388.87549878537101,801.12817874042162,311.96757587509381,935.46578070802389,553.18994630014754,267.67773571169573,872.5464725853534,944.02730378654417,115.08228803733442,856.24263045371322,841.26903781127703,977.43936694730178,239.3414321702538,150.00998391038866,852.83232341852272,909.1256892701482,815.289030404767,985.07955131188112,213.77291494627417,441.62860419230753,408.20808161110239,655.90048570655154,499.58228689762382,695.96278656446225,645.15102815003922,375.55957110923487,598.2064534940929,386.74591794916552,363.5308568311961,304.40557738475263,174.02095013020858,602.93374895153454,35.829362595635651,839.92504578394414,160.55854615473703,627.34306790090307,890.87692904509277,351.31164006875036,209.25886192630756,900.24974085144345,503.5972607599428,295.8847539261987,436.60861730559685,870.99798243618909,39.114088925165959,486.32260945624068,47.776879330212012,904.86437814837927,848.40321787669689,517.31867906606726,788.16737534995559,281.58382170041227,753.3631804559792,81.001077903054977,531.50097372597702,811.28943544562719,553.47982091160247,11.428251965360303,840.72074312406687,322.60048501272746,756.40513110626398,78.948202665520924,801.61013888476691,30.449489130675275,281.36059162395895,173.21328267828537,294.41412740366508,680.67829202823532,382.80208756496091,142.93530932140044,480.33785791224904,825.96154569323699,107.8188711915725,737.95698296517992,11.548069881382217,797.37057265282613,802.87698894817072,472.29128863973745,720.54202014904115,587.83231674913986,192.77764066511619,26.285785481912058,-22.583161271446968,-23.754791361808103,25.476661117196894,-34.573048314362538,43.411611578115128,10.168837328096345,-5.7976406296553176,-6.1421945220862035,24.391088319181605,-77.404888814243748,-82.940458360206392,64.243042764302444,-42.983494438603849,24.124202201244234,-50.149365179091973,-61.562392371585958,-11.972810913007072,64.810768239032029,72.268577998810798,-63.760739143347259,-41.702675180237506,16.040150407773147,-84.564051992347459,-31.467660616762451,60.519215452703534,-69.973788493335064,-26.375413632653224,39.827450903095574,38.072366038503105,-17.10463942956655,-0.53177795862141641,60.832616130700359,74.777330728052377,50.383099596037233,3.6925841318302584,17.332911048594362,29.197227973772662,81.315946141161703,80.921509622483498,-61.719939998898454,-55.039154531198932,45.765897708327479,4.6146244010867115,84.569452057761723,-26.543761572060379,-53.190223686173283,-6.4504994597906986,-39.549142461615524,-84.045888751309079,16.910095639199753,-5.5222935897873917,61.026943240150572,-8.0673683444345574,-69.135042964602917,-2.1214010778697174,-30.287991981588096,-22.148220217560819,28.920831393430774,52.433729046143931,-73.477271293344771,-17.484235565331854,-28.581031934162034,-49.122730803266542,31.895604131579798,-59.024770172491031,-13.300933904645785,46.788822884513152,-5.9061240227735308,-68.618163324378017,-56.102184435135428,-14.874416912779395,-79.523595480289615,-14.405895691215488,-82.651366256648046,4.8184225410688946,-16.174912350475694,-37.037166409793919,-2.4254845791307762,81.257733013210569,0.72594138570472233,32.872072700748802,-8.3277427630510257,-29.918195030004014,47.64705596234154,38.705256629084637,-37.445420694123854,-27.534837481622535,65.941241350818899,-26.168915899524244,-74.70375160520345,-7.0733483375946635,40.284741956471827,29.583262837699031,49.508663593665602,-68.474367137936511,-80.866763048832311,36.804425713406921,36.045092687912337,-29.994339243843108,16.613032094805458
7300,-62700,2.0217464563843177,1000,165.00434056372455,678.93298434746998,65.963854054360041,187.85328228032176,134.9603656724224,770.70712005724965,18.009370891839922,375.84496813679868,600.68068955568458,137.72599216941228,282.66057555224944,93.930842565166444,635.93796647339718,76.788945854742991,508.19978565752388,706.08450639203465,48.574182310758928,389.2764411743342,795.08637320337402,504.87502224005738,909.75771378746163,574.45731184402746,266.4580732261806,872.27373674724095,929.53088419352946,457.72525410777723,795.15964784290031,696.64111063993801,945.79468173682176,666.52422660132072,697.76055100148437,363.41522242670112,616.71891359595816,813.19161386187784,989.33959069993534,383.2325639835534,986.84999740500496,447.50027118350908,656.92497361441769,822.49718382252888,696.60272425395283,630.64440350339817,813.21332485757989,598.42272820814298,262.06623747753412,209.68780591704314,137.42075494364511,170.71513932504968,179.96561819906981,36.166168487365759,764.32178025099518,146.88509882785542,657.00117257182183,864.41520653992541,348.95252086981861,185.34025331667732,904.35651270807648,918.72148032554207,269.64853935737699,449.49362368938102,866.45885447757678,178.68052394191147,386.11449234567863,800.72888621187656,822.19243756332037,912.20088877210458,487.54540435846195,770.94471790084663,138.36028523712866,735.92277123320002,83.983145860551247,526.19052523566427,811.94270399151503,186.35916434401202,30.702667622945242,841.41407765007534,134.78202477863746,657.12849760477741,94.449986642813258,798.93667268426145,271.85773218326023,288.14058927516601,188.43577600829454,307.83442252945804,682.06815542248887,425.94535675618027,757.89542346890937,480.81586416086844,825.75939893599559,147.02139835224057,725.13407555871902,110.59595621312184,752.84571233915244,661.31181933807238,89.908143123381905,719.10399874083691,579.79308910712496,193.79617966867693,202.50049302173792,-31.17281977934103,-29.833551047164256,-35.063819720258138,-34.2400035268344,43.179951160662412,20.125356391487667,22.217462920115395,53.329703139426492,20.340528929670619,-62.904795529050894,49.720061620975045,70.630222554965286,-43.832672161734081,21.580620423069703,-2.2353200136997486,-5.8420036694855577,-14.450402813605244,64.659237844264297,69.311860950058716,-64.433240955619539,-46.720421755096382,-46.999109030402437,-84.369792559428731,-27.367335845277143,29.329253735178082,-75.234859648292826,-25.405360700332611,42.531404593493569,-27.03215770193275,-8.3461413113093119,0.010089567122220977,64.869039804844178,76.27674720809172,49.840644000771448,-76.252450680162951,17.459738088613996,29.039844770842517,81.121550449035709,84.712360328720308,-60.689049427158849,58.890813981705747,44.228639926569819,6.1294737611885877,74.810126017726532,-27.202641464025799,-74.485365094956961,51.228679234955663,72.36168082680723,-80.350443478562653,17.15005934141977,-5.4993783219559305,61.624564043902552,34.103663727367554,-66.254346356752862,13.39292266774066,20.842926374297196,22.813723331938238,-7.9376492574057504,52.435671562328963,-81.31120057326612,-16.062836862294652,-37.295179019871092,-52.450685908513492,37.354157972512269,49.07137784773559,-72.288561885459089,-18.215467685005276,-5.4052983937893835,-68.588893829071182,2.3222506320056731,65.643619944735519,24.201740254005674,14.342910797057872,-84.020110697076888,4.4209734845294069,-9.8913877282915017,-37.043908516056547,14.704036089957686,81.226364892810636,0.74667090642518474,30.837506167165596,73.555371932932786,-27.302687938232225,44.402783706542003,39.503595507465739,-35.987331081581317,-26.253656942864346,71.783708214089046,-26.465262899313203,-70.18914175447847,-7.0364378656842081,25.147609394613141,30.236524838367384,49.485155306703817,83.353704492069511,-71.881947702877824,36.80960997900516,37.142672687450045,28.03821243724984,38.823716126917319
35600,-65100,2.0562015721529825,497.19969280817804,192.88871550022941,322.36240934110117,59.947297335454955,104.05566116635325,158.19673641429017,811.33372918510236,351.64200232705781,377.27660400528038,603.04485619824334,106.62425790253741,145.59719224393211,38.657436708989515,604.76495214212855,85.037930750876754,985.30514669900094,717.68317252287113,71.253575122541235,425.13229701207314,796.49161153585237,498.88976116214405,935.97069204506852,569.85493296327047,261.94236784351762,844.96732997685399,81.08139971277248,401.67809536417951,946.50075448374298,838.50678406091413,115.02677086444356,226.40472288344583,254.59898301906264,383.56270646333166,340.55416764795478,818.38530019377185,554.63602885194507,391.49702408944103,333.22678750432499,479.49156324930226,545.99294819831709,911.28395696373263,633.51414304768139,374.82473785202063,232.45440685649754,595.1829720899284,343.79027084996227,184.99608244334777,114.56125318032802,175.37165368943775,577.93737787068039,67.201048155720329,813.3020944746703,200.0363922635147,661.94223768782001,874.96771490707511,560.60194652895711,172.39725509940311,776.17891287231828,471.06476271009217,307.06579463625565,433.64696032480316,28.453296247404239,679.85367356404208,657.00335955086973,343.3846126270754,639.39853409579598,966.37929492255864,445.31215363016838,639.88991129159626,138.05883605563568,747.09040429115532,549.34242033598787,530.59054428828711,264.47566613023008,523.28791166516589,20.530658845066995,822.33606769613709,163.88788337172224,747.6019224837886,76.463971302062049,796.60518469747717,307.28898196683235,280.49405182480541,183.17818002596348,725.26953909401084,667.97761395188923,375.16147374221219,762.99320690615878,456.84665705469268,846.48470778138005,439.23615509051052,727.2420622010527,23.115318914061589,316.02473348473234,812.77236496667888,447.07935584908853,723.05826688839716,579.73804651160583,190.63297568308775,41.732978539217342,-31.06107822241238,-37.601934835715475,-35.635821272519031,-35.078669073884342,50.230944550318533,-78.714312312742308,-81.982803487665123,-50.578895345322337,-29.223461239896793,18.541522803390798,56.310731512062382,5.2067347459648801,-42.588627332043082,19.542922392346714,-47.899209793858716,-11.440411342344728,-11.473389653260858,67.525272662196869,-37.725285888100103,-1.4161454046412594,73.919119020172033,-45.033394255282133,-74.241489903671521,-24.905030232119756,37.814051489350298,-68.100903211764404,-64.503580182280103,-23.380215475897462,-54.41622800692484,-17.067032942032792,0.14173703344292238,-15.549482848654247,71.818476965809225,3.4164238336829578,5.0256522627644227,-11.785937962962288,30.486136114962719,83.617129962771017,-43.022967810222852,-62.212382728451281,-51.023480213269622,44.691225892966962,4.9765829701227959,-7.7513132918371994,-25.802533092723355,-15.471459036176704,-10.540233512917821,17.326207305753353,-6.7836462510769664,17.060037211939264,23.770624845764782,48.384236010320343,35.39515222175249,-82.205406454589578,11.630030012469151,18.272400719838966,-23.806111768261083,59.412534475750626,52.683912133421515,-42.319571158630026,52.415490480702374,-71.500953464890927,-53.076518440722261,2.460231051638659,37.700322323330099,-31.010219672416479,-19.22554074490521,34.100399715656103,-68.479822826034336,-58.521912910526538,61.086213513551264,-83.075459273483304,12.37273970757732,-84.880448798624457,-18.026626983161933,-10.149731253800917,-34.264400259010941,-6.7497965701504148,81.313864627515144,2.6522747566789384,31.532433088710171,27.844636963869974,-1.5975389665714099,-52.344379296748734,39.679624421582595,-34.91954691602681,-26.937239567428186,67.004477826241697,-25.917521587924774,-65.112700036587341,-4.2190820247136163,-62.887467112211937,29.59255518898167,48.897074905235186,76.024180945358538,-80.525390446562838,37.012525001951737,71.342942533012746,-30.288630229363108,52.579099126795242
66200,-69700,2.0224279585254701,66.896133365386788,3.2504747322240632,664.37784430015449,52.695231540364432,205.63480553954668,106.20797193433916,813.04435804343109,109.75669666306881,387.11104155604323,619.65861788188101,119.95297725607296,283.1276683023118,351.02359379451605,650.744896189158,117.14009226775306,529.60745944624546,708.23922599249818,114.76577494169423,407.92522461941735,13.413819235787287,330.99556357149669,925.68509770355877,136.00157644260173,262.14554643425578,869.76343151527408,925.01660692225994,453.65937558805962,826.09206686968491,849.7295449880595,82.028305398667811,257.0972297069419,73.710449442839348,809.93053825637776,865.53708191050532,839.1208036836515,555.47156331654605,606.35891998396914,844.45445287286827,428.23889114626462,487.63141817910201,522.67463876011152,713.9369743516902,404.25410634662359,367.51973420174789,597.90053677728633,286.5842965053489,179.06348348733465,316.21277131961614,148.59838131944664,191.47044495869656,766.81432466801539,704.52172275135786,195.03197416359544,627.94767752626899,874.3546231290245,347.310949704113,210.38578837008492,306.3529664402098,440.28699012657313,275.43711392777925,402.39229997497119,826.86144472452816,70.50450088643953,627.95778788057225,171.0877187456185,815.59910227443879,857.94307224500824,534.78362734257394,646.89269124358941,144.28385847303718,735.17846846681402,860.28469473966561,529.25911624850039,826.24220873575211,170.43272948925457,4.6526826294028467,803.70772947190244,282.70114046233522,767.17296531075101,99.764133493988481,801.6063398657592,311.96538946763235,751.17031575506871,197.16371307244194,724.31889116448883,677.55445091138836,387.41573353283081,110.92641922796963,480.14479768133765,825.44308252068947,124.40396690791466,743.02558311362293,33.052474815308841,787.73833262005326,665.16155554919703,475.43462364468263,719.1441360001885,577.00173391138208,192.88538023441518,41.669558107312326,-32.393644971064305,-24.116170259641258,-34.381038544761779,-33.397622208540135,43.479753308909288,-67.992693633334937,22.178290411022324,53.928503146851284,-28.351439793776667,-75.893732498165008,-82.944807352866505,64.400511501261249,-43.885074768194798,85,-5.7040398223669486,-55.584101594317659,-11.097801324578677,64.815898354500348,73.62654005881312,33.319832594425321,60.531387609775848,-46.596921848417367,-71.19258511533225,-23.206385932366803,29.882662398422447,-84.021719954245356,-26.98624867120769,-31.276732341742314,37.226093645194254,-17.056123013521091,-0.28477869914075316,60.728202107174127,72.425895218407064,-33.469984407716225,-75.973584408822362,-17.566572230940206,29.168081045899498,84.222224652419897,84.582274653991647,-78.329628211001889,-51.360890625507331,46.317666135935532,5.0956456224544615,77.332919396364119,-24.853263993180747,-72.25756307764712,-8.7282018561445263,72.676026752279498,-84.888956111420413,16.007665266699039,-5.9175907994003305,61.92910438109697,36.370982807142262,23.225431894460243,-1.5660301875051279,20.874528354044774,-16.243093848087163,31.458789609222762,52.395494384451119,-73.166287019914236,67.421299404114492,-57.779285743885424,-53.225572979919797,36.549404141040867,-63.626901171237321,-12.326603556244789,44.626546662399299,38.507786859216779,-68.623958955215429,-57.183665511196558,66.028019444915145,-71.887758854575139,67.194214903626772,-82.229104705347993,5.0195823747224502,-7.3930317969527515,-37.07105234292721,-4.1769271765337947,81.276568537700072,0.67261936385894194,31.948921321506994,80.239413308858602,72.841933350519469,-66.746031572437431,38.661422409037328,-35.084903452993345,-44.403005540208916,73.091388191603301,-26.339572242878287,-69.492207142880488,-4.6476625120048141,-59.352639996728726,30.00898552087726,49.330257324530763,-66.745958900181265,-82.169354698317804,36.79590244469432,-11.714680521740302,-33.041823688014389,46.607486522315298
54700,-68400,2.0199994997785393,266.20630408463074,4.197912012911555,327.25239346344176,60.198917399568046,131.66372719976951,136.60263291457082,549.00066155166223,333.22594839007405,494.44232711101364,603.20947851919436,108.9747688300864,310.91833250956415,30.137997947541521,70.082153073247724,330.62754171729921,1000,525.56700999067812,101.4029954711837,392.00516758725433,809.85825285836086,524.21993955952564,918.9708339186833,581.10631962328989,261.82149428417949,865.09317761259217,67.580866289967616,437.27340148246691,17.308419310940508,849.04072693733951,151.10852316956763,448.02314393113414,789.92092628005548,838.77608175078115,790.4806052487229,813.61264891413055,226.05171826666398,433.69901670208498,940.82944665024843,465.68147885555629,492.95709601327434,911.0990539783387,297.20408449448456,655.0563090174312,372.90271247943394,595.3597440207335,272.12252609370688,181.0942260845768,328.32557212468998,177.64360640107469,585.78661829866246,68.928530421800716,799.51822847433084,200.55538631438625,658.7942947602495,874.79902311507522,668.7630552229042,234.09495171829147,813.54023079810213,530.26240472000734,627.7291509211957,439.96755097099833,7.7897344020352453,670.57762573772106,260.40201463626715,792.49635255204885,955.03918876159912,503.57422240468657,481.08658989986839,636.68458391200159,164.28738571523854,754.53396724889467,912.26054425354141,525.56748880108739,307.88324538945858,526.0174241179933,276.71195295057794,817.12179137418354,157.86215411460319,647.53057609265898,550.21195446429192,796.77436688006242,303.32141255468196,282.34598718645088,128.00460632053813,740.26347906627211,671.00062313435194,379.70894126963816,100.08654245517025,459.08595465582147,396.96278302236249,491.66017441675734,721.97151186916835,26.177682485424981,371.45661022901874,663.47760287684548,431.33620874573285,801.59253503724403,567.30913717159956,342.74464780444544,202.9077304074514,-31.098938554192184,-39.541440967448004,-24.387701649145818,-34.784225444556448,49.712469193095785,11.571868644767648,-73.893943519834181,43.310891864600165,47.703784787368164,12.727642179365745,-80.299886250825864,11.408966213125689,-43.845261266486617,17.687983254725655,-52.515257147019085,-6.2371170663940143,-10.524599706224125,65.200265049120148,-29.254099815727308,3.7551725188014355,74.150903022188075,14.180719790329841,-81.297183340112397,-28.074816672444591,31.806557793769823,-83.880325611304812,-27.084124435570104,-35.007472512917175,-53.604215391616755,-17.073259929022665,0.81384195891215605,-13.589662768933159,77.042300506768186,4.8184551608366846,-11.147311093302527,-18.914697852167286,52.665367688439005,83.591397748685225,-35.32192238837002,-61.764683325381881,-48.680200168857908,46.01750890918408,4.9750713841005867,-9.4579117701053175,-25.805314924369689,-71.722431530084961,52.332431953270905,21.610905413117585,-9.6845622275132328,14.512330101609997,-5.464950992787883,47.730547845972545,35.30890377034612,-79.67564856677123,10.750516262732063,16.845383852557831,80.714895382265539,27.612585225741459,51.991059470803513,-82.763317704813232,62.213043134393956,-16.540322733753491,-52.964964218546974,2.8307851122155583,-65.398390873706774,-63.692300238879362,-17.844050510440141,38.084001002975704,-68.625944516076103,-1.9231253691926469,62.087306478816608,-33.814839434929937,-19.370394271908719,-82.840417060647781,-0.19726877446299262,-7.8514708005493308,-37.322700239696609,-5.266055540054853,72.657397524624628,-1.236618215838335,31.639953108202821,81.432659581432091,1.8918757888826789,-55.368605151625459,39.639025636658047,-34.821524414548144,-27.264917440580628,35.906435313047055,-49.10078302199841,-70.630355768647661,-6.8260432267335451,-62.228013758770096,82.077913033193525,48.834457877697822,78.597006565445255,-80.510853664387099,36.795791263624864,-48.245087020311374,29.641749614514957,-80.301777295102539
14500,-63800,2.0585693730776993,978.04572352114155,6.8721652270392086,347.36712236522698,28.85680296916356,195.08639988539633,134.95976239018955,220.27134813042926,17.692912184249202,475.08897725370434,600.53371842839613,353.17349113022664,87.959537377611568,94.334512158105071,247.43008516518816,110.53740346373326,611.60255956005733,528.72374401601621,74.58446215234315,388.96523654742822,846.60527819017534,506.43206392884929,901.3808422276694,196.02753464007139,261.85173635211993,843.88501470045742,881.41307683113416,458.04447814357565,33.223685862125365,844.61092375258306,32.077149400172004,233.64934620966994,780.93201182739881,930.27962279341386,352.18110069117114,833.77430016365224,975.01980439244448,385.64024268013327,981.23753488707405,460.39045026309049,460.62352449894979,812.98406578744869,679.67377526533301,658.58396369829893,368.88560531116644,593.8879919653707,272.7819184534406,192.18776045737951,126.27659533229763,170.52146257531817,187.6088586687618,35.9780667099024,230.2671767668466,192.86669922503859,656.93742484218524,634.82494972926509,348.79108756960784,186.08514749955958,931.25830364212231,895.89511632650715,268.91821913691217,753.27491461368334,894.79561567789028,7.6630140516998821,387.63150470623896,792.4179779377863,897.2960535159126,959.7480390428517,516.94708284796934,773.14885453955537,139.50206322360307,748.34217409933115,959.43709436396193,458.61445111851754,827.57134846048507,189.6717682533459,274.27454697345934,803.75510910496666,132.30558012300958,649.73858716705195,597.42132225840555,799.03593422270353,279.66772580288364,274.77868276056364,187.28922402261892,734.90713685023354,681.55038685827071,388.5352165087661,730.5811257322207,480.82225014483851,824.48888664236529,478.67024932596905,741.5744907063679,96.464997778211071,753.22834561502214,661.15234761224622,420.27755313672321,719.16410279207935,580.64615363776659,192.83329018926082,195.07356325152517,-31.413969254991667,-29.722112963363163,-35.029316988291889,-33.305711762275862,49.79922506467431,-67.777063717889902,-66.820990021273218,-13.358501573402869,22.41767470712988,-76.603244428535774,49.672344240798608,12.017589692442662,-43.88370816658243,19.339660112327227,-45.702636255015726,-1.0622481982761982,-8.5734648770946915,67.449298186923642,71.351209883663714,26.893982940981871,25.381653234057691,-44.501886932118694,47.161688126221094,-54.915181653054681,29.238884585222614,-74.913082448367902,-64.723411953103081,41.186925463788896,-24.065529603323519,-17.636633679013926,0.045000095056912937,64.713757839072485,75.053534562525755,65.133797507024582,-76.380623108737225,-17.850793454253576,29.036632557465619,81.123814507795643,80.890097780367824,-58.451606020327802,-55.019454694239869,-0.88714728449411595,4.4692288168229126,80.034771268241599,-24.835959476483268,-5.8939550864339552,50.49950295099061,27.827517909714494,-80.620703286062366,16.908067769526344,-6.7645794117596179,60.868964363220378,34.075631447341308,20.457091197800001,-1.2683226999385964,20.83973866436471,22.581436748968709,-9.9922604662163259,53.456290252259095,66.059801975107021,-18.581073848638972,-15.232290516615182,-53.221848539449013,4.5364394879630794,40.104428154717368,-72.317148836550061,77.538860059862316,39.964180268848438,-68.623869894243981,2.1093385160882159,61.35130723212098,24.318939270885796,12.915058149827455,-84.020022301809121,-17.533039354602316,-8.2918367857297248,-35.950539278756239,17.290598602567247,81.605936653616837,0.38781899863600433,31.31858509504201,81.226947794068607,-2.2476717365874723,-44.657076599150024,37.422872648034932,-29.518058774538495,-28.604869515084157,71.829990722955088,-26.666083038897689,-70.176273176460199,-7.0345780008730578,-61.217300355483076,29.795161074615265,49.588340297099435,78.634024082736047,-72.402458281963433,37.119384041302368,37.443179714055233,-28.601206230446262,49.402684648424483
1500,-45700,2.01838127306852,999.98621600723902,173.63086589236903,681.78369054144537,73.263306512155182,187.39646358234029,135.59079001118533,809.04406702996573,333.36783389663998,475.07003549851311,604.39510274225734,367.77810864396849,83.595919175861525,12.174680323656503,625.02008999591965,79.922723347716115,515.05741274556658,703.25461097915581,48.11410361975706,388.87852060996181,801.12323249127257,525.53927414133716,935.6309926365135,558.50587468074139,267.67918145176441,872.60117563688539,944.17208350396379,116.04168759515146,856.26091069283621,681.68786469172892,973.45362508578,648.49343356840848,783.55327483038184,904.50313765412034,535.25697664099289,815.90055669441506,989.23770989378363,217.24409939894065,441.21292991763301,471.91740962498017,543.87649219098375,855.93651836233096,696.0278047766077,620.40213890122664,375.80993742182017,597.72064203135824,386.67249423368867,226.93479148989928,117.56625148321054,164.64862898428811,589.80303435551264,35.112770476308008,759.78982543404777,158.07414805027625,627.90171938978324,626.84832251933528,351.41741066767162,189.28828774889337,902.75394350822557,920.70594543818538,295.63634167694232,394.75739234890955,868.67913962405646,637.11009755541261,484.99761424341676,15.033764645634513,911.48905156796229,911.95898206727099,519.50749960894007,790.07315070572781,142.08568508521824,734.61155549051944,85.955878117657164,527.79012552048403,812.04792101747319,551.203035331725,258.74845360483198,840.56280297910723,323.26912074378458,656.17703170754373,78.96498874975012,837.24277243995527,282.80441505566267,290.15184832003564,188.57206098844006,318.82773145621275,680.40788613831933,383.5842984662246,771.31313696066798,478.0334515824336,835.96732360094825,504.22648049993012,737.86836702757705,12.092587261928145,796.9370477104693,801.82128844903752,490.77691095658122,663.28920632335678,577.5906275748556,192.77946875982681,39.667080517672929,-21.824953787913145,-23.569647375850142,-33.885902290002264,-34.581729450916086,42.529867614709467,9.569323209256325,24.142392819985407,-8.4104968663344621,28.218606144446742,-77.353660942352178,-58.053049781485797,69.755788317808538,-42.967141342016809,23.023697216572948,-49.156166446321798,-64.219263723835084,-12.103324561479401,64.810864174247499,68.498736056126546,-64.266467043120954,-42.168276266135422,15.119741566601803,-84.54146394085906,-53.378499613243008,60.759242357861289,-69.845131760729728,-27.344050907513818,40.046390171352556,-25.228726823739823,-17.09191450510626,-0.52272404000396788,67.981738744294887,75.000953266503487,50.534647652619149,3.7879254279890588,15.520264070934841,27.604825304049314,81.142418507795,80.743554333749728,-61.747850299554507,-80.148071782083619,45.828859967216708,-0.65235216273006458,81.754414660505134,-23.554141008383102,-8.6904596161425545,51.705653165133143,25.758298673450629,-13.271532467782775,16.919802876454778,-5.5330713269051595,62.269743578941927,34.775890264439546,-69.402859271875514,-2.1330794574948264,-32.260612193711921,23.922776707317404,28.913113679607665,52.433923806747771,-80.548622927070227,-17.408120960134426,-28.662256228057881,-49.152953707173936,31.892549460941126,-60.938338249670075,-13.019651522560434,-22.997093894619113,-5.8927662804530989,-68.617835551684777,-56.332840812510462,-13.362798818421817,-79.526065977728848,-14.43595766142213,-82.632039211906928,5.1408555365598883,-16.188600696632324,-37.035447914556727,23.031314471638019,75.213198319630209,0.74631224130928331,63.1710787615553,-7.981888722790103,84.199744907432446,52.033520583868317,37.39477282727578,-35.850121293096485,-19.3814802026141,65.909459968652882,-33.005448155343288,-70.49429687112044,-7.1248375182643002,42.046841115493393,29.573274619122827,49.492021436126905,77.345512532556739,-80.880782406034825,36.805370698474597,36.492708403913355,-28.636520095263855,18.026698682382111
4100,-57700,2.0212541867444229,1000,212.74428165908859,686.01245758202595,37.19720565706389,154.05904773170181,133.46484637102796,825.97575304226734,354.94046260737269,471.71074296321444,604.9192782446047,367.32272497392091,256.10553913451082,11.642166450786824,626.0595710275195,105.39171068911372,499.87648568876779,704.25204805792259,91.824024607920819,388.98793745197389,802.3480760429178,552.41216561321903,935.5961182221381,558.67712420352905,270.53424329072203,876.04122274618726,644.78415036242041,421.02719212441173,65.88457819815153,178.89819926877988,1000,644.28489131569017,784.81653139031891,16.538315838245921,513.30785454703619,848.50643643164608,606.40445160677677,974.48339009146116,452.26493645216829,626.45709092939524,529.80514116903942,872.17905189293629,704.92358621369306,666.13781328349057,382.65538263343842,597.7461368521997,277.76623587616723,173.0086691193261,100.61142863897938,164.58268988320708,172.02651163230749,34.927767795730965,759.4338705144412,190.64197556049396,612.58914353444538,613.55539049587708,348.86267124681848,220.6181914048766,292.67528192136604,913.83748592154177,322.78148337269107,393.19972025332697,930.75855376788854,607.3470256639697,393.19639609089228,16.318629671194898,533.19782383548022,910.35014610628764,519.55818262445723,771.38220132926313,140.1130230337227,748.67434024481508,634.75892503679893,532.14184828761825,812.57233830842529,561.07801506117471,273.81286137511523,820.14295094742943,291.31981517295031,656.31879568652823,607.41960387713311,799.32569103892411,283.65325041036596,774.06290693228721,188.43769462705666,280.22088367660325,678.68185746263634,334.75576774347854,62.593236381384997,478.06142145830796,836.513394650907,109.16910183500531,740.65982039661537,774.31462168648568,789.13558101266381,797.15348016164512,444.27243729614747,724.20591600858825,587.12251290940048,192.98194383523665,207.09593586902935,-26.868629814317746,-35.200810961329111,29.525030831739326,-67.715372885479397,42.03541617369735,-68.798451846493393,23.450663668488968,51.572646488529998,28.246048301481792,-77.581959029609052,55.406262065149264,12.374141236049738,-44.076969068948145,84.768150536897991,-49.415127430548942,-4.9491858975665828,-10.932572539503044,64.815948707980269,65.108136043704917,-66.83678519674244,27.739000817797582,7.3493639657896495,-84.051319000039669,-27.5719466720825,34.823771159835296,-69.894033489525981,-66.423867677536236,29.719831131322689,40.897629506118783,-17.647726051272038,-0.30906957699843574,-7.5190314865898529,76.553234045585924,53.393793871013358,-75.985953097976932,-19.414420241860697,28.902933515573928,80.673098699810851,84.935241561367903,-60.53302058623197,69.705147532589137,0.15661901601395911,-0.20582180232595082,80.936063991840328,-23.58946321484725,-8.8330753021867601,-20.69787916180303,27.90019001763649,-16.404209293183829,16.80703058012201,-6.7048628974088587,62.263209542313078,33.927677124989088,-79.839927473583543,-4.2649002438831527,16.341673680912336,72.347003852690023,61.402375460538835,32.395775149850209,44.202688321420965,-13.507996070979452,-36.585839308546369,-52.858094332377377,-2.672455431889091,-70.818768529287624,-70.175959702161364,-25.037304980083483,-9.1949454718264434,-68.57481699202205,-1.2798992064943349,63.270119014792492,-72.19430635929568,67.417107096225493,-84.151738396120507,5.5586209259444939,-9.7038557607533082,-37.673125535552401,-9.6449578987197278,75.208242483950642,2.4739166948603919,64.820343339080495,27.735867556645363,-32.314647681515815,-43.843437534316593,37.400302494672097,-35.85239748842563,-42.726963902687146,65.51072846222371,-25.515182428981372,17.369230316373162,-4.2837584344800907,-56.987022463334625,29.449782362539555,48.868375136211512,-58.290732896490894,-72.771501843743252,37.02848149462249,31.885890505042742,-27.508481987907658,49.022807919508324
5500,-60500,2.0179646760808208,999.98340205371801,171.34820636804071,681.64162662671743,34.935639937655523,187.31408983139997,136.68408381570035,816.4927186649561,109.57873430527863,476.68190434237579,604.47991432164156,139.27073815388249,79.151656914416819,11.794650353127224,631.07624899798282,75.470498795659751,516.77018648913634,692.46257469240993,45.511845136777048,388.87805462942521,801.82340448329956,526.72282257776385,911.18887832286748,558.46775111398699,266.66663165733081,872.5823052796402,944.26325526582718,120.0933516289046,25.515063472758072,693.64386244156958,145.24816689998983,648.56143903361692,798.31064479706276,849.31788702783058,510.59005794599364,814.55972740228538,985.95690378251629,218.17529285516747,429.45983628103767,123.3382659981124,548.25065550188469,824.13173402158225,696.1143675135221,620.03956993481381,382.47204296051547,598.20430370836607,390.06608465124827,207.87963275923784,116.92724215488518,164.94767502699739,175.88563450465199,35.113472579503224,759.97658318413721,156.30111567801623,629.4976778713434,625.7552128405888,349.05381392533513,187.28080316638267,868.18763754962106,920.747516505813,273.35946353187018,444.37484805759203,822.25742263783445,619.21801583753972,461.59991856251128,815.08283391865393,913.5580239057058,537.39771092647425,517.90424679811042,797.10355730278957,142.08269429974371,752.28355155604413,581.07342168673381,527.77391173627211,828.15930023742544,186.57687632513893,25.698429256296834,840.13870313076802,321.18113059464105,768.40152977442767,57.227356066030836,798.79772276301867,35.919731057112074,290.82132805946208,188.44944328605223,317.81029409531573,677.38223929755657,427.79985199162229,758.3541309472489,480.99374584916973,824.85123988723683,134.72330117908049,734.87541747353032,67.387500203261425,786.91447079224588,661.53396058561441,83.576422827281149,718.44581380229511,578.87746355827232,192.94753746855136,202.82849472062463,-28.754575086070084,-29.983091872796603,-33.596552107476938,-34.272048973624891,43.327761705453845,-71.336230795498011,24.241514285287355,-7.6101414682009834,-33.008008399381666,-76.090785755900839,70.114525727012477,15.496903489826074,-25.411487535918432,23.400633660586298,-49.168447411285129,-1.3027290177746393,-6.4302459692522493,67.281605707173725,72.040881503756339,2.5662157400088006,28.586290208770198,-43.604227824805896,-84.538108103900854,-53.274298247278658,27.22564633019817,-70.613850173330817,-26.167864045532937,36.49805609347338,-25.79400072537657,-17.096514632112932,-0.43921472947669127,64.667782299632194,75.043688872580262,48.881081890288236,-27.660177953374482,-18.036039190792387,28.415294406243152,81.142163771208857,80.681226472497869,-60.642799781331526,-80.684785793415671,43.94886885159292,6.4053667823223375,82.008112561592696,-23.610263476564693,-69.27998119507987,50.956759280422773,72.964359504953791,-14.924834819731164,17.253974647611543,-5.5761492618802961,62.238292895636064,33.91652259681382,-65.068722475888109,-2.0894080894777889,21.603090153728509,26.375122952667635,28.975482433491603,52.416290741903751,-80.386922332043738,63.478428952489068,-29.397726712645103,-52.522766196328391,38.769439858329925,36.290532636452326,-64.495209557816025,46.288801009485951,34.738549785846743,-68.620536516845519,-8.1885378070272878,-8.6555580542315091,16.446648799954261,-22.276841194663458,-82.675235289621028,5.147815537067034,-9.6366382070428731,-55.506141661963511,23.195511450609089,75.193048548905338,0.74708388541098325,62.695134197293591,25.966599031918044,85,42.163969045595316,37.389353236498444,-35.925273742223979,-26.176967208597809,71.489503064505541,-33.167409384354748,-70.516386228606933,-7.0118725377341748,21.618329697374691,30.508383243836885,49.480016324301275,83.022354585705713,-72.101866358052121,36.80999184228957,-6.9063201550512803,28.89970641066629,16.345275920373261
47700,-67600,2.0222065219281284,381.27576501583525,12.632333479385213,325.48993252341216,66.059703862110183,822.32786462954186,134.57439757299596,757.39260574116247,103.93755820590903,374.36794856188931,603.14787511986367,148.85448180776831,272.23941210001209,1.8298127835712066,265.24050229232506,80.374211397167414,507.91561382252428,698.9825073808089,91.243943044134824,389.27628369224982,499.33843851682974,547.05374392987017,909.04690027551726,561.8135644588275,266.56205710563017,872.27951541600862,84.884282693148407,468.85355381010862,841.12419905144884,695.21299200872807,1000,244.14402977906855,696.93655261611661,806.92689471421863,296.20604417092744,816.55911497962234,544.08260058913152,456.93059194749094,983.95351308104966,410.82012930048592,659.56191800349029,883.62508782544262,671.69400892833937,630.6702050727406,794.41363802533465,598.64255123373391,261.79964490487367,209.74789582342788,333.146859876718,170.47591855960971,180.07416244205507,52.034409268901591,695.94567190029898,143.52630626494488,627.66232326722502,869.09986441648869,364.26110419474253,210.42852026238717,904.86708544870328,891.579158858656,274.45907590782565,770.12910839806239,89.065610919885216,10.20292305601231,478.79664229317405,898.83397626650424,823.16369936654712,915.16104346448412,486.36573548027468,644.70691980272306,138.38327103647688,735.72669488724034,898.92358790251592,460.11494516627931,811.85186550286949,186.04227812368143,15.673418214277604,799.06474893178131,290.14628208889553,765.15891941869882,79.874557608040561,801.76905382961252,43.282467560932034,182.3834556993657,188.67401063200745,749.80956483260672,667.89907059977372,424.16545357797281,127.94699392580918,480.79964337806751,825.90524641826369,484.82003049931836,721.37815839433665,4.6347428263185151,749.46425956769917,665.11931625620662,158.83590348382916,724.28610579742485,579.78920095103956,193.77119714363567,55.34672341284697,-31.158352275013488,-38.918161318256821,-33.795905362502403,-34.209097377139443,50.147369371612008,-68.381756078250319,18.101120772765093,54.142325385332889,23.049299907826818,-63.272464760234996,67.137587320087988,64.826809313056657,-43.037459145201062,21.638884615479181,-3.2403476459564473,3.6935160265322198,31.087958240582694,64.764952596377469,-39.127516053922577,38.676914979577958,65.513328255782,12.710688592404384,-82.073793728267702,-26.59755127286018,36.825989993623999,-80.144071468993786,-20.240609329097325,-32.547325155484629,-61.138952278540508,-8.3612081717075704,-2.1841562882248455,59.371771846542231,76.564709993358889,49.450305921742256,-77.133938921351941,17.399498891945463,28.23511561078249,80.802607134578537,-33.998931534549172,-58.398311348221824,57.884195672795059,46.180619581736252,11.346629322589271,-13.749111926376166,-27.03039664312525,-78.172019051687244,-9.8873925827297455,13.214858763519478,-21.899890050232194,17.135685329880783,-6.7073647549297188,58.280989090942519,34.998892070405518,17.344030710975606,13.614974560481937,21.460626494973923,75.221350941730734,57.441629656696506,52.398652029517265,-77.149587731432732,60.381332946305925,-36.660109880444928,-48.849188135647424,39.1842674924128,-68.948977746040924,-66.536658071196896,44.655317978301255,-6.6155222639619247,-68.58252142113183,-1.1451312090047832,-7.8147413713153995,25.714252506166869,-24.404817032848936,-84.002418954925133,5.6835535379897264,-16.028840422634755,-36.759288764485518,-1.8764308725716257,81.202035786998565,-4.0037145193550137,29.983967298707039,24.410519754450092,-3.8884546012685313,-45.902587392815981,39.614970943216413,-39.09643185529675,-44.374689913550512,67.121719104900748,-31.385918026585969,-71.171078280428247,-7.0650902807991685,-69.677746638279757,28.295376152148634,48.880660462419328,83.5324049034149,-82.444086143202256,37.121059766081885,-13.140454586188245,28.331324114154693,38.676962863648455
41200,-66800,2.0566658843200569,497.35666829830683,12.006263064704527,350.56409914938882,72.315522456840483,183.39877562076487,160.63572778426453,217.13471306373697,264.36541391186,387.08850055991348,602.94923347569704,370.74692642477203,280.09721276358636,346.84639235406507,301.91352926222385,85.022354614422099,979.56752825778699,708.78005384218386,84.084563505148509,426.79823938047559,805.31392424347268,361.06035431065277,935.33261540228477,568.66165217288267,261.82938678720933,844.93518261703593,943.32999415258666,407.18643833501682,949.72614756530425,649.22538804935198,882.03150321718215,244.8404570854488,185.37336819328232,377.79260753022174,312.12770978461674,984.34356254992815,529.2197559494906,887.60021742495928,1000,630.93570332119702,467.00529808421254,911.3972802927052,310.24127101795068,374.70671989841867,373.17759242609526,595.25505427053668,338.7245455660069,185.0094527873934,315.66929014117989,175.616358994335,564.84541437406619,67.376570524680744,680.83962061858074,187.06311630784151,626.51545610180722,845.7614477295175,560.7949894844005,202.64325193073785,776.42230494015121,466.8652534775722,293.79431562667594,421.35220671403164,16.664403255641762,658.98628095572406,251.33110098771877,321.03804423735579,907.19557441272389,972.02546951145268,534.32255970074493,639.76122621204001,138.00626752945081,747.0030322112965,549.83087788980151,533.38594421987113,836.0520359779332,596.26705761389292,278.42411111085863,822.91405212236987,174.95870346577314,643.35331179028606,51.452050621417186,796.64938811176421,307.18813352271883,283.35160021264619,182.8673424328401,722.60144619939717,668.10901509354187,375.79235506914461,764.07606738902041,456.70777402392139,817.43252871684933,437.36737050751219,722.91962813057262,57.648725690275455,874.25083843123639,658.8763968183232,404.72480021260816,723.49740313831501,579.44192296351457,190.72372361732161,41.891292404993607,-31.058970284525579,-37.583930505893001,-33.751773639212253,-34.098850655097884,47.984339812263876,-79.354580202479099,-74.295697246955839,-46.761876716230589,-31.918128782566914,-60.02640676608199,56.43699540487804,10.943103594848051,-43.803080707901444,19.529628647545497,-47.983983018806541,-11.354340629955239,-11.454787285155337,67.438146220653564,-37.577777987856393,31.439574860516249,66.682727834555322,-41.111170691481462,-78.31243402248603,-55.877152154259676,29.460325995964098,-75.164174421076609,-27.642859646726574,-33.214618944852234,-50.801821112929353,-17.060506293707046,0.017425007670852422,-15.251829965137041,75.389554833950669,-33.781839427939559,-77.451673998113222,-11.990453596640087,27.959563143800501,83.598687849854826,79.340272324194984,-61.156724828537769,-57.342750250889829,44.714259514722492,5.0717326902983526,-14.643449314466997,-27.610126253265893,-13.919613660392354,-10.747233525423386,17.43054705634183,-6.659023871934596,18.006424908034116,23.482144122410944,47.304353328023446,34.887862225751654,16.554495702475844,11.743146209960361,18.149319429124294,-23.007084467893964,30.778105364375726,52.391080931662813,-42.856891854286332,64.773455148790973,-71.238907939894801,-53.010491832861831,2.8357902699441766,52.056721347881343,-71.400332695915807,-19.165240277274062,39.491038384348073,-68.484414617275192,-58.707235427889984,-17.452701708826954,-82.22445616996086,-23.70486370757736,-84.007750383477656,-18.027021726911773,-10.160842132122657,-34.375148185409095,-8.306804260725718,83.795474978226878,2.6836213616679307,31.534968797842389,85,4.2043944757772884,-52.653232663172894,39.680983214754278,-34.785944229012109,-27.227201389789244,66.998255583095712,-25.916811665388167,-65.055438635908686,-4.170803098906064,-56.193670556410879,29.365302783214588,48.916818454046798,83.931087593293341,-80.48945004975171,37.012821631215701,-16.179244079655472,30.2381890464086,48.888604773323415
41200,-66800,2.0180666041548099,506.80891922170753,3.6087029993653914,682.83999088418739,59.690903164164517,198.92483137139132,102.66991789612767,871.06456969651867,333.38265605286193,372.32811305375162,604.376743493606,115.72270348353865,324.74540842651453,38.305054798725166,601.36286342470964,79.64127605671878,605.39672813000197,714.65845416240586,79.087305636564395,424.78986594152684,795.71385392609784,498.30053740358511,898.83239381508645,557.25663186886993,261.95954532064968,843.96739089513403,160.14894627109447,447.95378662266791,46.47303885514458,836.90820814039535,138.42164426132882,646.46743787076525,280.39272118506705,425.79118959015062,822.26405707656909,818.22677934621754,548.68746198718236,170.40684291063536,336.62506836593707,479.42704152612157,463.16900468868909,913.1805402649245,707.30416211081365,613.36524557396638,375.55982365992259,595.24785356540792,387.11907496030051,191.31388597200896,323.6608841107701,182.94434362356657,578.47416850873537,69.63520820377309,813.72581164795145,185.25211446298053,627.57443422500955,872.35554452635211,558.53879086709878,430.53446004822632,922.79755352103587,440.84400929500276,306.74131438984045,421.51472092776424,35.694476063078369,677.30783428984284,679.38248013872681,801.80503840552717,644.28190346998326,963.25959665255482,446.56071230604073,640.09887088533935,142.02723088755994,664.47021872256539,918.03399252823567,13.509954829960918,787.9421894559456,548.93591833681216,275.50246554453901,822.48898290032753,311.21806603627005,772.36853178801096,93.706365214908743,799.39851098301824,309.91035103506766,289.19395648277509,219.99309186311507,673.73022346711707,680.94810604040481,377.18062623865086,756.65554302655664,456.93662892744396,836.08032398879175,146.84171229802919,736.73267770733173,61.881428402583808,800.96533088383671,801.80208999249805,449.64443007773707,717.28502041093543,580.60223608667866,202.63337993049382,205.15377941663087,-31.066238739635068,-38.468230335297854,-35.665868792622241,-34.765517224165045,48.100921675971598,-80.515207094597429,-82.059004579890598,-48.224843217772232,-29.627200612336381,16.963359280457865,60.044898365322766,5.0571458198493984,-43.70843364187612,19.671117491472359,-47.841934945369538,-1.2006019042109468,-12.125066432222839,84.825310038541289,-42.608620574362234,32.047528313167369,76.879438118375475,13.050117913385156,-84.871540280460465,-53.397438211705804,29.964297235274415,16.285702542183405,-22.461135159714541,40.483729537698146,-57.443870452877334,-17.101028402813576,0.26273447740331379,-16.810018115881,71.577853057646436,50.985327364974204,3.7585981495769238,-12.17838318945471,-7.2637515831280535,80.587823367459322,80.137652397843567,-62.234487034431638,-80.401798699825193,45.864931207656298,4.9188238617511324,78.677026935837802,-24.253732509920134,-15.631013618864396,-11.090330580822151,25.39515957002374,-14.024372682220061,17.060550391781813,23.342915969760863,62.296106293619516,33.025467018932659,-82.055121591792968,12.192772956379237,15.833813832140896,-23.167800741405955,30.809856548546069,52.432564454199792,-44.992245676212988,-12.130487075500714,-17.865177432355008,-49.441855498710865,3.3647530594028865,-78.32051549922619,-30.061051299879239,77.152556603786707,-10.444760112786961,-68.612994943619739,-60.660689454206086,61.790904988048709,-81.983676558266268,-23.997305530442151,-84.937059943163078,0.77281327597336436,-16.021761768035429,-34.606381020131366,22.815522767214659,80.238352319075972,2.6435518884173854,28.192697722865208,84.552336350696336,85,-52.352963552208628,37.617114141201007,-34.973316695067467,-26.016696398610041,65.615795320583771,-26.262439404316062,-70.10433718438027,-7.0123825807746707,-62.821033078987973,28.501752135223583,49.547678549831289,80.937070431730504,-80.931140951456172,36.792163172846465,37.524582574829338,-29.216045393364531,20.280091871181106
64300,-69500,2.0213062375440343,95.890255796916051,3.4244672472089444,346.62959140965137,66.712537695094127,265.87032958513811,134.09878967936257,564.19091620583345,327.98806570555399,373.4226699251135,601.82317462221863,115.54839830694232,157.92237448169823,3.2187514390173497,651.08099551634064,78.591231602073691,618.79992034444706,519.36362374788393,104.81451487576319,395.2967355431461,845.82473493614509,304.5696551703133,911.89421841062335,594.558474989042,266.77235361282089,873.16931926307041,633.39073590073997,440.17682267826939,20.686948319971066,854.99310142087052,169.71123134789866,664.5170569951174,12.340788997071343,934.58886801010294,290.27490384019751,511.80352293236245,555.60894285332768,613.24226619848503,360.88535115444557,452.96053208521772,536.55125211937889,767.52630533132367,683.44079713161841,404.2807699770633,345.43483884213623,598.38577477337935,290.2951522171569,178.04761747152662,321.82362494601375,171.20156381887406,49.143353802625285,36.744100995747942,279.60889139924734,147.12751170255257,662.82363439357255,651.26998765338908,358.81055898349052,201.57173236953312,898.54369593549177,507.41320269684542,270.33925826167911,791.50287555475336,948.932340938994,161.75472531008324,277.89929977543335,139.69858083423111,556.20250219765012,955.11912856667072,541.34151789016823,772.2379133956282,138.39635021907208,751.4020837775995,664.20611298469169,529.96052971143251,826.77333776093212,175.60335622373401,304.19299364648782,804.01453031604126,285.55208913084152,766.20845136785567,624.118532791706,801.58669157710096,281.34200899953703,126.41224650077487,143.61829337360069,753.49693420853839,676.9601052656584,424.20517160312528,117.83259590654467,480.21917997446991,824.81006080930911,108.9660784793905,721.39373289535774,7.5829108899832818,342.54460506347419,666.74372816322739,456.38916309102331,723.78083078800705,580.27606387534399,193.76138407597099,68.10728800506601,-30.029342296290359,-39.541392436615808,27.527319233238302,-34.271514087994277,41.946896021343356,1.9534386764944998,-80.30401990278915,-9.2863628752501093,24.179645685190067,-64.223230220009356,55.383767573596884,9.1227605544062556,-43.840779094288386,19.723074537697592,-47.405220163164849,-61.433320881459096,-10.284202851251852,64.715102097041878,-12.64965807793012,36.935435165766854,62.51084530072734,-46.597442401174703,-83.938260997866138,-55.52141786944307,29.866332792127661,-74.729283655467114,-66.136756708196842,43.570199473282727,39.041371165397578,-17.068492693252065,-9.0876706860810277,54.963972899405832,74.981308226732011,53.409738939387005,-77.48754667355206,-17.285422314419034,21.920312453352317,80.982993428473193,80.627403557202996,-61.876881719383633,65.242589443045745,44.509083816265765,4.8646677966676162,-15.973634282252132,-25.368602766525818,-71.720207602263457,-11.85098029546343,26.585083842252232,-14.780134150806639,16.956210300690493,-6.6904612774813623,60.800815011205465,33.035043530287631,23.306893371341832,-3.6337093000829768,16.797460717463583,-14.920839399723459,62.220435379512516,52.520955647508359,46.002166148252641,54.543262865979408,-12.976706111670236,-43.747439121648682,39.387324708756914,-63.348988042835181,-69.935383234138072,76.302247775118701,35.446495562856377,-68.599047896463404,-1.6397066081113953,66.688350883765764,32.43483271746662,65.263141729350764,-84.055153342637112,4.0067787878195391,-7.5400703221238983,-35.449428452677999,18.501381157291117,81.365137771643731,-1.1966287015060928,29.667071219954565,85,-4.2381869673486161,-46.089551361746985,38.658648381038432,-35.787896012505001,-45.29785464567523,65.215011488566262,-23.366975779537537,-63.179475446792765,-4.275547302883143,20.191342159768158,31.491191272233486,51.365526850383773,79.515270846321144,-76.067763215894232,37.577911797513664,29.541947953201387,24.518165397536752,48.929660551081582
12300,-63400,2.0201366809235863,1000,24.429022520875211,304.67849464793403,48.078813913850205,271.9521899900576,108.09413767105032,153.30519972976919,109.00895449811874,384.94798641051568,616.57290008684242,368.66517165770762,280.91807850367314,323.3184836332411,307.9935948298625,109.24273124511362,575.72964258739103,536.38408652615465,72.522349767315504,397.3188465333867,788.8187119430039,545.48922687807521,904.56226623006137,565.59427270556273,270.6282538496767,874.73678509895944,95.094268984852874,91.412508862633103,53.026094264230949,660.69012916362408,146.72317535120973,259.06724159194675,24.122857142436864,951.99150941749281,578.31470558882052,813.43041633283724,968.69748566877206,917.6664521969916,331.50547955013099,419.22528070554381,507.75479786911302,811.01801520158506,239.84098253537212,619.34338704842298,373.38240319698474,597.12362536812361,394.54074761841878,231.51263854494863,327.29003989867158,174.20976906096928,527.88380182074343,44.99448687571595,673.7927495087315,197.13958295984395,627.04081231225132,837.67409177812385,350.38338302258501,222.15928172617177,883.53231035572867,988.68111359877821,296.01019260955604,136.53407343375943,32.581961029429408,57.627632730450166,673.34552102758801,54.479171497742755,905.23910726683312,855.56293903581559,531.92691124680573,650.64147175402945,141.57549446341503,752.43262154790636,910.16571096727421,542.57887627145612,826.1861697411548,550.96053452075671,273.87435076298453,820.5188013109331,169.90368806943493,642.81367636388052,73.106157583036037,801.13515564366651,39.946436255287495,43.669521245467678,143.36983745829752,740.3037386281901,667.56520340829127,374.94278266119886,771.41934721223902,457.09448618117472,847.00464559309557,461.26648944148803,780.79380122854707,338.4983590070143,793.68470406260599,654.71257226872478,453.37976454275224,723.60781033640137,580.06750891792024,192.84804821349769,49.922521409617907,-31.360640903433502,-37.705382494095964,-45.712013271308251,-34.089493306053321,42.051372812208349,-67.120263849908241,-76.13208123208787,-18.292480945492215,26.982499690845511,-77.331778584465226,-49.190713865323275,59.725262201140737,-43.89830088330843,21.353959348524015,-71.224900200631254,-67.340349122716106,-9.3847263131532195,64.683651937228376,57.084989621375428,34.162998506158743,28.320228044494488,10.957152338514618,-81.619856014967496,-57.723408148617679,29.330335275790258,-75.063122589622751,41.988448652452917,29.757364631373889,-56.237686935013684,-17.225138031542649,0.64368886006835502,62.746022831898301,71.740211384142356,55.104237064242334,3.923052510607917,-17.372929585616472,28.649025984237909,83.586078909112246,81.393245119136807,-60.930548226958791,-52.890772532582425,44.84778441735584,4.8550117628889566,-17.753537634619466,-27.60667534923509,-50.926057546067376,-10.679541531580927,27.142434530863135,-15.415780820091204,17.549141186376218,-8.7503144549812095,60.974054213796009,34.874767078295513,16.579632888019816,-0.74807440015486926,21.300047739365649,75.661270756285333,62.292196976327446,52.489385450689753,-77.362414402693645,66.483891797037273,-16.121680340684158,-49.686683606368177,39.079902224066657,-81.75778909743903,-10.774922846115011,41.022211900566518,40.981448197771904,-68.623699456551861,-0.69714114251868509,47.421710076198217,25.908129045374313,77.248297293922363,-82.01332321832831,-17.609448478345676,-7.5948800942432246,-37.826952293919987,-1.357670024357307,70.510608752082618,35.471824832295567,29.815454080594829,81.797385964436614,81.07004586552857,51.238683361658751,39.629777361046109,-36.221222331951495,-27.278499200385465,65.430049706526617,-25.12566103425003,-69.819789630446181,-4.2436461110715822,-70.520342841794374,33.214728207424201,51.324408529600916,-55.088805010197589,-76.139864493973349,37.00485221212147,40.371411924753488,-28.254521258390398,49.302124662213721
45200,-67300,2.0223193692858792,438.49437953158372,5.1018150479302449,350.63844377281197,66.238983300703239,183.99166236033477,134.91073117728121,209.25976183184224,131.32133450883146,375.55564284845167,602.94800862884063,382.58756955022272,284.34853817968883,334.00717393211056,312.05370481113448,76.261314437160692,1000,530.17271282690558,82.965011251003105,395.86291388372268,805.10227883766481,546.6251522814897,910.88639310536712,564.68557747619843,262.54218508863494,872.01769959492344,947.43481226693405,87.394972771756301,858.8783962964776,694.23121843561069,946.45603288671737,643.02287032756635,832.81713033919277,419.47463151591279,313.25987575285535,833.98542105528736,553.77330966878912,526.24725656434157,996.30368884265943,624.70794053790087,465.34412386228246,914.4065890082245,287.45512001885294,622.87147134407905,367.43197102170495,597.73650124400501,390.18998348802319,169.2130857936524,309.93594414390941,155.69716031409993,58.82752767768693,43.397105152779709,767.712678594012,186.29160340436351,598.89435402626566,630.71940468935247,356.60065253095047,211.68910652619053,782.0997957786725,918.72769403647271,616.45535563783619,440.46645278291146,850.14507837065275,195.5071987274242,385.06747860131333,850.09665309645425,914.07169367384984,510.75971836887726,536.34501890661068,648.48631687320619,138.10715837652771,735.62502216120254,910.80622439399872,19.061877713043998,828.04974735845633,603.78727185415516,290.41359914030767,817.11469377613537,322.21642771678449,740.6392401610251,569.22097510191554,797.24772238111086,307.27666461799316,180.1537933047849,187.68549843407015,676.21479565895106,631.78740571521689,427.21348912545886,763.96249893694835,481.12752026064265,821.50191322720389,463.44976558476685,722.82286702052602,718.94828707602301,866.58014549434358,638.45517400436665,434.56810465643537,723.51378558732836,565.08508397041442,193.87363247035555,50.095677417077418,-31.345497704202899,-39.820808718251193,-33.521433819063262,-34.078830567557333,47.841103192952794,-64.27490356213913,-74.459485583006881,69.998163318956344,-32.888213178797216,-68.461803603296261,53.630274329330248,65.174437056445797,-43.733765710259107,24.44762920541055,-51.422098844654649,1.2150996896340587,-10.033679713424439,67.434675036506206,64.543491288977336,29.870920324874682,-42.43404201807558,-42.604099265313849,-84.5157280246992,-55.963471797112938,27.885896897304399,-75.398662373268436,-27.153226357175789,48.425237260489297,-50.731704847804849,-17.658076906918346,-3.6215574906404537,65.254796295903091,75.271070673979494,-33.684148074496235,-79.852037786278402,13.519201040346594,28.421234072773103,82.629776742975793,85,-60.492381230071345,-45.696587408652647,45.517328911038931,9.8143340884067563,-2.4586090943176844,-23.59009747467281,-77.12419311946212,54.086193010771112,70.59557366962629,-14.886548656696283,17.09652587952511,-4.0071686137674396,60.56579996534699,34.882517903513211,13.468917913115998,-1.160019881029422,18.122350440393785,76.610853846588981,31.48259725532516,52.445744506881866,-78.263841532868483,-11.885861984464562,-17.167231783727242,-49.642605702254961,83.341748869505238,-54.624681146070003,-74.040300802000132,-19.707699201043493,34.455037368313029,-68.473076344815325,-60.442376139094364,-8.6782340148239054,-36.324379916016895,-24.652261678628349,-83.957819312980675,4.3616889554606271,-9.692553917977337,-34.282379521541252,15.726009008550335,75.078212483369626,4.4269622309880781,29.782880372672928,74.860400955370494,3.2110670217691482,55.0583989218756,39.610839534412975,-36.363963029735793,-26.040124631168794,65.809021769337946,-31.938272341424629,-61.267238331674612,-7.0086223010466071,-61.533446791483499,29.491249302823775,53.26327721060413,83.578920395229858,-73.415559026693231,36.770758004801948,32.713206261537131,-25.989255077866865,17.8883172414107
43400,-66900,2.025616259598209,458.37003152845386,14.027201454104741,323.53088247792346,57.137871319296899,266.40132161882104,155.85178249522136,823.80114040807962,329.51185001082234,375.62632362577534,603.28529076965071,373.83538470381143,242.86235767646326,21.37219691701322,272.50734694902781,112.56184703475371,586.12344873819939,714.62610881609373,69.806993971726911,392.6611937759572,858.48974206308685,320.84744379973063,900.32009470048843,582.1530503105015,262.39452533850357,843.98884846931492,163.33680131051153,481.45771544779416,862.00950232663934,835.93197517551005,121.92678500090273,632.3539480720442,753.47324572206185,941.33588487790291,808.48403415405801,821.8877954430227,501.70567350862297,444.85143624139226,422.1048851968701,477.34208045865722,526.37216570828207,912.51874195149003,292.24313712604521,664.7256567053646,376.65529566813626,597.17389157140769,272.06515490813882,188.60674132418589,326.67614076528429,156.95406633677973,573.21780788776755,69.464788592016347,812.88006187272833,189.41511236288034,659.37865437454832,873.02606321916301,369.23850029665817,462.5675440681614,926.86477010970134,445.22542618103796,263.15371430405241,422.14093098480868,758.17005332925828,9.185969307411483,677.65420672797529,820.06976687033887,941.30119760917489,860.71392579366136,519.99797234015421,643.78940216772094,139.54260500679649,754.94781552752386,635.99519207147989,524.67368339637653,788.25092796495278,552.33584523829336,271.77752790525426,817.13942350510104,288.15742415270319,768.39505818199279,85.797935515093513,796.6179104337391,37.78085457376028,486.63004815368515,220.05642761837166,779.64966068914111,633.35376931452879,388.9025440366392,750.03312204595863,480.75049014005009,829.05066992431455,454.84197430013813,723.44742119412285,25.200242018242776,802.3495326009355,715.70455951585052,434.05818324991139,717.2839315927115,562.27915697573724,176.30935639303499,208.25810854547342,-30.747524566961591,-39.703060336409202,-38.313688769172664,-34.786564302853165,49.827684840199275,-64.636108138751339,-73.916738625382621,47.409793193047491,23.877027933788447,15.30894770169798,-83.932425017709477,67.914665157388512,-43.729966306028096,19.145889339088324,-49.829307728347359,-59.78725351710186,-9.8245943852901032,84.885299051953695,68.454331096114672,33.777185986583689,74.098551171931618,15.396043960284869,-84.962577150000442,-26.334736151790253,28.068609299692277,3.5933085214093765,-22.694706309630529,40.026216476589894,-21.003951790210433,-17.072140000438292,0.88730451669714627,-15.021325343469901,71.526342722158347,8.700978957409955,1.6050053169564422,-21.239377200625654,53.424698537246414,82.134863851939301,84.854555056730305,-61.553777268606972,-48.746000106783626,44.696192536726052,5.0240724382461979,83.297252941568189,-25.762243096098526,-11.176659289565151,-9.5092844249745507,24.381763145006733,-81.357029730605603,17.108441778484501,-5.9344658192318995,60.660511850053261,33.04814285964401,-80.62307674462987,11.638493298957931,16.051848825375092,70.058392135381951,30.797618323192829,52.434185979646017,-42.133708065067225,62.766099276980526,-40.564325314962623,-49.396804596522422,3.720060111987876,-72.518894839678737,-29.982691292613918,77.13716195342252,-9.9129076109346013,-68.610665681990866,-60.494571264419335,55.112675369177133,-71.54949644985642,-21.77996678313048,-84.12290570188793,6.0153227857221525,-10.004884422258554,-56.401475077317556,-5.2060946223857902,80.279600950877452,48.011559713183701,28.672937762669477,82.771983210790438,-6.6534635915077143,-52.99349256310655,41.05431699053846,-39.255242428384356,-26.934013227271457,37.687295068362609,-51.646084552730834,-70.094313767554027,-7.0650465561625406,-62.360221699832607,28.492719681908746,48.848632598624803,67.644716689834908,-80.509060578257149,36.985546231600289,-9.0184349198218712,30.430537671313544,51.226046158968174
46300,-67500,2.0037000726054814,416.92643187283613,3.4705989889400866,344.04233408351695,78.339435223877828,158.21339066729274,133.60298569314483,568.00166485885882,253.083605063563,373.11984826670329,603.0137922284855,114.41478266798549,157.02144129612481,57.853065334179398,641.3433270460398,78.579538437331678,618.55158611059574,519.36330220053981,78.237268912021221,395.70727959759694,812.79544159474449,305.0874975206014,912.34154216473644,541.8949319808271,266.69720781839487,873.30722509679413,633.45437895277598,440.18571378367102,20.794258602160248,873.3471791013319,169.45656578589239,650.01608966683796,19.94087351540702,998.39131954309164,569.02315103106184,804.05631367272645,543.09467351864294,621.59622983970416,339.52344678967353,614.59374828001023,467.13957792714149,763.49890894852774,709.95628126507154,430.73323294590847,346.10593709674134,598.34816298753503,289.64121000287423,174.40170676072538,311.51085049839003,182.16974832381879,43.882745891520983,36.734843057412675,767.49763373081043,147.91178216153497,629.68254150662744,631.42559150674344,356.88260180507268,205.99281106872462,897.80451534291001,508.52411684961919,270.66480262444333,401.02915829115494,23.959192607847683,163.61664152468381,337.95031228220932,823.93533298127431,905.33382527759056,937.77393536054592,541.11187165356353,778.58655954563164,140.37803011661282,748.42011506459244,652.0981383029133,499.4968693434995,826.82180835841052,602.21618962375135,304.1532746030768,800.56080396941468,293.40696723088132,766.27510963642828,593.19227183686223,801.52634160833475,281.26478858434905,178.86272994738601,195.15568604261568,752.62333964025777,679.37575888056824,1000,755.97687386502162,480.22468798728141,824.90988983655586,108.87009829221604,724.39962414403726,64.494121424205204,861.52101507465727,798.70187078331401,69.380679083709424,723.73447774812723,580.27238607646768,194.04689448617825,50.235325804748427,-31.352096524451056,-38.476626401605827,-26.808403576620979,-34.088055062000301,41.923342940684329,-73.620757056637757,-80.325079086592098,54.152034309152043,24.603178592565794,-79.007570078177039,51.340709417809691,9.2831760618818553,-43.840607301012184,21.638291187510529,-49.326366015926098,-0.71085904312787562,-11.233647018383943,64.737622412005464,-37.486553264759955,32.582382546079934,77.139655758689983,-45.165084491788669,-84.356870852673893,-55.873948225024598,29.859830112993016,14.170308323106177,-66.081612643836905,43.56714908066057,-57.919625450486421,-15.787408885137495,0.13760879513339397,54.953190916620834,76.548456672895057,58.701366830609118,3.0414711794554989,-17.25791348146381,21.936542884525181,80.957629696579303,80.100810794482399,-60.642294090401087,-49.829586412277877,44.960111730990768,9.8984055664440866,-15.816592789847219,-24.325870149681421,-75.23865335824793,-11.867118221080217,26.517381243454992,-14.813374321786512,18.533514709524113,-7.9638425608057606,60.814935717088495,33.017314517435558,17.058872243455049,-3.5053295499669872,16.804053905756657,76.08264505843195,32.389945042705726,52.523020298262203,43.270979035067967,-16.245743974930122,-13.036840038002758,-43.677912911163361,39.293881321537711,-64.399095826577351,-32.958319577782888,75.980835938263496,36.601871559632357,-68.599055849176494,-1.6790579476697798,66.944059454080559,34.202257601658651,62.042663565937978,-84.134488400320322,3.8792789336480613,-7.5293678130058419,-35.46418345656631,18.29717644841697,81.263614712628183,5.6786925531338142,29.937594386295224,85,4.3169581379062878,-46.320263227436023,38.731512651027892,-34.61061304726929,-45.035452504665848,65.377297338320759,-31.863292856477884,23.722513662378937,-6.7753730980873978,-55.149083358055755,32.021272426529023,49.606164511929741,79.510913701755868,-76.284854153141879,37.574010965119484,-14.803229224211842,24.694560483176879,48.928437256442237
900,-26800,2.0214054041095673,969.66878236283537,172.39232620396857,693.03673789340758,67.927432141179111,209.21289759270098,134.60563331234127,811.16883887385541,109.81744958189361,474.00611448738266,602.12425352848447,354.34942886438228,299.04209125548482,286.06264960003966,631.53737003023082,82.249923169679064,515.68744957460365,708.02484451236887,97.325843134729169,388.80826704817605,7.6802039714788748,508.51072669557891,870.14366483332526,551.68891645729877,262.318973481515,846.88405374122658,926.36560658604617,431.43177785673703,957.59327582902574,849.71275617047058,101.32231605612357,255.9113497806228,768.46184338667888,421.40866826166126,335.395997030643,826.67214191384801,531.00687714272078,369.00690294799534,280.02213579034083,428.19078897182675,500.93661867939386,528.3214090722671,649.83537468526129,623.0187374583943,379.62267955587146,596.81903155612929,276.24024555286934,178.67674826902498,143.49029016957979,181.53460394309417,186.90456545367365,58.883381677918763,826.83085228109394,195.00356707596873,626.62885995103238,871.39688024670522,347.16050175876751,398.67729460717806,34.351018041232919,898.15803306172552,295.84729816513703,434.79809704285645,829.47927021577595,13.802564845065888,665.64714352250689,783.14539233684786,808.05007909979133,3.2622354205159922,535.62197800865272,633.33735067224154,193.89216856030288,727.68079823910978,597.80236063760708,53.717737192366855,825.30229158783141,163.70408216559136,279.19240393115911,860.33418026842423,292.11409879144833,756.15873733294723,632.10694577610514,799.21790464462811,296.57010508247402,299.64060075276564,141.0827615025751,780.51742910438941,634.07288748804046,387.811861034733,780.8574663587035,480.32591239759671,825.04292845686507,460.86023342824507,779.33044145374004,14.112034228883672,787.82221669952935,662.68293973561981,75.409171420566182,718.44823014908764,587.40535187279499,193.00307012670461,47.365597518908331,-11.844453202883344,-24.098740406698582,-35.473367568274483,-33.790492890146048,43.335800446035087,-68.186191856262454,24.747465153818101,53.842092577881161,32.813962399910139,-75.896726445505976,-82.234138742663106,64.382633405856609,-43.065178395675353,85,-51.152149932757183,-5.8182963640443521,-5.8548959673524772,67.59058066478066,72.394723822356625,-61.440026987794511,-35.172750126622844,-48.441763805984714,-80.355729645337931,-30.12298344859942,34.764454175432483,-82.45865311289414,-21.970933090327602,-35.204612362645591,31.867561047943241,-16.726039165905103,0.25944685907583281,-14.600130869580147,72.470370941096689,49.501984398815353,5.2760797465019085,-18.347879750875602,29.042201081996041,30.852222030929894,84.600121655760361,-60.72059291044279,-55.675125606556989,48.355612329581383,6.0004652599907793,75.597569295142208,-26.596701816837069,-70.516893671371093,-6.300413220247254,73.348504167062316,-83.746146399341512,15.900355459580645,-6.6728313771717627,61.862766176804094,34.555552289768684,23.534504582000949,13.836964311680987,21.383817737248226,-15.674789275069518,28.823957329922383,52.402833050383535,-73.173622945345031,61.603137487955188,-77.14678031674795,9.0415830144148401,30.420234236750602,26.83449934645629,-14.883946371497945,44.720256104062308,40.232451409646124,-68.570189530459615,-65.78495703556591,62.217916296284827,-37.635534979548098,68.857888789365859,-82.056833384081415,-15.868004993437854,-8.6895542314285716,-36.930489562447775,-1.9137173575542041,69.859833811532553,0.50915185695657073,29.157039563509262,78.112413912888286,-5.7150937425408586,51.380822390240155,38.658658369220184,-35.147827149379701,-45.213079238148509,70.415306886580851,-28.512463839318674,-70.427214004397541,-4.7662520064842804,-58.560850741816232,-12.14829715331749,49.356823227388055,77.407139701775549,-80.389396846294446,37.155191900933985,37.842116010381062,31.509727377719258,51.970421417126317
12800,-63600,2.0216674633502407,999.76553950388472,12.543669331822386,348.40278691346043,28.325014983256242,187.50459996766779,134.95891688331585,761.30359685925964,18.41144004812358,473.8591157217067,600.68515248999597,360.41103348177978,86.152221940581043,1.4497229036347825,247.71916663240148,110.28354250894125,509.69587174750228,706.70511772556665,91.218658258862007,389.27908327845449,497.63600100722874,506.30001817341446,901.28932862795023,196.52716478785331,261.83649930221708,872.12895886118486,901.40827345585581,457.71254586080664,846.44769607967623,847.54767697167642,995.19616511674917,233.39706147541554,696.95311680862199,804.75885120725229,296.07563336163292,817.02335614756157,989.12724451139002,384.6052387462579,981.30102254889277,460.2503164186906,659.31169826541145,884.85122823083179,671.74878075620165,630.74703439244672,791.90027850585136,598.41218677070447,262.10823903351547,209.94584600236317,127.08309442295017,170.52122413892153,179.93387456348103,51.812693544534859,232.01802908974469,147.40233956592795,627.79349697735881,874.31836677811225,348.9739110454538,185.41133674870019,904.08730994364282,891.56224364392449,269.31101597985474,752.85539178869954,942.16117951416516,7.6982687485487205,480.75401400860466,898.11507749220482,822.83904408702244,915.46838335886525,516.64081900975748,770.94976606414366,138.38580972372603,735.58500993399264,900.73526313455636,460.10874824398485,811.84844526279505,186.15118208667687,259.89054174308308,803.66008485195994,289.69285067148354,765.84275513517605,73.564714800202097,801.77498477378947,282.23572430949207,288.22589949677615,188.65307808595938,749.48953161329769,682.11465771565702,424.3001821121772,774.58436777074053,480.8222205864393,825.79304060673132,479.10610085966289,741.68602213015117,96.77828490056379,752.84491198461501,665.19338039753484,157.60732564937135,719.10023964559798,579.78634416597924,192.82517402845119,55.483718775200373,-31.16250171961299,-39.520135113481061,-35.020715644172036,-33.285560480033624,50.137075420178881,-67.790359080591926,25.141948867213699,54.039277653435882,23.021376623284166,-76.767624628124253,50.381494768905227,66.465358268127602,-43.077401003987738,21.635980219255242,-3.6080446502367494,3.8230912202550265,35.171242540104558,64.763085458342132,72.453742386011498,26.723325966043756,25.5694799342556,10.875716257589858,-82.726589896850129,-27.013417992828781,29.24016500508619,-80.422566711847963,-21.161940770921262,39.96953018115029,-26.328022341221988,-8.3982583983731978,0.031644458445644896,59.057191025269461,76.515040172482102,49.88871530866539,-76.383785842693285,16.79932986109506,29.061387398972997,81.121665950277958,84.80754890998881,-58.449303025185159,57.227693526839751,0.73740804900508428,10.852059570978808,79.317396442918877,-24.843225285458146,-8.1731095478146152,51.221968484807945,27.628698715001857,-81.717656729944196,16.905398111197243,-6.7638929514931698,60.84714118353201,34.0798568548784,20.394036045051394,13.453882372120718,20.84392454933419,23.032952064813788,-9.2969558190115649,52.442577626633174,62.607037717084218,-17.407959824245889,-37.341913116949442,-48.941710224884872,38.64598328943007,41.965814125141009,-72.356723496197915,44.924767688389863,-6.1000227086224612,-68.623537177675118,2.0651598136067868,61.556147367667208,24.199646829287644,14.021145892097152,-84.020721533383835,5.9487191760504619,-15.797815025659261,-35.934019074551259,-1.9479400743624165,81.216398043434268,0.69787871835095672,29.980747438103506,24.639347884013187,-3.8609541925323185,-45.910697878743164,37.423157132486324,-29.613871156727058,-45.650115915845888,71.931216341894128,-26.509794577193052,-70.190845227474654,-7.0357401167188982,-69.451343209220838,29.690787219784941,49.568177908872215,83.579559877530031,-82.33524540530432,37.121183191934172,36.847376532377652,-29.64990568690941,38.788193743446342
59200,-68900,2.0224176479697467,188.19097369903028,3.1757124056087811,199.95136586043358,73.691399139806123,106.87650828421455,133.37998711693118,822.46325350220127,123.10501020785568,476.42723632999076,617.05552019596348,114.59668117299921,162.9007264055019,332.94836492986201,72.715927567829638,99.365536162756186,605.81452498097474,702.40573162975227,474.00578270500876,422.67777378515405,834.23701865898897,322.54566048744607,897.91493611960755,559.08158409547696,266.71283222781398,845.4402420801506,136.5600533014325,463.35029814569384,873.4291979100467,222.61154249181669,912.98999692170401,631.4954184697765,243.4517341402435,966.86523246234867,920.57935622471803,573.55196021015092,547.22265723511521,400.7545538390454,930.78310317379476,409.97072422318678,528.82107235373996,806.5698335466127,211.9073320804298,651.70974453402243,399.7319004259175,593.70935893039746,275.99769210228914,183.33103839760992,333.74983504389769,156.09738002964261,574.22135718079085,43.424411444415071,800.23212960093747,188.65857147381311,665.63372306401448,637.7023178082128,559.94887641522382,207.06851104725121,909.33639746656115,516.57494423881826,665.79320764907823,396.11458386872505,7.2419907683897442,844.52547354833268,267.35542714032061,860.44037101100992,904.43825040425827,955.33065608793959,534.23947621311402,635.25226768089578,186.00633901693323,670.80724360391969,537.16892501779046,535.410384660114,524.67099496219714,617.39123852395937,275.02309916440254,817.67343057574431,647.62458738900682,766.13081783322491,552.38535184940224,799.42863520722858,307.48056830657907,41.70305908037389,152.27353614748338,771.12460620935371,669.86231759564623,426.63396767293483,731.19472966029116,462.00559223881339,371.01116674738881,135.24886362317289,740.92672152831733,91.918914969473036,758.7854874729652,794.58549539160379,473.94720600226401,724.04528588063056,587.34423761627443,192.63360724009863,57.017513294408936,-31.338859302226886,-39.30386329858316,24.428520808220867,-29.401580760441856,49.229551492558684,-80.940418885341671,-78.271521601043204,50.211048048540555,26.868796080533738,17.835274305500125,51.371539113935846,11.397466550167987,-43.82792684543395,24.612779434429648,-71.07473274698593,0.27303731916120189,-10.589056460865596,67.403259958014502,-34.13506194442941,37.308311623398616,63.076117768374566,12.507618707408922,-78.678607964993319,-59.894735266481348,32.252982694757584,5.4626695826177212,-27.168765968030129,-33.679822469261637,-53.192240606042233,-17.06268302251701,-9.0899849063454088,61.645226356590527,76.563883469628195,10.341803087910034,-16.252107654304638,-13.315645279639867,54.397611194490977,82.982965816210509,85,-62.196685880587836,-72.989059028860794,44.671100492877656,9.3777411932387054,-6.0536564424784878,-48.378860755381524,-51.884114498204326,-5.9619018316111552,16.454099305650917,-16.020146276120727,-25.180392005552111,22.920199928129009,61.88173369628835,35.29812928969185,13.186398963352396,9.4293166085637274,16.005271064076055,77.177909293796787,26.79904233489777,52.636819050317023,-47.316123396582952,62.270707366709686,-68.790020411581139,15.711628615805239,2.5909439288509333,-71.470475137177047,-70.913369949797556,82.751171826415685,-12.711117754854769,-68.577782066393766,-64.729129472804132,64.723203251192587,-69.49328872269713,-24.09723838076685,-84.777597794202052,0.033601964014511765,-9.6665637251090057,-35.442797068851725,-6.1507220068840347,83.833492207949675,3.0573209683309273,28.446873008243788,81.956791873995456,2.0587375243211046,40.816422244072037,39.90029761897997,-35.371391151633674,-27.270075957088974,31.406791300905414,-32.945865885710845,26.561201434941513,-4.4344278073567862,-57.774403717432399,79.246073237625509,49.750599940231233,83.201994228680093,-80.499357883542288,37.002152498232327,32.212565945807484,29.384222244959233,-72.654112704893976
68000,-69900,2.0552771124189393,19.798171723870752,11.287163009347752,346.92315407193212,78.024389406510238,130.37978256877392,134.05514684034119,559.14772264251019,106.07603979551868,372.82740237772197,603.02361777345914,114.37942847360951,165.46672674727569,341.0374860378945,638.91870151338173,325.85919410835913,991.63747722111225,519.10601862933913,78.126628200115888,389.01437844622916,813.23507243899735,309.68156644514659,912.6965082040997,545.87729487023057,261.83399863993446,845.23026515642539,69.248602026755236,447.97542207946913,933.13231904837812,874.13909969242422,43.255089532690633,642.15545706133685,19.236196355564289,998.26225455737756,570.22432706869506,834.18139535642297,254.43829199831626,626.58073574494063,339.88382927911078,625.3158893335011,549.44017919097337,753.54210933074398,716.4134259843247,661.46984267222979,395.53941150169663,593.57410158816958,272.02594938027158,191.90629712930084,313.54909047909518,165.06465718093588,606.69522596930301,4.8814780626236693,740.3585988107227,149.41783698443371,662.96531023666637,665.19841363993146,363.89266733247553,206.19188858703313,899.98643234913516,508.3379217055591,226.80203467245386,436.51934656884958,13.777139045369836,824.41063219088085,342.3762721108568,858.25558168148382,905.17778263599916,900.00187858623065,542.72171365753491,641.44235870881425,138.33150943203881,754.18164202435025,651.82475847116416,499.89528504098723,363.1585425180308,553.64836353045223,305.0886799642401,800.23117917244781,290.26826751489762,748.64399872976787,587.02540327866041,801.56385197624752,35.046400574409802,276.69019413704933,195.14106206060572,723.81899828631731,667.48065361788929,1000,755.72682402331145,480.98102078491644,824.82372938067567,463.16213005344332,722.45337305792771,13.274747989130038,872.40222519666167,798.69235435129099,473.37754073687529,723.71976445127427,581.52601561387178,189.12986742761831,50.260290237671356,-31.144854671287188,-38.519629605351561,-25.52752096173711,-34.087204623239757,42.022981867199036,-74.194143840663855,-80.378055661649029,54.225245736195781,29.627210266302392,14.958582772573497,53.235604819687083,69.652600400914807,-43.727413677946814,21.636739874886352,-49.328847606952792,-6.6284856802915737,-10.624959616610015,65.073497191691999,-37.483256057121253,32.320579645659464,74.039731561792763,-45.319473815674939,-78.188613462150911,-56.832575648196745,29.69419684867816,3.2608755775521319,-28.498464860748161,45.073428748450034,-57.632694510668799,-17.232143695238932,-2.3507162776850077,68.418577200939197,76.585183432130094,58.514086577533959,3.0344239514581086,-17.193537791281059,21.806135938488438,73.345389376082991,78.484279439446112,-50.503761386925078,-50.329424292029628,44.219536465744014,10.150559992508324,-10.369603929069708,-25.92776521906552,-76.092614264391813,-11.941739500910025,26.221789920120596,-14.336719698534688,18.647356466191365,-2.8479294906129651,60.726923093163791,35.766657493007585,19.882688622562394,11.561411283328813,16.765917722171569,76.058100183298563,56.036377730923284,52.635165248994149,-40.114761670912664,-16.364180638775441,-14.587131992196165,-43.51556737466823,38.410023944708939,-65.612801696473383,-32.317319451188638,76.02487702025806,36.582785380749925,-68.599194074260609,-3.1640540486091142,54.078704105199677,-84.403457736890317,62.62431782570691,-84.11403801891538,-1.5821483766338424,-10.195977313135414,-35.260840487311469,-6.3331668183933472,81.206107331503006,5.843357445283976,31.788837423521812,49.935371775339263,-1.5594180727635178,-50.459959761603216,38.776046659395647,-36.658745698473211,-27.130007809938721,65.096123621521002,-31.86486505954969,26.907534364409717,-6.995858449644345,-55.621951680067895,32.277164017830344,49.617067200903037,79.506700836733344,-80.677339162868179,36.795721985451415,-16.801714513787147,27.795485330668079,48.903080306473136
51800,-68000,2.059172551541852,317.21356658870104,4.0481203787413333,292.72135919527108,59.715870350413176,259.45321657502154,57.857613949072551,548.39392399666372,131.72434041386447,375.86915980672131,615.62196462616009,106.24965158746653,372.39180681924256,40.598082407872241,594.63457809099123,84.71673290114073,570.020977066922,714.89392135210642,69.183702019387738,386.98892144881171,797.60194725293093,506.90769218552521,922.49515988787755,581.6957152427151,262.02896663110482,843.92149244656434,162.95458051421602,407.07968071517183,857.60627781334074,830.63736832930067,128.67155571171276,628.59411072148919,835.16867478749816,826.09329720988023,871.32419580094597,818.60589414388858,547.04967254421626,391.2529374434597,486.58375935257033,458.55807839167682,513.56208640730597,805.87891856361432,233.58000854167918,526.18226949140876,250.36938275432885,595.28127344279028,341.80985514572325,181.43885463646725,324.50624604632975,169.45808034957537,565.66668655675903,35.134052179537811,813.33940543880726,189.31370546868166,659.44863806307069,874.87632110002153,663.29730857453683,430.19515791842531,68.700253275156726,501.45020248187632,663.78373879727189,428.88184233208466,7.7664039675741456,677.02013061943126,247.70618644403211,808.60147042442031,653.28496651347223,963.99806213905629,445.87923370960857,640.07706934317707,163.05964879516242,718.56760666695084,532.94487942854551,530.85495232561573,834.36020307384626,523.38578097699781,275.31607330727599,822.19386863138777,161.06825284840789,640.51167948960006,73.596673123167108,796.23774215949186,295.05560887261021,274.67540627279277,151.60913375492765,841.04115697509701,633.87326790405461,378.72871867717276,749.74101327857136,456.87403016770799,448.46849184512047,454.66703029112426,722.97851696108273,23.032469101922004,811.70943206541335,810.81104587602408,450.07265250894699,717.27298641559628,579.15371690378561,340.0062931537766,53.842091136302606,-31.085200286156507,-54.960954537766412,-32.572015594946578,-33.685477487924807,50.212505259425235,-60.596672952102736,-77.326427371791823,-48.082436188310353,-31.140310392048349,15.345423290567521,-78.120214372812029,5.2094343217616501,-43.723153289547,25.365873826515326,-51.258358273695038,-10.404903738706073,-11.469699213679085,64.965025619199778,71.153814111208504,1.5124387655285516,79.095611553788544,14.58719121779786,-84.897790290173589,-26.43877964963691,31.089999992594244,3.9674164720503811,-22.550594065344125,-32.131724598337186,-53.149707760381617,-17.072280058616411,0.68583337461189031,-15.186493348626524,77.024623694510382,-31.976133551090239,1.6126108877977359,-21.037156024505173,29.330305092044288,82.096736526468533,73.035660817413827,-61.69611897948058,-48.7574251257494,-2.0851504468481217,5.1239128066994954,-8.8654244974823531,-25.692805160070673,-15.665324933060141,-6.9187376449730289,77.827815040541054,-73.745482950242035,17.062070654399665,-6.3661607695156066,61.280833182719164,35.934550224803857,-79.970731485718076,9.8784353510828939,16.052485937216531,-34.109973606943448,29.89252515450756,52.382311072163731,-80.525655869471279,62.657009983248564,-12.739271556718954,-49.604891226948496,-35.61259378146007,-78.132973727534477,-32.468611882783605,75.970783593128843,40.612095790039035,-68.611681880925374,-63.327513521785349,-12.967609381821632,-71.239308566585393,-20.905676854685044,-84.871135795943331,-17.43772428515431,-8.7545446629554569,-34.283726410626535,-4.0373343842390987,84.232468200017109,29.260606753094645,31.606166141100076,75.694170979237867,-28.724424873279894,-51.416918361757823,39.716744298002901,-34.994963617509917,-27.271529131566254,69.456207072827183,-24.692253276484784,-72.354295010084869,-4.8013643466725542,-62.1595998968386,-9.8129314336795925,48.848265249783537,75.854154133277547,-80.524467928496918,37.022675652295888,-45.442051952468518,29.636968455837017,45.403759989946082
56700,-68600,2.0197644596394895,233.69462507508243,4.1977132635376897,325.96421396659434,60.206883794105643,125.7428514191335,136.6333630373463,823.35963047331882,333.26709896016513,493.91356371183804,603.19499781508637,383.78780986961311,309.67948329224964,45.604581084104431,75.9782590903108,346.73154215877662,498.08139145847713,518.75845092101395,102.55738433478957,395.14020182361492,809.43032778618954,524.54525901178079,923.71471181374045,573.69477095193417,261.84324751752962,847.14841217604521,922.05449709884022,465.05621709246088,17.776749109211167,849.18545627044966,179.51262086610183,451.34351594990255,126.43879352693671,965.31852005428016,589.00082003218699,814.58302936128666,201.22596456689411,903.65365633296256,454.73053327850675,462.16016525380201,511.78045085059188,811.28025673937577,297.25765797127951,657.07495088013286,372.82714742476048,595.35583214834412,270.51676140423029,180.25349732911607,325.23990122432144,879.40901144119971,574.54714284617762,68.849682889330893,799.58561854862114,200.70128910777728,626.45082164405278,638.16708739484181,657.78877084589317,234.28143400104904,347.97385553347203,936.98240870417089,267.09150850004653,440.4674794034953,7.6155888130253091,670.40623222230079,676.50937531818965,793.23394490874466,911.43541897025636,538.60553695616841,487.46940792560554,634.80024868609109,162.84030166987674,723.07371811763005,927.50946924192385,533.33849190585283,312.26346281291677,546.34362985826772,276.82021523644869,817.13789737904938,151.81439642620686,649.26951580928539,102.70402568211509,796.79081683168579,298.84196336919172,276.45344562509922,154.36771859999038,742.2419324898475,671.42412282473367,385.41350285795352,116.65334942572235,458.55173506564336,400.15249409056264,492.49640449973134,721.96979478667822,26.29977062160652,883.02699208265562,807.34156462593398,461.90924353675661,711.13831597643343,567.50470924945898,339.56921181125745,201.95143578392941,-31.093850099204481,-39.400357222032312,22.848538303449793,-34.782552503938739,49.680071368026788,28.85299004099674,-73.935755603517123,42.87365711454926,47.405082985629988,-72.782475468813828,-79.734377440450942,11.552408850878763,-43.845556205993191,17.689341166130529,-52.453556626864888,-1.8925017293569866,-10.526781141076613,65.201434820189746,78.33283326278665,3.7823270087791294,73.744829081511213,14.196366161183484,-84.761569679564516,-27.141417408702701,24.972790782331522,-0.16249344679897604,-34.657921468594907,-31.856893455507901,-53.662406737040946,-17.073273001394117,-0.3027953417254588,-13.966531534497046,77.044401937110806,3.6237657372708298,-11.751003262889993,-18.504419286395517,22.659534608466448,83.580364069623911,-34.341764963629572,-60.098250610098908,-47.689184609621599,46.325738958764084,5.0364290380334058,-13.15711049041561,-25.688969282837807,-71.53560494450744,54.568617454830516,21.889838219777904,-78.185193359138182,14.495710545513614,-6.6326075509947895,60.800812120521861,36.050177223331296,-79.641185997978411,-1.4420969988893741,18.739203447294553,-20.00457411837893,29.198190671999182,51.975497362902509,-82.409410666296083,58.651616851543878,-33.859413376081569,-52.886760899982107,40.102965669286561,-77.052700827791256,-35.416875815370027,40.547147269196806,39.646048956787993,-68.617000399705915,-63.549040257940106,65.402709666611329,-33.59112208902755,-21.178409162081408,-82.841030259846505,-0.3038617842090896,-7.7224565846365598,-34.232818954102214,-5.26055414238078,72.309378894420902,-3.6263765789636437,31.639761986589939,48.848950181069853,2.299456145279752,-50.168677105778293,36.301171394893942,-36.947369206987055,-27.264911642321973,35.868936651500363,-49.088249845456041,-70.638683063706424,-6.8441576548128582,-62.230242101715859,29.87425622064297,48.834547718572793,-49.799478636449876,-80.506860908716206,36.80864341392445,-47.147511597202303,27.764362195562594,-79.140901803239146
52400,-68200,2.0220589670918856,309.77981786281345,6.4629322897528212,344.08044403738842,78.272520968510889,185.4790630079487,135.26735852414262,228.58565949377024,253.10852971594775,373.16946479076068,603.01159249739601,390.44302331800401,158.75646754766245,58.841537395975195,322.79304720647383,80.46098123690831,590.63251296780686,519.3215473166423,84.089760925080938,395.7088015406664,812.5897819161313,304.94843350268013,910.1739437270312,535.24237033270583,261.73246221924643,845.11980474022016,962.47563699027421,447.7929749143305,859.91416953766952,872.38839252513696,148.34217511563753,241.10299262179879,16.307593788902921,998.32722290707852,572.37932583738586,813.51137417534619,527.64916652946704,622.72263132673766,334.1841089816316,629.89015819742974,467.13957340475042,825.32690382855628,300.80197476637329,435.07074949334731,373.60482293386673,596.93788965750196,275.05807517082371,173.92666212308703,306.10387606441236,181.49565874928055,56.672045976579561,43.512008028366871,686.52691857864897,188.25865085838004,629.74333945222747,631.73562663299288,360.27328954317261,206.10057440797488,898.65105029869324,512.42121504173497,294.15786790343958,743.6044146282477,16.601665031973738,187.07360604131503,338.20988586082132,824.12629811224065,905.22115260701855,943.21943451063487,531.99169596770878,660.37811253168798,140.46268695030247,748.51842256996883,621.24541507928177,15.995354697749661,827.97917886368782,602.20825209936322,304.12542786828368,800.22439284354209,174.66934632177524,777.49989917770949,558.98073115146929,798.99190657216957,281.10548237988627,178.91190182599229,194.39050036616618,748.8958545023462,631.28678690029108,403.2780162216846,755.29609309708746,480.23298646622169,817.6082863136221,110.34786648777498,724.40512990003151,878.02727382221178,866.55271443425136,810.01720709979168,68.076101952679892,723.72834548494939,579.61774196215015,194.04086388536288,50.031825081752771,-31.352143761896549,-38.41922459643942,-33.824319561740694,-34.088105823311913,41.887516260260035,-67.094358378050103,-80.379974254920015,69.673548743294177,23.294860960799198,-64.852523169013381,51.612285947958448,9.2952004472833547,-43.875282953793672,21.666411722881584,-51.450911275944648,-0.70844690148846989,-11.234073185877445,64.861185308450075,64.985121684975482,32.46862343522033,76.88487920063271,-41.095227396855115,-78.071759826188256,-55.880664882414095,29.468037511505941,-73.386470092874845,-28.244901289582803,43.953867834664436,-50.933212411257202,-15.805526270891249,-3.5479074006271754,65.380426864605226,75.271713411011206,57.750041700368698,4.0161952135836518,-17.464711528484365,21.706849819364805,82.586995074484278,85,-60.631551973382123,61.425196647712184,44.992847648890397,9.8265750863604566,-15.817548406231372,-27.598640014298645,-70.272332011920767,-0.7763973967036728,71.623979096434738,-14.812754630079462,18.541588644730627,-3.7133304413530448,60.814949369630263,34.857134364785033,16.968463372509433,0.22050204397061091,15.86409704303759,76.084476236070785,31.44646503345124,52.387967588434023,-79.206603822865361,-17.876689752980241,-12.814761011429267,-43.689833710212646,-32.000799718554163,-64.830136109674143,-31.836018716194861,75.874735324784083,39.556740319821209,-68.599074956630204,-1.6787439618818845,67.643942805895279,28.338401104784904,-25.313745934744162,-83.984792139633541,-18.037363650366487,-9.6786894716677132,-35.488717014279331,18.317567126171319,81.335954913752047,5.6933787535097,29.940774763057011,85,4.1659709501303501,-40.78834309333142,39.594999667842337,-36.31525066450466,-44.83727071073892,78.055668531192993,-25.120038458667903,-69.234761987791117,-6.7409326864746291,-55.030742517863608,32.016628057541077,53.152249914212511,83.652416898204748,-76.240863509286896,37.562648416578469,-14.701096780878657,24.725602236774694,48.928507642510432
58600,-68700,2.0223024214992313,199.05623194111638,3.8131388377136592,213.22399806056211,80.666571622743831,267.63333836880298,133.09529934139596,821.31964726612068,319.41516309064076,382.35375675286139,602.5624074934359,133.60155856054305,297.89951738490532,38.716483408557963,63.895458517725359,81.334836666351777,599.84448563024239,735.83615470983284,95.133682448304114,421.97477107971713,81.883950291694703,329.33631354991093,434.47765166199355,581.88878612219537,266.8679563917886,844.75122950466221,1000,433.59729775065961,354.02421033374731,232.04994822361846,915.86997467194897,390.41593216123533,801.63212919706575,881.43418573585745,839.01399805638528,583.69497826311965,537.60913367735577,391.65966563094605,960.16694432355087,634.28500503719624,500.21596074632333,907.8723599145701,295.60059390966552,654.34087169087672,373.82102032625954,597.1111790223797,275.61723358764385,410.14555037366387,74.480716957995782,155.32193585904184,59.307732258378437,743.72558665356632,800.15710805882179,195.63653700664108,665.33103558642438,894.40584935514482,568.29255614884573,197.20053291489444,26.405970216387033,973.50812172764404,647.62995213755528,403.36358417141594,862.70553447023667,676.17151842561839,261.9562362416325,801.2391318302773,900.80101937273002,864.80591471390585,513.27239194694175,639.96060430694354,186.80627675685523,718.5389890005606,537.66582788395181,44.948253810378247,538.90917905145932,172.47173217807432,275.78400962682969,861.18116524136906,144.10000908803227,640.36280980087474,570.58968097161562,799.09870392317487,301.73556735284524,90.193668408931188,654.93502828659678,778.58931455764355,630.81525006359595,416.07517238512861,744.09081036526516,460.54023614487301,366.92842064519158,79.241701181097199,749.18029420391429,16.775099784785688,924.39881897702026,789.98518784646819,474.2705106648624,727.37575927772855,581.00261585548867,200.61325161104838,185.71581984457998,-31.140796317450288,-55.291656589274382,-40.664181791677663,-34.724508230866377,49.262029427043409,17.502933477943358,-76.859709076738227,65.082405170858934,45.191524562239728,-65.161405492005699,62.696321946267894,8.592052100523544,-43.774325236456143,18.013163476865053,-70.689717044765885,-3.61925517470018,-11.463893989128183,67.469646909231585,67.439521353183864,2.9275787742974728,-45.931899539292594,9.9735803855880718,48.868867214211463,-59.923566964590528,34.64187650405097,-83.125897009542044,-22.598624360648977,-29.676104721180742,37.947088518376169,-17.08245944537757,-8.9105648708702141,61.671037059727745,76.561656687806462,54.608384075119915,-10.48450764663257,-20.780330213027007,22.516672427441137,32.048378811484177,84.530764825772096,-25.039738946615373,-44.232635219765406,44.742416206766407,6.0924433242126206,-10.612419868324931,-24.758500422705236,-69.288292116195848,-7.8929266639651914,22.42880645664275,-11.037835413821112,-16.079821695606618,-6.765859824240076,58.698558641218639,35.304376362868879,33.947709121222267,10.320979338397269,18.072613020328763,79.337437596212084,59.450383018797872,52.626516096394255,-48.03145055980427,61.275816210001885,-15.343429065164003,13.219392438663171,85,-69.718983227714148,-63.068006066256125,-25.980868533868801,37.091321347716793,-68.618693968910023,-65.019083709950891,60.602792315132014,-70.285097563956796,8.8377230040440917,-84.803117147843381,-15.968579818552072,-8.7454325210823143,-36.244767682176786,-7.1138291648677097,82.363348418940461,52.7438845896949,29.978592415020241,28.108026713132208,0.98663153523939684,-51.317230380752569,39.70968971440734,-34.737940422757802,-27.303648974983464,70.166106972952122,-32.405074991212317,-72.752950038264729,-4.7641740692533148,-68.722660849049632,78.734216116110858,49.697699218847241,83.342073054287042,-80.504122298194403,36.976924503565073,-14.17222961832298,29.280516303673807,46.731285066350296
43900,-67000,2.0559167119833432,456.41795636893278,4.955542818082634,322.26853836960015,78.433688677846675,152.44654780297842,157.89022446884542,868.69886952766615,326.62448651766721,373.23588972289002,473.78779919949113,373.01271961731612,144.65772538299882,21.436027108074924,57.545058860830125,81.590049787373545,1000,711.87085509546614,79.092198475512191,395.73765336914852,857.6084431918016,360.92927879965924,940.03280172690654,544.34062737052602,262.86144137726507,844.96681174703872,81.180218569512419,447.52267740023422,57.24346204106547,658.19866860641719,121.84299683958791,223.7731015629775,285.57425295844064,1000,325.67352746402844,813.02186591690656,544.58033390386959,934.77740864823681,424.89018481463989,614.40840700347303,469.65002116822041,911.81723596187749,703.25335114965446,427.21615026973825,374.374831870268,597.06204046473249,272.45617627120038,405.65930592719394,66.438659331787591,182.67416320472577,573.16504302355122,69.522041963906389,786.66772597894669,200.28890388491968,661.49501747021384,637.78776778071301,363.20820542396177,205.04867027812671,974.13053859506647,1000,262.73576448363116,398.32376268633595,746.3203761878674,10.432682311752863,334.48546732875411,361.77417469502302,933.90183575985748,850.98013451138831,518.99780370116753,643.56035391794398,140.34802026465158,669.2448940658013,926.71684282481749,8.9301968197905239,822.04094742784832,595.98966295087428,303.36528523859005,800.57675644096173,295.35372198096428,747.75902541602295,77.915485311814393,796.65145852441356,312.23827679040664,196.333982378294,196.4422669253108,687.77955337733397,680.27878727345865,991.04422874611873,756.16961286002015,480.50849555001105,846.54057553436462,144.29065865181556,724.47228453758328,24.477215002269389,854.83654747400374,795.75562794171879,77.77420155731474,723.7457600610403,580.49860214954299,190.57842165813781,50.188705460981737,-30.732829799366186,-38.497681250424073,-25.008272601083249,-34.09359228689884,49.77756039385433,-72.885457951419028,-73.955606777037133,44.053924060807653,-34.903093116781285,21.968830058311312,54.502361587204504,6.1368925879972167,-42.643777838359711,21.828057384148561,-47.850083254824426,-60.781128536530034,-11.238841789397995,67.59187112715199,-36.380166400216922,32.413901698230418,73.85261797041683,-45.144266982833706,-74.354321174830218,-24.389098782712907,29.530213868042257,-67.189200189991013,-64.234729783141319,44.338095246666477,-61.900929039863833,-17.121634552069612,0.95132292098281868,57.4973528400551,71.611819956999071,56.649795025363765,5.0631486291419581,-14.696698987475575,-10.684288192359034,80.648066992041848,79.612124711665032,-61.576470167834671,-51.209873621739092,44.929807130403482,5.1623403345519243,-8.2659581106097448,-25.795458207606426,-13.668919550658179,-11.489944109031439,15.9928850626636,-9.9902331740599202,-23.486927408402266,-5.595039802917702,61.460699037622682,35.951433608901766,-80.619611591816522,-1.1277489259733411,16.424165806524407,77.577883364158296,60.048886529360949,52.448949956643617,-41.81235926383809,51.791334440632454,-16.61824259917223,-53.043431671473058,84.230925161278179,-68.844605138235622,-30.962358849122715,-19.910154345952918,36.613726884395639,-68.583158854710447,-58.289789348170579,61.80432781669186,-83.015406302923296,11.668411097653616,-84.135467568494477,5.3856285890366458,-9.6271953648490083,-32.899023192040843,-2.0071998421587525,81.550108854226067,5.4948593779953612,30.04714814934264,33.25893966008109,4.1423642129953064,43.689122301397553,41.072789122189505,-34.496380410462336,-26.942088147638842,67.364484372202455,-31.777025138724877,21.170708120029687,-7.0188825581345204,-62.938745142548299,29.654468080270316,49.548318484118496,70.399713244996306,-80.638673089300582,36.976629905091244,-16.028103676066905,-30.031309398208769,48.951048201337102
56200,-68500,2.0040350471247077,240.43575595459964,3.1527892382195564,218.77332025115123,51.691219887147682,260.15120989444472,134.35082642048201,835.19188685529036,329.71629625416375,459.69451870273502,602.80997922958841,121.68043625069852,613.58643502986695,296.50478953028738,63.40347589539877,84.672469181718441,520.13885242880519,722.32414315897404,23.834161676528367,396.68608253866029,829.97345909339913,108.52616687580878,923.04110743790409,545.08151544078589,270.48080751724694,846.53826691093354,681.42588905540083,812.60429627713984,975.85639827527916,195.97747593261639,148.58408446931298,243.96717780363653,14.006564884284572,877.78327103068932,349.81805671295967,819.56617494629666,575.71402486108377,925.86760819121082,402.92665135057672,450.91267999181002,48.354253268666781,909.90714830887259,270.4426163162388,385.75120198282389,372.11781119897319,593.81712759253139,274.50486774829386,210.84848599771414,320.58266140974661,171.83633954845467,204.27943320801182,37.729806028973201,189.08803009354912,187.64283651303208,659.74789835665888,639.70961906787113,337.60817918301711,476.40078089265506,907.39652553777455,520.92392415774236,158.46671556804461,721.00532372854104,695.22366286345596,55.812565155703908,264.45219781334885,846.36532771368127,821.82464886581954,949.68937157772575,528.76070604404345,636.79015188805249,181.82010044534667,756.55887779321279,928.629817128181,531.04824504114879,801.76818627106979,505.3871702949279,275.32003131945112,821.99272145087014,296.92693569048527,629.41193016012778,584.66784302405631,799.58524052923542,813.27446801871315,80.988573802936386,146.49496695776949,755.11516845728772,680.07147300559143,389.10504809884429,45.057173436005428,488.12369052690542,839.5977068387283,473.75541663915527,751.00496722413868,20.384975745397469,861.63124544193158,663.00947244664337,413.28537311826676,717.86465741269637,562.80724873775364,193.12531054735891,43.654871608887461,-30.957153711976385,-40.04049783773565,21.856552740273131,-35.212044661313783,42.933678469330744,10.462512656459925,-74.063408912886104,56.727901056903129,28.828257332177333,-77.14351467595273,55.167900308340748,2.655643150177454,-44.081702795400069,20.53056065043382,-48.633319468530246,-4.3446049205951276,-10.466257936022124,71.413379559982147,63.420336769894938,-71.227220358747246,-47.688003854555497,-43.128752149393726,-83.440456572471632,-27.636332628152942,56.203368520409086,-74.452765251849726,-27.103714884533673,34.137633607585528,-21.194775825612105,-17.24290894414295,-8.7744467163901856,47.915043161862258,76.869686669940265,-28.326098741194166,4.11480417593061,-17.149605759978293,53.620825544484283,83.165765390887302,-18.367398614338089,-61.684692455719244,-41.838290763590116,46.357258622684213,5.8879445166768702,-7.88907948885719,-26.622966994914698,-58.180486018729269,-0.32582072827686837,25.227492338326357,-10.381971280454625,14.506790826122611,-6.4467175870123796,60.87120620615439,34.770632162229205,-76.871944696615671,-0.56844950202346989,22.30606164459979,76.144257438855092,-23.853416101789609,65.325558636398682,64.057648370301322,59.897504564258611,-10.738109628142739,-43.228834638592197,2.3274281231776324,60.037106180701223,-68.567677038126561,41.590739313317222,38.1868863522213,-68.583591053179944,-61.734369387596061,54.347360586026973,-76.425403848950509,-15.22550749036408,-84.649777713637249,3.3984479618732513,-9.683185770925947,-37.182386377960277,33.951912397615772,82.183256766033665,1.964226119034022,29.945161315113456,84.966695756408683,-2.3907169686125771,46.77580832159947,37.160944716349569,-72.929702861119893,-22.375968025381766,71.846530898164048,-31.919589493818652,-68.255156335948044,-4.3992121878028048,-61.765917593212393,31.661041565229983,49.57133521547766,70.390552221736982,-78.269977583426794,36.992478440646266,-10.621745645024077,30.072275759432799,48.847586220069836
61100,-69100,2.0042557736702604,150.49659058263262,7.9386901645724777,299.18110387922025,66.72724818376345,268.06756576468138,108.7876523103069,791.77373916081422,125.68258880939837,477.11871514929129,616.7747821048448,368.49112486674369,280.94533978812512,292.84328051557503,658.73380267265634,106.47750975105969,999.65873581790606,701.25577751803814,71.275702723765477,421.39673387522623,869.91768146448851,345.54796060897468,904.70326900548275,541.67848432573294,270.62224433853549,873.79397563286739,82.546672066079395,88.681824411956086,360.95527297024876,857.98388996412712,126.32538589293262,251.39907531180219,24.781093655060715,110.12345304316403,803.65009616528994,812.10778857121852,484.56317291196336,921.49510770881113,331.99756010335227,418.91893261630361,507.58872665473683,779.1141628699736,255.43557084690408,619.30774176230329,373.42876852582526,597.12256931834349,392.26087858840947,432.13370807268825,120.13661342560398,135.61178652105389,31.027555292304427,781.54848166047623,781.45580892926409,197.09869363503446,627.83507841332857,649.41621745291241,348.8932539139538,220.84013323529985,89.598337903943644,983.61998025841342,266.65569166639762,149.40057486414042,950.87496325487859,57.945071350191938,645.68478574326582,51.140560295158821,572.50923447810783,867.31116698016831,538.32053849150259,639.20593551343393,139.70653467981253,756.07403734550417,898.93480316829562,543.07423128022162,826.18994894910986,563.88580533333641,273.99646505061037,820.67319007800359,284.81056297325449,759.60057941417085,71.340886776018863,801.17318866187259,288.31147005783714,45.137560990573405,143.42227950095224,779.73097964014949,667.5856940126007,375.21251355495889,764.33555969751387,457.0880551506026,847.40743471554549,120.55967271201851,782.18794177237316,16.832193379961755,395.61463898899785,685.78249835454324,453.17300643331299,726.83377441173218,607.99946519864136,230.23319467440933,56.465889928179379,-30.977758419229939,-37.752305567657068,-45.669555091500783,-34.69640443715403,41.97373240708729,32.106190561239011,-76.917717466997388,-13.35181895859251,30.538446308539498,-77.501692927190518,-84.672545851764326,77.042256059972885,-42.675925724323584,21.243995067019078,-71.327364709576386,-63.20945852822986,-12.324808190831375,64.776853755265279,56.558838385319689,-76.139633229559252,-52.597909579046686,11.042266499198325,21.559640115933551,-27.212433382309193,37.005372917519047,-67.305359431875573,43.050009891905297,29.586760984382124,-56.287357083526956,-17.226522988298044,-2.1621012756691309,-15.800369047686587,71.923119515978385,54.123078413994179,5.1739731851166084,-20.445193394203496,28.640194933272792,83.585838506539872,80.53746651765556,-60.949141303433251,-53.479656037145233,44.842248533365769,5.0150300946900384,-5.7998872269122899,-24.485655552437457,-14.115768978430552,-6.4762190242634485,16.756960373772497,-15.379712440883836,17.499107160790377,22.118740139433147,61.089654726150883,32.734610600500361,-69.274928597788076,-0.2910809258687701,21.304546997740601,7.3400016799970871,62.314404376647033,52.338599018987502,-40.504911655620361,54.215160992565451,-15.983655466272875,-51.038303281701069,38.273072053233179,-81.911293403713856,-69.895323224766386,-23.291205532854768,41.008107323407025,-68.62156119956299,-63.599088840626919,47.151145570050943,25.307219376302001,76.178987221049255,-82.020879036068692,-2.5791835181394358,-9.6784777396605879,-54.538771259258617,-1.2063114205035403,76.094614828565142,50.808393636315841,29.652590767307395,24.310998906116058,77.000623479536628,51.131838999744389,37.535862707962089,-36.223163029176646,-42.415638102238319,65.417574276166732,-25.615259536311619,-70.140015576147448,-4.2471601256312548,-65.821926419965905,75.222478844605092,51.383209435728773,-55.055148129829959,-76.190332766118743,37.00500650393343,40.518529649104366,-31.007186822369064,49.527987003623743
6500,-61700,2.0212534061338605,994.80061173257741,213.69174895960015,309.29888386221171,70.313561643823931,153.4690717389183,133.46861229065993,825.97184452512931,356.57152730991766,473.8996666075285,616.83481364415661,359.63564351552338,123.74706578450453,1.1943470234896196,626.15720764998764,320.02510645048096,499.57581582825799,704.20310118270834,70.731076104783355,423.36894167674586,864.50688368713463,554.94974113306648,935.78912584869147,594.83918959700782,270.71453797912619,876.02624884342049,636.92368865623155,109.67706598111479,101.46183746235357,181.19894531455867,984.02755517797868,231.51959054162521,302.1753685528555,13.619803770552494,949.35163797898645,798.89966191112671,485.55810920152544,948.14968259592933,452.20244775297419,622.47923142081117,530.09994346473331,815.06928979496831,263.39157290973168,665.22938847865419,365.18132323756868,597.33252075398536,277.78710588792092,177.91236230286731,312.7518594648119,171.69584988383832,587.70931107137676,30.075011035856846,239.53493098694594,196.00388592822148,656.45265604672989,648.91227116711832,340.04836750990535,221.1964339238327,899.36352933415617,894.7122115051078,322.76145587164888,390.7343699644166,926.36227201056158,113.19227096791829,389.84348616684156,75.584340243337806,567.14086759341944,910.40150610160777,532.59214819905787,770.37713129759391,140.14332088972355,748.69129019363822,633.548263436811,532.19339115501407,872.65391881831806,557.3736426603059,273.83206618090304,820.25774529286343,282.48259328638306,638.23733972331809,603.23192622143301,799.52460643070219,305.73041475268246,166.4589000814357,142.68381719472384,754.88639703642298,678.82882291019303,428.57951628568821,72.742118344593905,480.80723710370489,824.41502724781378,125.65254705310954,721.85304166422122,817.64768872104173,391.61282889965491,682.17812259872414,457.87514754532555,723.98764192618705,587.24720740246562,194.29412127924178,195.12008879907984,-30.027933562718662,-35.14582028464141,30.139002215267446,-29.819813978108655,42.042884540961481,-65.451607329393809,-76.866870596242094,70.78875864172916,25.631367553135711,-77.50784800470386,54.7025846333079,11.321031226607975,-44.064008701767989,20.160776045041612,-71.388632260536738,-65.203805144857753,-10.653349009502559,64.832801093630522,-32.743903454929779,-65.995809776429724,76.927117339630058,7.3974483824217181,-84.053656358222113,-26.652279653035581,33.760413552797807,-67.37954196722103,-64.566748760334306,29.72081307311975,39.41720270524273,-17.657671704108708,-8.6184978245120512,65.70863486828766,76.501507419313697,53.267932552213935,-74.628060498334889,-20.567230921794252,28.899124584750972,80.665112765220471,80.431794840679601,-60.677088588785651,70.183527810982369,44.749703328488998,6.150069469583185,-8.4186844066359754,-28.266442364236948,-52.67296894869618,-11.738137480918981,24.929260968677159,-16.42746603531468,-22.744558644035155,20.102293220577728,61.085889117638089,33.030897955947076,-71.637227195021865,-1.6111180491446024,16.371977202339277,77.281086857609012,62.031913752368681,33.565466774224546,51.420204437423777,65.514978029698938,-19.230985330708286,-43.73585041885574,-2.8908392869552202,-69.610071242768015,-70.18281975674148,-23.393249884330114,34.989663017750964,-68.587053095945691,-0.29362796971820515,-9.1415295584554492,-72.250532095810229,-24.289951488123968,-84.219709612909128,-17.707473187119007,-9.7093663093765326,-37.620413658202025,-6.7219562549876946,75.857818207300795,2.4318706954974409,29.917551672914882,29.355312513051516,-34.550034124276721,-44.88179452453717,37.300700296127296,-35.11849468011458,-43.007019903139181,65.663663825625022,-25.485794487099636,18.113670471914531,-4.2842228859454599,-57.164559781065719,29.448546420571141,48.872637204682881,-53.154611583573839,-72.636681321065211,37.007572486571668,33.636232497268232,31.055151299651683,49.00479690518857
1700,-46500,2.0587355609887985,1000,221.34870314137524,677.30911545057666,48.276565539152735,216.51371331565804,155.16812603637084,812.96689284274987,123.55219064746404,366.98378140176953,601.95319429656183,372.91655954907844,140.03713826545646,290.44552493097171,290.28322217161224,79.63930356718231,525.17797606186798,687.71319807749057,64.079079815042874,383.71888532986708,798.94079702987744,541.56611520718445,921.00188853711563,548.75535208943779,262.26178568357238,845.130018292111,1000,438.94057186142015,860.56229681254467,368.99901953656115,123.82331231251287,233.73395788956182,219.22565816541254,943.52203250950856,299.38506735349472,833.47666488528205,505.90894377878675,907.81411355320768,406.98039056057769,418.83975484704513,666.10037702699594,896.1011191530697,681.10282384246841,374.70379985060003,382.70285600526427,598.32810206536578,285.50373964932368,184.42149412819145,111.20480412379094,175.88964953943338,93.613800042600502,18.366902101668728,719.19896420907742,191.31867452640125,627.88455130674265,845.83730416647404,349.12651703640654,207.88815382840974,290.09898187499743,920.37965451265745,269.40424858056349,703.58042668689268,804.55743228407323,63.026422864666635,642.64452093467412,68.389674903089841,899.09441470880085,861.00197165196221,517.17000899014783,634.21049129921289,139.51923425242293,721.13936584380463,958.23857796992263,539.72329667777319,833.85428609879364,188.81501814830617,252.96681230901578,859.73949877152654,169.60317766404873,777.71897999742691,49.994540925610771,798.01634885118631,38.532938049100224,37.721236456745913,284.09066272152069,725.64676529666133,628.03976213060741,387.33157971795612,762.85035566269505,455.429912660779,826.030828460571,80.201356764479272,722.11549376490507,13.254687505775983,841.70030958595271,804.91662532088492,811.37691654983769,711.90427187940861,610.95093946037071,188.897460747612,44.398547510923386,-22.495338790704352,-23.416782200535344,-39.045434982900701,-34.27806952500255,50.20614933329945,-56.998860401235781,-69.917528409973187,54.484781259690479,-29.610795499719654,-66.286905518318918,-62.06955277167733,67.439319807842224,-42.500366393003816,26.53291227713715,-49.567023057563816,-0.72238684258377495,-12.552497875625466,67.797813030839521,68.825266545425919,-77.702728311074509,28.312608893378812,-44.723536385609535,-83.284717164666986,-55.90218632582976,57.250711950112894,-81.401147383322282,-23.353208632457083,43.883802131334527,-52.349118235122695,-17.223053743816706,-2.4992999535834839,64.482298340606249,74.988719601767826,56.973422306483855,7.2599777439545647,-15.8262042738091,28.908040482005752,82.917209416193629,80.56594698104864,-63.160390109918993,-77.800342579932604,50.619945009863997,5.0041179804101379,85,-24.818348913787535,-12.686160711802042,0.36267434105390617,16.335775286870977,-81.00887633444114,18.566326657139289,22.282540240442493,60.820343633489962,34.86565894620653,-80.376616378986526,-1.3254522271498921,21.255360600648004,-27.212764612180436,57.379599201573569,52.406217808277468,-82.003575265391405,61.927785145758328,-39.513007641007391,-45.958543373010578,32.88519300927517,42.839584684238226,-32.760155533704491,-24.362521534646106,38.350522676570264,-68.625008260091633,-58.501837328444729,64.059638129175795,-43.903746443300697,76.524253162725557,-84.071497051430313,-1.3358872946023941,-15.964997014548603,-34.412894266454195,-10.749231260467937,80.327749400455616,32.085620568396592,31.718867205852227,49.593162386249688,-3.7756857304639055,45.341457714150408,37.461082537110897,-0.8162408978949145,-27.097630648179411,64.49572095276902,-32.311862026149647,-77.606664465334433,-3.2892108418234653,-65.858118385983431,29.94009204979119,53.45856804278165,-68.341567698804113,-82.16755215932784,36.987136176695586,-12.055766230402192,-27.376858238580674,49.847246951676937
300,-25500,2.0213403939116188,999.99075354052445,173.06535099992888,686.3811465734799,347.56793923118192,209.20583742721664,135.25768785596057,813.83553632523831,109.66178493188733,474.171173465555,602.13589718082881,351.36930424736363,287.93876905658362,288.99200805871533,625.18812350558198,111.89248225275551,527.7674737889804,706.71495140068009,98.147194679541897,388.95168106441463,6.823142699161906,507.90227377129077,870.44957881263804,219.86876884284644,262.19573708282331,848.59248077444147,926.29514349806516,458.59023638287556,959.9742554709045,849.71484067412496,106.29425964534509,630.95612948876169,128.72763589188625,428.60085194898579,333.79441058444166,848.02903912312411,531.58140877994231,368.68171478942446,339.93300616032349,427.35910705785591,543.73916442674056,528.10264581902152,660.78368764168977,645.11608557758188,381.08063396261883,598.22560882701009,285.8508123913449,178.67864919895788,144.94223603198992,148.45634383598019,187.03449879552369,35.990740463594896,733.35945666208067,193.24029086551329,595.17558499391225,871.62496431601187,349.04385513859131,210.14444507292632,924.86364948640198,898.52969436199294,274.55228502515774,439.75831240712017,829.45618008927056,4.0659291880072939,628.37235982683148,180.11828265644755,819.22568541820021,2.0684768430844542,517.41978400683524,633.39763676515463,236.18079345912747,753.58550589425511,592.81651835922685,530.4422374333368,825.2620272990381,163.96662871419298,13.577293928802613,821.61386844072001,288.87537558061484,756.34826978823878,91.463064986290078,801.76765861418687,40.603491035028959,299.60456856179155,184.50735209839263,293.23664468888495,677.54852492414693,388.10112930152496,68.740835236264388,480.37978595378547,825.7855101456214,464.83844336696006,779.11972449290283,23.204153574761165,787.82813015665533,665.12226343962755,104.38410688023868,718.83105559593548,587.16518568946071,193.00232300125279,215.23028194501424,-11.826111652347576,-24.100188662446978,-34.1525104028402,-33.778975128851556,43.336878176745167,-68.151277274604311,24.682105325835462,53.848125003106944,-27.191777144512884,-75.896459574258657,-61.164517110302398,64.382173101867082,-43.076616799821416,85,-50.126928521533706,-5.8123267332607229,-6.0893561082031873,64.81562023939712,72.035081230772278,-62.416595991138749,62.699342452270052,-42.756925366599454,-71.074216188871603,-30.281265960213481,34.745897635472325,-82.455920373438488,-26.950068507129934,-35.159245687161871,50.261257850068127,-16.732990782408137,-0.31641707185505213,-17.359412234853583,72.471649885455605,49.493698814418416,5.2753635053633969,-16.817003483009842,29.04171751937832,84.140400264173891,85,-61.81475989972666,-55.115026112342498,48.357623452970557,4.8947463076790996,77.609022342209812,-26.590102064853092,-70.654310588231624,-6.312059085455779,73.334244442268144,-84.75572372871811,17.46746860783713,-6.5958651706446956,58.046506351270963,34.702812241625253,23.599419344337655,13.855049747898969,21.371081664171751,-15.6951999963826,29.505927972324681,52.408692962444,-72.974352208552617,66.206193506709866,-58.054949369694384,-49.121188677310577,36.635658185181953,37.440943546529233,-14.804795335198481,44.426413388219181,40.231876905675371,-68.571227596776851,-59.911477722196217,62.209666314598408,-36.958470113069325,67.545307409449762,-82.239131987030675,4.9262752569803459,-8.5188097926498294,-36.50415760100509,-1.9480676372816284,80.349473267619103,16.176309862392785,31.369141123119423,81.105440865188555,-28.625670143422653,47.872220396048149,38.641497285419952,-37.537380169911707,-45.009187086868359,71.71251591175168,-28.577749231931296,-70.428024183213509,-4.6244073843173297,30.892706250376378,30.020176364186785,51.258469530694384,-73.544015082204851,-82.160135894208921,37.153294531319403,37.921218353785434,29.982220844371241,52.024456930355697
61900,-69200,2.0225087063202989,139.79934183697407,6.5533418015621345,350.49092271453492,35.069837792677326,185.81188779843782,135.2239032359434,793.9508653606772,258.61329881429344,387.44195148199339,602.94831198907912,107.5485516633492,278.24628039526715,332.51943489004975,330.11384354536574,108.49646475793715,1000,720.0049530425033,88.364416904262896,395.77726795339851,800.86840144637847,360.18364973777182,910.38385528863603,535.11314028411641,261.70011730386352,848.66074480565521,946.48662485173668,447.31437372154261,305.05092861963431,661.38362651157422,898.80277565806068,234.2424407972085,185.9483025642634,996.30042184461513,801.55192390331911,823.72184267683951,509.71132588867732,895.64676153436028,888.24853823275714,644.05328420214039,466.90333903489164,909.19084475564966,311.4528853122128,641.76830803409609,374.52771717477214,596.89897276909619,285.83334882006335,167.46961554231575,306.19850443897553,134.5521150158464,103.43678548890411,3.0810571442006172,728.18554846259531,197.23480931036036,628.03223119667587,862.64226156082759,572.34322807509579,202.38364375631556,901.57985141974768,912.17926946717228,293.80295247214968,758.68256006995432,61.762621677025265,657.80914976221072,259.56306883157765,863.79055048045768,899.17351222569562,900.53722723560168,532.85954446456481,635.23807660240595,153.54644258196504,752.10719748519818,910.01380138388708,38.269699373755046,826.06528000491051,597.74034350505121,290.16855589045184,825.43533223278132,181.06759249061028,642.95492364100278,40.964982885161106,799.00433008752702,302.11850798646606,46.76576936898261,152.21392752319113,779.68865161527833,681.88556747182338,427.56451479084114,764.06833291083717,456.39427916089357,820.97640245128002,478.66114979978562,722.50315537170491,897.3812058838779,866.77485386652279,801.57242270928953,809.20254066543202,723.03608880690467,565.34543293822662,193.74499256516643,53.509223482757228,-31.349276573522104,-39.438238984071106,-33.458514357281082,-34.678102349321492,43.154055715794058,-65.097030800204152,-74.316607574573112,58.845683019355498,33.579136975230313,-64.804355420910127,48.03801351735585,77.769998404781319,-43.891765552603182,17.029292267910542,-51.444075723440115,0.59013332646789129,-11.223871074040606,67.513685356687432,64.535832372886958,33.674130214514342,-52.389069415550992,-41.040232178198302,-78.379323493231837,-56.132324044957464,29.564614631240548,-75.243036742925085,-26.62706161696515,-34.064913783964649,-50.71546417994746,-17.229148396382531,-3.6355101928630629,65.887090423670173,75.174834814299842,-30.049222603122693,-79.65941689809236,-13.811519345906705,20.57559326409282,82.568433401298705,84.951092187736023,-59.546685964257065,-56.100539579188371,44.891212673082393,5.1802312949464788,-3.1290905561593307,-24.547410906497991,-68.959592965748783,-6.2093996630920643,19.391207979428415,-82.264488181082172,18.050107321327008,-3.9867784657470668,60.806977958051036,35.379143327091313,-66.591579114369594,-0.6148709231200512,15.887605275640837,7.4152931541857185,31.623156797631097,52.392280652291035,-38.109367095377394,64.65683193752885,-17.098028779356216,-51.026972649967881,-29.922846081495045,37.913543193930572,-73.690823888510181,-25.33850453592429,41.03823307573176,-68.620106167364213,-57.820304946117759,58.691074995003518,28.269553566053947,73.827728364050813,-84.08302918401462,-17.88697302573776,-9.8412586802045379,-34.387413140341465,-0.81571609934555589,83.838958465705133,6.3842051224627561,29.984339232350859,81.571554394745789,5.9408304155246654,-40.101877240396519,37.531050794653588,-0.59226999410719472,-27.297696250628466,67.583081175661363,-25.062440062350191,-70.149545774836426,-6.7653329737720602,-56.42786199919977,26.114923470457473,53.212690503310434,-49.807125802062203,-78.706382148922998,37.124411756689206,-17.426268014757021,32.940023678199715,48.893071683731456
300,-25500,2.0184263535844336,999.98674269628782,173.05665395403091,681.41510746812548,71.370964889970139,210.73081523847148,136.10035050964629,808.98626246478909,109.87885666233146,474.19126751560424,602.18430992830577,362.71436892531142,77.472890496560112,289.05609420178655,625.09932437123723,75.537039569420543,515.77596267200272,703.00375206108788,48.222668538035919,388.95170306559487,98.133845740317554,551.91387880554703,867.50876679973339,214.39089112438208,261.86566447317324,849.06164716195997,928.0388967767492,442.26168218630846,855.39354434340908,677.72982198758734,111.92583294553378,648.12040058588809,793.70755656991992,863.09072015307572,543.45517789145993,849.88882648952313,990.80468907535374,221.37877422631465,450.47117029599423,470.19799616433943,542.18952561950255,852.09788954336796,659.38891337910241,619.865878318044,376.30818478742646,598.22443383752045,289.36170741576296,208.06497316141628,116.39612111080093,148.57692545227872,187.88680830969588,35.145622768371844,733.53910775554482,156.67630681927983,626.48970569009998,622.92954971654751,349.32176024982135,210.26011873347591,924.76630119601032,920.81737314662837,295.87078240831408,398.79365652510808,864.81258236663029,7.042878384286837,480.23590639348646,175.86103117176168,903.41161309384427,850.84314433519978,519.00112909964162,635.82848784869475,236.10069395240666,733.44067042337952,128.54637386889311,530.39862920823123,812.59615480068692,168.37325877814749,12.32892108061715,841.21133721541196,288.48633731370825,773.77477842664916,91.714375724216438,801.80456798455339,57.565826533356898,289.88399822348816,188.79249303480071,323.26342945918941,677.5821542011106,388.08695796475018,66.730987433216342,481.05275598815126,825.86499760076515,464.36218639660723,777.28461665865484,13.630600323885972,787.86678920079794,811.47517414378945,98.689873120874765,719.44088905009448,578.53788587383178,193.002381351216,213.92174899202382,-11.854405695000136,-24.063774848534628,-34.12350743048836,-33.818365731660293,43.331503865961587,-67.774758622199812,24.680731471168617,55.944241283398355,-27.509780311099071,-75.863368073705303,-57.616513810051629,63.847286487745009,-42.958284182891447,84.903838860004385,-50.177473988277676,-5.8428640408187746,-6.3313708181776267,64.810074923412841,71.942108659058277,-62.382710799322844,55.633408245840265,-40.233278623423033,-84.71307861826871,-31.621268831015982,36.212350639270213,-82.409631610219861,-26.338796056302666,37.292637255316905,-26.2314725562963,-17.099042080413238,-0.32752254186995416,-17.711912404058801,74.993215373714094,49.471255147824927,4.2752192057117657,-16.822759925246935,27.607443612703037,84.187929523383033,85,-61.748594368414182,-80.432797562730258,48.354243750232236,4.9347758993896935,81.796788626636868,-23.57876763628353,-69.972721016321003,54.965970640840212,26.501676084855248,-16.695429009703851,17.460558413457079,-6.5774677830028825,57.910798668874662,21.192034443510011,22.368876931652689,-2.6386377190656445,-30.974675538276173,-25.186504635609669,30.162407833213454,52.401453905586045,-80.530726247525635,74.20076625705083,-58.498856868933849,-49.153123217006275,36.993408277288871,-62.709287096231122,-13.009399902341174,44.434326381198112,40.174740584217233,-68.618149030144011,-56.17146255282227,63.034852230196492,-79.739141363583315,67.450897701845165,-82.23939237958642,4.9328718332070158,-16.175102653125748,-40.226251311154307,-2.7144929121550856,80.279190308786312,16.289849187796783,63.796562910116734,80.488833834901698,84.5107265686853,51.900693548944851,38.690337895027596,-34.999415958767067,-45.007243181748976,65.899084924885187,-28.455991160544812,-70.494811755538535,-7.1075721612638008,30.859073585350206,27.218789657733087,51.196311726801746,84.029209019495852,-82.160267201330143,37.156868112454134,36.55286682582399,27.471538990566163,16.126260367605752
40300,-66500,2.0179209315660294,522.99743157683065,3.424460011300051,700.99509954466907,59.603985651912005,200.62121082568967,103.24802066546698,861.3005197752484,327.97141480153124,372.35195175137636,604.43265677098975,115.55405622982353,157.94717601857374,37.960875481230929,601.15646456048,79.547546177393954,605.35743030988351,533.01855038748681,79.811308811964182,424.72228446487327,844.65443520954739,306.12786891882797,898.72564511815688,555.14450211340773,266.83285553549007,876.66816334400289,164.36440039649577,440.15716299414595,45.970797019250725,836.91941116070404,137.16216039340782,664.39337401528621,275.8061333531399,414.39242742907885,801.52374974022496,512.69022184625589,555.64531810375661,607.57410399156106,360.201381770382,453.04832532828345,462.97646905425052,927.65687754827331,684.67577304745419,408.51691014117193,375.55464755109131,595.29291408909489,288.99382713584862,191.50484306154564,323.66780768517401,171.82747853373482,575.33356177835992,37.477098010499788,811.37900787326066,184.68312338923818,664.29623279678663,654.5278936219263,360.05033538646455,429.95294432214212,922.42790979711208,440.46625246373878,270.52005876372078,417.41303071789173,44.729300713131408,157.46818867443068,266.34634105722182,148.90374854457139,554.56998787298573,963.59844453631842,544.30163214995218,641.62311153698988,138.26848263220356,751.19889889913713,915.72110400648808,540.39220282963572,822.66710656863506,552.72683915410005,303.09740680211479,822.6148003585464,310.15948957734219,766.13293232950514,42.953875288446909,801.69174347236265,309.79867874523626,290.43177350453027,218.94684704306493,665.59025180217998,676.99468589044716,423.37970698087707,816.70207685832156,457.60472898055372,825.09256531153335,145.74273162399126,721.22355620238159,61.434103982497483,810.2086461148433,665.04204268011404,449.77104773026616,723.75673109778916,580.60239272358706,202.5711929410395,202.69769133161191,-31.049289809172286,-39.580246820968242,27.769686524940965,-34.265651678198765,41.521671624081662,-80.640534027873201,-80.358021512249294,-6.2462062008912582,-31.366373992672038,16.823234405184373,55.484920057306631,9.383247413740893,-43.836279500031353,19.670182343029374,-47.841033347364899,-1.150755380621689,-12.097798109369245,85,-41.404838580532008,31.948922702077365,62.928464599232164,18.524877308771561,-84.875832332329708,-53.32581495864968,29.966309158166194,-69.402139429843373,-63.975297790929773,43.627754126098061,-56.813749494300296,-17.100406204609008,-8.8164308409654844,53.40622312212875,75.016869499522201,53.53368648769046,-84.975511111963101,-12.009116381353591,-6.8799204888034753,80.584244908964479,80.142073715950801,-62.228626125154513,-79.664095316919827,45.880458272069475,4.8675340569657406,79.004701413139202,-24.257334064073813,-71.498998822484566,-11.113988958763452,26.571390140067511,-14.817177322713107,17.063365299283756,22.146250860385628,62.300519265806308,33.035149083164228,-74.003320393462133,12.501406426953256,16.801546195336037,-23.350612579069509,62.79243541601339,52.432430757529787,-47.455068223118865,-11.664990838666007,-17.863004187275259,-43.651920655613466,39.166319106054388,-63.153216073893944,-68.764890380108341,77.157923078830265,30.699506479246967,-68.613110533691852,-2.7656145899725999,66.580900278080207,26.343476137347373,-23.340742240319301,-84.921281271724837,0.7063569734239743,-7.589198851305361,-35.437117026864463,22.755879290010583,81.362622504294919,2.7648922468841413,28.237144871782029,84.556693068668096,-4.4996375839111593,-52.284187103724264,37.650319572206577,-35.777625868346831,-44.44451223991075,65.609937203774621,-23.522624958439906,-70.181928345702431,-7.0255964337451262,-67.662321481002436,31.464675657645966,49.417888591761994,79.530096121510709,-80.709879374978172,36.807604437617655,37.478108179311377,-28.046643558319126,20.958268634465668
5000,-59800,2.018238341436672,1000,173.45666211176737,694.85583989025986,30.215456369939112,153.97939736173669,156.67798064261737,821.64275142873748,322.24910842465141,387.20912177876829,603.0590069270454,365.75258101364074,78.17705304726293,17.504580610693409,627.57885129638885,112.19821800607599,515.42609736609802,693.67336838962649,91.994752901918261,383.5334101554493,805.25462517632945,519.43801024769687,935.01791296809211,557.67739172085601,270.73955154314439,846.2735136550051,943.80581900255856,443.91289994376444,854.88166551467828,864.20371184127248,938.71933379121322,235.70141431919578,802.10688961798348,861.18881642585097,333.40939736096067,847.69348217638242,998.30955339007346,225.84625274551047,467.79791557436624,466.86514798931182,679.16849636854704,520.93722399775766,695.55444504018988,637.67470771307762,382.88842126311243,597.73061534915064,395.88061623157387,195.96036161356577,326.68823814270132,163.91899769813162,54.551429471255005,35.457431093760945,248.3832557370248,192.09997698181195,627.88689924531377,625.74990044082529,349.18203008637346,188.31173065394512,216.46954671335362,910.85318901315736,269.79851464015866,398.30437131978431,6.143070829210842,141.04678063095608,457.25047284449153,16.698519742014639,843.32426826466849,536.21776636619666,543.17569395478097,781.01572702807528,139.52776076764906,749.71038919403463,604.0191679048512,536.05322979551909,833.37257699982558,188.76652555815917,250.56272281881687,800.95661218300859,324.18965324767589,767.39658005929266,86.857512772131059,835.47528053581607,280.44794956531791,177.95440130445536,144.26654165609111,316.40059699788731,677.07921414169414,385.37297302621823,776.58839505338176,480.97943856964429,835.65065862030576,519.18439438926214,722.26767849527437,13.653011273297182,788.25706097252589,801.13878150431492,456.36278428433008,661.45731189183573,586.72699171626277,193.79087166438273,204.69792566229555,-28.08272699972121,-29.644872198134284,-36.539236825618396,-33.088001535317979,42.692561025074042,4.1383477937677711,-74.878819862611493,-7.591510643701378,-25.950807497046561,-75.123800952611958,-60.16236736171868,70.720417845350227,-43.807633587148281,20.076513650465891,-49.222952019159294,-1.0841716378065533,-6.2448917889229287,67.638140636377145,-37.447281492681249,-4.9218968716462257,29.791524417998986,-43.567426320393942,-83.398982824418511,-54.060929790252189,60.592967277793441,-70.606171291797082,-23.275455652150924,41.237386985296617,-51.929870028752767,-17.231554602172807,-0.38769014496259424,67.728916389214504,75.007047182978596,46.868603883729548,6.6325082645709346,-18.027408550263562,27.602645797918289,81.145150694744459,82.517890148496292,-61.914004308375787,-76.387869932754228,50.557083560835835,5.1004572568753366,81.826486971502973,-49.970562983852894,-8.548675872219377,49.447955242611755,23.847125029336524,-79.990687274073679,14.472523861778557,33.435058005557821,62.340179127868446,35.874321923964182,-66.063661461300171,-2.1605274119723008,19.612173946906115,76.898145392077978,29.509692004112054,53.685726788472991,-80.833620523855771,62.105706708941852,-38.634748971289667,-51.978987019351244,37.867996650315831,33.125941447510584,-13.262547595541182,43.881503773060203,35.335646241817884,-68.61981678408975,-55.630910379689539,63.463383182520779,22.330267272329401,14.571752546119878,-84.01062373438279,5.142621347681966,-16.561642881494468,-34.196021612802497,17.062305898454412,81.503670398843369,-1.449518001035089,31.564590977761711,28.147888321955225,84.363103695137113,-72.266257557560294,37.398048157932742,-35.611366124176129,-25.888057420545966,65.089988467585925,-32.895149430561879,-66.354700425145808,-4.3479261972183298,-56.230545902206401,30.218667886892117,49.79030536310399,83.104899846797238,-72.324048542831093,36.977232898350131,-6.9431841940011179,28.891770787388573,16.258968312070053
56700,-68600,2.0198190507951761,233.80096827913496,3.1763005195002489,204.42309605258959,60.0130877726493,107.32772702042293,133.23483468226462,823.37012956368073,331.73782062017978,475.43000499272415,602.8048093879753,117.7641235976177,160.35261087112298,326.6865528488006,76.023227555665869,345.84208980054279,489.16821966195067,515.59036335776716,466.02656668690861,396.38893564817266,832.17909466420997,526.27423400864529,897.80606970179861,559.02510326924539,266.65087578407616,845.43295373539706,985.53158476093449,465.12854393658944,138.01294947270111,234.6847079216991,157.59664102463518,632.71737135397541,116.47219375346421,965.35274039807632,590.99497692000364,815.81781916501893,548.06015436320217,432.48737082547291,938.83060448590732,408.89342634369461,529.14191996485249,806.58876804605075,213.08958385109804,651.4306389777455,399.79838427154431,593.71442095956183,276.02562423227045,183.31460235732405,333.12561722790167,151.75781253422076,537.52558782957476,42.409349964918903,799.63707151092638,188.62643923997447,666.11916024898244,637.72561052890296,657.23312009059509,234.09377869440794,950.34720969015007,938.93390682032953,661.72585876045866,394.23933999910093,7.6245656430093813,855.27571534027368,272.34084113007862,858.86789880778917,904.69680752817305,922.26977562266222,491.66232523457688,634.8174377699869,186.45707446571737,723.20132031365256,522.14539420296455,535.42479769875104,311.7188109404085,617.98060486850954,276.78109957831242,817.07280510934356,161.99266827057048,651.45043027772874,532.63461265132605,796.55252812662184,298.8309182395904,271.17039724421909,154.46176494189064,772.61182256464167,669.86875751413345,428.06009597828501,120.08754146864663,462.01319976187119,369.30475360524468,476.84136091112839,741.27525216172205,25.061331129807975,882.8582682944342,807.30710321410368,473.62723822519945,723.73138271081143,567.30620396991799,337.96171461440974,211.12179984394422,-31.0898133935213,-39.400445480333538,24.363576816557035,-34.558590928515478,49.206422452597984,31.514618150141111,-73.938917955002253,42.649301965109153,47.428458463736014,-71.805064446467668,-79.112058969125968,11.399657327008114,-43.827990897518788,17.867616231209087,-74.433864566356561,0.31035836764373537,-10.589849007039369,65.196482021467617,77.182973073884128,37.482388113151913,63.583857567214388,12.479848105248106,-78.658617761231966,-59.091952642608781,33.006299972817942,-0.2494543277751391,-27.172505737654014,-31.887235838253051,-53.66377081742192,-17.073348994200867,-9.1921401733472443,60.884001066299788,76.566885848826573,3.4189159514525911,-11.830186013840606,-13.187824610745832,23.179021232679414,82.925941965260364,84.936281210735785,-60.060665435243415,-47.573111919727722,44.764566763698149,5.059532062111245,-6.170608800597714,-46.219197683582763,-71.75372177009973,-3.4019177707846211,16.556751198535451,-14.519266302796346,-27.038724301104502,23.393712565590519,60.829485490916881,36.060085332928615,-77.747824218976035,9.9370941590002353,18.551557147140933,76.471778885054633,29.234784159067424,52.580037387530538,-82.202438377728512,58.470001870813839,-68.147107698874493,19.069001313882616,40.68807731755124,-71.602743097013942,-35.439886795248498,42.88826078027536,37.578591036519541,-68.577546846567799,-64.750177620925356,64.754241633158983,-70.690235883546436,-23.854998612773858,-84.826422547353346,-0.30457327237825038,-7.952132505502278,-34.230062253928367,-5.259891832480406,83.987987385610907,-3.6083734953559516,28.521616970302897,83.328934382629711,2.0593170938617162,-50.391871571014001,36.254058186460263,-36.929725734512388,-27.265108270139674,35.591140701874053,-48.725218624677062,24.380116893560078,-6.8965176587471237,-57.790347579586701,82.98872814302122,48.708071946195616,-52.724718272841621,-80.498979589740387,36.998400854114017,31.236429192087574,29.358657005359788,-72.61318220348204
59200,-68900,2.0223630568140596,188.08463049497777,2.7042982556248072,321.49248377443837,73.885195161262459,125.29163268292511,136.77851547201286,822.45275441183946,124.63428854784102,494.91079504910459,617.44570862307444,380.62036744499466,312.22759882662859,51.866393165165817,72.670959102474569,100.25498852099003,614.72769677750125,705.57381919299917,110.53660035288974,421.4290399605963,811.48825178096854,320.81668549058156,923.82357823154939,573.75125177816562,261.90520396126743,847.15570052079863,73.082965639338227,463.27797130156529,753.19299754655685,837.11229084056731,934.90597676317066,450.12156306570353,253.418333913716,918.55273332680952,918.58519933690127,572.31717040641854,200.38846743880703,871.9208393465351,446.68303196639408,463.23746313329423,511.45960323947946,811.26132223993773,296.07540620061127,657.35405643640979,372.76066357913368,595.35077011917963,270.48882927424899,180.26993336940197,325.86411904031741,883.74857893662158,574.54256080528285,69.864744368827061,800.18067663863224,200.73342134161592,625.96538445908493,638.14379467415165,560.5045271705219,207.2561663538923,306.96304330988323,514.62344612265963,271.15885738866609,442.34272327311942,7.2330139384056711,659.65599043035979,671.5239613284316,794.80641711196529,911.17686184634147,571.66641742144577,530.04655890414267,635.23507859699987,162.38956622109259,670.67964140789718,942.53300005674987,533.3240788672158,525.21564683470547,545.75426351371743,275.06221482253881,817.73852284545023,637.4463155446432,763.94990336478156,122.45476488019125,799.66692391229253,307.49161343618033,46.986107461254036,152.17948980558316,740.75471613455943,671.41768290624645,383.9873745526034,727.76053761736694,458.54412754258556,401.85890723270683,150.90390721177582,721.6212641532735,93.157354461271581,758.95421126118674,794.61995680343409,462.22921131382111,711.45221914625245,587.54274289581554,194.24110443694633,47.847149234394152,-31.342896007910067,-39.303775040281941,22.913482295113624,-29.625542335865116,49.703200407987488,-83.602046994486045,-78.268359249558088,50.435403197980655,26.845420602427716,16.857863283153961,50.749220642610879,11.550218074038636,-43.845492153908353,24.434504369351085,-49.094424807494249,-1.9298227778395201,-10.525988594902842,67.408212756736631,-32.985201755526887,3.6082505190258267,73.237089282671405,14.224136763344301,-84.781559883325855,-27.94420003257526,24.219473504271161,5.5496304635938838,-34.654181698971023,-33.649480086516483,-53.190876525661253,-17.062607029710261,-0.20064007472362366,-13.205306244206309,77.041399557912442,10.546652873728272,-16.172924903354026,-18.632239955289553,53.878124570278004,83.637387920574071,-34.278046174365365,-62.234271055443337,-73.105131718754677,46.232272687943585,9.3546381691608662,-13.040158132296382,-27.848632354636564,-51.665997672612043,52.008633394003979,21.787186326893369,-79.68607333246257,16.354042841066004,-7.1061201884563037,61.853060325893324,35.288221180094531,11.29303718435002,-1.9498745493258811,16.192917364229679,-19.298443709636771,26.762448847829525,52.032279025688993,-47.523095685150523,62.452322347439726,-34.502326088788209,-56.244133598059484,2.0058322805862545,-76.920432867954347,-70.890358969919077,80.410058315337139,-10.643659834586312,-68.617235619531897,-63.527992109818889,65.371671284644947,-32.394174928178245,-21.420648930074403,-82.792205506695197,0.034313452183672544,-9.4368878042432875,-35.445553769025565,-6.1513843167844087,72.15488371675967,3.0393178847232352,31.565018024530833,47.476807672435598,2.2988765757391403,41.039616709307744,39.947410827413655,-35.389034624108334,-27.269879329271273,31.684587250531724,-33.308897106489816,-68.457598522324986,-4.3820678034225207,-62.214298239561565,26.13160131524727,49.877075712608416,85,-80.507239202518107,36.81239505804276,-46.171374843482397,27.789927435162042,-79.181832304651095
7300,-62700,2.0217464563843177,1000,165.00434056372455,678.93298434746998,65.963854054360041,187.85328228032176,134.9603656724224,770.70712005724965,18.009370891839922,375.84496813679868,600.68068955568458,137.72599216941228,282.66057555224944,93.930842565166444,635.93796647339718,76.788945854742991,508.19978565752388,706.08450639203465,48.574182310758928,389.2764411743342,795.08637320337402,504.87502224005738,909.75771378746163,574.45731184402746,266.4580732261806,872.27373674724095,929.53088419352946,457.72525410777723,795.15964784290031,696.64111063993801,945.79468173682176,666.52422660132072,697.76055100148437,363.41522242670112,616.71891359595816,813.19161386187784,989.33959069993534,383.2325639835534,986.84999740500496,447.50027118350908,656.92497361441769,822.49718382252888,696.60272425395283,630.64440350339817,813.21332485757989,598.42272820814298,262.06623747753412,209.68780591704314,137.42075494364511,170.71513932504968,179.96561819906981,36.166168487365759,764.32178025099518,146.88509882785542,657.00117257182183,864.41520653992541,348.95252086981861,185.34025331667732,904.35651270807648,918.72148032554207,269.64853935737699,449.49362368938102,866.45885447757678,178.68052394191147,386.11449234567863,800.72888621187656,822.19243756332037,912.20088877210458,487.54540435846195,770.94471790084663,138.36028523712866,735.92277123320002,83.983145860551247,526.19052523566427,811.94270399151503,186.35916434401202,30.702667622945242,841.41407765007534,134.78202477863746,657.12849760477741,94.449986642813258,798.93667268426145,271.85773218326023,288.14058927516601,188.43577600829454,307.83442252945804,682.06815542248887,425.94535675618027,757.89542346890937,480.81586416086844,825.75939893599559,147.02139835224057,725.13407555871902,110.59595621312184,752.84571233915244,661.31181933807238,89.908143123381905,719.10399874083691,579.79308910712496,193.79617966867693,202.50049302173792,-31.17281977934103,-29.833551047164256,-35.063819720258138,-34.2400035268344,43.179951160662412,20.125356391487667,22.217462920115395,53.329703139426492,20.340528929670619,-62.904795529050894,49.720061620975045,70.630222554965286,-43.832672161734081,21.580620423069703,-2.2353200136997486,-5.8420036694855577,-14.450402813605244,64.659237844264297,69.311860950058716,-64.433240955619539,-46.720421755096382,-46.999109030402437,-84.369792559428731,-27.367335845277143,29.329253735178082,-75.234859648292826,-25.405360700332611,42.531404593493569,-27.03215770193275,-8.3461413113093119,0.010089567122220977,64.869039804844178,76.27674720809172,49.840644000771448,-76.252450680162951,17.459738088613996,29.039844770842517,81.121550449035709,84.712360328720308,-60.689049427158849,58.890813981705747,44.228639926569819,6.1294737611885877,74.810126017726532,-27.202641464025799,-74.485365094956961,51.228679234955663,72.36168082680723,-80.350443478562653,17.15005934141977,-5.4993783219559305,61.624564043902552,34.103663727367554,-66.254346356752862,13.39292266774066,20.842926374297196,22.813723331938238,-7.9376492574057504,52.435671562328963,-81.31120057326612,-16.062836862294652,-37.295179019871092,-52.450685908513492,37.354157972512269,49.07137784773559,-72.288561885459089,-18.215467685005276,-5.4052983937893835,-68.588893829071182,2.3222506320056731,65.643619944735519,24.201740254005674,14.342910797057872,-84.020110697076888,4.4209734845294069,-9.8913877282915017,-37.043908516056547,14.704036089957686,81.226364892810636,0.74667090642518474,30.837506167165596,73.555371932932786,-27.302687938232225,44.402783706542003,39.503595507465739,-35.987331081581317,-26.253656942864346,71.783708214089046,-26.465262899313203,-70.18914175447847,-7.0364378656842081,25.147609394613141,30.236524838367384,49.485155306703817,83.353704492069511,-71.881947702877824,36.80960997900516,37.142672687450045,28.03821243724984,38.823716126917319
7300,-62700,2.0217464563843177,1000,165.00434056372455,678.93298434746998,65.963854054360041,187.85328228032176,134.9603656724224,770.70712005724965,18.009370891839922,375.84496813679868,600.68068955568458,137.72599216941228,282.66057555224944,93.930842565166444,635.93796647339718,76.788945854742991,508.19978565752388,706.08450639203465,48.574182310758928,389.2764411743342,795.08637320337402,504.87502224005738,909.75771378746163,574.45731184402746,266.4580732261806,872.27373674724095,929.53088419352946,457.72525410777723,795.15964784290031,696.64111063993801,945.79468173682176,666.52422660132072,697.76055100148437,363.41522242670112,616.71891359595816,813.19161386187784,989.33959069993534,383.2325639835534,986.84999740500496,447.50027118350908,656.92497361441769,822.49718382252888,696.60272425395283,630.64440350339817,813.21332485757989,598.42272820814298,262.06623747753412,209.68780591704314,137.42075494364511,170.71513932504968,179.96561819906981,36.166168487365759,764.32178025099518,146.88509882785542,657.00117257182183,864.41520653992541,348.95252086981861,185.34025331667732,904.35651270807648,918.72148032554207,269.64853935737699,449.49362368938102,866.45885447757678,178.68052394191147,386.11449234567863,800.72888621187656,822.19243756332037,912.20088877210458,487.54540435846195,770.94471790084663,138.36028523712866,735.92277123320002,83.983145860551247,526.19052523566427,811.94270399151503,186.35916434401202,30.702667622945242,841.41407765007534,134.78202477863746,657.12849760477741,94.449986642813258,798.93667268426145,271.85773218326023,288.14058927516601,188.43577600829454,307.83442252945804,682.06815542248887,425.94535675618027,757.89542346890937,480.81586416086844,825.75939893599559,147.02139835224057,725.13407555871902,110.59595621312184,752.84571233915244,661.31181933807238,89.908143123381905,719.10399874083691,579.79308910712496,193.79617966867693,202.50049302173792,-31.17281977934103,-29.833551047164256,-35.063819720258138,-34.2400035268344,43.179951160662412,20.125356391487667,22.217462920115395,53.329703139426492,20.340528929670619,-62.904795529050894,49.720061620975045,70.630222554965286,-43.832672161734081,21.580620423069703,-2.2353200136997486,-5.8420036694855577,-14.450402813605244,64.659237844264297,69.311860950058716,-64.433240955619539,-46.720421755096382,-46.999109030402437,-84.369792559428731,-27.367335845277143,29.329253735178082,-75.234859648292826,-25.405360700332611,42.531404593493569,-27.03215770193275,-8.3461413113093119,0.010089567122220977,64.869039804844178,76.27674720809172,49.840644000771448,-76.252450680162951,17.459738088613996,29.039844770842517,81.121550449035709,84.712360328720308,-60.689049427158849,58.890813981705747,44.228639926569819,6.1294737611885877,74.810126017726532,-27.202641464025799,-74.485365094956961,51.228679234955663,72.36168082680723,-80.350443478562653,17.15005934141977,-5.4993783219559305,61.624564043902552,34.103663727367554,-66.254346356752862,13.39292266774066,20.842926374297196,22.813723331938238,-7.9376492574057504,52.435671562328963,-81.31120057326612,-16.062836862294652,-37.295179019871092,-52.450685908513492,37.354157972512269,49.07137784773559,-72.288561885459089,-18.215467685005276,-5.4052983937893835,-68.588893829071182,2.3222506320056731,65.643619944735519,24.201740254005674,14.342910797057872,-84.020110697076888,4.4209734845294069,-9.8913877282915017,-37.043908516056547,14.704036089957686,81.226364892810636,0.74667090642518474,30.837506167165596,73.555371932932786,-27.302687938232225,44.402783706542003,39.503595507465739,-35.987331081581317,-26.253656942864346,71.783708214089046,-26.465262899313203,-70.18914175447847,-7.0364378656842081,25.147609394613141,30.236524838367384,49.485155306703817,83.353704492069511,-71.881947702877824,36.80960997900516,37.142672687450045,28.03821243724984,38.823716126917319
13400,-63700,2.0551436782505457,990.10752775667845,9.035844531175087,710.20079100337693,59.682508111472018,265.64231266816819,104.5345767706844,213.76615197601166,359.39798178858541,469.35020387980626,602.91368303356523,371.73677916766593,315.3337552332722,37.054672977514173,237.39830648829306,80.090981639854249,613.10800671088509,708.06748726470016,74.723552573775109,389.57829663610153,847.16352073632845,506.23643073549493,872.2877429225166,204.05085062492242,261.85102367968898,843.87666467426163,78.650387201616297,458.71878595615902,23.553901196004972,844.57357070828277,31.981539762839589,234.26895729536963,220.32500247793172,441.91869014980881,353.01443981286815,833.67892562132477,502.93913731021058,383.01729896718109,989.94690369539194,643.31178155961231,499.30265251870435,908.29696509499695,681.16325824031128,383.18722209287603,380.63528454847705,597.1117398132867,343.39843023929853,178.44142004726027,114.3787960969095,175.11428182297445,628.27755864704613,58.838117573734401,828.95182674232251,200.25785028950628,656.98332990277834,862.57209806940648,559.42834205751592,200.12317179720938,928.57723611826384,483.9308961192022,305.96024787052346,431.46711520462384,894.64168443702613,680.78806703908003,378.37648800763219,823.92145494069098,898.63284077624598,958.6745122783916,516.42385953143389,641.71736787808845,138.12798564687816,725.79827849672324,545.81132916533102,529.55989989583441,850.73376479375236,171.97853127411832,279.93359443189343,803.1015496670301,133.73803405225601,650.53867261358778,583.60074457762516,799.20557137731771,279.04594675415393,280.07309948010322,183.03883245426022,734.83291779395654,667.37789635725824,387.71541582728167,730.29898776676271,455.65349633382363,824.53524125103684,433.21829697936721,741.7916377696771,98.594569517477495,731.82457492144886,661.37036750268896,420.13429745941289,715.37253600867621,580.73420442244117,190.34733621094085,212.47628097263356,-31.203808053149881,-37.539523503768642,-35.101819229900407,-33.235531069332957,50.081866830874773,-68.026083243407726,-63.004042628927238,55.561734047433944,22.370895969938687,-76.951269976959026,-66.446400674132832,3.6178976584721747,-42.538864761920479,19.051937525084025,-49.98497182863629,-12.258425186824425,-8.6031739816151607,64.513706100217007,63.395306311464239,-1.3273904421760996,23.202762525517922,-44.997811408529039,51.859263204574354,-25.348654492617023,37.832160013373205,-68.475198927601809,-64.503757625656604,-24.681889083610372,-22.668962668837885,-17.100014743389533,0.044884523573411057,-13.934184673961596,71.902270081238484,55.169782975466788,8.6989098868975674,-17.845533517179046,29.082598103235803,81.124242571117989,-42.468008081043735,-60.623023178066731,-54.966005831754273,0.044717453445684896,4.393443500629103,82.741619939347132,-25.85569073919558,-14.359644513284687,50.045211418363351,27.897599488684421,-14.096639569460301,17.087957804953092,24.255280186748465,60.184579340066094,35.421310954270233,20.452058221771019,-0.74317470316862266,20.900856859765561,21.840030557393536,-9.3637229951706544,52.525184365135239,-77.198481099521203,54.354862947420564,-15.829333800262873,-43.388201340095591,2.2892204525455808,40.17231237524323,-30.948800817334085,44.684106726472166,34.086114626884118,-68.622338702020613,-57.899589392109093,61.329141879948217,24.810858580182888,66.367088969580948,-84.000243772288599,-18.054685186473243,-8.2840667604664695,-35.942055856243229,17.127448360383951,81.026303818858906,0.35577254804114977,31.317484406134895,76.407151283744412,-33.187084334970891,-52.269709481132267,37.39788410138874,-29.363051516842006,-45.050663049388,66.976749737801455,-26.681814870991605,-70.178589992295443,-7.023747212146894,-62.840627653924926,29.860760555800425,49.349868174294961,78.541312969222659,-72.246260500249576,36.982708954398895,37.569927027330451,-25.502870302711763,49.307651372886063
35800,-65700,2.0586084279512731,492.88742187454625,191.03902250159447,339.63845327958819,28.647577973207973,194.13002044026894,135.01501259424069,817.83808507050969,9.9308498930719793,475.11931678766496,600.66255671953115,352.99718820155312,73.56144685838197,95.570243727016958,613.94507676062869,112.89542318253206,978.88415570314373,528.95479842798511,71.115143908930193,424.67219834426589,794.61527686575789,497.4324193898596,900.52843279442072,561.86130334911195,261.94975749104492,845.03490042991518,871.96110631955321,401.44917625335137,985.51934854194496,849.67008473203634,101.55338040678006,254.08266954427566,795.17152942808343,913.53467862977664,334.38748338541046,818.67281750580639,978.21250884204483,589.52512546482774,347.25646396093208,459.57847761273354,460.29247573471616,810.06185821019994,632.47720716641788,649.13064445527721,368.81674371295111,593.96190701408432,273.47837661262037,192.2609221324972,126.39532822433796,170.7869994886307,139.93740759552492,36.362814483052595,208.08141479456248,192.80859614794264,660.79806581675268,647.17110910687904,348.71070868966007,185.698380611636,97.358664714283236,889.41115900412308,269.86931271129748,755.41103948064426,40.432066320356057,11.706267451479619,674.37371513818175,792.30641389324876,815.59887544337948,3.8096039916167115,440.7919974756237,774.43859843390851,139.44045177522426,747.50648262413438,963.00800699481829,459.44212223109486,246.65718148809594,541.40051220921941,15.080923179018555,862.05906594257078,296.49593090917284,758.73118354107123,64.136760455535068,796.44448281525774,297.18583181431353,274.87985325247848,187.4799307262943,781.78082983705394,682.11927206858206,375.50381899965129,781.22570667786124,480.91940794722649,827.51831081512739,481.64041890766509,778.10976871196169,11.632545763217664,398.62636970324479,684.2107734374764,450.32912004951743,719.39304370966192,588.42184643959979,192.79572944059294,30.242250057403353,-31.415407972359095,-29.932811112759612,-38.133112387592995,-35.171543249180608,49.79620426061652,-67.777756869662511,10.301988658767286,-14.847397248667182,33.003787854991444,19.143415696342124,51.486213030130656,12.226370753369054,-43.932486910616703,8.3600936296772943,-45.68476413457104,-1.3011191071706678,-11.455070492809597,67.43212707477457,-27.160605327106421,26.520577538298841,75.716978451997193,-44.48388531125331,-78.905772940718236,-54.509662121219115,29.234120437259882,-74.928005251778274,-64.725496915038335,42.506225401937783,-55.600804561050687,-17.638464802380302,0.14361762740459114,63.144192343430618,75.085491870301396,65.275291551237032,-77.835563984771881,-18.129660958579198,30.441047809910636,81.943511042329689,80.650753072665751,-58.484037849355204,-51.077666866091761,45.297622872674594,6.1263647805734278,80.008843166491701,-24.778675090232767,-5.9972740932781274,-10.096149879876368,16.279575507378993,-75.914955457451498,16.904449024381087,-7.5076359853552663,49.238869351440044,34.053824952367272,20.809766053655515,12.184156562252394,18.214679313207505,77.302872121324484,58.765253474356278,53.510665809501823,63.692910738561622,-18.395039242709124,-81.374876112882802,-53.083614616037281,4.5069363223728987,40.10267137693004,-72.259591873960588,77.67550743465668,39.973450118258491,-68.481356604963651,1.4404661699605619,64.534597839435108,-47.761592593469615,13.538860089772609,-82.212866324440739,-17.53847540336389,-8.6670315753069822,-34.301055502859882,-1.3422051630279235,81.608462882168254,3.9328296661975659,31.514018661166588,81.198161100389086,-1.5173494631125717,59.722408183944935,39.687284228100722,-35.075456084326973,-28.150885260450089,71.886885969802748,-28.450143684173664,-70.427003762862668,-4.2298891296919816,-61.2664038782749,28.608298388978262,49.586697774571682,75.815787606452474,-82.241214562463995,37.120287976054222,71.752435052542978,30.924138303464666,52.677970274148485
3900,-56800,2.0178585643401932,999.76285327066341,173.68878410427178,681.40964372903056,35.635162816146803,218.36645329868705,134.95944159517828,761.46001796794121,351.19860362687206,367.17948328364832,604.44338450042903,367.42511977942615,155.3456177127257,18.931615691783819,617.32511804748503,78.97197669656272,509.47592733498897,707.89323299204148,91.938895400559616,389.08151161869529,803.96812294806784,522.89443441069659,934.57085680932425,538.38962262881353,267.62041250632979,871.78331669212264,933.13078777664509,114.74285229357241,855.9710981313591,693.23164634356158,144.63439989454611,636.9987126716768,124.3997282217216,903.94388306229541,323.82582967790745,816.9795007012525,589.40712825035962,389.52460340183836,416.97503911553503,474.02145042192029,542.61711205314225,874.67939052207817,680.92351938214074,630.39011145210202,789.21705276100317,597.74350054699335,285.54249201642415,210.34419501378045,115.03838138110149,164.70256352388432,182.02063150339652,16.615522826081293,721.10085649474934,196.25976652420479,627.74458245646565,612.54880943481282,348.9748272354102,189.32830891935501,295.20890792558913,913.16095320195564,274.27406800845944,725.66449570983355,824.9358688467878,40.626284325240647,651.85157701834839,15.688555123807976,911.55753973239212,911.52068598843562,517.39159619858742,780.23021440662365,138.43266676465291,734.39497263817225,632.05347639128968,462.55961180302535,812.09311917460468,154.64453113805101,260.27266803221119,803.64266214935026,291.8740407834789,774.23315429394893,73.439405326341188,837.15246348535072,282.35949901755356,772.306751267138,188.38672306963409,318.30218945271406,677.31491993703719,336.34975150514435,775.99805430412073,477.92731242205838,826.02940991090918,474.96329288720085,740.96450093934334,11.669733222542241,800.70295939452467,806.99448705796806,145.68289707017888,713.3686657271669,577.21822047802152,193.02021693975087,51.927914363650999,-26.609230843038542,-24.017249158730873,-35.044116356197605,-71.027743903235574,43.193127088150391,-68.739555760098199,27.41667448677423,-8.0242062344525671,28.159572868935257,-75.843390297440976,-58.059350114516519,70.282493352962589,-42.970020581727987,26.655797131840739,-49.937995072952205,-60.151344252739534,34.629180362257117,64.830251490510179,69.640566095274821,0.9838375663414034,28.3328931044996,-43.892409675456754,-84.562156249926559,-53.258323892344031,34.797972279509267,-69.939798210070848,-24.824596144324293,36.276587403226195,-25.310961172401388,-17.159592036699443,-0.30444519473868037,60.117696857459684,74.846393066674608,46.83584008961617,-82.177371442448418,16.513698089165104,29.044714532441088,81.131269156039039,84.671372069323652,-61.748234136650325,-81.681878436494685,-0.14705075158262026,5.1754850616223909,81.715904079777033,-24.54930757596242,-5.3575576879182272,51.447857555642763,27.876043558330558,-13.831193921307877,17.381284699909937,-6.6060066546291454,57.892653691862684,34.765264515951856,-69.253733142427365,14.562458735292784,19.268883218715807,25.192463776795186,-17.103103558199173,52.433925656576477,-80.577870613042776,-17.348086406119389,-37.229086348900744,-49.281378249959559,34.571397677032195,45.463924177617429,-72.185914786486876,-24.833996814754279,-6.2021017594912466,-68.576014203382826,-0.33953463388915139,64.401418198389834,-66.47578452848272,69.481562487201074,-82.221095312337056,5.1429491462426133,-8.9490552591973369,-36.5272542223492,-2.0688613879468267,81.678633726889757,16.098183271395037,61.736177627706567,24.099223131811616,-2.1361963850717984,-70.062142724236026,37.401578691099431,-35.960517818009535,-18.255444592995623,65.879738404959866,-33.021960281402464,-70.225599794671112,-7.1590977056104714,42.392535358130772,30.763700770353495,51.319357186367682,84.120117825608602,-81.028478304744723,37.141109800479896,38.73195158445553,-30.015257578641108,53.731082531221134
43400,-66900,2.025616259598209,458.37003152845386,14.027201454104741,323.53088247792346,57.137871319296899,266.40132161882104,155.85178249522136,823.80114040807962,329.51185001082234,375.62632362577534,603.28529076965071,373.83538470381143,242.86235767646326,21.37219691701322,272.50734694902781,112.56184703475371,586.12344873819939,714.62610881609373,69.806993971726911,392.6611937759572,858.48974206308685,320.84744379973063,900.32009470048843,582.1530503105015,262.39452533850357,843.98884846931492,163.33680131051153,481.45771544779416,862.00950232663934,835.93197517551005,121.92678500090273,632.3539480720442,753.47324572206185,941.33588487790291,808.48403415405801,821.8877954430227,501.70567350862297,444.85143624139226,422.1048851968701,477.34208045865722,526.37216570828207,912.51874195149003,292.24313712604521,664.7256567053646,376.65529566813626,597.17389157140769,272.06515490813882,188.60674132418589,326.67614076528429,156.95406633677973,573.21780788776755,69.464788592016347,812.88006187272833,189.41511236288034,659.37865437454832,873.02606321916301,369.23850029665817,462.5675440681614,926.86477010970134,445.22542618103796,263.15371430405241,422.14093098480868,758.17005332925828,9.185969307411483,677.65420672797529,820.06976687033887,941.30119760917489,860.71392579366136,519.99797234015421,643.78940216772094,139.54260500679649,754.94781552752386,635.99519207147989,524.67368339637653,788.25092796495278,552.33584523829336,271.77752790525426,817.13942350510104,288.15742415270319,768.39505818199279,85.797935515093513,796.6179104337391,37.78085457376028,486.63004815368515,220.05642761837166,779.64966068914111,633.35376931452879,388.9025440366392,750.03312204595863,480.75049014005009,829.05066992431455,454.84197430013813,723.44742119412285,25.200242018242776,802.3495326009355,715.70455951585052,434.05818324991139,717.2839315927115,562.27915697573724,176.30935639303499,224.49510423503912,-30.747524566961591,-39.703060336409202,-38.313688769172664,-34.786564302853165,49.827684840199275,-64.636108138751339,-73.916738625382621,47.409793193047491,23.877027933788447,15.30894770169798,-83.932425017709477,67.914665157388512,-43.729966306028096,19.145889339088324,-49.829307728347359,-59.78725351710186,-9.8245943852901032,84.885299051953695,68.454331096114672,33.777185986583689,74.098551171931618,15.396043960284869,-84.962577150000442,-26.334736151790253,28.068609299692277,3.5933085214093765,-22.694706309630529,40.026216476589894,-21.003951790210433,-17.072140000438292,0.88730451669714627,-15.021325343469901,71.526342722158347,8.700978957409955,1.6050053169564422,-21.239377200625654,53.424698537246414,82.134863851939301,84.854555056730305,-61.553777268606972,-48.746000106783626,44.696192536726052,5.0240724382461979,83.297252941568189,-25.762243096098526,-11.176659289565151,-9.5092844249745507,24.381763145006733,-81.357029730605603,17.108441778484501,-5.9344658192318995,60.660511850053261,33.04814285964401,-80.62307674462987,11.638493298957931,16.051848825375092,70.058392135381951,30.797618323192829,52.434185979646017,-42.133708065067225,62.766099276980526,-40.564325314962623,-49.396804596522422,3.720060111987876,-72.518894839678737,-29.982691292613918,77.13716195342252,-9.9129076109346013,-68.610665681990866,-60.494571264419335,55.112675369177133,-71.54949644985642,-21.77996678313048,-84.12290570188793,6.0153227857221525,-10.004884422258554,-56.401475077317556,-5.2060946223857902,80.279600950877452,48.011559713183701,28.672937762669477,82.771983210790438,-6.6534635915077143,-52.99349256310655,41.05431699053846,-39.255242428384356,-26.934013227271457,37.687295068362609,-51.646084552730834,-70.094313767554027,-7.0650465561625406,-62.360221699832607,28.492719681908746,48.848632598624803,67.644716689834908,-80.509060578257149,36.985546231600289,-9.0184349198218712,30.430537671313544,51.226046158968174
2200,-51900,2.0179731498299351,999.76724050393148,171.77285726999443,681.52731235082638,73.577988026083602,154.33722569803666,134.55661064490585,762.12369915697161,353.02543501677582,389.76142356932263,604.47015689501916,119.10205476396501,155.79960281673416,269.76726372676688,703.84774042050651,78.840874004245634,526.27223280450573,502.09970918312632,93.172425748731328,385.9586711324381,521.21522476523558,512.2044842556719,912.79808631648143,175.58492630953199,267.48910290490795,844.72623986143446,898.85850762440032,114.59366423590888,856.25778845957814,819.73176418580306,954.05088918147896,624.05287633549597,121.38605436250089,947.69367519169214,322.66878857865078,828.43412153666634,1000,868.03696302475646,419.69210542339766,127.42120270262564,545.13531040800228,862.18510818847733,680.828492191333,627.12052253327965,802.53358877500079,598.21160960240866,273.00012498413832,197.10154559524909,327.34861519723819,174.96856297261476,54.866733168242966,68.757399221300972,237.00494721389086,194.88903067656426,628.5068314101768,634.45959479739372,348.96773482595285,199.55147846279658,240.12588282755553,505.61565996574626,272.27446122870032,732.75144727341228,939.14390371171794,158.70282476244932,474.60752156448393,64.891006523521753,846.27112230836235,908.52975843008278,516.50074556233596,786.92461940785449,139.50998225032092,750.71447683201984,999.97813260729026,536.23218977826434,811.25628653990634,193.52968499905342,259.67527214095202,817.24968369500311,286.57741847922966,777.37494733068979,73.703100249147496,799.53190578353781,305.75267079795691,174.15036642061551,188.43948858159123,711.67406326663456,677.33775182924956,385.97263614461713,706.09429867511324,480.31292817431745,824.51618292536455,471.10505267444768,721.08420317612445,11.940661456845751,802.15387308541244,805.35279317011145,459.85450372293712,711.62187053994353,586.39819327290957,192.80594769198001,177.45190688422312,-23.608158380148254,-29.98927393053971,-35.008395186762385,-73.627537110577094,43.175501473771988,0.5631406520188591,-80.827485552753302,-5.7562753231162578,-31.006280064460913,-76.793594326906586,-57.741944066008301,12.383926013973319,-43.875458487590258,18.846925976130038,-46.208905911699119,-61.662415197799518,34.787872620328748,64.37129938135628,68.410341146764921,-65.457294464005912,64.097658590121071,-45.343295276314791,-83.331613762398902,-52.916698604145267,27.153603877521448,-75.291269035408305,-23.295305053020318,-31.268759407091775,-51.573491500290743,-17.235412972156542,-2.8524954527512523,64.821782639757842,74.892781276292894,48.975350375075983,5.2635879816639672,-18.117292049266169,29.045611762755588,80.685350530050869,84.76363287950808,-58.553447043755277,63.008005624534619,-0.32130995996558909,5.1393208438771483,83.901872435875688,-48.70827921221786,-13.466717537652894,59.259940300653788,23.659298906169699,-10.744346668555579,16.828952728511819,-4.7198042224511454,57.793429022576156,35.784980679260144,19.065037853487819,13.549110058868834,21.223833954667811,77.957037321911372,31.603793820442668,52.436155730974185,-80.584072174646451,59.328806967531669,-38.6989066443059,-49.201023270989154,34.454884759974597,-68.548715086449846,-71.801598437391817,-21.978660245342233,-8.5776181211457239,-68.618375891746666,-3.3383118023848311,64.386490082617627,21.536225865001434,68.560841753859037,-83.953482545625107,4.8381714761306363,-8.8291658067469054,-36.709448503583829,-1.6203941664102475,81.594887525061111,-3.9355285417045529,31.768003667592339,80.365980527076246,-28.551246179460257,43.792998582276397,39.486216694584549,-29.341195320825157,-25.90076829809184,65.217430129487227,-28.566028683071139,-70.221540492816558,-7.0682314869330929,39.103555530304838,30.389204948266386,53.740125360399176,82.103999920114347,-71.909268581860175,36.976813349723464,43.228030485180049,-30.15769711973017,37.750586196027591
46300,-67500,2.0037000726054814,416.92643187283613,3.4705989889400866,344.04233408351695,78.339435223877828,158.21339066729274,133.60298569314483,568.00166485885882,253.083605063563,373.11984826670329,603.0137922284855,114.41478266798549,157.02144129612481,57.853065334179398,641.3433270460398,78.579538437331678,618.55158611059574,519.36330220053981,78.237268912021221,395.70727959759694,812.79544159474449,305.0874975206014,912.34154216473644,541.8949319808271,266.69720781839487,873.30722509679413,633.45437895277598,440.18571378367102,20.794258602160248,873.3471791013319,169.45656578589239,650.01608966683796,19.94087351540702,998.39131954309164,569.02315103106184,804.05631367272645,543.09467351864294,621.59622983970416,339.52344678967353,614.59374828001023,467.13957792714149,763.49890894852774,709.95628126507154,430.73323294590847,346.10593709674134,598.34816298753503,289.64121000287423,174.40170676072538,311.51085049839003,182.16974832381879,43.882745891520983,36.734843057412675,767.49763373081043,147.91178216153497,629.68254150662744,631.42559150674344,356.88260180507268,205.99281106872462,897.80451534291001,508.52411684961919,270.66480262444333,401.02915829115494,23.959192607847683,163.61664152468381,337.95031228220932,823.93533298127431,905.33382527759056,937.77393536054592,541.11187165356353,778.58655954563164,140.37803011661282,748.42011506459244,652.0981383029133,499.4968693434995,826.82180835841052,602.21618962375135,304.1532746030768,800.56080396941468,293.40696723088132,766.27510963642828,593.19227183686223,801.52634160833475,281.26478858434905,178.86272994738601,195.15568604261568,752.62333964025777,679.37575888056824,1000,755.97687386502162,480.22468798728141,824.90988983655586,108.87009829221604,724.39962414403726,64.494121424205204,861.52101507465727,798.70187078331401,69.380679083709424,723.73447774812723,580.27238607646768,194.04689448617825,50.235325804748427,-31.352096524451056,-38.476626401605827,-26.808403576620979,-34.088055062000301,41.923342940684329,-73.620757056637757,-80.325079086592098,54.152034309152043,24.603178592565794,-79.007570078177039,51.340709417809691,9.2831760618818553,-43.840607301012184,21.638291187510529,-49.326366015926098,-0.71085904312787562,-11.233647018383943,64.737622412005464,-37.486553264759955,32.582382546079934,77.139655758689983,-45.165084491788669,-84.356870852673893,-55.873948225024598,29.859830112993016,14.170308323106177,-66.081612643836905,43.56714908066057,-57.919625450486421,-15.787408885137495,0.13760879513339397,54.953190916620834,76.548456672895057,58.701366830609118,3.0414711794554989,-17.25791348146381,21.936542884525181,80.957629696579303,80.100810794482399,-60.642294090401087,-49.829586412277877,44.960111730990768,9.8984055664440866,-15.816592789847219,-37.688276742858505,-75.23865335824793,-11.867118221080217,26.517381243454992,-14.813374321786512,18.533514709524113,-7.9638425608057606,60.814935717088495,33.017314517435558,17.058872243455049,-3.5053295499669872,16.804053905756657,76.08264505843195,32.389945042705726,52.523020298262203,43.270979035067967,-16.245743974930122,-13.036840038002758,-43.677912911163361,39.293881321537711,-64.399095826577351,-32.958319577782888,75.980835938263496,36.601871559632357,-68.599055849176494,-1.6790579476697798,66.944059454080559,34.202257601658651,62.042663565937978,-84.134488400320322,3.8792789336480613,-7.5293678130058419,-35.46418345656631,18.29717644841697,81.263614712628183,5.6786925531338142,29.937594386295224,85,4.3169581379062878,-46.320263227436023,38.731512651027892,-34.61061304726929,-45.035452504665848,65.377297338320759,-31.863292856477884,23.722513662378937,-6.7753730980873978,-55.149083358055755,32.021272426529023,49.606164511929741,79.510913701755868,-76.284854153141879,37.574010965119484,-14.803229224211842,24.694560483176879,48.928437256442237
6500,-61700,2.0212534061338605,994.80061173257741,213.69174895960015,309.29888386221171,70.313561643823931,153.4690717389183,133.46861229065993,825.97184452512931,356.57152730991766,473.8996666075285,616.83481364415661,359.63564351552338,123.74706578450453,1.1943470234896196,626.15720764998764,320.02510645048096,499.57581582825799,704.20310118270834,70.731076104783355,423.36894167674586,864.50688368713463,554.94974113306648,935.78912584869147,594.83918959700782,270.71453797912619,876.02624884342049,636.92368865623155,109.67706598111479,101.46183746235357,181.19894531455867,984.02755517797868,231.51959054162521,302.1753685528555,13.619803770552494,949.35163797898645,798.89966191112671,485.55810920152544,948.14968259592933,452.20244775297419,622.47923142081117,530.09994346473331,815.06928979496831,263.39157290973168,665.22938847865419,365.18132323756868,597.33252075398536,277.78710588792092,177.91236230286731,312.7518594648119,171.69584988383832,587.70931107137676,30.075011035856846,239.53493098694594,196.00388592822148,656.45265604672989,648.91227116711832,340.04836750990535,221.1964339238327,899.36352933415617,894.7122115051078,322.76145587164888,390.7343699644166,926.36227201056158,113.19227096791829,389.84348616684156,75.584340243337806,567.14086759341944,910.40150610160777,532.59214819905787,770.37713129759391,140.14332088972355,748.69129019363822,633.548263436811,532.19339115501407,872.65391881831806,557.3736426603059,273.83206618090304,820.25774529286343,282.48259328638306,638.23733972331809,603.23192622143301,799.52460643070219,305.73041475268246,166.4589000814357,142.68381719472384,754.88639703642298,678.82882291019303,428.57951628568821,72.742118344593905,480.80723710370489,824.41502724781378,125.65254705310954,721.85304166422122,817.64768872104173,391.61282889965491,682.17812259872414,457.87514754532555,723.98764192618705,587.24720740246562,194.29412127924178,195.12008879907984,-30.027933562718662,-35.14582028464141,30.139002215267446,-26.499862904479322,42.042884540961481,-65.451607329393809,-76.866870596242094,70.78875864172916,25.631367553135711,-77.50784800470386,54.7025846333079,11.321031226607975,-44.064008701767989,20.160776045041612,-71.388632260536738,-65.203805144857753,-10.653349009502559,64.832801093630522,-32.743903454929779,-65.995809776429724,76.927117339630058,7.3974483824217181,-68.564718631614014,-26.652279653035581,33.760413552797807,-67.37954196722103,-64.566748760334306,29.72081307311975,39.41720270524273,-17.657671704108708,-8.6184978245120512,65.70863486828766,76.501507419313697,53.267932552213935,-74.628060498334889,-20.567230921794252,28.899124584750972,80.665112765220471,80.431794840679601,-60.677088588785651,70.183527810982369,44.749703328488998,6.150069469583185,-8.4186844066359754,-28.266442364236948,-51.598127171622842,-11.738137480918981,24.929260968677159,-16.42746603531468,-22.744558644035155,20.102293220577728,61.085889117638089,33.030897955947076,-71.637227195021865,-1.6111180491446024,16.371977202339277,77.281086857609012,62.031913752368681,33.565466774224546,51.420204437423777,65.514978029698938,-19.230985330708286,-43.73585041885574,-2.8908392869552202,-69.610071242768015,-70.18281975674148,-23.393249884330114,34.989663017750964,-68.587053095945691,-0.29362796971820515,-9.1415295584554492,-72.250532095810229,-24.289951488123968,-84.219709612909128,-17.707473187119007,-9.7093663093765326,-37.620413658202025,-6.7219562549876946,75.857818207300795,2.4318706954974409,29.917551672914882,29.355312513051516,-34.550034124276721,-44.88179452453717,37.300700296127296,-35.11849468011458,-43.007019903139181,65.663663825625022,-25.485794487099636,18.113670471914531,-4.2842228859454599,-57.164559781065719,29.448546420571141,48.872637204682881,-53.154611583573839,-72.636681321065211,37.007572486571668,33.636232497268232,31.055151299651683,49.00479690518857
100,-20900,2.0173420775389341,999.76895996213591,173.79847086969312,679.51570015031564,73.124618592114032,219.43863455557707,134.82261220317193,561.87637349784222,344.16844474298279,373.41131024392416,616.83522703343397,113.95165608403823,123.76101619105583,268.34406496210931,695.10394127081008,108.87108738969684,527.78462994140773,707.97041940916483,70.929964728531672,386.05061283377489,522.33115203808302,511.70338159754363,869.2921119721093,603.48556919027692,267.50374345212919,871.43377649717831,901.56342220402189,115.62995795168828,853.49461419212787,818.97015686142947,975.61829309364771,247.96873245939844,33.227565688166749,948.76615378914016,320.77558436045308,813.07582194980955,1000,592.93098074202703,422.36492836762699,416.13925433421906,536.84350637684304,540.00965606823115,681.09517456431911,645.22208832758349,368.66624503499429,598.20374668062937,261.17174418596193,209.75936176709709,290.68614737775704,174.31640821049038,57.022804971581422,28.422681350799646,248.07598275355261,196.18563791968722,630.02880942407671,644.6201537678229,348.96893084629846,209.77878839749528,50.631123370721895,539.02939358225035,274.5707742594343,159.25206147080308,948.3787546270828,43.146402090470232,482.62487985334519,55.838573639319108,579.18438751454198,914.28903902606373,517.37898142899314,804.07636344569744,138.27422421697233,735.35403478649619,631.84960735868879,459.77339016802523,814.0961240106684,145.99046859214698,260.35286749745256,803.64666145330455,287.16533645447072,774.94718735795357,90.738683631438391,836.50188776309608,302.19414378743369,789.37785708393494,185.6330142144032,708.61011012447921,677.47026339616048,375.19754451154677,832.94993563544313,480.31320471458093,825.43434085402555,155.12234876277199,737.15224630966406,12.046609953250645,787.8188134631672,664.90242797366864,150.40569556650107,719.05592648375045,577.14727057496236,228.81824038627701,33.937492708522242,-9.886815271463588,-23.810445383175029,-37.662070241040709,-71.96825497089371,42.094875824797256,-65.325704501654542,-78.346277334911491,-12.237567922481269,28.098268801003496,-77.351347760585313,51.262895567564414,59.692118129824721,-42.450151983768592,18.267901611690373,-49.994452551553579,-60.338500342320579,-7.3603541782002857,64.503440713476962,76.337163359997191,-73.45656096137175,26.508629412233017,9.0041733518106941,-84.941639039977076,-53.222896127094238,34.011659888378219,-67.534488024972617,-24.302978172125624,-32.093537367938808,38.063447724332143,-17.175316462884371,0.02059806608412651,-14.752732344402137,74.839714013549198,53.783726216437458,7.7920318280946788,16.786968180320212,29.211092833175279,81.128955507237762,85,-61.743529161516989,-55.041215488589039,-0.88244449923468515,10.357135655754659,83.311712526571114,-28.145334466294909,-57.787762397484727,-17.450255613887684,25.628588515829264,-13.826764658848647,16.903763746303255,-6.5216997748485745,57.788171860468175,-9.480999343420887,23.842609713708761,-4.2011904758357002,20.814297079095873,-12.462676532236358,-19.136369712014549,52.4323491653576,-80.583351526987386,55.545796688220527,44.652926968642902,-49.310188098831205,34.441175992830608,-83.376519598027969,-72.100028582120842,41.320420435288433,-3.5568990924088961,-68.58024093238248,0.9618613354966451,46.729710197992077,-34.748425691789279,69.416667176265022,-81.976011701352462,4.8380191778463804,-9.5881247699077505,-52.092759278257077,-2.276593856691834,81.444218298208838,14.05534726903619,31.65615184531736,23.606518853891195,-3.1897370704874284,51.985380778431562,37.446441791093378,-36.943898394059836,-46.047765286076249,66.014984382610535,-25.445747108241928,-70.398204893772132,-7.3642681796409626,45.200541855611441,30.61637861600251,51.331376229390571,83.902096839531396,-82.185420413158809,37.146894913256524,40.50735760437658,-29.370816610053275,51.022938779958679
56700,-68600,2.0219023521490236,232.64394752220358,4.1936923175524408,277.87805966975969,65.717557204480471,126.38859508736596,137.03736814895584,540.29404588565205,331.87601779716761,376.73713563492288,603.07081214594371,380.41481901419832,282.60917157487143,55.643870310125621,76.072389839732608,82.828158686485494,500.5506148534073,738.65986862037619,85.800403903828936,395.1289526529726,837.33489393834816,315.14011560431408,924.03546325439197,573.20859035371075,269.82274778208642,847.29757218437499,929.81974805545929,446.59464695214137,65.431406916360402,853.88351860833086,172.18745220360722,452.64010592409636,800.52409438165273,967.28511872097863,593.2647651837791,814.6275289580791,518.34137489807495,903.48763335462218,464.72755785877325,693.60446822224503,513.12030023483067,822.44315219999999,297.39551052641968,657.0538551495755,374.20027576886815,595.39564606698877,275.39803625804637,207.58097851488733,44.774380551800846,886.78723994044276,578.60716088129016,36.470838271893996,786.75389152535035,205.4695554597123,626.44780949664698,638.0831956366444,335.46257046643098,231.84424229386818,918.2672196912315,937.04348206266786,251.88155032207769,444.39750372718066,18.244888433323833,665.18322868284099,388.05657546672921,793.23939963638543,911.31644889647418,538.94768758841258,487.46281154648705,646.62061607698172,162.38063499552536,723.31269863254181,927.6074585348756,532.6433861109432,304.23696333834278,182.49119964692471,11.170902410769543,817.15553507595052,123.98810149542606,639.895478424987,118.90777675806123,796.77654165543731,299.05833548045558,273.99827340537939,151.99125306515506,776.00154019179797,671.45113205974815,424.60367363952105,118.14902846901991,481.49900107733265,397.83770909513476,71.176063307417337,721.94356672818253,27.847799013399609,747.88476463659697,792.17124663383527,415.79655194707567,718.88274438425549,565.92509487836412,207.61886712741915,198.99090216468528,-31.127260139353417,-29.213372488362467,-27.082946354817022,-35.054295363838605,47.909725475886496,33.325867175280898,-79.908513908383043,43.529928397372402,47.365952497212213,-72.401988032120286,-80.109941424229689,10.12069498344237,-43.840075078746111,17.657968155611563,-48.88931136017095,-1.8545084430684042,-10.549418267933486,65.231758141631516,78.471630972437268,30.348834215085031,74.233615379883574,-46.886567954549406,-79.267989317569103,-27.21896052907665,25.18206190588689,0.4482414557630392,-34.411078749330507,-31.428475444294062,-58.638360469954222,-17.08444480402402,-0.2738765092689357,63.865752365785085,77.07863226915309,3.9984535129264316,-12.056139272251151,-18.668913610707282,23.013901424652357,84.924351103194667,80.371875180946546,-60.109849193428744,-47.194558427487323,46.316628180183599,5.1300168666369377,-5.6402002799032713,-25.733576362956459,-71.57169544206161,-11.129729671226588,21.989917560785379,-78.802043132319426,-23.225609712168975,-7.2903202193306278,60.824354066108249,35.984828517987751,-79.754179238135535,-0.1299687183296544,18.762052819431215,80.772242956616992,61.059926242305096,51.991797751528047,-76.958380544935054,70.902256790212391,-34.436797915636582,-56.219956759881718,83.219439193125879,-55.032142000710557,-35.852054574160441,40.970642277556252,39.557480585104948,-68.616774178608708,-63.731571573631911,48.114333822786648,-33.781402967595966,10.030549406352266,-82.816391792731608,-0.5620863232501172,-9.7197897861046876,-34.232232475213323,-7.0321396315515639,81.143169563768666,-3.9870685373189683,31.76939479991038,49.856681805552498,2.2673546848406825,-50.287878127744833,39.625394737564577,-34.405924396623746,-27.299228246610614,37.136330626776328,-50.991408423331436,-70.571734313410616,-6.7380352408620992,-60.909646931221147,26.462557409325967,48.849026503441117,85,-80.458700882423486,37.121150336126313,-9.254035106001993,27.841970939978253,-79.863704598201863
63500,-69300,2.0197001862257249,111.60630479219503,3.9423316715037466,736.11587616010297,60.13439199420344,150.38424503863291,108.31250732431099,827.92725319272893,108.41145810222966,490.28005286310713,603.19384444371883,150.32072847063623,307.7387135068542,45.81037023379902,67.595948377882593,344.70456262693051,606.39205115826826,520.71361704384424,101.76208352260838,396.40335926969675,808.12874111004385,518.56851504824738,397.62144439420962,553.86452999131268,261.97250417974629,870.19289931417984,617.43436145066403,465.30813233599076,17.760635090295317,689.01198327823772,908.43911333024391,243.03602778233358,123.23877503626676,886.77637880133568,589.04571769574761,813.97981191701444,209.23028530717011,897.26299038588968,974.52573152985406,467.59562241814109,542.54015753233261,811.12943125042602,335.34234884898956,643.37448856819958,372.83864381477025,598.15821230564507,270.4903580816229,180.11323240258386,342.01121561754337,164.3291445387228,188.07867609535367,69.088689444075712,799.79275828430718,145.69182871837791,625.91865899663992,632.7125879001203,657.1959120939415,234.38716709773084,354.45687177319746,982.0001853512249,267.010939780135,771.5944674884513,7.4958564413167457,149.45558464501556,672.27094857006057,792.9893616475232,899.41408268145506,526.15376264699341,488.44609099646482,635.03376940066585,139.96568793512407,736.41406641507194,908.46034154026825,545.37198646619561,835.87828010615476,548.1205260808872,280.91812530445264,818.16713454970738,151.26847786524246,649.31985466971491,588.06132168941156,798.02650645922881,306.40391537626778,180.20497001646268,154.36669745617493,741.53720142993541,679.27262535734133,386.39931960344597,91.738929382632662,457.836908758292,822.18337866326431,500.67426019737655,724.57785326788257,96.23671030610204,881.37611144070763,807.19993070834755,463.0688047691221,710.90977066155631,567.54199775153722,337.35547214146203,201.96767611412821,-31.093207430215386,-39.33981515142176,24.507699590778632,-34.792150380872954,49.682046461566152,28.905179166928981,-73.909425308619291,-14.293809039414054,29.144637717594314,-63.410381414040636,60.493127330979277,11.449526085362745,-43.739508099170564,21.74393837059322,-52.297085963768922,-6.0562274195496162,-12.535502628423838,67.437383600969056,66.820650700993426,3.6105463919284837,63.252806963926915,15.822970874584058,39.844228494431135,-55.724368107816602,28.900575906223629,-78.578369867430993,-22.149523874806071,-31.854994751524831,-53.704349830353152,-15.785799542498989,-3.8816976246754908,-12.830751741751005,73.134104010859332,58.401413698637263,3.8483713040791612,-14.350841258404696,28.337780850973306,83.609840020990433,-32.899550526979361,-60.612019560772893,-56.255052020601042,52.231538392556587,9.425522275411744,-13.086832156692925,-27.262426106361897,-72.211661868297739,53.820384786425493,28.744522499913458,-17.586272923531801,14.227637064339246,-6.6208260477717715,60.802891885472796,36.049409134311901,20.101622393575465,-1.4234720733960855,21.445741984506373,-22.993461797541705,29.169926611469766,53.388894618552435,-82.400034888406068,58.707520435484525,-15.386698475163579,-52.94689505109077,41.126514553179049,-77.924645311922035,-31.090351739994723,-19.302689752780488,36.503675341944209,-68.625602864193283,-6.9183204395367603,65.412252945566351,27.238081622923893,-20.764718594013495,-84.017034590228448,-0.30206927895604302,-7.6237842121746775,-34.280363366193399,16.875385442768795,72.280976132917814,-3.6258170445229934,29.715654154737486,81.523558331007067,4.2340985679955105,-41.683560060013832,36.286936898683919,-37.104843596997043,-25.993251662230772,63.979808461967821,-22.929365246503082,-72.893747885091955,-6.8439683359430612,25.155247856883463,-12.096161153016126,48.83460344988071,-53.072377311511168,-81.276216037672398,36.822399520091075,-45.478025361774321,30.604189549620415,50.609622406592379
6800,-61900,2.0593540585373176,1000,175.0587665998188,325.08552207936896,66.594761104109836,208.10353537964318,134.5735554030793,237.64167776728729,340.96612751950687,378.05640761864049,603.01120286287505,141.44264415015923,282.42022212521567,272.78959210885182,622.4801629381999,79.166094327704997,509.43581416802357,705.58010539124018,74.733413080021919,388.92445478145623,825.89553983456528,546.00844639866727,908.99903447166741,182.09542803004075,266.60545322512695,871.86912654227308,37.789642555027342,116.30057502202698,852.71988964849027,689.55093232243871,957.73022027627144,634.7454487841253,111.7224536465107,932.39359555274143,320.35542064375863,833.49921912136995,987.71088801913447,464.42756037604022,965.96808498247003,460.77458969582506,541.48066709829197,811.08969441400598,679.64026729501597,631.0111169368073,800.79669181244503,598.27771772317612,261.39059691565058,192.19166050241876,329.69801510821469,170.16603310457725,60.303164899818029,35.776597630395983,703.20772016254932,189.10334767119002,626.43619570847954,847.8590073923998,349.00407938592184,211.98200876995466,1000,895.8479712941064,272.24917930454967,722.17196601865498,76.945303367952363,10.338981472691238,480.07160170437459,754.29887529966686,897.49073106888306,962.63992109937408,517.07852432853576,647.88257175535102,138.36584906888382,748.46469612279043,84.224966823246234,458.65803940206308,827.44368559343593,550.34696657006248,32.998325734709752,820.90918549985452,129.28504343700411,777.99796099358036,74.433852642144529,796.9689489579664,272.16178295140639,171.6896995070411,188.85239346010351,716.40636680454531,681.77113635910018,385.05753699100904,784.98061688135112,480.79483194816902,824.57048667153515,484.65159720248698,721.24956823028128,4.4516232411185594,749.88563819621436,663.86945428455317,414.98401045211261,724.83605913656436,577.23916740985283,192.8403872684346,192.23446086657484,-30.866336331615553,-29.0731182944313,-35.022525928654481,-72.559808878496767,42.982158265459248,-68.447496538701103,-78.070837116114021,-13.207840723250431,28.163018005270654,-63.148780042470257,75.335291573649656,9.7995203784606382,-42.927365416789179,19.745686515055112,-49.811547708304019,-57.921617791063305,-12.588524439358464,64.387382152311588,-39.162134358494768,40.770806733934258,26.299736281169217,-42.997395299329085,-81.969903044976448,-52.902534364575132,27.224464593878793,-74.355491007958278,-24.098419167421842,-31.855520714904628,-53.682188822374904,-17.594511096439614,-0.00081929975442762704,65.256558751426141,75.080618295456247,64.719659711498721,-79.040129557461157,-19.125030347477587,29.124807881338487,81.128512918820476,76.483947258594384,-58.351585892596624,-54.361471936806602,1.0314486414029815,5.0106125339337773,84.644520194199757,-27.014171988153809,-75.915778234838569,55.848348871376928,25.790977895060731,-20.817655057731002,17.131373634743685,-6.7195904279126939,57.775155306381698,34.987462316909472,-74.511532418475142,-0.63363189178241086,20.833606558071548,74.792230803065806,56.063335655840206,53.421974332649022,-73.842075300187673,61.039616586061001,-37.202158676911047,-49.314931697137283,5.4907202091760432,56.639503695954716,-82.484104937306526,77.009816016802375,-4.9093805308787246,-68.582859736452534,1.4298919947613493,63.457841179733457,-40.157265527615856,-15.469912438648713,-84.010270044668928,4.7273541194304372,-8.2242224150637551,-36.851133899825712,-0.80937964730061918,81.482607257305389,-4.8669074246718216,31.968338011584571,27.280460446781074,-2.7116732575362907,55.086583120561855,39.602830595057419,-36.956603021676045,-27.25584344943713,65.947690169674203,-31.586932168031502,-71.188641993436377,-7.0647360981860459,-64.264648494736122,28.309039155578542,48.954396791178944,78.42729844620311,-80.981415440780424,37.143607689026631,38.99611569902612,29.907542237219289,50.006585588802295
6000,-61600,2.0212541422132393,1000,211.36830524328406,691.41051956278659,67.951322001695928,152.62284301922523,134.14893638856279,824.487261113003,356.10656646412042,374.12818348735163,604.8543615119878,368.54474519946984,260.40342665688536,3.2486823333105654,625.59958638129808,79.240576863268188,494.99337902463151,519.83404507272758,91.766677497947811,388.9801837119366,847.14022277934271,304.39914156523929,934.46866906805758,558.92168896614908,270.73430589446008,876.1070257316087,633.52985956155192,421.0869232729645,18.414625825661279,853.24679645753508,958.38831027342735,664.16583971584555,759.87862173693702,945.54758820756524,282.94801406587271,512.71958792091311,555.47318761466192,603.76761959211262,360.9133043835966,455.71323520180408,530.41452339893738,766.41992719624204,684.79631509913497,662.39546738445745,345.72134433170032,598.41096535383633,290.29972639420845,172.9806455504764,306.25319909704848,164.59474496601902,167.20151642939936,36.763328346850351,268.32691589172805,145.09995508695212,665.32365953223325,616.39811190373018,348.96019867183878,219.9846393975692,294.34372055892686,891.68274146480189,268.65144004840255,383.44950837916372,949.10544051637009,606.20310881922831,389.12369570968252,145.34886932520919,556.20208030106255,909.21915654611644,540.89099628014696,772.24850896294822,138.36267076169179,748.72897223518169,633.38461368671187,529.93865787473919,826.58223181132712,556.02283425770793,273.98014071613198,819.36344416864631,285.58941745120012,767.69629492807667,607.50813038434876,799.32797965153372,281.33370083972596,773.12865697609982,189.04154836737382,785.30494007720063,677.07204647790979,425.22500182758574,62.434671741887328,478.2667863967153,836.74021785901834,108.95930146187851,720.93542350010591,9.9441121907801175,348.97583836412798,796.68847083979279,456.4430040294406,724.21444786431903,586.98118177412471,192.99147070531396,80.766042734479754,-29.980138475628408,-35.207530088870882,27.556865414837706,-67.335925984435789,42.0370326088604,-69.935679951664014,-80.51718883366496,-11.686610968335401,24.458831932386111,-77.427862661996102,55.406595788755496,9.0104738816307659,-44.077702710090648,22.403468724605677,-47.254591083780589,-4.456643034742946,-10.293101277403725,64.717033585329801,-11.040101266674608,36.160370672139607,61.742367736266338,-47.433339855095419,-84.052845488857443,-55.984561685170711,34.65025021687002,-69.933039607849892,-66.134219906022665,44.311860378346594,39.11081102271271,-17.650120768761564,-9.0660628612592991,-10.108768666457024,74.950236358259787,53.409935593231531,-75.967214662873062,-17.274157349301074,28.929664531325216,80.989000006845032,80.632408707635776,-61.905736283592063,69.946367125515138,-0.0088776136162174168,4.9935495167047579,-15.414711657109081,-23.635534082676187,-7.4408068486574095,-20.354936030811587,26.571638730437993,-14.781304042507522,16.953365654006372,-6.6898665274876672,62.223956845217515,33.947825409479599,24.857092770376561,-4.2733795073007306,16.79906342055812,-12.709747344920665,62.22656213072613,51.51933743933057,46.034588335160969,-12.717492584473668,-36.338779054817614,-43.938925466514753,-2.0255403659053108,-63.345676889201876,-69.928156883175262,-25.951709111424986,-6.8693733098855674,-68.5759291135751,-1.6464780436209323,63.268599276184382,-67.71539058106967,65.250700976988696,-84.059269150817542,5.5164348939796888,-7.5389645324243562,-37.659856383845707,-10.019505575157234,74.873275311002118,2.6240921915307318,29.095566111840288,23.984578188703267,-3.7682063013562779,-43.836141616271711,37.39544008671438,-35.850707248569826,-45.3062952322759,65.533570391051555,-25.572880356040933,-66.832817596153603,-4.2836448423402684,20.752505243100707,29.424895140000292,48.739187685180241,73.090937970686241,-72.720699471071327,37.579621957392852,29.643324087152521,-30.765915165145493,49.025020363529173
14500,-63800,2.0585693730776993,978.04572352114155,6.8721652270392086,347.36712236522698,28.85680296916356,195.08639988539633,134.95976239018955,220.27134813042926,17.692912184249202,475.08897725370434,600.53371842839613,353.17349113022664,87.959537377611568,94.334512158105071,247.43008516518816,110.53740346373326,611.60255956005733,528.72374401601621,74.58446215234315,388.96523654742822,846.60527819017534,506.43206392884929,901.3808422276694,196.02753464007139,261.85173635211993,843.88501470045742,881.41307683113416,458.04447814357565,33.223685862125365,844.61092375258306,32.077149400172004,233.64934620966994,780.93201182739881,930.27962279341386,352.18110069117114,833.77430016365224,975.01980439244448,385.64024268013327,981.23753488707405,460.39045026309049,460.62352449894979,812.98406578744869,679.67377526533301,658.58396369829893,368.88560531116644,593.8879919653707,272.7819184534406,192.18776045737951,126.27659533229763,170.52146257531817,187.6088586687618,35.9780667099024,230.2671767668466,192.86669922503859,656.93742484218524,634.82494972926509,348.79108756960784,186.08514749955958,931.25830364212231,895.89511632650715,268.91821913691217,753.27491461368334,894.79561567789028,7.6630140516998821,387.63150470623896,792.4179779377863,897.2960535159126,959.7480390428517,516.94708284796934,773.14885453955537,139.50206322360307,748.34217409933115,959.43709436396193,458.61445111851754,827.57134846048507,189.6717682533459,274.27454697345934,803.75510910496666,132.30558012300958,649.73858716705195,597.42132225840555,799.03593422270353,279.66772580288364,274.77868276056364,187.28922402261892,734.90713685023354,681.55038685827071,388.5352165087661,730.5811257322207,480.82225014483851,824.48888664236529,478.67024932596905,741.5744907063679,96.464997778211071,761.61436241577064,661.15234761224622,420.27755313672321,719.16410279207935,546.61698079413088,192.83329018926082,195.07356325152517,-31.413969254991667,-29.722112963363163,-35.029316988291889,-33.305711762275862,49.79922506467431,-67.777063717889902,-66.820990021273218,-13.358501573402869,22.41767470712988,-76.603244428535774,49.672344240798608,12.017589692442662,-43.88370816658243,19.339660112327227,-45.702636255015726,-1.0622481982761982,-8.5734648770946915,67.449298186923642,71.351209883663714,26.893982940981871,25.381653234057691,-44.501886932118694,47.161688126221094,-54.915181653054681,29.238884585222614,-74.913082448367902,-64.723411953103081,41.186925463788896,-24.065529603323519,-17.636633679013926,0.045000095056912937,64.713757839072485,75.053534562525755,65.133797507024582,-76.380623108737225,-17.850793454253576,29.036632557465619,81.123814507795643,80.890097780367824,-58.451606020327802,-55.019454694239869,-0.88714728449411595,4.4692288168229126,80.034771268241599,-24.835959476483268,-5.8939550864339552,50.49950295099061,27.827517909714494,-80.620703286062366,16.908067769526344,-6.7645794117596179,60.868964363220378,34.075631447341308,20.457091197800001,-1.2683226999385964,20.83973866436471,22.581436748968709,-9.9922604662163259,53.456290252259095,66.059801975107021,-18.581073848638972,-15.232290516615182,-53.221848539449013,4.5364394879630794,40.104428154717368,-72.317148836550061,77.538860059862316,39.964180268848438,-68.623869894243981,2.1093385160882159,61.35130723212098,24.318939270885796,12.915058149827455,-84.020022301809121,-17.533039354602316,-8.2918367857297248,-35.950539278756239,17.290598602567247,81.605936653616837,0.38781899863600433,31.31858509504201,81.226947794068607,-2.2476717365874723,-44.657076599150024,37.422872648034932,-29.518058774538495,-28.604869515084157,71.829990722955088,-26.666083038897689,-70.176273176460199,-7.0345780008730578,-61.217300355483076,29.795161074615265,49.588340297099435,78.634024082736047,-72.402458281963433,37.119384041302368,37.443179714055233,-28.601206230446262,49.402684648424483
1500,-45700,2.01838127306852,999.98621600723902,173.63086589236903,681.78369054144537,73.263306512155182,187.39646358234029,135.59079001118533,809.04406702996573,333.36783389663998,475.07003549851311,604.39510274225734,367.77810864396849,83.595919175861525,12.174680323656503,625.02008999591965,79.922723347716115,515.05741274556658,703.25461097915581,48.11410361975706,388.87852060996181,801.12323249127257,525.53927414133716,935.6309926365135,558.50587468074139,267.67918145176441,872.60117563688539,944.17208350396379,116.04168759515146,856.26091069283621,681.68786469172892,973.45362508578,648.49343356840848,783.55327483038184,904.50313765412034,535.25697664099289,815.90055669441506,989.23770989378363,217.24409939894065,441.21292991763301,471.91740962498017,543.87649219098375,855.93651836233096,696.0278047766077,620.40213890122664,375.80993742182017,597.72064203135824,386.67249423368867,226.93479148989928,117.56625148321054,164.64862898428811,589.80303435551264,35.112770476308008,759.78982543404777,158.07414805027625,627.90171938978324,626.84832251933528,351.41741066767162,189.28828774889337,902.75394350822557,920.70594543818538,295.63634167694232,394.75739234890955,868.67913962405646,637.11009755541261,484.99761424341676,15.033764645634513,911.48905156796229,911.95898206727099,519.50749960894007,790.07315070572781,142.08568508521824,734.61155549051944,85.955878117657164,527.79012552048403,812.04792101747319,551.203035331725,258.74845360483198,840.56280297910723,323.26912074378458,656.17703170754373,78.96498874975012,837.24277243995527,282.80441505566267,290.15184832003564,188.57206098844006,318.82773145621275,680.40788613831933,383.5842984662246,771.31313696066798,478.0334515824336,835.96732360094825,504.22648049993012,737.86836702757705,12.092587261928145,796.9370477104693,801.82128844903752,490.77691095658122,663.28920632335678,577.5906275748556,192.77946875982681,39.667080517672929,-21.824953787913145,-23.569647375850142,-33.885902290002264,-34.581729450916086,42.529867614709467,9.569323209256325,24.142392819985407,-8.4104968663344621,28.218606144446742,-77.353660942352178,-58.053049781485797,69.755788317808538,-42.967141342016809,23.023697216572948,-49.156166446321798,-64.219263723835084,-12.103324561479401,64.810864174247499,68.498736056126546,-64.266467043120954,-42.168276266135422,15.119741566601803,-84.54146394085906,-53.378499613243008,60.759242357861289,-69.845131760729728,-27.344050907513818,40.046390171352556,-25.228726823739823,-17.09191450510626,-0.52272404000396788,67.981738744294887,75.000953266503487,50.534647652619149,3.7879254279890588,15.520264070934841,27.604825304049314,81.142418507795,80.743554333749728,-61.747850299554507,-80.148071782083619,45.828859967216708,-0.65235216273006458,81.754414660505134,-23.554141008383102,-8.6904596161425545,51.705653165133143,25.758298673450629,-13.271532467782775,16.919802876454778,-5.5330713269051595,62.269743578941927,34.775890264439546,-69.402859271875514,-2.1330794574948264,-32.260612193711921,23.922776707317404,28.913113679607665,52.433923806747771,-80.548622927070227,-17.408120960134426,-28.662256228057881,-49.152953707173936,31.892549460941126,-60.938338249670075,-13.019651522560434,-22.997093894619113,-5.8927662804530989,-68.617835551684777,-56.332840812510462,-13.362798818421817,-79.526065977728848,-14.43595766142213,-82.632039211906928,5.1408555365598883,-16.188600696632324,-37.035447914556727,23.031314471638019,75.213198319630209,0.74631224130928331,63.1710787615553,-7.981888722790103,84.199744907432446,52.033520583868317,37.39477282727578,-35.850121293096485,-19.3814802026141,65.909459968652882,-33.005448155343288,-70.49429687112044,-7.1248375182643002,42.046841115493393,29.573274619122827,49.492021436126905,77.345512532556739,-80.880782406034825,36.805370698474597,36.492708403913355,-28.636520095263855,18.026698682382111
