f0,f1,g0,g1,g2,g3,g4,g5,g6,g7,g8,g9,g10,g11,g12,g13,g14,g15,g16,g17,g18,g19,g20,g21,g22,g23,g24,g25,g26,g27,g28,g29,g30,g31,g32,g33,g34,g35,g36,g37,g38,g39,g40,g41,g42,g43,g44,g45,g46,g47,g48,g49,g50,g51,g52,g53,g54,g55,g56,g57,g58,g59,g60,g61,g62,g63,g64,g65,g66,g67,g68,g69,g70,g71,g72,g73,g74,g75,g76,g77,g78,g79,g80,g81,g82,g83,g84,g85,g86,g87,g88,g89,g90,g91,g92,g93,g94,g95,g96,g97,g98,g99,g100,g101,g102,g103,g104,g105,g106,g107,g108,g109,g110,g111,g112,g113,g114,g115,g116,g117,g118,g119,g120,g121,g122,g123,g124,g125,g126,g127,g128,g129,g130,g131,g132,g133,g134,g135,g136,g137,g138,g139,g140,g141,g142,g143,g144,g145,g146,g147,g148,g149,g150,g151,g152,g153,g154,g155,g156,g157,g158,g159,g160,g161,g162,g163,g164,g165,g166,g167,g168,g169,g170,g171,g172,g173,g174,g175,g176,g177,g178,g179,g180,g181,g182,g183,g184,g185,g186,g187,g188,g189,g190,g191,g192,g193,g194,g195,g196,g197,g198,g199,g200
100,-21400,2.017357063714567,999.99999954198097,221.59055929144409,693.2900452222641,72.396098303232094,220.5829322919096,105.90181835294413,550.88923499552072,347.57625419901865,373.27116371131478,616.85370488013439,383.96345041601825,81.533481683693068,45.719939382475026,693.92689872918641,110.08178385250815,503.96683621284626,707.89340273004109,72.609811368467689,296.13696562514838,510.02685615906267,308.10697983418135,872.63465887015343,600.03214790763047,267.79081303933611,808.54114249175973,903.42882015367206,439.05262902418656,974.79136887881464,817.1858119948331,981.41511706163953,256.70053213510067,30.620067508678098,71.139544725310827,319.63483398408249,810.78107854635948,487.88213731067572,590.2118587833445,413.14906089652379,426.14845499453617,536.91161779032416,514.28506172372113,684.43330709119493,662.79164661879111,369.12185221942502,598.20985867306604,286.06687009346319,205.58412703034489,95.756940082696602,174.29074455273059,198.00659900162563,29.200275855905094,237.26254351659205,196.45171227990784,630.23363318860163,644.37869733119533,351.52252168721782,199.02129290414169,50.946488638499652,558.35274840942293,273.81207389407194,138.10727524610448,928.56329639140495,53.079976752500968,478.83742904478459,56.131966133420399,922.46304214116594,914.79783517131295,516.94432922634383,771.23167142220495,138.23739822601601,739.23493272026315,632.4253070487099,458.90240116184549,813.71093556356584,573.2755666866401,260.24768704694804,781.90323217245646,298.21395927166077,776.19118810436305,90.663449806246589,801.65578080351111,420.88254704939021,770.84620496631953,187.69236474827224,693.9718355980649,677.484081484581,374.71111723688068,827.44887245984171,480.38556534955825,824.27309765501923,447.3543334572056,740.96063583275736,15.221006418606693,787.58363258395661,664.81954787993925,103.98810440193954,724.06214052846917,586.70671388608196,229.73558458730923,33.135577868733016,-10.059097906198303,-23.805859439507618,29.625713244622347,-69.985410215691545,41.656579562540593,-57.679528332905967,-7.970318873071129,53.765108610490536,32.672448319357628,-62.567656761605392,55.20178265927909,59.542853868862295,-42.447481885402617,22.179905810800676,-49.042483604266188,-61.525822221069063,-5.8028318404448314,64.498723908654497,68.773288076261125,-62.420241395361259,31.459234976587787,8.3264880350324937,-82.553735667054809,-31.112829619554233,33.737243833130748,-66.44883689136617,-62.127476645387866,-20.821236002198148,35.540740874221143,-17.445599802845006,-2.9795535880048742,52.07087310238532,74.998966491392508,53.938688580764243,9.4507363323688658,17.407266907654986,29.22092539991673,81.122495682366988,82.493705321392596,-58.138319022703058,-54.678078839710253,2.9096305410380783,10.198211007369233,83.322595349929415,-27.167544356872341,-54.486518576052759,-12.028037946270036,25.644394531256189,-16.809634430614334,17.143531507567058,-6.6852278430159373,57.661489334248159,-6.1248658518866153,28.426970715891049,-3.4599845204568078,16.562795377305257,-11.067178530846213,-11.517060520054908,53.703235850425337,-78.648579830308236,-8.2644662772953481,-80.605102132720333,-49.378748580032564,38.353088865246583,-70.931590246370831,-72.082372753654113,40.893517900559758,38.235529708617143,-68.582659343261213,0.69719467693505299,46.610794352680912,-33.180188891050527,65.17926767065461,-81.932386861199333,4.8390210534660127,-9.6878224735416989,-36.783231797687911,18.699483850278263,81.463654779114222,13.704572834320098,31.66182420007717,23.112134415088924,-35.262786559781638,48.089391125931442,37.437917086017229,-35.193403334630865,-45.598169029164929,65.953547739384931,-28.505324341546089,-70.418705258655493,-7.025937096908744,-64.539716161680232,77.931821569688736,49.570673729345749,82.751032515962095,-80.864702931095891,30.716751856395277,-8.4331315516005532,-30.485817897575366,51.032243986887465
100,-21400,2.0173673050358034,999.99999999111492,184.51505311412032,692.8714730704944,72.429619968180674,188.81133746556694,103.12463771596876,550.1307818037551,378.85663181528412,375.24186717858481,604.97962255319112,371.64360152696412,80.271109486729671,43.764139297579646,693.46448707068964,110.12302771832182,504.16722870865931,708.08974651605126,72.526640412088653,388.28726210697556,504.9552437812049,308.17940634793973,873.46684156173046,564.88955791982085,267.78956922947725,808.35955680311451,950.01186171181007,454.13029762939965,976.76213152083415,854.41465458298376,980.73306799538329,256.68807435594249,681.30269591024467,340.99220669452643,319.62756987702704,810.71343104577875,476.86294136339012,864.97069350692595,398.06966475291676,426.16801169031868,537.48889795299704,522.88812677633189,684.06039085804184,632.57370954233443,368.20925647353363,598.19547653125983,270.28632442422224,205.03528163719969,95.894645014551088,180.41179435548048,587.48349256732786,51.004774886232141,237.33273508986781,190.9461367969752,630.2791888257575,863.36737447859093,349.04619038332373,202.76554548423073,47.197689352806599,547.94101577859794,269.39559966132617,483.89111531998748,107.21667169792454,53.106251165019735,466.18056411257919,34.4934008843192,817.68242901349117,897.12535111533646,544.09161320861654,799.55171486687959,138.41256105283395,739.0237541153939,637.88782966225926,454.25918177575164,813.66385404955543,512.84412526082133,259.28691578948747,850.24766043039187,310.36115454594693,741.15986239762992,90.991888020083806,799.15369322596155,410.99609767251377,829.18294614846866,186.26849786460679,694.02764232164145,677.04382355108123,426.28988326888867,827.84339699107943,482.01101392409322,857.40008025604459,450.06277846257115,740.34016435366129,14.830921827882289,781.52639306702088,666.21380340001031,469.25897538046058,710.71724540408036,587.30504196036065,240.80521260701613,33.167135464132805,-10.063961698678467,-23.931024473406794,35.312220724169691,-33.553143385591149,41.655075162469352,-57.943765107195631,-76.671426715130337,53.833615224462449,32.675707091698797,-62.626642500654327,55.201331778808267,57.727394956683227,-42.560383389483952,22.371730703042935,-50.231613904578509,-61.597402134950876,-5.7910023161128334,64.345358843537994,-29.480225682298972,-59.891348843609094,23.023309604855921,15.136937155759348,-84.806624822543185,-30.974662783661305,28.639389712662066,-70.137593326563874,-24.058775926374476,-20.808959656642887,35.46189692912511,-17.44599523064991,-2.9635850408918998,52.134943471030375,74.997643471806782,50.251631132279371,4.8771055221205835,-17.814064604993845,28.867373702460345,80.723299922807172,82.530672662968129,-58.142619870728197,-53.763049867095958,3.8984177253429699,10.177053365336736,83.20101207552176,-25.726552369654389,-69.167302043553704,-10.579539910781605,25.679331748434084,-16.792456686850478,17.143506183802344,26.644718105355786,57.571250467113046,-6.1043847014201038,28.481017876025305,16.908641525762576,21.519629681004478,77.134206623085277,58.149780747517916,51.46983598198161,-78.475084959022951,-8.3143187696840126,-81.700323209589655,-49.356884178362087,38.403363250179929,51.713318450112709,-72.106712674736812,41.180390056707218,39.559707892203882,-68.582462904476571,-59.67208412824418,47.244649573514572,19.503970749116171,65.370235263391137,-81.897428391956751,4.8378734552600315,-9.7453886234964067,-36.787947890239003,-10.076823576281889,81.463388734973677,13.778655429125051,-13.098747764340764,74.250759906456693,-35.375214559182112,-34.855288600577694,37.467653394257439,-35.278338014105245,-47.357453167850366,72.966627007696388,-26.209852842131127,-70.415098225105893,-7.020215573707179,-65.223900637318565,76.065662068853044,49.382060625009032,82.756647340178887,-80.357913214347519,35.618915139816949,-7.3315316000929629,-25.366971388834294,50.99625049531366
68000,-70000,2.0531370552245449,25.538749846455872,8.3745936813060844,364.00388493843815,70.27734642462049,154.51339441878082,136.33700588313104,772.46393006879612,114.66161834653292,385.66297824915392,603.83528498972294,369.00582595357707,286.54040847922658,137.78913955870007,226.93764209956657,328.33101085230442,505.49040758687391,718.23761809830478,58.759221316192566,382.34869384359439,803.02857717082998,496.21074732430316,871.54156962847662,545.61416528616098,261.7922163681032,844.42472854302275,927.67919815061828,467.28125006635406,902.23452829103849,933.58714228878932,965.44478775455025,234.91396822865707,761.02143642911369,940.47468002090432,502.27853064357765,819.74657945798617,546.06287715740177,554.58090337292845,1000,418.18959061069489,551.18094861131215,554.16475291876236,691.52165202662275,636.3950423586773,366.4125277739933,593.91050606128749,274.66211674355321,93.156643112781282,310.83319849968768,890.79153326537744,573.06579529207033,31.148449174574719,194.67019748228921,193.53993498507569,665.14775549713465,629.52082361915757,649.15100379169144,213.31076763170449,825.44468459615462,876.85989926998525,273.41965250508139,710.85477280507666,13.995073210434214,185.60440140429779,242.16649545427191,158.99843478493051,890.69754017961793,886.44625596693163,529.41648095248365,768.6367687276794,139.44772644681001,747.73463661476239,930.80398861490312,456.0858327339098,815.76187922511519,172.69511091857996,271.4876434479778,805.4806867082998,313.74311462723654,656.87488406118155,600.59683286408142,801.57227345378635,275.76800222368809,164.62684536623786,186.94201322554403,758.30025062263655,632.12538624528975,375.32406945090503,797.26929066801972,482.67683175914965,825.28272245520179,446.74301418732966,721.41101607300277,0.63469666670254465,759.60643059273491,812.19265271105087,400.14129777260621,724.69808966703522,588.10458152662341,203.37092764376442,37.230663991978282,-30.92950680969949,-29.119812956111076,22.929724147363331,-36.323156243303693,49.252929525201395,-65.635804462637765,-74.51737807974429,55.089929946261172,31.450962179753088,13.823483910197645,54.775429422403739,11.583168746297083,-43.993456757104724,18.295856784010709,-49.51157048578424,-4.3205380336034294,-6.4818237183963285,67.525647574263701,67.046372929538677,-73.569146137531931,62.490419929891146,-40.567356090740212,19.920586067888845,-55.628978299574648,34.687510289097887,-66.537757496498728,-25.124555328441133,39.106584234356852,32.346212670280721,-17.178971283043904,-2.9706517078955601,60.627225504111905,74.948296830488644,69.894693924868434,-1.0215324360951001,-18.690261179447802,19.889109402481679,80.37559771530772,-47.07873257595206,-61.588221106782058,-63.356443598668285,42.503968607661506,5.1252915732915865,-7.7189551041465165,-49.464539313206927,-55.808949606767271,-7.2475543036403849,22.890702687550824,-16.09438383442761,14.628278047419357,-2.3566442308886448,58.301547962245571,34.420535203309193,20.104886315254731,1.0760438090541387,21.302545627606499,73.714202793510239,29.942682142841711,52.306277141077523,-71.397891328446335,-22.172141049892634,-19.372853775645023,-48.912814402853861,32.777033535170141,-72.561131983910755,-65.439062665103179,75.680992272367689,36.678867536772231,-68.583947811213179,2.0757076135435959,65.349114376208234,25.82397307731862,56.195266395182159,-81.989592929779093,5.5601808169830989,-8.2736263412477129,-34.164697919597145,-6.9395511436368267,81.86849502535415,-0.0046127959052871814,29.570784809446405,82.826705869266021,3.3331976243302286,-44.563745025111743,41.131608102853605,-35.942495466371795,-26.10188842822657,66.279329969645062,-31.752435410009408,-74.674603481205665,-4.0865206684668589,-62.038563041055312,28.242083310914911,48.601297806253498,81.780131627242653,-81.093508012865485,36.99462502966022,-10.263154328473378,-32.11563668459182,45.535027092890928
68000,-70000,2.0531370552245449,25.538749846455872,8.3745936813060844,364.00388493843815,70.27734642462049,154.51339441878082,136.33700588313104,772.46393006879612,114.66161834653292,385.66297824915392,603.83528498972294,369.00582595357707,286.54040847922658,137.78913955870007,226.93764209956657,328.33101085230442,505.49040758687391,718.23761809830478,58.759221316192566,382.34869384359439,803.02857717082998,496.21074732430316,871.54156962847662,545.61416528616098,261.7922163681032,844.42472854302275,927.67919815061828,467.28125006635406,902.23452829103849,933.58714228878932,965.44478775455025,234.91396822865707,761.02143642911369,940.47468002090432,502.27853064357765,819.74657945798617,546.06287715740177,554.58090337292845,1000,418.18959061069489,551.18094861131215,554.16475291876236,691.52165202662275,636.3950423586773,366.4125277739933,593.91050606128749,274.66211674355321,93.156643112781282,310.83319849968768,890.79153326537744,573.06579529207033,31.148449174574719,194.67019748228921,193.53993498507569,665.14775549713465,629.52082361915757,649.15100379169144,213.31076763170449,825.44468459615462,876.85989926998525,273.41965250508139,710.85477280507666,13.995073210434214,185.60440140429779,242.16649545427191,158.99843478493051,890.69754017961793,886.44625596693163,529.41648095248365,768.6367687276794,139.44772644681001,747.73463661476239,930.80398861490312,456.0858327339098,815.76187922511519,172.69511091857996,271.4876434479778,805.4806867082998,313.74311462723654,656.87488406118155,600.59683286408142,801.57227345378635,275.76800222368809,164.62684536623786,186.94201322554403,758.30025062263655,632.12538624528975,375.32406945090503,797.26929066801972,482.67683175914965,825.28272245520179,446.74301418732966,721.41101607300277,0.63469666670254465,759.60643059273491,812.19265271105087,400.14129777260621,724.69808966703522,588.10458152662341,203.37092764376442,37.230663991978282,-30.92950680969949,-29.119812956111076,22.929724147363331,-36.323156243303693,49.252929525201395,-65.635804462637765,-74.51737807974429,55.089929946261172,31.450962179753088,13.823483910197645,54.775429422403739,11.583168746297083,-43.993456757104724,18.295856784010709,-49.51157048578424,-4.3205380336034294,-6.4818237183963285,67.525647574263701,67.046372929538677,-73.569146137531931,62.490419929891146,-40.567356090740212,19.920586067888845,-55.628978299574648,34.687510289097887,-66.537757496498728,-25.124555328441133,39.106584234356852,32.346212670280721,-17.178971283043904,-2.9706517078955601,60.627225504111905,74.948296830488644,69.894693924868434,-1.0215324360951001,-18.690261179447802,19.889109402481679,80.37559771530772,-47.07873257595206,-61.588221106782058,-63.356443598668285,42.503968607661506,5.1252915732915865,-7.7189551041465165,-49.464539313206927,-55.808949606767271,-7.2475543036403849,22.890702687550824,-16.09438383442761,14.628278047419357,-2.3566442308886448,58.301547962245571,34.420535203309193,20.104886315254731,1.0760438090541387,21.302545627606499,73.714202793510239,29.942682142841711,52.306277141077523,-71.397891328446335,-22.172141049892634,-19.372853775645023,-48.73610266870773,32.777033535170141,-72.561131983910755,-65.439062665103179,75.680992272367689,36.678867536772231,-68.583947811213179,2.0757076135435959,65.349114376208234,25.82397307731862,56.195266395182159,-81.989592929779093,5.5601808169830989,-8.2736263412477129,-34.164697919597145,-6.9395511436368267,81.86849502535415,-0.0046127959052871814,29.570784809446405,82.826705869266021,3.3331976243302286,-44.563745025111743,41.131608102853605,-35.942495466371795,-26.10188842822657,66.279329969645062,-31.752435410009408,-74.674603481205665,-4.0865206684668589,-62.038563041055312,28.242083310914911,48.601297806253498,81.780131627242653,-81.093508012865485,36.99462502966022,-10.263154328473378,-32.11563668459182,45.535027092890928
900,-41300,2.0174877410474155,1000,191.15300225121291,678.99642613063531,72.447818441618153,225.52397427957106,106.16440872331597,758.8016064510366,77.637096131481329,373.13516879227052,617.2717773998578,149.68672236057242,289.67236749214612,4.0342798280379384,698.53475364778103,82.786900190044946,502.19360134546923,706.20543692923752,72.591430546225453,399.13149966917842,507.52344845757881,292.33792663390307,868.38384970032064,599.74837160356378,267.78521849453421,843.82342821368616,945.0233535516229,522.08762736984693,823.66356777282681,802.41832547435047,976.54802083762888,281.37175091740346,26.547688801839378,897.37453681299826,342.80323324168461,831.81896485246227,569.6644881951546,589.94005425551291,420.73086627980007,431.50961907908766,534.54533247942618,820.11940330341508,708.13303266877722,637.3313789642832,364.78188162104641,598.56892663233305,286.07392080753334,164.52458738363964,109.19514088799325,175.12256843252035,544.11991926505959,49.230058857894342,167.91641892229285,193.07726590242589,624.46973790709364,627.9450775762183,349.63810190758829,183.95079445428939,207.75514910623031,544.53511252246392,269.12419464589669,778.61984600963046,924.5863689770722,212.67687681099906,674.34044874869755,722.21788357996638,886.96539040380821,913.71472549928387,517.7380263522515,806.86469751778998,138.08457454280168,748.39740700462539,944.0699172666998,557.142692177904,826.72605476106753,177.6796371293544,188.05990298144582,855.59538484611255,280.27694510015652,755.82644653925888,537.02608269069981,798.84531833560266,274.93176347690536,779.15581248750198,187.58412857201265,715.52018733080399,677.04080338831079,374.98514525577758,821.75568915653139,456.81553900712004,782.88337754021836,465.18556872710485,721.46969381670328,13.828652624688058,723.29071836826972,830.93224534287856,90.784736570956937,821.6388733496741,579.74568464713775,192.36013362592686,34.634246310975783,-19.197599788464355,-29.788045108625123,-42.533381694600862,-70.9853258585064,42.050266262199131,-65.061020897560695,11.351697886880451,57.700365733707748,-22.66694988246838,-62.539107256024607,54.851021115407278,12.809116008240409,-42.396642764451762,18.400938735368161,-48.644728509265889,1.6222044023404756,-5.8311910143642196,67.781912593344188,-30.89766980963168,-76.089405477790834,-42.041649622005927,-57.023288138190694,-84.693881964294192,-54.262282901039697,30.019293426639887,-69.813897812445362,-61.167126798979794,-25.748127399275507,35.428895594976517,-17.994933917616891,-2.407083865881722,-3.1319077145320477,76.423462628704044,49.737035424895012,9.641165624842742,-24.749496666050749,28.868197930237159,80.768208066811781,80.279278892324243,-62.075354234121185,-47.718340530200635,3.0044909804217879,5.2508500477847955,83.419540931068909,-25.711477052205083,-17.02248841819485,-12.167311520706267,24.011690091963438,-72.748106061820351,17.139540054082318,27.138586868509122,58.196692536435911,34.35092806470972,22.837433639483759,11.936475565215627,16.774598427310181,80.337470242672325,66.915234591506859,51.028311943988719,-78.584695878574223,-3.5930563268668507,-43.236894572437045,-44.272019362732038,38.574953053387588,55.337080936398515,-72.104731875108186,39.283300294465484,-4.9736225371966984,-68.613933432172644,-0.4736651244455603,64.360617685632633,31.28233298775212,65.426137490004592,-81.903853543235087,5.4798639060291103,-15.602170929393239,-35.576090481853726,-2.0472235468505273,81.451845807518609,16.03890277604814,29.064004629717985,81.850949330551543,-37.835605032432483,-45.735794265765712,37.474762814211907,-37.354096352597693,-44.373674357227415,71.193100119077954,-26.938448049349134,-74.760501526277508,-7.1919001678146586,-65.150934853951526,78.103295077881384,49.464085867146522,73.717697321804437,-81.965564113774533,34.239861981632011,-21.95975627352,-30.34544353685774,-78.728070428790772
2000,-51700,2.0172692980986549,1000,193.40904123154894,703.54487539273782,59.024643125338528,216.76409443823488,104.53459837817765,765.73583424585036,32.413115220181517,368.19760731864091,616.03549396085202,368.06547390665139,39.629842240055659,291.8134627808613,699.30605147696247,109.11073658048977,528.2577840122708,490.32320612861025,93.13029213296322,390.84401010551682,859.33069450656535,320.2987853909454,921.51453636062047,568.41177758255037,260.82272772838701,843.7843220824891,79.501495068129657,455.56142762297503,845.83548559969336,866.52032737727211,912.8547154228188,667.32831782415428,195.70419289696511,865.34889672887937,343.25125604843822,811.96811810850227,545.98966111247478,565.26114806535065,408.45840844178832,453.05495158913146,544.03314986048213,801.92464120776833,302.20042636100834,663.7605240149536,386.99319820543406,598.20251774592225,258.77497319691849,215.59838010166473,111.06477606924381,164.96165335019276,217.82858964985303,29.098309080498431,235.88559725781454,189.0733307501616,623.57734001110259,860.82543513740291,348.66715399888557,196.4169227051072,897.86946065437019,897.7323601693472,270.16312477233038,785.13373371274497,975.45149820516349,54.503538148015082,631.06180804345354,849.75084922000372,855.98821700407143,943.69406791918038,515.74495594835844,623.65088718380582,140.82322520859705,748.17555747804533,631.11432888750437,459.4261371763771,814.01011392933265,669.9920868594254,311.16548790124426,862.34856043585535,295.35659573387613,650.79832245711395,556.93216496614093,799.29398292135852,345.8962844700884,784.33329913499415,184.36235866737726,737.99464775854028,677.06052748900731,422.59296977489061,818.92605590743449,455.26388255457977,825.23120440997604,433.39951021334389,721.18196667351833,11.303535855597353,408.02809608670282,799.52100426606762,88.943226825522117,712.23329525509257,579.62522876060302,243.64477911927895,65.568184632718399,-23.614935672331011,-30.265709945176265,-40.797539029524259,-72.834764663021645,49.919743520761521,8.729272506284925,-73.240904889676941,56.797488213517369,32.169623970788194,-61.692764958935761,53.233667547466602,14.387025131569676,-42.571134040773494,21.709641118468756,-49.716051363279469,-55.994350075856588,-5.6968585839308306,67.686511835109869,62.008672753081683,-65.317778770377373,23.969316044403637,11.469970911268778,-83.375427135070026,-31.251697763255489,28.568246281412545,-74.899069127044228,-63.038887568278589,-24.910178136903379,32.09876035267645,-17.115616810161463,-2.485099656891705,-5.6627988609453457,76.534306023294164,49.808050909430165,-83.660555986392524,17.524879938409683,29.053679935105173,80.709132053364002,-36.557096896338301,-62.316715900707059,-71.948865133794499,3.879412172644578,4.9275445736319234,78.986046537557883,-26.93510114344566,-20.534509741184692,-11.981972019830557,71.177265968165173,-79.716527138326299,17.129747962044167,32.862097408839034,61.713533563207086,33.809966177947665,10.511257751050158,-4.8852865056282733,16.823937943174602,-11.04530802972031,31.162411731922319,52.316130892778055,-69.615616277545357,70.171492285804945,-78.188370771672936,-55.443375500943617,38.104859559279681,-76.515692412054662,-73.595521861250745,-17.007347548992136,36.853186960972799,-68.574265923872545,8.4250312421869733,46.144143288845648,-41.407070370230116,74.211498092418893,-84.100278340818292,4.5943003266098463,-9.6921970892305751,-36.472456715669651,20.538012076034704,72.42762263116299,-0.98305585250019589,31.693580008993877,82.720475275438503,-1.8230810152455048,-49.324013391691828,37.511813659151372,-28.935599653610499,-25.858628712016717,72.961432127117064,-26.826160336580607,-74.989996957375013,-7.1883212014409699,-65.002842758160583,76.560228210057502,49.516778176491506,83.894130491842134,-80.764699754883367,36.109982117891448,44.364518864480118,31.282121625429156,49.615070101232064
500,-32600,2.0217853322705839,998.42323394328025,193.41835539406091,684.96178131424608,56.95442386697782,219.82511272421851,108.91148425743141,752.63906438625088,111.05325868280147,370.15529555339947,616.94679344193662,148.15611402011217,86.31189295911588,288.28756343572581,696.7025234060294,109.70769611821264,584.27644082974041,709.51578369595836,90.177451956246983,391.93586399562406,828.98811501606269,318.62035047119491,909.29159471392347,602.29558217208148,267.13211554204594,842.77653848257944,603.13570935475025,442.98037123883341,812.4927696186918,823.36372635264001,1000,246.00029850816003,722.62725459013836,926.61083506230204,341.20856083717428,809.53457136626423,553.4806148308968,605.98952195492404,408.39793204039978,451.27909002256121,536.79857180281567,432.51533960634026,683.94735482224826,664.42476782314873,317.5998372506175,594.2296151715982,272.37319650722748,230.04110913030999,116.56330774597279,163.99435876450383,185.27137932829285,45.389177714487964,243.32756410174338,189.68281441109681,618.12148459265188,659.07639590851988,347.54465738919299,196.21929911505333,72.58280708742916,563.13015971253162,269.00208365302723,524.20415600107856,967.11614490942986,517.55315291825389,453.42031826695154,822.31926099285249,924.35529987484279,916.67818546418255,511.1081591081068,769.72598124049728,149.43310908913267,739.44992727545889,628.93118550585086,457.73247108818379,787.51655843759329,596.51198603964031,313.00288569935009,853.6731034182435,290.16758358743124,646.3786341912446,761.47432308656334,801.61525129554582,419.47773336077535,804.30460774426479,184.16408508370341,734.43996087712935,676.77943099981394,380.36959627337927,810.42661277471507,458.18792389043722,824.7863467341989,448.14077273975516,720.26899448898257,124.6738248236712,829.09329208621966,801.92167135202089,105.51489351683402,724.25929030964096,647.25336715876267,226.5723555516397,72.840742112545371,-14.970666681569575,-29.273233220755742,28.253973905341969,-71.33989698839558,41.646714296248774,-64.342751328024306,-68.573643570499556,53.281254710910744,18.6528459987384,-61.254755225954767,39.380250818787538,7.1547328953501097,-43.987161019509628,18.21532694222628,-51.743828788471404,-61.016303571898007,-5.3863773750426693,67.408400493312314,-36.936840594444519,-62.337067521069969,-37.744597882168108,-50.072384920582536,-83.400373876958724,-31.030393856902215,28.580115989764195,-75.387642406147279,-62.234489884461226,-22.12195735991126,39.536463066288391,-17.142993117197843,-2.9503048460937524,52.073782614947035,76.514977832731731,53.65498368572365,4.7866970915725346,-20.375367305484602,22.05207957943189,81.117507891312755,79.406177270172464,-59.912032312873812,-56.346798464310439,1.9904295172561295,4.9185139597430725,77.867945170095268,-24.177753831088797,-79.711797470539324,-13.022502312028115,25.37761403212119,-17.088798148989355,16.908658642486824,33.213586858516059,60.395197708277195,30.068139182440991,-80.834855553168921,-4.786215503849145,16.761696543052672,-12.287331427530585,-11.079606876402401,52.08163212221401,-78.037535403244064,57.452121994249111,-78.875969749598724,-44.842272508438583,35.490192373105309,-68.921085030046157,-67.943105666356757,-15.692244350885808,22.318643573007478,-68.495508759552905,7.3180849783897166,45.434458369691257,24.378075026751787,69.51280172069383,-84.106301870690274,4.6059224291081344,-9.7395169493194054,-35.465176536194967,18.942269604166601,81.820712143997,-0.48800257067849673,30.372288843915442,82.085874785665879,-0.825470421096,47.140083762430649,37.457416690126173,-36.460929163538054,-26.744959002989582,65.543937745091867,-25.420169041153684,-77.794324804906097,-7.06430980402064,-57.195176620158563,74.780834698407276,49.395855981375192,82.710246499349182,-73.28617207831924,36.565470855617889,-8.4989020948913918,-30.820034845667479,50.736178754482587
1100,-44300,2.0173536644383372,1000,192.85985486282991,679.04057280830091,72.449915043257732,189.66390865879649,103.24897716539388,753.17121998636389,40.970328527323858,368.49185623965104,604.8568102156288,380.72034457919972,165.4178266766022,0.7909041115929677,618.4212418948315,112.22958028471911,528.2690221594504,708.04368414256032,92.075148993467934,388.87796450490379,858.38838949375247,320.17541522656956,872.74105307780962,564.01109664949649,267.86348257905058,871.33548063774242,947.91803589551876,455.54462825369563,797.32410356510832,864.97464362422534,976.59742231298208,667.22216983125531,117.73271687790026,362.35873455296525,320.02716720882603,811.61305138747684,479.7452656221019,852.05097235937808,416.56746650644931,427.96846217269558,668.57402485766977,526.0271384853279,694.89260880634424,636.78126741722497,760.72282740392768,598.13213552438583,259.7260638607795,213.16384068844798,112.88723958972676,175.32200797086412,573.87877337500072,49.527705161213675,236.83453402904314,196.34981394774024,627.70265746861082,873.66866563322833,348.96493584619344,183.73316964346253,47.271779514817325,881.49645223726111,269.33939577113858,492.26939596289242,92.535764940151353,52.399220322214177,466.90929723927769,52.453655272195647,813.24906570266035,522.03696175958044,543.402933486645,797.55017857870746,138.35889372724608,749.19233284383404,942.37540837680035,455.19068818964212,814.03409633498939,138.96952478839856,312.03954752607285,853.62373421010147,296.25937129084042,758.46641909333607,80.079130185744745,799.19822242630028,43.317696318520149,824.06427927171512,186.34638210740937,725.43410602998279,677.0255317984122,422.52168483218747,811.87888515933059,456.76688117017517,826.25295198791252,449.9444733860833,721.70962935802527,10.825021727124758,396.7109229627178,664.50775464121011,439.28235488707475,711.67088217737955,587.30182769609667,241.36388948779251,81.957564099351103,-20.458457488058468,-30.254945454763202,-42.490653123055708,-34.905049270555097,41.920318536127603,10.289976662781601,19.714536797129771,56.737485613110351,33.901179800651597,-61.635950574013989,62.084287395075776,15.053170442001845,-42.556738809896025,18.434244062522929,-48.65383280757635,-57.705524628207741,-9.4906165600486787,67.843692432383619,-35.765619993863147,-65.520380481962988,25.405581048260959,10.942211309180841,-84.732296172818295,-25.144861449783633,28.85245648234233,-70.174192282659448,-24.142497696476351,-23.387354730662835,44.939756093822481,-17.489300062023368,-2.5152577211850757,-11.06580606195249,74.885855433353484,49.661495056588684,-62.688196056074688,17.659235327155788,28.876861154719915,80.710834536703572,84.723255214543954,-58.5929651390313,-54.08705085375847,52.912152208604198,4.8860870702862647,73.602218782640492,-28.541595644111972,-69.178311784878389,-11.966516393586357,24.06312353391414,-81.649184756306482,17.136796816615696,27.865357045373049,61.657322942035783,35.831636252588723,23.073734075429833,15.230341803268768,16.787926771382523,22.166842929526219,-5.8744566886049014,51.577865931264775,-69.797086327183465,-15.815710415094753,-82.303131442937683,-49.712538157401688,37.961436259860989,50.890387127773948,-72.008924530913674,-14.455043935901756,32.789986824093837,-68.621174480771813,-54.127913885493911,64.546942872128326,18.905082939947192,65.314458025013792,-84.124549328919244,5.5621590581387927,-9.7023918028419143,-37.06535310310143,16.438205732413849,81.711296133903758,1.9062734495522236,29.000266317633383,75.116029993992285,-37.884552304540975,-37.945160685753493,37.466638027717849,-29.01636574591112,-46.68170033975607,72.08026538256432,-26.474067874820431,-66.549407646471991,-4.0384460288994468,-65.223513936220158,76.041547908521792,49.489191244599219,84.082573307206147,-81.045342827919882,36.020947152298433,-6.2807821006536102,-30.038205813195876,47.904861439254326
7100,-63200,2.017618479687679,999.44361392745986,193.55011336597383,360.455747711372,72.736477338843869,217.25913205089989,133.13012696927325,753.54208619451276,29.780585997954262,373.63875940228996,604.82144148247482,382.21088245363757,97.080001779387374,348.37488907887769,64.602125533013464,80.127368766049727,528.27853114473305,531.88011543214304,92.065643218388402,388.89104866474213,858.54293619623706,320.3147149912225,923.93533287285857,568.60702240215039,267.93506934276854,871.62734580271115,88.294468485100992,455.68205687275338,797.29134318991464,866.09870446984485,170.68365128545969,666.63418908949234,256.91595307783422,923.40761945357485,341.67930938605349,810.22100766566734,598.29847379828288,452.75591762275997,953.25744523708931,399.97612812483425,666.86542644413396,837.59076156423907,272.73209345088418,657.88191744310984,391.7170105084698,598.20822664901607,260.20773665944756,179.97303258039943,112.35596357063172,180.08913179964873,572.4027641654435,51.609200421036796,269.16167137621318,189.05482145905606,658.00330999133723,885.28008458247655,348.94588163639588,210.50142226161998,933.92167548709438,889.49299281654726,270.32344240809039,770.63941160498655,109.56318187535521,82.389402782864096,465.31575694268145,52.561327813913543,895.89084662634286,522.21893827958252,530.39163010007064,640.76735350752313,138.33057283850434,748.2962014346499,942.3683644129793,459.40391982913366,815.18805875946168,138.47997836446453,311.29642583684301,796.56104961585197,296.15550721853128,765.97651147493707,82.499635401417976,799.25655866226509,346.531483811214,176.70110126355326,186.62494345971382,725.40534766963549,671.48543229847417,424.04080718539484,722.09988083988867,456.84914448309388,821.73045769550743,481.88151986784925,721.71699070007389,12.992904639948957,409.89898144304857,665.97801647704046,439.13610779356088,836.69694629554817,587.32635067088847,244.18037658073814,81.989729120143679,-31.179024661560973,-32.117541488765582,14.379600728785803,-33.803370598689646,50.500283760784818,5.2667396517047091,-72.113095883434568,54.386849920229338,30.553020079159268,-61.310732272026463,62.57828622324061,13.216117359303386,-43.053866497100444,18.425896821847772,-50.045584514201956,3.7405614899823938,-9.4778892479093564,67.917395034299005,-27.386549637280861,-63.291638314826528,25.244697658633438,12.09633780407713,-84.674493980685867,-23.798460994659489,25.468472703254815,-70.713683122775407,-24.226385926165243,-22.781582889260545,46.585945038718066,-17.490274842483966,-2.8094570718602649,67.241069272961269,77.114379198885871,51.041832006271129,-18.131444619558948,17.676303949471752,28.736050270993328,80.806207354428537,84.989560388444019,-62.348486498675435,76.044375735868329,52.7477029844176,9.1808960498861829,-12.692471860298017,-28.603613219301121,-18.468931754952589,-12.019525865844406,23.339044418939256,-81.619048301039541,16.399399557240578,4.2117858363173806,61.632108423810379,33.951942819080031,4.784651916339941,-2.4255272273987991,16.814553608080814,22.192954759610018,-5.9967650181415104,52.323133354630805,-69.672590373352747,63.55728954807158,-82.322934738345594,-49.672371412693494,37.714462524291172,-74.504393449262267,-70.441760527437665,-15.52975567648819,30.73022384592079,-68.621088850695145,7.3701044299939582,65.358800857820754,26.576065169328835,65.495221550288491,-82.830515714702386,5.5529558524819675,-9.6994785369955352,-53.283585292125991,-10.543091005683829,72.304635952794285,-0.92756925181437833,31.678441565551744,48.13100505948789,-1.2397669127595634,-44.832431834242882,37.427087656462447,-28.896995800230009,-26.94074700675835,72.732146317530933,-26.86161800777926,-77.382955987945351,-4.0367661269604467,-65.222700118246124,76.623095187293629,49.482186403924509,84.247798952334321,-81.037427455129375,37.084625736472567,-6.1215947178303241,28.512198928994401,-67.078385781866785
4800,-60100,2.0217471443904227,999.99999972847104,192.68957960130763,694.27558115422119,58.744098607133303,223.73846411711079,133.8907901339422,764.02550783230924,118.937855543206,373.35755337170423,617.09436385937897,365.54599575285624,28.030593237149787,252.91886409745027,696.37891508475354,109.01326647581547,504.76248273402342,692.74271432943783,93.155430752357148,390.83646214125105,826.40150475461621,313.55134228146022,938.50895498197156,596.94183860031842,271.41618602888389,843.77620572653336,966.76905888279703,443.2854738256828,869.98734864326275,697.98933348031176,998.50574778142209,658.92178170306784,205.694163753314,859.65740050187003,635.83861150899372,834.2775694404902,479.39342390522211,576.96648124772878,489.72927897481509,447.44379256228274,512.60423386384639,479.43937336140931,659.23828086099547,664.17719619146521,373.98756306933876,594.28659955229477,258.77640512416383,197.52265558263758,309.25414537157076,163.99684833565428,213.63812506850621,38.307253769057859,242.44815022975911,189.7026836657642,625.50646025420338,848.60205600649499,347.45744103700525,196.55532250837697,41.585048932757211,592.4673678470233,305.31476542368375,447.9666454781177,948.08089791854275,548.08981843044319,393.77284319985807,60.847240256157704,539.35594540783086,916.46144131323706,516.942839959303,790.03956888684138,141.15465291176301,749.83267219487834,922.74358994807608,461.47335481658092,784.12371771839935,625.50002950172234,279.54881784467938,855.70113059433186,290.80128063976576,658.56661832335885,731.41429620036286,801.68179267781363,419.63311015270494,777.89679660354864,184.33530170902054,315.72684539534828,677.17435316996921,379.60942471187008,754.20164885101053,476.88267097011806,825.22170108087096,418.7423227464505,740.90252444536895,119.09501347792407,734.05327406494416,803.96569394704591,96.235649796244815,712.21016757191558,586.5512646428765,194.87933762227081,31.952505658626222,-28.008367676492995,-31.10004897514224,31.483129893968734,-70.662758072431956,42.161862671109965,0.88936245461669516,-71.563853102976012,41.417095405908043,19.154582958103198,-62.205952352018372,55.954586988812906,59.965459232941349,-42.319677447823395,18.377658974980335,-50.809444403801642,-61.47793810977511,-5.561914782751316,67.656401681236034,62.511429154577954,-64.859866380992941,-44.430405432278242,-50.401944934743,-83.366235979693187,-31.170086819909081,28.598962838713359,-75.55100671200654,-62.026494171201897,-20.478105107687405,32.528885229996142,-17.570594331546214,-2.7804510809888265,-15.34914533617787,76.627475444046311,53.657164710940464,4.4099591238435272,-19.239495998523019,21.516124443842546,81.168980694426509,-36.970155427151212,-59.913694238701517,-64.613955999244894,1.7765188591275556,4.8773440037883944,77.544785921285083,-26.950957508603324,-69.159347346232451,-12.037628891859255,25.411801488476318,-79.852986992675625,16.99213622054382,34.419119962873637,61.214908634594089,35.069567886050514,10.005938579277814,-4.7744720178759499,16.824119526275339,-17.019878131375105,64.298734065489157,58.285407350665572,-78.106591305441725,67.779372447382585,-31.798971182699038,-28.166431974137112,37.719956796885434,45.529847452498039,-5.4634024198030531,41.251870881496274,36.823712542387923,-68.62808562584263,2.1066229774043563,62.703697779484841,-41.102468680174141,-22.196247757070278,-84.010103734591496,4.5968304348618512,-8.6711964412384219,-37.023175833295852,18.852686013149924,81.720430069716286,0.20623710353903468,31.638151178839873,79.162505177193395,-2.7829877126435072,49.503077943598129,37.478877688290687,-34.847204185321544,-44.483391494026947,65.687839691300567,-25.408859805462324,-77.728214915698246,-7.0791627857148782,-65.578455448976655,75.922014464982624,51.305323915073167,84.926436199370556,-80.895657708485871,35.563545509670149,47.593575207469812,31.602213645008234,50.300559399165756
46000,-67500,2.0219540411627182,419.92653274870662,5.8044128882532675,318.22814659175299,66.558652174051659,153.57256543498173,131.8733055385913,753.17806188574627,33.344728900730878,374.68881381370784,602.84960143410126,155.84371170301043,164.66023091420084,320.33373062480729,617.70355050173191,111.32311136014137,524.96081105368387,708.0372887048585,88.500770126940239,388.89089376780811,858.47192097897016,311.50408840667109,909.37205994528165,564.00683928642047,267.8940609538347,870.75346053566022,44.782871142560225,429.4106245230202,803.06906181685645,699.5290160409528,957.2798055379468,241.13916335359946,782.09701382336493,968.10310043164338,319.08133354922757,832.37501583256062,479.06183530108137,459.90626174070042,351.83765644542137,411.52383807818569,668.14072234216962,815.38412386838672,689.71707211588296,637.17135276730232,759.2363791025366,593.67596123775866,272.56658867477114,212.60537908858072,116.8627878295374,175.30371896461148,90.347532751764732,43.90227935714239,860.66183060918411,196.38890194560409,627.85845509484921,623.82320400524043,348.84090006888471,183.75026094405791,60.108338489500454,881.3360148034227,269.15720080115972,512.63141030669192,84.490794992640062,10.700167736342166,466.83628078449328,786.87803044926068,814.06665184038968,517.40269067988584,487.67821279028681,796.22058888932713,139.4805368298056,748.48507219665396,932.354019816407,452.56028426978571,821.15896611889605,188.43355149838413,268.63299769412714,853.81957759081808,308.29287534470768,758.26104013781503,66.359837681335989,799.14388184561028,40.801378511664879,164.89380357356941,186.34856351199025,725.36087393518255,632.41989738292773,372.87402532733785,806.41144987625,455.16634313918331,820.80828441065285,484.87686147657826,721.25745149815214,3.7196737478871369,747.95953849566581,643.70033298576914,439.19909325263433,724.22297551187137,578.92618649274868,230.77263545632087,189.95921193409336,-31.303897372282094,-29.059971590097479,-34.647797876702704,-34.896744058996376,41.691399666613563,-64.266081609434138,20.431937832313572,-10.631301719897039,45.681435641156639,-61.702846071872749,66.678363690961561,9.032565028788575,-42.559671306800702,19.692835037826093,-51.687061537932237,-57.524955791609486,-12.416353111306776,67.451221034860239,-54.989067571930974,-69.591155052208819,25.853194109441951,-41.865030749060466,-84.925515091053001,-25.362422355682831,28.848050616698075,-70.203030333680275,-23.631199211136007,-23.308243142334263,-49.113784783785199,-17.640431507966174,-2.1320400058564823,60.966773195565153,74.886741146828683,53.477566474470443,-61.255249558136953,-19.752555914552801,28.816365330024311,80.669362798840467,72.00127379774473,-58.593180784345464,-54.96896370752205,44.530474891970123,4.9899720009695017,-6.4375919128157122,-24.452246600700452,-75.743651909419725,57.664650540605507,24.86791495471461,-15.614277787245733,17.13446358605901,28.374774926966079,61.561619009758928,35.01532341821094,22.786546705527606,-0.97173858915120448,16.861599305425781,74.324741850325353,-5.8391328255875656,53.420631786878097,-69.711654666580387,58.464808835584861,-80.415844056163891,-49.867450592485042,39.529501795446038,-53.697101925382839,-71.953734087214897,-14.848886787690702,-18.041849541608332,-68.585529951250891,-51.9299129090859,-12.786302076724219,17.765414153692443,64.185540724163474,-84.124485803018686,6.2659153651816748,-9.702398502047263,-36.777361229601894,16.354841844865849,81.475125573538747,1.9834171688140083,30.223039988184613,75.036650699227451,-2.0884823898342582,-44.12043033091183,37.539908090465048,-29.17804624055448,-26.567460535495385,72.009258281473592,-26.622693758368101,-74.69670564625622,-3.9982058950071089,-61.622497774906186,74.608925206498071,53.002989115715984,78.7464230748745,-73.228942508889332,37.015926802680269,-12.748215852100653,-27.463339514856827,47.993547274472512
5900,-61700,2.0173936005807933,1000,222.80924474896352,347.2447908800749,59.126510448531164,196.81161782331839,158.52765477417447,810.07331906742661,97.016622154394071,469.65373879944491,604.92471765850109,384.79701388255432,281.79104693697769,92.524174256965821,630.22067705057157,110.72462676803917,596.23666101443598,712.22819463632209,75.76524380629435,389.10108760920707,851.3097627300051,361.84010902783581,898.70740073073614,564.11243013354976,262.41053979805992,872.41526128591636,903.41493241429225,452.76732210757297,70.7216240520616,861.99426099774018,984.74944401031701,667.69369022127557,754.6399231520985,976.52763310633713,307.07046684574902,834.29697001362547,516.34024411381802,382.69311407616624,994.33310153356149,449.32712986171083,677.16369436056107,882.19081940887509,691.48184895594147,635.69106725385063,796.91610311707427,598.29826077635869,274.48491553072478,213.87449851144328,307.63279918665921,164.47900860893205,180.01632598630349,4.0974917296797262,780.87202532193999,189.71514087299533,664.82364644784764,645.79868184404631,374.22647041007571,211.01341130529244,772.2796824873983,908.21189708655083,268.16864487199223,814.18467871239,934.89106352091176,184.196472601208,386.69189204766889,798.39903561015103,541.91354401553076,920.29291033501318,532.2740560994821,639.93410400627306,138.42351743297368,748.48616123272689,618.82080135201238,524.49761517948332,813.07755610999106,182.59766818645721,278.7258954555839,819.64464176898298,288.71972034851871,771.53616163647234,111.84217975347222,801.79582389240693,277.02828403248952,60.266848105990505,185.80701490042162,726.16405492268325,678.52684152047107,375.84590530148995,736.18230948819689,453.20970163060105,824.4214955971305,448.35725981915118,724.400530926427,13.475115156250782,394.71900762252091,802.85443463608044,401.92652044880219,724.35828413523427,579.27785079323553,193.20447278367158,194.81018007493023,-29.631922899862271,-33.105535558075957,-43.527724388673143,-33.569931843446483,42.090903636618826,-70.831196984461641,-74.899232663490253,53.626873169620353,23.039976828708649,-61.577260868776108,56.169222489082578,12.051453186746794,-42.380785032479238,18.253628282526218,-6.395962559891025,-2.6763318402873719,-10.896775184106342,60.314961993272227,68.784327724490481,38.265413003672819,-43.492307809688363,6.7296902804155563,-84.629540409863438,-55.126873035460406,29.6584150435488,-73.463846543145848,-66.356319368704447,29.449028453949502,-23.166285622493721,-17.599432105033294,-3.6263933354785629,-7.6236852288229002,76.500230219585404,54.209248708224422,-76.206884568307075,14.726280446458931,21.30144488211668,81.112012398284222,79.54009995480267,-58.377455188130064,60.86179748595022,44.262511300243652,10.086104611052633,73.382711781977079,-28.112769958517031,-75.56460502771867,-21.173883078476059,25.40259176427908,-82.406080279352125,16.965286518124334,3.068658727346484,61.527123728751384,35.047722376010825,26.052338743714159,-2.2564528486428186,16.907166854066595,69.29464258422226,-7.4183195548958167,51.493038691596936,-82.425210850900328,55.342416632804536,-40.703832351093688,-43.891965015232891,37.928317868591435,52.200112059520897,-72.189066940682054,82.324376491208596,36.879040112829387,-68.491131909964096,-60.288184062710997,63.317994519524767,-66.709962031821803,64.272172247623772,-84.05574904165691,5.3465052079617008,-8.7017636435169656,-37.01423201519453,18.409783980438384,81.752750060910245,1.8704574525671869,29.961598997921367,74.003304658776557,3.5184487416854342,-42.9955700024028,37.477846960506348,-29.525278982919623,-43.599373948454343,34.606044014866754,-26.449890688830532,-67.534861618273595,-7.0147270756171025,-54.214608878199627,29.776858392445217,49.657844524460124,85,-78.689926924137609,36.293153172411721,41.141015089690384,-27.379539562751127,-74.231880179720207
700,-36900,2.0213961411432018,1000,193.54621573128523,676.61812964690239,72.731911185452034,216.52284227891215,104.20750327879307,753.5346138745831,30.886054558285519,368.24334289810872,604.85561317000099,368.06658564300693,138.37078181611813,291.08337226551708,321.63035432835795,113.69335005885884,526.85568201418153,486.87287753049378,92.065752796936422,388.89311554099032,858.58359541312473,320.31350148234742,872.36228398407809,569.04885363552853,267.65935138206618,843.38902443375616,81.392873407859327,455.69014017597914,848.35247173481696,866.14341015309981,160.17289726957387,665.79500891556324,120.28235390366939,864.88240704971179,342.08292481010216,811.93261656189895,546.39438857313439,889.84126090994346,406.74245167446389,403.9740900472583,544.7608792931893,805.35770618414995,303.28161289380654,663.76784820639,385.66702283664739,598.20419950365022,260.19647313069271,215.37028988822684,111.40736802544903,164.98168988618625,573.84699038722351,51.640642057498404,269.09542126859481,189.16513389901135,657.51897893819125,885.34872445875362,348.94411735209871,210.80172033486204,884.63924211881977,889.08187853900699,270.28073588353442,787.67430401646345,109.8072230233671,54.706678837331715,465.33240135456026,804.47468357426249,895.27279309988637,945.64137934707912,530.12176619198272,623.32131732194398,137.77099261189494,748.32081236602778,631.65250713665966,459.45385564690264,814.04487232541726,138.45475339214383,311.296021177471,805.25436857380225,296.44752244441463,766.00044837858013,563.78155704324445,799.18459156594167,346.49644794084577,263.32851491407541,186.65499812211715,725.40085626664586,677.05904776617376,422.59210455763593,808.19190057846504,456.84788750549626,826.29024259127004,481.89382422694376,722.101677366427,9.2199992098545653,396.52783331865277,802.32816155277271,431.88046528471,707.99916181724143,587.39953238027067,243.52735611513623,66.214487931088058,-17.164422703905423,-30.262566855213699,-40.894203398005999,-33.80362023861565,50.759306236322594,8.6378604133604906,-73.334030075713116,54.453299867894891,32.084779361652117,-76.893931769991241,62.145223901724783,14.930162936113927,-42.555102927432536,21.689608980998237,-48.62804717963369,-56.144129789477361,-12.379670783594264,67.918163728571017,-25.748410643541298,-65.607420297906685,23.971906731049401,10.948951707070723,-84.731473093440371,-23.936534987554801,29.02803773671468,-70.718477042308194,-63.027139052712045,-24.763692463573893,46.468801325539943,-17.637781776903378,-2.4838083817505443,-5.3215409424945079,76.534183419316065,49.685892966940152,-83.309755323614937,18.096927382999191,28.735974526842774,80.711068536549433,85,-62.328886661596819,66.988501061193347,52.74676325140981,4.6405519959261081,-7.3833688435122724,-26.707663519847202,-20.848509305752895,-11.944867041517563,72.917153996637836,-81.696290091362087,17.133234243124718,4.5006531304953104,61.681998090090254,35.057053345585736,5.0364504357465609,15.347005680143003,16.764586001309819,81.05373927936742,31.783183608677717,52.328218083236941,-69.615833452608427,-15.952150719367431,-82.480555797194512,-44.180511248394666,37.766498971669073,58.580424428956064,-70.474786156771174,-14.441612699473719,32.811252982765893,-68.577179213578717,8.4417767114197169,65.365496589145963,25.184016114272545,73.529707987710907,-82.836659096569846,5.5531089115645695,-9.6982564047309889,-53.321867207174648,-10.950218320129629,72.752795342745443,-0.9681574250300049,31.692015667429644,81.393638020785474,-1.8280412473574581,-49.961004293599061,37.427714886311101,-28.899865030748998,-26.945301860649906,72.950904403185334,-26.824198956374101,-74.587930987124921,-4.0398017961117061,-65.02504169331317,76.71352893614025,49.617216373727494,83.884547505979498,-81.004740104588421,36.106316091523396,-22.439710322251628,26.407427452364246,-67.575906518650442
3500,-57500,2.0175817167998775,999.99999914261116,193.85048721838081,679.2628269495973,65.41075336770777,232.63785340569098,156.85481055042104,757.18555840038505,338.85735250126686,372.54198108580755,602.65991545065094,367.02033293789174,253.3243792685455,1.1334580920042754,697.08111814441543,102.91459984871577,527.19020691220385,700.04691932342428,92.014979217018521,388.89631286493909,795.41930011834393,303.88693792259426,869.81051777774553,598.44366920160485,269.47749399063611,808.80319687545364,936.03434033247663,460.34505155197422,12.301265364325218,681.72650112074041,969.62364028932086,274.15847135543572,5.8259967132757993,910.74908513937589,389.14835111101297,832.82421578829724,555.66453827960436,594.55890435414187,415.32250621071859,446.83943816963773,537.9857635858441,880.90573593042063,700.45399163119146,665.82697536256171,779.8341818987434,597.02332018574759,270.45793696737394,228.61242199992117,40.553011555827162,171.70141909357324,187.72623299355303,82.714435787886003,994.1641419092673,196.9812576498739,655.61114044523765,625.58874219483812,347.9842959429979,217.85464460506208,205.95606778574455,533.85782614891491,302.48975252467471,774.16315108436629,949.95069366340408,56.809012705927159,664.06139081131323,805.09621530693846,971.05615440095301,831.4185437148152,517.75457581117212,623.7235164709075,146.68392545181916,748.18244106875306,929.35130807035443,498.62235186741185,813.22672323103745,539.92069679702263,281.52237645780508,855.6543491202608,301.70800841916605,739.62280243422049,73.010870366335411,801.6958476573592,286.61141175265408,808.82713719460867,186.86138454153001,679.9794514995541,665.9520567307444,339.92929249319184,844.26429116587235,480.59830908903928,855.82492192405152,449.04214582838529,719.65716913722179,46.698554939118473,429.36878306197866,680.25237134293241,440.92573111171856,724.1595095578482,586.54665040306259,175.09092351056495,34.802002478919498,-26.098494616951065,-30.734269589901228,-41.368018435563719,-34.150649905754719,42.05573385255709,-66.855070444851307,-9.2158590700259548,55.45585811739037,31.968294430932758,-62.03068907602357,56.568362363057417,14.371240099183524,-42.352739456638595,18.517905582838953,-48.713602359577976,-70.384291675541704,-5.6948131593382136,67.866871916522484,74.587054706712948,-64.382966461939063,71.027047277218713,6.5012639715164315,-82.753855174436723,-55.5190757583376,33.696003227930689,-69.867604545975382,-19.393088678933005,-31.046071514159998,30.525614683228923,-17.080608158713606,-2.860476489131548,64.600946272988651,75.021057550233721,65.925282702917926,-77.12032028539133,-13.39826109916401,28.91040575216503,80.744172329017573,85,-58.206859242120188,-48.058172218291084,1.057516159239742,4.6431823753293378,-8.1215754251377668,-25.825069561396681,-71.838712046393169,-7.9053626045085785,24.041227920712863,-79.194057681576226,17.46795446020198,34.499398062468423,57.7830346046497,33.49212138501872,-73.597073840770079,11.8582989909543,20.627080277939239,78.913724247596832,67.825044910164351,51.155161725321591,-70.335976350119722,55.339747886394093,51.081214670437689,-44.180961173691742,38.027695946079582,-57.709933141583022,-73.760574806994498,48.013576868477401,-2.6603310279988892,-68.580371699760647,3.7800537550941868,48.004955360484033,29.479133776088233,68.286386383438156,-84.190581229247698,5.2814581882976226,-8.6401310563522173,-37.072331366536943,17.623047426726483,81.460978208169436,15.476150316100231,30.481648470041097,22.613865929246487,-36.552322776772606,63.729242490204044,37.342017929778521,-37.398286591823535,-25.675627895172099,72.223973152430489,-34.411230550185941,-70.374739589095498,-7.054481217234347,-61.518915323670825,76.428497290951469,49.439612272394939,80.095112055796349,-80.377891418231883,69.929445242608921,-21.736158887708427,-27.412729842481106,50.093461745134064
13900,-63800,2.0225653090760742,977.74173516758412,21.093534395751234,304.31087135483784,37.52582430757294,198.01050470439924,108.01216156635024,164.13129390569031,15.551124794978655,374.0976612195123,602.52170667078269,376.09689562794784,97.355782079496066,47.088583516281176,604.82005676279482,105.10452573430646,611.93022862269322,488.24809425539718,91.540205342536993,389.25799854563627,859.09831062369244,545.51484124571687,908.57280953956229,215.32323380210872,266.67900593082794,870.19431516982002,85.25062438676197,442.6412063011843,58.290953366345093,691.67788561584098,248.33924198952769,695.99487162422463,685.06006201162063,946.58076815662798,289.27230931301426,816.44188103544013,603.54988776078949,913.39202980529944,937.33312146615651,422.37033790008513,528.06664513138946,810.85703153045131,668.66490490673368,629.2451545777534,389.08380874253248,597.66422856951988,272.27206810724721,194.48058323092016,333.08663053116277,170.72266988642474,570.21572801962293,45.399799869929993,833.2803909466071,190.61572950859571,657.34062522245972,884.03697142671604,348.22341155615055,210.20660784653961,949.73396941257181,875.5556720075565,274.48731038974063,772.17149649181556,3.0928829380912695,626.73970188804378,293.31880641281316,138.85454020068545,821.96444540535288,913.01874628201801,488.18695638369348,768.62097682216051,138.41937799541762,750.65251147929553,633.28441079988102,460.72778563583893,828.0226433982474,553.53851520578473,280.38748643464317,799.10846488570189,290.29759959827982,642.14434591974873,579.95461543053716,796.68996541831427,43.08838063049356,41.470974755716298,189.00628025708878,740.34783051011027,667.70171138464082,384.75073988412896,132.57194826009996,455.81428217315624,887.06659549280369,486.4162226885,781.34250227278767,755.47876649217881,792.16019809030797,663.58796206680222,448.15052037298119,723.61818509190277,579.21763351505479,192.89533233839134,52.08058290866208,-31.401206248903335,-34.655153302281676,-37.632718860662031,-34.096444466913383,49.822812911849297,-74.359618304111208,-73.051464857934718,-5.0350768387531621,28.195217128017543,-76.702229660309015,-50.048580750585018,7.6021894732067636,-44.072315940768803,21.446456677065296,-50.390668895582387,-1.3966419887928154,32.354999347965332,64.764621247123713,-34.78428485038603,-1.4722936580085104,25.730343553411014,-45.708588819727922,-78.585605123608104,-55.395432934227131,29.105847291338044,-69.952831401721866,39.82007709194859,29.947704755253348,19.188734082354898,-17.670410004963269,-2.210946302129245,58.987345332121386,76.641313830301641,52.355443211116111,-77.224786515106331,16.819918737081185,28.239330745567191,80.681541129549899,84.276958927128575,-58.616135766158976,53.219823211772109,44.307047237697795,5.1931962977298776,-17.645376985109387,-48.791792594629172,-76.447976600943434,-21.76582504917911,27.781071277891762,-15.357382931223963,16.787792912446324,-6.6248287474909819,60.91679585142959,34.101710963799121,15.037975766820928,-0.52355113589815239,16.500061156956104,74.766113805063995,55.571697093044747,52.409291170318937,60.767172373846314,60.275299054488663,-36.747481853996796,-49.911618785055744,5.1282364022179046,-82.794052428615032,-66.646878975617923,41.866208110761569,36.170526036685359,-68.619715260884888,-1.1434446040904287,46.030118863967751,25.782329347962033,71.262514965985105,-81.991791859541323,5.2781207154676757,-8.2735792202686138,-53.086008891018338,17.427194384012608,81.213921931402467,34.46959112994378,29.897809609149693,28.510978690765,-2.9126253999490612,-51.888223585391557,40.850293541598035,-35.904858279287652,-44.405922618369445,71.559268878909322,-30.623164852492359,-69.07103359908271,-4.300874940449539,-69.914617415706431,33.739359288540783,51.282511914508625,76.050153281921538,-82.449968766082748,37.541384132953354,-12.147173852714358,-23.919321795334223,50.375318097421157
700,-36900,2.0213961411432018,1000,193.54621573128523,676.61812964690239,72.731911185452034,216.52284227891215,104.20750327879307,753.5346138745831,30.886054558285519,368.24334289810872,604.85561317000099,368.06658564300693,138.37078181611813,291.08337226551708,321.63035432835795,113.69335005885884,526.85568201418153,486.87287753049378,92.065752796936422,388.89311554099032,858.58359541312473,320.31350148234742,872.36228398407809,569.04885363552853,267.65935138206618,843.38902443375616,81.392873407859327,455.69014017597914,822.63192976791254,866.14341015309981,160.17289726957387,665.79500891556324,120.28235390366939,864.88240704971179,342.08292481010216,811.93261656189895,546.39438857313439,889.84126090994346,406.74245167446389,403.9740900472583,544.7608792931893,805.35770618414995,303.28161289380654,663.76784820639,385.66702283664739,598.20419950365022,260.19647313069271,215.37028988822684,111.40736802544903,164.98168988618625,573.84699038722351,51.640642057498404,269.09542126859481,189.16513389901135,657.51897893819125,885.34872445875362,348.94411735209871,210.80172033486204,884.63924211881977,889.08187853900699,270.28073588353442,787.67430401646345,109.8072230233671,54.706678837331715,465.33240135456026,804.47468357426249,895.27279309988637,945.64137934707912,530.12176619198272,623.32131732194398,137.77099261189494,748.32081236602778,631.65250713665966,459.45385564690264,814.04487232541726,138.45475339214383,311.296021177471,805.25436857380225,296.44752244441463,766.00044837858013,563.78155704324445,799.18459156594167,346.49644794084577,263.32851491407541,186.65499812211715,725.40085626664586,677.05904776617376,422.59210455763593,808.19190057846504,456.84788750549626,826.29024259127004,481.89382422694376,722.101677366427,9.2199992098545653,396.52783331865277,802.32816155277271,431.88046528471,707.99916181724143,587.39953238027067,243.52735611513623,66.214487931088058,-17.164422703905423,-30.262566855213699,-40.894203398005999,-33.80362023861565,50.759306236322594,8.6378604133604906,-73.334030075713116,54.453299867894891,32.084779361652117,-76.893931769991241,62.145223901724783,14.930162936113927,-42.555102927432536,21.689608980998237,-48.62804717963369,-56.144129789477361,-12.379670783594264,67.918163728571017,-25.748410643541298,-65.607420297906685,23.971906731049401,10.948951707070723,-84.731473093440371,-23.936534987554801,29.02803773671468,-70.718477042308194,-63.027139052712045,-24.763692463573893,46.468801325539943,-17.637781776903378,-2.4838083817505443,-5.3215409424945079,76.534183419316065,49.685892966940152,-83.309755323614937,18.096927382999191,28.735974526842774,80.711068536549433,85,-62.328886661596819,66.988501061193347,52.74676325140981,4.6405519959261081,-7.3833688435122724,-26.733675039636079,-20.848509305752895,-11.944867041517563,72.917153996637836,-81.696290091362087,17.133234243124718,4.5006531304953104,61.681998090090254,35.057053345585736,5.0364504357465609,15.347005680143003,16.764586001309819,81.05373927936742,31.783183608677717,52.328218083236941,-69.615833452608427,-15.952150719367431,-82.480555797194512,-44.180511248394666,37.766498971669073,58.580424428956064,-70.474786156771174,-14.441612699473719,32.811252982765893,-68.577179213578717,8.4417767114197169,65.365496589145963,25.184016114272545,73.529707987710907,-82.836659096569846,5.5531089115645695,-9.6982564047309889,-53.321867207174648,-10.950218320129629,72.752795342745443,-0.9681574250300049,31.692015667429644,81.393638020785474,-1.8280412473574581,-49.961004293599061,37.427714886311101,-28.899865030748998,-26.945301860649906,72.950904403185334,-26.824198956374101,-74.587930987124921,-4.0398017961117061,-65.02504169331317,76.71352893614025,49.622661589531617,83.884547505979498,-81.004740104588421,36.106316091523396,-22.439710322251628,26.407427452364246,-67.575906518650442
56400,-68500,2.0229870206874421,224.80622298732951,18.529396106911364,698.94194805375719,66.414738924598552,155.19217757422285,134.22828664431151,244.25472695278671,109.30872019479796,372.66459434473876,616.57862214587942,154.94136176034331,162.11727355724776,71.803021279040152,250.02661023638279,314.59875215213236,508.49565587249344,531.4073100376238,495.04710926828164,423.60725309680242,849.38064587304325,328.00299138525838,919.05455261263933,525.01851829085172,262.15338132100771,845.67005091499959,75.096755047881913,434.53349591692825,51.949904788269919,695.26561636277438,128.61279625389599,260.99856299956792,809.05089254643042,928.038339750011,349.8343073278736,833.23006552000379,553.08510416446745,460.16676928404286,993.3132148280672,424.95680657709795,468.58662502356771,522.96596087939508,690.64694964448393,657.21975749093838,342.55902735685243,594.24560488455836,276.82201436016135,168.43083129107549,332.28571527045551,177.62550935846232,61.915945517331409,35.303327846610358,799.77932148674074,203.1178670764495,656.30199403656809,651.39669126515389,351.4352047134625,211.03319820986039,868.42174735349886,521.93759273496175,274.23435696237846,450.03611568620488,36.385768689666548,55.473427841426741,261.73190319607176,794.24358227556468,911.93573389181631,522.68223325085887,488.0653449613738,637.76977399060706,164.29898662588025,831.1177094843016,929.29567288330099,467.90228011726333,825.31908365641368,527.74262961339798,275.23651641436027,802.33227438526194,302.51266074362428,744.5271117657536,621.0586698925415,799.03191327042794,286.05183421851825,189.97727727376142,186.84077818148083,663.94929488086802,683.37634368104034,424.71006676781144,779.66482950810166,454.83441712456869,824.34363629196139,457.43320563011247,724.72273173179894,0.81697400468923664,716.28641757756645,660.04434039017815,408.08809151585569,722.66028770432729,565.95091930499132,193.5111689022381,190.08178258276331,-31.101036074034752,-29.406535201369802,-36.476570889530173,-34.201778593867516,40.477546445801444,22.497753708084716,-74.380024547166514,59.767317025358729,27.528899278948387,-68.739649422036891,66.921134180002753,10.384833708344736,-32.867072474013447,24.505347542358862,-51.660171662226418,-12.307168818403934,-11.147085165158957,67.621884918181024,72.274941884336585,32.020754269185538,68.542402007723254,-41.785474061833803,-84.746789673290806,-55.591211822415517,27.744938385173988,-74.586303758617802,-10.426034080007252,-23.06993486799789,40.562136501943399,-17.584603805803809,-9.076682104332404,-8.1116136330469963,76.973806566624305,50.347087983773591,-72.586452681511105,-18.948850909162257,23.478159454890186,83.762645940398556,80.698792952164055,-62.072804665428102,-64.974439475636814,46.044359966289818,10.054065769930517,-9.419130382739743,-49.002064385770112,-72.973258434889075,-9.0509737186395203,26.73947842521158,-84.386639389465856,14.554773073129526,-3.5008275729383054,61.104511584829609,35.003471389058546,-81.603669883628498,12.957260340233807,20.921710067742616,7.2411751893442045,32.801436903878709,53.795957636794505,43.095809926845369,72.130135734681929,-17.47922240539976,-53.137431472796308,2.7864173189749013,-65.946125923712842,-69.827367966828689,51.939633276604397,-13.607532490202649,-68.598678610925603,1.9885264063841923,64.845944113457847,-43.53428526180047,61.507063700771376,-84.007756897521276,1.2526777458562925,-9.7732920283355078,-37.296539440003045,-4.83809627408883,81.935818850783193,5.7626047188454059,30.258189866110566,81.378880120801952,-2.4034689773635627,-44.246121361251895,39.605320027795408,-39.268270200279723,-24.499728723971309,64.282469566254719,-27.733403099407337,-63.713448555029125,-7.1696570608713577,-60.385716308445353,26.786512549560769,51.303363760423466,-51.307881930475318,-72.253786379103403,37.109358634976836,-49.772920206347891,30.820199341116798,46.730881881501652
40500,-66500,2.0219690420855838,408.03645062776081,188.9985764512011,661.19948934865204,72.954480754228754,153.77500083515602,132.06741563104811,753.16887923761271,89.324323935676247,368.36631396366909,602.83446373685808,356.69326507751725,164.64671703439234,319.58999992839273,607.67747948556803,111.33453350928185,525.01523584898837,491.67262771062019,88.77086913530384,390.98242782671207,858.44409853536263,312.35888224319581,908.49055962971067,564.00676812915322,267.89084395323465,871.0760107659047,607.15413505263621,429.59825120327298,847.15797279275944,701.53364807202797,957.59027070458637,702.19433564944063,141.96465653789403,967.47837616782101,319.47562174845172,811.82519503218566,480.86029408273248,458.54829178663044,418.44257009490201,429.72178489090362,672.88041394658023,804.1851038997803,690.18032845221273,636.58148381536637,751.08830103868615,593.50869385685883,272.38977471552192,213.1501049736398,111.22348896458595,165.03523034134551,87.325542123498053,43.60419477096076,231.69686742913473,196.2676442507979,625.76573458824714,633.64230779763841,348.84686717164834,183.74479076886649,58.050322950079305,877.51188127020828,269.15331441185594,503.61143580629994,84.471807336609899,10.108360388555202,466.85490982933152,792.69200280627899,814.40314977269406,968.87589123668499,544.04672669151478,628.59637311725771,137.76719368081334,748.8254850342272,926.65949473600006,453.9265432994016,821.13546697692277,190.7937487799708,268.11521640739863,804.08732971945255,320.68706723682101,756.61822544196514,20.710449309827311,799.14437518496482,40.911754464439689,265.58272931114305,186.49263285744786,725.40011911578142,676.74812595588196,372.87125614471711,808.61937903918601,456.74406030271894,826.2071615382298,484.87630301741768,722.07853159903971,3.6960153822235076,382.00791676911706,811.17989508498579,457.3265190703334,832.36665260326663,587.43215092413084,230.30113633565742,191.03397182820927,-31.322478985511211,-30.228736261666157,-43.455830320087699,-34.885111028489703,41.974689887765145,-61.98359403938403,20.431993259625898,52.855351644511742,31.964460169553963,-76.404239809301259,66.662990838079807,15.053837377065678,-42.559639035898343,21.63684329983948,-51.661445610043657,-57.472985195721868,-12.418782779603195,67.869154715860674,-53.589100277685922,-69.546871551068165,24.504242383485849,12.269376628394909,-84.715142518165734,-23.87216836352075,28.847008126939571,-70.193533272166661,-61.454042273700352,-24.727315940956665,43.45821831801058,-8.8891696615617111,-2.1341101625487746,61.025687413818922,76.663076155981017,53.204877901772825,-80.740958670972105,-8.6146696927538891,28.817560279511881,80.710462080770398,77.923524418827697,-58.511884902883686,-55.434725952929767,44.601552302607928,-11.562860753290586,85,-24.620063127429365,-67.716572127177571,56.883813902799254,73.410633950752839,-81.643937651840062,17.13445912340261,28.352626895038842,61.566701707709534,35.05007221046997,22.530091790375987,14.811445623663072,16.763601218729718,74.14092850714826,33.640537248489665,51.532023941675369,-69.677144232675559,-16.020795271885632,-82.46923303064294,-49.961863831360937,39.628655333929238,-55.167024430105258,-72.093151060486974,-14.390272119465539,-17.142050291578933,-68.577975721667343,-51.980770950532708,-14.710600176786922,17.431299092758035,73.546662941951084,-84.124525209056713,6.2597194007860706,-9.9792939621735535,-35.492057961537533,16.954162195231607,81.841644569595289,-3.9227671276314364,29.013832651318769,75.196075170455345,-2.089914636204933,-44.204919429508415,37.541433966554145,-29.201861583411421,-26.563378939917737,65.201877661587659,-26.530434011306355,-74.749082838143352,-3.9952022418860205,-61.530282546332934,73.634690703701239,52.836592540954818,83.786843393339211,-78.850556192754567,36.054921587139745,-12.640670637228038,-27.448288745881264,48.02372696750281
12100,-63400,2.0222200061802127,1000,23.878638923300656,304.596475055734,65.823466637484671,816.60448656948847,107.93293646103575,755.00529065259889,103.97898637591187,374.14517584485975,602.51583478653492,376.69511459773992,281.18627324419884,323.51136491105365,264.96619233257337,109.36396771003628,508.84892310033518,535.40745761115784,91.057340951021104,389.25082568582951,500.81709484896987,545.47135578071766,909.17915887307333,565.64458210119483,266.68597050169751,872.19250414645035,85.244226174190302,79.711853658158475,826.06844793344408,694.89297961160128,998.68088057049476,258.10451493453661,693.51446018023182,803.17130214947656,284.97032599919874,816.62144686455099,939.9179240119571,915.55635327204038,936.6035034440356,410.97762467460973,509.21593488456847,811.55849419931371,219.24052093153685,629.76023369132179,389.27226427500727,597.11369407874099,274.70658248497375,231.18646225177523,333.14734443301592,170.4913850109503,527.25293764215724,45.078600346673923,673.15692016415153,198.44331248865089,627.66362556717957,870.29707506670968,350.6367445865182,210.29615037034182,905.15231851795477,891.32349110817552,274.94783187438594,772.0946487910212,3.2733059858416595,53.060913793386803,677.51640696860022,28.314455669146071,822.77479423654654,913.02389219068573,486.7673461308886,650.47367839624735,138.23129089498281,735.38986371153544,910.42533015045058,543.2597218338102,826.6225363316513,553.19283721368993,13.833706065611636,799.10722994360458,290.1097796444451,642.14182104355359,80.091822570127206,801.75921649619386,43.294495720350092,42.675612543603748,189.10922089507017,740.31305791660793,667.91138327656347,425.19900848390125,118.91724890504037,457.22760793526123,826.22882687834965,484.9831337939529,780.71852615728642,16.398886032039798,792.19453668260371,665.33154969404995,447.22876596991603,723.62297350196866,580.07102474594376,192.89151204854352,49.81963964726021,-31.157610597971395,-38.99575883924139,-33.747018558178119,-34.084213099649865,42.190565801681323,-67.104136048269353,19.047455604840014,-19.239411294071179,27.315255925593398,-78.048605766314012,-49.409442071071915,64.862100891419615,-43.909039903630735,21.635568023337875,-3.1650417998719718,-69.633466993851385,31.914040960689277,64.763204411522324,-38.578476892467265,34.031340067383169,25.661708891200881,12.782580238548505,-81.61899500279678,-26.555140178327786,29.06340072631647,-80.099742500491018,43.274990247748363,29.615133178836693,-61.261652421753148,-16.337091866770415,-2.2710423459131497,59.327356602676502,76.6239497165665,55.018999226481078,-80.079777800423173,17.419550547975845,28.240243639818157,80.748916377484193,82.123192032019773,-60.961235758104749,54.838943006145072,44.245138827213935,5.196250850656245,-17.900062478245996,-27.016531397395088,-77.957944944775733,-10.69386882626632,26.711883692517123,-15.576380770990575,17.135300583091734,-6.6289728864079329,60.916631874982748,34.99727404931285,16.574398056292086,-0.51894823395164646,21.460092568812961,75.632615266409772,57.362092670979109,52.399122578897035,-77.367088827796792,60.554867152519911,-36.767715319124598,-49.665861445692087,39.184010875214966,-82.070009454527181,-66.492293986598852,44.788989833371993,41.391701813725803,-68.620039828488956,-1.1436929416604771,46.848956305337104,25.908164784669285,-25.769467001584616,-81.997382154841191,5.1950257324362745,-7.3451901206252774,-37.810714970610235,-1.3617204789859731,81.21112753157027,34.539086440985415,29.985788702823896,28.300368546554818,-2.9642387480820389,-46.029954979003556,39.614624136964849,-36.198469004654903,-44.417409667623666,67.115792973757962,-30.667282443240477,-69.900245618972235,-4.3034294255773258,-69.702191158695811,33.264353445234576,51.294282270865381,85,-82.449947571644799,37.002500536387977,39.431110348170883,-24.42389361451243,38.546129630993356
1500,-47300,2.0176217444908855,999.96263825053791,193.14303469466699,377.4842371131507,72.788007131164392,142.37498655020698,133.707373009332,800.63933255364566,33.074098903929865,373.97765723746448,602.60420560361865,380.20484896254652,247.42265432346778,326.53528529807738,701.64661197579096,103.77074976066019,528.35055312893871,533.82373369856498,92.367150026874398,388.84932620529798,861.14031923155767,325.98390048978695,923.68916919990215,555.76823867273959,269.47465551367117,871.8683817762942,81.376959152446716,455.84375327390978,857.86611390525911,854.50300873271487,962.89528081323306,118.14835913929255,706.43744393220572,923.71212039509669,341.59012944473204,812.14603772472401,466.19442034155225,586.03772025104638,443.09502478382365,410.92519242846032,465.58168157781967,836.35637184616428,704.77364919589263,671.781179968223,393.08068490227271,598.19769803209817,271.10956852966666,230.58556662876464,112.31372930997742,180.08879865427789,195.50659876355942,82.682682569862592,268.1047164294543,189.05408100690804,654.47500466243332,880.59475615302165,351.60804931038388,210.58345931484334,47.518127208997328,890.47517418011489,268.06178126504966,759.84474811553719,108.28678388218211,82.272247644407827,465.39377741837251,820.67784229932226,534.5274544213454,918.04747022783545,486.81655711442312,640.78472332473336,138.20861025640869,748.29607334657737,925.53130862583748,459.49598548384023,813.66237613875012,135.96104038099045,281.36378965821183,797.81207878583484,301.90420506789627,766.4800440353672,83.918158399899966,799.11042574070757,351.12225745859945,176.33902992599977,185.08824857212855,680.03656491672609,667.63819343875696,326.22028478798649,725.97390397937545,478.59015511968641,821.66998062499135,450.06890162540537,721.67952374451704,12.371600738661744,792.42079659327828,681.29261037270362,462.61407282615033,835.40103538136304,586.65297304031787,174.93708058241012,36.189045237500167,-21.686313329399251,-32.121594828729165,-41.38726079940102,-33.801330766049148,49.549640955610158,-70.623591086425691,-8.2306996949541897,55.434942209679129,30.530828884518318,-61.43514887265183,-48.594183525260171,12.995052917331472,-43.072816708398996,18.4310504084347,-50.150135211928642,3.6422604875029592,-9.2231682580022962,64.79160019968478,72.280180652356322,-63.293884120990889,72.047953856055557,12.061083244618173,-81.58921863149989,-57.801860665794891,33.390599917261895,-70.753357523101471,-24.240350526855661,-22.69991735742915,46.308405061857414,-17.062863393328886,-2.8485748425951454,64.51905338761452,75.026105698378174,51.037065829090281,-18.7496428216885,16.471897349969328,28.902376513501473,80.811085254610717,84.999844943190993,-58.122004842536498,-64.416809663830662,53.886711347799363,5.075205119303579,-12.633785799518813,-28.126838284972219,-73.545794235268559,61.991479047492248,23.853165984581846,-81.733162489184764,16.397210930005553,4.4505869026230434,61.660336683223271,33.499004316413973,5.4191303020232127,-2.5033636541228077,21.697845569504349,79.006809719450189,-6.1370816340455896,51.989320088177053,-70.323732357274238,63.870019489712881,-79.153254362542299,-49.306872207267794,37.65940768800359,-74.126969455820941,-73.672306543049729,46.979654569303669,30.827154561836604,-68.622547329687464,2.6368664412881841,65.502322585946217,23.355414477225818,65.66572448590442,-81.994590562546279,5.2760698048331305,-9.6998124812816755,-53.28141746901489,-11.72627885426329,72.666085391612839,-0.93297899058438505,31.779044969055448,22.822829530412996,-1.242167356713084,-44.050399945128461,37.429867451519314,-28.896952587103062,-26.54382836145815,65.559186578359771,-33.270634401946346,-77.629234670918393,-7.0073500082961324,-61.759795445093395,82.893471917579717,49.440348523662443,80.134116602958187,-80.405446236552507,39.478094371096986,-7.1348469450012715,-27.723332332920723,48.138504195544613
18500,-64300,2.0579607233796597,909.14732917448669,6.2976385296899906,342.82722853034551,56.797585047918119,796.04504682779827,138.52775898084315,497.13939057483788,335.69813647733628,469.80588680484061,604.37854660448852,369.48445621534739,157.18683165836032,96.808648365359105,329.79749543701388,80.869838376745236,620.22441248774601,521.06507096754513,75.246785880630384,386.61807571987993,848.40790460909557,507.26201702419166,909.06522135099806,566.24466365173123,265.34972355013775,845.14075050528209,873.87023585216753,112.58356859112831,24.708768023423701,772.56679715570021,999.20253511583621,178.63763259270064,781.33549614483525,936.3381775494496,304.55324198291646,848.55410753928766,520.89170123796202,412.2982514218902,984.37420610954177,416.98113065929834,458.40527511726401,874.63973924052993,680.28883988694679,665.60963287908737,344.91915888290026,593.83153575726351,258.43947330317457,191.8364487841167,98.541864012999241,164.75702199758859,190.99398058155711,36.512686219517931,752.39489579311476,190.43808359828773,656.52847491015973,633.53761101956036,364.874580149488,211.20597610918395,764.68522798844833,875.67496760955555,267.66155702355127,783.25041432433329,891.09268543839084,14.292055779033774,393.15132233391046,796.13065862470262,898.47041472634351,953.33993894916262,490.30680797066418,646.71457332824968,140.10968849609915,748.4973400671048,633.57665122640435,458.89563193761825,812.36898818131658,182.78731252817786,301.76365701962823,820.09937826345003,291.24414280137051,775.15105739416163,88.924608085740658,799.07832806721945,280.50065937954514,171.97414537963994,187.30655637381855,743.39838003387342,678.43051299896615,330.43557512637551,24.798397131679046,480.78121728739364,824.39384128207519,103.49516767664448,721.38644119048877,3.8305535856605957,749.37134712778413,802.84186599248062,418.92687143196747,724.48684728288163,547.82039150703577,193.78536512553839,194.96385862301037,-31.390227104885636,-37.714643137270855,-36.121640677680325,-34.272897263535626,59.605296427724085,-0.083821106964677483,23.33268439872009,50.302517121102021,22.782098361379727,-62.991638847437862,49.795122541626924,12.03855878619675,-43.717523293653016,19.452482775317407,-49.322656073001717,-1.0297748296768501,-10.963600529389051,59.817595902631354,-39.386428000272275,-60.611851908565569,29.275894549219732,6.3872309311552407,-84.854658734987538,-55.441637683683936,25.359006393120396,-74.473691461976415,-64.44874427499316,29.246489477439383,-51.053757520516463,-17.600782955050573,0.062707093924119439,67.513154711459691,76.510149136837711,64.738358634349936,-75.96394324706138,-17.828170705019993,22.147921398389947,80.596460459059003,85,-55.541694698840288,60.850687999167853,0.37307235131831362,4.4661328931969813,78.114315000986437,-24.594378212038748,-75.878351264045165,-10.67571742110341,28.046076093766231,-79.149498021551921,16.974107447640083,3.3045086853355237,58.299183014537192,34.944592087965638,-76.923503708189969,-1.1175671100794604,16.829683426137951,76.263561826781014,-7.9480747074447358,53.823091064116667,66.411517238092983,-14.432813742694471,-41.440818311338866,-53.101356372744242,6.7857039581032152,-66.160302584022716,-71.885712190601765,80.899709678483617,39.666726349051906,-68.483161139949516,2.0490781775319262,63.182624922733879,-66.323858266843231,9.1201709470759695,-84.114968091831471,5.4091912969642637,-8.5033628084380251,-35.864058319751905,17.321085148912491,81.264082068648122,0.69328671906328232,30.795086704133741,81.698389986207644,-33.532333022378936,-43.786286323362688,37.414199010509137,-38.671507745953555,-27.336306856257348,67.027958281348745,-31.465182248824682,-67.634945364009909,-4.5076492340502003,-61.065431575983069,29.823403381831419,48.895579293429542,74.756402581203417,-72.619227189615415,37.023922590371143,37.711527861677439,-28.872216561819464,49.422659741380102
3300,-56700,2.0175812259804062,1000,193.92022914051421,678.25218651067803,65.280030584523985,225.57560277181256,104.53125511686352,757.33920267687836,58.66663414041944,372.90670409924968,604.58266224214401,367.27920696115552,285.4167034726907,0.779379657913987,697.12614268576749,81.415013628102258,526.65440531501167,706.14161470018234,71.961163612235225,388.89604058634694,841.84719155389985,326.02282140046668,868.90547144614891,599.89075908873406,261.11844235258917,809.94001681617397,944.32232443044347,484.72775158277034,12.601084570233411,685.07309826739868,976.48362647170791,277.27086526360495,25.068701500332907,879.45117569617526,319.16198421239795,832.362072473073,556.36289211351448,596.99751161739823,415.02451991328616,447.68225074426124,539.07523920079961,804.2148360363966,669.42928327290906,663.90929801802884,769.38511455578544,597.02070953736143,259.84853875242771,166.61464801471814,39.899905930545557,171.68060056907234,545.6109915996708,49.484476955697247,948.92390200072873,196.74916660517073,655.61465126400799,868.18050443438995,348.12283811527868,212.26350638377309,208.61867842717083,560.65725080065852,302.75577802221983,785.98553767593216,966.04855770472295,55.693350988152673,661.89692078720032,806.60468005487144,950.55044194915388,828.16869677267152,517.74132915204268,623.63644458501165,293.98214961494182,748.66957471534261,940.11215270999014,546.48358072313079,826.59071172338133,539.89245366607076,327.70014814756115,855.60554971673912,300.46787752356698,774.25021574312075,72.406695452089139,799.06147579313665,277.50136455549227,812.69655075684909,186.98202993005103,721.75442347831904,677.0383446910987,429.4923664690541,810.99424914700512,480.60620940518021,826.27492578739088,454.2034524659615,722.13793700877761,41.464942739082559,420.16251372224065,660.62015346487101,440.83263555788125,724.12364470156137,579.71453347154954,192.52851755609908,81.194130457346574,-25.627521842390003,-30.968971488703463,36.045072161056041,-35.505796052230799,42.046510980889707,-66.979606290005847,15.491226074194067,57.730046796994351,20.372901703205265,-61.596145181822124,54.971487755181798,14.353966762377969,-42.356332540126594,18.498263307752506,-48.58134162260373,-12.038720823872243,-5.5999334118571866,67.786083476725935,65.559236148709161,-64.836798031871325,-43.069535184845407,6.7099317915180663,-82.81319517004782,-55.517871163588367,30.045324935957552,-69.576679248190729,-23.857104760569499,-30.59102918278683,40.301396238468186,-16.693974051534031,-2.3961824005930503,61.996736051264918,76.435938000572392,66.440587040456307,-77.118353013632543,16.617252474733,28.875236914641295,80.749237662749138,80.34462517177478,-58.559942713823759,-47.782231379742228,5.855948296023314,4.6267748284466128,77.630836260549671,-25.818420318215836,-71.707396261212182,-9.9830851168529122,24.039185880652461,-83.046052813379077,17.131061264971301,34.717270207057396,58.245967913556107,36.115425879018133,30.681589788951555,12.105915037009579,20.617837673803059,64.658383586635182,67.777506915128953,51.106770666529734,-69.535308075811457,47.041612856685035,-41.263394849864156,-44.17905175796912,37.990027925114504,-58.32103410585681,-74.073740308160708,-16.053794758739279,-2.6031391221644666,-68.502491907395083,-56.987875087347902,48.016066325383932,29.532808597417088,58.783009032000528,-84.119778541367879,4.9924004117931666,-16.057760316234699,-36.967531477202776,17.998641756627212,81.460622368098356,15.180950844153974,29.048682742933966,81.959921526431444,-36.706362291134937,-43.181292007427949,38.627856504061711,-37.516113352494862,-25.677476652687339,72.020540998640442,-34.419301448987035,-74.713071217081094,-4.1132490175817216,-56.209284617698586,76.24420307510006,49.59830895271967,84.630761734951733,-73.065100350370088,36.097987581867272,-22.053659816931543,-27.641833460369561,-83.03847133086083
1600,-47900,2.0180326953535443,1000,191.23549899189678,679.07466641020858,74.058249029381543,156.90869430395236,105.17101717003122,538.4114701359706,73.919167312079367,465.59831480515095,603.22260012462391,380.15821397400151,248.73326476684562,324.96338982581011,324.41041197438881,84.294847382386905,503.19279662880876,508.66227412374667,92.347942743977853,398.95332833254372,508.55975894674395,302.60554690453898,868.22509270829482,602.35650505713363,267.66848051114215,845.37119280129275,905.41966902576542,460.73639104537756,827.15119936121096,815.92971094662744,976.79649462840075,101.63935546956139,665.83164367882205,911.38807956412757,394.90424898249461,831.71161167083767,555.85126147608958,589.84862957196037,442.25369597922059,411.10964239573025,536.67073355185755,810.65370354723655,700.46617588834863,429.53258929859612,375.50188954183568,597.17451558301457,270.95808767697775,231.20183669463472,106.06841600179719,180.28738677113,197.23369206015661,81.540549145964448,246.56975070863359,196.47901822628319,624.96314642498294,890.17935111728616,349.29266751758098,199.11603465338089,50.075901581945828,548.94030373584587,269.19893190438825,805.07380329183673,7.7419111475683167,52.518141535250351,483.92398549366033,888.75786586484355,521.3403818243396,913.85636652896778,484.88167476999973,611.89851358592659,138.0814764604595,748.48212016895241,651.91094867777531,535.86452715024257,813.50951921187573,537.89563916758812,264.07683360829418,853.72771274652973,279.60209383545333,739.56932031113729,93.136390235329856,799.15356109435697,45.155869544218298,778.84145130258685,187.74314007674297,677.24753273423698,667.87719468901037,374.91060930052817,821.1762052890324,457.25299553152524,855.64781667469629,482.16640384550914,722.73635411561531,13.898359318327191,788.80721572611947,816.58513193424915,108.21016182175975,721.54593469109614,579.86053880350767,174.9146737459759,34.82466117104488,-21.977113474368476,-31.02906088697258,-42.555188473016116,-34.678308515687426,41.842218298401079,-66.876990002413422,-7.9529984995714686,57.782571098885555,32.636491133756508,-77.986108075140635,63.669578172213775,7.2252562703801555,-42.396236408904308,18.424754437134233,-48.589992371466693,-69.630709227227996,-4.1961689140442662,67.77124615892204,74.056804133775984,-64.250057826585063,74.482619616796597,14.945287297072545,-81.573913713161161,-55.878149460542836,28.593595999215683,-69.85548643580438,-64.959113435109387,-27.1167959487248,30.942527633855782,-17.116086316631808,-2.4802340324106118,-0.50303848784103522,75.035449463496207,49.131958540795935,8.4700485744736014,-12.21201532866619,28.9111540914082,80.773713337408267,85,-61.925930474334805,-63.355357825811474,2.861439381567211,5.0919260042195003,85,-28.120655961021125,-73.271824548305119,-11.296103740063643,24.008986107169036,-73.387579062637656,17.489930372352763,-1.2611291872958539,57.656266487737874,33.483875473551016,-84.988873647070932,16.179999527832244,16.750652743573106,78.667766093271467,-13.423905467702824,51.988835579668439,-78.792045498106319,-6.5643615482075042,-45.059140631150385,-74.500844869460465,38.413262401219825,66.136233213036761,-72.14114531205,44.93493961182628,-4.1135759513042274,-68.579159605842264,2.7308766812032497,64.639275793197626,31.721252665298032,65.493885260405079,-81.936789622063756,5.4585662725107458,-8.5860624934849472,-35.278188252693049,-4.5860982168159472,81.476138745819298,16.138370900757948,30.501573731381416,21.561296359026709,2.3042686793617455,-47.079033268524327,37.403597050513426,-28.900124985108882,-44.844788371785171,71.492177135021578,-24.838757023581067,-70.35160293397125,-7.0368475445291576,-65.272372686256702,78.196895831839484,49.570885180541012,82.702268981469132,-80.830557262721754,71.620810020668586,-21.90518488385392,-30.267234177089907,50.932374013213675
17200,-64200,2.0230330265215506,923.26116134163692,10.291001314593107,352.19341528850555,56.946502150285504,218.71264757013469,134.05291603638281,773.72731610993105,337.08784359346123,485.47111941786909,604.32742245254201,352.31102330286427,95.351459385923249,351.00344801502047,69.857771508427362,79.981350392184737,529.52744454049332,533.23793415132945,90.897882945038305,388.89071356037022,811.5280150821045,542.04364132539013,922.6720381043699,568.56739926739249,265.33781319732742,871.62724867372197,98.606142939048809,465.27190224737325,703.16726266509443,753.91178425271039,161.15501148282226,232.5203726058208,252.71140954505682,919.81369334110718,341.96830494118251,834.41684443800898,600.36377125420677,466.82935343150717,958.68891093111733,423.84636540750358,460.08073744363531,824.43697169890447,279.64439317927304,657.84482459709147,375.97274837882941,598.20681410377881,272.16467673480457,179.31899292846586,101.84947333866278,883.29575622781522,549.83862628415159,51.589109271224075,828.98544816754372,189.09072195256351,658.0285881726146,624.95492481971576,349.6031868550071,210.95187533688878,935.43999222942466,438.22258347814153,270.33692887542475,767.33533264346613,872.26654369366497,572.8752462427891,303.30962381230097,83.935160016065311,896.72800903036273,942.65501178110594,529.67195638105693,641.82633037899245,140.62764416855526,748.29668901727098,938.31188255653126,459.30974111971068,815.09548555114247,191.98586313614118,274.63689656115491,797.3720021529831,291.97461783321052,765.89757550550473,82.522255166831627,796.88618883861409,349.15801899791347,175.51971978309948,155.78210659704396,739.87261916254158,671.35160386193752,374.43579712699972,718.91395845134412,480.66286848344691,821.72925635622357,484.06727293874178,721.87704016104317,13.059476427193596,788.9892419822072,790.83959107370094,420.21062408414639,724.94829854631826,579.33098167494393,194.31283330805459,44.604773418614769,-31.322212627978097,-37.431746684838664,16.970428925092172,-33.863839694593942,50.6077270213896,5.2195089335367229,-73.633476613463017,54.393278331320637,30.588237165578082,-61.309648113626857,49.316582823381118,13.212535012905327,-43.07369127285552,17.398177955615772,-50.058547755701113,3.9245752029703715,-10.536494035757185,64.720213012355941,-27.436955466306458,-3.557578086771187,74.309640316961335,-44.578084047025762,-84.677471711674812,-23.807907896928882,25.479784722963643,-83.218977189153151,-64.254067321694762,-38.832946844177847,-49.442789553462688,-17.517480059307911,-2.809923780731423,67.286056778007264,77.134716605524019,-26.086973148990449,-17.976521466704632,-20.247045723363485,28.729278260271741,80.80680540628137,71.913528311180173,-62.38898972017747,74.707788980018023,46.107678350847188,9.2437720035237163,-16.403259941724279,-25.818045106204853,-15.787199279236305,-8.931321618268667,23.359407983904095,-82.988319691022355,16.381698357492358,3.4735042584118556,58.39802455934133,34.039918154824733,5.0321132404717872,-2.8434986521341434,16.216167780837392,-26.366748533865934,-9.1012050917381302,52.37215096391855,-81.995483610900152,62.495833397534732,-81.09187415684174,-53.217105958178315,33.054494489169251,-76.40949054174007,-70.476720724048533,47.724850274586778,-10.072544342158679,-68.617105694713601,3.3228811668654856,65.317477175329799,26.17628258114409,72.79924949980925,-82.81169603510844,5.0322592712318386,-9.4158722311398027,-53.697446857427209,-10.638729558674722,72.21338409336316,-1.0170610774831026,31.731593943043173,46.809622988493167,-1.2180974052829041,-45.169036839699871,37.428262314100834,-38.581007851547866,-27.070715532511546,31.285226169464529,-26.857174846720635,-77.68408459703322,-3.2830736844725976,-61.967328288594025,29.794203315355919,49.856536619388976,73.71600044224337,-80.51578150263299,37.105188235458129,-14.176081215900956,27.8871830948789,-75.424675796300448
65900,-69500,2.0525953084678625,65.551069380701534,7.0066730541960078,326.53700839350279,66.994374189823006,154.97819040253452,135.20939556043751,212.53631761105623,109.0960454184828,374.7718913686839,616.39055410779781,363.84047916574565,143.68233002875203,125.89762264883487,243.23054946061055,73.521881234930959,591.68751028611052,521.34692519878479,446.04894516745679,389.19374401692846,854.25799948873532,531.75199193323795,870.73712124708049,562.25826942735625,267.55578904092846,845.67894483619193,99.83121928597933,469.03681754024183,32.118020546769827,849.21953645907342,913.59188638179853,261.01900725121527,777.65304181065835,940.58373448100667,601.96168548622575,819.65385564028156,579.88039093193163,897.8775846371766,997.62589553972623,411.55089332083469,453.36717670589144,825.84230889271498,692.64835010948138,637.32906030859431,370.72280703298878,594.15995377717263,277.38772741389965,100.84031951793764,346.36487466600261,170.97142078832576,597.66597841562134,38.4810235301563,201.1845538054107,192.77649530760698,665.23271364888558,818.82673638508732,345.93488096587691,232.9502163777851,886.8869668232627,898.33492942751286,264.40964273450129,374.0848669327583,34.061313663008661,31.517407146776392,384.82454180189154,864.1797763339456,832.48576319574533,525.11427389210746,542.25849267393176,636.50406873371719,138.34421821873687,727.79279934285023,565.28323230159867,490.36924263961606,787.19585039924732,574.97351634219217,42.27650946789322,802.52414174786179,320.28886854839237,654.02507182833756,610.34998440760853,799.73366136525101,308.20910038050016,290.77769229335411,183.82886037421227,734.34501875346757,638.22998502573466,375.00764193981013,112.61397775457311,456.68094744576661,824.9722514835064,155.83421671272288,741.29527289349016,0.96598824306623332,760.09333400900368,812.9789047157974,410.18225216647772,722.28104724750051,588.94884595124302,194.3334778242513,57.122394359109457,-31.405459061383592,-25.748320032557025,29.968922411174894,-34.410676377459261,42.102099229678714,-64.832021479792147,-73.292877075301035,-10.644663114547068,28.306799929393847,-59.83748952743683,38.61600204437935,10.335577573059393,-44.022707301119496,21.721180267335793,-49.535473540637504,-1.0176678132530572,-12.6513729275102,64.713208599784807,62.063814131265858,37.479891582786145,62.3654668262825,-42.52335558774751,46.577220076028624,-52.531953175921416,30.630458008886396,-74.618016401805932,-70.343116333243657,39.478207423694229,-48.75818833002036,-8.2349293694023622,-2.7950990616265994,60.791542968112587,74.953776186112847,53.202065416635854,-59.343917996573033,-12.850607500873043,23.538923708736792,80.424302752670641,-48.561618683275029,-58.825121861305909,-63.848783463824837,44.440609390513835,5.7945098477378547,-7.2619498416740056,-25.000761561379115,-56.472961677320882,56.108657638987516,23.347245874712925,-71.229713426352021,19.770847339315246,-5.7511062558006563,60.424672050944928,34.978086857811071,20.274550513476601,-3.3343188198566374,16.569482879300097,80.997513837536431,29.661832746139339,53.061533648668018,-79.428352945528175,-23.370387795439477,-11.574425298195642,-49.279490333463691,42.611518234316229,-80.572532765564446,-67.817270033765496,43.156576413810605,-13.651693456564582,-68.585235566935324,-4.4401972812144557,49.458200007879462,18.372674852770203,76.035931241996522,-84.214880466725972,-17.108944575478645,-9.8097966909541991,-34.285813650300256,17.839735139186111,73.975776677050874,-4.0320437886526763,30.157069919221087,81.013573251910756,-2.2072548313466287,-47.007393797307792,37.633282748198774,-36.69498425927938,-26.117750713598973,65.032311895301504,-51.457978243353786,-70.3075129423503,-7.137285607374511,-57.742151650133664,23.664083186964483,48.822322296303248,78.569778182320974,-80.653932636336776,36.045706123010568,-12.449742414776088,26.283740271058086,16.474842577618023
26600,-64900,2.0194656752169284,657.45219998118341,202.48824164386511,336.54002403866497,67.313911421321066,196.68238808727517,135.43440280489298,803.3720642307062,313.11517530625036,373.44503216744044,616.48252847892024,367.88721396061948,143.70407258367413,106.17193504922241,262.42932591296176,111.74563335320565,598.61925687366193,694.2822346699229,436.55129523970675,388.89923932615926,803.48958570081516,308.90543450569436,872.31695046122081,564.31906066504723,262.81861602684796,844.93472030227804,961.71412351777894,449.37857501558466,55.15693434817581,845.45808359971954,988.85279224656256,638.16328288873842,188.41623295443793,848.15399661944139,598.00270310199062,834.6668169069892,580.18531686954896,593.36684673464129,492.7988042818223,412.42887238022644,511.26551519824864,889.76997479740407,690.69377574838302,637.59743459764218,370.69130895282422,593.41761343454834,265.19170122660165,111.96881744182573,302.32972299184468,165.70546153242211,595.51075961475146,38.483073789847204,200.74699341392352,189.73733387614587,624.74099450602489,652.26942364465526,347.42410945330408,221.07717567679117,61.213114167702997,461.08691213174905,263.87033052966041,447.00334208008582,944.9192168011075,186.65920522112219,390.02427690917403,866.22545933162041,892.18976109567916,547.80785154098749,542.2641998974475,635.22549003038262,149.29397297204088,748.59842111215596,633.67325114273024,456.26037108086945,786.51121163922062,642.54737867223525,287.14733816091882,855.89781084655942,320.49740916687153,653.45607495979459,594.77661681105349,799.7364244345107,420.58665150409729,177.57184162569851,183.69930025903835,734.17503187673992,677.33691987997202,380.58161505007951,746.67188013776422,476.58355107898473,825.2415493927341,472.92551892574306,741.32282683984477,118.79038744550007,384.28145670588196,800.95995770633942,414.60387382268499,707.50160519605981,586.35250473657209,188.52677085312973,45.383322659438718,-31.423864391763697,-30.967017716740891,31.602838474200407,-33.285371823075891,42.149529081743466,-2.7293041290216422,-73.831809544896572,56.48491104459233,27.750093121681491,-77.042285982895947,55.97224034154668,9.5520757187524374,-42.355133299658853,22.036484001795856,-50.783065066375322,-0.71305857573917386,-9.3667518500994973,67.877682587303156,-39.678166212232156,39.19821187637416,54.235676147988698,-42.019388113545759,-83.739575779882514,-53.292423002627906,30.759852183755225,-74.670909854540781,-62.142090242973921,40.97353622635228,34.930798425589884,-17.559701628029426,-2.8100455479259687,60.803514275487409,74.976183188046363,50.799184028148915,-76.129885371466685,-19.142643555436127,23.512073421649788,81.12339605996921,80.558029333815355,-59.92834065473734,-63.978870975601396,46.507609766319959,5.2349568729596392,78.125692821868256,-26.037687898583521,-54.421109438734703,-20.608551450515833,25.430595846770647,-82.993783665305443,16.926817844157888,-7.5645124709107137,60.389439583913649,35.074247187591055,-76.480676925006009,-4.8550546745709156,16.864897300559708,79.842724830749802,32.111185367441301,57.940148107305575,-82.933075364079173,52.877482351830636,-74.982725886499267,-49.115890388372407,4.025673240545391,-80.207665384129001,-9.1275655977868162,39.848662989970684,-14.467317121020844,-68.496784664685833,-56.513712004562322,48.915470648092139,23.318708742144143,76.676637127128629,-84.214331335258038,4.6209805025723254,-9.8256445982489335,-34.182414184337297,17.781234706341248,83.435961170075274,-4.4292169864494539,26.960847325131144,76.851940709937963,-0.497399847027026,36.141183569922767,37.474710968996106,-29.188661615994459,-25.313094040404792,49.075396707738598,-52.128403718252372,-77.797606874317808,-1.2059902919841123,-57.101044192738321,76.419662743064549,48.71299106549732,84.738370852041143,-80.878503481713381,36.051094379479864,-10.130029959159586,25.108722519328801,10.791810824001413
53400,-68000,2.0205410908302386,288.49468945533954,6.8574959812784382,333.99258552699251,65.85837929024251,154.0186357287435,135.3083212538661,748.92482887591996,112.69597240649809,393.13077519224373,603.1307236194566,358.90635809816035,148.01763018554959,131.45369095135158,242.14938737483553,65.489642772205485,590.60887458161858,522.65569590717394,78.455363561045672,389.28766580373525,852.5386311254457,531.83563640897876,922.44518275049995,561.80904726387632,267.75265376848972,845.54063977160524,91.419856107286478,104.19568519632728,2.9214703991534288,718.81653733982728,154.24547877809977,244.67593793310635,57.687486927502675,392.20012182170194,327.84426441866526,851.37369056032037,460.01728097242915,888.09720465987448,1000,424.65881681928909,451.03461164038856,897.43377803621286,686.91742509754022,635.90314078617871,370.7304741362895,593.80549192959575,283.15782759867312,173.80922910169033,335.76783493025329,170.53457824720167,600.02914478907508,35.793714716228472,775.75834917648729,193.60386594097724,656.77033976451457,612.20170766050296,719.09949468803495,229.89118646486398,40.081411996572967,915.91924630269784,296.14165007871122,778.35821630255475,21.209945667188549,100.56128918666465,413.44719870508885,9.5753863156405714,953.90104131719147,840.52151238099577,540.81360251312458,764.52555387895973,138.05164113322567,749.17713416161837,951.74466258450491,490.33731112574475,788.28151092324924,193.32764867609816,48.057225879718672,803.14621658075328,299.7040300992785,764.51353255057688,72.112049985967303,801.50851231326362,311.29840451171111,290.91235977204144,182.34033855313396,732.618062735227,680.50586731730436,375.01749402690064,771.30251709126378,483.64876251234796,825.00402849758507,441.1878506819495,725.71169292395598,1.040205762943426,759.97180324424755,655.29338950377098,442.19187072317652,722.21707150888301,587.88725553655695,193.3754074545964,200.94022624266825,-30.977994689452252,-29.018818572349812,-35.389499109823248,-34.217360804363338,50.831151867808678,-64.759108359052362,-70.545025883588096,50.610519107744885,28.520338584078992,-59.644597004217616,67.012228482036022,11.580510043598924,-43.042433024640339,19.174447141076438,-49.778495262280025,-6.4161310403072953,-9.3400592867340286,67.408574268313274,62.334524232061163,33.808879008634882,21.887473270848147,13.252258351208562,27.302460204978157,-54.514028014741378,34.517316175331445,-79.743921492224089,-68.582851283148699,39.940991639980169,-55.42963289465829,-15.442585876731989,-2.1855222571249069,64.671966660323221,74.913581350301655,-9.4744566926688734,-76.622885952852315,-13.730668061558859,20.354196075210311,80.436653905725578,-51.18072416725245,-58.786956009029652,-55.165221984614057,45.870135004618575,4.8811962957864239,-6.6761065455864568,-26.697938070613063,-4.7685994894940791,-10.256874664395008,38.372135784315539,-14.881220773339933,16.845297818448806,-4.8602798342285354,60.430579562884887,34.368139091063583,20.403739427793742,-3.3153143735581136,21.32280082036338,81.404355184001972,29.617083526796467,53.043898780989601,-73.174819168604671,59.435403409723399,-17.306656222952597,-49.285133884355808,5.26957692527942,-53.756230470382263,-67.917952810866637,48.641350143485099,44.381628759514868,-68.585965254300092,-4.2675767846704691,60.026585725073559,20.584479623830582,-20.079848553886322,-84.18595660314827,-16.430824966932239,-8.1693700532064764,-34.287442194883802,18.147314824727527,73.956815707427879,-4.0684790287187234,29.552572943184902,83.062685141958866,-36.516295459749031,-46.089366478508403,39.671063600857408,-52.016032705655959,-25.105800535452566,65.985719830917816,-32.09826364865868,-71.117301749380829,-4.4854434666640062,-61.579316718551347,23.723379328317318,49.438562805774311,73.773317987020391,-81.094200969972064,36.653972317074427,-11.574409356951023,29.370833809729607,52.876381402017081
49400,-67800,2.0220197106573496,360.78196124546093,6.9604217235968076,324.44736017131271,66.534325195605959,152.70422761385879,134.42969523136071,754.85769267719729,131.5128795920956,374.36793749717293,602.9363091168866,158.54217320055957,283.84067557906974,325.86172141542556,265.12307019289744,80.753287316077376,609.68402889208471,707.68775573216863,474.10924357778003,388.89009920175459,849.56285878553672,311.56284566448187,909.20360303659083,563.59821892601622,266.57900963272749,844.12652028705031,64.729455060396219,428.6283864378417,31.405900896031213,698.21195952905725,956.80380411781766,222.62601679698435,781.53418489169405,940.3554672236819,295.58381708575155,832.78468225668018,530.88002074937299,460.31198174881501,354.38211432767935,411.39956665738418,532.53632783537842,818.03341489900208,689.6378833843529,658.48923127366083,370.50296042721072,593.71314220788486,272.48043935800428,193.26765913197551,343.51969901927703,170.6345751216426,77.279428471401815,43.598746829431882,826.77423356728127,188.65367031207907,657.28045752688843,630.68871991490698,359.6701715826826,233.46814726215615,848.67109026715707,894.97944544366158,274.13156819297876,769.65280343258644,84.459439473149217,10.421077596503858,419.74352048916239,793.20024542699707,897.76058459148157,517.368939664045,486.73295326755584,648.44972418563066,139.50014004271529,748.48805782555678,932.43435215691795,514.76874026583698,821.145039912122,187.39979014021711,271.57589024958787,799.77257209345828,307.92552239456779,739.60000783328724,630.84148798036892,799.1447281539879,40.741495328788538,168.93870580256819,187.46214658790967,735.09667678868868,632.29895053183736,372.7292827504524,91.060192372021561,480.78232681908082,820.8729926686716,485.9292504733387,721.26198418894603,3.6135486822492027,751.43083114795866,643.94799616575665,432.9378666233049,724.44006254725571,578.81284832111862,193.80906509274794,194.40100381873918,-31.408443115739587,-29.068732803562146,-33.76449254582819,-34.216364799525607,49.632663706693577,-64.334742091686067,-74.488961084065949,-9.3565841328138326,45.860027862388002,-68.837623383083411,66.687467128821353,8.9262042316330774,-43.000568431034026,19.700322394497821,-51.673396695390636,-1.1895706253902669,-12.394760368642963,67.444742362879722,-54.922165581891846,33.961752118460112,60.471896216907865,-42.499725068945231,-84.927579347488503,-54.359873777113947,30.581855915994119,-74.634722284070904,-65.278822081667499,-31.596603394897816,-49.80900051429478,-8.4757558124645076,-2.1531039826939518,63.486705039588223,74.954557802142006,53.249257122368284,-77.291737910303169,-17.203076421843356,20.341645783370794,83.441736119794726,-48.527826154060897,-58.313745048896891,-74.620176541523989,44.559177930453991,4.9909334750907375,-7.9697919428488424,-24.61502634522466,-75.912399323435125,56.195438107253089,13.827105503689463,-15.55067184088035,17.13448871111785,-5.6201867992332843,60.410908811459159,35.030594309584423,17.413803532363332,-1.1299250491580857,16.867230880186685,75.038533411013788,54.320345245224672,53.409180883411437,-73.787401371305506,59.188336929388633,-15.545397897724804,-53.129302536402164,5.2249324230661145,-54.053174227723424,-66.863267397817594,73.52671896740469,-15.222720642474371,-68.585276477613021,-4.805748064458049,-8.1020795413460718,-46.144481512303287,11.282955632035655,-84.00185228860056,-17.868593796007708,-9.7248882216268235,-36.775432853840783,-7.3111889549520068,74.015382677401163,6.5238164608371649,30.204782177006781,75.039028252005778,-2.11785216402984,-44.116271936927284,39.615633793152647,-36.33353368287527,-26.133601173112901,65.583306485233066,-31.953399301117773,-74.671769857247753,-7.0684451103569339,-61.533187925923194,29.713318313335893,53.01027854992553,78.690258372307412,-73.294332111209187,37.110262416428995,-12.405023904066356,30.826023165539088,16.125981316676345
22900,-64700,2.0241477520830493,824.30431684629627,7.1831343141210207,716.95313018108686,72.36074597507212,185.65602039943741,133.01729562258987,810.76103440098882,315.37661175401513,366.16746283215218,605.06247308911384,351.62853381461093,81.365000169666075,123.04484404416027,709.76461981384591,292.7345076861692,501.58427430890487,692.14632411410514,93.148724740973961,396.05653480027337,811.57936322497824,531.21061254450751,938.32564549235315,546.11799926956917,267.42469060636114,866.85562595644615,612.14482296416099,444.69626999141832,992.43062496657353,177.42323440524882,932.94684342931873,229.20779325136601,788.8199722887673,980.86347317339425,804.96543191903061,832.44705356971338,187.34943031991332,876.66097254766498,422.79691422188125,427.03415356772769,526.5755796435858,852.71960800429781,668.78069465978297,637.51081835271521,378.31444219392586,593.64834398327423,283.84976619924731,208.72356918183874,103.47850947682073,141.80049975606585,549.0850516675622,4.9780700910287319,804.31966882684799,192.45272232232716,652.50559159563431,844.30161209838991,394.3086350460452,208.05139693192046,917.63181674470218,900.97789534538344,246.82453601521343,725.88176026283304,747.66213671039816,703.98857482603535,399.17864005707946,125.49634355143536,886.00662024530891,91.433409264051022,542.53630087773774,782.81996089094321,139.610014646818,754.49354657108609,616.64382429697207,531.50645783525511,815.87846669056023,191.8422707841334,31.403561724935003,797.33759526355459,159.88222362869445,772.94519323030352,134.35166190962377,840.54367402973162,301.5517674281258,22.089207597446674,155.28793021066159,646.68809902512919,678.57725606512543,371.92454683957578,710.23234340197337,458.6177096681979,824.85513074934431,120.49674528763046,721.63330061604552,8.5230028400787496,757.69257154075081,659.59534540851541,459.15977340648789,711.93934997161705,567.13080118200594,230.63099717596373,44.492400345143118,-31.295499678382246,-25.312561744283599,-38.269933353855194,-37.91109246665355,42.612493469554231,-57.778783118548112,-76.620542003018016,56.414777567044297,-27.190545995561585,-61.225405768310495,52.075555601928734,10.680158824672159,-44.09397810795155,26.165179673601759,-49.412730123651848,-4.9747812707885961,-11.493749113940691,67.925458124155668,76.280426689641033,-72.831170116965893,-58.165399380591296,-44.33942088425529,-84.481189450466118,-55.504191880742724,29.335299493734901,6.59051366531952,-25.205248921984715,47.4168263460136,-54.204201196626286,-17.061918682255829,-2.6311134734939863,53.268472046272706,76.611254947539138,-0.57523916876196779,-18.488712731463231,-13.447218994203002,25.104655261717365,80.393053296853594,72.245438954282662,-62.245306829682043,-75.352667594210644,4.6059385619992099,5.8399524051998624,81.914168186582557,-25.762404407114055,-53.432179075662717,-11.083534045051227,28.977274945110572,-16.283582127483253,16.389329262508994,-10.45327364645777,61.546123672609973,29.368488804687352,-80.439352352812691,-3.365813329537378,15.797441788426028,81.013479216404804,61.846534104714578,52.39477232167534,53.420654258942875,-12.683139653533859,50.606046005994429,-52.99602818098915,43.194940468700906,-74.527504218036185,-71.394446308484504,44.859281695424514,39.176327912817669,-68.615731073603783,1.2572674630777172,63.206616262694993,21.1336089301866,69.663869129560041,-84.834426481422781,6.4052340810198585,-10.077787411119722,-35.531290064355694,17.395821134005402,71.951722509278213,0.66156148844514207,30.464024333980017,29.274396803318012,2.5649532739181495,34.608870307246235,37.634588476518175,-34.678149068168175,-44.25523788813355,66.908424171924779,-33.249546288539939,-67.552720573751557,-3.3345676327407063,-57.060539804306828,26.304318776405111,48.867175613464703,73.860438786456868,-73.088391153888963,39.965810351129775,-1.6971699110783822,29.143253388545546,47.564435454981293
22200,-64500,2.0508429828889985,835.19534102087778,7.0908749240496851,334.13051417867746,58.762541290342241,266.89989543434405,160.85938654262435,812.26743538852793,335.6669093143334,385.65923264423793,603.17413271628698,358.99820024780325,84.605136851004076,118.85862228554933,301.27488289862976,73.359919566364582,505.7700067267009,518.95553626745277,78.116265198973508,382.96159302695452,802.78116042581098,513.20416744917009,938.78136243107201,562.37589768374983,266.71418430794739,876.63599407249501,640.70449237800312,445.36884302172712,6.1407754209926324,215.52509159680042,151.38450540132374,211.56388606931964,788.21849302275109,974.63011331758707,336.88305844354869,820.11995592641927,583.44092347446065,453.38120524235751,1000,399.91959319307915,454.69475881185696,909.77185620518276,686.48844130214081,612.40814335935306,378.40500579326215,593.2196900925311,283.22896762601113,168.66817797137787,337.34139796928116,164.26184472252061,573.21182378322669,6.991714425239099,210.55983055891113,190.4563309918681,656.57175612466767,614.10229751167572,348.1666843081947,213.49012785038201,53.319977754194724,480.99381699358753,246.47789921906272,379.02676970151219,30.223733028876836,105.3738637063785,392.67649757170182,137.55577583003364,955.30299558686841,85.665478649532076,543.14432301438046,783.11635413785552,139.78601542616684,747.9093506142724,937.56462949149841,434.92520612533519,815.87771878782007,192.57238933774696,29.986431571322385,819.81845903306692,299.57899474087588,767.07706114825373,92.47691687024755,797.47288902678292,26.456275959311427,166.79468738442552,188.86166024768556,742.73674046496103,678.55683499675627,376.28097744882109,774.1920807679569,459.39212849859018,824.40341860016065,128.92570471188697,721.38556292708176,8.7609303170024084,759.56088028364934,659.93297033700367,442.74884949111004,724.27745114514801,588.57055558847196,227.96830942398387,60.865317403149973,-31.13005209422699,-25.539383833771996,-36.207105226570569,-34.1067290677545,50.765718173944613,-64.9274391943719,9.900315361504596,-13.871135638355479,-28.33921484882924,-60.330801138931946,66.525951403782031,65.456952377518832,-44.056144180372165,21.593615858266741,-49.421252454197386,-61.472577236003119,-9.2716780170777042,67.492497874147631,66.692613890346522,-73.818983401380564,60.006490465260853,11.396191240160865,-80.000145032272954,-55.49865544577407,29.409763793951324,6.3170069134119657,-71.544701803212902,40.419774012488887,41.574142158386451,-17.117692156178908,-2.1194539891770416,59.518327626470608,74.984903890808155,-8.9245612894703328,3.5051740713838768,-13.400106419889095,54.676936951572927,80.812510373705436,84.632711714315377,-60.482688728390634,-65.237906265478287,1.5501344070829184,4.8363473929083174,81.863463581940863,-50.032212936267022,-57.343982006251565,-9.1265961882593736,26.81970518824793,-15.798157821207027,16.880067907562893,-4.8805908892267027,58.366305657908541,34.870617421961768,9.5331063710806951,-0.94712307513032767,21.434859341135603,80.933337942205114,62.507615929641894,51.89280679262415,66.36273035473242,-25.820282488008587,45.933358562119672,-52.910760091860183,42.194408828451159,-72.91159854205462,-72.323191313171748,50.260177507307191,36.117982630959141,-68.611770595694239,1.6758597241039799,63.378939455374962,20.509949223307004,70.722846157593324,-84.879962284112665,7.1725196615742979,-10.080232539260198,-34.239061465037409,17.962983197875349,81.958471040048948,-2.1303826219208459,29.877585277401153,29.53904096625342,-4.534130551645136,44.292121341594822,37.590475416799428,-52.719748018454695,-44.227974328586392,72.059883878545378,-47.443833653315814,-67.635308478784026,-4.141831608153125,-61.636338139230695,27.096779561312776,54.026590856285495,82.040801325595339,-72.74627554220055,37.020646969599198,39.232902767088376,30.032187541879587,45.704193937709846
29600,-65400,2.0208628529299215,683.15627853885735,34.329283756073934,296.46481350609571,72.707680501625063,232.41554395076631,138.89717978946084,207.42505208291175,101.04151783823292,374.75589675852621,617.17132910998953,369.59355158038596,152.69673543429681,325.40520404299173,640.63566825606017,82.90333289517109,506.76207005705959,533.32162344940309,65.535766466553781,388.85837905842629,804.3910084746218,329.42107169786095,923.41715083608074,565.62127675121985,270.26373240675764,871.67056875561559,75.691265240156469,468.99192542847641,806.46806467350439,695.16443588681932,87.641083949333904,257.83973767076048,39.457219206881348,810.95179010347772,274.34110929443011,828.13770969533232,953.02600017416637,932.92758606060522,950.09598002587757,411.21886290360965,508.66296132559734,800.49145128031228,224.0266284457806,631.88287762256107,341.98747689896356,597.14506581697265,264.67047353665771,194.05151456394051,346.63248496884648,170.59729118373633,548.16566905138234,46.842305947714209,227.5649432183701,192.96099041609139,656.39474993582962,868.64560549895634,350.87586048405745,210.96230221480383,919.91794482618388,905.92679507520347,274.89147103128749,445.87633454628593,738.03171978993623,53.007564557766955,378.44556860396199,9.9090962524268207,911.87833295986593,912.01634343313515,485.55447100167675,780.73925943264226,139.7286131827355,748.09300501914299,926.05432372899918,534.61789707324181,812.3053457029265,514.79434162540497,17.665223051182494,797.80722079343695,296.64123190483411,739.84819810114186,758.7334014560663,801.69905016985535,11.271866973356158,176.08979834178609,190.61518871964913,740.96886233677083,667.99249629817348,380.70029320083131,734.24754626370873,456.67466771690681,826.16268640173939,427.45818951654428,740.98767018489434,4.6500511943506808,790.81756458654718,681.73901709457948,54.514343145853275,722.54697492645585,565.42466861408991,194.3418202315473,47.74467241605484,-31.205097829033303,-29.628064241061594,-38.398467762539084,-69.723384607856232,47.574624593310268,-1.3231966436321869,-68.297104617646895,66.647717713042383,45.757600164635527,-66.14415673257264,65.623358040856544,67.743117963870759,-43.902989734080407,18.66992107717838,-1.6447537063834865,0.15512359974647438,-12.465067023413528,67.41574190035702,81.674972484171633,38.709998111867812,25.474272635949234,-44.563196663358987,40.933851787032459,-24.746208555452856,29.113040889058045,-80.287110902827479,-19.02518862022697,48.208745500794542,44.496104579954164,-16.894129426313484,-3.5320157923673086,59.291664620598162,74.959130174074019,53.221803022416466,-79.948832849070598,-15.90529797427434,28.957547785865515,82.596388855061392,79.27609212405288,-58.270707329123638,-64.668867393035441,46.128004948950917,0.42167717871930233,-18.817558945660227,-28.009845723877653,-74.692165099573955,-10.534450049004388,19.348847430100587,-84.295852090695661,16.887727299169427,-2.5017741778291871,60.406517215262127,39.445220737966004,-82.13389451052555,-0.75773656868048356,21.23648037634949,71.1445609761588,58.233809628424275,52.333396705971694,-69.063562669670659,78.46518777996728,-84.182038826832965,-53.407214966698959,32.329439904773814,-55.967297657119815,-66.262832897010256,45.067956285916104,39.224705644040107,-68.613267612581097,-61.286217412305291,45.252055370727874,23.620656567235208,70.507316442762544,-84.148182035746501,-23.112414499605592,-7.2800413738605778,-35.885528281848572,-9.0104796658461392,83.725668505658618,36.227929535954033,29.921627429866277,28.788155390686217,-27.971054832787985,-44.27302552928613,37.484197351288174,-28.920867934836711,-29.518238918349397,67.115949876389337,-30.763717769405964,-69.813091087522366,-4.9388750361718419,-57.71258673730128,78.142242951054868,53.251417578259286,76.736607025218959,-82.676826110669168,35.518785085325192,-13.546128077713128,-30.415136352826337,49.080924071156105
200,-24800,2.0174048921688321,999.99903746175653,219.89987583819922,679.07294160264155,72.392929280606879,220.77471277666291,105.7292055767246,560.13562333115658,335.83118401702495,373.31380925111,605.39494225145586,382.64068548860484,79.524384218301151,1.5242693073891331,618.47933416879539,112.25943739813513,528.807114344551,709.54068136264527,72.162189893400424,389.06817807188082,876.7759129663882,320.54346327925504,872.81074431759271,563.60459079983934,267.86936025843028,871.79124502915965,948.4822356985851,106.41827132242102,797.86477641079478,865.45329090017697,976.59767238881818,656.28563460244754,118.59812945978378,20.437108247566471,324.76569170903161,833.86243019690028,477.0967207629397,851.9239536236737,1000,427.99338382800096,668.56264257612224,525.48839490516207,694.81792888267103,634.01366894928731,338.99492506933404,598.13428384216513,259.5413669653941,213.27560459892581,112.91210957556903,175.33911388886466,244.56616139489245,28.63970355661241,236.84693975138617,193.23086563103766,627.08748497766226,643.42225406627574,351.53422921457758,182.48094514211138,50.878778196440514,881.41285976449672,269.00053267439984,490.31730835122352,59.859104433776523,47.936347840458623,485.6699780198457,56.012822744553759,804.60837235439055,516.61951756090025,517.15548878807522,797.55512182129848,138.35640787727985,749.19405239734556,623.43381167260168,456.55938421899822,814.02995388767499,558.17627740999274,312.0107268069072,854.45013282249852,296.04981331811661,758.46666383636011,80.16795917258824,799.49343741344728,414.76645076646162,822.52739362223531,187.60477814865158,706.6873729890807,677.03033231578866,375.7785753749481,827.12156213746061,458.89281936964005,826.12102030548988,449.97738973016197,721.68334081831551,11.391307871683628,394.64258722662134,622.9616617092978,107.96880682730418,724.32357764116193,587.31240360991842,190.88003054413667,24.818145766207138,-11.583845852299165,-23.716894852385153,-42.536453757111488,-34.685356577817174,41.920536409302244,-59.435337558181132,-6.4603829537444586,53.182697288845795,33.724100936885826,-61.632047802017077,52.257141680969518,15.26593029777505,-42.547451682438428,18.434147473569286,-49.724379070026501,-57.642179526766597,-9.465903781248679,67.844359492151938,64.619126785815212,-62.313842864404741,25.889924501477527,10.953418820866746,-84.72250172702428,-25.339306319157611,28.8291067058694,-75.127382462069335,-62.990392223094744,-23.138563617746257,35.522554031056444,-17.529206738266559,-2.7525950043790952,-9.5972823237438192,74.884946205593607,53.858454989608695,13.556319213695726,17.602431729979717,28.887331486389332,80.687997103449263,84.693217866427872,-61.86342444215208,-54.084650547474411,-2.3787195334499209,4.8864352707751619,73.609470184961054,-28.518709424446143,-55.200894000162641,-11.968695691744312,24.101772373495457,-75.119750679838347,17.15533462526108,22.707486094578979,57.983579655241932,-2.5880838218518818,28.168284495149557,-2.6569048466196197,16.781181444659126,19.254041993466288,-9.7052445715769675,54.310616607449425,-82.329793293061726,-15.917199911545829,-82.472476427033001,-49.708792946394176,38.325161963137901,-83.701973858490192,-72.005632895195959,39.078693471483099,-5.7954202654782403,-68.583124229538384,-53.035458701610736,65.771210497784651,17.627730834371469,68.362912243092921,-81.895588878922624,5.564170708798045,-8.7060642494351388,-35.621783518031997,-4.5830313758569794,81.458591210546629,14.820124587220537,28.833020958172696,75.035545380144725,-35.435023477112416,-46.32877158794193,37.440486975917509,-35.327674352569915,-46.74097280060252,71.870885854532276,-26.507639342686254,-70.543400890552292,-4.0327788258896407,-65.15897154144119,76.016462376801641,51.334942888264969,82.737869340914855,-81.045446025082498,36.043591052096097,-6.2944121781913616,-30.444314953374544,47.905918613385595
42700,-67100,2.0220291179849794,463.22143568457,20.987319520281073,324.22331336016367,74.088211361966444,153.90951496082116,134.30394835904167,768.7676165884659,12.748210030909263,365.80197034228752,602.9332174274042,155.83851085842389,311.77908796520637,43.714693284691492,267.96427464617801,114.56811633217228,609.86584134106056,711.92412720494349,452.83076884816819,388.88869955455135,849.74347387861508,313.22997183455914,909.54864543830877,566.35420041224961,266.56972564654717,846.78719358593526,64.945766856943564,393.68210697189937,57.767324694161871,698.37776786076847,940.76217088606438,201.7574590805566,781.52815389333148,940.43684606420425,295.58834370974341,838.33516626975734,603.90074364838665,470.06808152534876,472.3090239414521,422.20126571885669,530.57934291105312,817.47408335140653,689.60421840171466,656.42561779549669,370.48870010300055,593.51217502912527,270.71831228985036,194.86841992689972,334.43755309430401,170.66922137001603,581.77831930724903,43.629442589953186,800.37537578103854,188.72573787297216,657.33214312627217,885.53720264758863,349.28491610293173,207.24487098820893,846.30374338005561,895.11354204673239,274.53026183438851,390.25233045284301,21.825759893741576,9.000127565268798,419.79166113908229,129.6683449984036,910.62532081490235,852.58612423039403,486.737997811855,648.76165755585396,140.11862581921926,748.49356218432945,629.19736897038376,460.26293254296411,821.05592743262025,550.40892912369043,280.85098148886016,799.15277643643469,320.00692014023593,739.59452840895472,630.41928142259928,799.28801643678241,40.730292136767098,171.34623448793479,187.58957621104494,733.96838072199489,632.46479929474515,372.32672204678278,92.820761426251337,484.57567215022533,889.79520566117435,485.91831059111627,723.25956467118044,3.5210107928487697,790.25297453492453,644.11858535631313,434.69142947720201,724.08983214513773,588.71761757513059,192.5831859427162,193.2263402041591,-31.404651331364228,-29.102256568659698,-31.174738805373966,-35.187157780935415,49.81454006332806,-64.06588612300672,-74.016062278920685,47.576637461494677,26.437874994231727,-78.06130474996273,66.34777358167112,8.9054103612040034,-44.065737243637379,19.350255665224658,-51.652248625504413,-1.3824045142530146,-12.399942235630336,67.69153003657803,-52.796121914974208,-1.9644381813503955,71.438135396552497,17.212498621102501,-84.862195155569893,-55.401819801423841,28.843774764096153,-70.372531289262952,-65.675205468843558,-32.700181414495056,-50.176736960655639,-17.061364068252423,-2.1523591176895471,63.736516098746584,75.109474878994789,53.251465326921171,-81.971710336527977,-16.85773733481772,20.233024213943356,83.528681341270044,-48.00018648288836,-58.313696148064039,48.531479569050333,46.347479115176874,4.9933938017854818,-17.610000573771057,-24.612666747831955,-75.920171045372726,-26.78013081009664,27.341475741135742,-15.553539704086862,17.13127513442836,-5.6101408426448334,60.405917098210502,35.023870128063386,-82.902466381837684,-1.1194740241565544,16.612834813614619,74.987553725449189,54.232371038917208,53.408919432106941,-73.427126836974395,56.828616288484085,-37.443555359987265,-53.455209217346074,6.4062271473554109,-66.302353015056624,-66.862793846982754,72.533253033395326,39.188840089474226,-68.584759624053063,-2.0899147377490488,-7.0845409789161202,-49.914381147574915,9.817484077778051,-83.874710269094365,4.4764335510629003,-9.6021653309064767,-35.186275990887196,-6.8828278902355029,74.067328247644795,34.365548555513435,30.248068523961514,74.794109816548044,-2.9491318180308905,-44.534728018235981,39.700427694428448,-28.758404085661766,-26.588541209003338,65.665302869851416,-33.234473596881372,-74.671605031768834,-7.0527603643646923,-62.155141987399134,26.307799887152878,48.901758009358666,76.215884210533602,-82.306767353256532,36.851349744377757,-45.944928176840115,-25.812824864250445,-71.317744883229324
33500,-66000,2.0207335804435944,642.84661245569384,7.3145148473660981,734.40560383178286,58.884852514780526,127.8917661507711,138.74530449316183,773.04625819891862,335.549687432442,469.58784109557547,604.34845321251726,130.58789553524474,282.41907465186978,347.98056229824459,609.50103360641151,80.720134834923059,619.46555872568467,525.72368782408603,448.87290177947796,386.62486044195754,842.76926715213369,298.77990863053714,908.52483168552226,566.27896211907739,262.78054502257294,845.107498128565,865.15053364361802,445.39861561270743,983.51235874162899,780.86474923713536,934.4947427203914,179.67091945564383,784.04496173164068,915.84505396385487,332.84472176473912,719.36642259279881,521.03638281216649,406.99055519669878,1000,419.7814459162833,459.03479042969894,505.87728219745145,298.50661981621658,665.62924632545798,341.77691029087543,593.71363544443568,278.69189445946012,180.07697786848368,106.182544921632,164.60969720073086,195.3618235942092,37.707885357422903,801.60796227098558,190.40557939449334,656.79035134361254,633.52316707787645,351.51704899933213,235.23218326982371,780.73332836449981,532.31071126227266,258.20154714678944,789.7979961514252,891.47541662473486,17.883449146590578,391.82939099210694,795.7447570641383,898.24052127885147,955.74600566177185,488.43125692380045,646.17660210939891,140.47966250838763,748.53629749191043,926.85421062106707,458.6925066464463,825.61646754162041,182.43683992204672,275.60731190500928,858.222523332386,294.21147311381225,775.14824144860324,88.202622144331244,799.03669455704869,345.92790675572871,171.93462928754451,187.30144877174141,743.50639036795747,678.28884555334196,373.55486857860245,20.823972223085427,481.55222476024204,824.28198751948116,451.12389343237692,721.34106344539885,12.987258862550755,749.67638719301306,808.11748951848335,418.62789589873847,716.77435480059296,566.27531666859363,194.27041896063722,196.69511337914457,-31.326648908915047,-37.836561506578406,20.082558850035021,-34.294643665331549,40.804212125180925,1.0215507863415496,23.614675611068215,50.382614153813208,-13.446286988022663,-62.981282461516642,49.621024262496206,12.047218675769354,-43.770253239546669,19.410352515122817,-52.527631152576859,-0.89052988456251547,-10.963773512080142,67.831551783137712,-39.542088724720237,-77.339139749989414,26.395956119723667,6.3095481037435519,-84.855315680425988,-55.028540587260778,29.659191447664952,-74.485372448480433,-24.186292511736941,29.728765228432167,-51.560085486410912,-17.097692721619573,0.13975658680925473,52.612518201866621,76.947086732988723,49.461888815804102,-74.64942733144207,-13.461541267052034,21.770036080885511,80.561700527139521,84.937466755818249,-58.408535733024962,64.789461718722549,45.780341058325433,9.8771967904706361,77.043578565178024,-25.943137288003118,-15.797185884253974,-10.708016537937036,23.173977682927408,-83.413752858404351,16.972622512758178,-9.713734110174741,61.058217765549273,34.940952243852927,-76.374563430631966,-1.1360932770617387,16.819249013494037,6.7924673030870295,56.382710826436579,53.821666035355641,-81.060773408064762,60.165714110428404,-44.086328189846611,-53.379732226558708,32.823739315303577,-66.1554947640942,-70.923670199844665,79.936822214824517,-14.732464325755874,-68.605693745459988,-55.198591845564259,63.114270513635731,-41.942950907140606,63.69712461442262,-84.112029486153745,-15.82961757355541,-9.413935464349608,-35.384303678675835,-9.9348551570447565,83.853809171870196,6.0982157655755298,31.625379046909526,78.398931471535462,2.8344021982290286,-55.16635806571486,37.418228511091627,-28.309072791196545,-27.289981626720163,65.817510240253327,-31.479292157830795,-67.717040605091924,-7.1057503348016784,-60.429764946584783,85,48.290469706369066,68.977192732939443,-80.136677550346931,36.953642440628784,-49.700790216111699,-27.613706883467017,46.476478261728083
200,-24800,2.0174042540946249,999.99904775155107,220.21503231578376,680.49477769627322,72.390337650179305,220.84687212017909,105.90701878989407,561.52612934268177,329.20852280526606,373.28750226371744,616.94486159609494,382.64217421395733,79.586946689905801,46.141129803023603,622.03900840311076,110.1975705950648,503.93727925610835,709.53061199301283,72.410004936908919,398.30252626309925,481.6089491506815,304.13563740568588,868.84388731838033,600.0800650779164,267.76407209460535,843.8494150492179,901.72867116754617,104.07221080158376,832.65632889425876,817.43338911425349,976.77353609035595,235.775174289988,29.947278924371965,26.762266370026996,324.83642572118202,833.76451128312681,477.08785379986136,863.45110905700392,1000,426.49427726750486,669.10354519553721,514.74003060676512,661.13747958121473,634.20668845866862,333.80331521123708,598.13429211330322,286.05310980955693,209.58377670311128,106.37939672812479,175.33865442956261,208.39183839686768,29.230184214221513,237.26465962039723,193.23680160279932,651.75146851819272,643.94017358715439,351.54528165226844,182.39974950714179,51.002467549571627,862.6020892071266,269.00825211714368,454.31616280117009,59.89010701046351,177.22336835844828,485.75678840718695,55.952340398562534,520.465052444967,914.9139669044132,516.96592179852723,798.31441553764057,138.23158292410119,750.1598906688738,632.8927305977337,456.60654284637019,813.53566656353587,555.12444594016529,18.356178748354125,854.47116948615167,280.24943650496618,758.88154859003498,91.117758017149782,799.51775885361064,419.55112298747144,770.8360347265392,187.62791720412196,707.34364167920285,677.34481140461094,376.3343858301497,828.0840195394436,481.59757921286916,826.12727878336511,447.24290122993273,719.47268414667462,40.714954507948072,783.5490355179536,671.46953221679348,109.08073727475062,723.93691001944501,580.26520378153145,193.18410539648738,33.566670895206428,-11.560320574064068,-23.807366201153755,-37.797855472604674,-34.681260713537256,42.071683330763058,-54.658331440681529,-7.1618412483405933,53.256075702059441,33.724897389670161,-62.560868285795934,51.697228691655752,58.95086708403209,-42.547451291416166,18.423926783953238,-49.708551738394192,-59.927118161520013,-5.7662020855012663,67.80556363401972,68.830494945010088,-62.225965629955724,25.848942785113653,10.238668117132978,-82.557703801741908,-31.201205022651358,28.830269412820762,-74.684552009687664,-63.043267324797348,42.433326570893655,35.453371540345536,-18.368392417470748,0.045276843029072644,50.289260310836475,74.999869569165028,53.795708517748395,13.988992170795946,15.893998504180344,28.887450724961774,81.129140116376917,82.545268894287332,-62.003991834749598,-54.16703222322856,-6.0791095926000338,5.1423837413404456,83.189046029561553,-28.161972595447022,-55.240735547068034,-11.746476445753327,24.100152525340842,-75.123474447722771,17.472048614751106,22.779450615256458,57.943556060391749,-3.4379334634262833,28.292738407028729,-3.2407119887056344,16.54539858505937,19.166093046111101,-9.6031577211043597,54.361068309392166,-82.306463901437468,50.540396196754635,47.130355654001008,-49.38010167524174,38.333974078088019,-83.567669996478983,-72.124743501386504,38.506658411864606,-6.1983090948339621,-68.582689426422974,0.66852197604162933,65.801686865745467,-35.077148244668322,68.437600898041083,-81.926812405612495,5.2874466804153828,-8.7058442128041147,-35.589158486194158,-3.9127568802645456,81.46284314948501,14.591546605625638,31.666701623317056,73.911365511940019,-35.389152401767731,-45.809854381872064,37.440807203048003,-35.671172023808985,-25.60122721770777,66.034217623565823,-28.484361553435228,-70.402552166611429,-7.0216796573291989,-62.033521201525986,77.808650535263993,51.350222081263709,82.769352753971589,-81.035576286867652,37.056931457626717,-8.2866667708175008,-30.440344137589989,47.835920936985467
300,-27800,2.0178371473452836,999.98320408731877,221.54117430036439,684.70265867580667,72.52062388266323,223.37306103221744,133.38396546505675,797.12691908951524,329.54955930704426,465.10886403493589,604.91378962704005,380.63210907968318,249.16278752680265,46.041682378755482,691.30852981951705,103.91970434371197,528.08284528079184,708.04333601704798,71.365510049072427,388.88133473566484,494.68593692434212,516.18551664651977,871.72668357688735,555.45610466025391,270.82874848475348,845.36790836089085,903.3201926994991,134.61068645650801,854.48354957821846,808.01314750509243,954.59274186420498,89.029069055201347,44.43159377267817,911.30178712432996,396.73297313101301,811.85627715034923,479.62599598699728,604.10984087556881,422.37706299665768,426.02813966774471,497.28660468573116,506.76185787638252,672.79669754987333,635.8872832138436,368.29642227232335,598.2118314794244,272.63365545271904,209.74996563948324,107.37874898171353,174.29053349088278,196.81685491318592,69.294254723500586,264.89710444959542,188.97120853080187,654.53373245349587,634.07565389836793,351.59265646050801,218.11245523214674,58.925454977081387,539.75995130617389,273.81024188972725,147.88520409665688,920.85718962313445,55.584333055205974,487.36423734936534,55.81498009094333,524.72291844162964,904.05628710143196,516.98345792415546,772.71257708237954,138.23754263249927,748.58220614055847,630.72981487918321,535.85679574127118,813.7030848806063,157.99030494372514,274.66458109092554,855.78738818906072,291.23149109093293,760.52733831324338,90.668525393491265,801.67562982854952,297.13502059890209,774.87620727849946,185.72703442434729,673.1634061127221,678.89895456525608,331.92682708990566,843.89379403527232,479.0619735140055,836.63776887796746,449.17483032642883,720.24603632670471,46.583534734313119,789.63055424152446,664.75308060001191,460.97373735125439,719.24714084093137,586.67729006939817,235.85105964450372,34.690626631725195,-12.917424198688424,-23.810965086616935,-43.544713507865289,-70.914412002859237,42.04989408786421,-66.855912688826976,-9.110062566498673,55.529105550474164,32.84459835586231,-62.476072079961654,-52.030931891502121,59.153528468932514,-42.447348742234624,18.299868756009491,-50.142337008439107,-59.204985593751076,-5.6583424631982604,64.506534713115016,74.747651542323922,-62.346863433442486,25.730593949934971,8.5188001802045434,-82.559634805519494,-55.943701888483005,33.759238356734571,-82.844179884521097,-61.181156731442172,-21.504900324253516,44.277935461020618,-17.637704504936909,-2.8296208988416494,68.256791732055007,75.009584722916728,53.955375766068236,9.5759639382000827,-13.77483266696045,28.910445776655319,81.116943864873093,84.718965253592984,-58.930538806646553,-64.587952877811617,0.1544716736389562,10.385365143180458,83.327921659881298,-28.151710966873495,-56.020330411715435,64.034990965403665,23.840265868327812,-15.221013684639003,17.462071391777418,-6.3470801440601896,57.778254315884439,-6.0142346506113249,28.466801500130309,-3.457717973057151,16.07807046490619,78.316355687487629,65.620704278440371,52.03976185710011,44.181480608880825,55.38135486229973,49.918794217978672,-49.303117076568647,37.708622265759999,-74.801024822503265,-73.742066104894533,46.443035106190052,-4.3333713258540465,-68.579463239064509,0.72378615578823102,47.37906380353548,18.204709136166766,68.54614419216972,-81.936759444332694,5.2898482598558489,-8.7108916777477621,-52.029885512282512,16.213555172749757,81.481120392205796,-1.8461477641121897,32.232316352678311,22.578511775769726,3.1856910975962087,49.534187292536977,37.368301092645282,-35.215878969144612,-43.048113682452843,65.219189368169864,-28.579723119740756,-70.402127714015208,-7.0723247074822089,-61.398909876514985,84.858450067808278,53.180346540647065,80.170507246189487,-81.088862975443291,70.426513283571921,-7.2839365315517384,30.652133174104762,50.95010578466011
62200,-69300,2.0519441150345532,125.68310345468467,8.3908080819759796,340.51064424917581,59.103762058292894,225.13989306140769,160.44828810433404,768.26957879401562,356.4723197574865,385.73223019585089,617.87109939363791,383.8037640814448,312.60742943522024,347.34904276212694,82.070260296935828,103.72842388162366,505.4042754709663,709.81142820696812,64.982811813085533,382.60845309707673,803.01456118027579,305.26607918479863,872.04399470629039,562.19552038923132,261.77611034547925,845.5620352742128,927.17873116345936,430.68479874146129,51.666350099109025,930.88412688071207,920.54072899703419,234.46016573504534,819.86854753071339,970.32569901744625,503.35339879272965,819.75008336076314,582.4137101394158,557.92316802786502,1000,399.04643289673868,551.15955954521041,500.75119965526881,691.52941506472416,636.39549939587141,366.41141939780516,595.40556321666497,274.52626088550352,97.29387804128379,107.12498590748905,902.61792039996976,572.69948392156505,32.556888036561617,194.21144843152274,193.68357275080396,664.59769430869551,629.51836334598181,644.89080894579763,213.42846867383895,825.55072750612078,876.47237115270843,270.16321882096463,379.49098932957349,2.0515623364472049,591.89899458031118,249.03021188471126,137.69624562173055,833.56918987833876,848.2146047974868,530.17759903838726,768.61498067938953,139.85929530788013,747.7459057014438,929.16272115988886,445.70733005181904,815.21062981189618,566.43443856769613,260.47766035066275,860.19259131301317,280.91876792805039,759.78100811317984,600.80997144569085,801.90272399013634,280.13283260610194,168.66163761827329,186.93427881746024,765.25269589613583,671.2627497568086,334.47019484029249,126.86995549977274,458.19878195974286,818.58656164568913,468.31353374367984,721.60387055114529,12.955046780158362,760.42120216553781,812.18597630992895,460.12889801931686,725.19763702147338,589.43109946401535,192.80515989778843,57.165792030438872,-30.929560326771988,-29.884976413764079,24.244438009047485,-34.938323519742816,49.254257075554229,-64.634745209091534,9.750496744568018,54.41484370573697,31.629095665685725,12.009750857161603,54.776030350201516,10.279665379935718,-43.864008722999991,21.662327809929071,-49.711162357646593,-4.4313956256812874,-5.5921014099701942,67.750421582645643,67.005656830571596,-73.890267204305275,57.509965377789683,-40.555494370271433,-84.265992345080562,-55.635293902358541,34.685759070429064,-66.505042028057588,-66.707542456990438,40.42382902364924,36.879802319995065,-17.210879625217764,-0.46653115448020555,59.496544079707689,74.998679857595434,69.597927201899907,5.2427734028719559,-18.676290057036088,-8.2037488163200685,80.605794874441386,84.584914066766743,-58.45586205738531,-65.450176455808148,40.983890059528157,5.1147225482261627,83.251629045971399,-50.226317393829667,-55.840595895999385,52.094353160242861,22.967854289835536,-78.649174223742989,17.00682934401452,-4.3448866519259983,58.40526885757513,40.036520714651097,20.195965168624827,1.0494650752878789,20.925043287673823,73.903373981068611,55.047909354671845,51.994853575472668,-71.434081041612004,-26.178753875675447,-82.395568080829051,-48.807264775460872,33.295230064192737,-72.528930020506735,-65.388594190135791,50.241219905737481,-14.16488126525984,-68.583910952735081,-63.128441439533638,65.401987457438125,24.449768554856259,56.247157099392361,-81.60883682429693,5.3580852239379544,-9.408582201546853,-34.164253890962733,-10.454638024726028,82.115090643867703,0.1349749675704881,31.707454092542495,46.64944005586905,2.3931097426804637,-44.571954737444472,41.171047399909654,-35.937963348467498,-27.39196336261729,72.156091818791012,-32.211088667125118,-74.673010539201002,-4.0873157342979534,-62.126561504883384,24.3933810319269,48.612826666267516,81.797177756057764,-80.946942179758267,37.000308763410729,-10.300157772485001,-32.566378774867381,-84.164892919668688
37300,-66400,2.0170945098041702,574.95779491981796,7.2637811790451963,702.878331827034,59.32834830561319,181.22424974971028,133.8793331982987,752.70134973797963,120.93157689047756,373.47699536096957,603.77330490727661,359.28025709859673,38.542192042202437,315.51001126558958,257.67069402130323,80.982160032058729,589.43150638121119,708.96318672832012,468.61326588107136,390.83581551168078,826.73249497937775,319.10477378902647,921.37074677741907,562.6125088452136,267.77618165778739,843.76542855327727,150.42575768191341,468.78716720789458,989.40092328203229,779.27702502710224,979.31952472803425,222.96797354494959,792.24683113756032,917.18242696747416,637.65835203627648,832.31267917020807,482.06297433010502,585.86936901716388,427.88655029088966,451.75469114161524,525.36863502887991,493.66595951635821,689.11617457728198,662.95478933057723,329.15061889647353,598.28860721772639,278.03887870961319,230.73002907655277,345.77721007506068,164.1250383814851,204.99364672882095,28.533504586959314,251.68623199524103,189.02772342536295,624.71938132254854,631.87999684822887,346.2545111907848,236.97130090706321,897.45238608434727,579.79496832020391,265.98948341151674,443.11150217628528,133.35767889411909,19.934372320600744,414.30729774386555,72.980342989417863,828.82098451570346,910.41299243783101,545.34715748255019,639.15547630706374,140.71306577383049,727.20244037646,935.54819623188018,514.76211172727028,814.38643745978789,629.99103324789439,339.13696757162927,801.57070396537097,315.21054424455082,656.59132054367728,633.11974754080029,800.7001658741533,58.940971919987419,258.70656211789844,184.39783745440781,830.36689720870527,677.40230654466131,369.78706999289903,72.629418472541545,456.50946744257988,445.51938964681329,429.86865496115001,721.27501724150909,26.13620350886135,751.08782596716605,663.07138715643453,96.525065922955207,722.40892187584529,579.29584777076116,194.80346701552784,32.25996525405553,-31.403684679381556,-29.285228041305352,-36.232233760192798,-38.351469037251661,42.489322483973012,0.44741995642196386,-77.325436489664,61.394172966834731,48.762480715681662,-62.343415995034363,40.55331748231152,59.824803386641733,-43.814809626675093,21.565617875333142,-49.594204706441651,-60.544565198271812,-5.3054268521114896,64.697761899908187,62.233278760206794,-64.896539454706513,24.256561068480313,-50.211164478788639,36.940892710006722,-51.885116370153881,31.209523774196281,-75.269055191429601,-65.319706264546042,-32.702064308195894,34.19176757885019,-7.9846100111067662,-2.5680370307695517,-11.544092765579553,75.021259916575829,53.650053951944273,2.0816024229109451,-16.68965088933712,30.380319163107732,83.517419111551703,-52.93400765189071,-58.314314430174953,-75.388792971143246,0.36240978001708513,4.9150302789790006,-5.4352592860850351,-26.922390346497412,-68.246133014118456,56.301575245740253,25.667553781961836,-11.934557715014925,17.039225423193905,35.328970733017158,61.167425317103927,35.035429448812884,9.7009369720188445,-3.361175480869325,16.622194076508734,-8.6509625366945002,-10.776469119352836,53.337416042903648,-69.220201502946537,72.186198735370013,-77.191364845103507,-49.69854681383719,44.463398522553561,-73.891943331581487,-72.548330938715409,73.301753783600702,37.621168228529228,-68.624094203412525,-4.9022442024569388,46.154150426926002,-41.34581171610138,62.520852807254684,-84.845217764084083,-17.540633095607326,-10.080121516415293,-36.867440123049278,18.557802697808118,81.595091523256158,30.438773603312939,30.1610750847925,26.628339680738154,-2.9645116701999572,49.166087166863427,39.583078424417344,-35.271961018829479,-25.873255557459441,72.351109561870302,-25.443133011741857,-74.979076903571439,-7.0700064662675262,-65.626560820849136,23.064156120883077,48.824618133637067,82.696975443595207,-80.780196863266028,36.100641505998631,-12.769330981622772,24.962999292881083,16.583503634868837
2600,-54100,2.0174494648685704,1000,191.65737166921645,703.89362009818399,71.920628431995965,157.638961867163,104.38106901598451,558.45888680202279,79.545276635085187,368.31785319773201,604.41739814761388,366.78157405431398,139.34986558021959,277.45424062950366,324.15170531696231,81.868891101412544,526.11745462751469,707.54159734151585,71.738963855644457,394.76267891765644,848.82903339068184,302.88398922100293,868.66910327437779,601.55615101164744,260.58893377223887,846.58122202803838,65.357385334893081,439.80330721964134,786.35042220708374,422.84655181628858,976.51150310564344,276.6229035253757,118.97835176249561,94.118726677118559,321.73762032239512,832.38946166636481,108.28905450692696,617.32997169246732,414.28929150000516,447.44953691766182,536.70898113191811,519.36138243335199,668.62094615260446,636.76471319422103,768.92904865740786,596.93103528440258,286.84640243207991,165.20171774790083,113.03336391295137,174.63071621416614,189.98173490271995,49.562389898351718,189.0445277062235,196.38453129786137,655.24869391078198,882.74906230481963,349.27782174304673,199.00400446284306,208.87434322995608,557.68460067720014,269.18282012973151,809.19614774974548,964.47179644074367,56.418666192479037,678.31196770160227,47.093081924659373,835.86678614307357,917.45810361511474,516.9270627625491,810.86148479615747,138.43819696214095,720.12839106097431,649.83027853005865,548.41116873541603,827.00222631129384,536.89786284651086,265.66987197528852,856.61783984006672,279.02587394009885,641.29088665246138,55.692958535991352,799.14067036677704,45.762409540094893,775.2421348960969,189.04987224933964,702.41681043577842,676.90441965084131,428.9304689675518,821.4548020335842,457.62839712034759,826.27411807051203,482.65706233005119,722.83724776922804,14.035333155517495,416.2971023341612,647.05088071096725,444.52071629281386,713.82882389517647,579.80367482084739,191.72086484776472,80.443155940150717,-24.639260334546403,-30.949871229371222,-45.028550521954998,-34.493429857779077,41.990613903378573,-57.167287422676033,13.914335215531224,57.641500724762174,31.145586233620094,-62.710336823345315,55.091574025717975,14.454145889858179,-42.367082850977376,18.376198184285844,-48.58565731514976,-56.863043105863611,-4.9686058632567578,67.816605802978941,-35.399646999623542,-62.082944759862031,-44.564007579157284,15.45187297264367,-82.692875409911906,-55.557460066146007,28.786891448625997,-69.633890248140574,-26.495718040620279,49.173941773792023,38.778513662438776,-17.79994499698816,-2.4785790489788804,52.753104975849645,75.041585487271988,55.010565937782061,-79.512555256275121,16.325268370100531,28.856009029636652,80.749642247492375,78.18012719401699,-61.917989680974834,-47.714410316978643,5.8095685894164015,5.2489444871772575,84.934740570416309,-25.823005205596125,-72.8639407202607,-9.0680246925342445,24.063302508338474,-83.190666071614942,17.486119527034482,28.223291469432908,57.64334535553575,35.154193750184376,27.408202223021295,11.96947565555875,16.179480020859216,-29.780317104310228,-10.888439319435335,50.867068147068316,-81.351469708812857,54.440762374377691,-80.218176283770021,-73.739951866954812,38.569431827870091,-62.555276038790886,-72.118111743444231,-26.367421519626127,33.178324123164657,-68.61681661241974,0.47867126779763036,46.876277649662391,23.223853078694525,68.184167705816932,-84.122766087201271,4.6533832474080965,-16.075620622760791,-35.692303388150279,-4.8472967072812727,81.441023861482918,14.643791658815584,28.953057576259269,80.70010615781618,-0.48205968732128568,-43.140456234500625,39.370911658708245,-28.969146875011717,-43.640976138830297,72.07659040067584,-24.750493588498649,-74.496160156452376,-3.0473334349247452,-56.17092440101748,77.031245932700259,51.513553747446608,84.445325806341273,-80.815510729061842,36.07094918182954,-22.162191183030949,-26.460728533988902,42.611431930955249
49000,-67600,2.0225526406972087,367.62988622459295,7.0711374870450525,305.11479016811455,66.490563242579071,193.25834589109147,156.73304093273487,755.27541496020194,134.40053720952608,374.29492791565906,602.45993004906302,379.59228114972677,283.20859717343535,328.49975045669407,317.21264188522395,84.348460303810953,609.67567019885223,482.97035985953403,112.92683653810676,389.16557919190751,858.65023349959461,548.70152807638556,909.19289619490314,563.5708729672599,269.50511186260059,844.03878543194855,85.034504843305925,443.17615412901176,31.215646266730591,692.05102365174344,955.94845005517152,697.86751679064378,782.69716639598516,946.19044984129255,294.51853795775332,832.78351165560798,530.64048155280079,861.73938995203594,354.03699380521141,411.54928979016597,460.39061843930068,485.82541969703976,699.47155818233909,412.84183985114811,372.68161378614758,597.23445292334281,272.43120507900528,193.27517339325084,343.3242619555183,178.36281292805501,70.479045665149926,47.243360629010027,827.57624055537701,200.38708380947804,657.28263093529074,626.4739504374204,359.72980295980943,233.27769117644507,949.67767752168959,869.50328299613216,274.14502135562657,769.14082137697517,84.798157506860122,188.18925364404066,459.71406096019575,758.22519088866238,897.94409744456607,530.73400286884362,487.50066987567737,635.97538927174458,76.376169914494881,747.09877040284073,936.49028215487567,514.90078916775428,828.51979655273124,199.39770520604489,271.522793155763,799.76351422065625,633.85960757971691,738.51343440990752,571.68955097611308,796.72217969296537,43.414144117582261,168.91535743251825,184.81656077588596,756.88783909642279,667.53867502627406,384.98716291503791,120.26316894802632,480.80213693903596,819.3653265729813,486.43686664960745,779.22556324525317,9.388072906574962,751.18458169899236,795.25623965795944,466.37417060973218,712.14573377100805,578.22281814594203,193.80284590354179,61.011411061427054,-31.408357205144284,-30.203595456539404,-38.83287948437161,-34.097682371383435,49.641732276662303,-74.630263943282927,-74.495135441256821,-7.0589791668158952,46.137587692180539,-68.75700037483297,57.672920892722303,7.1057615976750998,-43.013662580957977,27.373029759272491,-50.432498663559031,-1.1977751640461096,-12.697255140254343,67.446756939562675,68.795514920951092,34.016361712678552,60.526150912900079,-45.313989251460242,-81.176128675103726,-54.354184517423434,30.601298998450829,-74.213876876873798,-22.981235287660716,45.391774423620511,16.999535644405206,-8.4871646941177872,-2.2891150770431854,53.364700224585171,74.954298068817408,52.654370721143344,-77.299174157779689,17.189510416256653,22.111682092826722,80.536368254332302,-42.784573584892165,-58.237468523515034,-74.530393435577011,44.567881508161484,5.1910862277396763,-8.0084461545239698,-24.475645605521631,-76.482098285178395,58.834395454152727,13.744720513748181,-15.351790966643787,16.820629036126224,-6.6559924896697726,60.574942874316541,34.896980562720792,21.57567748976173,-0.58424260044579235,16.862814122021163,76.727124655982195,55.702457563732551,52.406847838397695,62.679748715581354,59.164198682940025,-15.551913734370061,-45.892947436222435,5.2245981297607553,-53.747042244710386,-66.882151110514712,43.418857664286257,-14.906074417680752,-68.619017363319514,-4.8636631329571829,45.071655513711463,29.541618175684079,59.063006787983682,-81.937010990999724,-17.040536466506254,-9.7133479585129798,-36.797202460221953,16.996649822961537,81.218055110146466,6.444811601588972,31.498116497200932,29.082103281404219,-2.1250394079273285,-50.22206125056104,40.764549356100211,-36.220701614838447,-43.916754318808998,68.252237163965674,-31.955173452869943,-76.208290631384429,-4.3172942236303857,-61.520637643063765,29.683041360319979,52.867387360784683,78.717353273753531,-77.259841405909214,37.108415087453778,-12.325512959971554,32.04837378707802,17.360951972096856
27200,-65200,2.0220606841756381,644.89018580773586,194.90385510146513,694.33784446871698,58.884601960027076,193.07252433313607,138.25550953923127,803.97989669232925,336.08818438122677,466.24254444793621,604.34094328983633,136.11281305860402,269.77248614558084,294.34877618564974,609.40877634835283,110.68791069515323,598.99492963346222,685.43635852472494,408.11009651434608,386.62325140258474,839.29730026220182,298.64796673909518,936.8004149335444,566.2695300635479,263.16512259237538,844.92173380613121,977.80642345540514,445.36565420613726,873.44910154292711,781.42314147672948,933.3825929839121,208.43626745997216,755.82636711557154,977.67196110267662,585.97822281456388,850.16971966309495,521.40613475718487,413.69540864885778,993.02189206569312,447.77254410305301,511.86953160401521,477.74734942752593,309.49003992668651,665.61541371539693,376.55513108324533,594.26961919932955,278.95410559080426,180.4737801840929,100.91027219528064,165.49198299636384,197.93347730149847,38.265659955800032,240.48137066630039,189.64345757671333,626.08222508086988,617.10619029022746,351.76553814576425,236.73295915410048,787.39923925470089,492.81524314803397,257.92174478570331,447.5024510833436,889.52738128115027,43.339398568786763,392.0135856047221,792.42190690788846,544.15921533518019,956.7927638377397,491.01785135333074,646.08102910552213,140.45914159334174,748.53982333794409,926.89595382360653,534.96233860071948,825.6174860671631,160.62248863167503,279.4821812735467,856.20957186717692,294.20282985501899,769.46630140626428,95.958122255323815,799.01750805801851,421.15224567458722,174.80406641543385,185.89506057838312,743.55767722731071,677.12356235173206,372.6845359795912,763.34562851570479,481.50135578320601,824.4280332674964,452.0593368168129,740.47949208974694,13.382609230968967,732.50494631603897,800.94115991433785,404.77718056525322,709.93144742376046,585.52569364191174,188.55136071998942,195.22891032111903,-31.356477268866456,-31.185024844818624,19.899404569818746,-69.676832185596908,42.252989684477363,-3.0095411935516498,-73.753961838192708,50.691049094631417,18.361046013338584,-62.213991833673802,49.68553141681334,15.860416614901865,-42.355307727691347,19.422495668581554,-52.564959121610215,-9.0023749355692289,-9.4029755364046288,67.866415414691417,-37.934009352036426,-77.426112920613235,26.0730735176219,6.3355388937534913,-83.432833664308532,-54.990806187762708,28.518111748596215,-75.585626855797898,-58.389175361820868,30.309815522096109,34.953615652856797,-17.079829773494314,-2.8501761613513166,55.513123447984569,77.037282136657254,49.460799353960851,-72.99176607937072,-19.233818566846328,21.511257082039343,80.58688250968487,84.936762972663374,-58.466922741942973,-61.474287528562193,45.008076129472755,9.964063162198034,77.555881185290303,-26.965859125731892,-15.806475520603884,-9.7018623348198627,25.316558898848456,-83.416048538424178,16.993028958669761,34.344867505925414,61.068278486543235,35.076588533705809,21.897821736973079,-4.9204962629545044,16.825957111621982,-16.729718170504388,66.471030264955814,53.753478401519814,-81.064888836464107,60.249227320738001,-43.848476804109893,-52.5664801521242,32.968794590142124,-66.862580940251661,-69.966305426900419,41.357480052857404,-15.323948655243692,-68.598606469845407,-58.789387865471681,63.09847704614419,-42.06090152175895,60.349204417162383,-84.212665647002851,4.0683970194537524,-9.4230444024960498,-35.40546936759911,19.343638692949842,83.758060451035746,1.1151155995811513,31.618533413654049,78.416892937420968,-36.47357007036728,-57.806609492653614,37.473587197286555,-29.103806976408432,-44.787003678224359,65.883156292970966,-28.605648958381821,-77.692093284929967,-1.1712569220117572,-60.417433911643506,85,51.254700096330588,84.580536108331529,-80.340020457273368,35.537242064720651,-49.633161703873895,-27.356594300255324,50.331184247715115
53700,-68300,2.0217968374514101,280.53923847753788,6.865124138365613,334.71300476215549,46.949475832754025,270.17057694176651,157.98072647908356,793.11961066549168,93.530395794647404,369.75412773890451,603.19378568191325,358.73371273642601,295.23698979595457,128.02905945598241,242.04386910220106,101.67512339650501,502.58320713334001,518.58405092989278,58.734906742334324,396.1040074318114,844.96008097159631,530.79032802012557,913.19916647340585,564.43203264900296,262.46452258991769,843.81848282227088,639.59729945322499,473.50658473894561,975.58712180714815,700.66193874677947,964.78926277994401,210.03581048842406,53.473892389871821,983.12818721405279,593.18919201137635,853.72769999760703,460.57890707518715,887.24407109218225,420.36788544675466,418.62702990121522,449.4283256560559,594.96465826768974,693.10724458231732,637.04802961950759,366.53281444323852,593.22870795298752,271.84878023604608,171.50397959095088,335.24144824842472,164.86518576847109,590.98134738359681,35.935250028248198,137.3631238118316,190.42468069843912,665.06409445928591,635.26072550607682,720.57327647713873,212.36258971058905,801.14227641285379,473.72039566992896,274.39450129213242,788.28443649228188,939.78428086346366,101.48143067645128,381.12551828331556,881.71871631774138,957.66048495676284,899.26853066722435,490.73032774334234,781.21844261086767,138.08210166182266,747.89780569382924,951.35610520650539,457.10672257251241,785.88116512946726,194.63385825949004,299.14069545932415,802.63621198611622,312.05037594275473,648.70213978272591,600.4452795348551,801.58189815388857,273.85876510923396,170.87800827511828,186.34738236961158,758.35982545991681,631.82480281678977,375.64826028375546,774.85741590452551,459.71090726579399,824.42036811144396,493.44359811541284,721.35781976494536,2.6508309551768718,759.80186770389366,663.37990703124274,403.38572414041187,813.05407157607647,587.1689589134935,193.26905908111573,203.50316988201524,-31.135328928657962,-29.53185064838074,-36.258581826089383,-34.138943348189677,50.415634020522361,-75.680522815042622,-76.049046929601843,54.002854976167356,46.181081613572829,-62.432657760936415,66.212168560970483,64.044387612394829,-43.013968791887081,18.225526252661243,-49.781768146956829,-6.9043558160027025,-6.2211489386972438,67.486125538945529,72.1149739809332,34.000440188796773,23.959133575031732,-42.159536965671499,24.077637287684912,-54.51049847454604,31.71932900762587,-80.14074886071576,-24.704242391901975,39.915497580708916,-50.857914245171955,-10.251975574338434,-2.8195911826391287,60.553977376254522,75.137165709354448,55.913074979801138,-76.567382038587326,-13.649602190250269,53.079201776213132,80.83577823330387,-41.77503445928572,-60.254229669335771,-63.726467960625925,45.623782342204393,4.8732268278294137,-8.7520003900723324,-27.029560706414134,-8.8549030847486847,-6.8741989036891225,26.795726602761427,-16.399116007333291,14.619681837098124,-2.3352641185399223,60.394092600133234,34.391843402521332,16.111844024871331,-0.98147759257906375,21.305630210584649,81.059339517461652,29.57345771082138,52.316108122996404,-78.622368731705265,68.69541307900576,-17.178738141855284,-48.963566324816604,3.6132694978432052,-77.118443497916601,-72.18825124632049,75.789945723078546,37.452547800295967,-68.586373681169178,1.0416748510594198,60.872669155420645,25.792291465601338,12.83707587952961,-84.200109896468391,7.7811895307096242,-8.2294911908185835,-34.292904717792879,-8.3084236930941735,81.88716976097605,-2.2458533401501501,29.90653965500308,83.065428159127649,-38.608835943722752,-43.111161006955427,37.602202843030817,-52.456028071832961,-26.410840588199413,65.924775721069096,-31.697449794375963,-74.430732673861371,-4.5885081089428548,-69.172138935593196,28.310262781987273,54.322728760396551,82.67544513300129,-81.261946498356082,36.713163683027183,-0.72066385599266525,29.313450160061823,51.843686667946947
62200,-69300,2.0519441150345532,125.68310345468467,8.3908080819759796,340.51064424917581,59.103762058292894,225.13989306140769,160.44828810433404,768.26957879401562,356.4723197574865,385.73223019585089,617.87109939363791,288.87255040265649,312.60742943522024,347.34904276212694,82.070260296935828,103.72842388162366,505.4042754709663,709.81142820696812,64.982811813085533,382.60845309707673,803.01456118027579,305.26607918479863,872.04399470629039,562.19552038923132,261.77611034547925,845.5620352742128,927.17873116345936,430.68479874146129,51.666350099109025,930.88412688071207,920.54072899703419,234.46016573504534,819.86854753071339,970.32569901744625,503.35339879272965,819.75008336076314,582.4137101394158,557.92316802786502,1000,399.04643289673868,551.15955954521041,500.75119965526881,691.52941506472416,636.39549939587141,366.41141939780516,595.40556321666497,274.52626088550352,97.29387804128379,107.12498590748905,902.61792039996976,572.69948392156505,32.556888036561617,194.21144843152274,193.68357275080396,664.59769430869551,629.51836334598181,644.89080894579763,213.42846867383895,825.55072750612078,876.47237115270843,270.16321882096463,379.49098932957349,2.0515623364472049,591.89899458031118,249.03021188471126,153.79569356920166,833.56918987833876,848.2146047974868,530.17759903838726,768.61498067938953,139.85929530788013,747.7459057014438,929.16272115988886,445.70733005181904,815.21062981189618,566.43443856769613,260.47766035066275,860.19259131301317,280.91876792805039,759.78100811317984,600.80997144569085,801.90272399013634,280.13283260610194,168.66163761827329,186.93427881746024,765.25269589613583,671.2627497568086,334.47019484029249,126.86995549977274,458.19878195974286,818.58656164568913,468.31353374367984,721.60387055114529,12.955046780158362,760.42120216553781,812.18597630992895,460.12889801931686,725.19763702147338,589.43109946401535,192.80515989778843,57.165792030438872,-30.929560326771988,-29.884976413764079,24.244438009047485,-34.938323519742816,49.254257075554229,-64.634745209091534,9.750496744568018,54.41484370573697,31.629095665685725,12.009750857161603,54.776030350201516,10.279665379935718,-43.864008722999991,21.662327809929071,-49.711162357646593,-4.4313956256812874,-5.5921014099701942,67.750421582645643,67.005656830571596,-73.890267204305275,57.509965377789683,-40.555494370271433,-84.265992345080562,-55.635293902358541,34.685759070429064,-66.505042028057588,-66.707542456990438,40.42382902364924,36.879802319995065,-17.210879625217764,-0.46653115448020555,59.496544079707689,74.998679857595434,69.597927201899907,5.2427734028719559,-18.676290057036088,-8.2037488163200685,80.605794874441386,84.584914066766743,-58.45586205738531,-65.450176455808148,49.922863605537209,5.1147225482261627,83.251629045971399,-50.226317393829667,-55.840595895999385,52.094353160242861,22.967854289835536,-78.649174223742989,17.00682934401452,-4.3448866519259983,58.40526885757513,40.036520714651097,20.195965168624827,1.0494650752878789,20.925043287673823,73.903373981068611,55.047909354671845,51.994853575472668,-71.434081041612004,-26.178753875675447,-82.395568080829051,-48.807264775460872,33.295230064192737,-72.528930020506735,-65.388594190135791,50.241219905737481,-14.16488126525984,-68.583910952735081,-63.128441439533638,65.401987457438125,24.449768554856259,56.247157099392361,-81.60883682429693,5.3580852239379544,-9.408582201546853,-34.164253890962733,-10.454638024726028,82.115090643867703,0.1349749675704881,31.707454092542495,46.64944005586905,2.3931097426804637,-44.571954737444472,41.171047399909654,-35.937963348467498,-27.39196336261729,72.156091818791012,-32.211088667125118,-74.673010539201002,-4.0873157342979534,-62.126561504883384,24.3933810319269,48.612826666267516,81.797177756057764,-80.946942179758267,37.000308763410729,-10.300157772485001,-32.566378774867381,-84.164892919668688
58800,-68900,2.0225042147362076,172.63631593845196,26.32599545019259,694.66616347353897,73.986938011126654,123.58909335053883,156.85693439839966,762.03369240324855,21.124269640016706,365.95173029967293,617.64864112947737,371.75928158701453,312.76786302624782,5.401814624960906,324.0183765448237,100.4120726132717,490.93533841109149,707.5706213085316,93.780449654302799,387.6450801689611,826.0662057189943,551.81581630155642,909.58422323111995,563.44251225456458,269.45524182568107,846.27304325472653,73.900322328303858,82.600906046009584,98.619205709934135,431.18773419056981,943.20918175858276,671.44875106674613,783.18002952817164,938.18399160170679,294.53259188389995,839.00956410215747,191.86933719681264,871.5834465990647,469.38418655141504,419.6086380365137,509.00402241399712,500.92022267885415,682.30840540518375,655.11777778718897,372.94124386893344,597.84059005459051,270.66938778639991,209.78805534906016,107.44348400343263,166.24400797070507,562.82015517659124,70.465699756424996,798.47988021797926,200.67165813368939,656.79288111166841,654.95456854010274,349.61321413027628,208.13022294448874,55.089624429676917,509.37398170075841,268.56083665631036,442.97973345139292,29.58973144386249,708.51067196071097,461.76137355481558,771.05612109333583,910.3767320249583,862.48700509296305,517.96504369074103,635.50548984840088,75.597552263926957,719.72118102567026,638.86341994254178,444.92277250352049,828.43087253393264,175.0330588923693,303.42442299388961,860.56532358529023,645.1319297913526,739.32665060550028,123.78457469236886,801.95140744376113,27.378301567825361,171.9447334277655,186.23170081996508,723.24560716759004,667.74414963080153,387.37222238938199,142.67892525776642,454.75849917787184,822.46501459087733,462.47040049089605,739.51705867286319,7.3327893395763315,759.51900250697236,801.96398922805827,468.06422869604978,711.46830169819646,588.12137709524256,193.73775917411282,61.305668294777604,-31.163486854752584,-30.431574811548522,-30.305182227136655,-35.158237724224755,49.687933838516265,-58.118169775702782,-78.309458571782301,51.17108245012853,-29.172644728740419,14.643110066768791,60.234975356961051,60.197611104737582,-43.81442012917865,26.797921876560522,-49.573890836877723,-0.65917179735065146,-10.823828383728982,67.635908473054684,-39.069544943227243,-75.036347459721057,25.522452823166585,14.277781105207687,-78.552167399788445,-55.096990091892522,28.865240526075212,-69.886705159918108,-23.46333794979104,43.927793384237553,-51.374988496386806,-17.073178755889959,0.22599455904167942,53.711295183776151,75.098884548902433,9.9134827472261229,-75.927815549222771,17.406726997043336,22.043566711763035,80.621633127875128,-43.773078466027272,-58.248701479849565,-78.496399054937342,46.364965364648661,5.1383113300944911,82.563228731004472,-24.04899643375418,-79.908390979283439,-10.60235252728223,27.238450126036927,-23.332996978023125,16.81172303430861,-10.42898293794428,60.580300247996583,35.267723375413738,-79.90451293325053,16.183069701084655,16.646694551808256,68.410399299082513,56.228018346772664,53.476718237983896,66.755941801670645,57.104086108604044,-37.786971273197949,-46.216556753129389,7.1983943484730961,-66.257159719116544,-66.824657125125356,-27.93056730867,39.605295742828432,-68.564368507516278,-64.523085162744181,67.505617654527981,27.485975627194197,57.677598668595216,-84.013701547037755,-15.843188417248586,-8.4792146495735476,-35.378503720780188,18.454741023382049,81.251510032281047,32.401325101123845,29.970530626375435,23.324563258790697,2.2073244271645294,44.687098308526259,40.897566206321386,-28.666526743887815,-27.450352116220831,67.398449003564053,-33.302434537442181,18.772417133620547,-4.4661252935252476,-62.157070710247616,26.310831464650203,48.890222089066356,74.701118292177256,-80.194747787538631,36.810938863443923,-45.991360215356032,28.493222879471212,44.927026618476326
31500,-65600,2.0212666401023753,676.93185580857516,7.0898484947802274,327.14083773032553,71.870946840468108,233.14006838623419,134.01097764956566,221.54247438233463,108.08695311554219,391.76299297366091,616.84911885964755,367.5199325025481,94.204618501174522,133.01251128242652,633.73658622530729,81.133241571647147,613.52383548295222,517.21615134616627,64.167727904254306,395.70381655667671,811.81598471858479,549.61604129160787,912.93877724898118,511.63699628890191,262.38246566929479,872.031541081201,643.95011989427849,471.60868448673193,792.32364365877038,743.28486365304082,963.23015780491016,245.19586135781611,274.36538728311626,940.61906404982415,591.37945526351893,828.43611538838684,545.20701736144838,874.84173911986704,425.74875596114549,411.10715868222746,549.1523787933387,551.19267744156696,694.20880917260604,658.40952875233188,342.66859233128503,598.27161693089886,272.44121914933015,202.39189995033695,312.90013043359619,170.40034963479724,551.21119101002932,47.62412831810542,827.97440421001181,189.29083764400164,665.12330110696507,906.3917023952846,708.06912442104135,229.35218090168058,832.77649324809045,894.11555613360622,279.55333840151508,685.61075703355596,995.03209540180069,187.18952058393481,380.54303214143454,851.16621983868947,912.53846496988729,942.87710085777712,485.34128055284799,766.13111507854819,139.43782801753349,748.40332949848687,925.79989111962402,455.97503230825407,785.71696549572971,194.45759336865581,272.25202686104387,797.6857654376447,291.94304949181992,638.7948340063291,615.44564937004441,801.55916075722814,11.988639443066319,179.36172403337298,186.47886977113498,742.25895286006164,670.32932746844779,375.24789763983017,84.410559393703807,456.95651984112959,826.3567396305707,446.58915509653184,721.38164608554689,0.94579004783067644,758.09828817098469,812.00033367400499,402.61168789359152,720.43634620260616,565.39095581070046,194.94160605382626,37.01929881586323,-31.31272572851298,-36.855406965422219,-36.26629675415483,-69.331732185782045,47.518797352412037,-65.692451513700391,-67.919627904211779,66.521536210870408,46.102406044357252,-59.505256336251968,54.852820045123686,64.049407821136171,-43.989362158768991,18.700150488382857,-48.541975163699945,-6.2393534234814441,-12.190319334274418,64.809761265134469,72.113614186416413,26.983743390392984,65.390821691154201,-44.577055020021099,23.972420694367617,-54.708379608495349,34.824213918092944,-74.525895277922444,-16.458405323953176,40.893527228308486,33.088836704737744,-16.885265314825713,-3.0729288459769424,58.935570754883699,76.54178950766952,54.083052660860886,-80.860965077402966,-15.892400514864173,20.435260931436748,82.760900089621401,-43.986738899649026,-61.54979453843309,-63.149687628070311,42.756599406499575,4.4909302177208978,-7.4623506732756439,-24.736359495770557,-7.5738268622127336,-6.7332804363446419,27.812198001123662,-16.349873795797127,14.59187450981857,3.85451691655184,60.70463140442498,39.231984796975965,16.247464065469511,-1.0543061108084779,21.096467386345392,81.833471577286133,58.100586662296102,52.300678823744782,-79.277476330990609,63.24491002356546,-18.366894566147955,-48.974563929487132,33.037678556460733,-77.952198012539114,-67.827726848012134,76.502015096559234,37.423403549650629,-68.613406594449685,0.69422766763731758,47.405249932217778,-59.621615217812504,12.639096350837555,-82.771119467381325,-19.248432127540806,-8.2379278973458447,-34.11054675306783,-10.646624901708215,83.526923622996335,-0.15167610285381627,29.57398202299272,81.798562121750876,-28.206341276910507,-44.288245780916952,37.641275269338244,-38.507217501644355,-27.197369180246451,65.483640244475339,-31.77063335689833,-74.419927279684458,-4.1389864554698859,-62.183340397517874,80.08440951331383,48.859290612721352,76.787701374258646,-80.51751228974274,36.053365852875089,-12.303912081728161,25.96283809307381,48.335197419534545
36500,-66100,2.0206577247083382,571.18379876824019,22.502296186958603,708.18561804807928,65.818826529259539,223.6392715654226,134.32005055063024,550.67801659937913,107.16317568586655,373.26456007592407,603.31749625462191,372.21542127108,81.488853213784552,46.254169561190032,699.60627565586253,109.38367505711362,535.75029624833314,707.8195066725815,65.642515547205363,294.06864302961975,846.46446281690214,308.21219270698776,911.04568524879335,562.9024567912885,267.4308837014616,844.99365935642095,149.89654609828705,461.43432812981069,956.53927062546813,811.65057788049694,981.0981168799309,222.79008518721932,25.932902984783539,52.356133355369423,291.71573614097377,849.82263810761742,453.74048115602761,879.54192941215422,427.96009036716714,426.22865610905478,532.23729328994091,895.89695054928575,684.44374548770793,659.39354792719143,367.57485956686469,598.24392940200187,286.06290618370161,205.04917878813632,95.986478894111443,174.40434298817507,589.70275135837198,29.198984657116743,235.24611357614742,189.13437137203758,630.56997024871214,609.01001338123785,344.86633583042487,198.00657636747343,25.526984547184668,571.63686636828834,274.13723691329824,362.10091271188082,54.550250630078438,100.37267197470385,478.79726138263169,788.51491042077987,922.10876786298456,913.83218343806004,543.93339831523099,630.12049371676051,138.26663303171006,739.18261979098895,615.1719261918081,458.64018323696934,814.88768386000856,205.48417290631087,268.46001381743264,799.90087293552494,316.21201010817401,759.83222626129077,606.19239508916485,801.6326354886894,23.414392565108585,759.28870866448131,184.88537004726217,843.26638556328021,676.39562962392654,374.71252864323685,822.77422872736702,480.42464160076719,824.28538150394854,485.72157170030016,726.75125042286413,15.339444419245789,788.56116477423257,665.71768701210499,104.00170964745567,724.03127876140718,587.49826969070079,226.83341221745187,60.542487311198144,-31.484388997138097,-25.664016491291331,-38.842163692676039,-34.142517612893556,50.796495432718359,-64.441360845830431,-79.054605314222698,53.754607086212495,48.001357472359487,-69.117019717778405,55.058077562340749,10.841262314997081,-43.759530850771881,22.225939483715383,-49.604284470177781,-4.960739417332853,-12.364387485655394,64.506639291774832,68.706627814938869,-59.662920123020797,31.162871779537479,-40.454787658593233,-81.981634223465534,-52.963199990902019,31.036768296466239,-79.423233883800194,-62.034482483101627,38.444254923608369,33.536105049021018,-15.466619710155317,-2.1719262366710317,51.610261138221439,75.001377879064194,55.940466934674575,2.1679716195157153,-18.110909082041466,21.174198209081371,81.125991636172969,-57.016679009189254,-58.15248668160411,-54.157244048886042,2.2425313415690482,10.305709327398766,-7.1820227146769184,-26.072445270747352,-54.474801697181434,-10.28129077816039,23.879884564398964,-16.811745623543292,17.140721243601167,-6.6895995664605641,60.388352235370654,35.271067300577798,19.959483215819851,-3.3428858990131793,20.729339353461839,-13.189547817095157,53.555185081559117,53.337485914515007,-77.967418242440871,-20.845018634808305,-14.190713696299355,-49.385867486937144,38.488835602438904,-70.349974912018439,-68.139376403289248,40.775768902179905,38.620385993682,-68.585165679829146,0.52793362453786563,46.613035573806009,19.204927933675393,65.890976209683672,-81.934500616413416,-21.429002784811892,-9.6905702343357802,-37.022674006975215,18.702795227527638,81.570037631868871,12.87948963045592,29.585900587318548,75.626794492368617,-35.193106366359203,36.880337922242148,37.365371078314908,-35.915505370968653,-46.222519236163194,65.960070542513961,-28.504960106933538,-71.127635147049972,-7.0166450826422277,-64.424859488116127,17.708009333371535,49.573192086056352,79.050383236234524,-73.181917294459154,30.678652182108451,-12.373363952537305,23.058741083852787,51.039400138688364
300,-27800,2.0178371473452836,999.98320408731877,221.54117430036439,684.70265867580667,72.52062388266323,223.37306103221744,133.38396546505675,797.12691908951524,329.54955930704426,465.10886403493589,604.91378962704005,380.63210907968318,249.16278752680265,46.041682378755482,691.30852981951705,103.91970434371197,528.08284528079184,708.04333601704798,71.365510049072427,388.88133473566484,494.68593692434212,516.18551664651977,871.72668357688735,555.45610466025391,270.82874848475348,845.36790836089085,903.3201926994991,134.61068645650801,854.48354957821846,808.01314750509243,954.59274186420498,89.029069055201347,44.43159377267817,911.30178712432996,396.73297313101301,811.85627715034923,479.62599598699728,604.10984087556881,422.37706299665768,426.02813966774471,497.28660468573116,506.76185787638252,672.79669754987333,635.8872832138436,368.29642227232335,598.2118314794244,272.63365545271904,209.74996563948324,107.37874898171353,174.29053349088278,196.81685491318592,82.364198905869983,264.89710444959542,188.97120853080187,654.53373245349587,634.07565389836793,351.59265646050801,218.11245523214674,58.925454977081387,539.75995130617389,273.81024188972725,147.88520409665688,920.85718962313445,55.584333055205974,487.36423734936534,55.81498009094333,524.72291844162964,904.05628710143196,516.98345792415546,772.71257708237954,138.23754263249927,748.58220614055847,630.72981487918321,535.85679574127118,813.7030848806063,157.99030494372514,274.66458109092554,855.78738818906072,291.23149109093293,760.52733831324338,90.668525393491265,801.67562982854952,297.13502059890209,774.87620727849946,185.72703442434729,673.1634061127221,678.89895456525608,331.92682708990566,843.89379403527232,479.0619735140055,836.63776887796746,449.17483032642883,720.24603632670471,46.583534734313119,789.63055424152446,664.75308060001191,460.97373735125439,719.24714084093137,586.67729006939817,235.85105964450372,34.690626631725195,-12.917424198688424,-23.810965086616935,-43.544713507865289,-70.914412002859237,42.04989408786421,-66.855912688826976,-9.110062566498673,55.529105550474164,32.84459835586231,-62.476072079961654,-52.030931891502121,59.153528468932514,-42.447348742234624,18.299868756009491,-50.142337008439107,-59.204985593751076,-5.6583424631982604,64.506534713115016,74.747651542323922,-62.346863433442486,25.730593949934971,8.5188001802045434,-82.559634805519494,-55.943701888483005,33.759238356734571,-82.844179884521097,-61.181156731442172,-21.504900324253516,44.277935461020618,-17.637704504936909,-2.8296208988416494,68.256791732055007,75.009584722916728,53.955375766068236,9.5759639382000827,-13.77483266696045,28.910445776655319,81.116943864873093,84.718965253592984,-58.930538806646553,-64.587952877811617,0.1544716736389562,10.385365143180458,83.327921659881298,-28.151710966873495,-56.020330411715435,64.034990965403665,23.840265868327812,-15.221013684639003,17.462071391777418,-6.3470801440601896,57.778254315884439,-6.0142346506113249,28.466801500130309,-3.457717973057151,16.07807046490619,78.316355687487629,65.620704278440371,52.03976185710011,44.181480608880825,55.38135486229973,49.918794217978672,-49.303117076568647,37.708622265759999,-74.801024822503265,-73.742066104894533,46.443035106190052,-4.3333713258540465,-68.579463239064509,0.72378615578823102,47.37906380353548,18.204709136166766,68.54614419216972,-81.936759444332694,5.2898482598558489,-8.7108916777477621,-52.029885512282512,16.213555172749757,81.481120392205796,-1.8461477641121897,32.232316352678311,22.578511775769726,3.1856910975962087,49.534187292536977,37.368301092645282,-35.215878969144612,-43.048113682452843,65.219189368169864,-28.579723119740756,-70.402127714015208,-7.0723247074822089,-61.398909876514985,84.858450067808278,53.180346540647065,80.170507246189487,-81.088862975443291,70.426513283571921,-7.2839365315517384,30.652133174104762,50.95010578466011
400,-30200,2.0171459667239402,1000,191.96900807051236,704.24316635992182,72.876550660287933,223.84164675974824,133.83312010971349,766.16641218106395,349.44200342674981,373.07284400410128,617.60057375626184,114.05472774849287,38.315392925898962,255.52763224972745,693.0885508922936,109.04405641888447,503.78690411322157,709.0845033354301,93.130662779733257,394.94312072184891,499.83161220953298,319.54374629355891,872.63614324677894,560.77821596480817,260.58556320196965,867.722152098641,901.85475464858177,452.8590106205088,1000,687.87149783590894,981.28410391524596,681.41399465983818,195.31985362027166,961.65615667478914,630.87664010859305,813.32531099302867,478.64916759231647,576.21821835457604,417.76170747558581,426.35397079815817,525.29192736980167,513.824993548473,659.05777586269005,662.91121813197356,803.77393922909653,598.1769705011925,258.85733588079586,209.14801089970567,112.9434607319543,158.77498068087584,207.520808924958,28.571634095469097,236.39932236240307,196.3228029988656,653.72053961531287,869.25849854647583,351.61002955403632,182.7804874220908,45.070943189666124,900.08957388053648,273.85921735190232,364.34292594858766,931.22573750087497,561.25621051451117,634.9680221926692,63.486189058487241,908.02196717537322,915.78037746221059,516.81193164803835,793.57554312348782,140.7826977731107,725.70832095674757,622.07068514411685,461.89268468747622,814.87647594792827,158.11787524963657,272.6414539141914,844.11230064684128,298.02450339675539,774.74559307243919,95.716943221567021,801.68795781648964,431.3499727529163,758.31041517782785,184.36370683816372,346.88307808010666,677.03633773370245,423.3962970087419,820.83123281574058,455.2512789592426,825.21531228215747,430.46136693313809,721.47846032563496,14.082023208719725,756.84867422454249,665.15373889807483,434.06867517178614,711.82712923481574,579.40942451958676,193.13645571061488,30.774700204736796,-13.996419945040198,-23.493183458101345,-37.425746117495706,-34.43885192111955,42.106809589371302,-3.7917281897607396,21.310058814731416,53.548720657688456,33.999325557760621,-61.880778532154572,54.822373777102705,13.481262231684987,-43.80604692898406,18.477851404631775,-49.69870047177433,-4.9761005581995921,-5.6041946249266941,67.755866180414941,66.086850707625601,-65.290274613003703,25.122950943431778,8.0647134013069213,-83.367032285008491,-25.542011511326088,29.402461186844647,-66.249621948667709,-65.534424134847896,-20.496587636478459,-49.596550652267275,-17.655381967278164,-2.5621908010952521,-13.96264854594509,76.598857097180129,54.780501689804524,-83.308929172455109,-16.836392017653438,28.809054557848604,81.123155058687885,82.468120869410825,-58.626772947779337,-75.000203555417045,-5.1731812407520597,5.1989786387965085,77.891095138052236,-25.900943976861967,-67.89514854863863,-8.8139881687413499,30.129956913952785,-14.409292029599662,17.502258247983459,25.755246405581836,61.164364847459986,-9.2145053528272918,10.809025423902293,-3.8471347327426955,16.786987295057468,83.176598305000397,-8.1946693470111018,51.174408834167686,-69.705960411659746,66.674855125467488,-38.946385808152442,-49.036860254152494,37.810794346172166,-74.768209918559194,-73.769501650917348,44.076389164141965,36.859165967941323,-68.624891465105406,0.7010227001274103,46.182182469493995,-38.852829363933978,64.871472459619923,-83.830153118021528,5.2727570453933144,-10.086954980280092,-36.974816318808919,-3.3834386068180278,81.720740872180514,15.272302162390497,31.63811170519071,26.75793096163877,-4.7041073960238844,-43.028821760805144,39.288228010438878,-35.176509800138454,-47.477739101942952,72.060049604964561,-26.553831840532332,-70.312534410845529,-3.1898738401355975,-65.700017027645529,37.052976197095134,49.58861283154279,82.714925458152294,-80.873241813532488,36.104131241121287,-7.2294255422417502,31.580889712343851,51.459279365248875
400,-30200,2.0219310005214495,999.99999955457656,191.99007920698915,685.72216721389645,72.736060858765569,219.59231376128886,109.8630389668146,787.96720065160753,347.08562356650464,373.07623051964509,617.58945632684208,124.18008848976169,154.19453815872066,103.48304403653388,698.75420786674022,109.71140227057155,585.50310192760048,699.30209707241136,90.163882170645365,395.11266899570194,501.39956704482267,325.73881083379047,872.76771875760016,561.17305229649173,262.28905936774851,867.31636153076988,897.75742156334172,452.86273422334813,812.11461058885868,684.49416997732146,988.67146564065115,682.94133588124453,718.13173986447327,960.94209058148351,334.65744188286237,813.13388496441814,473.87182093142349,606.26187159684685,417.70467539921754,426.01668000542776,536.11748088041873,474.18062972234884,673.77098555117357,663.0428455671572,784.87473960281545,594.15449335388053,277.54734629445841,208.61517590008702,112.97556655662287,158.92408732482065,187.54180361773729,29.304843094776192,223.26950107937228,196.62111539231677,653.23756955621604,661.51533696883052,351.61146945631168,182.66895887953916,87.063311034004826,894.87016621142902,306.19715479433501,361.98768566059164,931.06983514975843,58.005347421997413,451.85689370095679,83.556122978331672,908.14828351566257,915.79719332840307,516.81535739803337,634.87636784104268,151.04105929808068,739.48080889096934,631.08707669549449,543.98054135508892,816.77013459228999,158.39707884578925,272.59826143098496,844.79919138243349,298.0263409874911,772.93853419318816,99.132003603536646,801.50497402980909,431.31121139845754,779.04854535253548,184.25378452698394,769.50481939392432,676.81625040303879,381.64258659283394,783.9691861742001,458.33793475154761,824.09106725118556,447.67657169445459,740.68704524680766,18.109943646407451,756.498816708969,804.44250371434555,443.5372187986253,723.71088926553546,586.66241918102276,227.62154371675032,69.465640538077139,-13.965724120429197,-23.424171934789431,-35.902056299301869,-32.836060382612956,41.627910583624292,-73.554603257271509,23.268307448708249,53.534298546958318,33.759709002536688,-61.210136350382562,54.808583326230924,13.258967012885023,-43.937038498922497,18.197732218919569,-49.080153089353118,-5.6932315557145436,-5.3902484486115485,67.831942251811043,-35.672198408869356,-64.125412078472152,25.078412422651223,7.8845631046185005,-83.399774582650366,-25.68684906070223,29.391865970510697,-66.378977185952934,-62.11269009765585,-20.496692790570684,-42.670128706126121,-17.657889809425789,-2.9908132429072198,54.014576757938215,76.474698876439774,54.792408580182851,-83.89237744511577,-23.301573814454024,28.936888589553313,84.931118911175872,79.532657176827797,-58.606192311144639,-65.067824469452006,-4.9696072889301579,5.1948032124030901,77.86549511290896,-25.896235866366865,-8.7209769173310718,-8.8059016525715847,30.102545549121349,-13.676394737809765,16.907297299579405,25.636442789468241,60.403511788249951,-10.100475566584409,25.912016972687123,-3.860196497241235,16.786334613033144,83.522719814990026,-8.2540792298532182,52.057475706751077,-82.951240837691714,56.614889014806685,-39.713473995061278,-49.044356300802335,37.809915757073512,53.824695487110418,-68.023710152760572,40.541279534132322,38.373351244365118,-68.599072332789007,0.71438876158812725,46.220747928087391,26.147876385329337,65.121515071168972,-83.830978023721983,5.2694960623466764,-9.4555002224022928,-34.472944221497698,-3.2455648870830469,81.737771249936827,15.579359276473719,31.660115165915357,73.332792634454393,-4.7012744671960949,-44.997245909806523,39.226090507317203,-36.638552424247116,-47.298460904953799,72.069105691608954,-26.559480059501343,-70.108415807311971,-3.2033484771966387,-57.064779065259245,38.295331507642558,51.268473491503997,82.715451969094886,-80.872701925941229,36.121833320492257,-7.22826867193724,-30.484632378381121,54.165451019411755
6700,-62300,2.0175109346771345,1000,195.90036114395303,695.76176167381004,65.698825210687048,153.93720295033398,135.04411239862944,750.11182918839677,79.934184472273984,393.97968473757447,603.1609967952844,358.87189337312537,148.06429790320001,258.08739954696119,242.57671399662894,66.313517264273216,525.6675903935178,707.02718839644103,78.662674579337789,389.2670047711585,852.64903115307516,292.82632759951264,926.65541447406815,601.33403830818577,267.81921116759048,845.5594380453316,92.503058290084539,110.74461949063317,50.789434934772942,414.32947466622733,186.12163493838142,244.34818566777594,57.327493620007594,124.04793467401237,327.87423428888667,832.83733542021776,455.40140209930757,615.11701521725638,1000,450.40405620144207,447.36264991991789,901.28682978213283,687.0436876100523,636.80331878100878,371.69430375744969,593.81551993464848,283.15663393655393,165.09261432005101,111.39414146869535,170.37683073353213,194.67536152244213,35.720226135903182,761.23747406646896,193.61285076483159,656.79452682845545,624.38694595556046,337.02542008619457,230.24407997245197,43.907522657799859,912.87268332382951,270.47783116813616,778.92309750745233,966.77050180748347,100.43817710851894,415.25410617520868,10.206010393926249,838.59026634763791,923.97704069786676,540.32552220094271,812.44905670415721,138.45312786325346,749.17745158387891,955.27097330519928,492.2261710499925,826.48820276652975,544.61526846254458,62.311674676496494,800.32918486182677,279.03918643216139,637.55471181022369,72.55696349236328,801.50292159308606,301.31247459909451,280.63789952822441,189.07613417174366,731.31885698747965,680.56631317063022,375.36093660927827,820.70015512789075,482.88189237466247,826.21641652169694,443.82202820660808,725.79792448443413,1.5831556281307044,743.23264151154774,655.40131489613816,442.2238212902252,713.82454514057679,587.94960966560939,193.24570061705057,202.13760764386791,-30.934624498777712,-30.932970811457604,-44.877622116270551,-34.488571286839679,50.711360466567868,-64.813237060834979,17.611565649196841,57.373452891914781,28.567025690210166,-59.678385851693299,67.300915072039658,11.522143843407822,-43.055629391855028,18.376480696262281,-49.767005122060567,-55.041593129766554,-9.3521775404650942,67.803225605054635,62.909769671135379,41.890818883771189,21.246938082323641,15.392699008717372,-83.561467700904615,-54.430644705436833,34.577684895514274,-69.874068181655204,-22.74042150314726,49.142937445723355,-47.023022066981014,-15.274427130075585,-2.4675254928056498,64.763446527402976,74.91548153303431,52.24226573884431,-79.45714290979862,17.4468690824615,20.058404423599125,80.424879025631384,85,-58.707034726783426,-47.453462584571461,47.879426181170672,4.8775297141528258,85,-26.692515201866474,-71.622542062740948,-10.221378577518601,24.141807978637999,-82.728371524573333,19.828600839534499,-4.9834748654004386,57.481260263250654,35.141366401231274,27.310647099213032,-3.3578323214693304,16.260866692731398,-33.815093483892312,-10.927532900648979,53.069411118690887,-73.028146896440532,54.199499505367534,-16.565788594886243,-73.912865355821722,41.94621053742835,-53.790823174532143,-67.977280808896623,-25.824809243004143,33.146379602527517,-68.586181168130921,-4.5292959618342543,46.742129999057987,20.577304475385585,-20.715171870544474,-84.127685981387273,-15.434154877239761,-8.786831692407354,-35.785885761314368,-3.9849337315601563,74.144317222211328,14.228064769230778,28.981139639934071,83.100109544340611,-36.39562360449203,-43.20446037921613,39.374877717178748,-51.897121166002705,-25.106727510072425,72.126083117357183,-24.783663671820474,-74.539467838995009,-4.5971999306673608,-61.483381583760945,75.697530398067428,49.464711189544403,73.640316031982962,-81.101465797715164,36.044343056163875,-22.190697176434796,32.73396992127703,42.785289387104392
42200,-66900,2.0204935589475026,473.28004341791956,22.654485925554358,342.63761988204811,57.088090005449864,803.39358550017573,134.30742793445884,770.37792336581208,335.06997916409665,474.23334476276534,604.43751179656567,368.85756128034706,312.52733059897508,43.53389511841857,268.10142501851209,80.400758539566226,609.62817019927843,512.37793472701901,90.150801074495234,386.49223950856776,849.73160918429096,319.23640741444279,909.0750326709076,566.24303564325328,266.55653009413049,846.73993530612199,814.46285224613894,112.35184721806013,55.835925190226646,695.3324727775688,995.43080394319782,201.27291770109383,781.3318711955618,936.26791618194784,295.71006798502719,838.31754818215325,518.25477487238516,412.85056334794302,470.1457026354592,417.04467044496721,451.46464041204166,873.09909604818108,680.39509412375492,665.49678081808668,371.36297896448673,593.51545263406126,270.46916745152652,191.85384049573767,99.245582473458043,170.6673989608156,579.87094243697709,35.889144127665929,799.04163509114903,190.46473092263889,656.52177562498332,887.16378786043458,349.38205402157666,211.15473549663437,763.70540457675986,895.09803312284748,274.23950704405689,775.52157319667015,6.3246599152604972,9.1198561355439374,418.79610016589174,113.24568461515662,898.33530047523925,859.36118933366288,486.77561348425331,648.77508652713516,140.11856870587144,748.49724961523964,629.3563893875255,460.16906087354243,820.99994175285406,174.83523031188761,302.40094446946739,798.78689398539859,291.35692195702177,740.63697611536861,631.95815289956317,799.28726739738499,41.472306046479488,171.95870528723225,187.58886135622421,743.35131165915573,679.53596509979764,331.04400982299438,93.963055921989692,480.78930322977692,826.72694522052564,94.329930394754285,723.16070709348708,3.8286611256096843,790.77708158151131,810.3271361298921,435.59762433357486,724.44811446854555,548.19686332054641,193.75656283815951,193.2483425299344,-31.40446235163412,-37.584703902151205,-31.283722967680802,-35.190630439095131,59.749471140123234,4.2998178846992872,-78.163905001042281,47.53591192937558,26.501417697999983,-79.608222217845665,66.021709287896101,11.798441196372398,-44.068899446836269,19.345717617744846,-51.821397593156519,-17.988543040735625,-12.363792642097785,60.017959084640658,-39.726956186911664,-60.984995377984461,29.890018225374607,6.1210730519978052,-84.862564802148782,-55.401389630894457,25.481979530650097,-70.346000723568267,-64.429773676495671,-34.964162439838617,-50.180083082129919,-17.060550102877752,-1.9902069910654103,63.740852907593265,75.116317259409612,64.744316407140388,-82.28219424036817,-16.831771292580591,21.992297327070574,81.630348418607838,79.662428085097744,-58.325069288888059,48.509985247169013,45.876232564695428,5.0026369570623377,-29.030369136339125,-24.594985894940908,-75.922516792647542,-10.834229331494974,27.343844426287731,-80.354472475848212,17.133104983966582,3.4617446846136719,60.548173698113565,35.023891901961854,-82.913608744679976,-1.1174920706148872,16.827013463144475,75.018645718082965,-7.768421236528976,53.833339540845934,67.018111593243901,-13.217021490045706,-41.527167185326213,-53.45358754128516,6.4049289979662891,-66.165413950737801,-66.985969774237773,80.743665533703648,39.67016065481041,-68.488457709681043,-1.9590654516439729,62.504783993624287,-66.13959036433657,9.1205642759240089,-84.110801866140989,4.4967834991144873,-8.515915287595103,-35.886544883938278,-6.8262816740288734,81.809918318132645,1.006762508532244,30.262861469759709,81.434249742457254,-2.4170313048639223,-44.524781337107839,39.701878753435544,-39.267516075767517,-26.578269277411877,65.693620461297229,-31.27265417743785,-67.567785090151645,-6.9926689548185603,-61.091648441302972,26.282808004083513,48.895475092495531,74.761517352468715,-82.513865286971367,36.854352298648024,-48.881319889508887,-28.910452119191095,48.981912938966367
2700,-54300,2.0213943364982172,1000,191.07792211699814,702.96044598154083,72.721976601752658,216.46204594236653,104.20950946801898,766.47763652019682,77.995232806814144,372.94027748556846,604.84264890025008,138.93702840479523,275.64517696024143,288.32442539357658,333.14000098774181,81.739837869680002,526.32365971423212,713.75861377719548,72.425628606748148,389.03349142853153,858.54049052170865,320.33820221800431,872.27312319564567,569.5367043228083,267.67155164738608,843.19336858800864,109.0370452251624,455.34647781037575,782.24034012902518,402.00171817823065,63.667645782774571,271.64172676290337,116.40498807685343,83.412913391904112,342.08588052217124,832.79950998784523,553.77229862910576,620.70012141461666,405.65010826387527,399.57019264057095,534.69685588083757,526.4110182959148,308.43875224545889,665.00275824930907,385.5244522248139,598.17975409606004,286.76726141069003,165.69216218183897,109.24617933290992,175.16316118829127,573.87396424445399,49.505095113246441,171.2387772689288,193.13145297761724,657.47055081149904,632.55852056440244,348.95070941206194,213.17575167273239,195.44099558172724,536.9456963576763,270.2670118250723,787.26335946470579,123.11265356429152,215.63121003739241,464.40305338682691,723.97910297550311,836.11939360686154,916.76921543290916,517.87255890982237,628.46980851031606,137.76894889323458,747.9902850361093,943.46194521889117,459.6760583708745,813.48643279057364,540.39139566638141,187.80908143134545,856.10271682634914,278.69602905903281,638.17923245012366,567.01064720402474,798.7953808983076,346.50624799367415,253.64576846194677,188.94476758525562,702.04395614198165,677.05726729948333,429.63776785894458,808.33838301506034,456.86583391115033,826.27250799561,463.53115316258305,721.4760016577311,9.0909994958098519,721.25269600942079,659.43383812915704,431.87041803209763,710.88278485504907,579.84573725860707,243.03642746363144,67.399662085145692,-24.752007675120463,-30.296079623856766,-44.972774759861871,-33.768499633002065,50.795186191503618,-64.247020296085154,-73.463195534636242,57.725743771855647,-24.356335363653205,-62.087261964848039,62.530987161027006,14.339403785712001,-42.563883669285111,21.368654668102248,-48.628122756157943,-58.37753797838203,-12.367734737239982,67.904794574330992,-25.935453076988978,-65.383529755406613,23.316575381522178,-52.205697645834732,-84.672061380649296,-55.605138819431154,30.063734650155958,-70.721449847761491,-64.918560744700727,45.749355897521205,46.497853100542883,-17.977840071349398,-2.4803943702768145,-4.1608772816945674,76.535045225931754,49.511765920703446,-83.174326337681336,18.123986851548629,28.736258465724671,80.711743806127998,84.931979878690044,-62.094674002123561,68.477337676822344,4.5110809474647766,5.2529050232880747,-7.2753492276621898,-26.689121617253669,-17.704041760282852,-9.1022958778303025,23.518947912445547,-81.702149963527305,17.136837323680528,4.7535819696941264,61.614608970602504,35.188477224839268,22.969736336274128,15.275354379857674,16.765198370725724,-26.823023750955549,31.775701806062994,51.046062496952707,-69.386020700326583,55.444589277755952,-77.702903088917466,-44.511041811492994,38.568019742650243,58.019159949752606,-72.179538943073808,36.369230987819144,-6.1575545257171438,-68.613570191786991,-0.35011473545453686,64.966318149337837,22.695007584012153,68.118170228410548,-84.100145404740317,4.6995021912170341,-17.184326117257619,-36.079273941149147,-10.918594957648509,72.75676312405281,14.523147460480835,31.599232948285351,80.71911927369851,-31.974358865697948,-42.974684872800147,37.327134778966943,-37.085421862484694,-26.278220834758365,71.197789287713718,-26.828177407131449,-74.586829876282508,-4.1159828799761504,-65.21449489556214,77.061778544505898,49.681419006355767,84.489092123224964,-81.962329160995168,36.107499889824069,-22.460862590319021,25.444992172823348,-83.477609717785455
68000,-70000,2.0531370552245449,25.538749846455872,8.3745936813060844,364.00388493843815,70.27734642462049,154.51339441878082,136.33700588313104,772.46393006879612,114.66161834653292,385.66297824915392,603.83528498972294,369.00582595357707,286.54040847922658,137.78913955870007,226.93764209956657,328.33101085230442,505.49040758687391,718.23761809830478,58.759221316192566,382.34869384359439,803.02857717082998,496.21074732430316,871.54156962847662,545.61416528616098,261.7922163681032,844.42472854302275,927.67919815061828,467.28125006635406,902.23452829103849,933.58714228878932,965.44478775455025,234.91396822865707,761.02143642911369,940.47468002090432,502.27853064357765,819.74657945798617,546.06287715740177,554.58090337292845,1000,418.18959061069489,551.18094861131215,554.16475291876236,691.52165202662275,636.3950423586773,366.4125277739933,593.91050606128749,274.66211674355321,93.156643112781282,310.83319849968768,890.79153326537744,573.06579529207033,31.148449174574719,194.67019748228921,193.53993498507569,665.14775549713465,629.52082361915757,649.15100379169144,213.31076763170449,825.44468459615462,876.85989926998525,273.41965250508139,710.85477280507666,13.995073210434214,185.60440140429779,242.16649545427191,158.99843478493051,890.69754017961793,886.44625596693163,529.41648095248365,768.6367687276794,139.44772644681001,747.73463661476239,930.80398861490312,456.0858327339098,815.76187922511519,172.69511091857996,271.4876434479778,805.4806867082998,313.74311462723654,656.87488406118155,600.59683286408142,801.57227345378635,275.76800222368809,164.62684536623786,186.94201322554403,758.30025062263655,632.12538624528975,375.32406945090503,797.26929066801972,482.67683175914965,825.28272245520179,446.74301418732966,721.41101607300277,0.63469666670254465,759.60643059273491,812.19265271105087,400.14129777260621,724.69808966703522,588.10458152662341,203.37092764376442,37.230663991978282,-30.92950680969949,-29.119812956111076,22.929724147363331,-36.323156243303693,49.252929525201395,-65.635804462637765,-74.51737807974429,55.089929946261172,31.450962179753088,13.823483910197645,54.775429422403739,11.583168746297083,-43.993456757104724,18.295856784010709,-49.51157048578424,-4.3205380336034294,-6.4818237183963285,67.525647574263701,67.046372929538677,-73.569146137531931,62.490419929891146,-40.567356090740212,19.920586067888845,-55.628978299574648,34.687510289097887,-66.537757496498728,-25.124555328441133,39.106584234356852,32.346212670280721,-17.178971283043904,-2.9706517078955601,60.627225504111905,76.64905500971976,69.894693924868434,-1.0215324360951001,-18.690261179447802,19.889109402481679,80.37559771530772,-47.07873257595206,-61.588221106782058,-63.356443598668285,42.503968607661506,5.1252915732915865,-7.7189551041465165,-49.464539313206927,-55.808949606767271,-7.2475543036403849,22.890702687550824,-16.09438383442761,14.628278047419357,-2.3566442308886448,58.301547962245571,34.420535203309193,20.104886315254731,1.0760438090541387,21.302545627606499,73.714202793510239,29.942682142841711,52.306277141077523,-71.397891328446335,-22.172141049892634,-19.372853775645023,-48.915242004393605,32.777033535170141,-72.561131983910755,-65.439062665103179,75.680992272367689,36.678867536772231,-68.583947811213179,2.0757076135435959,65.349114376208234,25.82397307731862,56.195266395182159,-81.989592929779093,5.5601808169830989,-8.2736263412477129,-34.164697919597145,-6.9395511436368267,81.86849502535415,-0.0046127959052871814,29.570784809446405,82.826705869266021,3.3331976243302286,-44.563745025111743,41.131608102853605,-35.942495466371795,-26.10188842822657,66.279329969645062,-31.752435410009408,-74.674603481205665,-4.0865206684668589,-62.038563041055312,28.242083310914911,48.601297806253498,81.780131627242653,-81.093508012865485,36.99462502966022,-10.263154328473378,-32.11563668459182,45.535027092890928
68000,-70000,2.0531370552245449,25.538749846455872,8.3745936813060844,364.00388493843815,70.27734642462049,154.51339441878082,136.33700588313104,772.46393006879612,114.66161834653292,385.66297824915392,603.83528498972294,369.00582595357707,286.54040847922658,137.78913955870007,226.93764209956657,328.33101085230442,505.49040758687391,718.23761809830478,58.759221316192566,382.34869384359439,803.02857717082998,496.21074732430316,871.54156962847662,545.61416528616098,261.7922163681032,844.42472854302275,927.67919815061828,467.28125006635406,902.23452829103849,933.58714228878932,965.44478775455025,234.91396822865707,761.02143642911369,940.47468002090432,502.27853064357765,819.74657945798617,546.06287715740177,554.58090337292845,1000,418.18959061069489,551.18094861131215,554.16475291876236,691.52165202662275,636.3950423586773,366.4125277739933,593.91050606128749,274.66211674355321,93.156643112781282,310.83319849968768,890.79153326537744,573.06579529207033,31.148449174574719,194.67019748228921,193.53993498507569,665.14775549713465,629.52082361915757,649.15100379169144,213.31076763170449,825.44468459615462,876.85989926998525,273.41965250508139,710.85477280507666,13.995073210434214,185.60440140429779,242.16649545427191,158.99843478493051,890.69754017961793,886.44625596693163,529.41648095248365,768.6367687276794,139.44772644681001,747.73463661476239,930.80398861490312,456.0858327339098,815.76187922511519,172.69511091857996,271.4876434479778,805.4806867082998,313.74311462723654,656.87488406118155,600.59683286408142,801.57227345378635,275.76800222368809,164.62684536623786,186.94201322554403,758.30025062263655,632.12538624528975,375.32406945090503,797.26929066801972,482.67683175914965,825.28272245520179,446.74301418732966,721.41101607300277,0.63469666670254465,759.60643059273491,812.19265271105087,400.14129777260621,724.69808966703522,588.10458152662341,203.37092764376442,37.230663991978282,-30.92950680969949,-29.119812956111076,22.929724147363331,-36.323156243303693,49.252929525201395,-65.635804462637765,-74.51737807974429,55.089929946261172,31.450962179753088,13.823483910197645,54.775429422403739,11.583168746297083,-43.993456757104724,18.295856784010709,-49.51157048578424,-4.3205380336034294,-6.4818237183963285,67.525647574263701,67.046372929538677,-73.569146137531931,62.490419929891146,-40.567356090740212,19.920586067888845,-55.628978299574648,34.687510289097887,-66.537757496498728,-25.124555328441133,39.106584234356852,32.346212670280721,-17.178971283043904,-2.9706517078955601,60.627225504111905,76.945305458450633,69.894693924868434,-1.0215324360951001,-18.690261179447802,19.889109402481679,80.37559771530772,-47.07873257595206,-61.588221106782058,-63.356443598668285,42.503968607661506,5.1252915732915865,-7.7189551041465165,-49.464539313206927,-55.808949606767271,-7.2475543036403849,22.890702687550824,-16.09438383442761,14.628278047419357,-2.3566442308886448,58.301547962245571,34.420535203309193,20.104886315254731,1.0760438090541387,21.302545627606499,73.714202793510239,29.942682142841711,52.306277141077523,-71.397891328446335,-22.172141049892634,-19.372853775645023,-48.733675067167979,32.777033535170141,-72.561131983910755,-65.439062665103179,75.680992272367689,36.678867536772231,-68.583947811213179,2.0757076135435959,65.349114376208234,25.82397307731862,56.195266395182159,-81.989592929779093,5.5601808169830989,-8.2736263412477129,-34.164697919597145,-6.9395511436368267,81.86849502535415,10.108427047460168,29.570784809446405,82.826705869266021,3.3331976243302286,-44.563745025111743,41.131608102853605,-35.942495466371795,-26.10188842822657,66.279329969645062,-31.752435410009408,-74.674603481205665,-4.0865206684668589,-62.038563041055312,28.242083310914911,48.601297806253498,81.780131627242653,-81.093508012865485,36.99462502966022,-10.263154328473378,-32.11563668459182,45.535027092890928
18500,-64300,2.0582897897582515,908.97360053468094,6.1937569495484599,342.63216723223758,56.947334400085126,234.87622398431211,138.5055226747111,773.26664018826159,337.32528027996875,485.45572612488724,604.3278558384427,353.72893924282545,95.497659786158138,99.451765617247361,76.785750139440168,80.86978725401282,530.94546257709135,533.17760075602121,75.367554111227491,388.81480920746878,812.56766525222201,543.40232502217282,922.68815172054065,568.46210220210185,265.3500921479087,871.76860255603503,909.04844252879525,130.36765737098483,4.5308518872682271,772.79060198563104,973.19856735017788,179.54611033428483,764.22314955894501,918.95455441985735,341.7160581555849,848.54793756965262,602.20100822302265,467.2936590421902,958.90806403388478,423.92758763093144,460.00596725000986,824.8421582638415,684.09575367439334,657.73891277723499,375.40019294139483,598.28073750185206,258.39564527750991,192.02466521855501,101.74462506897568,161.34867392756257,551.57849679604044,36.856021517243391,828.98903624059722,189.0705292950401,656.54578299818638,633.15004686937289,365.19245370971908,210.9502151632949,767.97798008694645,433.60345954436315,270.39463813514379,766.71171661540393,889.00766066107929,30.14542797647556,300.02848726392978,816.92009063894693,898.49310549555241,942.7583157686189,490.16514294267381,646.76177085280654,140.11908166578147,748.27226287396695,619.65534779055452,459.29363507965019,812.3053298466873,182.86188185542329,273.6918325762901,819.66430509290478,291.9353458918963,774.81365349042505,82.452554570890115,796.89535088753644,281.80966349805027,171.76097598651077,155.87647521249536,743.4781572563503,678.39784004084026,328.25632103044057,721.26746761488039,480.78102472574483,821.72657794260385,485.45218400921198,721.8839465885934,3.4277468642338844,749.45094192318652,802.34361904941693,420.17461999087499,724.93328437199784,582.67911424452359,194.339118695407,190.41221154766288,-31.389650906282544,-37.7154528850497,-36.5328099345667,-33.863889182499612,50.706299384576269,-0.033264442385705362,-72.919672313715097,54.475523502741012,22.778462992886848,-61.322428841290893,49.312533845869076,12.043981886532707,-43.057693047509872,17.363244801127394,-49.326880245459627,4.0429910975881551,-10.528015699122173,60.099386053362906,-40.250082956629896,-5.0186940902384904,75.219969352804839,3.9828937267511968,-84.678052366833384,-23.960393548508797,25.363557173281858,-74.612083343057151,-64.446117856227119,-38.189153375180155,-49.376786919195332,-17.601069685866367,-2.7638708092838984,67.286693328005597,77.134384401079771,64.304589664047853,-18.889841090138106,-20.358449305319088,22.253816591512923,80.588522466643113,83.485885587790165,-55.506001399377531,74.452380606926582,-2.4534668383334441,4.4339175701671412,-16.598106005949933,-24.620155639970662,-75.371712980729583,-10.708070676814671,23.316951748403913,-79.241381499633022,16.966553352440815,3.4739476796102502,58.398390478615447,34.061651343342696,3.7765349631614029,-2.8496414768147895,16.224376834071613,81.124417119605539,-9.1236217925977936,52.373024589970719,-83.138717359774091,-19.908639223277532,-41.176489022746992,-53.214300893239098,6.912288782806149,-65.936598287822719,-71.926630286273905,80.600631355967195,39.094300239029259,-68.616004934912169,3.2799183816370059,65.190076139114581,27.719639453791423,9.2114122950664203,-84.116383623923184,5.0345346642767632,-9.4429052464277117,-54.121126940484608,-12.341134474494256,71.697010100007361,0.68360653058630272,30.785639569390298,48.946915611276893,-1.2789362147411012,-45.237557884369629,37.414271838589109,-38.678384090659293,-27.320642716167114,32.246805658316696,-26.898834163466542,-77.063301344786026,-4.5796671093309005,-61.978516799201451,29.823769020342581,48.892380579940436,74.770779568982249,-80.614302751037783,37.0146821897807,39.450857434742765,28.500918701238483,48.911157268688754
17200,-64200,2.0227039601429593,923.43488998144255,10.394882894734637,352.38847658661354,56.796752798118504,779.88147041362083,134.07515234251488,497.60006649650722,335.4606997908287,469.82128009782247,604.37811321858771,368.06654027538622,157.04063125812542,348.3603307631322,322.86951680600106,79.981401514917152,618.80639445114798,521.12540436285337,90.777114714441211,386.6939800727813,847.36825443897806,505.90333332740903,909.04910773482743,566.34996071702187,265.33744459955648,844.99939662296913,63.427936262421042,447.48781346751673,723.34517880124986,753.68797942277968,187.15897924848053,231.6118948642366,269.82375613094712,937.19731647069955,304.80548876851407,834.42301440764402,519.05446426914614,411.83394581120712,984.15505300677432,416.89990843587049,458.48004531088947,874.23455267559291,275.83747939182649,665.71554469894397,345.49171432033484,593.75761235919015,272.20850476046922,179.13077649402754,98.646712282686323,886.70410429784135,189.25411006966826,51.245773973498615,752.39130772006138,190.45827625581114,658.01128008458784,625.34248896990323,349.28531329477596,211.20763628277786,932.14724013092655,880.29409154333393,267.60384776383222,783.87403035239549,874.35156847097653,557.02187404534743,396.43245888228165,63.145728001820999,896.70531826115382,953.23663496164966,529.8136214090473,641.77913285443572,140.61825099887298,748.52176621040883,952.2331859923811,458.91173797767868,815.15914388577175,191.91129380889578,302.70872100449304,797.80707532352824,291.28341474268473,766.23497940924119,88.99430868168217,799.0691660182971,347.84901487940834,175.73288917622867,187.21218775836715,739.7928419400647,671.38427682006341,376.61505122293471,22.444887968142837,480.66306104509567,824.39651969569491,102.11025660617435,721.37953476293853,13.462283148620305,788.90964718680493,791.33783801676464,418.96287552523887,724.50186145720204,544.47225893745599,193.75907973818599,49.156420493962258,-31.322788826581185,-37.430936937059812,17.38159818197855,-34.272847775629963,59.506724064537408,5.1689522689577512,22.618880098972163,50.220271949681646,30.591872534070962,-62.978858119773825,49.799171519138973,13.207111912569372,-43.733521518998657,19.487415929805785,-50.05432358324321,-1.1481907242946336,-10.972078866024061,64.438422861624389,-26.57330050994884,-59.150735905098266,28.365565513376218,-42.173746842621725,-84.854078079828952,-55.28915203210402,25.475233942802181,-83.080585308072415,-64.256693740460804,28.602696008441693,-51.119760154783812,-17.517193328492116,0.016654122476595257,67.512518161461358,76.51048134128196,-25.653204178688362,-75.050623623627899,-17.71676712306439,28.623383067148765,80.814743398697246,73.427642723390022,-62.42468301964022,61.106096372259302,48.934217540498949,9.2759873265535564,78.309161065212095,-25.792267678272935,-16.293837562551886,-8.8989683625574045,28.08853232926641,-82.896436212941254,16.389252452691625,3.3040652641371291,58.298817095263082,34.922858899447682,-75.667925430879592,-1.1114242853988143,16.821474372903729,-31.227603826690448,-7.9256580065850724,53.822217438064492,67.554750986966923,67.971658878117793,-81.356203445433621,-53.104161437683459,32.927909664466313,-76.633194837940053,-70.435802628376393,48.023928597103193,-9.5001182321360318,-68.484261899750933,2.0920409627604064,63.310025958949097,-67.867215139490554,72.708008151818802,-82.810280503016713,5.40691590391934,-8.476329793150116,-35.440378236694507,19.023490064732023,81.780456062003935,-1.0073808890061229,31.741041077786619,79.561097363423926,-33.471494212920739,-43.71776527869293,37.428189486020862,-38.574131506842136,-27.08637967260178,66.066378792496579,-31.423522932078772,-68.255728616257102,-3.211055809191897,-61.054243065375637,29.79383767684476,49.859735332878074,73.701623454464539,-72.520705941210608,37.114428636048572,-15.915410788966284,-29.485952168179047,-74.913173323609101
37000,-66300,2.0230601976449112,564.44357909259509,22.607793311092426,711.45783819719645,56.904095174178501,218.71241800062776,134.32817490258338,775.37525011479738,105.55503903640297,371.82776248894669,604.33701951102375,372.1348121970542,95.973569253382166,34.570935069744763,698.59959234337998,109.44602452233008,529.50108450957703,713.2210908215468,65.867563396855246,387.77054937832924,847.7822657348953,539.29462633336891,922.04134137258018,568.55541024431989,265.32861585642468,871.32342888392657,150.81193925364184,465.36757992750535,703.42714212737133,809.4895147903818,131.26890793239949,232.07914446897354,257.94521221865409,916.23436721873486,293.79050805293957,834.30208081027922,465.33185210571986,877.85249209473977,958.66271569048922,426.25184609233651,460.77660648124487,821.84225443239689,686.23419563641448,659.44785013964281,375.95349131057316,598.20873694967906,272.68673624267348,205.60703376530387,102.01206094474158,149.49896011318833,589.79813545403999,29.188666926159392,844.4807080391372,189.13465074348059,631.12741044450979,624.85900325041644,344.89275419521806,210.9705625305439,39.795980492667468,567.09543006060903,270.01513642992427,374.88065288919091,96.598407040419602,568.40803099846426,475.60755572558969,818.92065886363139,895.97907191610182,914.01551654200375,529.36313909344199,641.54992483782758,138.29599081744573,739.03702566614049,613.75452878512147,459.33417856590677,814.87873983945906,205.41067087603952,274.63436269527534,797.42520908449842,291.57074658551971,759.85478541716623,81.475494788877597,796.88478918661508,32.885803903580552,782.36697639263684,155.18324497833544,845.41359901436124,671.17679909466824,374.71409132845224,824.49130297899751,480.66317760136712,821.73351418100447,484.05186509110081,721.92767756358239,15.327704741163668,788.56700202440891,664.10275811122835,445.28995028799142,724.05456085910919,579.26797303864112,194.85950594575536,60.460599560878919,-31.326889893681514,-37.386828818715884,-41.106058770717318,-34.140625887768451,50.609836558877049,7.565348989125102,-78.59154739835661,53.75858893922301,31.027329895391247,-68.814114184127135,49.274062329983522,10.858730906880036,-43.791340613457841,17.482043206330744,-50.048858864481218,-4.9578392197485588,-12.348901507278329,64.716979512314452,69.169404049623637,-58.666887739969766,74.298302258389072,-40.786523001418473,-84.680058902203356,-53.311122530426729,25.30037341564022,-83.063077253671466,-64.591278703103697,37.744963434624395,-49.330331812031609,-15.458629202680488,-2.8285544361344575,66.882794791865663,74.999448715435477,55.11637774584969,2.8478392053026091,-20.331157582731148,28.876164888829638,81.12653786530467,71.586560948505038,-58.012804285481465,-54.013763833755121,2.2644607160878998,9.2485513700014756,-7.2106994947424949,-25.825060755739322,-16.113082565228041,-8.9533718147405121,23.360226758013361,-83.515520900893847,16.400028199898607,-7.4701053836689315,58.450889437260194,35.251069704984523,5.0627399506992088,-2.8296738841110183,20.64835209051633,-13.529036308001398,52.55590132406472,52.370707511860374,-81.974512373876493,-32.822682654848272,-80.516531790013374,-53.140401269977374,33.2603270563922,-76.340174255186525,-70.640830686642062,47.72281261205864,-10.475091202629088,-68.615404607799377,3.3859501430548411,46.195156547068393,25.9680087848871,72.740389715579127,-82.806677586112357,4.6041354095428328,-9.4007647190256467,-36.658313880834285,17.545139509341691,81.794197584007733,12.34050044806915,29.568624531764218,76.895791063301346,-0.91703330393701066,-44.231749534798702,45.193976132182854,-38.594504479639824,-27.285161278874646,65.890132763327983,-26.889892433730566,-70.767255796577743,-3.0700820746261739,-64.253340398638215,18.11418672767822,49.855908007525507,73.653018999679517,-80.510887979970803,36.85960738104373,-12.482890526459379,23.116398182557568,-79.207231576462746
17100,-63900,2.0206305535849776,930.00138101728214,10.18550419045928,348.92119513938832,65.861233505366542,223.63950113492953,134.04479168442964,549.03008259451281,338.69598024292486,486.90791700484652,603.30789919614017,352.39163237689002,80.866743346325634,362.68668250646579,70.864454820909884,79.919000926968266,535.77665627924955,527.83635000236404,90.672835095388422,295.18880721166073,810.21021216411134,310.96120769900892,911.67638198058319,562.9144458143611,267.44008104236434,845.29747914621623,97.690749783694017,461.3386504496786,956.27939116319135,756.07284734282564,1000,223.23131332406655,20.699100311186285,55.935459477741631,339.89353302921666,849.93740173534707,588.77240030451469,468.51879074892167,427.98628560779531,423.8231754242218,531.54142425233135,898.49166781579333,277.85394303056648,657.79052238464021,367.594116635121,598.24200655610173,285.54084667583271,178.76113795129834,95.823891288032641,908.20113910280202,549.74324218848346,51.599427002181422,219.750853704554,189.09044258112047,657.47114797681695,609.10593495053718,349.57676849021385,197.98788917381833,921.1709962839418,442.76401978582095,274.45902935879872,754.55559246615599,830.21838728332375,104.83988721902875,306.49932946934291,53.529411573213736,922.85770497724536,942.47167867716234,544.24221560284604,630.3968992579255,140.59828638281959,748.44228314211944,939.729279963218,458.61574579077319,815.10442957169198,192.05936516641256,268.46254768331227,799.84766600400962,316.61588135586487,765.87501634962916,607.23915546711896,801.63403514068841,339.68660765944151,152.44145205494397,185.4842316659707,737.72540571146067,676.5704343911957,374.43423444178438,717.19688419971362,480.42433248284692,824.28112367916765,485.73697954794113,726.70061302032491,13.071216105275717,788.98340473203086,792.45451997457769,78.922383443610613,724.92501644861613,587.56127832700361,226.2867395797511,44.686661168933995,-31.47971173143468,-25.708934357414105,19.234324003133452,-33.86573141971904,50.794385895230903,-66.787200901418814,-74.096534529329105,54.389296478310122,47.562264742546319,-61.612553647278126,55.100598055738345,13.195066421022373,-43.041881510169553,22.142074233000415,-49.613973361397683,3.9216750053860778,-10.55198001413425,64.509872791816321,-27.899731700991218,-4.553610469822214,31.17420983810975,-44.246348704200514,-81.979047032937004,-23.459985357404179,31.216179603789659,-79.579133819281864,-61.697271101692692,-38.133655355193866,33.423647307589938,-17.52547056678274,-2.1532955812679968,52.013523124363033,77.13664576915275,-25.262883960165567,-18.656389052491527,-18.026797222673803,21.02731158052347,80.806259177149684,-56.689711646514112,-62.528672116300115,74.564308764887102,46.085748976328333,10.300929960921007,-33.489016984448156,-26.065429621212878,-32.120616407472951,-10.259240581688546,23.879065790289694,-16.284544413671803,17.122391401194918,4.2540100756202222,60.33548735745179,34.059915750418007,19.928856505592428,-3.3567106670363045,16.297155043782904,-26.027260042959693,-8.1019213342437304,53.338929366573183,-77.988389479464516,74.473497417574691,-14.766056063127728,-49.462572175138078,38.283003035215955,-70.419291198571983,-67.975266440695719,40.777806564708051,39.022932854152408,-68.586866766743384,0.46486464834851038,65.735356202067408,19.413201729932386,65.949835993913794,-81.939519065409513,-21.00087892312289,-9.7056777464499344,-54.061806983568133,-9.4810738404887758,71.989224141224284,-0.47807189509633385,31.748869998597502,45.540626417560446,-35.494170467705096,35.94305061734098,37.366084731923145,-35.902008742876689,-46.00807348980009,31.355163948650496,-28.472242519923611,-78.044463947505434,-7.2296366924886515,-62.138847378071951,29.388025921049231,49.573820697919821,79.113364678798376,-73.186810817121327,30.924233036522846,-14.066554641978883,27.829525996174119,54.821955918850662
1200,-45100,2.0169823917316334,1000,190.82138725301013,674.9988798464417,72.498192900882131,188.30355278393449,101.612946225792,742.75545378509025,45.348547138153378,363.83740110703195,604.85739729601812,380.60384287552904,156.69377111764629,0.42742605315049786,350.29354532218264,81.755250148549749,620.58667468751457,523.06981930220491,92.085137740043805,388.88383173848251,859.08652202449821,503.95193566238521,908.40830966515534,564.1197622519577,267.8741472772241,844.24062247371592,871.92066592320793,125.79162825244913,789.06655328995748,864.11023065764448,976.70597520234833,656.82376139248424,773.40666378822129,378.24064526787822,320.13173916166869,848.70721910069472,481.17581644198566,410.9645555962486,997.72779976083098,417.220088859572,674.60891685092429,559.21809600047982,695.01154599515553,636.44241228000874,361.26433225978656,598.14537022803006,259.75287936822252,213.26824890632128,113.20618332863329,176.02120817494122,560.39995893375169,50.597867776059324,216.72046638312315,190.3518974316369,628.0149830390551,879.15986605151352,347.35209017475756,211.37171297336513,39.53768185596914,875.70688298000334,269.32283408256393,489.7706508082556,894.97225261996562,52.088570884982687,466.17499279538174,43.122337394732881,816.50147098803996,509.12744322513367,490.91846085205134,645.45505627682769,138.35116119467949,748.50163379265769,954.56166688340181,458.86102882253107,814.03277962136849,182.89406157026386,301.53774468203136,818.92266691815075,296.30875830931728,758.02766437792229,80.136447991148415,799.19873447868724,287.17417064056929,811.26279781579615,187.25884972907252,743.83575115744861,678.31114805661696,330.89029227094841,773.03164303830408,479.10280526188524,826.33589202336691,102.9588698998009,721.38083162892212,10.997424613018953,409.11088185972142,807.1353281677566,439.62613452755915,711.65233373385752,586.46680015545076,193.27619078492506,188.23186769495288,-20.885850929953815,-30.188716380900107,-36.316729082751479,-34.270721937032043,41.834353967145546,9.6946499648675939,23.385389911871904,50.455274797144327,33.72624853024309,-61.645506904358776,62.55434010070033,12.094607685854349,-42.56463727319197,18.370783046000948,-49.316738954979336,-1.1743397214843405,-10.947062162224332,67.576458482250331,-35.841694625277626,-65.508217883141953,25.394958340484514,10.899862056344213,-84.734798678902251,-25.564711908204824,28.893449198048703,-70.316793658411356,-64.077604441918652,-23.230624469615517,42.581631758592408,-17.495212981145979,0.041489546818719747,-19.255925219291989,74.949391837607919,64.368968181914951,-63.353066942061979,-17.865047889439943,21.990372022574658,80.71106177864992,84.71744079545654,-55.565154167129769,-55.791469421748872,-1.0939617834896858,4.8876791321221384,78.451893021574463,-24.709736871333472,-68.75610126268792,-10.692667683026896,24.171322087712898,-79.098758704423233,17.133827860794835,26.917856946915279,58.33880237583859,35.886109051529203,23.597978213894049,15.144547039388073,16.828663395826027,21.38927300669037,-7.9367098018316478,53.77352560330722,65.024495127174532,-15.839424370713843,-77.878086119145536,-49.846117880227894,38.199298217207243,52.406955117332224,-71.886862009783826,-15.458995366053507,33.312699220848565,-68.484847108677883,4.4413245479819281,64.541092415163632,-72.349699479350932,4.542166951346772,-84.115022521386649,5.5695366807107112,-9.6903575571089728,-35.905868607043715,17.33401543652079,81.697385764308947,0.68985417413640726,30.800562828093856,81.819599370767619,-38.276807992599799,-43.814065456478296,37.411747071291842,-38.649965824431035,-46.299079361936677,72.121562829349401,-26.338638687534623,-66.499246725459457,-4.0779518571203948,-61.053489993423575,29.280292996993463,48.905625333646135,75.012392814021908,-81.031559690333722,37.031787290213579,38.791136786030847,-30.055812971302704,49.463875764954068
12800,-63700,2.0531344269473277,1000,7.9425177641645206,363.84682219714301,70.239473555679822,218.34256413804954,133.21012999846573,753.95061236007405,115.13249529623891,385.66967716496379,604.86807811666324,369.26947489691787,100.43258279973114,133.60729310876616,228.3322681664888,328.05763991390893,526.82725605357439,533.88072598938209,57.158740876554305,382.34258585439096,801.14781916062748,323.61739963288159,924.31700144106685,568.2221582660485,261.79004099629793,844.43308982180974,80.810815608746339,467.25448929970844,799.88641467738216,869.5653066797114,1000,671.08522187108815,261.20975095745257,921.85857324018684,501.99567607958119,809.87723157093819,544.92643533323997,551.41241649748315,1000,417.73039286528956,668.73301239177408,554.49513566251176,265.87824778344611,657.9812772699928,365.72372399914201,593.901892772368,259.54587002403343,89.517274391202037,119.96811773099783,892.91995151553306,573.05260002834359,52.165258828553107,188.52575571203363,193.79395583897107,665.12007488343579,631.03041820514534,655.86435594547743,210.41192647556045,824.78687275504717,876.64735279847548,270.18416845668787,767.41372610543397,8.7972067353355214,81.025521149063181,468.16720729668066,154.02226375435154,895.9759387717404,895.70452506465892,530.39958768981285,637.80948577970378,138.30742865842456,747.76388915920882,930.74554623559425,456.1746273599648,815.73185612326336,171.85675544701175,268.33864936708073,796.74456410090204,313.55554023041464,761.33180254151046,586.2390701818731,801.55149895462978,345.26740074369422,165.02030986318536,186.93492084189299,759.36825337351058,633.75523753401887,425.30623131942286,722.24463893957636,483.60878381443712,821.66401643926213,482.82912212580135,721.41868724578285,0.86835717599825823,769.18233836531294,805.28274673795602,400.40218168295524,723.00549795993868,587.34309801334064,243.70980865702987,82.105795227245252,-31.182401488601499,-29.115310064232929,22.655427687904709,-36.239136420207927,49.274195203219946,-65.537646695903561,-72.144907523342681,55.077183938178955,31.489444234630145,17.715624208901446,62.934033869233339,11.589818324922415,-43.035023458893427,18.421952371030226,-49.524300064438933,3.5683913190720782,-6.4397280199755986,67.902072552973834,68.908099636886334,-63.135041529692828,62.90138908588176,13.945933565940162,-84.456674036908339,-23.847836864606794,34.684107843468389,-70.509643650424039,-24.227102047718649,-22.723648334730697,32.754390576752044,-17.484782025131604,-2.7969205484897919,60.570623745891098,77.127510054423382,51.807115841721135,-17.862744691162654,-18.11731155020351,19.818733976488161,80.372307803266509,82.020510712252843,-61.574531922866925,-67.671900480015168,52.810282406460473,9.1674064681595482,-7.3050229624355492,-27.836388132708421,-54.606522772492497,-12.234667157244473,22.903094315049948,-16.713207490081899,14.614475754925568,-2.3526028902797069,58.404758987279109,34.440462670194457,4.9803275794761319,-2.4431605863590642,16.82478614255713,72.553494977346702,31.791955873060935,52.306366268604648,-69.691439381401281,-16.652071696545107,-78.219765125846919,-48.891827029232637,32.640062276887662,-74.5221242037764,-65.425254601694277,-15.673592417463503,36.763235645789791,-68.583709108476924,7.179504829816441,65.35957848619158,26.604977230980783,66.494339609087532,-82.836927032319792,5.5538061341966483,-9.6790328771507266,-33.697575020642844,-10.61523651551833,81.879017011946544,0.0061532354613369478,29.574848880028934,50.750849816198766,2.9737639576010091,-44.564530429619268,37.470552289758309,-28.854945072579635,-26.100576186124794,66.327211670620343,-31.81291754452846,-77.44984995653472,-4.0875883314613271,-65.262269762646341,27.671210953265348,49.467316460930654,81.84095073699487,-81.036274309097706,36.995152843297205,-6.0791644061137147,27.736822009135643,-65.766518218529825
3300,-56700,2.0175812259804062,1000,193.92022914051421,678.25218651067803,65.280030584523985,225.57560277181256,104.53125511686352,757.33920267687836,58.66663414041944,372.90670409924968,604.58266224214401,367.27920696115552,285.4167034726907,0.779379657913987,697.12614268576749,81.415013628102258,526.65440531501167,706.14161470018234,71.961163612235225,388.89604058634694,841.84719155389985,326.02282140046668,868.90547144614891,599.89075908873406,261.11844235258917,809.94001681617397,944.32232443044347,484.72775158277034,12.601084570233411,685.07309826739868,976.48362647170791,277.27086526360495,25.068701500332907,879.45117569617526,319.16198421239795,832.362072473073,556.36289211351448,596.99751161739823,415.02451991328616,447.68225074426124,539.07523920079961,804.2148360363966,669.42928327290906,663.90929801802884,769.38511455578544,597.02070953736143,259.84853875242771,166.61464801471814,39.899905930545557,171.68060056907234,545.6109915996708,49.484476955697247,948.92390200072873,196.74916660517073,655.61465126400799,868.18050443438995,348.12283811527868,212.26350638377309,208.61867842717083,560.65725080065852,302.75577802221983,785.98553767593216,966.04855770472295,55.693350988152673,661.89692078720032,806.60468005487144,950.55044194915388,828.16869677267152,517.74132915204268,623.63644458501165,293.98214961494182,748.66957471534261,940.11215270999014,546.48358072313079,826.59071172338133,539.89245366607076,327.70014814756115,855.60554971673912,300.46787752356698,774.25021574312075,72.406695452089139,799.06147579313665,277.50136455549227,812.69655075684909,186.98202993005103,721.75442347831904,677.0383446910987,429.4923664690541,810.99424914700512,480.60620940518021,826.27492578739088,454.2034524659615,722.13793700877761,41.464942739082559,420.16251372224065,660.62015346487101,440.83263555788125,724.12364470156137,579.71453347154954,192.52851755609908,81.194130457346574,-25.627521842390003,-30.968971488703463,36.045072161056041,-35.505796052230799,42.046510980889707,-66.979606290005847,15.491226074194067,57.730046796994351,20.372901703205265,-61.596145181822124,54.971487755181798,14.353966762377969,-42.356332540126594,18.498263307752506,-48.58134162260373,-12.038720823872243,-5.5999334118571866,67.786083476725935,65.559236148709161,-64.836798031871325,-43.069535184845407,6.7099317915180663,-82.81319517004782,-55.517871163588367,30.045324935957552,-69.576679248190729,-23.857104760569499,-30.59102918278683,40.301396238468186,-16.693974051534031,-2.3961824005930503,61.996736051264918,76.435938000572392,66.440587040456307,-77.118353013632543,16.617252474733,28.875236914641295,80.749237662749138,80.34462517177478,-58.559942713823759,-47.782231379742228,5.855948296023314,4.6267748284466128,77.630836260549671,-25.818420318215836,-71.707396261212182,-9.9830851168529122,24.039185880652461,-83.046052813379077,17.131061264971301,34.717270207057396,58.245967913556107,36.115425879018133,30.681589788951555,12.105915037009579,20.617837673803059,64.658383586635182,67.777506915128953,51.106770666529734,-69.535308075811457,47.041612856685035,-41.263394849864156,-44.17905175796912,37.990027925114504,-58.32103410585681,-74.073740308160708,-16.053794758739279,-2.6031391221644666,-68.502491907395083,-56.987875087347902,48.016066325383932,29.532808597417088,58.783009032000528,-84.119778541367879,4.9924004117931666,-16.057760316234699,-36.967531477202776,17.998641756627212,81.460622368098356,15.180950844153974,29.048682742933966,81.959921526431444,-36.706362291134937,-43.181292007427949,38.627856504061711,-37.516113352494862,-25.677476652687339,72.020540998640442,-34.419301448987035,-74.713071217081094,-4.1132490175817216,-56.209284617698586,76.24420307510006,49.59830895271967,84.630761734951733,-73.065100350370088,36.097987581867272,-22.053659816931543,-27.641833460369561,-83.03847133086083
62200,-69300,2.0519441150345532,125.68310345468467,8.3908080819759796,340.51064424917581,59.103762058292894,225.13989306140769,160.44828810433404,768.26957879401562,356.4723197574865,385.73223019585089,617.87109939363791,288.87255040265649,312.60742943522024,347.34904276212694,82.070260296935828,103.72842388162366,505.4042754709663,709.81142820696812,64.982811813085533,382.60845309707673,803.01456118027579,305.26607918479863,872.04399470629039,562.19552038923132,261.77611034547925,845.5620352742128,927.17873116345936,430.68479874146129,51.666350099109025,930.88412688071207,920.54072899703419,234.46016573504534,819.86854753071339,970.32569901744625,503.35339879272965,819.75008336076314,582.4137101394158,557.92316802786502,1000,399.04643289673868,551.15955954521041,500.75119965526881,691.52941506472416,636.39549939587141,366.41141939780516,595.40556321666497,274.52626088550352,97.29387804128379,91.793763975880637,902.61792039996976,572.69948392156505,32.556888036561617,194.21144843152274,193.68357275080396,664.59769430869551,629.51836334598181,644.89080894579763,213.42846867383895,825.55072750612078,876.47237115270843,270.16321882096463,379.49098932957349,2.0515623364472049,591.89899458031118,249.03021188471126,153.79569356920166,833.56918987833876,848.2146047974868,530.17759903838726,768.61498067938953,139.85929530788013,747.7459057014438,929.16272115988886,445.70733005181904,815.21062981189618,566.43443856769613,260.47766035066275,860.19259131301317,280.91876792805039,759.78100811317984,600.80997144569085,801.90272399013634,280.13283260610194,168.66163761827329,186.93427881746024,765.25269589613583,671.2627497568086,334.47019484029249,126.86995549977274,458.19878195974286,818.58656164568913,468.31353374367984,721.60387055114529,12.955046780158362,760.42120216553781,812.18597630992895,460.12889801931686,725.19763702147338,589.43109946401535,192.80515989778843,57.165792030438872,-30.929560326771988,-29.884976413764079,24.244438009047485,-34.938323519742816,49.254257075554229,-64.634745209091534,9.750496744568018,54.41484370573697,31.629095665685725,12.009750857161603,54.776030350201516,10.279665379935718,-43.864008722999991,21.662327809929071,-49.711162357646593,-4.4313956256812874,-5.5921014099701942,67.750421582645643,67.005656830571596,-73.890267204305275,57.509965377789683,-40.555494370271433,-84.265992345080562,-55.635293902358541,34.685759070429064,-66.505042028057588,-66.707542456990438,40.42382902364924,36.879802319995065,-17.210879625217764,-0.46653115448020555,59.496544079707689,74.998679857595434,73.719164830742628,5.2427734028719559,-18.676290057036088,-8.2037488163200685,80.605794874441386,84.655961084477227,-58.45586205738531,-65.450176455808148,49.922863605537209,5.1147225482261627,83.251629045971399,-50.226317393829667,-55.840595895999385,52.094353160242861,22.967854289835536,-78.649174223742989,17.00682934401452,-4.3448866519259983,57.531959215915293,40.036520714651097,20.195965168624827,1.0494650752878789,20.925043287673823,73.903373981068611,55.047909354671845,51.994853575472668,-71.434081041612004,-26.178753875675447,-82.395568080829051,-48.807264775460872,33.295230064192737,-72.528930020506735,-65.388594190135791,50.241219905737481,-14.16488126525984,-68.583910952735081,-63.128441439533638,65.401987457438125,24.449768554856259,56.247157099392361,-81.60883682429693,5.3580852239379544,-9.408582201546853,-34.164253890962733,-10.454638024726028,82.115090643867703,0.1349749675704881,31.707454092542495,46.64944005586905,2.3931097426804637,-44.571954737444472,41.171047399909654,-35.937963348467498,-27.39196336261729,72.156091818791012,-32.211088667125118,-74.673010539201002,-4.0873157342979534,-62.126561504883384,24.3933810319269,48.612826666267516,81.797177756057764,-80.946942179758267,37.000308763410729,-10.300157772485001,-32.566378774867381,-84.164892919668688
500,-32600,2.0217853322705839,998.42323394328025,193.41835539406091,684.96178131424608,56.95442386697782,219.82511272421851,108.91148425743141,752.63906438625088,111.05325868280147,370.15529555339947,722.55587439398869,148.15611402011217,86.31189295911588,288.28756343572581,696.7025234060294,109.70769611821264,584.27644082974041,709.51578369595836,90.177451956246983,391.93586399562406,828.98811501606269,318.62035047119491,909.29159471392347,602.29558217208148,267.13211554204594,842.77653848257944,603.13570935475025,442.98037123883341,812.4927696186918,823.36372635264001,1000,246.00029850816003,722.62725459013836,926.61083506230204,341.20856083717428,809.53457136626423,553.4806148308968,605.98952195492404,408.39793204039978,451.27909002256121,536.79857180281567,432.51533960634026,683.94735482224826,664.42476782314873,317.5998372506175,594.2296151715982,272.37319650722748,230.04110913030999,116.56330774597279,163.99435876450383,185.27137932829285,45.389177714487964,243.32756410174338,189.68281441109681,618.12148459265188,659.07639590851988,347.54465738919299,196.21929911505333,72.58280708742916,563.13015971253162,269.00208365302723,524.20415600107856,967.11614490942986,517.55315291825389,453.42031826695154,822.31926099285249,924.35529987484279,916.67818546418255,511.1081591081068,769.72598124049728,149.43310908913267,739.44992727545889,628.93118550585086,457.73247108818379,787.51655843759329,596.51198603964031,313.00288569935009,853.6731034182435,290.16758358743124,646.3786341912446,761.47432308656334,801.61525129554582,419.47773336077535,804.30460774426479,184.16408508370341,734.43996087712935,676.77943099981394,380.36959627337927,857.75083577390456,458.18792389043722,824.7863467341989,448.14077273975516,720.26899448898257,124.6738248236712,829.09329208621966,801.92167135202089,105.51489351683402,724.25929030964096,647.25336715876267,226.5723555516397,72.840742112545371,-14.970666681569575,-29.273233220755742,28.253973905341969,-71.33989698839558,41.646714296248774,-64.342751328024306,-68.573643570499556,53.281254710910744,18.6528459987384,-61.254755225954767,39.380250818787538,7.1547328953501097,-43.987161019509628,18.21532694222628,-51.743828788471404,-61.016303571898007,-5.3863773750426693,67.408400493312314,-36.936840594444519,-62.337067521069969,-37.744597882168108,-50.072384920582536,-83.400373876958724,-31.030393856902215,28.580115989764195,-75.387642406147279,-62.234489884461226,-22.12195735991126,39.536463066288391,-17.142993117197843,-2.9503048460937524,52.073782614947035,76.514977832731731,63.055670803005178,4.7866970915725346,-20.375367305484602,22.05207957943189,81.117507891312755,79.406177270172464,-59.912032312873812,-56.346798464310439,1.9904295172561295,4.9185139597430725,77.867945170095268,-24.177753831088797,-79.711797470539324,-13.022502312028115,25.37761403212119,-17.088798148989355,16.908658642486824,33.213586858516059,60.395197708277195,30.068139182440991,-80.834855553168921,-4.786215503849145,16.761696543052672,-12.287331427530585,-11.079606876402401,52.08163212221401,-78.037535403244064,57.452121994249111,-78.875969749598724,-44.842272508438583,35.490192373105309,-68.921085030046157,-67.943105666356757,-15.692244350885808,22.318643573007478,-68.495508759552905,7.3180849783897166,45.434458369691257,24.378075026751787,69.51280172069383,-84.106301870690274,4.6059224291081344,-9.7395169493194054,-35.465176536194967,18.942269604166601,81.820712143997,-0.48800257067849673,30.372288843915442,82.085874785665879,-0.825470421096,47.140083762430649,37.457416690126173,-36.460929163538054,-26.744959002989582,65.543937745091867,-25.420169041153684,-77.794324804906097,-7.06430980402064,-57.195176620158563,74.780834698407276,49.395855981375192,82.710246499349182,-73.28617207831924,36.565470855617889,-8.4989020948913918,-30.820034845667479,50.736178754482587
3500,-57500,2.0175817167998775,999.99999914261116,193.85048721838081,679.2628269495973,65.41075336770777,232.63785340569098,156.85481055042104,757.18555840038505,338.85735250126686,372.54198108580755,602.65991545065094,367.02033293789174,253.3243792685455,1.1334580920042754,697.08111814441543,102.91459984871577,527.19020691220385,700.04691932342428,92.014979217018521,388.89631286493909,795.41930011834393,303.88693792259426,869.81051777774553,598.44366920160485,269.47749399063611,808.80319687545364,936.03434033247663,460.34505155197422,12.301265364325218,681.72650112074041,969.62364028932086,274.15847135543572,5.8259967132757993,910.74908513937589,389.14835111101297,832.82421578829724,555.66453827960436,594.55890435414187,415.32250621071859,446.83943816963773,537.9857635858441,880.90573593042063,700.45399163119146,665.82697536256171,779.8341818987434,597.02332018574759,270.45793696737394,228.61242199992117,40.553011555827162,171.70141909357324,187.72623299355303,82.714435787886003,994.1641419092673,196.9812576498739,655.61114044523765,625.58874219483812,347.9842959429979,217.85464460506208,205.95606778574455,533.85782614891491,302.48975252467471,774.16315108436629,949.95069366340408,56.809012705927159,664.06139081131323,805.09621530693846,971.05615440095301,831.4185437148152,517.75457581117212,623.7235164709075,146.68392545181916,748.18244106875306,929.35130807035443,498.62235186741185,813.22672323103745,539.92069679702263,281.52237645780508,855.6543491202608,301.70800841916605,739.62280243422049,73.010870366335411,801.6958476573592,286.61141175265408,808.82713719460867,186.86138454153001,679.9794514995541,665.9520567307444,339.92929249319184,844.26429116587235,480.59830908903928,855.82492192405152,449.04214582838529,719.65716913722179,46.698554939118473,429.36878306197866,680.25237134293241,440.92573111171856,724.1595095578482,586.54665040306259,175.09092351056495,34.802002478919498,-26.098494616951065,-30.734269589901228,-41.368018435563719,-34.150649905754719,42.05573385255709,-66.855070444851307,-9.2158590700259548,55.45585811739037,31.968294430932758,-62.03068907602357,56.568362363057417,14.371240099183524,-42.352739456638595,18.517905582838953,-48.713602359577976,-70.384291675541704,-5.6948131593382136,67.866871916522484,74.587054706712948,-64.382966461939063,71.027047277218713,6.5012639715164315,-82.753855174436723,-55.5190757583376,33.696003227930689,-69.867604545975382,-19.393088678933005,-31.046071514159998,30.525614683228923,-17.080608158713606,-2.860476489131548,64.600946272988651,75.021057550233721,65.925282702917926,-77.12032028539133,-13.39826109916401,28.91040575216503,80.744172329017573,85,-58.206859242120188,-48.058172218291084,1.057516159239742,4.6431823753293378,-8.1215754251377668,-25.825069561396681,-71.838712046393169,-7.9053626045085785,24.041227920712863,-79.194057681576226,17.46795446020198,34.499398062468423,57.7830346046497,33.49212138501872,-73.597073840770079,11.8582989909543,20.627080277939239,78.913724247596832,67.825044910164351,51.155161725321591,-70.335976350119722,55.339747886394093,51.081214670437689,-44.180961173691742,38.027695946079582,-57.709933141583022,-73.760574806994498,48.013576868477401,-2.6603310279988892,-68.580371699760647,3.7800537550941868,48.004955360484033,29.479133776088233,68.286386383438156,-84.190581229247698,5.2814581882976226,-8.6401310563522173,-37.072331366536943,17.623047426726483,81.460978208169436,15.476150316100231,30.481648470041097,22.613865929246487,-36.552322776772606,63.729242490204044,37.342017929778521,-37.398286591823535,-25.675627895172099,72.223973152430489,-34.411230550185941,-70.374739589095498,-7.054481217234347,-61.518915323670825,76.428497290951469,49.439612272394939,80.095112055796349,-80.377891418231883,69.929445242608921,-21.736158887708427,-27.412729842481106,50.093461745134064
1500,-47300,2.0176184340158079,999.42170889445379,193.13092738458417,360.29111620947566,72.737083659953797,143.2355747067661,133.77223902415739,752.76344134339627,29.845185822484567,373.63917572098916,605.03065584808496,382.17814623649053,248.00700253634312,349.66880508580022,68.843969680044893,80.399465062238804,528.27784823579145,531.82356435062798,92.348240411133915,388.89123794964036,861.21826941993913,325.93877770117672,923.68811928688513,567.95633312554514,267.84147675879274,871.63316125857762,81.296788182459508,455.68053204451076,797.96161697892637,854.82473531273638,970.47803951821834,115.63687497288862,252.37385461015396,923.70187487491125,341.67693375788525,812.26321611178003,467.60824158133119,451.30072488621261,966.45195274527055,399.93968395556453,471.26089638968739,836.35482205053336,277.06138705328078,657.44222422314886,393.05267207330991,598.20814687548739,259.86663554244751,178.65723418927831,112.31349519865533,180.08879885689424,193.81170056267513,49.829533945863034,268.05805089998955,189.05408629060756,654.57873827710989,885.34153269354601,351.55032312400976,210.50141003701617,939.77252040772419,890.47385700502525,270.40883052382935,759.36533769586219,108.27008758509173,82.388373154078877,465.39166501738754,803.03758359396375,532.5364012594539,912.91158199986364,485.11871303476397,640.78481111168219,138.32859016412522,748.29620301742068,942.4598336276722,459.40801137704165,815.18280907809492,136.18064733950342,310.08509630386851,797.87660273795871,301.44796739609421,766.46767763805053,82.489607933868399,799.25694793141963,351.1692668600719,176.70347226359067,186.77949558624792,727.51174122838347,671.48197388623089,324.01092751054603,722.08491682876104,457.21093882072574,821.66959607612023,483.71295913214897,721.68317666831297,12.97847169066884,401.33613733136764,666.29657683490348,462.57845324529143,836.71588591200293,586.64932667835262,244.86048600237351,36.142330761999219,-21.639188919196727,-32.12143177369304,-38.372577205622584,-33.801315629536781,50.514954704700138,-72.933722611922661,-72.49838020862444,55.374784946220878,30.55229352460373,-61.312678199163066,63.603040946354739,13.20689018940187,-43.053821462000428,18.425926826913539,-50.146998681949803,3.7446751769921933,-9.2366316131865638,64.870771034670199,67.529563473772555,-63.291623419637453,25.165101223756761,12.061683989280198,-84.826595847025274,-58.391241411146581,33.241359512411577,-70.753266804030886,-24.225813756685611,-22.786380186871817,46.321040889544889,-17.489093961319284,-2.8093028131785927,64.64740767855119,75.022973563312661,51.037052065373203,-18.123917262652718,17.665749090341151,28.901361906473188,80.811304032941251,85,-62.252569036119453,-63.308159669249136,52.759907727395074,9.1903068164297608,-12.691081327944397,-28.579690267936144,-17.627671373669504,-12.276851326314802,23.857255277155769,-81.733386122405975,16.399361197031812,4.4478512418509029,61.632844030884876,33.965338106703022,4.7936067295645977,-2.501208809757776,16.698764883653354,21.123712766190074,-5.9962428920337176,52.3296147655265,-69.687233139426041,63.555789417195015,-79.145022948080793,-49.306830871139127,37.659297926121653,-74.129000326274948,-70.438938814125805,44.315794732873506,30.826500056055679,-68.621099447462797,7.1852283770064371,65.513032775659468,26.659930767017716,65.491914684255534,-82.822489497883339,5.2852744700148007,-9.6994752864907063,-53.28356172884444,-11.73100595269465,72.667977441908434,-0.93297480698699931,31.676118943185802,22.864474299504309,-1.2421511863903789,-44.840652589830725,37.429850454621842,-28.896952128903692,-26.916087734868977,72.651587451294745,-26.754011185970132,-77.626942968573488,-7.1333216655189045,-65.236838453152828,83.040802261816097,49.484612854508754,80.145772547585764,-80.401654116237808,39.547460634675417,-6.1273558372671539,30.160956385220928,50.471980749841144
